solid OpenSCAD_Model
  facet normal 1 -0 0
    outer loop
      vertex -77.35 9.25 3
      vertex -77.35 50.75 -22.54
      vertex -77.35 50.75 3
    endloop
  endfacet
  facet normal 1 0 0
    outer loop
      vertex -77.35 50.75 -22.54
      vertex -77.35 9.25 3
      vertex -77.35 9.25 -22.54
    endloop
  endfacet
  facet normal -1 0 0
    outer loop
      vertex -35.85 9.25 -22.54
      vertex -35.85 50.75 3
      vertex -35.85 50.75 -22.54
    endloop
  endfacet
  facet normal -1 -0 0
    outer loop
      vertex -35.85 50.75 3
      vertex -35.85 9.25 -22.54
      vertex -35.85 9.25 3
    endloop
  endfacet
  facet normal 0 -1 0
    outer loop
      vertex -77.35 50.75 -22.54
      vertex -35.85 50.75 3
      vertex -77.35 50.75 3
    endloop
  endfacet
  facet normal 0 -1 -0
    outer loop
      vertex -35.85 50.75 3
      vertex -77.35 50.75 -22.54
      vertex -35.85 50.75 -22.54
    endloop
  endfacet
  facet normal 0 1 -0
    outer loop
      vertex -35.85 9.25 -22.54
      vertex -77.35 9.25 3
      vertex -35.85 9.25 3
    endloop
  endfacet
  facet normal 0 1 0
    outer loop
      vertex -77.35 9.25 3
      vertex -35.85 9.25 -22.54
      vertex -77.35 9.25 -22.54
    endloop
  endfacet
  facet normal 1 -0 0
    outer loop
      vertex -20.85 9.25 3
      vertex -20.85 50.75 -22.54
      vertex -20.85 50.75 3
    endloop
  endfacet
  facet normal 1 0 0
    outer loop
      vertex -20.85 50.75 -22.54
      vertex -20.85 9.25 3
      vertex -20.85 9.25 -22.54
    endloop
  endfacet
  facet normal -1 0 0
    outer loop
      vertex 20.65 9.25 -22.54
      vertex 20.65 50.75 3
      vertex 20.65 50.75 -22.54
    endloop
  endfacet
  facet normal -1 -0 0
    outer loop
      vertex 20.65 50.75 3
      vertex 20.65 9.25 -22.54
      vertex 20.65 9.25 3
    endloop
  endfacet
  facet normal 0 1 -0
    outer loop
      vertex 20.65 9.25 -22.54
      vertex -20.85 9.25 3
      vertex 20.65 9.25 3
    endloop
  endfacet
  facet normal 0 1 0
    outer loop
      vertex -20.85 9.25 3
      vertex 20.65 9.25 -22.54
      vertex -20.85 9.25 -22.54
    endloop
  endfacet
  facet normal 0 -1 0
    outer loop
      vertex -20.85 50.75 -22.54
      vertex 20.65 50.75 3
      vertex -20.85 50.75 3
    endloop
  endfacet
  facet normal 0 -1 -0
    outer loop
      vertex 20.65 50.75 3
      vertex -20.85 50.75 -22.54
      vertex 20.65 50.75 -22.54
    endloop
  endfacet
  facet normal 1 -0 0
    outer loop
      vertex 35.65 9.25 3
      vertex 35.65 50.75 -22.54
      vertex 35.65 50.75 3
    endloop
  endfacet
  facet normal 1 0 0
    outer loop
      vertex 35.65 50.75 -22.54
      vertex 35.65 9.25 3
      vertex 35.65 9.25 -22.54
    endloop
  endfacet
  facet normal -1 0 0
    outer loop
      vertex 77.15 9.25 -22.54
      vertex 77.15 50.75 3
      vertex 77.15 50.75 -22.54
    endloop
  endfacet
  facet normal -1 -0 0
    outer loop
      vertex 77.15 50.75 3
      vertex 77.15 9.25 -22.54
      vertex 77.15 9.25 3
    endloop
  endfacet
  facet normal 0 -1 0
    outer loop
      vertex 35.65 50.75 -22.54
      vertex 77.15 50.75 3
      vertex 35.65 50.75 3
    endloop
  endfacet
  facet normal 0 -1 -0
    outer loop
      vertex 77.15 50.75 3
      vertex 35.65 50.75 -22.54
      vertex 77.15 50.75 -22.54
    endloop
  endfacet
  facet normal 0 1 -0
    outer loop
      vertex 77.15 9.25 -22.54
      vertex 35.65 9.25 3
      vertex 77.15 9.25 3
    endloop
  endfacet
  facet normal 0 1 0
    outer loop
      vertex 35.65 9.25 3
      vertex 77.15 9.25 -22.54
      vertex 35.65 9.25 -22.54
    endloop
  endfacet
  facet normal -0.99776 -0.0668996 0
    outer loop
      vertex 100.75 29.45 0
      vertex 100.736 29.6588 3
      vertex 100.736 29.6588 0
    endloop
  endfacet
  facet normal -0.99776 -0.0668996 0
    outer loop
      vertex 100.736 29.6588 3
      vertex 100.75 29.45 0
      vertex 100.75 29.45 3
    endloop
  endfacet
  facet normal 0.0654722 -0.997854 0
    outer loop
      vertex 98.9412 31.0363 0
      vertex 99.15 31.05 3
      vertex 98.9412 31.0363 3
    endloop
  endfacet
  facet normal 0.0654722 -0.997854 0
    outer loop
      vertex 99.15 31.05 3
      vertex 98.9412 31.0363 0
      vertex 99.15 31.05 0
    endloop
  endfacet
  facet normal -0.660196 -0.751093 0
    outer loop
      vertex 100.124 30.7194 0
      vertex 100.281 30.5814 3
      vertex 100.124 30.7194 3
    endloop
  endfacet
  facet normal -0.660196 -0.751093 -0
    outer loop
      vertex 100.281 30.5814 3
      vertex 100.124 30.7194 0
      vertex 100.281 30.5814 0
    endloop
  endfacet
  facet normal 0.751925 -0.659248 0
    outer loop
      vertex 97.8806 30.424 3
      vertex 98.0186 30.5814 0
      vertex 98.0186 30.5814 3
    endloop
  endfacet
  facet normal 0.751925 -0.659248 0
    outer loop
      vertex 98.0186 30.5814 0
      vertex 97.8806 30.424 3
      vertex 97.8806 30.424 0
    endloop
  endfacet
  facet normal 0.442429 -0.896803 0
    outer loop
      vertex 98.35 30.8356 0
      vertex 98.5377 30.9282 3
      vertex 98.35 30.8356 3
    endloop
  endfacet
  facet normal 0.442429 -0.896803 0
    outer loop
      vertex 98.5377 30.9282 3
      vertex 98.35 30.8356 0
      vertex 98.5377 30.9282 0
    endloop
  endfacet
  facet normal -0.897939 -0.440119 0
    outer loop
      vertex 100.628 30.0623 0
      vertex 100.536 30.25 3
      vertex 100.536 30.25 0
    endloop
  endfacet
  facet normal -0.897939 -0.440119 0
    outer loop
      vertex 100.536 30.25 3
      vertex 100.628 30.0623 0
      vertex 100.628 30.0623 3
    endloop
  endfacet
  facet normal -0.980636 -0.195841 0
    outer loop
      vertex 100.736 29.6588 0
      vertex 100.695 29.8641 3
      vertex 100.695 29.8641 0
    endloop
  endfacet
  facet normal -0.980636 -0.195841 0
    outer loop
      vertex 100.695 29.8641 3
      vertex 100.736 29.6588 0
      vertex 100.736 29.6588 3
    endloop
  endfacet
  facet normal -0.829843 -0.557998 0
    outer loop
      vertex 100.536 30.25 0
      vertex 100.419 30.424 3
      vertex 100.419 30.424 0
    endloop
  endfacet
  facet normal -0.829843 -0.557998 0
    outer loop
      vertex 100.419 30.424 3
      vertex 100.536 30.25 0
      vertex 100.536 30.25 3
    endloop
  endfacet
  facet normal -0.321526 -0.946901 0
    outer loop
      vertex 99.5641 30.9955 0
      vertex 99.7623 30.9282 3
      vertex 99.5641 30.9955 3
    endloop
  endfacet
  facet normal -0.321526 -0.946901 -0
    outer loop
      vertex 99.7623 30.9282 3
      vertex 99.5641 30.9955 0
      vertex 99.7623 30.9282 0
    endloop
  endfacet
  facet normal -0.194922 -0.980819 0
    outer loop
      vertex 99.3588 31.0363 0
      vertex 99.5641 30.9955 3
      vertex 99.3588 31.0363 3
    endloop
  endfacet
  facet normal -0.194922 -0.980819 -0
    outer loop
      vertex 99.5641 30.9955 3
      vertex 99.3588 31.0363 0
      vertex 99.5641 30.9955 0
    endloop
  endfacet
  facet normal -0.555362 -0.831609 0
    outer loop
      vertex 99.95 30.8356 0
      vertex 100.124 30.7194 3
      vertex 99.95 30.8356 3
    endloop
  endfacet
  facet normal -0.555362 -0.831609 -0
    outer loop
      vertex 100.124 30.7194 3
      vertex 99.95 30.8356 0
      vertex 100.124 30.7194 0
    endloop
  endfacet
  facet normal 0.946901 -0.321526 0
    outer loop
      vertex 97.6045 29.8641 3
      vertex 97.6718 30.0623 0
      vertex 97.6718 30.0623 3
    endloop
  endfacet
  facet normal 0.946901 -0.321526 0
    outer loop
      vertex 97.6718 30.0623 0
      vertex 97.6045 29.8641 3
      vertex 97.6045 29.8641 0
    endloop
  endfacet
  facet normal 0.831609 -0.555362 0
    outer loop
      vertex 97.7644 30.25 3
      vertex 97.8806 30.424 0
      vertex 97.8806 30.424 3
    endloop
  endfacet
  facet normal 0.831609 -0.555362 0
    outer loop
      vertex 97.8806 30.424 0
      vertex 97.7644 30.25 3
      vertex 97.7644 30.25 0
    endloop
  endfacet
  facet normal 0.980819 -0.194922 0
    outer loop
      vertex 97.5637 29.6588 3
      vertex 97.6045 29.8641 0
      vertex 97.6045 29.8641 3
    endloop
  endfacet
  facet normal 0.980819 -0.194922 0
    outer loop
      vertex 97.6045 29.8641 0
      vertex 97.5637 29.6588 3
      vertex 97.5637 29.6588 0
    endloop
  endfacet
  facet normal 0.555362 -0.831609 0
    outer loop
      vertex 98.176 30.7194 0
      vertex 98.35 30.8356 3
      vertex 98.176 30.7194 3
    endloop
  endfacet
  facet normal 0.555362 -0.831609 0
    outer loop
      vertex 98.35 30.8356 3
      vertex 98.176 30.7194 0
      vertex 98.35 30.8356 0
    endloop
  endfacet
  facet normal 0.321526 -0.946901 0
    outer loop
      vertex 98.5377 30.9282 0
      vertex 98.7359 30.9955 3
      vertex 98.5377 30.9282 3
    endloop
  endfacet
  facet normal 0.321526 -0.946901 0
    outer loop
      vertex 98.7359 30.9955 3
      vertex 98.5377 30.9282 0
      vertex 98.7359 30.9955 0
    endloop
  endfacet
  facet normal 0.555362 0.831609 -0
    outer loop
      vertex 98.35 28.0644 0
      vertex 98.176 28.1806 3
      vertex 98.35 28.0644 3
    endloop
  endfacet
  facet normal 0.555362 0.831609 0
    outer loop
      vertex 98.176 28.1806 3
      vertex 98.35 28.0644 0
      vertex 98.176 28.1806 0
    endloop
  endfacet
  facet normal 0.194922 0.980819 -0
    outer loop
      vertex 98.9412 27.8637 0
      vertex 98.7359 27.9045 3
      vertex 98.9412 27.8637 3
    endloop
  endfacet
  facet normal 0.194922 0.980819 0
    outer loop
      vertex 98.7359 27.9045 3
      vertex 98.9412 27.8637 0
      vertex 98.7359 27.9045 0
    endloop
  endfacet
  facet normal -0.947336 -0.32024 0
    outer loop
      vertex 100.695 29.8641 0
      vertex 100.628 30.0623 3
      vertex 100.628 30.0623 0
    endloop
  endfacet
  facet normal -0.947336 -0.32024 0
    outer loop
      vertex 100.628 30.0623 3
      vertex 100.695 29.8641 0
      vertex 100.695 29.8641 3
    endloop
  endfacet
  facet normal -0.751925 -0.659248 0
    outer loop
      vertex 100.419 30.424 0
      vertex 100.281 30.5814 3
      vertex 100.281 30.5814 0
    endloop
  endfacet
  facet normal -0.751925 -0.659248 0
    outer loop
      vertex 100.281 30.5814 3
      vertex 100.419 30.424 0
      vertex 100.419 30.424 3
    endloop
  endfacet
  facet normal -0.0654722 -0.997854 0
    outer loop
      vertex 99.15 31.05 0
      vertex 99.3588 31.0363 3
      vertex 99.15 31.05 3
    endloop
  endfacet
  facet normal -0.0654722 -0.997854 -0
    outer loop
      vertex 99.3588 31.0363 3
      vertex 99.15 31.05 0
      vertex 99.3588 31.0363 0
    endloop
  endfacet
  facet normal -0.442429 -0.896803 0
    outer loop
      vertex 99.7623 30.9282 0
      vertex 99.95 30.8356 3
      vertex 99.7623 30.9282 3
    endloop
  endfacet
  facet normal -0.442429 -0.896803 -0
    outer loop
      vertex 99.95 30.8356 3
      vertex 99.7623 30.9282 0
      vertex 99.95 30.8356 0
    endloop
  endfacet
  facet normal 0.896803 -0.442429 0
    outer loop
      vertex 97.6718 30.0623 3
      vertex 97.7644 30.25 0
      vertex 97.7644 30.25 3
    endloop
  endfacet
  facet normal 0.896803 -0.442429 0
    outer loop
      vertex 97.7644 30.25 0
      vertex 97.6718 30.0623 3
      vertex 97.6718 30.0623 0
    endloop
  endfacet
  facet normal 0.997854 -0.0654722 0
    outer loop
      vertex 97.55 29.45 3
      vertex 97.5637 29.6588 0
      vertex 97.5637 29.6588 3
    endloop
  endfacet
  facet normal 0.997854 -0.0654722 0
    outer loop
      vertex 97.5637 29.6588 0
      vertex 97.55 29.45 3
      vertex 97.55 29.45 0
    endloop
  endfacet
  facet normal 0.659248 -0.751925 0
    outer loop
      vertex 98.0186 30.5814 0
      vertex 98.176 30.7194 3
      vertex 98.0186 30.5814 3
    endloop
  endfacet
  facet normal 0.659248 -0.751925 0
    outer loop
      vertex 98.176 30.7194 3
      vertex 98.0186 30.5814 0
      vertex 98.176 30.7194 0
    endloop
  endfacet
  facet normal 0.194922 -0.980819 0
    outer loop
      vertex 98.7359 30.9955 0
      vertex 98.9412 31.0363 3
      vertex 98.7359 30.9955 3
    endloop
  endfacet
  facet normal 0.194922 -0.980819 0
    outer loop
      vertex 98.9412 31.0363 3
      vertex 98.7359 30.9955 0
      vertex 98.9412 31.0363 0
    endloop
  endfacet
  facet normal -0.194922 0.980819 0
    outer loop
      vertex 99.5641 27.9045 0
      vertex 99.3588 27.8637 3
      vertex 99.5641 27.9045 3
    endloop
  endfacet
  facet normal -0.194922 0.980819 0
    outer loop
      vertex 99.3588 27.8637 3
      vertex 99.5641 27.9045 0
      vertex 99.3588 27.8637 0
    endloop
  endfacet
  facet normal -0.442429 0.896803 0
    outer loop
      vertex 99.95 28.0644 0
      vertex 99.7623 27.9718 3
      vertex 99.95 28.0644 3
    endloop
  endfacet
  facet normal -0.442429 0.896803 0
    outer loop
      vertex 99.7623 27.9718 3
      vertex 99.95 28.0644 0
      vertex 99.7623 27.9718 0
    endloop
  endfacet
  facet normal -0.751925 0.659248 0
    outer loop
      vertex 100.281 28.3186 0
      vertex 100.419 28.476 3
      vertex 100.419 28.476 0
    endloop
  endfacet
  facet normal -0.751925 0.659248 0
    outer loop
      vertex 100.419 28.476 3
      vertex 100.281 28.3186 0
      vertex 100.281 28.3186 3
    endloop
  endfacet
  facet normal -0.555362 0.831609 0
    outer loop
      vertex 100.124 28.1806 0
      vertex 99.95 28.0644 3
      vertex 100.124 28.1806 3
    endloop
  endfacet
  facet normal -0.555362 0.831609 0
    outer loop
      vertex 99.95 28.0644 3
      vertex 100.124 28.1806 0
      vertex 99.95 28.0644 0
    endloop
  endfacet
  facet normal -0.947336 0.32024 0
    outer loop
      vertex 100.628 28.8377 0
      vertex 100.695 29.0359 3
      vertex 100.695 29.0359 0
    endloop
  endfacet
  facet normal -0.947336 0.32024 0
    outer loop
      vertex 100.695 29.0359 3
      vertex 100.628 28.8377 0
      vertex 100.628 28.8377 3
    endloop
  endfacet
  facet normal -0.829843 0.557998 0
    outer loop
      vertex 100.419 28.476 0
      vertex 100.536 28.65 3
      vertex 100.536 28.65 0
    endloop
  endfacet
  facet normal -0.829843 0.557998 0
    outer loop
      vertex 100.536 28.65 3
      vertex 100.419 28.476 0
      vertex 100.419 28.476 3
    endloop
  endfacet
  facet normal 0.442429 0.896803 -0
    outer loop
      vertex 98.5377 27.9718 0
      vertex 98.35 28.0644 3
      vertex 98.5377 27.9718 3
    endloop
  endfacet
  facet normal 0.442429 0.896803 0
    outer loop
      vertex 98.35 28.0644 3
      vertex 98.5377 27.9718 0
      vertex 98.35 28.0644 0
    endloop
  endfacet
  facet normal 0.0654722 0.997854 -0
    outer loop
      vertex 99.15 27.85 0
      vertex 98.9412 27.8637 3
      vertex 99.15 27.85 3
    endloop
  endfacet
  facet normal 0.0654722 0.997854 0
    outer loop
      vertex 98.9412 27.8637 3
      vertex 99.15 27.85 0
      vertex 98.9412 27.8637 0
    endloop
  endfacet
  facet normal 0.831609 0.555362 0
    outer loop
      vertex 97.8806 28.476 3
      vertex 97.7644 28.65 0
      vertex 97.7644 28.65 3
    endloop
  endfacet
  facet normal 0.831609 0.555362 0
    outer loop
      vertex 97.7644 28.65 0
      vertex 97.8806 28.476 3
      vertex 97.8806 28.476 0
    endloop
  endfacet
  facet normal 0.659248 0.751925 -0
    outer loop
      vertex 98.176 28.1806 0
      vertex 98.0186 28.3186 3
      vertex 98.176 28.1806 3
    endloop
  endfacet
  facet normal 0.659248 0.751925 0
    outer loop
      vertex 98.0186 28.3186 3
      vertex 98.176 28.1806 0
      vertex 98.0186 28.3186 0
    endloop
  endfacet
  facet normal 0.896803 0.442429 0
    outer loop
      vertex 97.7644 28.65 3
      vertex 97.6718 28.8377 0
      vertex 97.6718 28.8377 3
    endloop
  endfacet
  facet normal 0.896803 0.442429 0
    outer loop
      vertex 97.6718 28.8377 0
      vertex 97.7644 28.65 3
      vertex 97.7644 28.65 0
    endloop
  endfacet
  facet normal 0.980819 0.194922 0
    outer loop
      vertex 97.6045 29.0359 3
      vertex 97.5637 29.2412 0
      vertex 97.5637 29.2412 3
    endloop
  endfacet
  facet normal 0.980819 0.194922 0
    outer loop
      vertex 97.5637 29.2412 0
      vertex 97.6045 29.0359 3
      vertex 97.6045 29.0359 0
    endloop
  endfacet
  facet normal 0.997854 0.0654722 0
    outer loop
      vertex 97.5637 29.2412 3
      vertex 97.55 29.45 0
      vertex 97.55 29.45 3
    endloop
  endfacet
  facet normal 0.997854 0.0654722 0
    outer loop
      vertex 97.55 29.45 0
      vertex 97.5637 29.2412 3
      vertex 97.5637 29.2412 0
    endloop
  endfacet
  facet normal -0.321526 0.946901 0
    outer loop
      vertex 99.7623 27.9718 0
      vertex 99.5641 27.9045 3
      vertex 99.7623 27.9718 3
    endloop
  endfacet
  facet normal -0.321526 0.946901 0
    outer loop
      vertex 99.5641 27.9045 3
      vertex 99.7623 27.9718 0
      vertex 99.5641 27.9045 0
    endloop
  endfacet
  facet normal -0.660196 0.751093 0
    outer loop
      vertex 100.281 28.3186 0
      vertex 100.124 28.1806 3
      vertex 100.281 28.3186 3
    endloop
  endfacet
  facet normal -0.660196 0.751093 0
    outer loop
      vertex 100.124 28.1806 3
      vertex 100.281 28.3186 0
      vertex 100.124 28.1806 0
    endloop
  endfacet
  facet normal -0.980636 0.195841 0
    outer loop
      vertex 100.695 29.0359 0
      vertex 100.736 29.2412 3
      vertex 100.736 29.2412 0
    endloop
  endfacet
  facet normal -0.980636 0.195841 0
    outer loop
      vertex 100.736 29.2412 3
      vertex 100.695 29.0359 0
      vertex 100.695 29.0359 3
    endloop
  endfacet
  facet normal -0.897939 0.440119 0
    outer loop
      vertex 100.536 28.65 0
      vertex 100.628 28.8377 3
      vertex 100.628 28.8377 0
    endloop
  endfacet
  facet normal -0.897939 0.440119 0
    outer loop
      vertex 100.628 28.8377 3
      vertex 100.536 28.65 0
      vertex 100.536 28.65 3
    endloop
  endfacet
  facet normal 0.321526 0.946901 -0
    outer loop
      vertex 98.7359 27.9045 0
      vertex 98.5377 27.9718 3
      vertex 98.7359 27.9045 3
    endloop
  endfacet
  facet normal 0.321526 0.946901 0
    outer loop
      vertex 98.5377 27.9718 3
      vertex 98.7359 27.9045 0
      vertex 98.5377 27.9718 0
    endloop
  endfacet
  facet normal -0.0654722 0.997854 0
    outer loop
      vertex 99.3588 27.8637 0
      vertex 99.15 27.85 3
      vertex 99.3588 27.8637 3
    endloop
  endfacet
  facet normal -0.0654722 0.997854 0
    outer loop
      vertex 99.15 27.85 3
      vertex 99.3588 27.8637 0
      vertex 99.15 27.85 0
    endloop
  endfacet
  facet normal 0.751925 0.659248 0
    outer loop
      vertex 98.0186 28.3186 3
      vertex 97.8806 28.476 0
      vertex 97.8806 28.476 3
    endloop
  endfacet
  facet normal 0.751925 0.659248 0
    outer loop
      vertex 97.8806 28.476 0
      vertex 98.0186 28.3186 3
      vertex 98.0186 28.3186 0
    endloop
  endfacet
  facet normal 0.946901 0.321526 0
    outer loop
      vertex 97.6718 28.8377 3
      vertex 97.6045 29.0359 0
      vertex 97.6045 29.0359 3
    endloop
  endfacet
  facet normal 0.946901 0.321526 0
    outer loop
      vertex 97.6045 29.0359 0
      vertex 97.6718 28.8377 3
      vertex 97.6718 28.8377 0
    endloop
  endfacet
  facet normal -0.99776 0.0668996 0
    outer loop
      vertex 100.736 29.2412 0
      vertex 100.75 29.45 3
      vertex 100.75 29.45 0
    endloop
  endfacet
  facet normal -0.99776 0.0668996 0
    outer loop
      vertex 100.75 29.45 3
      vertex 100.736 29.2412 0
      vertex 100.736 29.2412 3
    endloop
  endfacet
  facet normal -0.555362 -0.831609 0
    outer loop
      vertex 99.95 60.8356 0
      vertex 100.124 60.7194 3
      vertex 99.95 60.8356 3
    endloop
  endfacet
  facet normal -0.555362 -0.831609 -0
    outer loop
      vertex 100.124 60.7194 3
      vertex 99.95 60.8356 0
      vertex 100.124 60.7194 0
    endloop
  endfacet
  facet normal 0.980819 -0.194922 0
    outer loop
      vertex 97.5637 59.6588 3
      vertex 97.6045 59.8641 0
      vertex 97.6045 59.8641 3
    endloop
  endfacet
  facet normal 0.980819 -0.194922 0
    outer loop
      vertex 97.6045 59.8641 0
      vertex 97.5637 59.6588 3
      vertex 97.5637 59.6588 0
    endloop
  endfacet
  facet normal -0.99776 0.0668996 0
    outer loop
      vertex 100.736 59.2412 0
      vertex 100.75 59.45 3
      vertex 100.75 59.45 0
    endloop
  endfacet
  facet normal -0.99776 0.0668996 0
    outer loop
      vertex 100.75 59.45 3
      vertex 100.736 59.2412 0
      vertex 100.736 59.2412 3
    endloop
  endfacet
  facet normal 0.194922 0.980819 -0
    outer loop
      vertex 98.9412 57.8637 0
      vertex 98.7359 57.9045 3
      vertex 98.9412 57.8637 3
    endloop
  endfacet
  facet normal 0.194922 0.980819 0
    outer loop
      vertex 98.7359 57.9045 3
      vertex 98.9412 57.8637 0
      vertex 98.7359 57.9045 0
    endloop
  endfacet
  facet normal 0.442429 -0.896803 0
    outer loop
      vertex 98.35 60.8356 0
      vertex 98.5377 60.9282 3
      vertex 98.35 60.8356 3
    endloop
  endfacet
  facet normal 0.442429 -0.896803 0
    outer loop
      vertex 98.5377 60.9282 3
      vertex 98.35 60.8356 0
      vertex 98.5377 60.9282 0
    endloop
  endfacet
  facet normal 0.946901 -0.321526 0
    outer loop
      vertex 97.6045 59.8641 3
      vertex 97.6718 60.0623 0
      vertex 97.6718 60.0623 3
    endloop
  endfacet
  facet normal 0.946901 -0.321526 0
    outer loop
      vertex 97.6718 60.0623 0
      vertex 97.6045 59.8641 3
      vertex 97.6045 59.8641 0
    endloop
  endfacet
  facet normal 0.831609 0.555362 0
    outer loop
      vertex 97.8806 58.476 3
      vertex 97.7644 58.65 0
      vertex 97.7644 58.65 3
    endloop
  endfacet
  facet normal 0.831609 0.555362 0
    outer loop
      vertex 97.7644 58.65 0
      vertex 97.8806 58.476 3
      vertex 97.8806 58.476 0
    endloop
  endfacet
  facet normal -0.947336 -0.32024 0
    outer loop
      vertex 100.695 59.8641 0
      vertex 100.628 60.0623 3
      vertex 100.628 60.0623 0
    endloop
  endfacet
  facet normal -0.947336 -0.32024 0
    outer loop
      vertex 100.628 60.0623 3
      vertex 100.695 59.8641 0
      vertex 100.695 59.8641 3
    endloop
  endfacet
  facet normal -0.829843 -0.557998 0
    outer loop
      vertex 100.536 60.25 0
      vertex 100.419 60.424 3
      vertex 100.419 60.424 0
    endloop
  endfacet
  facet normal -0.829843 -0.557998 0
    outer loop
      vertex 100.419 60.424 3
      vertex 100.536 60.25 0
      vertex 100.536 60.25 3
    endloop
  endfacet
  facet normal -0.751925 -0.659248 0
    outer loop
      vertex 100.419 60.424 0
      vertex 100.281 60.5814 3
      vertex 100.281 60.5814 0
    endloop
  endfacet
  facet normal -0.751925 -0.659248 0
    outer loop
      vertex 100.281 60.5814 3
      vertex 100.419 60.424 0
      vertex 100.419 60.424 3
    endloop
  endfacet
  facet normal -0.442429 -0.896803 0
    outer loop
      vertex 99.7623 60.9282 0
      vertex 99.95 60.8356 3
      vertex 99.7623 60.9282 3
    endloop
  endfacet
  facet normal -0.442429 -0.896803 -0
    outer loop
      vertex 99.95 60.8356 3
      vertex 99.7623 60.9282 0
      vertex 99.95 60.8356 0
    endloop
  endfacet
  facet normal -0.194922 -0.980819 0
    outer loop
      vertex 99.3588 61.0363 0
      vertex 99.5641 60.9955 3
      vertex 99.3588 61.0363 3
    endloop
  endfacet
  facet normal -0.194922 -0.980819 -0
    outer loop
      vertex 99.5641 60.9955 3
      vertex 99.3588 61.0363 0
      vertex 99.5641 60.9955 0
    endloop
  endfacet
  facet normal 0.997854 0.0654722 0
    outer loop
      vertex 97.5637 59.2412 3
      vertex 97.55 59.45 0
      vertex 97.55 59.45 3
    endloop
  endfacet
  facet normal 0.997854 0.0654722 0
    outer loop
      vertex 97.55 59.45 0
      vertex 97.5637 59.2412 3
      vertex 97.5637 59.2412 0
    endloop
  endfacet
  facet normal 0.831609 -0.555362 0
    outer loop
      vertex 97.7644 60.25 3
      vertex 97.8806 60.424 0
      vertex 97.8806 60.424 3
    endloop
  endfacet
  facet normal 0.831609 -0.555362 0
    outer loop
      vertex 97.8806 60.424 0
      vertex 97.7644 60.25 3
      vertex 97.7644 60.25 0
    endloop
  endfacet
  facet normal 0.555362 -0.831609 0
    outer loop
      vertex 98.176 60.7194 0
      vertex 98.35 60.8356 3
      vertex 98.176 60.7194 3
    endloop
  endfacet
  facet normal 0.555362 -0.831609 0
    outer loop
      vertex 98.35 60.8356 3
      vertex 98.176 60.7194 0
      vertex 98.35 60.8356 0
    endloop
  endfacet
  facet normal 0.659248 -0.751925 0
    outer loop
      vertex 98.0186 60.5814 0
      vertex 98.176 60.7194 3
      vertex 98.0186 60.5814 3
    endloop
  endfacet
  facet normal 0.659248 -0.751925 0
    outer loop
      vertex 98.176 60.7194 3
      vertex 98.0186 60.5814 0
      vertex 98.176 60.7194 0
    endloop
  endfacet
  facet normal -0.99776 -0.0668996 0
    outer loop
      vertex 100.75 59.45 0
      vertex 100.736 59.6588 3
      vertex 100.736 59.6588 0
    endloop
  endfacet
  facet normal -0.99776 -0.0668996 0
    outer loop
      vertex 100.736 59.6588 3
      vertex 100.75 59.45 0
      vertex 100.75 59.45 3
    endloop
  endfacet
  facet normal -0.442429 0.896803 0
    outer loop
      vertex 99.95 58.0644 0
      vertex 99.7623 57.9718 3
      vertex 99.95 58.0644 3
    endloop
  endfacet
  facet normal -0.442429 0.896803 0
    outer loop
      vertex 99.7623 57.9718 3
      vertex 99.95 58.0644 0
      vertex 99.7623 57.9718 0
    endloop
  endfacet
  facet normal -0.829843 0.557998 0
    outer loop
      vertex 100.419 58.476 0
      vertex 100.536 58.65 3
      vertex 100.536 58.65 0
    endloop
  endfacet
  facet normal -0.829843 0.557998 0
    outer loop
      vertex 100.536 58.65 3
      vertex 100.419 58.476 0
      vertex 100.419 58.476 3
    endloop
  endfacet
  facet normal -0.0654722 0.997854 0
    outer loop
      vertex 99.3588 57.8637 0
      vertex 99.15 57.85 3
      vertex 99.3588 57.8637 3
    endloop
  endfacet
  facet normal -0.0654722 0.997854 0
    outer loop
      vertex 99.15 57.85 3
      vertex 99.3588 57.8637 0
      vertex 99.15 57.85 0
    endloop
  endfacet
  facet normal 0.442429 0.896803 -0
    outer loop
      vertex 98.5377 57.9718 0
      vertex 98.35 58.0644 3
      vertex 98.5377 57.9718 3
    endloop
  endfacet
  facet normal 0.442429 0.896803 0
    outer loop
      vertex 98.35 58.0644 3
      vertex 98.5377 57.9718 0
      vertex 98.35 58.0644 0
    endloop
  endfacet
  facet normal 0.555362 0.831609 -0
    outer loop
      vertex 98.35 58.0644 0
      vertex 98.176 58.1806 3
      vertex 98.35 58.0644 3
    endloop
  endfacet
  facet normal 0.555362 0.831609 0
    outer loop
      vertex 98.176 58.1806 3
      vertex 98.35 58.0644 0
      vertex 98.176 58.1806 0
    endloop
  endfacet
  facet normal -0.980636 -0.195841 0
    outer loop
      vertex 100.736 59.6588 0
      vertex 100.695 59.8641 3
      vertex 100.695 59.8641 0
    endloop
  endfacet
  facet normal -0.980636 -0.195841 0
    outer loop
      vertex 100.695 59.8641 3
      vertex 100.736 59.6588 0
      vertex 100.736 59.6588 3
    endloop
  endfacet
  facet normal -0.897939 -0.440119 0
    outer loop
      vertex 100.628 60.0623 0
      vertex 100.536 60.25 3
      vertex 100.536 60.25 0
    endloop
  endfacet
  facet normal -0.897939 -0.440119 0
    outer loop
      vertex 100.536 60.25 3
      vertex 100.628 60.0623 0
      vertex 100.628 60.0623 3
    endloop
  endfacet
  facet normal -0.660196 -0.751093 0
    outer loop
      vertex 100.124 60.7194 0
      vertex 100.281 60.5814 3
      vertex 100.124 60.7194 3
    endloop
  endfacet
  facet normal -0.660196 -0.751093 -0
    outer loop
      vertex 100.281 60.5814 3
      vertex 100.124 60.7194 0
      vertex 100.281 60.5814 0
    endloop
  endfacet
  facet normal 0.0654722 -0.997854 0
    outer loop
      vertex 98.9412 61.0363 0
      vertex 99.15 61.05 3
      vertex 98.9412 61.0363 3
    endloop
  endfacet
  facet normal 0.0654722 -0.997854 0
    outer loop
      vertex 99.15 61.05 3
      vertex 98.9412 61.0363 0
      vertex 99.15 61.05 0
    endloop
  endfacet
  facet normal -0.321526 -0.946901 0
    outer loop
      vertex 99.5641 60.9955 0
      vertex 99.7623 60.9282 3
      vertex 99.5641 60.9955 3
    endloop
  endfacet
  facet normal -0.321526 -0.946901 -0
    outer loop
      vertex 99.7623 60.9282 3
      vertex 99.5641 60.9955 0
      vertex 99.7623 60.9282 0
    endloop
  endfacet
  facet normal -0.0654722 -0.997854 0
    outer loop
      vertex 99.15 61.05 0
      vertex 99.3588 61.0363 3
      vertex 99.15 61.05 3
    endloop
  endfacet
  facet normal -0.0654722 -0.997854 -0
    outer loop
      vertex 99.3588 61.0363 3
      vertex 99.15 61.05 0
      vertex 99.3588 61.0363 0
    endloop
  endfacet
  facet normal 0.997854 -0.0654722 0
    outer loop
      vertex 97.55 59.45 3
      vertex 97.5637 59.6588 0
      vertex 97.5637 59.6588 3
    endloop
  endfacet
  facet normal 0.997854 -0.0654722 0
    outer loop
      vertex 97.5637 59.6588 0
      vertex 97.55 59.45 3
      vertex 97.55 59.45 0
    endloop
  endfacet
  facet normal 0.896803 -0.442429 0
    outer loop
      vertex 97.6718 60.0623 3
      vertex 97.7644 60.25 0
      vertex 97.7644 60.25 3
    endloop
  endfacet
  facet normal 0.896803 -0.442429 0
    outer loop
      vertex 97.7644 60.25 0
      vertex 97.6718 60.0623 3
      vertex 97.6718 60.0623 0
    endloop
  endfacet
  facet normal 0.194922 -0.980819 0
    outer loop
      vertex 98.7359 60.9955 0
      vertex 98.9412 61.0363 3
      vertex 98.7359 60.9955 3
    endloop
  endfacet
  facet normal 0.194922 -0.980819 0
    outer loop
      vertex 98.9412 61.0363 3
      vertex 98.7359 60.9955 0
      vertex 98.9412 61.0363 0
    endloop
  endfacet
  facet normal 0.321526 -0.946901 0
    outer loop
      vertex 98.5377 60.9282 0
      vertex 98.7359 60.9955 3
      vertex 98.5377 60.9282 3
    endloop
  endfacet
  facet normal 0.321526 -0.946901 0
    outer loop
      vertex 98.7359 60.9955 3
      vertex 98.5377 60.9282 0
      vertex 98.7359 60.9955 0
    endloop
  endfacet
  facet normal 0.751925 -0.659248 0
    outer loop
      vertex 97.8806 60.424 3
      vertex 98.0186 60.5814 0
      vertex 98.0186 60.5814 3
    endloop
  endfacet
  facet normal 0.751925 -0.659248 0
    outer loop
      vertex 98.0186 60.5814 0
      vertex 97.8806 60.424 3
      vertex 97.8806 60.424 0
    endloop
  endfacet
  facet normal -0.194922 0.980819 0
    outer loop
      vertex 99.5641 57.9045 0
      vertex 99.3588 57.8637 3
      vertex 99.5641 57.9045 3
    endloop
  endfacet
  facet normal -0.194922 0.980819 0
    outer loop
      vertex 99.3588 57.8637 3
      vertex 99.5641 57.9045 0
      vertex 99.3588 57.8637 0
    endloop
  endfacet
  facet normal -0.980636 0.195841 0
    outer loop
      vertex 100.695 59.0359 0
      vertex 100.736 59.2412 3
      vertex 100.736 59.2412 0
    endloop
  endfacet
  facet normal -0.980636 0.195841 0
    outer loop
      vertex 100.736 59.2412 3
      vertex 100.695 59.0359 0
      vertex 100.695 59.0359 3
    endloop
  endfacet
  facet normal -0.947336 0.32024 0
    outer loop
      vertex 100.628 58.8377 0
      vertex 100.695 59.0359 3
      vertex 100.695 59.0359 0
    endloop
  endfacet
  facet normal -0.947336 0.32024 0
    outer loop
      vertex 100.695 59.0359 3
      vertex 100.628 58.8377 0
      vertex 100.628 58.8377 3
    endloop
  endfacet
  facet normal -0.321526 0.946901 0
    outer loop
      vertex 99.7623 57.9718 0
      vertex 99.5641 57.9045 3
      vertex 99.7623 57.9718 3
    endloop
  endfacet
  facet normal -0.321526 0.946901 0
    outer loop
      vertex 99.5641 57.9045 3
      vertex 99.7623 57.9718 0
      vertex 99.5641 57.9045 0
    endloop
  endfacet
  facet normal -0.555362 0.831609 0
    outer loop
      vertex 100.124 58.1806 0
      vertex 99.95 58.0644 3
      vertex 100.124 58.1806 3
    endloop
  endfacet
  facet normal -0.555362 0.831609 0
    outer loop
      vertex 99.95 58.0644 3
      vertex 100.124 58.1806 0
      vertex 99.95 58.0644 0
    endloop
  endfacet
  facet normal -0.751925 0.659248 0
    outer loop
      vertex 100.281 58.3186 0
      vertex 100.419 58.476 3
      vertex 100.419 58.476 0
    endloop
  endfacet
  facet normal -0.751925 0.659248 0
    outer loop
      vertex 100.419 58.476 3
      vertex 100.281 58.3186 0
      vertex 100.281 58.3186 3
    endloop
  endfacet
  facet normal -0.660196 0.751093 0
    outer loop
      vertex 100.281 58.3186 0
      vertex 100.124 58.1806 3
      vertex 100.281 58.3186 3
    endloop
  endfacet
  facet normal -0.660196 0.751093 0
    outer loop
      vertex 100.124 58.1806 3
      vertex 100.281 58.3186 0
      vertex 100.124 58.1806 0
    endloop
  endfacet
  facet normal 0.0654722 0.997854 -0
    outer loop
      vertex 99.15 57.85 0
      vertex 98.9412 57.8637 3
      vertex 99.15 57.85 3
    endloop
  endfacet
  facet normal 0.0654722 0.997854 0
    outer loop
      vertex 98.9412 57.8637 3
      vertex 99.15 57.85 0
      vertex 98.9412 57.8637 0
    endloop
  endfacet
  facet normal 0.321526 0.946901 -0
    outer loop
      vertex 98.7359 57.9045 0
      vertex 98.5377 57.9718 3
      vertex 98.7359 57.9045 3
    endloop
  endfacet
  facet normal 0.321526 0.946901 0
    outer loop
      vertex 98.5377 57.9718 3
      vertex 98.7359 57.9045 0
      vertex 98.5377 57.9718 0
    endloop
  endfacet
  facet normal 0.896803 0.442429 0
    outer loop
      vertex 97.7644 58.65 3
      vertex 97.6718 58.8377 0
      vertex 97.6718 58.8377 3
    endloop
  endfacet
  facet normal 0.896803 0.442429 0
    outer loop
      vertex 97.6718 58.8377 0
      vertex 97.7644 58.65 3
      vertex 97.7644 58.65 0
    endloop
  endfacet
  facet normal 0.980819 0.194922 0
    outer loop
      vertex 97.6045 59.0359 3
      vertex 97.5637 59.2412 0
      vertex 97.5637 59.2412 3
    endloop
  endfacet
  facet normal 0.980819 0.194922 0
    outer loop
      vertex 97.5637 59.2412 0
      vertex 97.6045 59.0359 3
      vertex 97.6045 59.0359 0
    endloop
  endfacet
  facet normal 0.659248 0.751925 -0
    outer loop
      vertex 98.176 58.1806 0
      vertex 98.0186 58.3186 3
      vertex 98.176 58.1806 3
    endloop
  endfacet
  facet normal 0.659248 0.751925 0
    outer loop
      vertex 98.0186 58.3186 3
      vertex 98.176 58.1806 0
      vertex 98.0186 58.3186 0
    endloop
  endfacet
  facet normal -0.897939 0.440119 0
    outer loop
      vertex 100.536 58.65 0
      vertex 100.628 58.8377 3
      vertex 100.628 58.8377 0
    endloop
  endfacet
  facet normal -0.897939 0.440119 0
    outer loop
      vertex 100.628 58.8377 3
      vertex 100.536 58.65 0
      vertex 100.536 58.65 3
    endloop
  endfacet
  facet normal 0.946901 0.321526 0
    outer loop
      vertex 97.6718 58.8377 3
      vertex 97.6045 59.0359 0
      vertex 97.6045 59.0359 3
    endloop
  endfacet
  facet normal 0.946901 0.321526 0
    outer loop
      vertex 97.6045 59.0359 0
      vertex 97.6718 58.8377 3
      vertex 97.6718 58.8377 0
    endloop
  endfacet
  facet normal 0.751925 0.659248 0
    outer loop
      vertex 98.0186 58.3186 3
      vertex 97.8806 58.476 0
      vertex 97.8806 58.476 3
    endloop
  endfacet
  facet normal 0.751925 0.659248 0
    outer loop
      vertex 97.8806 58.476 0
      vertex 98.0186 58.3186 3
      vertex 98.0186 58.3186 0
    endloop
  endfacet
  facet normal -0.55579 -0.831322 0
    outer loop
      vertex -120.125 53.1816 0
      vertex -119.826 52.9817 3
      vertex -120.125 53.1816 3
    endloop
  endfacet
  facet normal -0.55579 -0.831322 -0
    outer loop
      vertex -119.826 52.9817 3
      vertex -120.125 53.1816 0
      vertex -119.826 52.9817 0
    endloop
  endfacet
  facet normal 0.321903 0.946773 -0
    outer loop
      vertex -122.212 48.1437 0
      vertex -122.552 48.2593 3
      vertex -122.212 48.1437 3
    endloop
  endfacet
  facet normal 0.321903 0.946773 0
    outer loop
      vertex -122.552 48.2593 3
      vertex -122.212 48.1437 0
      vertex -122.552 48.2593 0
    endloop
  endfacet
  facet normal 0.321903 -0.946773 0
    outer loop
      vertex -122.552 53.3407 0
      vertex -122.212 53.4563 3
      vertex -122.552 53.3407 3
    endloop
  endfacet
  facet normal 0.321903 -0.946773 0
    outer loop
      vertex -122.212 53.4563 3
      vertex -122.552 53.3407 0
      vertex -122.212 53.4563 0
    endloop
  endfacet
  facet normal 0.896971 -0.44209 0
    outer loop
      vertex -124.041 51.8524 3
      vertex -123.882 52.175 0
      vertex -123.882 52.175 3
    endloop
  endfacet
  facet normal 0.896971 -0.44209 0
    outer loop
      vertex -123.882 52.175 0
      vertex -124.041 51.8524 3
      vertex -124.041 51.8524 0
    endloop
  endfacet
  facet normal -0.896971 -0.44209 0
    outer loop
      vertex -118.959 51.8524 0
      vertex -119.118 52.175 3
      vertex -119.118 52.175 0
    endloop
  endfacet
  facet normal -0.896971 -0.44209 0
    outer loop
      vertex -119.118 52.175 3
      vertex -118.959 51.8524 0
      vertex -118.959 51.8524 3
    endloop
  endfacet
  facet normal -0.83128 -0.555854 0
    outer loop
      vertex -119.118 52.175 0
      vertex -119.318 52.4741 3
      vertex -119.318 52.4741 0
    endloop
  endfacet
  facet normal -0.83128 -0.555854 0
    outer loop
      vertex -119.318 52.4741 3
      vertex -119.118 52.175 0
      vertex -119.118 52.175 3
    endloop
  endfacet
  facet normal -0.658623 -0.752473 0
    outer loop
      vertex -119.826 52.9817 0
      vertex -119.555 52.7445 3
      vertex -119.826 52.9817 3
    endloop
  endfacet
  facet normal -0.658623 -0.752473 -0
    outer loop
      vertex -119.555 52.7445 3
      vertex -119.826 52.9817 0
      vertex -119.555 52.7445 0
    endloop
  endfacet
  facet normal -0.321903 -0.946773 0
    outer loop
      vertex -120.788 53.4563 0
      vertex -120.448 53.3407 3
      vertex -120.788 53.4563 3
    endloop
  endfacet
  facet normal -0.321903 -0.946773 -0
    outer loop
      vertex -120.448 53.3407 3
      vertex -120.788 53.4563 0
      vertex -120.448 53.3407 0
    endloop
  endfacet
  facet normal -0.0653198 -0.997864 0
    outer loop
      vertex -121.5 53.55 0
      vertex -121.141 53.5265 3
      vertex -121.5 53.55 3
    endloop
  endfacet
  facet normal -0.0653198 -0.997864 -0
    outer loop
      vertex -121.141 53.5265 3
      vertex -121.5 53.55 0
      vertex -121.141 53.5265 0
    endloop
  endfacet
  facet normal 0.980889 -0.194566 0
    outer loop
      vertex -124.226 51.1589 3
      vertex -124.156 51.5118 0
      vertex -124.156 51.5118 3
    endloop
  endfacet
  facet normal 0.980889 -0.194566 0
    outer loop
      vertex -124.156 51.5118 0
      vertex -124.226 51.1589 3
      vertex -124.226 51.1589 0
    endloop
  endfacet
  facet normal 0.752025 -0.659134 0
    outer loop
      vertex -123.682 52.4741 3
      vertex -123.445 52.7445 0
      vertex -123.445 52.7445 3
    endloop
  endfacet
  facet normal 0.752025 -0.659134 0
    outer loop
      vertex -123.445 52.7445 0
      vertex -123.682 52.4741 3
      vertex -123.682 52.4741 0
    endloop
  endfacet
  facet normal 0.441873 -0.897078 0
    outer loop
      vertex -122.875 53.1816 0
      vertex -122.552 53.3407 3
      vertex -122.875 53.1816 3
    endloop
  endfacet
  facet normal 0.441873 -0.897078 0
    outer loop
      vertex -122.552 53.3407 3
      vertex -122.875 53.1816 0
      vertex -122.552 53.3407 0
    endloop
  endfacet
  facet normal 0.195047 -0.980794 0
    outer loop
      vertex -122.212 53.4563 0
      vertex -121.859 53.5265 3
      vertex -122.212 53.4563 3
    endloop
  endfacet
  facet normal 0.195047 -0.980794 0
    outer loop
      vertex -121.859 53.5265 3
      vertex -122.212 53.4563 0
      vertex -121.859 53.5265 0
    endloop
  endfacet
  facet normal -0.997772 0.066722 0
    outer loop
      vertex -118.774 50.4411 0
      vertex -118.75 50.8 3
      vertex -118.75 50.8 0
    endloop
  endfacet
  facet normal -0.997772 0.066722 0
    outer loop
      vertex -118.75 50.8 3
      vertex -118.774 50.4411 0
      vertex -118.774 50.4411 3
    endloop
  endfacet
  facet normal -0.321903 0.946773 0
    outer loop
      vertex -120.448 48.2593 0
      vertex -120.788 48.1437 3
      vertex -120.448 48.2593 3
    endloop
  endfacet
  facet normal -0.321903 0.946773 0
    outer loop
      vertex -120.788 48.1437 3
      vertex -120.448 48.2593 0
      vertex -120.788 48.1437 0
    endloop
  endfacet
  facet normal -0.752025 0.659134 0
    outer loop
      vertex -119.555 48.8555 0
      vertex -119.318 49.1259 3
      vertex -119.318 49.1259 0
    endloop
  endfacet
  facet normal -0.752025 0.659134 0
    outer loop
      vertex -119.318 49.1259 3
      vertex -119.555 48.8555 0
      vertex -119.555 48.8555 3
    endloop
  endfacet
  facet normal 0.195047 0.980794 -0
    outer loop
      vertex -121.859 48.0735 0
      vertex -122.212 48.1437 3
      vertex -121.859 48.0735 3
    endloop
  endfacet
  facet normal 0.195047 0.980794 0
    outer loop
      vertex -122.212 48.1437 3
      vertex -121.859 48.0735 0
      vertex -122.212 48.1437 0
    endloop
  endfacet
  facet normal 0.658623 0.752473 -0
    outer loop
      vertex -123.174 48.6183 0
      vertex -123.445 48.8555 3
      vertex -123.174 48.6183 3
    endloop
  endfacet
  facet normal 0.658623 0.752473 0
    outer loop
      vertex -123.445 48.8555 3
      vertex -123.174 48.6183 0
      vertex -123.445 48.8555 0
    endloop
  endfacet
  facet normal 0.896971 0.44209 0
    outer loop
      vertex -123.882 49.425 3
      vertex -124.041 49.7476 0
      vertex -124.041 49.7476 3
    endloop
  endfacet
  facet normal 0.896971 0.44209 0
    outer loop
      vertex -124.041 49.7476 0
      vertex -123.882 49.425 3
      vertex -123.882 49.425 0
    endloop
  endfacet
  facet normal -0.980889 -0.194566 0
    outer loop
      vertex -118.774 51.1589 0
      vertex -118.844 51.5118 3
      vertex -118.844 51.5118 0
    endloop
  endfacet
  facet normal -0.980889 -0.194566 0
    outer loop
      vertex -118.844 51.5118 3
      vertex -118.774 51.1589 0
      vertex -118.774 51.1589 3
    endloop
  endfacet
  facet normal -0.947452 -0.319897 0
    outer loop
      vertex -118.844 51.5118 0
      vertex -118.959 51.8524 3
      vertex -118.959 51.8524 0
    endloop
  endfacet
  facet normal -0.947452 -0.319897 0
    outer loop
      vertex -118.959 51.8524 3
      vertex -118.844 51.5118 0
      vertex -118.844 51.5118 3
    endloop
  endfacet
  facet normal -0.752025 -0.659134 0
    outer loop
      vertex -119.318 52.4741 0
      vertex -119.555 52.7445 3
      vertex -119.555 52.7445 0
    endloop
  endfacet
  facet normal -0.752025 -0.659134 0
    outer loop
      vertex -119.555 52.7445 3
      vertex -119.318 52.4741 0
      vertex -119.318 52.4741 3
    endloop
  endfacet
  facet normal -0.441873 -0.897078 0
    outer loop
      vertex -120.448 53.3407 0
      vertex -120.125 53.1816 3
      vertex -120.448 53.3407 3
    endloop
  endfacet
  facet normal -0.441873 -0.897078 -0
    outer loop
      vertex -120.125 53.1816 3
      vertex -120.448 53.3407 0
      vertex -120.125 53.1816 0
    endloop
  endfacet
  facet normal 0.0653198 -0.997864 0
    outer loop
      vertex -121.859 53.5265 0
      vertex -121.5 53.55 3
      vertex -121.859 53.5265 3
    endloop
  endfacet
  facet normal 0.0653198 -0.997864 0
    outer loop
      vertex -121.5 53.55 3
      vertex -121.859 53.5265 0
      vertex -121.5 53.55 0
    endloop
  endfacet
  facet normal -0.195047 -0.980794 0
    outer loop
      vertex -121.141 53.5265 0
      vertex -120.788 53.4563 3
      vertex -121.141 53.5265 3
    endloop
  endfacet
  facet normal -0.195047 -0.980794 -0
    outer loop
      vertex -120.788 53.4563 3
      vertex -121.141 53.5265 0
      vertex -120.788 53.4563 0
    endloop
  endfacet
  facet normal 0.997772 -0.066722 0
    outer loop
      vertex -124.25 50.8 3
      vertex -124.226 51.1589 0
      vertex -124.226 51.1589 3
    endloop
  endfacet
  facet normal 0.997772 -0.066722 0
    outer loop
      vertex -124.226 51.1589 0
      vertex -124.25 50.8 3
      vertex -124.25 50.8 0
    endloop
  endfacet
  facet normal 0.947452 -0.319897 0
    outer loop
      vertex -124.156 51.5118 3
      vertex -124.041 51.8524 0
      vertex -124.041 51.8524 3
    endloop
  endfacet
  facet normal 0.947452 -0.319897 0
    outer loop
      vertex -124.041 51.8524 0
      vertex -124.156 51.5118 3
      vertex -124.156 51.5118 0
    endloop
  endfacet
  facet normal 0.83128 -0.555854 0
    outer loop
      vertex -123.882 52.175 3
      vertex -123.682 52.4741 0
      vertex -123.682 52.4741 3
    endloop
  endfacet
  facet normal 0.83128 -0.555854 0
    outer loop
      vertex -123.682 52.4741 0
      vertex -123.882 52.175 3
      vertex -123.882 52.175 0
    endloop
  endfacet
  facet normal 0.55579 -0.831322 0
    outer loop
      vertex -123.174 52.9817 0
      vertex -122.875 53.1816 3
      vertex -123.174 52.9817 3
    endloop
  endfacet
  facet normal 0.55579 -0.831322 0
    outer loop
      vertex -122.875 53.1816 3
      vertex -123.174 52.9817 0
      vertex -122.875 53.1816 0
    endloop
  endfacet
  facet normal 0.658623 -0.752473 0
    outer loop
      vertex -123.445 52.7445 0
      vertex -123.174 52.9817 3
      vertex -123.445 52.7445 3
    endloop
  endfacet
  facet normal 0.658623 -0.752473 0
    outer loop
      vertex -123.174 52.9817 3
      vertex -123.445 52.7445 0
      vertex -123.174 52.9817 0
    endloop
  endfacet
  facet normal -0.997772 -0.066722 0
    outer loop
      vertex -118.75 50.8 0
      vertex -118.774 51.1589 3
      vertex -118.774 51.1589 0
    endloop
  endfacet
  facet normal -0.997772 -0.066722 0
    outer loop
      vertex -118.774 51.1589 3
      vertex -118.75 50.8 0
      vertex -118.75 50.8 3
    endloop
  endfacet
  facet normal -0.0653198 0.997864 0
    outer loop
      vertex -121.141 48.0735 0
      vertex -121.5 48.05 3
      vertex -121.141 48.0735 3
    endloop
  endfacet
  facet normal -0.0653198 0.997864 0
    outer loop
      vertex -121.5 48.05 3
      vertex -121.141 48.0735 0
      vertex -121.5 48.05 0
    endloop
  endfacet
  facet normal -0.947452 0.319897 0
    outer loop
      vertex -118.959 49.7476 0
      vertex -118.844 50.0882 3
      vertex -118.844 50.0882 0
    endloop
  endfacet
  facet normal -0.947452 0.319897 0
    outer loop
      vertex -118.844 50.0882 3
      vertex -118.959 49.7476 0
      vertex -118.959 49.7476 3
    endloop
  endfacet
  facet normal -0.195047 0.980794 0
    outer loop
      vertex -120.788 48.1437 0
      vertex -121.141 48.0735 3
      vertex -120.788 48.1437 3
    endloop
  endfacet
  facet normal -0.195047 0.980794 0
    outer loop
      vertex -121.141 48.0735 3
      vertex -120.788 48.1437 0
      vertex -121.141 48.0735 0
    endloop
  endfacet
  facet normal -0.658623 0.752473 0
    outer loop
      vertex -119.555 48.8555 0
      vertex -119.826 48.6183 3
      vertex -119.555 48.8555 3
    endloop
  endfacet
  facet normal -0.658623 0.752473 0
    outer loop
      vertex -119.826 48.6183 3
      vertex -119.555 48.8555 0
      vertex -119.826 48.6183 0
    endloop
  endfacet
  facet normal -0.441873 0.897078 0
    outer loop
      vertex -120.125 48.4184 0
      vertex -120.448 48.2593 3
      vertex -120.125 48.4184 3
    endloop
  endfacet
  facet normal -0.441873 0.897078 0
    outer loop
      vertex -120.448 48.2593 3
      vertex -120.125 48.4184 0
      vertex -120.448 48.2593 0
    endloop
  endfacet
  facet normal -0.896971 0.44209 0
    outer loop
      vertex -119.118 49.425 0
      vertex -118.959 49.7476 3
      vertex -118.959 49.7476 0
    endloop
  endfacet
  facet normal -0.896971 0.44209 0
    outer loop
      vertex -118.959 49.7476 3
      vertex -119.118 49.425 0
      vertex -119.118 49.425 3
    endloop
  endfacet
  facet normal 0.0653198 0.997864 -0
    outer loop
      vertex -121.5 48.05 0
      vertex -121.859 48.0735 3
      vertex -121.5 48.05 3
    endloop
  endfacet
  facet normal 0.0653198 0.997864 0
    outer loop
      vertex -121.859 48.0735 3
      vertex -121.5 48.05 0
      vertex -121.859 48.0735 0
    endloop
  endfacet
  facet normal 0.441873 0.897078 -0
    outer loop
      vertex -122.552 48.2593 0
      vertex -122.875 48.4184 3
      vertex -122.552 48.2593 3
    endloop
  endfacet
  facet normal 0.441873 0.897078 0
    outer loop
      vertex -122.875 48.4184 3
      vertex -122.552 48.2593 0
      vertex -122.875 48.4184 0
    endloop
  endfacet
  facet normal 0.947452 0.319897 0
    outer loop
      vertex -124.041 49.7476 3
      vertex -124.156 50.0882 0
      vertex -124.156 50.0882 3
    endloop
  endfacet
  facet normal 0.947452 0.319897 0
    outer loop
      vertex -124.156 50.0882 0
      vertex -124.041 49.7476 3
      vertex -124.041 49.7476 0
    endloop
  endfacet
  facet normal 0.997772 0.066722 0
    outer loop
      vertex -124.226 50.4411 3
      vertex -124.25 50.8 0
      vertex -124.25 50.8 3
    endloop
  endfacet
  facet normal 0.997772 0.066722 0
    outer loop
      vertex -124.25 50.8 0
      vertex -124.226 50.4411 3
      vertex -124.226 50.4411 0
    endloop
  endfacet
  facet normal 0.83128 0.555854 0
    outer loop
      vertex -123.682 49.1259 3
      vertex -123.882 49.425 0
      vertex -123.882 49.425 3
    endloop
  endfacet
  facet normal 0.83128 0.555854 0
    outer loop
      vertex -123.882 49.425 0
      vertex -123.682 49.1259 3
      vertex -123.682 49.1259 0
    endloop
  endfacet
  facet normal -0.980889 0.194566 0
    outer loop
      vertex -118.844 50.0882 0
      vertex -118.774 50.4411 3
      vertex -118.774 50.4411 0
    endloop
  endfacet
  facet normal -0.980889 0.194566 0
    outer loop
      vertex -118.774 50.4411 3
      vertex -118.844 50.0882 0
      vertex -118.844 50.0882 3
    endloop
  endfacet
  facet normal -0.55579 0.831322 0
    outer loop
      vertex -119.826 48.6183 0
      vertex -120.125 48.4184 3
      vertex -119.826 48.6183 3
    endloop
  endfacet
  facet normal -0.55579 0.831322 0
    outer loop
      vertex -120.125 48.4184 3
      vertex -119.826 48.6183 0
      vertex -120.125 48.4184 0
    endloop
  endfacet
  facet normal -0.83128 0.555854 0
    outer loop
      vertex -119.318 49.1259 0
      vertex -119.118 49.425 3
      vertex -119.118 49.425 0
    endloop
  endfacet
  facet normal -0.83128 0.555854 0
    outer loop
      vertex -119.118 49.425 3
      vertex -119.318 49.1259 0
      vertex -119.318 49.1259 3
    endloop
  endfacet
  facet normal 0.55579 0.831322 -0
    outer loop
      vertex -122.875 48.4184 0
      vertex -123.174 48.6183 3
      vertex -122.875 48.4184 3
    endloop
  endfacet
  facet normal 0.55579 0.831322 0
    outer loop
      vertex -123.174 48.6183 3
      vertex -122.875 48.4184 0
      vertex -123.174 48.6183 0
    endloop
  endfacet
  facet normal 0.980889 0.194566 0
    outer loop
      vertex -124.156 50.0882 3
      vertex -124.226 50.4411 0
      vertex -124.226 50.4411 3
    endloop
  endfacet
  facet normal 0.980889 0.194566 0
    outer loop
      vertex -124.226 50.4411 0
      vertex -124.156 50.0882 3
      vertex -124.156 50.0882 0
    endloop
  endfacet
  facet normal 0.752025 0.659134 0
    outer loop
      vertex -123.445 48.8555 3
      vertex -123.682 49.1259 0
      vertex -123.682 49.1259 3
    endloop
  endfacet
  facet normal 0.752025 0.659134 0
    outer loop
      vertex -123.682 49.1259 0
      vertex -123.445 48.8555 3
      vertex -123.445 48.8555 0
    endloop
  endfacet
  facet normal -0.55579 -0.831322 0
    outer loop
      vertex -120.125 84.9316 0
      vertex -119.826 84.7317 3
      vertex -120.125 84.9316 3
    endloop
  endfacet
  facet normal -0.55579 -0.831322 -0
    outer loop
      vertex -119.826 84.7317 3
      vertex -120.125 84.9316 0
      vertex -119.826 84.7317 0
    endloop
  endfacet
  facet normal 0.947481 -0.319813 0
    outer loop
      vertex -124.156 83.2617 3
      vertex -124.041 83.6024 0
      vertex -124.041 83.6024 3
    endloop
  endfacet
  facet normal 0.947481 -0.319813 0
    outer loop
      vertex -124.041 83.6024 0
      vertex -124.156 83.2617 3
      vertex -124.156 83.2617 0
    endloop
  endfacet
  facet normal 0.321903 0.946773 -0
    outer loop
      vertex -122.212 79.8937 0
      vertex -122.552 80.0093 3
      vertex -122.212 79.8937 3
    endloop
  endfacet
  facet normal 0.321903 0.946773 0
    outer loop
      vertex -122.552 80.0093 3
      vertex -122.212 79.8937 0
      vertex -122.552 80.0093 0
    endloop
  endfacet
  facet normal 0.321903 -0.946773 0
    outer loop
      vertex -122.552 85.0907 0
      vertex -122.212 85.2063 3
      vertex -122.552 85.0907 3
    endloop
  endfacet
  facet normal 0.321903 -0.946773 0
    outer loop
      vertex -122.212 85.2063 3
      vertex -122.552 85.0907 0
      vertex -122.212 85.2063 0
    endloop
  endfacet
  facet normal 0.896971 -0.44209 0
    outer loop
      vertex -124.041 83.6024 3
      vertex -123.882 83.925 0
      vertex -123.882 83.925 3
    endloop
  endfacet
  facet normal 0.896971 -0.44209 0
    outer loop
      vertex -123.882 83.925 0
      vertex -124.041 83.6024 3
      vertex -124.041 83.6024 0
    endloop
  endfacet
  facet normal -0.896971 -0.44209 0
    outer loop
      vertex -118.959 83.6024 0
      vertex -119.118 83.925 3
      vertex -119.118 83.925 0
    endloop
  endfacet
  facet normal -0.896971 -0.44209 0
    outer loop
      vertex -119.118 83.925 3
      vertex -118.959 83.6024 0
      vertex -118.959 83.6024 3
    endloop
  endfacet
  facet normal -0.83128 -0.555854 0
    outer loop
      vertex -119.118 83.925 0
      vertex -119.318 84.2241 3
      vertex -119.318 84.2241 0
    endloop
  endfacet
  facet normal -0.83128 -0.555854 0
    outer loop
      vertex -119.318 84.2241 3
      vertex -119.118 83.925 0
      vertex -119.118 83.925 3
    endloop
  endfacet
  facet normal -0.658623 -0.752473 0
    outer loop
      vertex -119.826 84.7317 0
      vertex -119.555 84.4945 3
      vertex -119.826 84.7317 3
    endloop
  endfacet
  facet normal -0.658623 -0.752473 -0
    outer loop
      vertex -119.555 84.4945 3
      vertex -119.826 84.7317 0
      vertex -119.555 84.4945 0
    endloop
  endfacet
  facet normal -0.321903 -0.946773 0
    outer loop
      vertex -120.788 85.2063 0
      vertex -120.448 85.0907 3
      vertex -120.788 85.2063 3
    endloop
  endfacet
  facet normal -0.321903 -0.946773 -0
    outer loop
      vertex -120.448 85.0907 3
      vertex -120.788 85.2063 0
      vertex -120.448 85.0907 0
    endloop
  endfacet
  facet normal -0.195047 -0.980794 0
    outer loop
      vertex -121.141 85.2765 0
      vertex -120.788 85.2063 3
      vertex -121.141 85.2765 3
    endloop
  endfacet
  facet normal -0.195047 -0.980794 -0
    outer loop
      vertex -120.788 85.2063 3
      vertex -121.141 85.2765 0
      vertex -120.788 85.2063 0
    endloop
  endfacet
  facet normal 0.980868 -0.194672 0
    outer loop
      vertex -124.226 82.909 3
      vertex -124.156 83.2617 0
      vertex -124.156 83.2617 3
    endloop
  endfacet
  facet normal 0.980868 -0.194672 0
    outer loop
      vertex -124.156 83.2617 0
      vertex -124.226 82.909 3
      vertex -124.226 82.909 0
    endloop
  endfacet
  facet normal 0.752025 -0.659134 0
    outer loop
      vertex -123.682 84.2241 3
      vertex -123.445 84.4945 0
      vertex -123.445 84.4945 3
    endloop
  endfacet
  facet normal 0.752025 -0.659134 0
    outer loop
      vertex -123.445 84.4945 0
      vertex -123.682 84.2241 3
      vertex -123.682 84.2241 0
    endloop
  endfacet
  facet normal 0.441873 -0.897078 0
    outer loop
      vertex -122.875 84.9316 0
      vertex -122.552 85.0907 3
      vertex -122.875 84.9316 3
    endloop
  endfacet
  facet normal 0.441873 -0.897078 0
    outer loop
      vertex -122.552 85.0907 3
      vertex -122.875 84.9316 0
      vertex -122.552 85.0907 0
    endloop
  endfacet
  facet normal 0.195047 -0.980794 0
    outer loop
      vertex -122.212 85.2063 0
      vertex -121.859 85.2765 3
      vertex -122.212 85.2063 3
    endloop
  endfacet
  facet normal 0.195047 -0.980794 0
    outer loop
      vertex -121.859 85.2765 3
      vertex -122.212 85.2063 0
      vertex -121.859 85.2765 0
    endloop
  endfacet
  facet normal -0.997772 0.066722 0
    outer loop
      vertex -118.774 82.1911 0
      vertex -118.75 82.55 3
      vertex -118.75 82.55 0
    endloop
  endfacet
  facet normal -0.997772 0.066722 0
    outer loop
      vertex -118.75 82.55 3
      vertex -118.774 82.1911 0
      vertex -118.774 82.1911 3
    endloop
  endfacet
  facet normal -0.321903 0.946773 0
    outer loop
      vertex -120.448 80.0093 0
      vertex -120.788 79.8937 3
      vertex -120.448 80.0093 3
    endloop
  endfacet
  facet normal -0.321903 0.946773 0
    outer loop
      vertex -120.788 79.8937 3
      vertex -120.448 80.0093 0
      vertex -120.788 79.8937 0
    endloop
  endfacet
  facet normal -0.752025 0.659134 0
    outer loop
      vertex -119.555 80.6055 0
      vertex -119.318 80.8759 3
      vertex -119.318 80.8759 0
    endloop
  endfacet
  facet normal -0.752025 0.659134 0
    outer loop
      vertex -119.318 80.8759 3
      vertex -119.555 80.6055 0
      vertex -119.555 80.6055 3
    endloop
  endfacet
  facet normal 0.195047 0.980794 -0
    outer loop
      vertex -121.859 79.8235 0
      vertex -122.212 79.8937 3
      vertex -121.859 79.8235 3
    endloop
  endfacet
  facet normal 0.195047 0.980794 0
    outer loop
      vertex -122.212 79.8937 3
      vertex -121.859 79.8235 0
      vertex -122.212 79.8937 0
    endloop
  endfacet
  facet normal 0.658623 0.752473 -0
    outer loop
      vertex -123.174 80.3683 0
      vertex -123.445 80.6055 3
      vertex -123.174 80.3683 3
    endloop
  endfacet
  facet normal 0.658623 0.752473 0
    outer loop
      vertex -123.445 80.6055 3
      vertex -123.174 80.3683 0
      vertex -123.445 80.6055 0
    endloop
  endfacet
  facet normal 0.896971 0.44209 0
    outer loop
      vertex -123.882 81.175 3
      vertex -124.041 81.4976 0
      vertex -124.041 81.4976 3
    endloop
  endfacet
  facet normal 0.896971 0.44209 0
    outer loop
      vertex -124.041 81.4976 0
      vertex -123.882 81.175 3
      vertex -123.882 81.175 0
    endloop
  endfacet
  facet normal -0.947481 -0.319813 0
    outer loop
      vertex -118.844 83.2617 0
      vertex -118.959 83.6024 3
      vertex -118.959 83.6024 0
    endloop
  endfacet
  facet normal -0.947481 -0.319813 0
    outer loop
      vertex -118.959 83.6024 3
      vertex -118.844 83.2617 0
      vertex -118.844 83.2617 3
    endloop
  endfacet
  facet normal -0.752025 -0.659134 0
    outer loop
      vertex -119.318 84.2241 0
      vertex -119.555 84.4945 3
      vertex -119.555 84.4945 0
    endloop
  endfacet
  facet normal -0.752025 -0.659134 0
    outer loop
      vertex -119.555 84.4945 3
      vertex -119.318 84.2241 0
      vertex -119.318 84.2241 3
    endloop
  endfacet
  facet normal -0.441873 -0.897078 0
    outer loop
      vertex -120.448 85.0907 0
      vertex -120.125 84.9316 3
      vertex -120.448 85.0907 3
    endloop
  endfacet
  facet normal -0.441873 -0.897078 -0
    outer loop
      vertex -120.125 84.9316 3
      vertex -120.448 85.0907 0
      vertex -120.125 84.9316 0
    endloop
  endfacet
  facet normal 0.0653198 -0.997864 0
    outer loop
      vertex -121.859 85.2765 0
      vertex -121.5 85.3 3
      vertex -121.859 85.2765 3
    endloop
  endfacet
  facet normal 0.0653198 -0.997864 0
    outer loop
      vertex -121.5 85.3 3
      vertex -121.859 85.2765 0
      vertex -121.5 85.3 0
    endloop
  endfacet
  facet normal 0.997773 -0.0667035 0
    outer loop
      vertex -124.25 82.55 3
      vertex -124.226 82.909 0
      vertex -124.226 82.909 3
    endloop
  endfacet
  facet normal 0.997773 -0.0667035 0
    outer loop
      vertex -124.226 82.909 0
      vertex -124.25 82.55 3
      vertex -124.25 82.55 0
    endloop
  endfacet
  facet normal 0.83128 -0.555854 0
    outer loop
      vertex -123.882 83.925 3
      vertex -123.682 84.2241 0
      vertex -123.682 84.2241 3
    endloop
  endfacet
  facet normal 0.83128 -0.555854 0
    outer loop
      vertex -123.682 84.2241 0
      vertex -123.882 83.925 3
      vertex -123.882 83.925 0
    endloop
  endfacet
  facet normal 0.55579 -0.831322 0
    outer loop
      vertex -123.174 84.7317 0
      vertex -122.875 84.9316 3
      vertex -123.174 84.7317 3
    endloop
  endfacet
  facet normal 0.55579 -0.831322 0
    outer loop
      vertex -122.875 84.9316 3
      vertex -123.174 84.7317 0
      vertex -122.875 84.9316 0
    endloop
  endfacet
  facet normal 0.658623 -0.752473 0
    outer loop
      vertex -123.445 84.4945 0
      vertex -123.174 84.7317 3
      vertex -123.445 84.4945 3
    endloop
  endfacet
  facet normal 0.658623 -0.752473 0
    outer loop
      vertex -123.174 84.7317 3
      vertex -123.445 84.4945 0
      vertex -123.174 84.7317 0
    endloop
  endfacet
  facet normal -0.997773 -0.0667035 0
    outer loop
      vertex -118.75 82.55 0
      vertex -118.774 82.909 3
      vertex -118.774 82.909 0
    endloop
  endfacet
  facet normal -0.997773 -0.0667035 0
    outer loop
      vertex -118.774 82.909 3
      vertex -118.75 82.55 0
      vertex -118.75 82.55 3
    endloop
  endfacet
  facet normal -0.0653198 0.997864 0
    outer loop
      vertex -121.141 79.8235 0
      vertex -121.5 79.8 3
      vertex -121.141 79.8235 3
    endloop
  endfacet
  facet normal -0.0653198 0.997864 0
    outer loop
      vertex -121.5 79.8 3
      vertex -121.141 79.8235 0
      vertex -121.5 79.8 0
    endloop
  endfacet
  facet normal -0.947452 0.319897 0
    outer loop
      vertex -118.959 81.4976 0
      vertex -118.844 81.8382 3
      vertex -118.844 81.8382 0
    endloop
  endfacet
  facet normal -0.947452 0.319897 0
    outer loop
      vertex -118.844 81.8382 3
      vertex -118.959 81.4976 0
      vertex -118.959 81.4976 3
    endloop
  endfacet
  facet normal -0.195047 0.980794 0
    outer loop
      vertex -120.788 79.8937 0
      vertex -121.141 79.8235 3
      vertex -120.788 79.8937 3
    endloop
  endfacet
  facet normal -0.195047 0.980794 0
    outer loop
      vertex -121.141 79.8235 3
      vertex -120.788 79.8937 0
      vertex -121.141 79.8235 0
    endloop
  endfacet
  facet normal -0.658623 0.752473 0
    outer loop
      vertex -119.555 80.6055 0
      vertex -119.826 80.3683 3
      vertex -119.555 80.6055 3
    endloop
  endfacet
  facet normal -0.658623 0.752473 0
    outer loop
      vertex -119.826 80.3683 3
      vertex -119.555 80.6055 0
      vertex -119.826 80.3683 0
    endloop
  endfacet
  facet normal -0.441873 0.897078 0
    outer loop
      vertex -120.125 80.1684 0
      vertex -120.448 80.0093 3
      vertex -120.125 80.1684 3
    endloop
  endfacet
  facet normal -0.441873 0.897078 0
    outer loop
      vertex -120.448 80.0093 3
      vertex -120.125 80.1684 0
      vertex -120.448 80.0093 0
    endloop
  endfacet
  facet normal -0.896971 0.44209 0
    outer loop
      vertex -119.118 81.175 0
      vertex -118.959 81.4976 3
      vertex -118.959 81.4976 0
    endloop
  endfacet
  facet normal -0.896971 0.44209 0
    outer loop
      vertex -118.959 81.4976 3
      vertex -119.118 81.175 0
      vertex -119.118 81.175 3
    endloop
  endfacet
  facet normal 0.0653198 0.997864 -0
    outer loop
      vertex -121.5 79.8 0
      vertex -121.859 79.8235 3
      vertex -121.5 79.8 3
    endloop
  endfacet
  facet normal 0.0653198 0.997864 0
    outer loop
      vertex -121.859 79.8235 3
      vertex -121.5 79.8 0
      vertex -121.859 79.8235 0
    endloop
  endfacet
  facet normal 0.441873 0.897078 -0
    outer loop
      vertex -122.552 80.0093 0
      vertex -122.875 80.1684 3
      vertex -122.552 80.0093 3
    endloop
  endfacet
  facet normal 0.441873 0.897078 0
    outer loop
      vertex -122.875 80.1684 3
      vertex -122.552 80.0093 0
      vertex -122.875 80.1684 0
    endloop
  endfacet
  facet normal 0.947452 0.319897 0
    outer loop
      vertex -124.041 81.4976 3
      vertex -124.156 81.8382 0
      vertex -124.156 81.8382 3
    endloop
  endfacet
  facet normal 0.947452 0.319897 0
    outer loop
      vertex -124.156 81.8382 0
      vertex -124.041 81.4976 3
      vertex -124.041 81.4976 0
    endloop
  endfacet
  facet normal 0.997772 0.066722 0
    outer loop
      vertex -124.226 82.1911 3
      vertex -124.25 82.55 0
      vertex -124.25 82.55 3
    endloop
  endfacet
  facet normal 0.997772 0.066722 0
    outer loop
      vertex -124.25 82.55 0
      vertex -124.226 82.1911 3
      vertex -124.226 82.1911 0
    endloop
  endfacet
  facet normal 0.83128 0.555854 0
    outer loop
      vertex -123.682 80.8759 3
      vertex -123.882 81.175 0
      vertex -123.882 81.175 3
    endloop
  endfacet
  facet normal 0.83128 0.555854 0
    outer loop
      vertex -123.882 81.175 0
      vertex -123.682 80.8759 3
      vertex -123.682 80.8759 0
    endloop
  endfacet
  facet normal -0.980868 -0.194672 0
    outer loop
      vertex -118.774 82.909 0
      vertex -118.844 83.2617 3
      vertex -118.844 83.2617 0
    endloop
  endfacet
  facet normal -0.980868 -0.194672 0
    outer loop
      vertex -118.844 83.2617 3
      vertex -118.774 82.909 0
      vertex -118.774 82.909 3
    endloop
  endfacet
  facet normal -0.0653198 -0.997864 0
    outer loop
      vertex -121.5 85.3 0
      vertex -121.141 85.2765 3
      vertex -121.5 85.3 3
    endloop
  endfacet
  facet normal -0.0653198 -0.997864 -0
    outer loop
      vertex -121.141 85.2765 3
      vertex -121.5 85.3 0
      vertex -121.141 85.2765 0
    endloop
  endfacet
  facet normal -0.980889 0.194566 0
    outer loop
      vertex -118.844 81.8382 0
      vertex -118.774 82.1911 3
      vertex -118.774 82.1911 0
    endloop
  endfacet
  facet normal -0.980889 0.194566 0
    outer loop
      vertex -118.774 82.1911 3
      vertex -118.844 81.8382 0
      vertex -118.844 81.8382 3
    endloop
  endfacet
  facet normal -0.55579 0.831322 0
    outer loop
      vertex -119.826 80.3683 0
      vertex -120.125 80.1684 3
      vertex -119.826 80.3683 3
    endloop
  endfacet
  facet normal -0.55579 0.831322 0
    outer loop
      vertex -120.125 80.1684 3
      vertex -119.826 80.3683 0
      vertex -120.125 80.1684 0
    endloop
  endfacet
  facet normal -0.83128 0.555854 0
    outer loop
      vertex -119.318 80.8759 0
      vertex -119.118 81.175 3
      vertex -119.118 81.175 0
    endloop
  endfacet
  facet normal -0.83128 0.555854 0
    outer loop
      vertex -119.118 81.175 3
      vertex -119.318 80.8759 0
      vertex -119.318 80.8759 3
    endloop
  endfacet
  facet normal 0.55579 0.831322 -0
    outer loop
      vertex -122.875 80.1684 0
      vertex -123.174 80.3683 3
      vertex -122.875 80.1684 3
    endloop
  endfacet
  facet normal 0.55579 0.831322 0
    outer loop
      vertex -123.174 80.3683 3
      vertex -122.875 80.1684 0
      vertex -123.174 80.3683 0
    endloop
  endfacet
  facet normal 0.980889 0.194566 0
    outer loop
      vertex -124.156 81.8382 3
      vertex -124.226 82.1911 0
      vertex -124.226 82.1911 3
    endloop
  endfacet
  facet normal 0.980889 0.194566 0
    outer loop
      vertex -124.226 82.1911 0
      vertex -124.156 81.8382 3
      vertex -124.156 81.8382 0
    endloop
  endfacet
  facet normal 0.752025 0.659134 0
    outer loop
      vertex -123.445 80.6055 3
      vertex -123.682 80.8759 0
      vertex -123.682 80.8759 3
    endloop
  endfacet
  facet normal 0.752025 0.659134 0
    outer loop
      vertex -123.682 80.8759 0
      vertex -123.445 80.6055 3
      vertex -123.445 80.6055 0
    endloop
  endfacet
  facet normal -0.896971 -0.44209 0
    outer loop
      vertex 124.041 51.8524 0
      vertex 123.882 52.175 3
      vertex 123.882 52.175 0
    endloop
  endfacet
  facet normal -0.896971 -0.44209 0
    outer loop
      vertex 123.882 52.175 3
      vertex 124.041 51.8524 0
      vertex 124.041 51.8524 3
    endloop
  endfacet
  facet normal -0.83128 -0.555854 0
    outer loop
      vertex 123.882 52.175 0
      vertex 123.682 52.4741 3
      vertex 123.682 52.4741 0
    endloop
  endfacet
  facet normal -0.83128 -0.555854 0
    outer loop
      vertex 123.682 52.4741 3
      vertex 123.882 52.175 0
      vertex 123.882 52.175 3
    endloop
  endfacet
  facet normal -0.321903 -0.946773 0
    outer loop
      vertex 122.212 53.4563 0
      vertex 122.552 53.3407 3
      vertex 122.212 53.4563 3
    endloop
  endfacet
  facet normal -0.321903 -0.946773 -0
    outer loop
      vertex 122.552 53.3407 3
      vertex 122.212 53.4563 0
      vertex 122.552 53.3407 0
    endloop
  endfacet
  facet normal 0.441873 -0.897078 0
    outer loop
      vertex 120.125 53.1816 0
      vertex 120.448 53.3407 3
      vertex 120.125 53.1816 3
    endloop
  endfacet
  facet normal 0.441873 -0.897078 0
    outer loop
      vertex 120.448 53.3407 3
      vertex 120.125 53.1816 0
      vertex 120.448 53.3407 0
    endloop
  endfacet
  facet normal 0.947452 -0.319897 0
    outer loop
      vertex 118.844 51.5118 3
      vertex 118.959 51.8524 0
      vertex 118.959 51.8524 3
    endloop
  endfacet
  facet normal 0.947452 -0.319897 0
    outer loop
      vertex 118.959 51.8524 0
      vertex 118.844 51.5118 3
      vertex 118.844 51.5118 0
    endloop
  endfacet
  facet normal -0.980889 0.194566 0
    outer loop
      vertex 124.156 50.0882 0
      vertex 124.226 50.4411 3
      vertex 124.226 50.4411 0
    endloop
  endfacet
  facet normal -0.980889 0.194566 0
    outer loop
      vertex 124.226 50.4411 3
      vertex 124.156 50.0882 0
      vertex 124.156 50.0882 3
    endloop
  endfacet
  facet normal -0.658623 -0.752473 0
    outer loop
      vertex 123.174 52.9817 0
      vertex 123.445 52.7445 3
      vertex 123.174 52.9817 3
    endloop
  endfacet
  facet normal -0.658623 -0.752473 -0
    outer loop
      vertex 123.445 52.7445 3
      vertex 123.174 52.9817 0
      vertex 123.445 52.7445 0
    endloop
  endfacet
  facet normal -0.0653198 -0.997864 0
    outer loop
      vertex 121.5 53.55 0
      vertex 121.859 53.5265 3
      vertex 121.5 53.55 3
    endloop
  endfacet
  facet normal -0.0653198 -0.997864 -0
    outer loop
      vertex 121.859 53.5265 3
      vertex 121.5 53.55 0
      vertex 121.859 53.5265 0
    endloop
  endfacet
  facet normal -0.441873 -0.897078 0
    outer loop
      vertex 122.552 53.3407 0
      vertex 122.875 53.1816 3
      vertex 122.552 53.3407 3
    endloop
  endfacet
  facet normal -0.441873 -0.897078 -0
    outer loop
      vertex 122.875 53.1816 3
      vertex 122.552 53.3407 0
      vertex 122.875 53.1816 0
    endloop
  endfacet
  facet normal 0.997772 -0.066722 0
    outer loop
      vertex 118.75 50.8 3
      vertex 118.774 51.1589 0
      vertex 118.774 51.1589 3
    endloop
  endfacet
  facet normal 0.997772 -0.066722 0
    outer loop
      vertex 118.774 51.1589 0
      vertex 118.75 50.8 3
      vertex 118.75 50.8 0
    endloop
  endfacet
  facet normal 0.83128 -0.555854 0
    outer loop
      vertex 119.118 52.175 3
      vertex 119.318 52.4741 0
      vertex 119.318 52.4741 3
    endloop
  endfacet
  facet normal 0.83128 -0.555854 0
    outer loop
      vertex 119.318 52.4741 0
      vertex 119.118 52.175 3
      vertex 119.118 52.175 0
    endloop
  endfacet
  facet normal 0.321903 -0.946773 0
    outer loop
      vertex 120.448 53.3407 0
      vertex 120.788 53.4563 3
      vertex 120.448 53.3407 3
    endloop
  endfacet
  facet normal 0.321903 -0.946773 0
    outer loop
      vertex 120.788 53.4563 3
      vertex 120.448 53.3407 0
      vertex 120.788 53.4563 0
    endloop
  endfacet
  facet normal 0.752025 -0.659134 0
    outer loop
      vertex 119.318 52.4741 3
      vertex 119.555 52.7445 0
      vertex 119.555 52.7445 3
    endloop
  endfacet
  facet normal 0.752025 -0.659134 0
    outer loop
      vertex 119.555 52.7445 0
      vertex 119.318 52.4741 3
      vertex 119.318 52.4741 0
    endloop
  endfacet
  facet normal -0.997772 -0.066722 0
    outer loop
      vertex 124.25 50.8 0
      vertex 124.226 51.1589 3
      vertex 124.226 51.1589 0
    endloop
  endfacet
  facet normal -0.997772 -0.066722 0
    outer loop
      vertex 124.226 51.1589 3
      vertex 124.25 50.8 0
      vertex 124.25 50.8 3
    endloop
  endfacet
  facet normal -0.55579 0.831322 0
    outer loop
      vertex 123.174 48.6183 0
      vertex 122.875 48.4184 3
      vertex 123.174 48.6183 3
    endloop
  endfacet
  facet normal -0.55579 0.831322 0
    outer loop
      vertex 122.875 48.4184 3
      vertex 123.174 48.6183 0
      vertex 122.875 48.4184 0
    endloop
  endfacet
  facet normal -0.947452 0.319897 0
    outer loop
      vertex 124.041 49.7476 0
      vertex 124.156 50.0882 3
      vertex 124.156 50.0882 0
    endloop
  endfacet
  facet normal -0.947452 0.319897 0
    outer loop
      vertex 124.156 50.0882 3
      vertex 124.041 49.7476 0
      vertex 124.041 49.7476 3
    endloop
  endfacet
  facet normal -0.980889 -0.194566 0
    outer loop
      vertex 124.226 51.1589 0
      vertex 124.156 51.5118 3
      vertex 124.156 51.5118 0
    endloop
  endfacet
  facet normal -0.980889 -0.194566 0
    outer loop
      vertex 124.156 51.5118 3
      vertex 124.226 51.1589 0
      vertex 124.226 51.1589 3
    endloop
  endfacet
  facet normal -0.947452 -0.319897 0
    outer loop
      vertex 124.156 51.5118 0
      vertex 124.041 51.8524 3
      vertex 124.041 51.8524 0
    endloop
  endfacet
  facet normal -0.947452 -0.319897 0
    outer loop
      vertex 124.041 51.8524 3
      vertex 124.156 51.5118 0
      vertex 124.156 51.5118 3
    endloop
  endfacet
  facet normal -0.752025 -0.659134 0
    outer loop
      vertex 123.682 52.4741 0
      vertex 123.445 52.7445 3
      vertex 123.445 52.7445 0
    endloop
  endfacet
  facet normal -0.752025 -0.659134 0
    outer loop
      vertex 123.445 52.7445 3
      vertex 123.682 52.4741 0
      vertex 123.682 52.4741 3
    endloop
  endfacet
  facet normal 0.0653198 -0.997864 0
    outer loop
      vertex 121.141 53.5265 0
      vertex 121.5 53.55 3
      vertex 121.141 53.5265 3
    endloop
  endfacet
  facet normal 0.0653198 -0.997864 0
    outer loop
      vertex 121.5 53.55 3
      vertex 121.141 53.5265 0
      vertex 121.5 53.55 0
    endloop
  endfacet
  facet normal -0.195047 -0.980794 0
    outer loop
      vertex 121.859 53.5265 0
      vertex 122.212 53.4563 3
      vertex 121.859 53.5265 3
    endloop
  endfacet
  facet normal -0.195047 -0.980794 -0
    outer loop
      vertex 122.212 53.4563 3
      vertex 121.859 53.5265 0
      vertex 122.212 53.4563 0
    endloop
  endfacet
  facet normal -0.55579 -0.831322 0
    outer loop
      vertex 122.875 53.1816 0
      vertex 123.174 52.9817 3
      vertex 122.875 53.1816 3
    endloop
  endfacet
  facet normal -0.55579 -0.831322 -0
    outer loop
      vertex 123.174 52.9817 3
      vertex 122.875 53.1816 0
      vertex 123.174 52.9817 0
    endloop
  endfacet
  facet normal 0.997772 0.066722 0
    outer loop
      vertex 118.774 50.4411 3
      vertex 118.75 50.8 0
      vertex 118.75 50.8 3
    endloop
  endfacet
  facet normal 0.997772 0.066722 0
    outer loop
      vertex 118.75 50.8 0
      vertex 118.774 50.4411 3
      vertex 118.774 50.4411 0
    endloop
  endfacet
  facet normal 0.980889 -0.194566 0
    outer loop
      vertex 118.774 51.1589 3
      vertex 118.844 51.5118 0
      vertex 118.844 51.5118 3
    endloop
  endfacet
  facet normal 0.980889 -0.194566 0
    outer loop
      vertex 118.844 51.5118 0
      vertex 118.774 51.1589 3
      vertex 118.774 51.1589 0
    endloop
  endfacet
  facet normal 0.896971 -0.44209 0
    outer loop
      vertex 118.959 51.8524 3
      vertex 119.118 52.175 0
      vertex 119.118 52.175 3
    endloop
  endfacet
  facet normal 0.896971 -0.44209 0
    outer loop
      vertex 119.118 52.175 0
      vertex 118.959 51.8524 3
      vertex 118.959 51.8524 0
    endloop
  endfacet
  facet normal 0.195047 -0.980794 0
    outer loop
      vertex 120.788 53.4563 0
      vertex 121.141 53.5265 3
      vertex 120.788 53.4563 3
    endloop
  endfacet
  facet normal 0.195047 -0.980794 0
    outer loop
      vertex 121.141 53.5265 3
      vertex 120.788 53.4563 0
      vertex 121.141 53.5265 0
    endloop
  endfacet
  facet normal 0.658623 -0.752473 0
    outer loop
      vertex 119.555 52.7445 0
      vertex 119.826 52.9817 3
      vertex 119.555 52.7445 3
    endloop
  endfacet
  facet normal 0.658623 -0.752473 0
    outer loop
      vertex 119.826 52.9817 3
      vertex 119.555 52.7445 0
      vertex 119.826 52.9817 0
    endloop
  endfacet
  facet normal 0.55579 -0.831322 0
    outer loop
      vertex 119.826 52.9817 0
      vertex 120.125 53.1816 3
      vertex 119.826 52.9817 3
    endloop
  endfacet
  facet normal 0.55579 -0.831322 0
    outer loop
      vertex 120.125 53.1816 3
      vertex 119.826 52.9817 0
      vertex 120.125 53.1816 0
    endloop
  endfacet
  facet normal -0.997772 0.066722 0
    outer loop
      vertex 124.226 50.4411 0
      vertex 124.25 50.8 3
      vertex 124.25 50.8 0
    endloop
  endfacet
  facet normal -0.997772 0.066722 0
    outer loop
      vertex 124.25 50.8 3
      vertex 124.226 50.4411 0
      vertex 124.226 50.4411 3
    endloop
  endfacet
  facet normal 0.980889 0.194566 0
    outer loop
      vertex 118.844 50.0882 3
      vertex 118.774 50.4411 0
      vertex 118.774 50.4411 3
    endloop
  endfacet
  facet normal 0.980889 0.194566 0
    outer loop
      vertex 118.774 50.4411 0
      vertex 118.844 50.0882 3
      vertex 118.844 50.0882 0
    endloop
  endfacet
  facet normal 0.947452 0.319897 0
    outer loop
      vertex 118.959 49.7476 3
      vertex 118.844 50.0882 0
      vertex 118.844 50.0882 3
    endloop
  endfacet
  facet normal 0.947452 0.319897 0
    outer loop
      vertex 118.844 50.0882 0
      vertex 118.959 49.7476 3
      vertex 118.959 49.7476 0
    endloop
  endfacet
  facet normal 0.83128 0.555854 0
    outer loop
      vertex 119.318 49.1259 3
      vertex 119.118 49.425 0
      vertex 119.118 49.425 3
    endloop
  endfacet
  facet normal 0.83128 0.555854 0
    outer loop
      vertex 119.118 49.425 0
      vertex 119.318 49.1259 3
      vertex 119.318 49.1259 0
    endloop
  endfacet
  facet normal -0.195047 0.980794 0
    outer loop
      vertex 122.212 48.1437 0
      vertex 121.859 48.0735 3
      vertex 122.212 48.1437 3
    endloop
  endfacet
  facet normal -0.195047 0.980794 0
    outer loop
      vertex 121.859 48.0735 3
      vertex 122.212 48.1437 0
      vertex 121.859 48.0735 0
    endloop
  endfacet
  facet normal -0.752025 0.659134 0
    outer loop
      vertex 123.445 48.8555 0
      vertex 123.682 49.1259 3
      vertex 123.682 49.1259 0
    endloop
  endfacet
  facet normal -0.752025 0.659134 0
    outer loop
      vertex 123.682 49.1259 3
      vertex 123.445 48.8555 0
      vertex 123.445 48.8555 3
    endloop
  endfacet
  facet normal -0.896971 0.44209 0
    outer loop
      vertex 123.882 49.425 0
      vertex 124.041 49.7476 3
      vertex 124.041 49.7476 0
    endloop
  endfacet
  facet normal -0.896971 0.44209 0
    outer loop
      vertex 124.041 49.7476 3
      vertex 123.882 49.425 0
      vertex 123.882 49.425 3
    endloop
  endfacet
  facet normal -0.0653198 0.997864 0
    outer loop
      vertex 121.859 48.0735 0
      vertex 121.5 48.05 3
      vertex 121.859 48.0735 3
    endloop
  endfacet
  facet normal -0.0653198 0.997864 0
    outer loop
      vertex 121.5 48.05 3
      vertex 121.859 48.0735 0
      vertex 121.5 48.05 0
    endloop
  endfacet
  facet normal 0.658623 0.752473 -0
    outer loop
      vertex 119.826 48.6183 0
      vertex 119.555 48.8555 3
      vertex 119.826 48.6183 3
    endloop
  endfacet
  facet normal 0.658623 0.752473 0
    outer loop
      vertex 119.555 48.8555 3
      vertex 119.826 48.6183 0
      vertex 119.555 48.8555 0
    endloop
  endfacet
  facet normal -0.441873 0.897078 0
    outer loop
      vertex 122.875 48.4184 0
      vertex 122.552 48.2593 3
      vertex 122.875 48.4184 3
    endloop
  endfacet
  facet normal -0.441873 0.897078 0
    outer loop
      vertex 122.552 48.2593 3
      vertex 122.875 48.4184 0
      vertex 122.552 48.2593 0
    endloop
  endfacet
  facet normal -0.321903 0.946773 0
    outer loop
      vertex 122.552 48.2593 0
      vertex 122.212 48.1437 3
      vertex 122.552 48.2593 3
    endloop
  endfacet
  facet normal -0.321903 0.946773 0
    outer loop
      vertex 122.212 48.1437 3
      vertex 122.552 48.2593 0
      vertex 122.212 48.1437 0
    endloop
  endfacet
  facet normal -0.658623 0.752473 0
    outer loop
      vertex 123.445 48.8555 0
      vertex 123.174 48.6183 3
      vertex 123.445 48.8555 3
    endloop
  endfacet
  facet normal -0.658623 0.752473 0
    outer loop
      vertex 123.174 48.6183 3
      vertex 123.445 48.8555 0
      vertex 123.174 48.6183 0
    endloop
  endfacet
  facet normal -0.83128 0.555854 0
    outer loop
      vertex 123.682 49.1259 0
      vertex 123.882 49.425 3
      vertex 123.882 49.425 0
    endloop
  endfacet
  facet normal -0.83128 0.555854 0
    outer loop
      vertex 123.882 49.425 3
      vertex 123.682 49.1259 0
      vertex 123.682 49.1259 3
    endloop
  endfacet
  facet normal 0.55579 0.831322 -0
    outer loop
      vertex 120.125 48.4184 0
      vertex 119.826 48.6183 3
      vertex 120.125 48.4184 3
    endloop
  endfacet
  facet normal 0.55579 0.831322 0
    outer loop
      vertex 119.826 48.6183 3
      vertex 120.125 48.4184 0
      vertex 119.826 48.6183 0
    endloop
  endfacet
  facet normal 0.321903 0.946773 -0
    outer loop
      vertex 120.788 48.1437 0
      vertex 120.448 48.2593 3
      vertex 120.788 48.1437 3
    endloop
  endfacet
  facet normal 0.321903 0.946773 0
    outer loop
      vertex 120.448 48.2593 3
      vertex 120.788 48.1437 0
      vertex 120.448 48.2593 0
    endloop
  endfacet
  facet normal 0.195047 0.980794 -0
    outer loop
      vertex 121.141 48.0735 0
      vertex 120.788 48.1437 3
      vertex 121.141 48.0735 3
    endloop
  endfacet
  facet normal 0.195047 0.980794 0
    outer loop
      vertex 120.788 48.1437 3
      vertex 121.141 48.0735 0
      vertex 120.788 48.1437 0
    endloop
  endfacet
  facet normal 0.896971 0.44209 0
    outer loop
      vertex 119.118 49.425 3
      vertex 118.959 49.7476 0
      vertex 118.959 49.7476 3
    endloop
  endfacet
  facet normal 0.896971 0.44209 0
    outer loop
      vertex 118.959 49.7476 0
      vertex 119.118 49.425 3
      vertex 119.118 49.425 0
    endloop
  endfacet
  facet normal 0.441873 0.897078 -0
    outer loop
      vertex 120.448 48.2593 0
      vertex 120.125 48.4184 3
      vertex 120.448 48.2593 3
    endloop
  endfacet
  facet normal 0.441873 0.897078 0
    outer loop
      vertex 120.125 48.4184 3
      vertex 120.448 48.2593 0
      vertex 120.125 48.4184 0
    endloop
  endfacet
  facet normal 0.0653198 0.997864 -0
    outer loop
      vertex 121.5 48.05 0
      vertex 121.141 48.0735 3
      vertex 121.5 48.05 3
    endloop
  endfacet
  facet normal 0.0653198 0.997864 0
    outer loop
      vertex 121.141 48.0735 3
      vertex 121.5 48.05 0
      vertex 121.141 48.0735 0
    endloop
  endfacet
  facet normal 0.752025 0.659134 0
    outer loop
      vertex 119.555 48.8555 3
      vertex 119.318 49.1259 0
      vertex 119.318 49.1259 3
    endloop
  endfacet
  facet normal 0.752025 0.659134 0
    outer loop
      vertex 119.318 49.1259 0
      vertex 119.555 48.8555 3
      vertex 119.555 48.8555 0
    endloop
  endfacet
  facet normal -0.896971 -0.44209 0
    outer loop
      vertex 124.041 83.6024 0
      vertex 123.882 83.925 3
      vertex 123.882 83.925 0
    endloop
  endfacet
  facet normal -0.896971 -0.44209 0
    outer loop
      vertex 123.882 83.925 3
      vertex 124.041 83.6024 0
      vertex 124.041 83.6024 3
    endloop
  endfacet
  facet normal 0.980868 -0.194672 0
    outer loop
      vertex 118.774 82.909 3
      vertex 118.844 83.2617 0
      vertex 118.844 83.2617 3
    endloop
  endfacet
  facet normal 0.980868 -0.194672 0
    outer loop
      vertex 118.844 83.2617 0
      vertex 118.774 82.909 3
      vertex 118.774 82.909 0
    endloop
  endfacet
  facet normal -0.83128 -0.555854 0
    outer loop
      vertex 123.882 83.925 0
      vertex 123.682 84.2241 3
      vertex 123.682 84.2241 0
    endloop
  endfacet
  facet normal -0.83128 -0.555854 0
    outer loop
      vertex 123.682 84.2241 3
      vertex 123.882 83.925 0
      vertex 123.882 83.925 3
    endloop
  endfacet
  facet normal -0.321903 -0.946773 0
    outer loop
      vertex 122.212 85.2063 0
      vertex 122.552 85.0907 3
      vertex 122.212 85.2063 3
    endloop
  endfacet
  facet normal -0.321903 -0.946773 -0
    outer loop
      vertex 122.552 85.0907 3
      vertex 122.212 85.2063 0
      vertex 122.552 85.0907 0
    endloop
  endfacet
  facet normal 0.441873 -0.897078 0
    outer loop
      vertex 120.125 84.9316 0
      vertex 120.448 85.0907 3
      vertex 120.125 84.9316 3
    endloop
  endfacet
  facet normal 0.441873 -0.897078 0
    outer loop
      vertex 120.448 85.0907 3
      vertex 120.125 84.9316 0
      vertex 120.448 85.0907 0
    endloop
  endfacet
  facet normal 0.947481 -0.319813 0
    outer loop
      vertex 118.844 83.2617 3
      vertex 118.959 83.6024 0
      vertex 118.959 83.6024 3
    endloop
  endfacet
  facet normal 0.947481 -0.319813 0
    outer loop
      vertex 118.959 83.6024 0
      vertex 118.844 83.2617 3
      vertex 118.844 83.2617 0
    endloop
  endfacet
  facet normal -0.980889 0.194566 0
    outer loop
      vertex 124.156 81.8382 0
      vertex 124.226 82.1911 3
      vertex 124.226 82.1911 0
    endloop
  endfacet
  facet normal -0.980889 0.194566 0
    outer loop
      vertex 124.226 82.1911 3
      vertex 124.156 81.8382 0
      vertex 124.156 81.8382 3
    endloop
  endfacet
  facet normal -0.658623 -0.752473 0
    outer loop
      vertex 123.174 84.7317 0
      vertex 123.445 84.4945 3
      vertex 123.174 84.7317 3
    endloop
  endfacet
  facet normal -0.658623 -0.752473 -0
    outer loop
      vertex 123.445 84.4945 3
      vertex 123.174 84.7317 0
      vertex 123.445 84.4945 0
    endloop
  endfacet
  facet normal -0.0653198 -0.997864 0
    outer loop
      vertex 121.5 85.3 0
      vertex 121.859 85.2765 3
      vertex 121.5 85.3 3
    endloop
  endfacet
  facet normal -0.0653198 -0.997864 -0
    outer loop
      vertex 121.859 85.2765 3
      vertex 121.5 85.3 0
      vertex 121.859 85.2765 0
    endloop
  endfacet
  facet normal -0.441873 -0.897078 0
    outer loop
      vertex 122.552 85.0907 0
      vertex 122.875 84.9316 3
      vertex 122.552 85.0907 3
    endloop
  endfacet
  facet normal -0.441873 -0.897078 -0
    outer loop
      vertex 122.875 84.9316 3
      vertex 122.552 85.0907 0
      vertex 122.875 84.9316 0
    endloop
  endfacet
  facet normal 0.997773 -0.0667035 0
    outer loop
      vertex 118.75 82.55 3
      vertex 118.774 82.909 0
      vertex 118.774 82.909 3
    endloop
  endfacet
  facet normal 0.997773 -0.0667035 0
    outer loop
      vertex 118.774 82.909 0
      vertex 118.75 82.55 3
      vertex 118.75 82.55 0
    endloop
  endfacet
  facet normal 0.83128 -0.555854 0
    outer loop
      vertex 119.118 83.925 3
      vertex 119.318 84.2241 0
      vertex 119.318 84.2241 3
    endloop
  endfacet
  facet normal 0.83128 -0.555854 0
    outer loop
      vertex 119.318 84.2241 0
      vertex 119.118 83.925 3
      vertex 119.118 83.925 0
    endloop
  endfacet
  facet normal 0.321903 -0.946773 0
    outer loop
      vertex 120.448 85.0907 0
      vertex 120.788 85.2063 3
      vertex 120.448 85.0907 3
    endloop
  endfacet
  facet normal 0.321903 -0.946773 0
    outer loop
      vertex 120.788 85.2063 3
      vertex 120.448 85.0907 0
      vertex 120.788 85.2063 0
    endloop
  endfacet
  facet normal 0.752025 -0.659134 0
    outer loop
      vertex 119.318 84.2241 3
      vertex 119.555 84.4945 0
      vertex 119.555 84.4945 3
    endloop
  endfacet
  facet normal 0.752025 -0.659134 0
    outer loop
      vertex 119.555 84.4945 0
      vertex 119.318 84.2241 3
      vertex 119.318 84.2241 0
    endloop
  endfacet
  facet normal -0.997773 -0.0667035 0
    outer loop
      vertex 124.25 82.55 0
      vertex 124.226 82.909 3
      vertex 124.226 82.909 0
    endloop
  endfacet
  facet normal -0.997773 -0.0667035 0
    outer loop
      vertex 124.226 82.909 3
      vertex 124.25 82.55 0
      vertex 124.25 82.55 3
    endloop
  endfacet
  facet normal -0.947452 0.319897 0
    outer loop
      vertex 124.041 81.4976 0
      vertex 124.156 81.8382 3
      vertex 124.156 81.8382 0
    endloop
  endfacet
  facet normal -0.947452 0.319897 0
    outer loop
      vertex 124.156 81.8382 3
      vertex 124.041 81.4976 0
      vertex 124.041 81.4976 3
    endloop
  endfacet
  facet normal -0.980868 -0.194672 0
    outer loop
      vertex 124.226 82.909 0
      vertex 124.156 83.2617 3
      vertex 124.156 83.2617 0
    endloop
  endfacet
  facet normal -0.980868 -0.194672 0
    outer loop
      vertex 124.156 83.2617 3
      vertex 124.226 82.909 0
      vertex 124.226 82.909 3
    endloop
  endfacet
  facet normal -0.947481 -0.319813 0
    outer loop
      vertex 124.156 83.2617 0
      vertex 124.041 83.6024 3
      vertex 124.041 83.6024 0
    endloop
  endfacet
  facet normal -0.947481 -0.319813 0
    outer loop
      vertex 124.041 83.6024 3
      vertex 124.156 83.2617 0
      vertex 124.156 83.2617 3
    endloop
  endfacet
  facet normal -0.752025 -0.659134 0
    outer loop
      vertex 123.682 84.2241 0
      vertex 123.445 84.4945 3
      vertex 123.445 84.4945 0
    endloop
  endfacet
  facet normal -0.752025 -0.659134 0
    outer loop
      vertex 123.445 84.4945 3
      vertex 123.682 84.2241 0
      vertex 123.682 84.2241 3
    endloop
  endfacet
  facet normal 0.0653198 -0.997864 0
    outer loop
      vertex 121.141 85.2765 0
      vertex 121.5 85.3 3
      vertex 121.141 85.2765 3
    endloop
  endfacet
  facet normal 0.0653198 -0.997864 0
    outer loop
      vertex 121.5 85.3 3
      vertex 121.141 85.2765 0
      vertex 121.5 85.3 0
    endloop
  endfacet
  facet normal -0.195047 -0.980794 0
    outer loop
      vertex 121.859 85.2765 0
      vertex 122.212 85.2063 3
      vertex 121.859 85.2765 3
    endloop
  endfacet
  facet normal -0.195047 -0.980794 -0
    outer loop
      vertex 122.212 85.2063 3
      vertex 121.859 85.2765 0
      vertex 122.212 85.2063 0
    endloop
  endfacet
  facet normal -0.55579 -0.831322 0
    outer loop
      vertex 122.875 84.9316 0
      vertex 123.174 84.7317 3
      vertex 122.875 84.9316 3
    endloop
  endfacet
  facet normal -0.55579 -0.831322 -0
    outer loop
      vertex 123.174 84.7317 3
      vertex 122.875 84.9316 0
      vertex 123.174 84.7317 0
    endloop
  endfacet
  facet normal 0.997772 0.066722 0
    outer loop
      vertex 118.774 82.1911 3
      vertex 118.75 82.55 0
      vertex 118.75 82.55 3
    endloop
  endfacet
  facet normal 0.997772 0.066722 0
    outer loop
      vertex 118.75 82.55 0
      vertex 118.774 82.1911 3
      vertex 118.774 82.1911 0
    endloop
  endfacet
  facet normal 0.896971 -0.44209 0
    outer loop
      vertex 118.959 83.6024 3
      vertex 119.118 83.925 0
      vertex 119.118 83.925 3
    endloop
  endfacet
  facet normal 0.896971 -0.44209 0
    outer loop
      vertex 119.118 83.925 0
      vertex 118.959 83.6024 3
      vertex 118.959 83.6024 0
    endloop
  endfacet
  facet normal 0.195047 -0.980794 0
    outer loop
      vertex 120.788 85.2063 0
      vertex 121.141 85.2765 3
      vertex 120.788 85.2063 3
    endloop
  endfacet
  facet normal 0.195047 -0.980794 0
    outer loop
      vertex 121.141 85.2765 3
      vertex 120.788 85.2063 0
      vertex 121.141 85.2765 0
    endloop
  endfacet
  facet normal 0.658623 -0.752473 0
    outer loop
      vertex 119.555 84.4945 0
      vertex 119.826 84.7317 3
      vertex 119.555 84.4945 3
    endloop
  endfacet
  facet normal 0.658623 -0.752473 0
    outer loop
      vertex 119.826 84.7317 3
      vertex 119.555 84.4945 0
      vertex 119.826 84.7317 0
    endloop
  endfacet
  facet normal 0.55579 -0.831322 0
    outer loop
      vertex 119.826 84.7317 0
      vertex 120.125 84.9316 3
      vertex 119.826 84.7317 3
    endloop
  endfacet
  facet normal 0.55579 -0.831322 0
    outer loop
      vertex 120.125 84.9316 3
      vertex 119.826 84.7317 0
      vertex 120.125 84.9316 0
    endloop
  endfacet
  facet normal -0.997772 0.066722 0
    outer loop
      vertex 124.226 82.1911 0
      vertex 124.25 82.55 3
      vertex 124.25 82.55 0
    endloop
  endfacet
  facet normal -0.997772 0.066722 0
    outer loop
      vertex 124.25 82.55 3
      vertex 124.226 82.1911 0
      vertex 124.226 82.1911 3
    endloop
  endfacet
  facet normal 0.980889 0.194566 0
    outer loop
      vertex 118.844 81.8382 3
      vertex 118.774 82.1911 0
      vertex 118.774 82.1911 3
    endloop
  endfacet
  facet normal 0.980889 0.194566 0
    outer loop
      vertex 118.774 82.1911 0
      vertex 118.844 81.8382 3
      vertex 118.844 81.8382 0
    endloop
  endfacet
  facet normal 0.947452 0.319897 0
    outer loop
      vertex 118.959 81.4976 3
      vertex 118.844 81.8382 0
      vertex 118.844 81.8382 3
    endloop
  endfacet
  facet normal 0.947452 0.319897 0
    outer loop
      vertex 118.844 81.8382 0
      vertex 118.959 81.4976 3
      vertex 118.959 81.4976 0
    endloop
  endfacet
  facet normal 0.83128 0.555854 0
    outer loop
      vertex 119.318 80.8759 3
      vertex 119.118 81.175 0
      vertex 119.118 81.175 3
    endloop
  endfacet
  facet normal 0.83128 0.555854 0
    outer loop
      vertex 119.118 81.175 0
      vertex 119.318 80.8759 3
      vertex 119.318 80.8759 0
    endloop
  endfacet
  facet normal -0.195047 0.980794 0
    outer loop
      vertex 122.212 79.8937 0
      vertex 121.859 79.8235 3
      vertex 122.212 79.8937 3
    endloop
  endfacet
  facet normal -0.195047 0.980794 0
    outer loop
      vertex 121.859 79.8235 3
      vertex 122.212 79.8937 0
      vertex 121.859 79.8235 0
    endloop
  endfacet
  facet normal -0.752025 0.659134 0
    outer loop
      vertex 123.445 80.6055 0
      vertex 123.682 80.8759 3
      vertex 123.682 80.8759 0
    endloop
  endfacet
  facet normal -0.752025 0.659134 0
    outer loop
      vertex 123.682 80.8759 3
      vertex 123.445 80.6055 0
      vertex 123.445 80.6055 3
    endloop
  endfacet
  facet normal -0.896971 0.44209 0
    outer loop
      vertex 123.882 81.175 0
      vertex 124.041 81.4976 3
      vertex 124.041 81.4976 0
    endloop
  endfacet
  facet normal -0.896971 0.44209 0
    outer loop
      vertex 124.041 81.4976 3
      vertex 123.882 81.175 0
      vertex 123.882 81.175 3
    endloop
  endfacet
  facet normal -0.0653198 0.997864 0
    outer loop
      vertex 121.859 79.8235 0
      vertex 121.5 79.8 3
      vertex 121.859 79.8235 3
    endloop
  endfacet
  facet normal -0.0653198 0.997864 0
    outer loop
      vertex 121.5 79.8 3
      vertex 121.859 79.8235 0
      vertex 121.5 79.8 0
    endloop
  endfacet
  facet normal 0.658623 0.752473 -0
    outer loop
      vertex 119.826 80.3683 0
      vertex 119.555 80.6055 3
      vertex 119.826 80.3683 3
    endloop
  endfacet
  facet normal 0.658623 0.752473 0
    outer loop
      vertex 119.555 80.6055 3
      vertex 119.826 80.3683 0
      vertex 119.555 80.6055 0
    endloop
  endfacet
  facet normal -0.441873 0.897078 0
    outer loop
      vertex 122.875 80.1684 0
      vertex 122.552 80.0093 3
      vertex 122.875 80.1684 3
    endloop
  endfacet
  facet normal -0.441873 0.897078 0
    outer loop
      vertex 122.552 80.0093 3
      vertex 122.875 80.1684 0
      vertex 122.552 80.0093 0
    endloop
  endfacet
  facet normal -0.321903 0.946773 0
    outer loop
      vertex 122.552 80.0093 0
      vertex 122.212 79.8937 3
      vertex 122.552 80.0093 3
    endloop
  endfacet
  facet normal -0.321903 0.946773 0
    outer loop
      vertex 122.212 79.8937 3
      vertex 122.552 80.0093 0
      vertex 122.212 79.8937 0
    endloop
  endfacet
  facet normal -0.658623 0.752473 0
    outer loop
      vertex 123.445 80.6055 0
      vertex 123.174 80.3683 3
      vertex 123.445 80.6055 3
    endloop
  endfacet
  facet normal -0.658623 0.752473 0
    outer loop
      vertex 123.174 80.3683 3
      vertex 123.445 80.6055 0
      vertex 123.174 80.3683 0
    endloop
  endfacet
  facet normal -0.55579 0.831322 0
    outer loop
      vertex 123.174 80.3683 0
      vertex 122.875 80.1684 3
      vertex 123.174 80.3683 3
    endloop
  endfacet
  facet normal -0.55579 0.831322 0
    outer loop
      vertex 122.875 80.1684 3
      vertex 123.174 80.3683 0
      vertex 122.875 80.1684 0
    endloop
  endfacet
  facet normal -0.83128 0.555854 0
    outer loop
      vertex 123.682 80.8759 0
      vertex 123.882 81.175 3
      vertex 123.882 81.175 0
    endloop
  endfacet
  facet normal -0.83128 0.555854 0
    outer loop
      vertex 123.882 81.175 3
      vertex 123.682 80.8759 0
      vertex 123.682 80.8759 3
    endloop
  endfacet
  facet normal 0.55579 0.831322 -0
    outer loop
      vertex 120.125 80.1684 0
      vertex 119.826 80.3683 3
      vertex 120.125 80.1684 3
    endloop
  endfacet
  facet normal 0.55579 0.831322 0
    outer loop
      vertex 119.826 80.3683 3
      vertex 120.125 80.1684 0
      vertex 119.826 80.3683 0
    endloop
  endfacet
  facet normal 0.321903 0.946773 -0
    outer loop
      vertex 120.788 79.8937 0
      vertex 120.448 80.0093 3
      vertex 120.788 79.8937 3
    endloop
  endfacet
  facet normal 0.321903 0.946773 0
    outer loop
      vertex 120.448 80.0093 3
      vertex 120.788 79.8937 0
      vertex 120.448 80.0093 0
    endloop
  endfacet
  facet normal 0.195047 0.980794 -0
    outer loop
      vertex 121.141 79.8235 0
      vertex 120.788 79.8937 3
      vertex 121.141 79.8235 3
    endloop
  endfacet
  facet normal 0.195047 0.980794 0
    outer loop
      vertex 120.788 79.8937 3
      vertex 121.141 79.8235 0
      vertex 120.788 79.8937 0
    endloop
  endfacet
  facet normal 0.896971 0.44209 0
    outer loop
      vertex 119.118 81.175 3
      vertex 118.959 81.4976 0
      vertex 118.959 81.4976 3
    endloop
  endfacet
  facet normal 0.896971 0.44209 0
    outer loop
      vertex 118.959 81.4976 0
      vertex 119.118 81.175 3
      vertex 119.118 81.175 0
    endloop
  endfacet
  facet normal 0.441873 0.897078 -0
    outer loop
      vertex 120.448 80.0093 0
      vertex 120.125 80.1684 3
      vertex 120.448 80.0093 3
    endloop
  endfacet
  facet normal 0.441873 0.897078 0
    outer loop
      vertex 120.125 80.1684 3
      vertex 120.448 80.0093 0
      vertex 120.125 80.1684 0
    endloop
  endfacet
  facet normal 0.0653198 0.997864 -0
    outer loop
      vertex 121.5 79.8 0
      vertex 121.141 79.8235 3
      vertex 121.5 79.8 3
    endloop
  endfacet
  facet normal 0.0653198 0.997864 0
    outer loop
      vertex 121.141 79.8235 3
      vertex 121.5 79.8 0
      vertex 121.141 79.8235 0
    endloop
  endfacet
  facet normal 0.752025 0.659134 0
    outer loop
      vertex 119.555 80.6055 3
      vertex 119.318 80.8759 0
      vertex 119.318 80.8759 3
    endloop
  endfacet
  facet normal 0.752025 0.659134 0
    outer loop
      vertex 119.318 80.8759 0
      vertex 119.555 80.6055 3
      vertex 119.555 80.6055 0
    endloop
  endfacet
  facet normal -1 0 0
    outer loop
      vertex -126.5 0 0
      vertex -126.5 88.9 3
      vertex -126.5 88.9 0
    endloop
  endfacet
  facet normal -1 -0 0
    outer loop
      vertex -126.5 88.9 3
      vertex -126.5 0 0
      vertex -126.5 0 3
    endloop
  endfacet
  facet normal -0 0 1
    outer loop
      vertex -118.844 81.8382 3
      vertex -106.15 77.4 3
      vertex -118.774 82.1911 3
    endloop
  endfacet
  facet normal 0 0 1
    outer loop
      vertex -106.15 77.4 3
      vertex -118.774 51.1589 3
      vertex -118.75 50.8 3
    endloop
  endfacet
  facet normal -0 0 1
    outer loop
      vertex -118.959 81.4976 3
      vertex -106.15 77.4 3
      vertex -118.844 81.8382 3
    endloop
  endfacet
  facet normal 0 0 1
    outer loop
      vertex -106.15 77.4 3
      vertex -118.844 51.5118 3
      vertex -118.774 51.1589 3
    endloop
  endfacet
  facet normal -0 0 1
    outer loop
      vertex -119.118 81.175 3
      vertex -106.15 77.4 3
      vertex -118.959 81.4976 3
    endloop
  endfacet
  facet normal 0 0 1
    outer loop
      vertex -106.15 77.4 3
      vertex -118.959 51.8524 3
      vertex -118.844 51.5118 3
    endloop
  endfacet
  facet normal -0 0 1
    outer loop
      vertex -119.318 80.8759 3
      vertex -106.15 77.4 3
      vertex -119.118 81.175 3
    endloop
  endfacet
  facet normal 0 0 1
    outer loop
      vertex -106.15 77.4 3
      vertex -119.118 52.175 3
      vertex -118.959 51.8524 3
    endloop
  endfacet
  facet normal -0 0 1
    outer loop
      vertex -119.555 80.6055 3
      vertex -106.15 77.4 3
      vertex -119.318 80.8759 3
    endloop
  endfacet
  facet normal 0 0 1
    outer loop
      vertex -106.15 77.4 3
      vertex -119.318 52.4741 3
      vertex -119.118 52.175 3
    endloop
  endfacet
  facet normal -0 0 1
    outer loop
      vertex -119.826 80.3683 3
      vertex -106.15 77.4 3
      vertex -119.555 80.6055 3
    endloop
  endfacet
  facet normal 0 0 1
    outer loop
      vertex -106.15 77.4 3
      vertex -119.555 52.7445 3
      vertex -119.318 52.4741 3
    endloop
  endfacet
  facet normal -0 0 1
    outer loop
      vertex -120.125 80.1684 3
      vertex -106.15 77.4 3
      vertex -119.826 80.3683 3
    endloop
  endfacet
  facet normal 0 0 1
    outer loop
      vertex -106.15 77.4 3
      vertex -119.826 52.9817 3
      vertex -119.555 52.7445 3
    endloop
  endfacet
  facet normal -0 0 1
    outer loop
      vertex -120.448 80.0093 3
      vertex -106.15 77.4 3
      vertex -120.125 80.1684 3
    endloop
  endfacet
  facet normal 0 0 1
    outer loop
      vertex -106.15 77.4 3
      vertex -120.125 53.1816 3
      vertex -119.826 52.9817 3
    endloop
  endfacet
  facet normal 0 0 1
    outer loop
      vertex -120.448 53.3407 3
      vertex -106.15 77.4 3
      vertex -120.448 80.0093 3
    endloop
  endfacet
  facet normal 0 0 1
    outer loop
      vertex -106.15 77.4 3
      vertex -120.448 53.3407 3
      vertex -120.125 53.1816 3
    endloop
  endfacet
  facet normal -0 0 1
    outer loop
      vertex -120.788 79.8937 3
      vertex -120.448 53.3407 3
      vertex -120.448 80.0093 3
    endloop
  endfacet
  facet normal 0 0 1
    outer loop
      vertex -120.788 79.8937 3
      vertex -120.788 53.4563 3
      vertex -120.448 53.3407 3
    endloop
  endfacet
  facet normal -0 0 1
    outer loop
      vertex -121.141 79.8235 3
      vertex -120.788 53.4563 3
      vertex -120.788 79.8937 3
    endloop
  endfacet
  facet normal 0 0 1
    outer loop
      vertex -121.141 79.8235 3
      vertex -121.141 53.5265 3
      vertex -120.788 53.4563 3
    endloop
  endfacet
  facet normal -0 0 1
    outer loop
      vertex -121.5 79.8 3
      vertex -121.141 53.5265 3
      vertex -121.141 79.8235 3
    endloop
  endfacet
  facet normal 0 0 1
    outer loop
      vertex -121.5 79.8 3
      vertex -121.5 53.55 3
      vertex -121.141 53.5265 3
    endloop
  endfacet
  facet normal 0 0 1
    outer loop
      vertex -121.859 79.8235 3
      vertex -121.5 53.55 3
      vertex -121.5 79.8 3
    endloop
  endfacet
  facet normal 0 0 1
    outer loop
      vertex -121.859 79.8235 3
      vertex -121.859 53.5265 3
      vertex -121.5 53.55 3
    endloop
  endfacet
  facet normal 0 0 1
    outer loop
      vertex -122.212 79.8937 3
      vertex -121.859 53.5265 3
      vertex -121.859 79.8235 3
    endloop
  endfacet
  facet normal 0 0 1
    outer loop
      vertex -122.212 79.8937 3
      vertex -122.212 53.4563 3
      vertex -121.859 53.5265 3
    endloop
  endfacet
  facet normal 0 0 1
    outer loop
      vertex -122.552 80.0093 3
      vertex -122.212 53.4563 3
      vertex -122.212 79.8937 3
    endloop
  endfacet
  facet normal 0 0 1
    outer loop
      vertex -122.552 80.0093 3
      vertex -122.552 53.3407 3
      vertex -122.212 53.4563 3
    endloop
  endfacet
  facet normal 0 0 1
    outer loop
      vertex -122.875 80.1684 3
      vertex -122.552 53.3407 3
      vertex -122.552 80.0093 3
    endloop
  endfacet
  facet normal 0 0 1
    outer loop
      vertex -122.875 80.1684 3
      vertex -122.875 53.1816 3
      vertex -122.552 53.3407 3
    endloop
  endfacet
  facet normal 0 0 1
    outer loop
      vertex -123.174 80.3683 3
      vertex -122.875 53.1816 3
      vertex -122.875 80.1684 3
    endloop
  endfacet
  facet normal 0 0 1
    outer loop
      vertex -123.174 80.3683 3
      vertex -123.174 52.9817 3
      vertex -122.875 53.1816 3
    endloop
  endfacet
  facet normal 0 0 1
    outer loop
      vertex -123.445 80.6055 3
      vertex -123.174 52.9817 3
      vertex -123.174 80.3683 3
    endloop
  endfacet
  facet normal 0 0 1
    outer loop
      vertex -123.445 80.6055 3
      vertex -123.445 52.7445 3
      vertex -123.174 52.9817 3
    endloop
  endfacet
  facet normal 0 0 1
    outer loop
      vertex -123.682 80.8759 3
      vertex -123.445 52.7445 3
      vertex -123.445 80.6055 3
    endloop
  endfacet
  facet normal 0 0 1
    outer loop
      vertex -123.682 80.8759 3
      vertex -123.682 52.4741 3
      vertex -123.445 52.7445 3
    endloop
  endfacet
  facet normal 0 0 1
    outer loop
      vertex -123.882 81.175 3
      vertex -123.682 52.4741 3
      vertex -123.682 80.8759 3
    endloop
  endfacet
  facet normal 0 0 1
    outer loop
      vertex -123.882 81.175 3
      vertex -123.882 52.175 3
      vertex -123.682 52.4741 3
    endloop
  endfacet
  facet normal 0 0 1
    outer loop
      vertex -124.041 81.4976 3
      vertex -123.882 52.175 3
      vertex -123.882 81.175 3
    endloop
  endfacet
  facet normal 0 0 1
    outer loop
      vertex -124.041 81.4976 3
      vertex -124.041 51.8524 3
      vertex -123.882 52.175 3
    endloop
  endfacet
  facet normal 0 0 1
    outer loop
      vertex -124.156 81.8382 3
      vertex -124.041 51.8524 3
      vertex -124.041 81.4976 3
    endloop
  endfacet
  facet normal 0 0 1
    outer loop
      vertex -124.156 81.8382 3
      vertex -124.156 51.5118 3
      vertex -124.041 51.8524 3
    endloop
  endfacet
  facet normal 0 0 1
    outer loop
      vertex -126.5 88.9 3
      vertex -124.156 81.8382 3
      vertex -124.226 82.1911 3
    endloop
  endfacet
  facet normal 0 0 1
    outer loop
      vertex -124.156 81.8382 3
      vertex -126.5 88.9 3
      vertex -124.156 51.5118 3
    endloop
  endfacet
  facet normal 0 0 1
    outer loop
      vertex -126.5 88.9 3
      vertex -124.226 82.1911 3
      vertex -124.25 82.55 3
    endloop
  endfacet
  facet normal 0 0 1
    outer loop
      vertex -124.156 51.5118 3
      vertex -126.5 88.9 3
      vertex -124.226 51.1589 3
    endloop
  endfacet
  facet normal 0 0 1
    outer loop
      vertex 90.45 56.15 3
      vertex 69 63.5 3
      vertex 77.15 50.75 3
    endloop
  endfacet
  facet normal 0 0 1
    outer loop
      vertex 69 63.5 3
      vertex 35.65 50.75 3
      vertex 77.15 50.75 3
    endloop
  endfacet
  facet normal 0 0 1
    outer loop
      vertex 35.65 50.75 3
      vertex 20.65 50.75 3
      vertex 35.65 9.25 3
    endloop
  endfacet
  facet normal 0 0 1
    outer loop
      vertex 69 63.5 3
      vertex 20.65 50.75 3
      vertex 35.65 50.75 3
    endloop
  endfacet
  facet normal 0 0 1
    outer loop
      vertex 69 63.5 3
      vertex -20.85 50.75 3
      vertex 20.65 50.75 3
    endloop
  endfacet
  facet normal 0 0 1
    outer loop
      vertex -20.85 50.75 3
      vertex -35.85 50.75 3
      vertex -20.85 9.25 3
    endloop
  endfacet
  facet normal -0 0 1
    outer loop
      vertex -69 63.5 3
      vertex -20.85 50.75 3
      vertex 69 63.5 3
    endloop
  endfacet
  facet normal 0 0 1
    outer loop
      vertex -20.85 50.75 3
      vertex -69 63.5 3
      vertex -35.85 50.75 3
    endloop
  endfacet
  facet normal 0 0 1
    outer loop
      vertex -35.85 50.75 3
      vertex -69 63.5 3
      vertex -77.35 50.75 3
    endloop
  endfacet
  facet normal 0 0 1
    outer loop
      vertex 107.85 32.75 3
      vertex 100.736 29.6588 3
      vertex 100.75 29.45 3
    endloop
  endfacet
  facet normal 0 0 1
    outer loop
      vertex 107.85 32.75 3
      vertex 100.695 29.8641 3
      vertex 100.736 29.6588 3
    endloop
  endfacet
  facet normal 0 0 1
    outer loop
      vertex 107.85 32.75 3
      vertex 100.628 30.0623 3
      vertex 100.695 29.8641 3
    endloop
  endfacet
  facet normal 0 0 1
    outer loop
      vertex 107.85 32.75 3
      vertex 100.536 30.25 3
      vertex 100.628 30.0623 3
    endloop
  endfacet
  facet normal 0 0 1
    outer loop
      vertex 107.85 32.75 3
      vertex 100.419 30.424 3
      vertex 100.536 30.25 3
    endloop
  endfacet
  facet normal 0 0 1
    outer loop
      vertex 107.85 32.75 3
      vertex 100.281 30.5814 3
      vertex 100.419 30.424 3
    endloop
  endfacet
  facet normal 0 0 1
    outer loop
      vertex 107.85 32.75 3
      vertex 100.124 30.7194 3
      vertex 100.281 30.5814 3
    endloop
  endfacet
  facet normal 0 0 1
    outer loop
      vertex 107.85 32.75 3
      vertex 99.95 30.8356 3
      vertex 100.124 30.7194 3
    endloop
  endfacet
  facet normal 0 0 1
    outer loop
      vertex 107.85 32.75 3
      vertex 99.7623 30.9282 3
      vertex 99.95 30.8356 3
    endloop
  endfacet
  facet normal 0 0 1
    outer loop
      vertex 107.85 32.75 3
      vertex 99.5641 30.9955 3
      vertex 99.7623 30.9282 3
    endloop
  endfacet
  facet normal 0 0 1
    outer loop
      vertex 107.85 32.75 3
      vertex 99.3588 31.0363 3
      vertex 99.5641 30.9955 3
    endloop
  endfacet
  facet normal 0 0 1
    outer loop
      vertex 107.85 32.75 3
      vertex 99.15 31.05 3
      vertex 99.3588 31.0363 3
    endloop
  endfacet
  facet normal -0 0 1
    outer loop
      vertex 90.45 32.75 3
      vertex 99.15 31.05 3
      vertex 107.85 32.75 3
    endloop
  endfacet
  facet normal 0 0 1
    outer loop
      vertex 97.5637 29.6588 3
      vertex 90.45 32.75 3
      vertex 97.55 29.45 3
    endloop
  endfacet
  facet normal 0 0 1
    outer loop
      vertex 97.6045 29.8641 3
      vertex 90.45 32.75 3
      vertex 97.5637 29.6588 3
    endloop
  endfacet
  facet normal 0 0 1
    outer loop
      vertex 97.6718 30.0623 3
      vertex 90.45 32.75 3
      vertex 97.6045 29.8641 3
    endloop
  endfacet
  facet normal 0 0 1
    outer loop
      vertex 97.7644 30.25 3
      vertex 90.45 32.75 3
      vertex 97.6718 30.0623 3
    endloop
  endfacet
  facet normal 0 0 1
    outer loop
      vertex 97.8806 30.424 3
      vertex 90.45 32.75 3
      vertex 97.7644 30.25 3
    endloop
  endfacet
  facet normal 0 0 1
    outer loop
      vertex 98.0186 30.5814 3
      vertex 90.45 32.75 3
      vertex 97.8806 30.424 3
    endloop
  endfacet
  facet normal 0 0 1
    outer loop
      vertex 98.176 30.7194 3
      vertex 90.45 32.75 3
      vertex 98.0186 30.5814 3
    endloop
  endfacet
  facet normal 0 0 1
    outer loop
      vertex 98.35 30.8356 3
      vertex 90.45 32.75 3
      vertex 98.176 30.7194 3
    endloop
  endfacet
  facet normal 0 0 1
    outer loop
      vertex 98.5377 30.9282 3
      vertex 90.45 32.75 3
      vertex 98.35 30.8356 3
    endloop
  endfacet
  facet normal 0 0 1
    outer loop
      vertex 98.7359 30.9955 3
      vertex 90.45 32.75 3
      vertex 98.5377 30.9282 3
    endloop
  endfacet
  facet normal 0 0 1
    outer loop
      vertex 98.9412 31.0363 3
      vertex 90.45 32.75 3
      vertex 98.7359 30.9955 3
    endloop
  endfacet
  facet normal 0 0 1
    outer loop
      vertex 99.15 31.05 3
      vertex 90.45 32.75 3
      vertex 98.9412 31.0363 3
    endloop
  endfacet
  facet normal 0 0 1
    outer loop
      vertex 124.156 81.8382 3
      vertex 126.5 88.9 3
      vertex 124.226 82.1911 3
    endloop
  endfacet
  facet normal 0 0 1
    outer loop
      vertex 126.5 88.9 3
      vertex 124.226 51.1589 3
      vertex 124.25 50.8 3
    endloop
  endfacet
  facet normal 0 0 1
    outer loop
      vertex 124.156 51.5118 3
      vertex 126.5 88.9 3
      vertex 124.156 81.8382 3
    endloop
  endfacet
  facet normal 0 0 1
    outer loop
      vertex 126.5 88.9 3
      vertex 124.156 51.5118 3
      vertex 124.226 51.1589 3
    endloop
  endfacet
  facet normal -0 0 1
    outer loop
      vertex 124.041 81.4976 3
      vertex 124.156 51.5118 3
      vertex 124.156 81.8382 3
    endloop
  endfacet
  facet normal 0 0 1
    outer loop
      vertex 124.041 81.4976 3
      vertex 124.041 51.8524 3
      vertex 124.156 51.5118 3
    endloop
  endfacet
  facet normal -0 0 1
    outer loop
      vertex 123.882 81.175 3
      vertex 124.041 51.8524 3
      vertex 124.041 81.4976 3
    endloop
  endfacet
  facet normal 0 0 1
    outer loop
      vertex 123.882 81.175 3
      vertex 123.882 52.175 3
      vertex 124.041 51.8524 3
    endloop
  endfacet
  facet normal -0 0 1
    outer loop
      vertex 123.682 80.8759 3
      vertex 123.882 52.175 3
      vertex 123.882 81.175 3
    endloop
  endfacet
  facet normal 0 0 1
    outer loop
      vertex 123.682 80.8759 3
      vertex 123.682 52.4741 3
      vertex 123.882 52.175 3
    endloop
  endfacet
  facet normal -0 0 1
    outer loop
      vertex 123.445 80.6055 3
      vertex 123.682 52.4741 3
      vertex 123.682 80.8759 3
    endloop
  endfacet
  facet normal 0 0 1
    outer loop
      vertex 123.445 80.6055 3
      vertex 123.445 52.7445 3
      vertex 123.682 52.4741 3
    endloop
  endfacet
  facet normal -0 0 1
    outer loop
      vertex 123.174 80.3683 3
      vertex 123.445 52.7445 3
      vertex 123.445 80.6055 3
    endloop
  endfacet
  facet normal 0 0 1
    outer loop
      vertex 123.174 80.3683 3
      vertex 123.174 52.9817 3
      vertex 123.445 52.7445 3
    endloop
  endfacet
  facet normal -0 0 1
    outer loop
      vertex 122.875 80.1684 3
      vertex 123.174 52.9817 3
      vertex 123.174 80.3683 3
    endloop
  endfacet
  facet normal 0 0 1
    outer loop
      vertex 122.875 80.1684 3
      vertex 122.875 53.1816 3
      vertex 123.174 52.9817 3
    endloop
  endfacet
  facet normal -0 0 1
    outer loop
      vertex 122.552 80.0093 3
      vertex 122.875 53.1816 3
      vertex 122.875 80.1684 3
    endloop
  endfacet
  facet normal 0 0 1
    outer loop
      vertex 122.552 80.0093 3
      vertex 122.552 53.3407 3
      vertex 122.875 53.1816 3
    endloop
  endfacet
  facet normal -0 0 1
    outer loop
      vertex 122.212 79.8937 3
      vertex 122.552 53.3407 3
      vertex 122.552 80.0093 3
    endloop
  endfacet
  facet normal 0 0 1
    outer loop
      vertex 122.212 79.8937 3
      vertex 122.212 53.4563 3
      vertex 122.552 53.3407 3
    endloop
  endfacet
  facet normal -0 0 1
    outer loop
      vertex 121.859 79.8235 3
      vertex 122.212 53.4563 3
      vertex 122.212 79.8937 3
    endloop
  endfacet
  facet normal 0 0 1
    outer loop
      vertex 121.859 79.8235 3
      vertex 121.859 53.5265 3
      vertex 122.212 53.4563 3
    endloop
  endfacet
  facet normal -0 0 1
    outer loop
      vertex 121.5 79.8 3
      vertex 121.859 53.5265 3
      vertex 121.859 79.8235 3
    endloop
  endfacet
  facet normal 0 0 1
    outer loop
      vertex 121.5 79.8 3
      vertex 121.5 53.55 3
      vertex 121.859 53.5265 3
    endloop
  endfacet
  facet normal 0 0 1
    outer loop
      vertex 121.141 79.8235 3
      vertex 121.5 53.55 3
      vertex 121.5 79.8 3
    endloop
  endfacet
  facet normal 0 0 1
    outer loop
      vertex 121.141 79.8235 3
      vertex 121.141 53.5265 3
      vertex 121.5 53.55 3
    endloop
  endfacet
  facet normal 0 0 1
    outer loop
      vertex 120.788 79.8937 3
      vertex 121.141 53.5265 3
      vertex 121.141 79.8235 3
    endloop
  endfacet
  facet normal 0 0 1
    outer loop
      vertex 120.788 79.8937 3
      vertex 120.788 53.4563 3
      vertex 121.141 53.5265 3
    endloop
  endfacet
  facet normal 0 0 1
    outer loop
      vertex 107.85 56.15 3
      vertex 120.788 79.8937 3
      vertex 120.448 80.0093 3
    endloop
  endfacet
  facet normal 0 0 1
    outer loop
      vertex 120.788 79.8937 3
      vertex 107.85 56.15 3
      vertex 120.788 53.4563 3
    endloop
  endfacet
  facet normal 0 0 1
    outer loop
      vertex 107.85 56.15 3
      vertex 120.448 80.0093 3
      vertex 120.125 80.1684 3
    endloop
  endfacet
  facet normal 0 0 1
    outer loop
      vertex 120.788 53.4563 3
      vertex 107.85 56.15 3
      vertex 120.448 53.3407 3
    endloop
  endfacet
  facet normal 0 0 1
    outer loop
      vertex 107.85 56.15 3
      vertex 120.125 80.1684 3
      vertex 119.826 80.3683 3
    endloop
  endfacet
  facet normal 0 0 1
    outer loop
      vertex 120.448 53.3407 3
      vertex 107.85 56.15 3
      vertex 120.125 53.1816 3
    endloop
  endfacet
  facet normal 0 0 1
    outer loop
      vertex 100.281 60.5814 3
      vertex 119.826 80.3683 3
      vertex 119.555 80.6055 3
    endloop
  endfacet
  facet normal 0 0 1
    outer loop
      vertex 120.125 53.1816 3
      vertex 107.85 56.15 3
      vertex 119.826 52.9817 3
    endloop
  endfacet
  facet normal 0 0 1
    outer loop
      vertex 100.124 60.7194 3
      vertex 119.555 80.6055 3
      vertex 119.318 80.8759 3
    endloop
  endfacet
  facet normal 0 0 1
    outer loop
      vertex 119.826 52.9817 3
      vertex 107.85 56.15 3
      vertex 119.555 52.7445 3
    endloop
  endfacet
  facet normal 0 0 1
    outer loop
      vertex 99.95 60.8356 3
      vertex 119.318 80.8759 3
      vertex 119.118 81.175 3
    endloop
  endfacet
  facet normal 0 0 1
    outer loop
      vertex 119.555 52.7445 3
      vertex 107.85 56.15 3
      vertex 119.318 52.4741 3
    endloop
  endfacet
  facet normal 0 0 1
    outer loop
      vertex 99.7623 60.9282 3
      vertex 119.118 81.175 3
      vertex 118.959 81.4976 3
    endloop
  endfacet
  facet normal 0 0 1
    outer loop
      vertex 119.318 52.4741 3
      vertex 107.85 56.15 3
      vertex 119.118 52.175 3
    endloop
  endfacet
  facet normal 0 0 1
    outer loop
      vertex 99.5641 60.9955 3
      vertex 118.959 81.4976 3
      vertex 118.844 81.8382 3
    endloop
  endfacet
  facet normal 0 0 1
    outer loop
      vertex 119.118 52.175 3
      vertex 107.85 56.15 3
      vertex 118.959 51.8524 3
    endloop
  endfacet
  facet normal 0 0 1
    outer loop
      vertex 99.3588 61.0363 3
      vertex 118.844 81.8382 3
      vertex 118.774 82.1911 3
    endloop
  endfacet
  facet normal 0 0 1
    outer loop
      vertex 118.959 51.8524 3
      vertex 107.85 56.15 3
      vertex 118.844 51.5118 3
    endloop
  endfacet
  facet normal 0 0 1
    outer loop
      vertex 99.15 61.05 3
      vertex 118.774 82.1911 3
      vertex 118.75 82.55 3
    endloop
  endfacet
  facet normal 0 0 1
    outer loop
      vertex 118.844 51.5118 3
      vertex 107.85 56.15 3
      vertex 118.774 51.1589 3
    endloop
  endfacet
  facet normal 0 0 1
    outer loop
      vertex 124.226 82.1911 3
      vertex 126.5 88.9 3
      vertex 124.25 82.55 3
    endloop
  endfacet
  facet normal 0 0 1
    outer loop
      vertex 126.5 88.9 3
      vertex 124.226 82.909 3
      vertex 124.25 82.55 3
    endloop
  endfacet
  facet normal 0 0 1
    outer loop
      vertex 126.5 88.9 3
      vertex 124.156 83.2617 3
      vertex 124.226 82.909 3
    endloop
  endfacet
  facet normal 0 0 1
    outer loop
      vertex 126.5 88.9 3
      vertex 124.041 83.6024 3
      vertex 124.156 83.2617 3
    endloop
  endfacet
  facet normal 0 0 1
    outer loop
      vertex 126.5 88.9 3
      vertex 123.882 83.925 3
      vertex 124.041 83.6024 3
    endloop
  endfacet
  facet normal 0 0 1
    outer loop
      vertex 126.5 88.9 3
      vertex 123.682 84.2241 3
      vertex 123.882 83.925 3
    endloop
  endfacet
  facet normal 0 0 1
    outer loop
      vertex 126.5 88.9 3
      vertex 123.445 84.4945 3
      vertex 123.682 84.2241 3
    endloop
  endfacet
  facet normal 0 0 1
    outer loop
      vertex 126.5 88.9 3
      vertex 123.174 84.7317 3
      vertex 123.445 84.4945 3
    endloop
  endfacet
  facet normal 0 0 1
    outer loop
      vertex 126.5 88.9 3
      vertex 122.875 84.9316 3
      vertex 123.174 84.7317 3
    endloop
  endfacet
  facet normal 0 0 1
    outer loop
      vertex 126.5 88.9 3
      vertex 122.552 85.0907 3
      vertex 122.875 84.9316 3
    endloop
  endfacet
  facet normal 0 0 1
    outer loop
      vertex 126.5 88.9 3
      vertex 122.212 85.2063 3
      vertex 122.552 85.0907 3
    endloop
  endfacet
  facet normal 0 0 1
    outer loop
      vertex 126.5 88.9 3
      vertex 121.859 85.2765 3
      vertex 122.212 85.2063 3
    endloop
  endfacet
  facet normal 0 0 1
    outer loop
      vertex 126.5 88.9 3
      vertex 121.5 85.3 3
      vertex 121.859 85.2765 3
    endloop
  endfacet
  facet normal 0 0 1
    outer loop
      vertex 126.5 88.9 3
      vertex 121.141 85.2765 3
      vertex 121.5 85.3 3
    endloop
  endfacet
  facet normal 0 0 1
    outer loop
      vertex 126.5 88.9 3
      vertex 120.788 85.2063 3
      vertex 121.141 85.2765 3
    endloop
  endfacet
  facet normal 0 0 1
    outer loop
      vertex 126.5 88.9 3
      vertex 120.448 85.0907 3
      vertex 120.788 85.2063 3
    endloop
  endfacet
  facet normal 0 0 1
    outer loop
      vertex 126.5 88.9 3
      vertex 120.125 84.9316 3
      vertex 120.448 85.0907 3
    endloop
  endfacet
  facet normal 0 0 1
    outer loop
      vertex 118.774 51.1589 3
      vertex 107.85 56.15 3
      vertex 118.75 50.8 3
    endloop
  endfacet
  facet normal 0 0 1
    outer loop
      vertex 98.9412 61.0363 3
      vertex 118.75 82.55 3
      vertex 118.774 82.909 3
    endloop
  endfacet
  facet normal 0 0 1
    outer loop
      vertex 69 77.4 3
      vertex 118.774 82.909 3
      vertex 118.844 83.2617 3
    endloop
  endfacet
  facet normal 0 0 1
    outer loop
      vertex 69 77.4 3
      vertex 118.844 83.2617 3
      vertex 118.959 83.6024 3
    endloop
  endfacet
  facet normal 0 0 1
    outer loop
      vertex 119.826 80.3683 3
      vertex 100.281 60.5814 3
      vertex 107.85 56.15 3
    endloop
  endfacet
  facet normal 0 0 1
    outer loop
      vertex 69 77.4 3
      vertex 118.959 83.6024 3
      vertex 119.118 83.925 3
    endloop
  endfacet
  facet normal 0 0 1
    outer loop
      vertex 69 77.4 3
      vertex 119.118 83.925 3
      vertex 119.318 84.2241 3
    endloop
  endfacet
  facet normal 0 0 1
    outer loop
      vertex 107.85 56.15 3
      vertex 100.736 59.6588 3
      vertex 100.75 59.45 3
    endloop
  endfacet
  facet normal 0 0 1
    outer loop
      vertex 107.85 56.15 3
      vertex 100.695 59.8641 3
      vertex 100.736 59.6588 3
    endloop
  endfacet
  facet normal 0 0 1
    outer loop
      vertex 107.85 56.15 3
      vertex 100.628 60.0623 3
      vertex 100.695 59.8641 3
    endloop
  endfacet
  facet normal 0 0 1
    outer loop
      vertex 107.85 56.15 3
      vertex 100.536 60.25 3
      vertex 100.628 60.0623 3
    endloop
  endfacet
  facet normal 0 0 1
    outer loop
      vertex 107.85 56.15 3
      vertex 100.419 60.424 3
      vertex 100.536 60.25 3
    endloop
  endfacet
  facet normal 0 0 1
    outer loop
      vertex 107.85 56.15 3
      vertex 100.281 60.5814 3
      vertex 100.419 60.424 3
    endloop
  endfacet
  facet normal 0 0 1
    outer loop
      vertex 119.555 80.6055 3
      vertex 100.124 60.7194 3
      vertex 100.281 60.5814 3
    endloop
  endfacet
  facet normal 0 0 1
    outer loop
      vertex 119.318 80.8759 3
      vertex 99.95 60.8356 3
      vertex 100.124 60.7194 3
    endloop
  endfacet
  facet normal 0 0 1
    outer loop
      vertex 119.118 81.175 3
      vertex 99.7623 60.9282 3
      vertex 99.95 60.8356 3
    endloop
  endfacet
  facet normal 0 0 1
    outer loop
      vertex 118.959 81.4976 3
      vertex 99.5641 60.9955 3
      vertex 99.7623 60.9282 3
    endloop
  endfacet
  facet normal 0 0 1
    outer loop
      vertex 118.844 81.8382 3
      vertex 99.3588 61.0363 3
      vertex 99.5641 60.9955 3
    endloop
  endfacet
  facet normal 0 0 1
    outer loop
      vertex 118.774 82.1911 3
      vertex 99.15 61.05 3
      vertex 99.3588 61.0363 3
    endloop
  endfacet
  facet normal 0 0 1
    outer loop
      vertex 118.75 82.55 3
      vertex 98.9412 61.0363 3
      vertex 99.15 61.05 3
    endloop
  endfacet
  facet normal 0 0 1
    outer loop
      vertex 69 77.4 3
      vertex 119.318 84.2241 3
      vertex 119.555 84.4945 3
    endloop
  endfacet
  facet normal 0 0 1
    outer loop
      vertex 118.774 82.909 3
      vertex 98.7359 60.9955 3
      vertex 98.9412 61.0363 3
    endloop
  endfacet
  facet normal 0 0 1
    outer loop
      vertex 118.774 82.909 3
      vertex 69 77.4 3
      vertex 98.7359 60.9955 3
    endloop
  endfacet
  facet normal 0 0 1
    outer loop
      vertex 98.7359 60.9955 3
      vertex 69 77.4 3
      vertex 98.5377 60.9282 3
    endloop
  endfacet
  facet normal 0 0 1
    outer loop
      vertex 98.5377 60.9282 3
      vertex 69 77.4 3
      vertex 98.35 60.8356 3
    endloop
  endfacet
  facet normal 0 0 1
    outer loop
      vertex 98.35 60.8356 3
      vertex 69 77.4 3
      vertex 98.176 60.7194 3
    endloop
  endfacet
  facet normal 0 0 1
    outer loop
      vertex 97.5637 59.6588 3
      vertex 90.45 56.15 3
      vertex 97.55 59.45 3
    endloop
  endfacet
  facet normal 0 0 1
    outer loop
      vertex 97.6045 59.8641 3
      vertex 90.45 56.15 3
      vertex 97.5637 59.6588 3
    endloop
  endfacet
  facet normal 0 0 1
    outer loop
      vertex 97.6718 60.0623 3
      vertex 90.45 56.15 3
      vertex 97.6045 59.8641 3
    endloop
  endfacet
  facet normal 0 0 1
    outer loop
      vertex 97.7644 60.25 3
      vertex 90.45 56.15 3
      vertex 97.6718 60.0623 3
    endloop
  endfacet
  facet normal 0 0 1
    outer loop
      vertex 97.8806 60.424 3
      vertex 90.45 56.15 3
      vertex 97.7644 60.25 3
    endloop
  endfacet
  facet normal 0 0 1
    outer loop
      vertex 98.0186 60.5814 3
      vertex 90.45 56.15 3
      vertex 97.8806 60.424 3
    endloop
  endfacet
  facet normal 0 0 1
    outer loop
      vertex 98.176 60.7194 3
      vertex 69 77.4 3
      vertex 98.0186 60.5814 3
    endloop
  endfacet
  facet normal 0 0 1
    outer loop
      vertex 90.45 56.15 3
      vertex 77.15 50.75 3
      vertex 90.45 32.75 3
    endloop
  endfacet
  facet normal 0 0 1
    outer loop
      vertex 98.0186 60.5814 3
      vertex 69 77.4 3
      vertex 90.45 56.15 3
    endloop
  endfacet
  facet normal 0 0 1
    outer loop
      vertex 69 77.4 3
      vertex 119.555 84.4945 3
      vertex 119.826 84.7317 3
    endloop
  endfacet
  facet normal -0 0 1
    outer loop
      vertex 69 63.5 3
      vertex 90.45 56.15 3
      vertex 69 77.4 3
    endloop
  endfacet
  facet normal 0 0 1
    outer loop
      vertex 120.125 84.9316 3
      vertex 69 77.4 3
      vertex 119.826 84.7317 3
    endloop
  endfacet
  facet normal 0 0 1
    outer loop
      vertex 126.5 88.9 3
      vertex 69 77.4 3
      vertex 120.125 84.9316 3
    endloop
  endfacet
  facet normal 0 0 1
    outer loop
      vertex 126.5 88.9 3
      vertex -69 77.4 3
      vertex 69 77.4 3
    endloop
  endfacet
  facet normal -0 0 1
    outer loop
      vertex -92.35 77.4 3
      vertex -69 63.5 3
      vertex -69 77.4 3
    endloop
  endfacet
  facet normal 0 0 1
    outer loop
      vertex -92.35 11.5 3
      vertex -77.35 50.75 3
      vertex -92.35 77.4 3
    endloop
  endfacet
  facet normal 0 0 1
    outer loop
      vertex -69 63.5 3
      vertex -92.35 77.4 3
      vertex -77.35 50.75 3
    endloop
  endfacet
  facet normal -0 0 1
    outer loop
      vertex -126.5 88.9 3
      vertex -69 77.4 3
      vertex 126.5 88.9 3
    endloop
  endfacet
  facet normal 0 0 1
    outer loop
      vertex -69 77.4 3
      vertex -126.5 88.9 3
      vertex -92.35 77.4 3
    endloop
  endfacet
  facet normal -0 0 1
    outer loop
      vertex -118.774 82.1911 3
      vertex -106.15 77.4 3
      vertex -118.75 82.55 3
    endloop
  endfacet
  facet normal -0 -0 1
    outer loop
      vertex -120.125 84.9316 3
      vertex -92.35 77.4 3
      vertex -126.5 88.9 3
    endloop
  endfacet
  facet normal 0 0 1
    outer loop
      vertex -106.15 77.4 3
      vertex -118.774 82.909 3
      vertex -118.75 82.55 3
    endloop
  endfacet
  facet normal 0 0 1
    outer loop
      vertex -106.15 77.4 3
      vertex -118.844 83.2617 3
      vertex -118.774 82.909 3
    endloop
  endfacet
  facet normal 0 0 1
    outer loop
      vertex -106.15 77.4 3
      vertex -118.959 83.6024 3
      vertex -118.844 83.2617 3
    endloop
  endfacet
  facet normal 0 0 1
    outer loop
      vertex -106.15 77.4 3
      vertex -119.118 83.925 3
      vertex -118.959 83.6024 3
    endloop
  endfacet
  facet normal 0 0 1
    outer loop
      vertex -106.15 77.4 3
      vertex -119.318 84.2241 3
      vertex -119.118 83.925 3
    endloop
  endfacet
  facet normal 0 0 1
    outer loop
      vertex -106.15 77.4 3
      vertex -119.555 84.4945 3
      vertex -119.318 84.2241 3
    endloop
  endfacet
  facet normal 0 0 1
    outer loop
      vertex -92.35 77.4 3
      vertex -119.555 84.4945 3
      vertex -106.15 77.4 3
    endloop
  endfacet
  facet normal -0 -0 1
    outer loop
      vertex -119.555 84.4945 3
      vertex -92.35 77.4 3
      vertex -119.826 84.7317 3
    endloop
  endfacet
  facet normal -0 -0 1
    outer loop
      vertex -119.826 84.7317 3
      vertex -92.35 77.4 3
      vertex -120.125 84.9316 3
    endloop
  endfacet
  facet normal 0 0 1
    outer loop
      vertex -120.125 84.9316 3
      vertex -126.5 88.9 3
      vertex -120.448 85.0907 3
    endloop
  endfacet
  facet normal 0 0 1
    outer loop
      vertex -120.448 85.0907 3
      vertex -126.5 88.9 3
      vertex -120.788 85.2063 3
    endloop
  endfacet
  facet normal 0 0 1
    outer loop
      vertex -120.788 85.2063 3
      vertex -126.5 88.9 3
      vertex -121.141 85.2765 3
    endloop
  endfacet
  facet normal 0 0 1
    outer loop
      vertex -124.226 51.1589 3
      vertex -126.5 88.9 3
      vertex -124.25 50.8 3
    endloop
  endfacet
  facet normal 0 0 1
    outer loop
      vertex -124.226 82.909 3
      vertex -126.5 88.9 3
      vertex -124.25 82.55 3
    endloop
  endfacet
  facet normal 0 0 1
    outer loop
      vertex -124.156 83.2617 3
      vertex -126.5 88.9 3
      vertex -124.226 82.909 3
    endloop
  endfacet
  facet normal 0 0 1
    outer loop
      vertex -124.041 83.6024 3
      vertex -126.5 88.9 3
      vertex -124.156 83.2617 3
    endloop
  endfacet
  facet normal 0 0 1
    outer loop
      vertex -123.882 83.925 3
      vertex -126.5 88.9 3
      vertex -124.041 83.6024 3
    endloop
  endfacet
  facet normal 0 0 1
    outer loop
      vertex -123.682 84.2241 3
      vertex -126.5 88.9 3
      vertex -123.882 83.925 3
    endloop
  endfacet
  facet normal 0 0 1
    outer loop
      vertex -123.445 84.4945 3
      vertex -126.5 88.9 3
      vertex -123.682 84.2241 3
    endloop
  endfacet
  facet normal 0 0 1
    outer loop
      vertex -123.174 84.7317 3
      vertex -126.5 88.9 3
      vertex -123.445 84.4945 3
    endloop
  endfacet
  facet normal 0 0 1
    outer loop
      vertex -122.875 84.9316 3
      vertex -126.5 88.9 3
      vertex -123.174 84.7317 3
    endloop
  endfacet
  facet normal 0 0 1
    outer loop
      vertex -122.552 85.0907 3
      vertex -126.5 88.9 3
      vertex -122.875 84.9316 3
    endloop
  endfacet
  facet normal 0 0 1
    outer loop
      vertex -122.212 85.2063 3
      vertex -126.5 88.9 3
      vertex -122.552 85.0907 3
    endloop
  endfacet
  facet normal 0 0 1
    outer loop
      vertex -121.859 85.2765 3
      vertex -126.5 88.9 3
      vertex -122.212 85.2063 3
    endloop
  endfacet
  facet normal 0 0 1
    outer loop
      vertex -121.5 85.3 3
      vertex -126.5 88.9 3
      vertex -121.859 85.2765 3
    endloop
  endfacet
  facet normal 0 0 1
    outer loop
      vertex -121.141 85.2765 3
      vertex -126.5 88.9 3
      vertex -121.5 85.3 3
    endloop
  endfacet
  facet normal 0 0 1
    outer loop
      vertex 126.5 88.9 3
      vertex 124.25 50.8 3
      vertex 126.5 0 3
    endloop
  endfacet
  facet normal -0 0 1
    outer loop
      vertex 124.226 50.4411 3
      vertex 126.5 0 3
      vertex 124.25 50.8 3
    endloop
  endfacet
  facet normal -0 0 1
    outer loop
      vertex 124.156 50.0882 3
      vertex 126.5 0 3
      vertex 124.226 50.4411 3
    endloop
  endfacet
  facet normal -0 0 1
    outer loop
      vertex 124.041 49.7476 3
      vertex 126.5 0 3
      vertex 124.156 50.0882 3
    endloop
  endfacet
  facet normal -0 0 1
    outer loop
      vertex 123.882 49.425 3
      vertex 126.5 0 3
      vertex 124.041 49.7476 3
    endloop
  endfacet
  facet normal -0 0 1
    outer loop
      vertex 123.682 49.1259 3
      vertex 126.5 0 3
      vertex 123.882 49.425 3
    endloop
  endfacet
  facet normal -0 0 1
    outer loop
      vertex 123.445 48.8555 3
      vertex 126.5 0 3
      vertex 123.682 49.1259 3
    endloop
  endfacet
  facet normal -0 0 1
    outer loop
      vertex 123.174 48.6183 3
      vertex 126.5 0 3
      vertex 123.445 48.8555 3
    endloop
  endfacet
  facet normal -0 0 1
    outer loop
      vertex 122.875 48.4184 3
      vertex 126.5 0 3
      vertex 123.174 48.6183 3
    endloop
  endfacet
  facet normal -0 0 1
    outer loop
      vertex 122.552 48.2593 3
      vertex 126.5 0 3
      vertex 122.875 48.4184 3
    endloop
  endfacet
  facet normal 0 0 1
    outer loop
      vertex 107.85 32.75 3
      vertex 122.552 48.2593 3
      vertex 122.212 48.1437 3
    endloop
  endfacet
  facet normal 0 0 1
    outer loop
      vertex 107.85 32.75 3
      vertex 122.212 48.1437 3
      vertex 121.859 48.0735 3
    endloop
  endfacet
  facet normal 0 0 1
    outer loop
      vertex 107.85 32.75 3
      vertex 121.859 48.0735 3
      vertex 121.5 48.05 3
    endloop
  endfacet
  facet normal 0 0 1
    outer loop
      vertex 107.85 32.75 3
      vertex 121.5 48.05 3
      vertex 121.141 48.0735 3
    endloop
  endfacet
  facet normal 0 0 1
    outer loop
      vertex 107.85 32.75 3
      vertex 121.141 48.0735 3
      vertex 120.788 48.1437 3
    endloop
  endfacet
  facet normal 0 0 1
    outer loop
      vertex 107.85 32.75 3
      vertex 120.788 48.1437 3
      vertex 120.448 48.2593 3
    endloop
  endfacet
  facet normal 0 0 1
    outer loop
      vertex 107.85 32.75 3
      vertex 120.448 48.2593 3
      vertex 120.125 48.4184 3
    endloop
  endfacet
  facet normal 0 0 1
    outer loop
      vertex 107.85 32.75 3
      vertex 120.125 48.4184 3
      vertex 119.826 48.6183 3
    endloop
  endfacet
  facet normal 0 0 1
    outer loop
      vertex 107.85 32.75 3
      vertex 119.826 48.6183 3
      vertex 119.555 48.8555 3
    endloop
  endfacet
  facet normal 0 0 1
    outer loop
      vertex 107.85 32.75 3
      vertex 119.555 48.8555 3
      vertex 119.318 49.1259 3
    endloop
  endfacet
  facet normal 0 0 1
    outer loop
      vertex 107.85 32.75 3
      vertex 119.318 49.1259 3
      vertex 119.118 49.425 3
    endloop
  endfacet
  facet normal 0 0 1
    outer loop
      vertex 107.85 32.75 3
      vertex 119.118 49.425 3
      vertex 118.959 49.7476 3
    endloop
  endfacet
  facet normal 0 0 1
    outer loop
      vertex 107.85 56.15 3
      vertex 118.959 49.7476 3
      vertex 118.844 50.0882 3
    endloop
  endfacet
  facet normal 0 0 1
    outer loop
      vertex 107.85 56.15 3
      vertex 118.844 50.0882 3
      vertex 118.774 50.4411 3
    endloop
  endfacet
  facet normal 0 0 1
    outer loop
      vertex 107.85 56.15 3
      vertex 118.774 50.4411 3
      vertex 118.75 50.8 3
    endloop
  endfacet
  facet normal 0 0 1
    outer loop
      vertex 118.959 49.7476 3
      vertex 107.85 56.15 3
      vertex 107.85 32.75 3
    endloop
  endfacet
  facet normal 0 0 1
    outer loop
      vertex 122.552 48.2593 3
      vertex 107.85 32.75 3
      vertex 126.5 0 3
    endloop
  endfacet
  facet normal 0 0 1
    outer loop
      vertex 100.736 29.2412 3
      vertex 107.85 32.75 3
      vertex 100.75 29.45 3
    endloop
  endfacet
  facet normal 0 0 1
    outer loop
      vertex 100.695 29.0359 3
      vertex 107.85 32.75 3
      vertex 100.736 29.2412 3
    endloop
  endfacet
  facet normal 0 0 1
    outer loop
      vertex 100.628 28.8377 3
      vertex 107.85 32.75 3
      vertex 100.695 29.0359 3
    endloop
  endfacet
  facet normal 0 0 1
    outer loop
      vertex 100.536 28.65 3
      vertex 107.85 32.75 3
      vertex 100.628 28.8377 3
    endloop
  endfacet
  facet normal 0 0 1
    outer loop
      vertex 100.419 28.476 3
      vertex 107.85 32.75 3
      vertex 100.536 28.65 3
    endloop
  endfacet
  facet normal 0 0 1
    outer loop
      vertex 100.281 28.3186 3
      vertex 107.85 32.75 3
      vertex 100.419 28.476 3
    endloop
  endfacet
  facet normal 0 0 1
    outer loop
      vertex 107.85 32.75 3
      vertex 100.281 28.3186 3
      vertex 126.5 0 3
    endloop
  endfacet
  facet normal -0 0 1
    outer loop
      vertex 100.124 28.1806 3
      vertex 126.5 0 3
      vertex 100.281 28.3186 3
    endloop
  endfacet
  facet normal -0 0 1
    outer loop
      vertex 99.95 28.0644 3
      vertex 126.5 0 3
      vertex 100.124 28.1806 3
    endloop
  endfacet
  facet normal -0 0 1
    outer loop
      vertex 99.7623 27.9718 3
      vertex 126.5 0 3
      vertex 99.95 28.0644 3
    endloop
  endfacet
  facet normal -0 0 1
    outer loop
      vertex 99.5641 27.9045 3
      vertex 126.5 0 3
      vertex 99.7623 27.9718 3
    endloop
  endfacet
  facet normal -0 0 1
    outer loop
      vertex 99.3588 27.8637 3
      vertex 126.5 0 3
      vertex 99.5641 27.9045 3
    endloop
  endfacet
  facet normal 0 0 1
    outer loop
      vertex 77.15 9.25 3
      vertex 99.3588 27.8637 3
      vertex 99.15 27.85 3
    endloop
  endfacet
  facet normal 0 0 1
    outer loop
      vertex 77.15 9.25 3
      vertex 99.15 27.85 3
      vertex 98.9412 27.8637 3
    endloop
  endfacet
  facet normal 0 0 1
    outer loop
      vertex 77.15 9.25 3
      vertex 98.9412 27.8637 3
      vertex 98.7359 27.9045 3
    endloop
  endfacet
  facet normal 0 0 1
    outer loop
      vertex 77.15 9.25 3
      vertex 98.7359 27.9045 3
      vertex 98.5377 27.9718 3
    endloop
  endfacet
  facet normal 0 0 1
    outer loop
      vertex 77.15 9.25 3
      vertex 98.5377 27.9718 3
      vertex 98.35 28.0644 3
    endloop
  endfacet
  facet normal 0 0 1
    outer loop
      vertex 77.15 9.25 3
      vertex 98.35 28.0644 3
      vertex 98.176 28.1806 3
    endloop
  endfacet
  facet normal 0 0 1
    outer loop
      vertex 77.15 9.25 3
      vertex 98.176 28.1806 3
      vertex 98.0186 28.3186 3
    endloop
  endfacet
  facet normal 0 0 1
    outer loop
      vertex 90.45 32.75 3
      vertex 97.5637 29.2412 3
      vertex 97.55 29.45 3
    endloop
  endfacet
  facet normal 0 0 1
    outer loop
      vertex 90.45 32.75 3
      vertex 97.6045 29.0359 3
      vertex 97.5637 29.2412 3
    endloop
  endfacet
  facet normal 0 0 1
    outer loop
      vertex 90.45 32.75 3
      vertex 97.6718 28.8377 3
      vertex 97.6045 29.0359 3
    endloop
  endfacet
  facet normal 0 0 1
    outer loop
      vertex 90.45 32.75 3
      vertex 97.7644 28.65 3
      vertex 97.6718 28.8377 3
    endloop
  endfacet
  facet normal 0 0 1
    outer loop
      vertex 90.45 32.75 3
      vertex 97.8806 28.476 3
      vertex 97.7644 28.65 3
    endloop
  endfacet
  facet normal 0 0 1
    outer loop
      vertex 90.45 32.75 3
      vertex 98.0186 28.3186 3
      vertex 97.8806 28.476 3
    endloop
  endfacet
  facet normal 0 0 1
    outer loop
      vertex 77.15 9.25 3
      vertex 98.0186 28.3186 3
      vertex 90.45 32.75 3
    endloop
  endfacet
  facet normal 0 0 1
    outer loop
      vertex 77.15 9.25 3
      vertex 90.45 32.75 3
      vertex 77.15 50.75 3
    endloop
  endfacet
  facet normal 0 0 1
    outer loop
      vertex 99.3588 27.8637 3
      vertex 77.15 9.25 3
      vertex 126.5 0 3
    endloop
  endfacet
  facet normal -0 0 1
    outer loop
      vertex 35.65 9.25 3
      vertex 126.5 0 3
      vertex 77.15 9.25 3
    endloop
  endfacet
  facet normal 0 0 1
    outer loop
      vertex 20.65 9.25 3
      vertex 35.65 9.25 3
      vertex 20.65 50.75 3
    endloop
  endfacet
  facet normal -0 0 1
    outer loop
      vertex 20.65 9.25 3
      vertex 126.5 0 3
      vertex 35.65 9.25 3
    endloop
  endfacet
  facet normal -0 0 1
    outer loop
      vertex -20.85 9.25 3
      vertex 126.5 0 3
      vertex 20.65 9.25 3
    endloop
  endfacet
  facet normal 0 0 1
    outer loop
      vertex -35.85 9.25 3
      vertex -20.85 9.25 3
      vertex -35.85 50.75 3
    endloop
  endfacet
  facet normal 0 0 1
    outer loop
      vertex -126.5 0 3
      vertex -20.85 9.25 3
      vertex -35.85 9.25 3
    endloop
  endfacet
  facet normal 0 0 1
    outer loop
      vertex -126.5 0 3
      vertex -35.85 9.25 3
      vertex -77.35 9.25 3
    endloop
  endfacet
  facet normal 0 0 1
    outer loop
      vertex -77.35 50.75 3
      vertex -92.35 11.5 3
      vertex -77.35 9.25 3
    endloop
  endfacet
  facet normal 0 0 1
    outer loop
      vertex -126.5 0 3
      vertex -92.35 11.5 3
      vertex -106.15 11.5 3
    endloop
  endfacet
  facet normal 0 0 1
    outer loop
      vertex -118.774 50.4411 3
      vertex -106.15 77.4 3
      vertex -118.75 50.8 3
    endloop
  endfacet
  facet normal 0 0 1
    outer loop
      vertex -106.15 77.4 3
      vertex -118.774 50.4411 3
      vertex -106.15 11.5 3
    endloop
  endfacet
  facet normal -0 0 1
    outer loop
      vertex -118.844 50.0882 3
      vertex -106.15 11.5 3
      vertex -118.774 50.4411 3
    endloop
  endfacet
  facet normal -0 0 1
    outer loop
      vertex -118.959 49.7476 3
      vertex -106.15 11.5 3
      vertex -118.844 50.0882 3
    endloop
  endfacet
  facet normal -0 0 1
    outer loop
      vertex -119.118 49.425 3
      vertex -106.15 11.5 3
      vertex -118.959 49.7476 3
    endloop
  endfacet
  facet normal -0 0 1
    outer loop
      vertex -119.318 49.1259 3
      vertex -106.15 11.5 3
      vertex -119.118 49.425 3
    endloop
  endfacet
  facet normal -0 0 1
    outer loop
      vertex -119.555 48.8555 3
      vertex -106.15 11.5 3
      vertex -119.318 49.1259 3
    endloop
  endfacet
  facet normal -0 0 1
    outer loop
      vertex -119.826 48.6183 3
      vertex -106.15 11.5 3
      vertex -119.555 48.8555 3
    endloop
  endfacet
  facet normal -0 0 1
    outer loop
      vertex -120.125 48.4184 3
      vertex -106.15 11.5 3
      vertex -119.826 48.6183 3
    endloop
  endfacet
  facet normal -0 0 1
    outer loop
      vertex -120.448 48.2593 3
      vertex -106.15 11.5 3
      vertex -120.125 48.4184 3
    endloop
  endfacet
  facet normal -0 0 1
    outer loop
      vertex -120.788 48.1437 3
      vertex -106.15 11.5 3
      vertex -120.448 48.2593 3
    endloop
  endfacet
  facet normal -0 0 1
    outer loop
      vertex -121.141 48.0735 3
      vertex -106.15 11.5 3
      vertex -120.788 48.1437 3
    endloop
  endfacet
  facet normal -0 0 1
    outer loop
      vertex -121.5 48.05 3
      vertex -106.15 11.5 3
      vertex -121.141 48.0735 3
    endloop
  endfacet
  facet normal 0 0 1
    outer loop
      vertex -121.859 48.0735 3
      vertex -106.15 11.5 3
      vertex -121.5 48.05 3
    endloop
  endfacet
  facet normal 0 0 1
    outer loop
      vertex -122.212 48.1437 3
      vertex -106.15 11.5 3
      vertex -121.859 48.0735 3
    endloop
  endfacet
  facet normal 0 0 1
    outer loop
      vertex -126.5 0 3
      vertex -122.212 48.1437 3
      vertex -122.552 48.2593 3
    endloop
  endfacet
  facet normal 0 0 1
    outer loop
      vertex -126.5 0 3
      vertex -122.552 48.2593 3
      vertex -122.875 48.4184 3
    endloop
  endfacet
  facet normal 0 0 1
    outer loop
      vertex -126.5 0 3
      vertex -122.875 48.4184 3
      vertex -123.174 48.6183 3
    endloop
  endfacet
  facet normal 0 0 1
    outer loop
      vertex -126.5 0 3
      vertex -123.174 48.6183 3
      vertex -123.445 48.8555 3
    endloop
  endfacet
  facet normal 0 0 1
    outer loop
      vertex -126.5 0 3
      vertex -123.445 48.8555 3
      vertex -123.682 49.1259 3
    endloop
  endfacet
  facet normal 0 0 1
    outer loop
      vertex -126.5 0 3
      vertex -123.682 49.1259 3
      vertex -123.882 49.425 3
    endloop
  endfacet
  facet normal 0 0 1
    outer loop
      vertex -126.5 0 3
      vertex -123.882 49.425 3
      vertex -124.041 49.7476 3
    endloop
  endfacet
  facet normal 0 0 1
    outer loop
      vertex -20.85 9.25 3
      vertex -126.5 0 3
      vertex 126.5 0 3
    endloop
  endfacet
  facet normal 0 0 1
    outer loop
      vertex -92.35 11.5 3
      vertex -126.5 0 3
      vertex -77.35 9.25 3
    endloop
  endfacet
  facet normal 0 0 1
    outer loop
      vertex -122.212 48.1437 3
      vertex -126.5 0 3
      vertex -106.15 11.5 3
    endloop
  endfacet
  facet normal 0 0 1
    outer loop
      vertex -124.156 50.0882 3
      vertex -126.5 0 3
      vertex -124.041 49.7476 3
    endloop
  endfacet
  facet normal 0 0 1
    outer loop
      vertex -124.226 50.4411 3
      vertex -126.5 0 3
      vertex -124.156 50.0882 3
    endloop
  endfacet
  facet normal 0 0 1
    outer loop
      vertex -124.25 50.8 3
      vertex -126.5 0 3
      vertex -124.226 50.4411 3
    endloop
  endfacet
  facet normal 0 0 1
    outer loop
      vertex -126.5 0 3
      vertex -124.25 50.8 3
      vertex -126.5 88.9 3
    endloop
  endfacet
  facet normal -0 0 1
    outer loop
      vertex 100.736 59.2412 3
      vertex 107.85 56.15 3
      vertex 100.75 59.45 3
    endloop
  endfacet
  facet normal -0 0 1
    outer loop
      vertex 100.695 59.0359 3
      vertex 107.85 56.15 3
      vertex 100.736 59.2412 3
    endloop
  endfacet
  facet normal -0 0 1
    outer loop
      vertex 100.628 58.8377 3
      vertex 107.85 56.15 3
      vertex 100.695 59.0359 3
    endloop
  endfacet
  facet normal -0 0 1
    outer loop
      vertex 100.536 58.65 3
      vertex 107.85 56.15 3
      vertex 100.628 58.8377 3
    endloop
  endfacet
  facet normal -0 0 1
    outer loop
      vertex 100.419 58.476 3
      vertex 107.85 56.15 3
      vertex 100.536 58.65 3
    endloop
  endfacet
  facet normal -0 0 1
    outer loop
      vertex 100.281 58.3186 3
      vertex 107.85 56.15 3
      vertex 100.419 58.476 3
    endloop
  endfacet
  facet normal -0 0 1
    outer loop
      vertex 100.124 58.1806 3
      vertex 107.85 56.15 3
      vertex 100.281 58.3186 3
    endloop
  endfacet
  facet normal -0 0 1
    outer loop
      vertex 99.95 58.0644 3
      vertex 107.85 56.15 3
      vertex 100.124 58.1806 3
    endloop
  endfacet
  facet normal -0 0 1
    outer loop
      vertex 99.7623 57.9718 3
      vertex 107.85 56.15 3
      vertex 99.95 58.0644 3
    endloop
  endfacet
  facet normal -0 0 1
    outer loop
      vertex 99.5641 57.9045 3
      vertex 107.85 56.15 3
      vertex 99.7623 57.9718 3
    endloop
  endfacet
  facet normal -0 0 1
    outer loop
      vertex 99.3588 57.8637 3
      vertex 107.85 56.15 3
      vertex 99.5641 57.9045 3
    endloop
  endfacet
  facet normal -0 0 1
    outer loop
      vertex 99.15 57.85 3
      vertex 107.85 56.15 3
      vertex 99.3588 57.8637 3
    endloop
  endfacet
  facet normal 0 0 1
    outer loop
      vertex 90.45 56.15 3
      vertex 99.15 57.85 3
      vertex 98.9412 57.8637 3
    endloop
  endfacet
  facet normal 0 0 1
    outer loop
      vertex 99.15 57.85 3
      vertex 90.45 56.15 3
      vertex 107.85 56.15 3
    endloop
  endfacet
  facet normal 0 0 1
    outer loop
      vertex 98.7359 57.9045 3
      vertex 90.45 56.15 3
      vertex 98.9412 57.8637 3
    endloop
  endfacet
  facet normal 0 0 1
    outer loop
      vertex 98.5377 57.9718 3
      vertex 90.45 56.15 3
      vertex 98.7359 57.9045 3
    endloop
  endfacet
  facet normal 0 0 1
    outer loop
      vertex 98.35 58.0644 3
      vertex 90.45 56.15 3
      vertex 98.5377 57.9718 3
    endloop
  endfacet
  facet normal 0 0 1
    outer loop
      vertex 98.176 58.1806 3
      vertex 90.45 56.15 3
      vertex 98.35 58.0644 3
    endloop
  endfacet
  facet normal 0 0 1
    outer loop
      vertex 98.0186 58.3186 3
      vertex 90.45 56.15 3
      vertex 98.176 58.1806 3
    endloop
  endfacet
  facet normal 0 0 1
    outer loop
      vertex 97.8806 58.476 3
      vertex 90.45 56.15 3
      vertex 98.0186 58.3186 3
    endloop
  endfacet
  facet normal 0 0 1
    outer loop
      vertex 97.7644 58.65 3
      vertex 90.45 56.15 3
      vertex 97.8806 58.476 3
    endloop
  endfacet
  facet normal 0 0 1
    outer loop
      vertex 97.6718 58.8377 3
      vertex 90.45 56.15 3
      vertex 97.7644 58.65 3
    endloop
  endfacet
  facet normal 0 0 1
    outer loop
      vertex 97.6045 59.0359 3
      vertex 90.45 56.15 3
      vertex 97.6718 58.8377 3
    endloop
  endfacet
  facet normal 0 0 1
    outer loop
      vertex 97.5637 59.2412 3
      vertex 90.45 56.15 3
      vertex 97.6045 59.0359 3
    endloop
  endfacet
  facet normal 0 0 1
    outer loop
      vertex 90.45 56.15 3
      vertex 97.5637 59.2412 3
      vertex 97.55 59.45 3
    endloop
  endfacet
  facet normal 1 -0 0
    outer loop
      vertex 126.5 0 3
      vertex 126.5 88.9 0
      vertex 126.5 88.9 3
    endloop
  endfacet
  facet normal 1 0 0
    outer loop
      vertex 126.5 88.9 0
      vertex 126.5 0 3
      vertex 126.5 0 0
    endloop
  endfacet
  facet normal 0 0 -1
    outer loop
      vertex -118.844 51.5118 0
      vertex -108.65 79.9 0
      vertex -118.774 51.1589 0
    endloop
  endfacet
  facet normal 0 0 -1
    outer loop
      vertex -108.65 79.9 0
      vertex -118.774 82.1911 0
      vertex -118.75 82.55 0
    endloop
  endfacet
  facet normal 0 0 -1
    outer loop
      vertex -118.959 51.8524 0
      vertex -108.65 79.9 0
      vertex -118.844 51.5118 0
    endloop
  endfacet
  facet normal 0 0 -1
    outer loop
      vertex -108.65 79.9 0
      vertex -118.844 81.8382 0
      vertex -118.774 82.1911 0
    endloop
  endfacet
  facet normal 0 0 -1
    outer loop
      vertex -119.118 52.175 0
      vertex -108.65 79.9 0
      vertex -118.959 51.8524 0
    endloop
  endfacet
  facet normal 0 0 -1
    outer loop
      vertex -108.65 79.9 0
      vertex -118.959 81.4976 0
      vertex -118.844 81.8382 0
    endloop
  endfacet
  facet normal 0 0 -1
    outer loop
      vertex -119.318 52.4741 0
      vertex -108.65 79.9 0
      vertex -119.118 52.175 0
    endloop
  endfacet
  facet normal 0 0 -1
    outer loop
      vertex -108.65 79.9 0
      vertex -119.118 81.175 0
      vertex -118.959 81.4976 0
    endloop
  endfacet
  facet normal 0 0 -1
    outer loop
      vertex -119.555 52.7445 0
      vertex -108.65 79.9 0
      vertex -119.318 52.4741 0
    endloop
  endfacet
  facet normal 0 0 -1
    outer loop
      vertex -108.65 79.9 0
      vertex -119.318 80.8759 0
      vertex -119.118 81.175 0
    endloop
  endfacet
  facet normal 0 0 -1
    outer loop
      vertex -119.826 52.9817 0
      vertex -108.65 79.9 0
      vertex -119.555 52.7445 0
    endloop
  endfacet
  facet normal 0 0 -1
    outer loop
      vertex -108.65 79.9 0
      vertex -119.555 80.6055 0
      vertex -119.318 80.8759 0
    endloop
  endfacet
  facet normal 0 0 -1
    outer loop
      vertex -120.125 53.1816 0
      vertex -108.65 79.9 0
      vertex -119.826 52.9817 0
    endloop
  endfacet
  facet normal 0 0 -1
    outer loop
      vertex -108.65 79.9 0
      vertex -119.826 80.3683 0
      vertex -119.555 80.6055 0
    endloop
  endfacet
  facet normal 0 0 -1
    outer loop
      vertex -120.448 53.3407 0
      vertex -108.65 79.9 0
      vertex -120.125 53.1816 0
    endloop
  endfacet
  facet normal 0 0 -1
    outer loop
      vertex -108.65 79.9 0
      vertex -120.125 80.1684 0
      vertex -119.826 80.3683 0
    endloop
  endfacet
  facet normal 0 0 -1
    outer loop
      vertex -120.448 80.0093 0
      vertex -108.65 79.9 0
      vertex -120.448 53.3407 0
    endloop
  endfacet
  facet normal 0 0 -1
    outer loop
      vertex -108.65 79.9 0
      vertex -120.448 80.0093 0
      vertex -120.125 80.1684 0
    endloop
  endfacet
  facet normal 0 0 -1
    outer loop
      vertex -120.788 53.4563 0
      vertex -120.448 80.0093 0
      vertex -120.448 53.3407 0
    endloop
  endfacet
  facet normal 0 0 -1
    outer loop
      vertex -120.788 53.4563 0
      vertex -120.788 79.8937 0
      vertex -120.448 80.0093 0
    endloop
  endfacet
  facet normal 0 0 -1
    outer loop
      vertex -121.141 53.5265 0
      vertex -120.788 79.8937 0
      vertex -120.788 53.4563 0
    endloop
  endfacet
  facet normal 0 0 -1
    outer loop
      vertex -121.141 53.5265 0
      vertex -121.141 79.8235 0
      vertex -120.788 79.8937 0
    endloop
  endfacet
  facet normal 0 0 -1
    outer loop
      vertex -121.5 53.55 0
      vertex -121.141 79.8235 0
      vertex -121.141 53.5265 0
    endloop
  endfacet
  facet normal 0 0 -1
    outer loop
      vertex -121.5 53.55 0
      vertex -121.5 79.8 0
      vertex -121.141 79.8235 0
    endloop
  endfacet
  facet normal 0 0 -1
    outer loop
      vertex -121.859 53.5265 0
      vertex -121.5 79.8 0
      vertex -121.5 53.55 0
    endloop
  endfacet
  facet normal 0 0 -1
    outer loop
      vertex -121.859 53.5265 0
      vertex -121.859 79.8235 0
      vertex -121.5 79.8 0
    endloop
  endfacet
  facet normal 0 0 -1
    outer loop
      vertex -122.212 53.4563 0
      vertex -121.859 79.8235 0
      vertex -121.859 53.5265 0
    endloop
  endfacet
  facet normal 0 0 -1
    outer loop
      vertex -122.212 53.4563 0
      vertex -122.212 79.8937 0
      vertex -121.859 79.8235 0
    endloop
  endfacet
  facet normal 0 0 -1
    outer loop
      vertex -122.552 53.3407 0
      vertex -122.212 79.8937 0
      vertex -122.212 53.4563 0
    endloop
  endfacet
  facet normal 0 0 -1
    outer loop
      vertex -122.552 53.3407 0
      vertex -122.552 80.0093 0
      vertex -122.212 79.8937 0
    endloop
  endfacet
  facet normal 0 0 -1
    outer loop
      vertex -122.875 53.1816 0
      vertex -122.552 80.0093 0
      vertex -122.552 53.3407 0
    endloop
  endfacet
  facet normal 0 0 -1
    outer loop
      vertex -122.875 53.1816 0
      vertex -122.875 80.1684 0
      vertex -122.552 80.0093 0
    endloop
  endfacet
  facet normal 0 0 -1
    outer loop
      vertex -123.174 52.9817 0
      vertex -122.875 80.1684 0
      vertex -122.875 53.1816 0
    endloop
  endfacet
  facet normal 0 0 -1
    outer loop
      vertex -123.174 52.9817 0
      vertex -123.174 80.3683 0
      vertex -122.875 80.1684 0
    endloop
  endfacet
  facet normal 0 0 -1
    outer loop
      vertex -123.445 52.7445 0
      vertex -123.174 80.3683 0
      vertex -123.174 52.9817 0
    endloop
  endfacet
  facet normal 0 0 -1
    outer loop
      vertex -123.445 52.7445 0
      vertex -123.445 80.6055 0
      vertex -123.174 80.3683 0
    endloop
  endfacet
  facet normal 0 0 -1
    outer loop
      vertex -123.682 52.4741 0
      vertex -123.445 80.6055 0
      vertex -123.445 52.7445 0
    endloop
  endfacet
  facet normal 0 0 -1
    outer loop
      vertex -123.682 52.4741 0
      vertex -123.682 80.8759 0
      vertex -123.445 80.6055 0
    endloop
  endfacet
  facet normal 0 0 -1
    outer loop
      vertex -123.882 52.175 0
      vertex -123.682 80.8759 0
      vertex -123.682 52.4741 0
    endloop
  endfacet
  facet normal 0 0 -1
    outer loop
      vertex -123.882 52.175 0
      vertex -123.882 81.175 0
      vertex -123.682 80.8759 0
    endloop
  endfacet
  facet normal 0 0 -1
    outer loop
      vertex -124.041 51.8524 0
      vertex -123.882 81.175 0
      vertex -123.882 52.175 0
    endloop
  endfacet
  facet normal 0 0 -1
    outer loop
      vertex -124.041 51.8524 0
      vertex -124.041 81.4976 0
      vertex -123.882 81.175 0
    endloop
  endfacet
  facet normal 0 0 -1
    outer loop
      vertex -124.156 51.5118 0
      vertex -124.041 81.4976 0
      vertex -124.041 51.8524 0
    endloop
  endfacet
  facet normal 0 0 -1
    outer loop
      vertex -124.156 51.5118 0
      vertex -124.156 81.8382 0
      vertex -124.041 81.4976 0
    endloop
  endfacet
  facet normal 0 0 -1
    outer loop
      vertex -126.5 88.9 0
      vertex -124.156 51.5118 0
      vertex -124.226 51.1589 0
    endloop
  endfacet
  facet normal 0 0 -1
    outer loop
      vertex -124.156 51.5118 0
      vertex -126.5 88.9 0
      vertex -124.156 81.8382 0
    endloop
  endfacet
  facet normal 0 0 -1
    outer loop
      vertex -126.5 88.9 0
      vertex -124.226 51.1589 0
      vertex -124.25 50.8 0
    endloop
  endfacet
  facet normal 0 0 -1
    outer loop
      vertex -124.156 81.8382 0
      vertex -126.5 88.9 0
      vertex -124.226 82.1911 0
    endloop
  endfacet
  facet normal 0 0 -1
    outer loop
      vertex 69.4 63.1 0
      vertex 69 63.5 0
      vertex 69.4 77.8 0
    endloop
  endfacet
  facet normal 0 0 -1
    outer loop
      vertex 59.4 63.1 0
      vertex 69 63.5 0
      vertex 69.4 63.1 0
    endloop
  endfacet
  facet normal 0 0 -1
    outer loop
      vertex 23.15 53.25 0
      vertex 33.15 53.25 0
      vertex 23.15 6.75 0
    endloop
  endfacet
  facet normal 0 0 -1
    outer loop
      vertex 23.15 53.25 0
      vertex 59.4 63.1 0
      vertex 33.15 53.25 0
    endloop
  endfacet
  facet normal 0 0 -1
    outer loop
      vertex -23.35 53.25 0
      vertex 59.4 63.1 0
      vertex 23.15 53.25 0
    endloop
  endfacet
  facet normal 0 0 -1
    outer loop
      vertex -33.35 53.25 0
      vertex -23.35 53.25 0
      vertex -33.35 6.75 0
    endloop
  endfacet
  facet normal 0 0 -1
    outer loop
      vertex -59.4 63.1 0
      vertex -23.35 53.25 0
      vertex -33.35 53.25 0
    endloop
  endfacet
  facet normal 0 0 -1
    outer loop
      vertex -59.4 63.1 0
      vertex -33.35 53.25 0
      vertex -59.4 57.1 0
    endloop
  endfacet
  facet normal 0 0 -1
    outer loop
      vertex -23.35 53.25 0
      vertex -59.4 63.1 0
      vertex 59.4 63.1 0
    endloop
  endfacet
  facet normal 0 0 -1
    outer loop
      vertex -59.4 63.1 0
      vertex 69 63.5 0
      vertex 59.4 63.1 0
    endloop
  endfacet
  facet normal 0 0 -1
    outer loop
      vertex -59.4 63.1 0
      vertex -69 63.5 0
      vertex 69 63.5 0
    endloop
  endfacet
  facet normal -0 0 -1
    outer loop
      vertex -69 63.5 0
      vertex -69.4 63.1 0
      vertex -69 77.4 0
    endloop
  endfacet
  facet normal 0 0 -1
    outer loop
      vertex -69.4 63.1 0
      vertex -69 63.5 0
      vertex -59.4 63.1 0
    endloop
  endfacet
  facet normal 0 0 -1
    outer loop
      vertex 69 77.4 0
      vertex 69.4 77.8 0
      vertex 69 63.5 0
    endloop
  endfacet
  facet normal 0 0 -1
    outer loop
      vertex 69 77.4 0
      vertex 59.4 77.8 0
      vertex 69.4 77.8 0
    endloop
  endfacet
  facet normal 0 0 -1
    outer loop
      vertex 59.4 77.8 0
      vertex -59.4 77.8 0
      vertex 59.4 83.8 0
    endloop
  endfacet
  facet normal 0 0 -1
    outer loop
      vertex 69 77.4 0
      vertex -59.4 77.8 0
      vertex 59.4 77.8 0
    endloop
  endfacet
  facet normal 0 0 -1
    outer loop
      vertex -69 77.4 0
      vertex -59.4 77.8 0
      vertex 69 77.4 0
    endloop
  endfacet
  facet normal 0 0 -1
    outer loop
      vertex -69 77.4 0
      vertex -69.4 77.8 0
      vertex -59.4 77.8 0
    endloop
  endfacet
  facet normal 0 0 -1
    outer loop
      vertex -69.4 77.8 0
      vertex -69 77.4 0
      vertex -69.4 63.1 0
    endloop
  endfacet
  facet normal 0 0 -1
    outer loop
      vertex 79.65 53.25 0
      vertex 59.4 57.1 0
      vertex 75.4 57.1 0
    endloop
  endfacet
  facet normal -0 0 -1
    outer loop
      vertex 59.4 57.1 0
      vertex 33.15 53.25 0
      vertex 59.4 63.1 0
    endloop
  endfacet
  facet normal 0 0 -1
    outer loop
      vertex 33.15 53.25 0
      vertex 59.4 57.1 0
      vertex 79.65 53.25 0
    endloop
  endfacet
  facet normal 0 0 -1
    outer loop
      vertex -79.85 53.25 0
      vertex -59.4 57.1 0
      vertex -33.35 53.25 0
    endloop
  endfacet
  facet normal 0 0 -1
    outer loop
      vertex -89.85 79.9 0
      vertex -75.4 57.1 0
      vertex -79.85 53.25 0
    endloop
  endfacet
  facet normal -0 0 -1
    outer loop
      vertex -59.4 57.1 0
      vertex -79.85 53.25 0
      vertex -75.4 57.1 0
    endloop
  endfacet
  facet normal 0 0 -1
    outer loop
      vertex 107.85 56.15 0
      vertex 100.736 59.2412 0
      vertex 100.75 59.45 0
    endloop
  endfacet
  facet normal 0 0 -1
    outer loop
      vertex 107.85 56.15 0
      vertex 100.695 59.0359 0
      vertex 100.736 59.2412 0
    endloop
  endfacet
  facet normal 0 0 -1
    outer loop
      vertex 107.85 56.15 0
      vertex 100.628 58.8377 0
      vertex 100.695 59.0359 0
    endloop
  endfacet
  facet normal 0 0 -1
    outer loop
      vertex 107.85 56.15 0
      vertex 100.536 58.65 0
      vertex 100.628 58.8377 0
    endloop
  endfacet
  facet normal 0 0 -1
    outer loop
      vertex 107.85 56.15 0
      vertex 100.419 58.476 0
      vertex 100.536 58.65 0
    endloop
  endfacet
  facet normal 0 0 -1
    outer loop
      vertex 107.85 56.15 0
      vertex 100.281 58.3186 0
      vertex 100.419 58.476 0
    endloop
  endfacet
  facet normal 0 0 -1
    outer loop
      vertex 107.85 56.15 0
      vertex 100.124 58.1806 0
      vertex 100.281 58.3186 0
    endloop
  endfacet
  facet normal 0 0 -1
    outer loop
      vertex 107.85 56.15 0
      vertex 99.95 58.0644 0
      vertex 100.124 58.1806 0
    endloop
  endfacet
  facet normal 0 0 -1
    outer loop
      vertex 107.85 56.15 0
      vertex 99.7623 57.9718 0
      vertex 99.95 58.0644 0
    endloop
  endfacet
  facet normal 0 0 -1
    outer loop
      vertex 107.85 56.15 0
      vertex 99.5641 57.9045 0
      vertex 99.7623 57.9718 0
    endloop
  endfacet
  facet normal 0 0 -1
    outer loop
      vertex 107.85 56.15 0
      vertex 99.3588 57.8637 0
      vertex 99.5641 57.9045 0
    endloop
  endfacet
  facet normal 0 0 -1
    outer loop
      vertex 107.85 56.15 0
      vertex 99.15 57.85 0
      vertex 99.3588 57.8637 0
    endloop
  endfacet
  facet normal 0 0 -1
    outer loop
      vertex 90.45 56.15 0
      vertex 99.15 57.85 0
      vertex 107.85 56.15 0
    endloop
  endfacet
  facet normal -0 0 -1
    outer loop
      vertex 97.5637 59.2412 0
      vertex 90.45 56.15 0
      vertex 97.55 59.45 0
    endloop
  endfacet
  facet normal -0 0 -1
    outer loop
      vertex 97.6045 59.0359 0
      vertex 90.45 56.15 0
      vertex 97.5637 59.2412 0
    endloop
  endfacet
  facet normal -0 0 -1
    outer loop
      vertex 97.6718 58.8377 0
      vertex 90.45 56.15 0
      vertex 97.6045 59.0359 0
    endloop
  endfacet
  facet normal -0 0 -1
    outer loop
      vertex 97.7644 58.65 0
      vertex 90.45 56.15 0
      vertex 97.6718 58.8377 0
    endloop
  endfacet
  facet normal -0 0 -1
    outer loop
      vertex 97.8806 58.476 0
      vertex 90.45 56.15 0
      vertex 97.7644 58.65 0
    endloop
  endfacet
  facet normal -0 0 -1
    outer loop
      vertex 98.0186 58.3186 0
      vertex 90.45 56.15 0
      vertex 97.8806 58.476 0
    endloop
  endfacet
  facet normal -0 0 -1
    outer loop
      vertex 98.176 58.1806 0
      vertex 90.45 56.15 0
      vertex 98.0186 58.3186 0
    endloop
  endfacet
  facet normal -0 0 -1
    outer loop
      vertex 98.35 58.0644 0
      vertex 90.45 56.15 0
      vertex 98.176 58.1806 0
    endloop
  endfacet
  facet normal -0 0 -1
    outer loop
      vertex 98.5377 57.9718 0
      vertex 90.45 56.15 0
      vertex 98.35 58.0644 0
    endloop
  endfacet
  facet normal -0 0 -1
    outer loop
      vertex 98.7359 57.9045 0
      vertex 90.45 56.15 0
      vertex 98.5377 57.9718 0
    endloop
  endfacet
  facet normal -0 0 -1
    outer loop
      vertex 98.9412 57.8637 0
      vertex 90.45 56.15 0
      vertex 98.7359 57.9045 0
    endloop
  endfacet
  facet normal -0 0 -1
    outer loop
      vertex 99.15 57.85 0
      vertex 90.45 56.15 0
      vertex 98.9412 57.8637 0
    endloop
  endfacet
  facet normal 0 0 -1
    outer loop
      vertex 124.156 51.5118 0
      vertex 126.5 88.9 0
      vertex 124.226 51.1589 0
    endloop
  endfacet
  facet normal 0 0 -1
    outer loop
      vertex 126.5 88.9 0
      vertex 124.226 82.1911 0
      vertex 124.25 82.55 0
    endloop
  endfacet
  facet normal 0 0 -1
    outer loop
      vertex 124.156 81.8382 0
      vertex 126.5 88.9 0
      vertex 124.156 51.5118 0
    endloop
  endfacet
  facet normal 0 0 -1
    outer loop
      vertex 126.5 88.9 0
      vertex 124.156 81.8382 0
      vertex 124.226 82.1911 0
    endloop
  endfacet
  facet normal 0 0 -1
    outer loop
      vertex 124.041 51.8524 0
      vertex 124.156 81.8382 0
      vertex 124.156 51.5118 0
    endloop
  endfacet
  facet normal 0 0 -1
    outer loop
      vertex 124.041 51.8524 0
      vertex 124.041 81.4976 0
      vertex 124.156 81.8382 0
    endloop
  endfacet
  facet normal 0 0 -1
    outer loop
      vertex 123.882 52.175 0
      vertex 124.041 81.4976 0
      vertex 124.041 51.8524 0
    endloop
  endfacet
  facet normal 0 0 -1
    outer loop
      vertex 123.882 52.175 0
      vertex 123.882 81.175 0
      vertex 124.041 81.4976 0
    endloop
  endfacet
  facet normal 0 0 -1
    outer loop
      vertex 123.682 52.4741 0
      vertex 123.882 81.175 0
      vertex 123.882 52.175 0
    endloop
  endfacet
  facet normal 0 0 -1
    outer loop
      vertex 123.682 52.4741 0
      vertex 123.682 80.8759 0
      vertex 123.882 81.175 0
    endloop
  endfacet
  facet normal 0 0 -1
    outer loop
      vertex 123.445 52.7445 0
      vertex 123.682 80.8759 0
      vertex 123.682 52.4741 0
    endloop
  endfacet
  facet normal 0 0 -1
    outer loop
      vertex 123.445 52.7445 0
      vertex 123.445 80.6055 0
      vertex 123.682 80.8759 0
    endloop
  endfacet
  facet normal 0 0 -1
    outer loop
      vertex 123.174 52.9817 0
      vertex 123.445 80.6055 0
      vertex 123.445 52.7445 0
    endloop
  endfacet
  facet normal 0 0 -1
    outer loop
      vertex 123.174 52.9817 0
      vertex 123.174 80.3683 0
      vertex 123.445 80.6055 0
    endloop
  endfacet
  facet normal 0 0 -1
    outer loop
      vertex 122.875 53.1816 0
      vertex 123.174 80.3683 0
      vertex 123.174 52.9817 0
    endloop
  endfacet
  facet normal 0 0 -1
    outer loop
      vertex 122.875 53.1816 0
      vertex 122.875 80.1684 0
      vertex 123.174 80.3683 0
    endloop
  endfacet
  facet normal 0 0 -1
    outer loop
      vertex 122.552 53.3407 0
      vertex 122.875 80.1684 0
      vertex 122.875 53.1816 0
    endloop
  endfacet
  facet normal 0 0 -1
    outer loop
      vertex 122.552 53.3407 0
      vertex 122.552 80.0093 0
      vertex 122.875 80.1684 0
    endloop
  endfacet
  facet normal 0 0 -1
    outer loop
      vertex 122.212 53.4563 0
      vertex 122.552 80.0093 0
      vertex 122.552 53.3407 0
    endloop
  endfacet
  facet normal 0 0 -1
    outer loop
      vertex 122.212 53.4563 0
      vertex 122.212 79.8937 0
      vertex 122.552 80.0093 0
    endloop
  endfacet
  facet normal 0 0 -1
    outer loop
      vertex 121.859 53.5265 0
      vertex 122.212 79.8937 0
      vertex 122.212 53.4563 0
    endloop
  endfacet
  facet normal 0 0 -1
    outer loop
      vertex 121.859 53.5265 0
      vertex 121.859 79.8235 0
      vertex 122.212 79.8937 0
    endloop
  endfacet
  facet normal 0 0 -1
    outer loop
      vertex 121.5 53.55 0
      vertex 121.859 79.8235 0
      vertex 121.859 53.5265 0
    endloop
  endfacet
  facet normal 0 0 -1
    outer loop
      vertex 121.5 53.55 0
      vertex 121.5 79.8 0
      vertex 121.859 79.8235 0
    endloop
  endfacet
  facet normal 0 0 -1
    outer loop
      vertex 121.141 53.5265 0
      vertex 121.5 79.8 0
      vertex 121.5 53.55 0
    endloop
  endfacet
  facet normal 0 0 -1
    outer loop
      vertex 121.141 53.5265 0
      vertex 121.141 79.8235 0
      vertex 121.5 79.8 0
    endloop
  endfacet
  facet normal 0 0 -1
    outer loop
      vertex 120.788 53.4563 0
      vertex 121.141 79.8235 0
      vertex 121.141 53.5265 0
    endloop
  endfacet
  facet normal 0 0 -1
    outer loop
      vertex 120.788 53.4563 0
      vertex 120.788 79.8937 0
      vertex 121.141 79.8235 0
    endloop
  endfacet
  facet normal 0 0 -1
    outer loop
      vertex 107.85 56.15 0
      vertex 120.788 53.4563 0
      vertex 120.448 53.3407 0
    endloop
  endfacet
  facet normal 0 0 -1
    outer loop
      vertex 120.788 53.4563 0
      vertex 107.85 56.15 0
      vertex 120.788 79.8937 0
    endloop
  endfacet
  facet normal 0 0 -1
    outer loop
      vertex 107.85 56.15 0
      vertex 120.448 53.3407 0
      vertex 120.125 53.1816 0
    endloop
  endfacet
  facet normal -0 0 -1
    outer loop
      vertex 120.788 79.8937 0
      vertex 107.85 56.15 0
      vertex 120.448 80.0093 0
    endloop
  endfacet
  facet normal 0 0 -1
    outer loop
      vertex 107.85 56.15 0
      vertex 120.125 53.1816 0
      vertex 119.826 52.9817 0
    endloop
  endfacet
  facet normal -0 0 -1
    outer loop
      vertex 120.448 80.0093 0
      vertex 107.85 56.15 0
      vertex 120.125 80.1684 0
    endloop
  endfacet
  facet normal 0 0 -1
    outer loop
      vertex 107.85 56.15 0
      vertex 119.826 52.9817 0
      vertex 119.555 52.7445 0
    endloop
  endfacet
  facet normal -0 0 -1
    outer loop
      vertex 120.125 80.1684 0
      vertex 107.85 56.15 0
      vertex 119.826 80.3683 0
    endloop
  endfacet
  facet normal 0 0 -1
    outer loop
      vertex 107.85 56.15 0
      vertex 119.555 52.7445 0
      vertex 119.318 52.4741 0
    endloop
  endfacet
  facet normal 0 0 -1
    outer loop
      vertex 100.281 60.5814 0
      vertex 119.826 80.3683 0
      vertex 107.85 56.15 0
    endloop
  endfacet
  facet normal 0 0 -1
    outer loop
      vertex 107.85 56.15 0
      vertex 119.318 52.4741 0
      vertex 119.118 52.175 0
    endloop
  endfacet
  facet normal -0 0 -1
    outer loop
      vertex 119.826 80.3683 0
      vertex 100.281 60.5814 0
      vertex 119.555 80.6055 0
    endloop
  endfacet
  facet normal 0 0 -1
    outer loop
      vertex 107.85 56.15 0
      vertex 119.118 52.175 0
      vertex 118.959 51.8524 0
    endloop
  endfacet
  facet normal 0 0 -1
    outer loop
      vertex 100.124 60.7194 0
      vertex 119.555 80.6055 0
      vertex 100.281 60.5814 0
    endloop
  endfacet
  facet normal 0 0 -1
    outer loop
      vertex 107.85 56.15 0
      vertex 118.959 51.8524 0
      vertex 118.844 51.5118 0
    endloop
  endfacet
  facet normal -0 0 -1
    outer loop
      vertex 119.555 80.6055 0
      vertex 100.124 60.7194 0
      vertex 119.318 80.8759 0
    endloop
  endfacet
  facet normal 0 0 -1
    outer loop
      vertex 107.85 56.15 0
      vertex 118.844 51.5118 0
      vertex 118.774 51.1589 0
    endloop
  endfacet
  facet normal 0 0 -1
    outer loop
      vertex 99.95 60.8356 0
      vertex 119.318 80.8759 0
      vertex 100.124 60.7194 0
    endloop
  endfacet
  facet normal 0 0 -1
    outer loop
      vertex 107.85 56.15 0
      vertex 118.774 51.1589 0
      vertex 118.75 50.8 0
    endloop
  endfacet
  facet normal -0 0 -1
    outer loop
      vertex 119.318 80.8759 0
      vertex 99.95 60.8356 0
      vertex 119.118 81.175 0
    endloop
  endfacet
  facet normal 0 0 -1
    outer loop
      vertex 126.5 0 0
      vertex 124.25 50.8 0
      vertex 126.5 88.9 0
    endloop
  endfacet
  facet normal 0 0 -1
    outer loop
      vertex 126.5 0 0
      vertex 124.226 50.4411 0
      vertex 124.25 50.8 0
    endloop
  endfacet
  facet normal 0 0 -1
    outer loop
      vertex 126.5 0 0
      vertex 124.156 50.0882 0
      vertex 124.226 50.4411 0
    endloop
  endfacet
  facet normal 0 0 -1
    outer loop
      vertex 126.5 0 0
      vertex 124.041 49.7476 0
      vertex 124.156 50.0882 0
    endloop
  endfacet
  facet normal 0 0 -1
    outer loop
      vertex 126.5 0 0
      vertex 123.882 49.425 0
      vertex 124.041 49.7476 0
    endloop
  endfacet
  facet normal 0 0 -1
    outer loop
      vertex 126.5 0 0
      vertex 123.682 49.1259 0
      vertex 123.882 49.425 0
    endloop
  endfacet
  facet normal 0 0 -1
    outer loop
      vertex 126.5 0 0
      vertex 123.445 48.8555 0
      vertex 123.682 49.1259 0
    endloop
  endfacet
  facet normal 0 0 -1
    outer loop
      vertex 126.5 0 0
      vertex 123.174 48.6183 0
      vertex 123.445 48.8555 0
    endloop
  endfacet
  facet normal 0 0 -1
    outer loop
      vertex 126.5 0 0
      vertex 122.875 48.4184 0
      vertex 123.174 48.6183 0
    endloop
  endfacet
  facet normal 0 0 -1
    outer loop
      vertex 126.5 0 0
      vertex 122.552 48.2593 0
      vertex 122.875 48.4184 0
    endloop
  endfacet
  facet normal 0 0 -1
    outer loop
      vertex 107.85 32.75 0
      vertex 122.552 48.2593 0
      vertex 126.5 0 0
    endloop
  endfacet
  facet normal 0 0 -1
    outer loop
      vertex 122.552 48.2593 0
      vertex 107.85 32.75 0
      vertex 122.212 48.1437 0
    endloop
  endfacet
  facet normal 0 0 -1
    outer loop
      vertex 122.212 48.1437 0
      vertex 107.85 32.75 0
      vertex 121.859 48.0735 0
    endloop
  endfacet
  facet normal 0 0 -1
    outer loop
      vertex 121.859 48.0735 0
      vertex 107.85 32.75 0
      vertex 121.5 48.05 0
    endloop
  endfacet
  facet normal -0 0 -1
    outer loop
      vertex 121.5 48.05 0
      vertex 107.85 32.75 0
      vertex 121.141 48.0735 0
    endloop
  endfacet
  facet normal -0 0 -1
    outer loop
      vertex 121.141 48.0735 0
      vertex 107.85 32.75 0
      vertex 120.788 48.1437 0
    endloop
  endfacet
  facet normal -0 0 -1
    outer loop
      vertex 120.788 48.1437 0
      vertex 107.85 32.75 0
      vertex 120.448 48.2593 0
    endloop
  endfacet
  facet normal -0 0 -1
    outer loop
      vertex 120.448 48.2593 0
      vertex 107.85 32.75 0
      vertex 120.125 48.4184 0
    endloop
  endfacet
  facet normal -0 0 -1
    outer loop
      vertex 120.125 48.4184 0
      vertex 107.85 32.75 0
      vertex 119.826 48.6183 0
    endloop
  endfacet
  facet normal -0 0 -1
    outer loop
      vertex 119.826 48.6183 0
      vertex 107.85 32.75 0
      vertex 119.555 48.8555 0
    endloop
  endfacet
  facet normal -0 0 -1
    outer loop
      vertex 119.555 48.8555 0
      vertex 107.85 32.75 0
      vertex 119.318 49.1259 0
    endloop
  endfacet
  facet normal -0 0 -1
    outer loop
      vertex 119.318 49.1259 0
      vertex 107.85 32.75 0
      vertex 119.118 49.425 0
    endloop
  endfacet
  facet normal -0 0 -1
    outer loop
      vertex 119.118 49.425 0
      vertex 107.85 32.75 0
      vertex 118.959 49.7476 0
    endloop
  endfacet
  facet normal 0 0 -1
    outer loop
      vertex 107.85 56.15 0
      vertex 118.959 49.7476 0
      vertex 107.85 32.75 0
    endloop
  endfacet
  facet normal 0 0 -1
    outer loop
      vertex 118.774 50.4411 0
      vertex 107.85 56.15 0
      vertex 118.75 50.8 0
    endloop
  endfacet
  facet normal 0 0 -1
    outer loop
      vertex 118.844 50.0882 0
      vertex 107.85 56.15 0
      vertex 118.774 50.4411 0
    endloop
  endfacet
  facet normal 0 0 -1
    outer loop
      vertex 118.959 49.7476 0
      vertex 107.85 56.15 0
      vertex 118.844 50.0882 0
    endloop
  endfacet
  facet normal 0 0 -1
    outer loop
      vertex 100.281 28.3186 0
      vertex 107.85 32.75 0
      vertex 126.5 0 0
    endloop
  endfacet
  facet normal 0 0 -1
    outer loop
      vertex 107.85 32.75 0
      vertex 100.736 29.2412 0
      vertex 100.75 29.45 0
    endloop
  endfacet
  facet normal 0 0 -1
    outer loop
      vertex 107.85 32.75 0
      vertex 100.695 29.0359 0
      vertex 100.736 29.2412 0
    endloop
  endfacet
  facet normal 0 0 -1
    outer loop
      vertex 107.85 32.75 0
      vertex 100.628 28.8377 0
      vertex 100.695 29.0359 0
    endloop
  endfacet
  facet normal 0 0 -1
    outer loop
      vertex 107.85 32.75 0
      vertex 100.536 28.65 0
      vertex 100.628 28.8377 0
    endloop
  endfacet
  facet normal 0 0 -1
    outer loop
      vertex 107.85 32.75 0
      vertex 100.419 28.476 0
      vertex 100.536 28.65 0
    endloop
  endfacet
  facet normal 0 0 -1
    outer loop
      vertex 107.85 32.75 0
      vertex 100.281 28.3186 0
      vertex 100.419 28.476 0
    endloop
  endfacet
  facet normal 0 0 -1
    outer loop
      vertex 126.5 0 0
      vertex 100.124 28.1806 0
      vertex 100.281 28.3186 0
    endloop
  endfacet
  facet normal 0 0 -1
    outer loop
      vertex 126.5 0 0
      vertex 99.95 28.0644 0
      vertex 100.124 28.1806 0
    endloop
  endfacet
  facet normal 0 0 -1
    outer loop
      vertex 126.5 0 0
      vertex 99.7623 27.9718 0
      vertex 99.95 28.0644 0
    endloop
  endfacet
  facet normal 0 0 -1
    outer loop
      vertex 126.5 0 0
      vertex 99.5641 27.9045 0
      vertex 99.7623 27.9718 0
    endloop
  endfacet
  facet normal 0 0 -1
    outer loop
      vertex 126.5 0 0
      vertex 99.3588 27.8637 0
      vertex 99.5641 27.9045 0
    endloop
  endfacet
  facet normal 0 0 -1
    outer loop
      vertex 79.65 6.75 0
      vertex 99.3588 27.8637 0
      vertex 126.5 0 0
    endloop
  endfacet
  facet normal 0 0 -1
    outer loop
      vertex 99.3588 27.8637 0
      vertex 79.65 6.75 0
      vertex 99.15 27.85 0
    endloop
  endfacet
  facet normal -0 0 -1
    outer loop
      vertex 99.15 27.85 0
      vertex 79.65 6.75 0
      vertex 98.9412 27.8637 0
    endloop
  endfacet
  facet normal -0 0 -1
    outer loop
      vertex 98.9412 27.8637 0
      vertex 79.65 6.75 0
      vertex 98.7359 27.9045 0
    endloop
  endfacet
  facet normal -0 0 -1
    outer loop
      vertex 98.7359 27.9045 0
      vertex 79.65 6.75 0
      vertex 98.5377 27.9718 0
    endloop
  endfacet
  facet normal -0 0 -1
    outer loop
      vertex 98.5377 27.9718 0
      vertex 79.65 6.75 0
      vertex 98.35 28.0644 0
    endloop
  endfacet
  facet normal -0 0 -1
    outer loop
      vertex 98.35 28.0644 0
      vertex 79.65 6.75 0
      vertex 98.176 28.1806 0
    endloop
  endfacet
  facet normal 0 0 -1
    outer loop
      vertex 97.5637 29.2412 0
      vertex 90.45 32.75 0
      vertex 97.55 29.45 0
    endloop
  endfacet
  facet normal 0 0 -1
    outer loop
      vertex 97.6045 29.0359 0
      vertex 90.45 32.75 0
      vertex 97.5637 29.2412 0
    endloop
  endfacet
  facet normal 0 0 -1
    outer loop
      vertex 97.6718 28.8377 0
      vertex 90.45 32.75 0
      vertex 97.6045 29.0359 0
    endloop
  endfacet
  facet normal 0 0 -1
    outer loop
      vertex 97.7644 28.65 0
      vertex 90.45 32.75 0
      vertex 97.6718 28.8377 0
    endloop
  endfacet
  facet normal 0 0 -1
    outer loop
      vertex 97.8806 28.476 0
      vertex 90.45 32.75 0
      vertex 97.7644 28.65 0
    endloop
  endfacet
  facet normal 0 0 -1
    outer loop
      vertex 98.0186 28.3186 0
      vertex 90.45 32.75 0
      vertex 97.8806 28.476 0
    endloop
  endfacet
  facet normal -0 0 -1
    outer loop
      vertex 98.176 28.1806 0
      vertex 79.65 6.75 0
      vertex 98.0186 28.3186 0
    endloop
  endfacet
  facet normal 0 0 -1
    outer loop
      vertex 79.65 53.25 0
      vertex 90.45 32.75 0
      vertex 79.65 6.75 0
    endloop
  endfacet
  facet normal -0 0 -1
    outer loop
      vertex 98.0186 28.3186 0
      vertex 79.65 6.75 0
      vertex 90.45 32.75 0
    endloop
  endfacet
  facet normal 0 0 -1
    outer loop
      vertex 126.5 0 0
      vertex 33.15 6.75 0
      vertex 79.65 6.75 0
    endloop
  endfacet
  facet normal 0 0 -1
    outer loop
      vertex 33.15 6.75 0
      vertex 23.15 6.75 0
      vertex 33.15 53.25 0
    endloop
  endfacet
  facet normal 0 0 -1
    outer loop
      vertex 126.5 0 0
      vertex 23.15 6.75 0
      vertex 33.15 6.75 0
    endloop
  endfacet
  facet normal 0 0 -1
    outer loop
      vertex 126.5 0 0
      vertex -23.35 6.75 0
      vertex 23.15 6.75 0
    endloop
  endfacet
  facet normal 0 0 -1
    outer loop
      vertex -23.35 6.75 0
      vertex -33.35 6.75 0
      vertex -23.35 53.25 0
    endloop
  endfacet
  facet normal 0 0 -1
    outer loop
      vertex -126.5 0 0
      vertex -23.35 6.75 0
      vertex 126.5 0 0
    endloop
  endfacet
  facet normal -0 0 -1
    outer loop
      vertex -23.35 6.75 0
      vertex -126.5 0 0
      vertex -33.35 6.75 0
    endloop
  endfacet
  facet normal 0 0 -1
    outer loop
      vertex -79.85 6.75 0
      vertex -89.85 9 0
      vertex -79.85 53.25 0
    endloop
  endfacet
  facet normal 0 0 -1
    outer loop
      vertex -126.5 0 0
      vertex -89.85 9 0
      vertex -79.85 6.75 0
    endloop
  endfacet
  facet normal 0 0 -1
    outer loop
      vertex -118.774 50.4411 0
      vertex -108.65 79.9 0
      vertex -108.65 9 0
    endloop
  endfacet
  facet normal 0 0 -1
    outer loop
      vertex -108.65 79.9 0
      vertex -118.774 50.4411 0
      vertex -118.75 50.8 0
    endloop
  endfacet
  facet normal 0 0 -1
    outer loop
      vertex -108.65 9 0
      vertex -118.844 50.0882 0
      vertex -118.774 50.4411 0
    endloop
  endfacet
  facet normal 0 0 -1
    outer loop
      vertex -108.65 9 0
      vertex -118.959 49.7476 0
      vertex -118.844 50.0882 0
    endloop
  endfacet
  facet normal 0 0 -1
    outer loop
      vertex -108.65 9 0
      vertex -119.118 49.425 0
      vertex -118.959 49.7476 0
    endloop
  endfacet
  facet normal 0 0 -1
    outer loop
      vertex -108.65 9 0
      vertex -119.318 49.1259 0
      vertex -119.118 49.425 0
    endloop
  endfacet
  facet normal 0 0 -1
    outer loop
      vertex -108.65 9 0
      vertex -119.555 48.8555 0
      vertex -119.318 49.1259 0
    endloop
  endfacet
  facet normal 0 0 -1
    outer loop
      vertex -108.65 9 0
      vertex -119.826 48.6183 0
      vertex -119.555 48.8555 0
    endloop
  endfacet
  facet normal 0 0 -1
    outer loop
      vertex -108.65 9 0
      vertex -120.125 48.4184 0
      vertex -119.826 48.6183 0
    endloop
  endfacet
  facet normal 0 0 -1
    outer loop
      vertex -108.65 9 0
      vertex -120.448 48.2593 0
      vertex -120.125 48.4184 0
    endloop
  endfacet
  facet normal 0 0 -1
    outer loop
      vertex -108.65 9 0
      vertex -120.788 48.1437 0
      vertex -120.448 48.2593 0
    endloop
  endfacet
  facet normal 0 0 -1
    outer loop
      vertex -108.65 9 0
      vertex -121.141 48.0735 0
      vertex -120.788 48.1437 0
    endloop
  endfacet
  facet normal 0 0 -1
    outer loop
      vertex -108.65 9 0
      vertex -121.5 48.05 0
      vertex -121.141 48.0735 0
    endloop
  endfacet
  facet normal 0 0 -1
    outer loop
      vertex -108.65 9 0
      vertex -121.859 48.0735 0
      vertex -121.5 48.05 0
    endloop
  endfacet
  facet normal 0 0 -1
    outer loop
      vertex -108.65 9 0
      vertex -122.212 48.1437 0
      vertex -121.859 48.0735 0
    endloop
  endfacet
  facet normal 0 0 -1
    outer loop
      vertex -126.5 0 0
      vertex -122.212 48.1437 0
      vertex -108.65 9 0
    endloop
  endfacet
  facet normal -0 0 -1
    outer loop
      vertex -122.212 48.1437 0
      vertex -126.5 0 0
      vertex -122.552 48.2593 0
    endloop
  endfacet
  facet normal -0 0 -1
    outer loop
      vertex -122.552 48.2593 0
      vertex -126.5 0 0
      vertex -122.875 48.4184 0
    endloop
  endfacet
  facet normal -0 0 -1
    outer loop
      vertex -122.875 48.4184 0
      vertex -126.5 0 0
      vertex -123.174 48.6183 0
    endloop
  endfacet
  facet normal -0 0 -1
    outer loop
      vertex -123.174 48.6183 0
      vertex -126.5 0 0
      vertex -123.445 48.8555 0
    endloop
  endfacet
  facet normal -0 0 -1
    outer loop
      vertex -123.445 48.8555 0
      vertex -126.5 0 0
      vertex -123.682 49.1259 0
    endloop
  endfacet
  facet normal -0 0 -1
    outer loop
      vertex -123.682 49.1259 0
      vertex -126.5 0 0
      vertex -123.882 49.425 0
    endloop
  endfacet
  facet normal 0 0 -1
    outer loop
      vertex -126.5 88.9 0
      vertex -124.25 50.8 0
      vertex -126.5 0 0
    endloop
  endfacet
  facet normal -0 0 -1
    outer loop
      vertex -124.226 50.4411 0
      vertex -126.5 0 0
      vertex -124.25 50.8 0
    endloop
  endfacet
  facet normal -0 0 -1
    outer loop
      vertex -124.156 50.0882 0
      vertex -126.5 0 0
      vertex -124.226 50.4411 0
    endloop
  endfacet
  facet normal -0 0 -1
    outer loop
      vertex -124.041 49.7476 0
      vertex -126.5 0 0
      vertex -124.156 50.0882 0
    endloop
  endfacet
  facet normal -0 0 -1
    outer loop
      vertex -123.882 49.425 0
      vertex -126.5 0 0
      vertex -124.041 49.7476 0
    endloop
  endfacet
  facet normal -0 0 -1
    outer loop
      vertex -89.85 9 0
      vertex -126.5 0 0
      vertex -108.65 9 0
    endloop
  endfacet
  facet normal -0 0 -1
    outer loop
      vertex -33.35 6.75 0
      vertex -126.5 0 0
      vertex -79.85 6.75 0
    endloop
  endfacet
  facet normal 0 0 -1
    outer loop
      vertex 124.226 51.1589 0
      vertex 126.5 88.9 0
      vertex 124.25 50.8 0
    endloop
  endfacet
  facet normal 0 0 -1
    outer loop
      vertex 124.226 82.909 0
      vertex 126.5 88.9 0
      vertex 124.25 82.55 0
    endloop
  endfacet
  facet normal 0 0 -1
    outer loop
      vertex 124.156 83.2617 0
      vertex 126.5 88.9 0
      vertex 124.226 82.909 0
    endloop
  endfacet
  facet normal 0 0 -1
    outer loop
      vertex 124.041 83.6024 0
      vertex 126.5 88.9 0
      vertex 124.156 83.2617 0
    endloop
  endfacet
  facet normal 0 0 -1
    outer loop
      vertex 123.882 83.925 0
      vertex 126.5 88.9 0
      vertex 124.041 83.6024 0
    endloop
  endfacet
  facet normal 0 0 -1
    outer loop
      vertex 123.682 84.2241 0
      vertex 126.5 88.9 0
      vertex 123.882 83.925 0
    endloop
  endfacet
  facet normal 0 0 -1
    outer loop
      vertex 123.445 84.4945 0
      vertex 126.5 88.9 0
      vertex 123.682 84.2241 0
    endloop
  endfacet
  facet normal 0 0 -1
    outer loop
      vertex 123.174 84.7317 0
      vertex 126.5 88.9 0
      vertex 123.445 84.4945 0
    endloop
  endfacet
  facet normal 0 0 -1
    outer loop
      vertex 122.875 84.9316 0
      vertex 126.5 88.9 0
      vertex 123.174 84.7317 0
    endloop
  endfacet
  facet normal 0 0 -1
    outer loop
      vertex 122.552 85.0907 0
      vertex 126.5 88.9 0
      vertex 122.875 84.9316 0
    endloop
  endfacet
  facet normal 0 0 -1
    outer loop
      vertex 122.212 85.2063 0
      vertex 126.5 88.9 0
      vertex 122.552 85.0907 0
    endloop
  endfacet
  facet normal 0 0 -1
    outer loop
      vertex 121.859 85.2765 0
      vertex 126.5 88.9 0
      vertex 122.212 85.2063 0
    endloop
  endfacet
  facet normal 0 0 -1
    outer loop
      vertex 121.5 85.3 0
      vertex 126.5 88.9 0
      vertex 121.859 85.2765 0
    endloop
  endfacet
  facet normal 0 0 -1
    outer loop
      vertex 121.141 85.2765 0
      vertex 126.5 88.9 0
      vertex 121.5 85.3 0
    endloop
  endfacet
  facet normal 0 0 -1
    outer loop
      vertex 120.788 85.2063 0
      vertex 126.5 88.9 0
      vertex 121.141 85.2765 0
    endloop
  endfacet
  facet normal 0 0 -1
    outer loop
      vertex 120.448 85.0907 0
      vertex 126.5 88.9 0
      vertex 120.788 85.2063 0
    endloop
  endfacet
  facet normal 0 0 -1
    outer loop
      vertex 120.125 84.9316 0
      vertex 126.5 88.9 0
      vertex 120.448 85.0907 0
    endloop
  endfacet
  facet normal 0 0 -1
    outer loop
      vertex 99.7623 60.9282 0
      vertex 119.118 81.175 0
      vertex 99.95 60.8356 0
    endloop
  endfacet
  facet normal -0 0 -1
    outer loop
      vertex 119.118 81.175 0
      vertex 99.7623 60.9282 0
      vertex 118.959 81.4976 0
    endloop
  endfacet
  facet normal 0 0 -1
    outer loop
      vertex 99.5641 60.9955 0
      vertex 118.959 81.4976 0
      vertex 99.7623 60.9282 0
    endloop
  endfacet
  facet normal -0 0 -1
    outer loop
      vertex 118.959 81.4976 0
      vertex 99.5641 60.9955 0
      vertex 118.844 81.8382 0
    endloop
  endfacet
  facet normal 0 0 -1
    outer loop
      vertex 100.736 59.6588 0
      vertex 107.85 56.15 0
      vertex 100.75 59.45 0
    endloop
  endfacet
  facet normal 0 0 -1
    outer loop
      vertex 100.695 59.8641 0
      vertex 107.85 56.15 0
      vertex 100.736 59.6588 0
    endloop
  endfacet
  facet normal 0 0 -1
    outer loop
      vertex 100.628 60.0623 0
      vertex 107.85 56.15 0
      vertex 100.695 59.8641 0
    endloop
  endfacet
  facet normal 0 0 -1
    outer loop
      vertex 100.536 60.25 0
      vertex 107.85 56.15 0
      vertex 100.628 60.0623 0
    endloop
  endfacet
  facet normal 0 0 -1
    outer loop
      vertex 100.419 60.424 0
      vertex 107.85 56.15 0
      vertex 100.536 60.25 0
    endloop
  endfacet
  facet normal 0 0 -1
    outer loop
      vertex 100.281 60.5814 0
      vertex 107.85 56.15 0
      vertex 100.419 60.424 0
    endloop
  endfacet
  facet normal 0 0 -1
    outer loop
      vertex 99.3588 61.0363 0
      vertex 118.844 81.8382 0
      vertex 99.5641 60.9955 0
    endloop
  endfacet
  facet normal -0 0 -1
    outer loop
      vertex 118.844 81.8382 0
      vertex 99.3588 61.0363 0
      vertex 118.774 82.1911 0
    endloop
  endfacet
  facet normal 0 0 -1
    outer loop
      vertex 99.15 61.05 0
      vertex 118.774 82.1911 0
      vertex 99.3588 61.0363 0
    endloop
  endfacet
  facet normal -0 0 -1
    outer loop
      vertex 118.774 82.1911 0
      vertex 99.15 61.05 0
      vertex 118.75 82.55 0
    endloop
  endfacet
  facet normal 0 0 -1
    outer loop
      vertex 98.9412 61.0363 0
      vertex 118.75 82.55 0
      vertex 99.15 61.05 0
    endloop
  endfacet
  facet normal 0 0 -1
    outer loop
      vertex 75.4 83.8 0
      vertex 118.75 82.55 0
      vertex 98.9412 61.0363 0
    endloop
  endfacet
  facet normal 0 0 -1
    outer loop
      vertex 118.75 82.55 0
      vertex 75.4 83.8 0
      vertex 118.774 82.909 0
    endloop
  endfacet
  facet normal 0 0 -1
    outer loop
      vertex 118.774 82.909 0
      vertex 75.4 83.8 0
      vertex 118.844 83.2617 0
    endloop
  endfacet
  facet normal 0 0 -1
    outer loop
      vertex 118.844 83.2617 0
      vertex 75.4 83.8 0
      vertex 118.959 83.6024 0
    endloop
  endfacet
  facet normal 0 0 -1
    outer loop
      vertex 118.959 83.6024 0
      vertex 75.4 83.8 0
      vertex 119.118 83.925 0
    endloop
  endfacet
  facet normal -0 0 -1
    outer loop
      vertex 119.118 83.925 0
      vertex 75.4 83.8 0
      vertex 119.318 84.2241 0
    endloop
  endfacet
  facet normal 0 0 -1
    outer loop
      vertex 75.4 83.8 0
      vertex 98.9412 61.0363 0
      vertex 98.7359 60.9955 0
    endloop
  endfacet
  facet normal 0 0 -1
    outer loop
      vertex 75.4 83.8 0
      vertex 98.7359 60.9955 0
      vertex 98.5377 60.9282 0
    endloop
  endfacet
  facet normal 0 0 -1
    outer loop
      vertex 75.4 83.8 0
      vertex 98.5377 60.9282 0
      vertex 98.35 60.8356 0
    endloop
  endfacet
  facet normal 0 0 -1
    outer loop
      vertex 75.4 83.8 0
      vertex 98.35 60.8356 0
      vertex 98.176 60.7194 0
    endloop
  endfacet
  facet normal 0 0 -1
    outer loop
      vertex 75.4 83.8 0
      vertex 98.176 60.7194 0
      vertex 98.0186 60.5814 0
    endloop
  endfacet
  facet normal 0 0 -1
    outer loop
      vertex 90.45 56.15 0
      vertex 97.5637 59.6588 0
      vertex 97.55 59.45 0
    endloop
  endfacet
  facet normal 0 0 -1
    outer loop
      vertex 90.45 56.15 0
      vertex 97.6045 59.8641 0
      vertex 97.5637 59.6588 0
    endloop
  endfacet
  facet normal 0 0 -1
    outer loop
      vertex 90.45 56.15 0
      vertex 97.6718 60.0623 0
      vertex 97.6045 59.8641 0
    endloop
  endfacet
  facet normal 0 0 -1
    outer loop
      vertex 90.45 56.15 0
      vertex 97.7644 60.25 0
      vertex 97.6718 60.0623 0
    endloop
  endfacet
  facet normal 0 0 -1
    outer loop
      vertex 90.45 56.15 0
      vertex 97.8806 60.424 0
      vertex 97.7644 60.25 0
    endloop
  endfacet
  facet normal 0 0 -1
    outer loop
      vertex 90.45 56.15 0
      vertex 98.0186 60.5814 0
      vertex 97.8806 60.424 0
    endloop
  endfacet
  facet normal 0 0 -1
    outer loop
      vertex 75.4 83.8 0
      vertex 98.0186 60.5814 0
      vertex 90.45 56.15 0
    endloop
  endfacet
  facet normal 0 0 -1
    outer loop
      vertex 90.45 32.75 0
      vertex 79.65 53.25 0
      vertex 90.45 56.15 0
    endloop
  endfacet
  facet normal 0 0 -1
    outer loop
      vertex 75.4 57.1 0
      vertex 90.45 56.15 0
      vertex 79.65 53.25 0
    endloop
  endfacet
  facet normal -0 0 -1
    outer loop
      vertex 119.318 84.2241 0
      vertex 75.4 83.8 0
      vertex 119.555 84.4945 0
    endloop
  endfacet
  facet normal 0 0 -1
    outer loop
      vertex 90.45 56.15 0
      vertex 75.4 57.1 0
      vertex 75.4 83.8 0
    endloop
  endfacet
  facet normal -0 0 -1
    outer loop
      vertex 119.555 84.4945 0
      vertex 75.4 83.8 0
      vertex 119.826 84.7317 0
    endloop
  endfacet
  facet normal -0 0 -1
    outer loop
      vertex 119.826 84.7317 0
      vertex 75.4 83.8 0
      vertex 120.125 84.9316 0
    endloop
  endfacet
  facet normal -0 0 -1
    outer loop
      vertex 120.125 84.9316 0
      vertex 75.4 83.8 0
      vertex 126.5 88.9 0
    endloop
  endfacet
  facet normal 0 0 -1
    outer loop
      vertex 59.4 83.8 0
      vertex 126.5 88.9 0
      vertex 75.4 83.8 0
    endloop
  endfacet
  facet normal 0 0 -1
    outer loop
      vertex -59.4 83.8 0
      vertex 59.4 83.8 0
      vertex -59.4 77.8 0
    endloop
  endfacet
  facet normal 0 0 -1
    outer loop
      vertex 59.4 83.8 0
      vertex -59.4 83.8 0
      vertex 126.5 88.9 0
    endloop
  endfacet
  facet normal 0 0 -1
    outer loop
      vertex -126.5 88.9 0
      vertex -59.4 83.8 0
      vertex -75.4 83.8 0
    endloop
  endfacet
  facet normal 0 0 -1
    outer loop
      vertex -89.85 79.9 0
      vertex -79.85 53.25 0
      vertex -89.85 9 0
    endloop
  endfacet
  facet normal 0 0 -1
    outer loop
      vertex -75.4 57.1 0
      vertex -89.85 79.9 0
      vertex -75.4 83.8 0
    endloop
  endfacet
  facet normal 0 0 -1
    outer loop
      vertex -120.125 84.9316 0
      vertex -89.85 79.9 0
      vertex -108.65 79.9 0
    endloop
  endfacet
  facet normal 0 0 -1
    outer loop
      vertex -118.774 51.1589 0
      vertex -108.65 79.9 0
      vertex -118.75 50.8 0
    endloop
  endfacet
  facet normal 0 0 -1
    outer loop
      vertex -118.774 82.909 0
      vertex -108.65 79.9 0
      vertex -118.75 82.55 0
    endloop
  endfacet
  facet normal 0 0 -1
    outer loop
      vertex -118.844 83.2617 0
      vertex -108.65 79.9 0
      vertex -118.774 82.909 0
    endloop
  endfacet
  facet normal 0 0 -1
    outer loop
      vertex -118.959 83.6024 0
      vertex -108.65 79.9 0
      vertex -118.844 83.2617 0
    endloop
  endfacet
  facet normal 0 0 -1
    outer loop
      vertex -119.118 83.925 0
      vertex -108.65 79.9 0
      vertex -118.959 83.6024 0
    endloop
  endfacet
  facet normal 0 0 -1
    outer loop
      vertex -119.318 84.2241 0
      vertex -108.65 79.9 0
      vertex -119.118 83.925 0
    endloop
  endfacet
  facet normal 0 0 -1
    outer loop
      vertex -119.555 84.4945 0
      vertex -108.65 79.9 0
      vertex -119.318 84.2241 0
    endloop
  endfacet
  facet normal 0 0 -1
    outer loop
      vertex -119.826 84.7317 0
      vertex -108.65 79.9 0
      vertex -119.555 84.4945 0
    endloop
  endfacet
  facet normal 0 0 -1
    outer loop
      vertex -120.125 84.9316 0
      vertex -108.65 79.9 0
      vertex -119.826 84.7317 0
    endloop
  endfacet
  facet normal 0 0 -1
    outer loop
      vertex -126.5 88.9 0
      vertex -89.85 79.9 0
      vertex -120.125 84.9316 0
    endloop
  endfacet
  facet normal 0 0 -1
    outer loop
      vertex -89.85 79.9 0
      vertex -126.5 88.9 0
      vertex -75.4 83.8 0
    endloop
  endfacet
  facet normal 0 0 -1
    outer loop
      vertex -126.5 88.9 0
      vertex -120.125 84.9316 0
      vertex -120.448 85.0907 0
    endloop
  endfacet
  facet normal 0 0 -1
    outer loop
      vertex -126.5 88.9 0
      vertex -120.448 85.0907 0
      vertex -120.788 85.2063 0
    endloop
  endfacet
  facet normal 0 0 -1
    outer loop
      vertex -126.5 88.9 0
      vertex -120.788 85.2063 0
      vertex -121.141 85.2765 0
    endloop
  endfacet
  facet normal 0 0 -1
    outer loop
      vertex -126.5 88.9 0
      vertex -121.141 85.2765 0
      vertex -121.5 85.3 0
    endloop
  endfacet
  facet normal 0 0 -1
    outer loop
      vertex -59.4 83.8 0
      vertex -126.5 88.9 0
      vertex 126.5 88.9 0
    endloop
  endfacet
  facet normal 0 0 -1
    outer loop
      vertex -121.859 85.2765 0
      vertex -126.5 88.9 0
      vertex -121.5 85.3 0
    endloop
  endfacet
  facet normal 0 0 -1
    outer loop
      vertex -122.212 85.2063 0
      vertex -126.5 88.9 0
      vertex -121.859 85.2765 0
    endloop
  endfacet
  facet normal 0 0 -1
    outer loop
      vertex -122.552 85.0907 0
      vertex -126.5 88.9 0
      vertex -122.212 85.2063 0
    endloop
  endfacet
  facet normal 0 0 -1
    outer loop
      vertex -122.875 84.9316 0
      vertex -126.5 88.9 0
      vertex -122.552 85.0907 0
    endloop
  endfacet
  facet normal 0 0 -1
    outer loop
      vertex -123.174 84.7317 0
      vertex -126.5 88.9 0
      vertex -122.875 84.9316 0
    endloop
  endfacet
  facet normal 0 0 -1
    outer loop
      vertex -123.445 84.4945 0
      vertex -126.5 88.9 0
      vertex -123.174 84.7317 0
    endloop
  endfacet
  facet normal 0 0 -1
    outer loop
      vertex -123.682 84.2241 0
      vertex -126.5 88.9 0
      vertex -123.445 84.4945 0
    endloop
  endfacet
  facet normal 0 0 -1
    outer loop
      vertex -123.882 83.925 0
      vertex -126.5 88.9 0
      vertex -123.682 84.2241 0
    endloop
  endfacet
  facet normal 0 0 -1
    outer loop
      vertex -124.041 83.6024 0
      vertex -126.5 88.9 0
      vertex -123.882 83.925 0
    endloop
  endfacet
  facet normal 0 0 -1
    outer loop
      vertex -124.156 83.2617 0
      vertex -126.5 88.9 0
      vertex -124.041 83.6024 0
    endloop
  endfacet
  facet normal 0 0 -1
    outer loop
      vertex -124.226 82.909 0
      vertex -126.5 88.9 0
      vertex -124.156 83.2617 0
    endloop
  endfacet
  facet normal 0 0 -1
    outer loop
      vertex -124.25 82.55 0
      vertex -126.5 88.9 0
      vertex -124.226 82.909 0
    endloop
  endfacet
  facet normal 0 0 -1
    outer loop
      vertex -124.226 82.1911 0
      vertex -126.5 88.9 0
      vertex -124.25 82.55 0
    endloop
  endfacet
  facet normal 0 0 -1
    outer loop
      vertex 100.736 29.6588 0
      vertex 107.85 32.75 0
      vertex 100.75 29.45 0
    endloop
  endfacet
  facet normal 0 0 -1
    outer loop
      vertex 100.695 29.8641 0
      vertex 107.85 32.75 0
      vertex 100.736 29.6588 0
    endloop
  endfacet
  facet normal 0 0 -1
    outer loop
      vertex 100.628 30.0623 0
      vertex 107.85 32.75 0
      vertex 100.695 29.8641 0
    endloop
  endfacet
  facet normal 0 0 -1
    outer loop
      vertex 100.536 30.25 0
      vertex 107.85 32.75 0
      vertex 100.628 30.0623 0
    endloop
  endfacet
  facet normal 0 0 -1
    outer loop
      vertex 100.419 30.424 0
      vertex 107.85 32.75 0
      vertex 100.536 30.25 0
    endloop
  endfacet
  facet normal 0 0 -1
    outer loop
      vertex 100.281 30.5814 0
      vertex 107.85 32.75 0
      vertex 100.419 30.424 0
    endloop
  endfacet
  facet normal 0 0 -1
    outer loop
      vertex 100.124 30.7194 0
      vertex 107.85 32.75 0
      vertex 100.281 30.5814 0
    endloop
  endfacet
  facet normal 0 0 -1
    outer loop
      vertex 99.95 30.8356 0
      vertex 107.85 32.75 0
      vertex 100.124 30.7194 0
    endloop
  endfacet
  facet normal 0 0 -1
    outer loop
      vertex 99.7623 30.9282 0
      vertex 107.85 32.75 0
      vertex 99.95 30.8356 0
    endloop
  endfacet
  facet normal 0 0 -1
    outer loop
      vertex 99.5641 30.9955 0
      vertex 107.85 32.75 0
      vertex 99.7623 30.9282 0
    endloop
  endfacet
  facet normal 0 0 -1
    outer loop
      vertex 99.3588 31.0363 0
      vertex 107.85 32.75 0
      vertex 99.5641 30.9955 0
    endloop
  endfacet
  facet normal 0 0 -1
    outer loop
      vertex 99.15 31.05 0
      vertex 107.85 32.75 0
      vertex 99.3588 31.0363 0
    endloop
  endfacet
  facet normal 0 0 -1
    outer loop
      vertex 90.45 32.75 0
      vertex 99.15 31.05 0
      vertex 98.9412 31.0363 0
    endloop
  endfacet
  facet normal 0 0 -1
    outer loop
      vertex 99.15 31.05 0
      vertex 90.45 32.75 0
      vertex 107.85 32.75 0
    endloop
  endfacet
  facet normal 0 0 -1
    outer loop
      vertex 98.7359 30.9955 0
      vertex 90.45 32.75 0
      vertex 98.9412 31.0363 0
    endloop
  endfacet
  facet normal 0 0 -1
    outer loop
      vertex 98.5377 30.9282 0
      vertex 90.45 32.75 0
      vertex 98.7359 30.9955 0
    endloop
  endfacet
  facet normal 0 0 -1
    outer loop
      vertex 98.35 30.8356 0
      vertex 90.45 32.75 0
      vertex 98.5377 30.9282 0
    endloop
  endfacet
  facet normal 0 0 -1
    outer loop
      vertex 98.176 30.7194 0
      vertex 90.45 32.75 0
      vertex 98.35 30.8356 0
    endloop
  endfacet
  facet normal 0 0 -1
    outer loop
      vertex 98.0186 30.5814 0
      vertex 90.45 32.75 0
      vertex 98.176 30.7194 0
    endloop
  endfacet
  facet normal 0 0 -1
    outer loop
      vertex 97.8806 30.424 0
      vertex 90.45 32.75 0
      vertex 98.0186 30.5814 0
    endloop
  endfacet
  facet normal 0 0 -1
    outer loop
      vertex 97.7644 30.25 0
      vertex 90.45 32.75 0
      vertex 97.8806 30.424 0
    endloop
  endfacet
  facet normal 0 0 -1
    outer loop
      vertex 97.6718 30.0623 0
      vertex 90.45 32.75 0
      vertex 97.7644 30.25 0
    endloop
  endfacet
  facet normal 0 0 -1
    outer loop
      vertex 97.6045 29.8641 0
      vertex 90.45 32.75 0
      vertex 97.6718 30.0623 0
    endloop
  endfacet
  facet normal 0 0 -1
    outer loop
      vertex 97.5637 29.6588 0
      vertex 90.45 32.75 0
      vertex 97.6045 29.8641 0
    endloop
  endfacet
  facet normal 0 0 -1
    outer loop
      vertex 90.45 32.75 0
      vertex 97.5637 29.6588 0
      vertex 97.55 29.45 0
    endloop
  endfacet
  facet normal 0 -1 0
    outer loop
      vertex -126.5 0 0
      vertex 126.5 0 3
      vertex -126.5 0 3
    endloop
  endfacet
  facet normal 0 -1 -0
    outer loop
      vertex 126.5 0 3
      vertex -126.5 0 0
      vertex 126.5 0 0
    endloop
  endfacet
  facet normal 0 1 -0
    outer loop
      vertex 126.5 88.9 0
      vertex -126.5 88.9 3
      vertex 126.5 88.9 3
    endloop
  endfacet
  facet normal 0 1 0
    outer loop
      vertex -126.5 88.9 3
      vertex 126.5 88.9 0
      vertex -126.5 88.9 0
    endloop
  endfacet
  facet normal 1 0 0
    outer loop
      vertex -106.15 11.5 0
      vertex -106.15 77.4 0
      vertex -106.15 77.4 3
    endloop
  endfacet
  facet normal 1 0 0
    outer loop
      vertex -106.15 11.5 0
      vertex -106.15 77.4 3
      vertex -106.15 11.5 3
    endloop
  endfacet
  facet normal 1 0 0
    outer loop
      vertex -106.15 77.4 0
      vertex -106.15 11.5 0
      vertex -106.15 77.4 -30
    endloop
  endfacet
  facet normal 1 0 0
    outer loop
      vertex -106.15 77.4 -30
      vertex -106.15 11.5 0
      vertex -106.15 11.5 -30
    endloop
  endfacet
  facet normal -1 0 0
    outer loop
      vertex -92.35 11.5 0
      vertex -92.35 77.4 3
      vertex -92.35 77.4 0
    endloop
  endfacet
  facet normal -1 -0 0
    outer loop
      vertex -92.35 77.4 3
      vertex -92.35 11.5 0
      vertex -92.35 11.5 3
    endloop
  endfacet
  facet normal 0 -1 0
    outer loop
      vertex -106.15 77.4 0
      vertex -92.35 77.4 3
      vertex -106.15 77.4 3
    endloop
  endfacet
  facet normal 0 -1 -0
    outer loop
      vertex -92.35 77.4 3
      vertex -106.15 77.4 0
      vertex -92.35 77.4 0
    endloop
  endfacet
  facet normal 0 1 -0
    outer loop
      vertex -92.35 11.5 0
      vertex -106.15 11.5 3
      vertex -92.35 11.5 3
    endloop
  endfacet
  facet normal 0 1 0
    outer loop
      vertex -106.15 11.5 3
      vertex -92.35 11.5 0
      vertex -106.15 11.5 0
    endloop
  endfacet
  facet normal 1 -0 0
    outer loop
      vertex 90.45 32.75 3
      vertex 90.45 56.15 0
      vertex 90.45 56.15 3
    endloop
  endfacet
  facet normal 1 0 0
    outer loop
      vertex 90.45 56.15 0
      vertex 90.45 32.75 3
      vertex 90.45 32.75 0
    endloop
  endfacet
  facet normal -1 0 0
    outer loop
      vertex 107.85 32.75 0
      vertex 107.85 56.15 3
      vertex 107.85 56.15 0
    endloop
  endfacet
  facet normal -1 -0 0
    outer loop
      vertex 107.85 56.15 3
      vertex 107.85 32.75 0
      vertex 107.85 32.75 3
    endloop
  endfacet
  facet normal 0 1 -0
    outer loop
      vertex 107.85 32.75 0
      vertex 90.45 32.75 3
      vertex 107.85 32.75 3
    endloop
  endfacet
  facet normal 0 1 0
    outer loop
      vertex 90.45 32.75 3
      vertex 107.85 32.75 0
      vertex 90.45 32.75 0
    endloop
  endfacet
  facet normal 0 -1 0
    outer loop
      vertex 90.45 56.15 0
      vertex 107.85 56.15 3
      vertex 90.45 56.15 3
    endloop
  endfacet
  facet normal 0 -1 -0
    outer loop
      vertex 107.85 56.15 3
      vertex 90.45 56.15 0
      vertex 107.85 56.15 0
    endloop
  endfacet
  facet normal 1 -0 0
    outer loop
      vertex -69 63.5 3
      vertex -69 77.4 0
      vertex -69 77.4 3
    endloop
  endfacet
  facet normal 1 0 0
    outer loop
      vertex -69 77.4 0
      vertex -69 63.5 3
      vertex -69 63.5 0
    endloop
  endfacet
  facet normal -1 0 0
    outer loop
      vertex 69 63.5 0
      vertex 69 77.4 3
      vertex 69 77.4 0
    endloop
  endfacet
  facet normal -1 -0 0
    outer loop
      vertex 69 77.4 3
      vertex 69 63.5 0
      vertex 69 63.5 3
    endloop
  endfacet
  facet normal 0 1 -0
    outer loop
      vertex 69 63.5 0
      vertex -69 63.5 3
      vertex 69 63.5 3
    endloop
  endfacet
  facet normal 0 1 0
    outer loop
      vertex -69 63.5 3
      vertex 69 63.5 0
      vertex -69 63.5 0
    endloop
  endfacet
  facet normal 0 -1 0
    outer loop
      vertex -69 77.4 0
      vertex 69 77.4 3
      vertex -69 77.4 3
    endloop
  endfacet
  facet normal 0 -1 -0
    outer loop
      vertex 69 77.4 3
      vertex -69 77.4 0
      vertex 69 77.4 0
    endloop
  endfacet
  facet normal -1 0 0
    outer loop
      vertex -108.65 9 -30
      vertex -108.65 79.9 0
      vertex -108.65 79.9 -30
    endloop
  endfacet
  facet normal -1 -0 0
    outer loop
      vertex -108.65 79.9 0
      vertex -108.65 9 -30
      vertex -108.65 9 0
    endloop
  endfacet
  facet normal 1 -0 0
    outer loop
      vertex -89.85 9 0
      vertex -89.85 79.9 -30
      vertex -89.85 79.9 0
    endloop
  endfacet
  facet normal 1 0 0
    outer loop
      vertex -89.85 79.9 -30
      vertex -89.85 9 0
      vertex -89.85 9 -30
    endloop
  endfacet
  facet normal 0 1 -0
    outer loop
      vertex -89.85 79.9 -30
      vertex -108.65 79.9 0
      vertex -89.85 79.9 0
    endloop
  endfacet
  facet normal 0 1 0
    outer loop
      vertex -108.65 79.9 0
      vertex -89.85 79.9 -30
      vertex -108.65 79.9 -30
    endloop
  endfacet
  facet normal 0 0 -1
    outer loop
      vertex -89.85 9 -30
      vertex -92.35 11.5 -30
      vertex -89.85 79.9 -30
    endloop
  endfacet
  facet normal 0 0 -1
    outer loop
      vertex -89.85 9 -30
      vertex -106.15 11.5 -30
      vertex -92.35 11.5 -30
    endloop
  endfacet
  facet normal -0 0 -1
    outer loop
      vertex -106.15 11.5 -30
      vertex -108.65 9 -30
      vertex -106.15 77.4 -30
    endloop
  endfacet
  facet normal 0 0 -1
    outer loop
      vertex -108.65 9 -30
      vertex -106.15 11.5 -30
      vertex -89.85 9 -30
    endloop
  endfacet
  facet normal 0 0 -1
    outer loop
      vertex -92.35 77.4 -30
      vertex -89.85 79.9 -30
      vertex -92.35 11.5 -30
    endloop
  endfacet
  facet normal 0 0 -1
    outer loop
      vertex -106.15 77.4 -30
      vertex -89.85 79.9 -30
      vertex -92.35 77.4 -30
    endloop
  endfacet
  facet normal 0 0 -1
    outer loop
      vertex -106.15 77.4 -30
      vertex -108.65 79.9 -30
      vertex -89.85 79.9 -30
    endloop
  endfacet
  facet normal 0 0 -1
    outer loop
      vertex -108.65 79.9 -30
      vertex -106.15 77.4 -30
      vertex -108.65 9 -30
    endloop
  endfacet
  facet normal 0 -1 0
    outer loop
      vertex -108.65 9 -30
      vertex -89.85 9 0
      vertex -108.65 9 0
    endloop
  endfacet
  facet normal 0 -1 -0
    outer loop
      vertex -89.85 9 0
      vertex -108.65 9 -30
      vertex -89.85 9 -30
    endloop
  endfacet
  facet normal -1 0 0
    outer loop
      vertex -92.35 11.5 -30
      vertex -92.35 77.4 0
      vertex -92.35 77.4 -30
    endloop
  endfacet
  facet normal -1 -0 0
    outer loop
      vertex -92.35 77.4 0
      vertex -92.35 11.5 -30
      vertex -92.35 11.5 0
    endloop
  endfacet
  facet normal 0 1 -0
    outer loop
      vertex -92.35 11.5 -30
      vertex -106.15 11.5 0
      vertex -92.35 11.5 0
    endloop
  endfacet
  facet normal 0 1 0
    outer loop
      vertex -106.15 11.5 0
      vertex -92.35 11.5 -30
      vertex -106.15 11.5 -30
    endloop
  endfacet
  facet normal 0 -1 0
    outer loop
      vertex -106.15 77.4 -30
      vertex -92.35 77.4 0
      vertex -106.15 77.4 0
    endloop
  endfacet
  facet normal 0 -1 -0
    outer loop
      vertex -92.35 77.4 0
      vertex -106.15 77.4 -30
      vertex -92.35 77.4 -30
    endloop
  endfacet
  facet normal -1 0 0
    outer loop
      vertex -75.4 57.1 -128.74
      vertex -75.4 83.8 0
      vertex -75.4 83.8 -128.74
    endloop
  endfacet
  facet normal -1 -0 0
    outer loop
      vertex -75.4 83.8 0
      vertex -75.4 57.1 -128.74
      vertex -75.4 57.1 0
    endloop
  endfacet
  facet normal 1 -0 0
    outer loop
      vertex -69.4 63.1 0
      vertex -69.4 77.8 -121.99
      vertex -69.4 77.8 0
    endloop
  endfacet
  facet normal 1 0 0
    outer loop
      vertex -69.4 77.8 -121.99
      vertex -69.4 63.1 0
      vertex -69.4 63.1 -121.99
    endloop
  endfacet
  facet normal 0 -1 0
    outer loop
      vertex -75.4 57.1 -128.74
      vertex -59.4 57.1 0
      vertex -75.4 57.1 0
    endloop
  endfacet
  facet normal 0 -1 -0
    outer loop
      vertex -59.4 57.1 0
      vertex -75.4 57.1 -128.74
      vertex -59.4 57.1 -128.74
    endloop
  endfacet
  facet normal 0 1 -0
    outer loop
      vertex -59.4 83.8 -128.74
      vertex -75.4 83.8 0
      vertex -59.4 83.8 0
    endloop
  endfacet
  facet normal 0 1 0
    outer loop
      vertex -75.4 83.8 0
      vertex -59.4 83.8 -128.74
      vertex -75.4 83.8 -128.74
    endloop
  endfacet
  facet normal 1 -0 0
    outer loop
      vertex -59.4 57.1 0
      vertex -59.4 63.1 -121.99
      vertex -59.4 63.1 0
    endloop
  endfacet
  facet normal 1 0 0
    outer loop
      vertex -59.4 63.1 -121.99
      vertex -59.4 57.1 0
      vertex -59.4 57.1 -128.74
    endloop
  endfacet
  facet normal 0 1 -0
    outer loop
      vertex -59.4 63.1 -121.99
      vertex -69.4 63.1 0
      vertex -59.4 63.1 0
    endloop
  endfacet
  facet normal 0 1 0
    outer loop
      vertex -69.4 63.1 0
      vertex -59.4 63.1 -121.99
      vertex -69.4 63.1 -121.99
    endloop
  endfacet
  facet normal 1 0 0
    outer loop
      vertex -59.4 77.8 -121.99
      vertex -59.4 83.8 0
      vertex -59.4 77.8 0
    endloop
  endfacet
  facet normal 1 0 0
    outer loop
      vertex -59.4 83.8 0
      vertex -59.4 77.8 -121.99
      vertex -59.4 83.8 -128.74
    endloop
  endfacet
  facet normal 0 -1 0
    outer loop
      vertex -69.4 77.8 -121.99
      vertex -59.4 77.8 0
      vertex -69.4 77.8 0
    endloop
  endfacet
  facet normal 0 -1 -0
    outer loop
      vertex -59.4 77.8 0
      vertex -69.4 77.8 -121.99
      vertex -59.4 77.8 -121.99
    endloop
  endfacet
  facet normal 1 -0 0
    outer loop
      vertex 75.4 57.1 0
      vertex 75.4 83.8 -128.74
      vertex 75.4 83.8 0
    endloop
  endfacet
  facet normal 1 0 0
    outer loop
      vertex 75.4 83.8 -128.74
      vertex 75.4 57.1 0
      vertex 75.4 57.1 -128.74
    endloop
  endfacet
  facet normal -1 0 0
    outer loop
      vertex 69.4 63.1 -121.99
      vertex 69.4 77.8 0
      vertex 69.4 77.8 -121.99
    endloop
  endfacet
  facet normal -1 -0 0
    outer loop
      vertex 69.4 77.8 0
      vertex 69.4 63.1 -121.99
      vertex 69.4 63.1 0
    endloop
  endfacet
  facet normal 0 -1 0
    outer loop
      vertex 59.4 57.1 -128.74
      vertex 75.4 57.1 0
      vertex 59.4 57.1 0
    endloop
  endfacet
  facet normal 0 -1 -0
    outer loop
      vertex 75.4 57.1 0
      vertex 59.4 57.1 -128.74
      vertex 75.4 57.1 -128.74
    endloop
  endfacet
  facet normal 0 1 -0
    outer loop
      vertex 75.4 83.8 -128.74
      vertex 59.4 83.8 0
      vertex 75.4 83.8 0
    endloop
  endfacet
  facet normal 0 1 0
    outer loop
      vertex 59.4 83.8 0
      vertex 75.4 83.8 -128.74
      vertex 59.4 83.8 -128.74
    endloop
  endfacet
  facet normal -1 0 0
    outer loop
      vertex 59.4 57.1 0
      vertex 59.4 63.1 -121.99
      vertex 59.4 57.1 -128.74
    endloop
  endfacet
  facet normal -1 0 0
    outer loop
      vertex 59.4 63.1 -121.99
      vertex 59.4 57.1 0
      vertex 59.4 63.1 0
    endloop
  endfacet
  facet normal 0 1 -0
    outer loop
      vertex 69.4 63.1 -121.99
      vertex 59.4 63.1 0
      vertex 69.4 63.1 0
    endloop
  endfacet
  facet normal 0 1 0
    outer loop
      vertex 59.4 63.1 0
      vertex 69.4 63.1 -121.99
      vertex 59.4 63.1 -121.99
    endloop
  endfacet
  facet normal -1 0 0
    outer loop
      vertex 59.4 77.8 -121.99
      vertex 59.4 83.8 0
      vertex 59.4 83.8 -128.74
    endloop
  endfacet
  facet normal -1 -0 0
    outer loop
      vertex 59.4 83.8 0
      vertex 59.4 77.8 -121.99
      vertex 59.4 77.8 0
    endloop
  endfacet
  facet normal 0 -1 0
    outer loop
      vertex 59.4 77.8 -121.99
      vertex 69.4 77.8 0
      vertex 59.4 77.8 0
    endloop
  endfacet
  facet normal 0 -1 -0
    outer loop
      vertex 69.4 77.8 0
      vertex 59.4 77.8 -121.99
      vertex 69.4 77.8 -121.99
    endloop
  endfacet
  facet normal 0 0.747409 -0.664364
    outer loop
      vertex -59.4 57.1 -128.74
      vertex -69.4 63.1 -121.99
      vertex -59.4 63.1 -121.99
    endloop
  endfacet
  facet normal 0 0.747409 -0.664364
    outer loop
      vertex -69.4 63.1 -121.99
      vertex -59.4 57.1 -128.74
      vertex -75.4 57.1 -128.74
    endloop
  endfacet
  facet normal 0 0.747409 -0.664364
    outer loop
      vertex 59.4 57.1 -128.74
      vertex 69.4 63.1 -121.99
      vertex 75.4 57.1 -128.74
    endloop
  endfacet
  facet normal 0 0.747409 -0.664364
    outer loop
      vertex 69.4 63.1 -121.99
      vertex 59.4 57.1 -128.74
      vertex 59.4 63.1 -121.99
    endloop
  endfacet
  facet normal 0.747409 0 -0.664364
    outer loop
      vertex -69.4 63.1 -121.99
      vertex -75.4 83.8 -128.74
      vertex -69.4 77.8 -121.99
    endloop
  endfacet
  facet normal 0.747409 0 -0.664364
    outer loop
      vertex -75.4 83.8 -128.74
      vertex -69.4 63.1 -121.99
      vertex -75.4 57.1 -128.74
    endloop
  endfacet
  facet normal 0 -0.747409 -0.664364
    outer loop
      vertex 59.4 83.8 -128.74
      vertex 69.4 77.8 -121.99
      vertex 59.4 77.8 -121.99
    endloop
  endfacet
  facet normal 0 -0.747409 -0.664364
    outer loop
      vertex 69.4 77.8 -121.99
      vertex 59.4 83.8 -128.74
      vertex 75.4 83.8 -128.74
    endloop
  endfacet
  facet normal -0 -0.747409 -0.664364
    outer loop
      vertex -59.4 83.8 -128.74
      vertex -69.4 77.8 -121.99
      vertex -75.4 83.8 -128.74
    endloop
  endfacet
  facet normal 0 -0.747409 -0.664364
    outer loop
      vertex -69.4 77.8 -121.99
      vertex -59.4 83.8 -128.74
      vertex -59.4 77.8 -121.99
    endloop
  endfacet
  facet normal -0.747409 0 -0.664364
    outer loop
      vertex 75.4 83.8 -128.74
      vertex 69.4 63.1 -121.99
      vertex 69.4 77.8 -121.99
    endloop
  endfacet
  facet normal -0.747409 0 -0.664364
    outer loop
      vertex 69.4 63.1 -121.99
      vertex 75.4 83.8 -128.74
      vertex 75.4 57.1 -128.74
    endloop
  endfacet
  facet normal -1 0 0
    outer loop
      vertex -79.85 6.75 -25.04
      vertex -79.85 53.25 0
      vertex -79.85 53.25 -25.04
    endloop
  endfacet
  facet normal -1 -0 0
    outer loop
      vertex -79.85 53.25 0
      vertex -79.85 6.75 -25.04
      vertex -79.85 6.75 0
    endloop
  endfacet
  facet normal 1 -0 0
    outer loop
      vertex -33.35 6.75 0
      vertex -33.35 53.25 -25.04
      vertex -33.35 53.25 0
    endloop
  endfacet
  facet normal 1 0 0
    outer loop
      vertex -33.35 53.25 -25.04
      vertex -33.35 6.75 0
      vertex -33.35 6.75 -25.04
    endloop
  endfacet
  facet normal 0 1 -0
    outer loop
      vertex -33.35 53.25 -25.04
      vertex -79.85 53.25 0
      vertex -33.35 53.25 0
    endloop
  endfacet
  facet normal 0 1 0
    outer loop
      vertex -79.85 53.25 0
      vertex -33.35 53.25 -25.04
      vertex -79.85 53.25 -25.04
    endloop
  endfacet
  facet normal 0 0 -1
    outer loop
      vertex -79.85 6.75 -25.04
      vertex -33.35 53.25 -25.04
      vertex -33.35 6.75 -25.04
    endloop
  endfacet
  facet normal -0 0 -1
    outer loop
      vertex -33.35 53.25 -25.04
      vertex -79.85 6.75 -25.04
      vertex -79.85 53.25 -25.04
    endloop
  endfacet
  facet normal 0 -1 0
    outer loop
      vertex -79.85 6.75 -25.04
      vertex -33.35 6.75 0
      vertex -79.85 6.75 0
    endloop
  endfacet
  facet normal 0 -1 -0
    outer loop
      vertex -33.35 6.75 0
      vertex -79.85 6.75 -25.04
      vertex -33.35 6.75 -25.04
    endloop
  endfacet
  facet normal -0 0 1
    outer loop
      vertex -77.35 50.75 -22.54
      vertex -35.85 9.25 -22.54
      vertex -35.85 50.75 -22.54
    endloop
  endfacet
  facet normal 0 0 1
    outer loop
      vertex -35.85 9.25 -22.54
      vertex -77.35 50.75 -22.54
      vertex -77.35 9.25 -22.54
    endloop
  endfacet
  facet normal -1 0 0
    outer loop
      vertex -23.35 6.75 -25.04
      vertex -23.35 53.25 0
      vertex -23.35 53.25 -25.04
    endloop
  endfacet
  facet normal -1 -0 0
    outer loop
      vertex -23.35 53.25 0
      vertex -23.35 6.75 -25.04
      vertex -23.35 6.75 0
    endloop
  endfacet
  facet normal 1 -0 0
    outer loop
      vertex 23.15 6.75 0
      vertex 23.15 53.25 -25.04
      vertex 23.15 53.25 0
    endloop
  endfacet
  facet normal 1 0 0
    outer loop
      vertex 23.15 53.25 -25.04
      vertex 23.15 6.75 0
      vertex 23.15 6.75 -25.04
    endloop
  endfacet
  facet normal 0 0 -1
    outer loop
      vertex -23.35 6.75 -25.04
      vertex 23.15 53.25 -25.04
      vertex 23.15 6.75 -25.04
    endloop
  endfacet
  facet normal -0 0 -1
    outer loop
      vertex 23.15 53.25 -25.04
      vertex -23.35 6.75 -25.04
      vertex -23.35 53.25 -25.04
    endloop
  endfacet
  facet normal 0 -1 0
    outer loop
      vertex -23.35 6.75 -25.04
      vertex 23.15 6.75 0
      vertex -23.35 6.75 0
    endloop
  endfacet
  facet normal 0 -1 -0
    outer loop
      vertex 23.15 6.75 0
      vertex -23.35 6.75 -25.04
      vertex 23.15 6.75 -25.04
    endloop
  endfacet
  facet normal 0 1 -0
    outer loop
      vertex 23.15 53.25 -25.04
      vertex -23.35 53.25 0
      vertex 23.15 53.25 0
    endloop
  endfacet
  facet normal 0 1 0
    outer loop
      vertex -23.35 53.25 0
      vertex 23.15 53.25 -25.04
      vertex -23.35 53.25 -25.04
    endloop
  endfacet
  facet normal -0 0 1
    outer loop
      vertex -20.85 50.75 -22.54
      vertex 20.65 9.25 -22.54
      vertex 20.65 50.75 -22.54
    endloop
  endfacet
  facet normal 0 0 1
    outer loop
      vertex 20.65 9.25 -22.54
      vertex -20.85 50.75 -22.54
      vertex -20.85 9.25 -22.54
    endloop
  endfacet
  facet normal -1 0 0
    outer loop
      vertex 33.15 6.75 -25.04
      vertex 33.15 53.25 0
      vertex 33.15 53.25 -25.04
    endloop
  endfacet
  facet normal -1 -0 0
    outer loop
      vertex 33.15 53.25 0
      vertex 33.15 6.75 -25.04
      vertex 33.15 6.75 0
    endloop
  endfacet
  facet normal 1 -0 0
    outer loop
      vertex 79.65 6.75 0
      vertex 79.65 53.25 -25.04
      vertex 79.65 53.25 0
    endloop
  endfacet
  facet normal 1 0 0
    outer loop
      vertex 79.65 53.25 -25.04
      vertex 79.65 6.75 0
      vertex 79.65 6.75 -25.04
    endloop
  endfacet
  facet normal 0 1 -0
    outer loop
      vertex 79.65 53.25 -25.04
      vertex 33.15 53.25 0
      vertex 79.65 53.25 0
    endloop
  endfacet
  facet normal 0 1 0
    outer loop
      vertex 33.15 53.25 0
      vertex 79.65 53.25 -25.04
      vertex 33.15 53.25 -25.04
    endloop
  endfacet
  facet normal 0 0 -1
    outer loop
      vertex 33.15 6.75 -25.04
      vertex 79.65 53.25 -25.04
      vertex 79.65 6.75 -25.04
    endloop
  endfacet
  facet normal -0 0 -1
    outer loop
      vertex 79.65 53.25 -25.04
      vertex 33.15 6.75 -25.04
      vertex 33.15 53.25 -25.04
    endloop
  endfacet
  facet normal 0 -1 0
    outer loop
      vertex 33.15 6.75 -25.04
      vertex 79.65 6.75 0
      vertex 33.15 6.75 0
    endloop
  endfacet
  facet normal 0 -1 -0
    outer loop
      vertex 79.65 6.75 0
      vertex 33.15 6.75 -25.04
      vertex 79.65 6.75 -25.04
    endloop
  endfacet
  facet normal -0 0 1
    outer loop
      vertex 35.65 50.75 -22.54
      vertex 77.15 9.25 -22.54
      vertex 77.15 50.75 -22.54
    endloop
  endfacet
  facet normal 0 0 1
    outer loop
      vertex 77.15 9.25 -22.54
      vertex 35.65 50.75 -22.54
      vertex 35.65 9.25 -22.54
    endloop
  endfacet
endsolid OpenSCAD_Model
