solid OpenSCAD_Model
  facet normal 0 1 -0
    outer loop
      vertex 12.2 -16.2 2.95
      vertex -12.2 -16.2 18
      vertex 12.2 -16.2 18
    endloop
  endfacet
  facet normal 0 1 0
    outer loop
      vertex -12.2 -16.2 18
      vertex 12.2 -16.2 2.95
      vertex -12.2 -16.2 2.95
    endloop
  endfacet
  facet normal -1 0 0
    outer loop
      vertex 12.2 -16.2 2.95
      vertex 12.2 -13.8 18
      vertex 12.2 -13.8 2.95
    endloop
  endfacet
  facet normal -1 -0 0
    outer loop
      vertex 12.2 -13.8 18
      vertex 12.2 -16.2 2.95
      vertex 12.2 -16.2 18
    endloop
  endfacet
  facet normal 0 1 0
    outer loop
      vertex 12.2 -11.2 18
      vertex 10.8359 -11.2 12.6
      vertex 10.8359 -11.2 18
    endloop
  endfacet
  facet normal 0 1 0
    outer loop
      vertex 12.2 -11.2 2.95
      vertex 8.9641 -11.2 12.6
      vertex 10.8359 -11.2 12.6
    endloop
  endfacet
  facet normal 0 1 0
    outer loop
      vertex 8.9641 -11.2 12.6
      vertex 12.2 -11.2 2.95
      vertex 4.2359 -11.2 12.6
    endloop
  endfacet
  facet normal 0 1 0
    outer loop
      vertex 4.2359 -11.2 12.6
      vertex 12.2 -11.2 2.95
      vertex 2.3641 -11.2 12.6
    endloop
  endfacet
  facet normal 0 1 0
    outer loop
      vertex 2.3641 -11.2 12.6
      vertex 12.2 -11.2 2.95
      vertex -2.3641 -11.2 12.6
    endloop
  endfacet
  facet normal 0 1 0
    outer loop
      vertex -12.2 -11.2 2.95
      vertex -2.3641 -11.2 12.6
      vertex 12.2 -11.2 2.95
    endloop
  endfacet
  facet normal 0 1 0
    outer loop
      vertex -2.3641 -11.2 12.6
      vertex -12.2 -11.2 2.95
      vertex -4.2359 -11.2 12.6
    endloop
  endfacet
  facet normal 0 1 0
    outer loop
      vertex -4.2359 -11.2 12.6
      vertex -12.2 -11.2 2.95
      vertex -8.9641 -11.2 12.6
    endloop
  endfacet
  facet normal 0 1 -0
    outer loop
      vertex 12.2 -11.2 2.95
      vertex 10.8359 -11.2 12.6
      vertex 12.2 -11.2 18
    endloop
  endfacet
  facet normal 0 1 -0
    outer loop
      vertex 8.9641 -11.2 12.6
      vertex 4.2359 -11.2 18
      vertex 8.9641 -11.2 18
    endloop
  endfacet
  facet normal 0 1 0
    outer loop
      vertex 4.2359 -11.2 18
      vertex 8.9641 -11.2 12.6
      vertex 4.2359 -11.2 12.6
    endloop
  endfacet
  facet normal 0 1 -0
    outer loop
      vertex 2.3641 -11.2 12.6
      vertex -2.3641 -11.2 18
      vertex 2.3641 -11.2 18
    endloop
  endfacet
  facet normal 0 1 0
    outer loop
      vertex -2.3641 -11.2 18
      vertex 2.3641 -11.2 12.6
      vertex -2.3641 -11.2 12.6
    endloop
  endfacet
  facet normal 0 1 -0
    outer loop
      vertex -4.2359 -11.2 12.6
      vertex -8.9641 -11.2 18
      vertex -4.2359 -11.2 18
    endloop
  endfacet
  facet normal 0 1 0
    outer loop
      vertex -8.9641 -11.2 18
      vertex -4.2359 -11.2 12.6
      vertex -8.9641 -11.2 12.6
    endloop
  endfacet
  facet normal 0 1 -0
    outer loop
      vertex -10.8359 -11.2 12.6
      vertex -12.2 -11.2 18
      vertex -10.8359 -11.2 18
    endloop
  endfacet
  facet normal 0 1 0
    outer loop
      vertex -10.8359 -11.2 12.6
      vertex -12.2 -11.2 2.95
      vertex -12.2 -11.2 18
    endloop
  endfacet
  facet normal 0 1 0
    outer loop
      vertex -8.9641 -11.2 12.6
      vertex -12.2 -11.2 2.95
      vertex -10.8359 -11.2 12.6
    endloop
  endfacet
  facet normal -1 0 0
    outer loop
      vertex 12.2 -11.2 2.95
      vertex 12.2 -8.8 18
      vertex 12.2 -8.8 2.95
    endloop
  endfacet
  facet normal -1 -0 0
    outer loop
      vertex 12.2 -8.8 18
      vertex 12.2 -11.2 2.95
      vertex 12.2 -11.2 18
    endloop
  endfacet
  facet normal 0 1 0
    outer loop
      vertex 12.2 -6.2 18
      vertex 12.1 -6.2 12.6
      vertex 12.1 -6.2 18
    endloop
  endfacet
  facet normal 0 1 0
    outer loop
      vertex 12.2 -6.2 2.95
      vertex 7.7 -6.2 12.6
      vertex 12.1 -6.2 12.6
    endloop
  endfacet
  facet normal 0 1 0
    outer loop
      vertex 7.7 -6.2 12.6
      vertex 12.2 -6.2 2.95
      vertex 5.5 -6.2 12.6
    endloop
  endfacet
  facet normal 0 1 0
    outer loop
      vertex 5.5 -6.2 12.6
      vertex 12.2 -6.2 2.95
      vertex 1.1 -6.2 12.6
    endloop
  endfacet
  facet normal 0 1 0
    outer loop
      vertex 1.1 -6.2 12.6
      vertex 12.2 -6.2 2.95
      vertex -1.1 -6.2 12.6
    endloop
  endfacet
  facet normal 0 1 0
    outer loop
      vertex -12.2 -6.2 2.95
      vertex -1.1 -6.2 12.6
      vertex 12.2 -6.2 2.95
    endloop
  endfacet
  facet normal 0 1 0
    outer loop
      vertex -1.1 -6.2 12.6
      vertex -12.2 -6.2 2.95
      vertex -5.5 -6.2 12.6
    endloop
  endfacet
  facet normal 0 1 0
    outer loop
      vertex -5.5 -6.2 12.6
      vertex -12.2 -6.2 2.95
      vertex -7.7 -6.2 12.6
    endloop
  endfacet
  facet normal 0 1 -0
    outer loop
      vertex 12.2 -6.2 2.95
      vertex 12.1 -6.2 12.6
      vertex 12.2 -6.2 18
    endloop
  endfacet
  facet normal 0 1 -0
    outer loop
      vertex 7.7 -6.2 12.6
      vertex 5.5 -6.2 18
      vertex 7.7 -6.2 18
    endloop
  endfacet
  facet normal 0 1 0
    outer loop
      vertex 5.5 -6.2 18
      vertex 7.7 -6.2 12.6
      vertex 5.5 -6.2 12.6
    endloop
  endfacet
  facet normal 0 1 -0
    outer loop
      vertex 1.1 -6.2 12.6
      vertex -1.1 -6.2 18
      vertex 1.1 -6.2 18
    endloop
  endfacet
  facet normal 0 1 0
    outer loop
      vertex -1.1 -6.2 18
      vertex 1.1 -6.2 12.6
      vertex -1.1 -6.2 12.6
    endloop
  endfacet
  facet normal 0 1 -0
    outer loop
      vertex -5.5 -6.2 12.6
      vertex -7.7 -6.2 18
      vertex -5.5 -6.2 18
    endloop
  endfacet
  facet normal 0 1 0
    outer loop
      vertex -7.7 -6.2 18
      vertex -5.5 -6.2 12.6
      vertex -7.7 -6.2 12.6
    endloop
  endfacet
  facet normal 0 1 -0
    outer loop
      vertex -12.1 -6.2 12.6
      vertex -12.2 -6.2 18
      vertex -12.1 -6.2 18
    endloop
  endfacet
  facet normal 0 1 0
    outer loop
      vertex -12.1 -6.2 12.6
      vertex -12.2 -6.2 2.95
      vertex -12.2 -6.2 18
    endloop
  endfacet
  facet normal 0 1 0
    outer loop
      vertex -7.7 -6.2 12.6
      vertex -12.2 -6.2 2.95
      vertex -12.1 -6.2 12.6
    endloop
  endfacet
  facet normal -1 0 0
    outer loop
      vertex 12.2 -6.2 2.95
      vertex 12.2 -3.8 18
      vertex 12.2 -3.8 2.95
    endloop
  endfacet
  facet normal -1 -0 0
    outer loop
      vertex 12.2 -3.8 18
      vertex 12.2 -6.2 2.95
      vertex 12.2 -6.2 18
    endloop
  endfacet
  facet normal 0 -1 0
    outer loop
      vertex -12.2 1.2 18
      vertex -12.1 1.2 12.6
      vertex -12.1 1.2 18
    endloop
  endfacet
  facet normal 0 -1 0
    outer loop
      vertex -12.2 1.2 2.95
      vertex -7.7 1.2 12.6
      vertex -12.1 1.2 12.6
    endloop
  endfacet
  facet normal 0 -1 -0
    outer loop
      vertex -7.7 1.2 12.6
      vertex -12.2 1.2 2.95
      vertex -5.5 1.2 12.6
    endloop
  endfacet
  facet normal 0 -1 -0
    outer loop
      vertex -5.5 1.2 12.6
      vertex -12.2 1.2 2.95
      vertex -1.1 1.2 12.6
    endloop
  endfacet
  facet normal 0 -1 -0
    outer loop
      vertex -1.1 1.2 12.6
      vertex -12.2 1.2 2.95
      vertex 1.1 1.2 12.6
    endloop
  endfacet
  facet normal 0 -1 0
    outer loop
      vertex 12.2 1.2 2.95
      vertex 1.1 1.2 12.6
      vertex -12.2 1.2 2.95
    endloop
  endfacet
  facet normal 0 -1 0
    outer loop
      vertex 1.1 1.2 12.6
      vertex 12.2 1.2 2.95
      vertex 5.5 1.2 12.6
    endloop
  endfacet
  facet normal 0 -1 0
    outer loop
      vertex 5.5 1.2 12.6
      vertex 12.2 1.2 2.95
      vertex 7.7 1.2 12.6
    endloop
  endfacet
  facet normal 0 -1 0
    outer loop
      vertex -12.2 1.2 2.95
      vertex -12.1 1.2 12.6
      vertex -12.2 1.2 18
    endloop
  endfacet
  facet normal 0 -1 0
    outer loop
      vertex -7.7 1.2 12.6
      vertex -5.5 1.2 18
      vertex -7.7 1.2 18
    endloop
  endfacet
  facet normal 0 -1 -0
    outer loop
      vertex -5.5 1.2 18
      vertex -7.7 1.2 12.6
      vertex -5.5 1.2 12.6
    endloop
  endfacet
  facet normal 0 -1 0
    outer loop
      vertex -1.1 1.2 12.6
      vertex 1.1 1.2 18
      vertex -1.1 1.2 18
    endloop
  endfacet
  facet normal 0 -1 -0
    outer loop
      vertex 1.1 1.2 18
      vertex -1.1 1.2 12.6
      vertex 1.1 1.2 12.6
    endloop
  endfacet
  facet normal 0 -1 0
    outer loop
      vertex 5.5 1.2 12.6
      vertex 7.7 1.2 18
      vertex 5.5 1.2 18
    endloop
  endfacet
  facet normal 0 -1 -0
    outer loop
      vertex 7.7 1.2 18
      vertex 5.5 1.2 12.6
      vertex 7.7 1.2 12.6
    endloop
  endfacet
  facet normal 0 -1 0
    outer loop
      vertex 12.1 1.2 12.6
      vertex 12.2 1.2 18
      vertex 12.1 1.2 18
    endloop
  endfacet
  facet normal 0 -1 0
    outer loop
      vertex 12.1 1.2 12.6
      vertex 12.2 1.2 2.95
      vertex 12.2 1.2 18
    endloop
  endfacet
  facet normal 0 -1 0
    outer loop
      vertex 7.7 1.2 12.6
      vertex 12.2 1.2 2.95
      vertex 12.1 1.2 12.6
    endloop
  endfacet
  facet normal 1 -0 0
    outer loop
      vertex -12.2 -1.2 18
      vertex -12.2 1.2 2.95
      vertex -12.2 1.2 18
    endloop
  endfacet
  facet normal 1 0 0
    outer loop
      vertex -12.2 1.2 2.95
      vertex -12.2 -1.2 18
      vertex -12.2 -1.2 2.95
    endloop
  endfacet
  facet normal -1 0 0
    outer loop
      vertex 12.2 3.8 2.95
      vertex 12.2 6.2 18
      vertex 12.2 6.2 2.95
    endloop
  endfacet
  facet normal -1 -0 0
    outer loop
      vertex 12.2 6.2 18
      vertex 12.2 3.8 2.95
      vertex 12.2 3.8 18
    endloop
  endfacet
  facet normal 0 -1 0
    outer loop
      vertex -12.2 6.2 18
      vertex -12.1 6.2 12.6
      vertex -12.1 6.2 18
    endloop
  endfacet
  facet normal 0 -1 0
    outer loop
      vertex -12.2 6.2 2.95
      vertex -7.7 6.2 12.6
      vertex -12.1 6.2 12.6
    endloop
  endfacet
  facet normal 0 -1 -0
    outer loop
      vertex -7.7 6.2 12.6
      vertex -12.2 6.2 2.95
      vertex -5.5 6.2 12.6
    endloop
  endfacet
  facet normal 0 -1 -0
    outer loop
      vertex -5.5 6.2 12.6
      vertex -12.2 6.2 2.95
      vertex -1.1 6.2 12.6
    endloop
  endfacet
  facet normal 0 -1 -0
    outer loop
      vertex -1.1 6.2 12.6
      vertex -12.2 6.2 2.95
      vertex 1.1 6.2 12.6
    endloop
  endfacet
  facet normal 0 -1 0
    outer loop
      vertex 12.2 6.2 2.95
      vertex 1.1 6.2 12.6
      vertex -12.2 6.2 2.95
    endloop
  endfacet
  facet normal 0 -1 0
    outer loop
      vertex 1.1 6.2 12.6
      vertex 12.2 6.2 2.95
      vertex 5.5 6.2 12.6
    endloop
  endfacet
  facet normal 0 -1 0
    outer loop
      vertex 5.5 6.2 12.6
      vertex 12.2 6.2 2.95
      vertex 7.7 6.2 12.6
    endloop
  endfacet
  facet normal 0 -1 0
    outer loop
      vertex -12.2 6.2 2.95
      vertex -12.1 6.2 12.6
      vertex -12.2 6.2 18
    endloop
  endfacet
  facet normal 0 -1 0
    outer loop
      vertex -7.7 6.2 12.6
      vertex -5.5 6.2 18
      vertex -7.7 6.2 18
    endloop
  endfacet
  facet normal 0 -1 -0
    outer loop
      vertex -5.5 6.2 18
      vertex -7.7 6.2 12.6
      vertex -5.5 6.2 12.6
    endloop
  endfacet
  facet normal 0 -1 0
    outer loop
      vertex -1.1 6.2 12.6
      vertex 1.1 6.2 18
      vertex -1.1 6.2 18
    endloop
  endfacet
  facet normal 0 -1 -0
    outer loop
      vertex 1.1 6.2 18
      vertex -1.1 6.2 12.6
      vertex 1.1 6.2 12.6
    endloop
  endfacet
  facet normal 0 -1 0
    outer loop
      vertex 5.5 6.2 12.6
      vertex 7.7 6.2 18
      vertex 5.5 6.2 18
    endloop
  endfacet
  facet normal 0 -1 -0
    outer loop
      vertex 7.7 6.2 18
      vertex 5.5 6.2 12.6
      vertex 7.7 6.2 12.6
    endloop
  endfacet
  facet normal 0 -1 0
    outer loop
      vertex 12.1 6.2 12.6
      vertex 12.2 6.2 18
      vertex 12.1 6.2 18
    endloop
  endfacet
  facet normal 0 -1 0
    outer loop
      vertex 12.1 6.2 12.6
      vertex 12.2 6.2 2.95
      vertex 12.2 6.2 18
    endloop
  endfacet
  facet normal 0 -1 0
    outer loop
      vertex 7.7 6.2 12.6
      vertex 12.2 6.2 2.95
      vertex 12.1 6.2 12.6
    endloop
  endfacet
  facet normal -1 0 0
    outer loop
      vertex 12.2 8.8 2.95
      vertex 12.2 11.2 18
      vertex 12.2 11.2 2.95
    endloop
  endfacet
  facet normal -1 -0 0
    outer loop
      vertex 12.2 11.2 18
      vertex 12.2 8.8 2.95
      vertex 12.2 8.8 18
    endloop
  endfacet
  facet normal 0 -1 0
    outer loop
      vertex -12.2 11.2 18
      vertex -10.8359 11.2 12.6
      vertex -10.8359 11.2 18
    endloop
  endfacet
  facet normal 0 -1 0
    outer loop
      vertex -12.2 11.2 2.95
      vertex -8.9641 11.2 12.6
      vertex -10.8359 11.2 12.6
    endloop
  endfacet
  facet normal 0 -1 -0
    outer loop
      vertex -8.9641 11.2 12.6
      vertex -12.2 11.2 2.95
      vertex -4.2359 11.2 12.6
    endloop
  endfacet
  facet normal 0 -1 -0
    outer loop
      vertex -4.2359 11.2 12.6
      vertex -12.2 11.2 2.95
      vertex -2.3641 11.2 12.6
    endloop
  endfacet
  facet normal 0 -1 -0
    outer loop
      vertex -2.3641 11.2 12.6
      vertex -12.2 11.2 2.95
      vertex 2.3641 11.2 12.6
    endloop
  endfacet
  facet normal 0 -1 0
    outer loop
      vertex 12.2 11.2 2.95
      vertex 2.3641 11.2 12.6
      vertex -12.2 11.2 2.95
    endloop
  endfacet
  facet normal 0 -1 0
    outer loop
      vertex 2.3641 11.2 12.6
      vertex 12.2 11.2 2.95
      vertex 4.2359 11.2 12.6
    endloop
  endfacet
  facet normal 0 -1 0
    outer loop
      vertex 4.2359 11.2 12.6
      vertex 12.2 11.2 2.95
      vertex 8.9641 11.2 12.6
    endloop
  endfacet
  facet normal 0 -1 0
    outer loop
      vertex -12.2 11.2 2.95
      vertex -10.8359 11.2 12.6
      vertex -12.2 11.2 18
    endloop
  endfacet
  facet normal 0 -1 0
    outer loop
      vertex -8.9641 11.2 12.6
      vertex -4.2359 11.2 18
      vertex -8.9641 11.2 18
    endloop
  endfacet
  facet normal 0 -1 -0
    outer loop
      vertex -4.2359 11.2 18
      vertex -8.9641 11.2 12.6
      vertex -4.2359 11.2 12.6
    endloop
  endfacet
  facet normal 0 -1 0
    outer loop
      vertex -2.3641 11.2 12.6
      vertex 2.3641 11.2 18
      vertex -2.3641 11.2 18
    endloop
  endfacet
  facet normal 0 -1 -0
    outer loop
      vertex 2.3641 11.2 18
      vertex -2.3641 11.2 12.6
      vertex 2.3641 11.2 12.6
    endloop
  endfacet
  facet normal 0 -1 0
    outer loop
      vertex 4.2359 11.2 12.6
      vertex 8.9641 11.2 18
      vertex 4.2359 11.2 18
    endloop
  endfacet
  facet normal 0 -1 -0
    outer loop
      vertex 8.9641 11.2 18
      vertex 4.2359 11.2 12.6
      vertex 8.9641 11.2 12.6
    endloop
  endfacet
  facet normal 0 -1 0
    outer loop
      vertex 10.8359 11.2 12.6
      vertex 12.2 11.2 18
      vertex 10.8359 11.2 18
    endloop
  endfacet
  facet normal 0 -1 0
    outer loop
      vertex 10.8359 11.2 12.6
      vertex 12.2 11.2 2.95
      vertex 12.2 11.2 18
    endloop
  endfacet
  facet normal 0 -1 0
    outer loop
      vertex 8.9641 11.2 12.6
      vertex 12.2 11.2 2.95
      vertex 10.8359 11.2 12.6
    endloop
  endfacet
  facet normal -1 0 0
    outer loop
      vertex 12.2 13.8 2.95
      vertex 12.2 16.2 18
      vertex 12.2 16.2 2.95
    endloop
  endfacet
  facet normal -1 -0 0
    outer loop
      vertex 12.2 16.2 18
      vertex 12.2 13.8 2.95
      vertex 12.2 13.8 18
    endloop
  endfacet
  facet normal 0 -1 0
    outer loop
      vertex -12.2 16.2 2.95
      vertex 12.2 16.2 18
      vertex -12.2 16.2 18
    endloop
  endfacet
  facet normal 0 -1 -0
    outer loop
      vertex 12.2 16.2 18
      vertex -12.2 16.2 2.95
      vertex 12.2 16.2 2.95
    endloop
  endfacet
  facet normal 1 -0 0
    outer loop
      vertex -12.2 3.8 18
      vertex -12.2 6.2 2.95
      vertex -12.2 6.2 18
    endloop
  endfacet
  facet normal 1 0 0
    outer loop
      vertex -12.2 6.2 2.95
      vertex -12.2 3.8 18
      vertex -12.2 3.8 2.95
    endloop
  endfacet
  facet normal 0 1 -0
    outer loop
      vertex 12.2 3.8 2.95
      vertex -12.2 3.8 18
      vertex 12.2 3.8 18
    endloop
  endfacet
  facet normal 0 1 0
    outer loop
      vertex -12.2 3.8 18
      vertex 12.2 3.8 2.95
      vertex -12.2 3.8 2.95
    endloop
  endfacet
  facet normal -0 0 1
    outer loop
      vertex -12.2 6.2 2.95
      vertex 12.2 3.8 2.95
      vertex 12.2 6.2 2.95
    endloop
  endfacet
  facet normal 0 0 1
    outer loop
      vertex 12.2 3.8 2.95
      vertex -12.2 6.2 2.95
      vertex -12.2 3.8 2.95
    endloop
  endfacet
  facet normal 0 -1 0
    outer loop
      vertex -12.2 -13.8 18
      vertex -12.1 -13.8 12.6
      vertex -12.1 -13.8 18
    endloop
  endfacet
  facet normal 0 -1 0
    outer loop
      vertex -12.2 -13.8 2.95
      vertex -7.7 -13.8 12.6
      vertex -12.1 -13.8 12.6
    endloop
  endfacet
  facet normal 0 -1 -0
    outer loop
      vertex -7.7 -13.8 12.6
      vertex -12.2 -13.8 2.95
      vertex -5.5 -13.8 12.6
    endloop
  endfacet
  facet normal 0 -1 -0
    outer loop
      vertex -5.5 -13.8 12.6
      vertex -12.2 -13.8 2.95
      vertex -1.1 -13.8 12.6
    endloop
  endfacet
  facet normal 0 -1 -0
    outer loop
      vertex -1.1 -13.8 12.6
      vertex -12.2 -13.8 2.95
      vertex 1.1 -13.8 12.6
    endloop
  endfacet
  facet normal 0 -1 0
    outer loop
      vertex 12.2 -13.8 2.95
      vertex 1.1 -13.8 12.6
      vertex -12.2 -13.8 2.95
    endloop
  endfacet
  facet normal 0 -1 0
    outer loop
      vertex 1.1 -13.8 12.6
      vertex 12.2 -13.8 2.95
      vertex 5.5 -13.8 12.6
    endloop
  endfacet
  facet normal 0 -1 0
    outer loop
      vertex 5.5 -13.8 12.6
      vertex 12.2 -13.8 2.95
      vertex 7.7 -13.8 12.6
    endloop
  endfacet
  facet normal 0 -1 0
    outer loop
      vertex -12.2 -13.8 2.95
      vertex -12.1 -13.8 12.6
      vertex -12.2 -13.8 18
    endloop
  endfacet
  facet normal 0 -1 0
    outer loop
      vertex -7.7 -13.8 12.6
      vertex -5.5 -13.8 18
      vertex -7.7 -13.8 18
    endloop
  endfacet
  facet normal 0 -1 -0
    outer loop
      vertex -5.5 -13.8 18
      vertex -7.7 -13.8 12.6
      vertex -5.5 -13.8 12.6
    endloop
  endfacet
  facet normal 0 -1 0
    outer loop
      vertex -1.1 -13.8 12.6
      vertex 1.1 -13.8 18
      vertex -1.1 -13.8 18
    endloop
  endfacet
  facet normal 0 -1 -0
    outer loop
      vertex 1.1 -13.8 18
      vertex -1.1 -13.8 12.6
      vertex 1.1 -13.8 12.6
    endloop
  endfacet
  facet normal 0 -1 0
    outer loop
      vertex 5.5 -13.8 12.6
      vertex 7.7 -13.8 18
      vertex 5.5 -13.8 18
    endloop
  endfacet
  facet normal 0 -1 -0
    outer loop
      vertex 7.7 -13.8 18
      vertex 5.5 -13.8 12.6
      vertex 7.7 -13.8 12.6
    endloop
  endfacet
  facet normal 0 -1 0
    outer loop
      vertex 12.1 -13.8 12.6
      vertex 12.2 -13.8 18
      vertex 12.1 -13.8 18
    endloop
  endfacet
  facet normal 0 -1 0
    outer loop
      vertex 12.1 -13.8 12.6
      vertex 12.2 -13.8 2.95
      vertex 12.2 -13.8 18
    endloop
  endfacet
  facet normal 0 -1 0
    outer loop
      vertex 7.7 -13.8 12.6
      vertex 12.2 -13.8 2.95
      vertex 12.1 -13.8 12.6
    endloop
  endfacet
  facet normal 1 -0 0
    outer loop
      vertex -12.2 -16.2 18
      vertex -12.2 -13.8 2.95
      vertex -12.2 -13.8 18
    endloop
  endfacet
  facet normal 1 0 0
    outer loop
      vertex -12.2 -13.8 2.95
      vertex -12.2 -16.2 18
      vertex -12.2 -16.2 2.95
    endloop
  endfacet
  facet normal -0 0 1
    outer loop
      vertex -12.2 -13.8 2.95
      vertex 12.2 -16.2 2.95
      vertex 12.2 -13.8 2.95
    endloop
  endfacet
  facet normal 0 0 1
    outer loop
      vertex 12.2 -16.2 2.95
      vertex -12.2 -13.8 2.95
      vertex -12.2 -16.2 2.95
    endloop
  endfacet
  facet normal 0 1 0
    outer loop
      vertex 12.2 -1.2 18
      vertex 12.1 -1.2 12.6
      vertex 12.1 -1.2 18
    endloop
  endfacet
  facet normal 0 1 0
    outer loop
      vertex 12.2 -1.2 2.95
      vertex 7.7 -1.2 12.6
      vertex 12.1 -1.2 12.6
    endloop
  endfacet
  facet normal 0 1 0
    outer loop
      vertex 7.7 -1.2 12.6
      vertex 12.2 -1.2 2.95
      vertex 5.5 -1.2 12.6
    endloop
  endfacet
  facet normal 0 1 0
    outer loop
      vertex 5.5 -1.2 12.6
      vertex 12.2 -1.2 2.95
      vertex 1.1 -1.2 12.6
    endloop
  endfacet
  facet normal 0 1 0
    outer loop
      vertex 1.1 -1.2 12.6
      vertex 12.2 -1.2 2.95
      vertex -1.1 -1.2 12.6
    endloop
  endfacet
  facet normal 0 1 0
    outer loop
      vertex -12.2 -1.2 2.95
      vertex -1.1 -1.2 12.6
      vertex 12.2 -1.2 2.95
    endloop
  endfacet
  facet normal 0 1 0
    outer loop
      vertex -1.1 -1.2 12.6
      vertex -12.2 -1.2 2.95
      vertex -5.5 -1.2 12.6
    endloop
  endfacet
  facet normal 0 1 0
    outer loop
      vertex -5.5 -1.2 12.6
      vertex -12.2 -1.2 2.95
      vertex -7.7 -1.2 12.6
    endloop
  endfacet
  facet normal 0 1 -0
    outer loop
      vertex 12.2 -1.2 2.95
      vertex 12.1 -1.2 12.6
      vertex 12.2 -1.2 18
    endloop
  endfacet
  facet normal 0 1 -0
    outer loop
      vertex 7.7 -1.2 12.6
      vertex 5.5 -1.2 18
      vertex 7.7 -1.2 18
    endloop
  endfacet
  facet normal 0 1 0
    outer loop
      vertex 5.5 -1.2 18
      vertex 7.7 -1.2 12.6
      vertex 5.5 -1.2 12.6
    endloop
  endfacet
  facet normal 0 1 -0
    outer loop
      vertex 1.1 -1.2 12.6
      vertex -1.1 -1.2 18
      vertex 1.1 -1.2 18
    endloop
  endfacet
  facet normal 0 1 0
    outer loop
      vertex -1.1 -1.2 18
      vertex 1.1 -1.2 12.6
      vertex -1.1 -1.2 12.6
    endloop
  endfacet
  facet normal 0 1 -0
    outer loop
      vertex -5.5 -1.2 12.6
      vertex -7.7 -1.2 18
      vertex -5.5 -1.2 18
    endloop
  endfacet
  facet normal 0 1 0
    outer loop
      vertex -7.7 -1.2 18
      vertex -5.5 -1.2 12.6
      vertex -7.7 -1.2 12.6
    endloop
  endfacet
  facet normal 0 1 -0
    outer loop
      vertex -12.1 -1.2 12.6
      vertex -12.2 -1.2 18
      vertex -12.1 -1.2 18
    endloop
  endfacet
  facet normal 0 1 0
    outer loop
      vertex -12.1 -1.2 12.6
      vertex -12.2 -1.2 2.95
      vertex -12.2 -1.2 18
    endloop
  endfacet
  facet normal 0 1 0
    outer loop
      vertex -7.7 -1.2 12.6
      vertex -12.2 -1.2 2.95
      vertex -12.1 -1.2 12.6
    endloop
  endfacet
  facet normal -1 0 0
    outer loop
      vertex 12.2 -1.2 2.95
      vertex 12.2 1.2 18
      vertex 12.2 1.2 2.95
    endloop
  endfacet
  facet normal -1 -0 0
    outer loop
      vertex 12.2 1.2 18
      vertex 12.2 -1.2 2.95
      vertex 12.2 -1.2 18
    endloop
  endfacet
  facet normal -0 0 1
    outer loop
      vertex -12.2 1.2 2.95
      vertex 12.2 -1.2 2.95
      vertex 12.2 1.2 2.95
    endloop
  endfacet
  facet normal 0 0 1
    outer loop
      vertex 12.2 -1.2 2.95
      vertex -12.2 1.2 2.95
      vertex -12.2 -1.2 2.95
    endloop
  endfacet
  facet normal 1 -0 0
    outer loop
      vertex -12.2 8.8 18
      vertex -12.2 11.2 2.95
      vertex -12.2 11.2 18
    endloop
  endfacet
  facet normal 1 0 0
    outer loop
      vertex -12.2 11.2 2.95
      vertex -12.2 8.8 18
      vertex -12.2 8.8 2.95
    endloop
  endfacet
  facet normal 0 1 0
    outer loop
      vertex 12.2 8.8 18
      vertex 10.4895 8.8 12.6
      vertex 10.4895 8.8 18
    endloop
  endfacet
  facet normal 0 1 0
    outer loop
      vertex 12.2 8.8 2.95
      vertex 9.31051 8.8 12.6
      vertex 10.4895 8.8 12.6
    endloop
  endfacet
  facet normal 0 1 0
    outer loop
      vertex 9.31051 8.8 12.6
      vertex 12.2 8.8 2.95
      vertex 3.88949 8.8 12.6
    endloop
  endfacet
  facet normal 0 1 0
    outer loop
      vertex 3.88949 8.8 12.6
      vertex 12.2 8.8 2.95
      vertex 2.71051 8.8 12.6
    endloop
  endfacet
  facet normal 0 1 0
    outer loop
      vertex 2.71051 8.8 12.6
      vertex 12.2 8.8 2.95
      vertex -2.71051 8.8 12.6
    endloop
  endfacet
  facet normal 0 1 0
    outer loop
      vertex -12.2 8.8 2.95
      vertex -2.71051 8.8 12.6
      vertex 12.2 8.8 2.95
    endloop
  endfacet
  facet normal 0 1 0
    outer loop
      vertex -2.71051 8.8 12.6
      vertex -12.2 8.8 2.95
      vertex -3.88949 8.8 12.6
    endloop
  endfacet
  facet normal 0 1 0
    outer loop
      vertex -3.88949 8.8 12.6
      vertex -12.2 8.8 2.95
      vertex -9.31051 8.8 12.6
    endloop
  endfacet
  facet normal 0 1 -0
    outer loop
      vertex 12.2 8.8 2.95
      vertex 10.4895 8.8 12.6
      vertex 12.2 8.8 18
    endloop
  endfacet
  facet normal 0 1 -0
    outer loop
      vertex 9.31051 8.8 12.6
      vertex 3.88949 8.8 18
      vertex 9.31051 8.8 18
    endloop
  endfacet
  facet normal 0 1 0
    outer loop
      vertex 3.88949 8.8 18
      vertex 9.31051 8.8 12.6
      vertex 3.88949 8.8 12.6
    endloop
  endfacet
  facet normal 0 1 -0
    outer loop
      vertex 2.71051 8.8 12.6
      vertex -2.71051 8.8 18
      vertex 2.71051 8.8 18
    endloop
  endfacet
  facet normal 0 1 0
    outer loop
      vertex -2.71051 8.8 18
      vertex 2.71051 8.8 12.6
      vertex -2.71051 8.8 12.6
    endloop
  endfacet
  facet normal 0 1 -0
    outer loop
      vertex -3.88949 8.8 12.6
      vertex -9.31051 8.8 18
      vertex -3.88949 8.8 18
    endloop
  endfacet
  facet normal 0 1 0
    outer loop
      vertex -9.31051 8.8 18
      vertex -3.88949 8.8 12.6
      vertex -9.31051 8.8 12.6
    endloop
  endfacet
  facet normal 0 1 -0
    outer loop
      vertex -10.4895 8.8 12.6
      vertex -12.2 8.8 18
      vertex -10.4895 8.8 18
    endloop
  endfacet
  facet normal 0 1 0
    outer loop
      vertex -10.4895 8.8 12.6
      vertex -12.2 8.8 2.95
      vertex -12.2 8.8 18
    endloop
  endfacet
  facet normal 0 1 0
    outer loop
      vertex -9.31051 8.8 12.6
      vertex -12.2 8.8 2.95
      vertex -10.4895 8.8 12.6
    endloop
  endfacet
  facet normal -0 0 1
    outer loop
      vertex -12.2 11.2 2.95
      vertex 12.2 8.8 2.95
      vertex 12.2 11.2 2.95
    endloop
  endfacet
  facet normal 0 0 1
    outer loop
      vertex 12.2 8.8 2.95
      vertex -12.2 11.2 2.95
      vertex -12.2 8.8 2.95
    endloop
  endfacet
  facet normal 0 -1 0
    outer loop
      vertex -12.2 -8.8 18
      vertex -10.4895 -8.8 12.6
      vertex -10.4895 -8.8 18
    endloop
  endfacet
  facet normal 0 -1 0
    outer loop
      vertex -12.2 -8.8 2.95
      vertex -9.31051 -8.8 12.6
      vertex -10.4895 -8.8 12.6
    endloop
  endfacet
  facet normal 0 -1 -0
    outer loop
      vertex -9.31051 -8.8 12.6
      vertex -12.2 -8.8 2.95
      vertex -3.88949 -8.8 12.6
    endloop
  endfacet
  facet normal 0 -1 -0
    outer loop
      vertex -3.88949 -8.8 12.6
      vertex -12.2 -8.8 2.95
      vertex -2.71051 -8.8 12.6
    endloop
  endfacet
  facet normal 0 -1 -0
    outer loop
      vertex -2.71051 -8.8 12.6
      vertex -12.2 -8.8 2.95
      vertex 2.71051 -8.8 12.6
    endloop
  endfacet
  facet normal 0 -1 0
    outer loop
      vertex 12.2 -8.8 2.95
      vertex 2.71051 -8.8 12.6
      vertex -12.2 -8.8 2.95
    endloop
  endfacet
  facet normal 0 -1 0
    outer loop
      vertex 2.71051 -8.8 12.6
      vertex 12.2 -8.8 2.95
      vertex 3.88949 -8.8 12.6
    endloop
  endfacet
  facet normal 0 -1 0
    outer loop
      vertex 3.88949 -8.8 12.6
      vertex 12.2 -8.8 2.95
      vertex 9.31051 -8.8 12.6
    endloop
  endfacet
  facet normal 0 -1 0
    outer loop
      vertex -12.2 -8.8 2.95
      vertex -10.4895 -8.8 12.6
      vertex -12.2 -8.8 18
    endloop
  endfacet
  facet normal 0 -1 0
    outer loop
      vertex -9.31051 -8.8 12.6
      vertex -3.88949 -8.8 18
      vertex -9.31051 -8.8 18
    endloop
  endfacet
  facet normal 0 -1 -0
    outer loop
      vertex -3.88949 -8.8 18
      vertex -9.31051 -8.8 12.6
      vertex -3.88949 -8.8 12.6
    endloop
  endfacet
  facet normal 0 -1 0
    outer loop
      vertex -2.71051 -8.8 12.6
      vertex 2.71051 -8.8 18
      vertex -2.71051 -8.8 18
    endloop
  endfacet
  facet normal 0 -1 -0
    outer loop
      vertex 2.71051 -8.8 18
      vertex -2.71051 -8.8 12.6
      vertex 2.71051 -8.8 12.6
    endloop
  endfacet
  facet normal 0 -1 0
    outer loop
      vertex 3.88949 -8.8 12.6
      vertex 9.31051 -8.8 18
      vertex 3.88949 -8.8 18
    endloop
  endfacet
  facet normal 0 -1 -0
    outer loop
      vertex 9.31051 -8.8 18
      vertex 3.88949 -8.8 12.6
      vertex 9.31051 -8.8 12.6
    endloop
  endfacet
  facet normal 0 -1 0
    outer loop
      vertex 10.4895 -8.8 12.6
      vertex 12.2 -8.8 18
      vertex 10.4895 -8.8 18
    endloop
  endfacet
  facet normal 0 -1 0
    outer loop
      vertex 10.4895 -8.8 12.6
      vertex 12.2 -8.8 2.95
      vertex 12.2 -8.8 18
    endloop
  endfacet
  facet normal 0 -1 0
    outer loop
      vertex 9.31051 -8.8 12.6
      vertex 12.2 -8.8 2.95
      vertex 10.4895 -8.8 12.6
    endloop
  endfacet
  facet normal 1 -0 0
    outer loop
      vertex -12.2 -11.2 18
      vertex -12.2 -8.8 2.95
      vertex -12.2 -8.8 18
    endloop
  endfacet
  facet normal 1 0 0
    outer loop
      vertex -12.2 -8.8 2.95
      vertex -12.2 -11.2 18
      vertex -12.2 -11.2 2.95
    endloop
  endfacet
  facet normal -0 0 1
    outer loop
      vertex -12.2 -8.8 2.95
      vertex 12.2 -11.2 2.95
      vertex 12.2 -8.8 2.95
    endloop
  endfacet
  facet normal 0 0 1
    outer loop
      vertex 12.2 -11.2 2.95
      vertex -12.2 -8.8 2.95
      vertex -12.2 -11.2 2.95
    endloop
  endfacet
  facet normal 0 -1 0
    outer loop
      vertex -12.2 -3.8 2.95
      vertex 12.2 -3.8 18
      vertex -12.2 -3.8 18
    endloop
  endfacet
  facet normal 0 -1 -0
    outer loop
      vertex 12.2 -3.8 18
      vertex -12.2 -3.8 2.95
      vertex 12.2 -3.8 2.95
    endloop
  endfacet
  facet normal 1 -0 0
    outer loop
      vertex -12.2 -6.2 18
      vertex -12.2 -3.8 2.95
      vertex -12.2 -3.8 18
    endloop
  endfacet
  facet normal 1 0 0
    outer loop
      vertex -12.2 -3.8 2.95
      vertex -12.2 -6.2 18
      vertex -12.2 -6.2 2.95
    endloop
  endfacet
  facet normal -0 0 1
    outer loop
      vertex -12.2 -3.8 2.95
      vertex 12.2 -6.2 2.95
      vertex 12.2 -3.8 2.95
    endloop
  endfacet
  facet normal 0 0 1
    outer loop
      vertex 12.2 -6.2 2.95
      vertex -12.2 -3.8 2.95
      vertex -12.2 -6.2 2.95
    endloop
  endfacet
  facet normal 1 -0 0
    outer loop
      vertex -12.2 13.8 18
      vertex -12.2 16.2 2.95
      vertex -12.2 16.2 18
    endloop
  endfacet
  facet normal 1 0 0
    outer loop
      vertex -12.2 16.2 2.95
      vertex -12.2 13.8 18
      vertex -12.2 13.8 2.95
    endloop
  endfacet
  facet normal 0 1 0
    outer loop
      vertex 12.2 13.8 18
      vertex 12.1 13.8 12.6
      vertex 12.1 13.8 18
    endloop
  endfacet
  facet normal 0 1 0
    outer loop
      vertex 12.2 13.8 2.95
      vertex 7.7 13.8 12.6
      vertex 12.1 13.8 12.6
    endloop
  endfacet
  facet normal 0 1 0
    outer loop
      vertex 7.7 13.8 12.6
      vertex 12.2 13.8 2.95
      vertex 5.5 13.8 12.6
    endloop
  endfacet
  facet normal 0 1 0
    outer loop
      vertex 5.5 13.8 12.6
      vertex 12.2 13.8 2.95
      vertex 1.1 13.8 12.6
    endloop
  endfacet
  facet normal 0 1 0
    outer loop
      vertex 1.1 13.8 12.6
      vertex 12.2 13.8 2.95
      vertex -1.1 13.8 12.6
    endloop
  endfacet
  facet normal 0 1 0
    outer loop
      vertex -12.2 13.8 2.95
      vertex -1.1 13.8 12.6
      vertex 12.2 13.8 2.95
    endloop
  endfacet
  facet normal 0 1 0
    outer loop
      vertex -1.1 13.8 12.6
      vertex -12.2 13.8 2.95
      vertex -5.5 13.8 12.6
    endloop
  endfacet
  facet normal 0 1 0
    outer loop
      vertex -5.5 13.8 12.6
      vertex -12.2 13.8 2.95
      vertex -7.7 13.8 12.6
    endloop
  endfacet
  facet normal 0 1 -0
    outer loop
      vertex 12.2 13.8 2.95
      vertex 12.1 13.8 12.6
      vertex 12.2 13.8 18
    endloop
  endfacet
  facet normal 0 1 -0
    outer loop
      vertex 7.7 13.8 12.6
      vertex 5.5 13.8 18
      vertex 7.7 13.8 18
    endloop
  endfacet
  facet normal 0 1 0
    outer loop
      vertex 5.5 13.8 18
      vertex 7.7 13.8 12.6
      vertex 5.5 13.8 12.6
    endloop
  endfacet
  facet normal 0 1 -0
    outer loop
      vertex 1.1 13.8 12.6
      vertex -1.1 13.8 18
      vertex 1.1 13.8 18
    endloop
  endfacet
  facet normal 0 1 0
    outer loop
      vertex -1.1 13.8 18
      vertex 1.1 13.8 12.6
      vertex -1.1 13.8 12.6
    endloop
  endfacet
  facet normal 0 1 -0
    outer loop
      vertex -5.5 13.8 12.6
      vertex -7.7 13.8 18
      vertex -5.5 13.8 18
    endloop
  endfacet
  facet normal 0 1 0
    outer loop
      vertex -7.7 13.8 18
      vertex -5.5 13.8 12.6
      vertex -7.7 13.8 12.6
    endloop
  endfacet
  facet normal 0 1 -0
    outer loop
      vertex -12.1 13.8 12.6
      vertex -12.2 13.8 18
      vertex -12.1 13.8 18
    endloop
  endfacet
  facet normal 0 1 0
    outer loop
      vertex -12.1 13.8 12.6
      vertex -12.2 13.8 2.95
      vertex -12.2 13.8 18
    endloop
  endfacet
  facet normal 0 1 0
    outer loop
      vertex -7.7 13.8 12.6
      vertex -12.2 13.8 2.95
      vertex -12.1 13.8 12.6
    endloop
  endfacet
  facet normal -0 0 1
    outer loop
      vertex -12.2 16.2 2.95
      vertex 12.2 13.8 2.95
      vertex 12.2 16.2 2.95
    endloop
  endfacet
  facet normal 0 0 1
    outer loop
      vertex 12.2 13.8 2.95
      vertex -12.2 16.2 2.95
      vertex -12.2 13.8 2.95
    endloop
  endfacet
  facet normal 1 -0 0
    outer loop
      vertex -18.1024 -16.75 23.15
      vertex -18.1024 16.75 22.95
      vertex -18.1024 16.75 23.15
    endloop
  endfacet
  facet normal 1 0 0
    outer loop
      vertex -18.1024 16.75 22.95
      vertex -18.1024 -16.75 23.15
      vertex -18.1024 -16.75 22.95
    endloop
  endfacet
  facet normal 0 0 -1
    outer loop
      vertex 14.4712 12.7074 1
      vertex 14.4712 13.2926 1
      vertex 14.5 13 1
    endloop
  endfacet
  facet normal 0 0 -1
    outer loop
      vertex 14.3858 12.426 1
      vertex 14.4712 13.2926 1
      vertex 14.4712 12.7074 1
    endloop
  endfacet
  facet normal 0 0 -1
    outer loop
      vertex 14.3858 12.426 1
      vertex 14.3858 13.574 1
      vertex 14.4712 13.2926 1
    endloop
  endfacet
  facet normal 0 0 -1
    outer loop
      vertex 14.2472 12.1666 1
      vertex 14.3858 13.574 1
      vertex 14.3858 12.426 1
    endloop
  endfacet
  facet normal 0 0 -1
    outer loop
      vertex 14.2472 12.1666 1
      vertex 14.2472 13.8334 1
      vertex 14.3858 13.574 1
    endloop
  endfacet
  facet normal 0 0 -1
    outer loop
      vertex 14.0607 11.9393 1
      vertex 14.2472 13.8334 1
      vertex 14.2472 12.1666 1
    endloop
  endfacet
  facet normal 0 0 -1
    outer loop
      vertex 14.0607 11.9393 1
      vertex 14.0607 14.0607 1
      vertex 14.2472 13.8334 1
    endloop
  endfacet
  facet normal 0 0 -1
    outer loop
      vertex 13.8334 11.7528 1
      vertex 14.0607 14.0607 1
      vertex 14.0607 11.9393 1
    endloop
  endfacet
  facet normal 0 0 -1
    outer loop
      vertex 13.8334 11.7528 1
      vertex 13.8334 14.2472 1
      vertex 14.0607 14.0607 1
    endloop
  endfacet
  facet normal 0 0 -1
    outer loop
      vertex 13.574 11.6142 1
      vertex 13.8334 14.2472 1
      vertex 13.8334 11.7528 1
    endloop
  endfacet
  facet normal 0 0 -1
    outer loop
      vertex 13.574 11.6142 1
      vertex 13.574 14.3858 1
      vertex 13.8334 14.2472 1
    endloop
  endfacet
  facet normal 0 0 -1
    outer loop
      vertex 13.2926 11.5288 1
      vertex 13.574 14.3858 1
      vertex 13.574 11.6142 1
    endloop
  endfacet
  facet normal 0 0 -1
    outer loop
      vertex 13.2926 11.5288 1
      vertex 13.2926 14.4712 1
      vertex 13.574 14.3858 1
    endloop
  endfacet
  facet normal 0 0 -1
    outer loop
      vertex 13 11.5 1
      vertex 13.2926 14.4712 1
      vertex 13.2926 11.5288 1
    endloop
  endfacet
  facet normal 0 0 -1
    outer loop
      vertex 13 11.5 1
      vertex 13 14.5 1
      vertex 13.2926 14.4712 1
    endloop
  endfacet
  facet normal 0 0 -1
    outer loop
      vertex 12.7074 11.5288 1
      vertex 13 14.5 1
      vertex 13 11.5 1
    endloop
  endfacet
  facet normal 0 0 -1
    outer loop
      vertex 12.7074 11.5288 1
      vertex 12.7074 14.4712 1
      vertex 13 14.5 1
    endloop
  endfacet
  facet normal 0 0 -1
    outer loop
      vertex 12.426 11.6142 1
      vertex 12.7074 14.4712 1
      vertex 12.7074 11.5288 1
    endloop
  endfacet
  facet normal 0 0 -1
    outer loop
      vertex 12.426 11.6142 1
      vertex 12.426 14.3858 1
      vertex 12.7074 14.4712 1
    endloop
  endfacet
  facet normal 0 0 -1
    outer loop
      vertex 12.1666 11.7528 1
      vertex 12.426 14.3858 1
      vertex 12.426 11.6142 1
    endloop
  endfacet
  facet normal 0 0 -1
    outer loop
      vertex 12.1666 11.7528 1
      vertex 12.1666 14.2472 1
      vertex 12.426 14.3858 1
    endloop
  endfacet
  facet normal 0 0 -1
    outer loop
      vertex 11.9393 11.9393 1
      vertex 12.1666 14.2472 1
      vertex 12.1666 11.7528 1
    endloop
  endfacet
  facet normal 0 0 -1
    outer loop
      vertex 11.9393 11.9393 1
      vertex 11.9393 14.0607 1
      vertex 12.1666 14.2472 1
    endloop
  endfacet
  facet normal 0 0 -1
    outer loop
      vertex 11.7528 12.1666 1
      vertex 11.9393 14.0607 1
      vertex 11.9393 11.9393 1
    endloop
  endfacet
  facet normal 0 0 -1
    outer loop
      vertex 11.7528 12.1666 1
      vertex 11.7528 13.8334 1
      vertex 11.9393 14.0607 1
    endloop
  endfacet
  facet normal 0 0 -1
    outer loop
      vertex 11.6142 12.426 1
      vertex 11.7528 13.8334 1
      vertex 11.7528 12.1666 1
    endloop
  endfacet
  facet normal 0 0 -1
    outer loop
      vertex 11.6142 12.426 1
      vertex 11.6142 13.574 1
      vertex 11.7528 13.8334 1
    endloop
  endfacet
  facet normal 0 0 -1
    outer loop
      vertex 11.5288 12.7074 1
      vertex 11.6142 13.574 1
      vertex 11.6142 12.426 1
    endloop
  endfacet
  facet normal 0 0 -1
    outer loop
      vertex 11.5288 12.7074 1
      vertex 11.5288 13.2926 1
      vertex 11.6142 13.574 1
    endloop
  endfacet
  facet normal 0 -0 -1
    outer loop
      vertex 11.5288 13.2926 1
      vertex 11.5288 12.7074 1
      vertex 11.5 13 1
    endloop
  endfacet
  facet normal 0 0 -1
    outer loop
      vertex -11.5288 12.7074 1
      vertex -11.5288 13.2926 1
      vertex -11.5 13 1
    endloop
  endfacet
  facet normal 0 0 -1
    outer loop
      vertex -11.6142 12.426 1
      vertex -11.5288 13.2926 1
      vertex -11.5288 12.7074 1
    endloop
  endfacet
  facet normal 0 0 -1
    outer loop
      vertex -11.6142 12.426 1
      vertex -11.6142 13.574 1
      vertex -11.5288 13.2926 1
    endloop
  endfacet
  facet normal 0 0 -1
    outer loop
      vertex -11.7528 12.1666 1
      vertex -11.6142 13.574 1
      vertex -11.6142 12.426 1
    endloop
  endfacet
  facet normal 0 0 -1
    outer loop
      vertex -11.7528 12.1666 1
      vertex -11.7528 13.8334 1
      vertex -11.6142 13.574 1
    endloop
  endfacet
  facet normal 0 0 -1
    outer loop
      vertex -11.9393 11.9393 1
      vertex -11.7528 13.8334 1
      vertex -11.7528 12.1666 1
    endloop
  endfacet
  facet normal 0 0 -1
    outer loop
      vertex -11.9393 11.9393 1
      vertex -11.9393 14.0607 1
      vertex -11.7528 13.8334 1
    endloop
  endfacet
  facet normal 0 0 -1
    outer loop
      vertex -12.1666 11.7528 1
      vertex -11.9393 14.0607 1
      vertex -11.9393 11.9393 1
    endloop
  endfacet
  facet normal 0 0 -1
    outer loop
      vertex -12.1666 11.7528 1
      vertex -12.1666 14.2472 1
      vertex -11.9393 14.0607 1
    endloop
  endfacet
  facet normal 0 0 -1
    outer loop
      vertex -12.426 11.6142 1
      vertex -12.1666 14.2472 1
      vertex -12.1666 11.7528 1
    endloop
  endfacet
  facet normal 0 0 -1
    outer loop
      vertex -12.426 11.6142 1
      vertex -12.426 14.3858 1
      vertex -12.1666 14.2472 1
    endloop
  endfacet
  facet normal 0 0 -1
    outer loop
      vertex -12.7074 11.5288 1
      vertex -12.426 14.3858 1
      vertex -12.426 11.6142 1
    endloop
  endfacet
  facet normal 0 0 -1
    outer loop
      vertex -12.7074 11.5288 1
      vertex -12.7074 14.4712 1
      vertex -12.426 14.3858 1
    endloop
  endfacet
  facet normal 0 0 -1
    outer loop
      vertex -13 11.5 1
      vertex -12.7074 14.4712 1
      vertex -12.7074 11.5288 1
    endloop
  endfacet
  facet normal 0 0 -1
    outer loop
      vertex -13 11.5 1
      vertex -13 14.5 1
      vertex -12.7074 14.4712 1
    endloop
  endfacet
  facet normal 0 0 -1
    outer loop
      vertex -13.2926 11.5288 1
      vertex -13 14.5 1
      vertex -13 11.5 1
    endloop
  endfacet
  facet normal 0 0 -1
    outer loop
      vertex -13.2926 11.5288 1
      vertex -13.2926 14.4712 1
      vertex -13 14.5 1
    endloop
  endfacet
  facet normal 0 0 -1
    outer loop
      vertex -13.574 11.6142 1
      vertex -13.2926 14.4712 1
      vertex -13.2926 11.5288 1
    endloop
  endfacet
  facet normal 0 0 -1
    outer loop
      vertex -13.574 11.6142 1
      vertex -13.574 14.3858 1
      vertex -13.2926 14.4712 1
    endloop
  endfacet
  facet normal 0 0 -1
    outer loop
      vertex -13.8334 11.7528 1
      vertex -13.574 14.3858 1
      vertex -13.574 11.6142 1
    endloop
  endfacet
  facet normal 0 0 -1
    outer loop
      vertex -13.8334 11.7528 1
      vertex -13.8334 14.2472 1
      vertex -13.574 14.3858 1
    endloop
  endfacet
  facet normal 0 0 -1
    outer loop
      vertex -14.0607 11.9393 1
      vertex -13.8334 14.2472 1
      vertex -13.8334 11.7528 1
    endloop
  endfacet
  facet normal 0 0 -1
    outer loop
      vertex -14.0607 11.9393 1
      vertex -14.0607 14.0607 1
      vertex -13.8334 14.2472 1
    endloop
  endfacet
  facet normal 0 0 -1
    outer loop
      vertex -14.2472 12.1666 1
      vertex -14.0607 14.0607 1
      vertex -14.0607 11.9393 1
    endloop
  endfacet
  facet normal 0 0 -1
    outer loop
      vertex -14.2472 12.1666 1
      vertex -14.2472 13.8334 1
      vertex -14.0607 14.0607 1
    endloop
  endfacet
  facet normal 0 0 -1
    outer loop
      vertex -14.3858 12.426 1
      vertex -14.2472 13.8334 1
      vertex -14.2472 12.1666 1
    endloop
  endfacet
  facet normal 0 0 -1
    outer loop
      vertex -14.3858 12.426 1
      vertex -14.3858 13.574 1
      vertex -14.2472 13.8334 1
    endloop
  endfacet
  facet normal 0 0 -1
    outer loop
      vertex -14.4712 12.7074 1
      vertex -14.3858 13.574 1
      vertex -14.3858 12.426 1
    endloop
  endfacet
  facet normal 0 0 -1
    outer loop
      vertex -14.4712 12.7074 1
      vertex -14.4712 13.2926 1
      vertex -14.3858 13.574 1
    endloop
  endfacet
  facet normal 0 -0 -1
    outer loop
      vertex -14.4712 13.2926 1
      vertex -14.4712 12.7074 1
      vertex -14.5 13 1
    endloop
  endfacet
  facet normal 0 0 -1
    outer loop
      vertex 14.4712 -13.2926 1
      vertex 14.4712 -12.7074 1
      vertex 14.5 -13 1
    endloop
  endfacet
  facet normal 0 0 -1
    outer loop
      vertex 14.3858 -13.574 1
      vertex 14.4712 -12.7074 1
      vertex 14.4712 -13.2926 1
    endloop
  endfacet
  facet normal 0 0 -1
    outer loop
      vertex 14.3858 -13.574 1
      vertex 14.3858 -12.426 1
      vertex 14.4712 -12.7074 1
    endloop
  endfacet
  facet normal 0 0 -1
    outer loop
      vertex 14.2472 -13.8334 1
      vertex 14.3858 -12.426 1
      vertex 14.3858 -13.574 1
    endloop
  endfacet
  facet normal 0 0 -1
    outer loop
      vertex 14.2472 -13.8334 1
      vertex 14.2472 -12.1666 1
      vertex 14.3858 -12.426 1
    endloop
  endfacet
  facet normal 0 0 -1
    outer loop
      vertex 14.0607 -14.0607 1
      vertex 14.2472 -12.1666 1
      vertex 14.2472 -13.8334 1
    endloop
  endfacet
  facet normal 0 0 -1
    outer loop
      vertex 14.0607 -14.0607 1
      vertex 14.0607 -11.9393 1
      vertex 14.2472 -12.1666 1
    endloop
  endfacet
  facet normal 0 0 -1
    outer loop
      vertex 13.8334 -14.2472 1
      vertex 14.0607 -11.9393 1
      vertex 14.0607 -14.0607 1
    endloop
  endfacet
  facet normal 0 0 -1
    outer loop
      vertex 13.8334 -14.2472 1
      vertex 13.8334 -11.7528 1
      vertex 14.0607 -11.9393 1
    endloop
  endfacet
  facet normal 0 0 -1
    outer loop
      vertex 13.574 -14.3858 1
      vertex 13.8334 -11.7528 1
      vertex 13.8334 -14.2472 1
    endloop
  endfacet
  facet normal 0 0 -1
    outer loop
      vertex 13.574 -14.3858 1
      vertex 13.574 -11.6142 1
      vertex 13.8334 -11.7528 1
    endloop
  endfacet
  facet normal 0 0 -1
    outer loop
      vertex 13.2926 -14.4712 1
      vertex 13.574 -11.6142 1
      vertex 13.574 -14.3858 1
    endloop
  endfacet
  facet normal 0 0 -1
    outer loop
      vertex 13.2926 -14.4712 1
      vertex 13.2926 -11.5288 1
      vertex 13.574 -11.6142 1
    endloop
  endfacet
  facet normal 0 0 -1
    outer loop
      vertex 13 -14.5 1
      vertex 13.2926 -11.5288 1
      vertex 13.2926 -14.4712 1
    endloop
  endfacet
  facet normal 0 0 -1
    outer loop
      vertex 13 -14.5 1
      vertex 13 -11.5 1
      vertex 13.2926 -11.5288 1
    endloop
  endfacet
  facet normal 0 0 -1
    outer loop
      vertex 12.7074 -14.4712 1
      vertex 13 -11.5 1
      vertex 13 -14.5 1
    endloop
  endfacet
  facet normal 0 0 -1
    outer loop
      vertex 12.7074 -14.4712 1
      vertex 12.7074 -11.5288 1
      vertex 13 -11.5 1
    endloop
  endfacet
  facet normal 0 0 -1
    outer loop
      vertex 12.426 -14.3858 1
      vertex 12.7074 -11.5288 1
      vertex 12.7074 -14.4712 1
    endloop
  endfacet
  facet normal 0 0 -1
    outer loop
      vertex 12.426 -14.3858 1
      vertex 12.426 -11.6142 1
      vertex 12.7074 -11.5288 1
    endloop
  endfacet
  facet normal 0 0 -1
    outer loop
      vertex 12.1666 -14.2472 1
      vertex 12.426 -11.6142 1
      vertex 12.426 -14.3858 1
    endloop
  endfacet
  facet normal 0 0 -1
    outer loop
      vertex 12.1666 -14.2472 1
      vertex 12.1666 -11.7528 1
      vertex 12.426 -11.6142 1
    endloop
  endfacet
  facet normal 0 0 -1
    outer loop
      vertex 11.9393 -14.0607 1
      vertex 12.1666 -11.7528 1
      vertex 12.1666 -14.2472 1
    endloop
  endfacet
  facet normal 0 0 -1
    outer loop
      vertex 11.9393 -14.0607 1
      vertex 11.9393 -11.9393 1
      vertex 12.1666 -11.7528 1
    endloop
  endfacet
  facet normal 0 0 -1
    outer loop
      vertex 11.7528 -13.8334 1
      vertex 11.9393 -11.9393 1
      vertex 11.9393 -14.0607 1
    endloop
  endfacet
  facet normal 0 0 -1
    outer loop
      vertex 11.7528 -13.8334 1
      vertex 11.7528 -12.1666 1
      vertex 11.9393 -11.9393 1
    endloop
  endfacet
  facet normal 0 0 -1
    outer loop
      vertex 11.6142 -13.574 1
      vertex 11.7528 -12.1666 1
      vertex 11.7528 -13.8334 1
    endloop
  endfacet
  facet normal 0 0 -1
    outer loop
      vertex 11.6142 -13.574 1
      vertex 11.6142 -12.426 1
      vertex 11.7528 -12.1666 1
    endloop
  endfacet
  facet normal 0 0 -1
    outer loop
      vertex 11.5288 -13.2926 1
      vertex 11.6142 -12.426 1
      vertex 11.6142 -13.574 1
    endloop
  endfacet
  facet normal 0 0 -1
    outer loop
      vertex 11.5288 -13.2926 1
      vertex 11.5288 -12.7074 1
      vertex 11.6142 -12.426 1
    endloop
  endfacet
  facet normal 0 -0 -1
    outer loop
      vertex 11.5288 -12.7074 1
      vertex 11.5288 -13.2926 1
      vertex 11.5 -13 1
    endloop
  endfacet
  facet normal 0 0 -1
    outer loop
      vertex -11.5288 -13.2926 1
      vertex -11.5288 -12.7074 1
      vertex -11.5 -13 1
    endloop
  endfacet
  facet normal 0 0 -1
    outer loop
      vertex -11.6142 -13.574 1
      vertex -11.5288 -12.7074 1
      vertex -11.5288 -13.2926 1
    endloop
  endfacet
  facet normal 0 0 -1
    outer loop
      vertex -11.6142 -13.574 1
      vertex -11.6142 -12.426 1
      vertex -11.5288 -12.7074 1
    endloop
  endfacet
  facet normal 0 0 -1
    outer loop
      vertex -11.7528 -13.8334 1
      vertex -11.6142 -12.426 1
      vertex -11.6142 -13.574 1
    endloop
  endfacet
  facet normal 0 0 -1
    outer loop
      vertex -11.7528 -13.8334 1
      vertex -11.7528 -12.1666 1
      vertex -11.6142 -12.426 1
    endloop
  endfacet
  facet normal 0 0 -1
    outer loop
      vertex -11.9393 -14.0607 1
      vertex -11.7528 -12.1666 1
      vertex -11.7528 -13.8334 1
    endloop
  endfacet
  facet normal 0 0 -1
    outer loop
      vertex -11.9393 -14.0607 1
      vertex -11.9393 -11.9393 1
      vertex -11.7528 -12.1666 1
    endloop
  endfacet
  facet normal 0 0 -1
    outer loop
      vertex -12.1666 -14.2472 1
      vertex -11.9393 -11.9393 1
      vertex -11.9393 -14.0607 1
    endloop
  endfacet
  facet normal 0 0 -1
    outer loop
      vertex -12.1666 -14.2472 1
      vertex -12.1666 -11.7528 1
      vertex -11.9393 -11.9393 1
    endloop
  endfacet
  facet normal 0 0 -1
    outer loop
      vertex -12.426 -14.3858 1
      vertex -12.1666 -11.7528 1
      vertex -12.1666 -14.2472 1
    endloop
  endfacet
  facet normal 0 0 -1
    outer loop
      vertex -12.426 -14.3858 1
      vertex -12.426 -11.6142 1
      vertex -12.1666 -11.7528 1
    endloop
  endfacet
  facet normal 0 0 -1
    outer loop
      vertex -12.7074 -14.4712 1
      vertex -12.426 -11.6142 1
      vertex -12.426 -14.3858 1
    endloop
  endfacet
  facet normal 0 0 -1
    outer loop
      vertex -12.7074 -14.4712 1
      vertex -12.7074 -11.5288 1
      vertex -12.426 -11.6142 1
    endloop
  endfacet
  facet normal 0 0 -1
    outer loop
      vertex -13 -14.5 1
      vertex -12.7074 -11.5288 1
      vertex -12.7074 -14.4712 1
    endloop
  endfacet
  facet normal 0 0 -1
    outer loop
      vertex -13 -14.5 1
      vertex -13 -11.5 1
      vertex -12.7074 -11.5288 1
    endloop
  endfacet
  facet normal 0 0 -1
    outer loop
      vertex -13.2926 -14.4712 1
      vertex -13 -11.5 1
      vertex -13 -14.5 1
    endloop
  endfacet
  facet normal 0 0 -1
    outer loop
      vertex -13.2926 -14.4712 1
      vertex -13.2926 -11.5288 1
      vertex -13 -11.5 1
    endloop
  endfacet
  facet normal 0 0 -1
    outer loop
      vertex -13.574 -14.3858 1
      vertex -13.2926 -11.5288 1
      vertex -13.2926 -14.4712 1
    endloop
  endfacet
  facet normal 0 0 -1
    outer loop
      vertex -13.574 -14.3858 1
      vertex -13.574 -11.6142 1
      vertex -13.2926 -11.5288 1
    endloop
  endfacet
  facet normal 0 0 -1
    outer loop
      vertex -13.8334 -14.2472 1
      vertex -13.574 -11.6142 1
      vertex -13.574 -14.3858 1
    endloop
  endfacet
  facet normal 0 0 -1
    outer loop
      vertex -13.8334 -14.2472 1
      vertex -13.8334 -11.7528 1
      vertex -13.574 -11.6142 1
    endloop
  endfacet
  facet normal 0 0 -1
    outer loop
      vertex -14.0607 -14.0607 1
      vertex -13.8334 -11.7528 1
      vertex -13.8334 -14.2472 1
    endloop
  endfacet
  facet normal 0 0 -1
    outer loop
      vertex -14.0607 -14.0607 1
      vertex -14.0607 -11.9393 1
      vertex -13.8334 -11.7528 1
    endloop
  endfacet
  facet normal 0 0 -1
    outer loop
      vertex -14.2472 -13.8334 1
      vertex -14.0607 -11.9393 1
      vertex -14.0607 -14.0607 1
    endloop
  endfacet
  facet normal 0 0 -1
    outer loop
      vertex -14.2472 -13.8334 1
      vertex -14.2472 -12.1666 1
      vertex -14.0607 -11.9393 1
    endloop
  endfacet
  facet normal 0 0 -1
    outer loop
      vertex -14.3858 -13.574 1
      vertex -14.2472 -12.1666 1
      vertex -14.2472 -13.8334 1
    endloop
  endfacet
  facet normal 0 0 -1
    outer loop
      vertex -14.3858 -13.574 1
      vertex -14.3858 -12.426 1
      vertex -14.2472 -12.1666 1
    endloop
  endfacet
  facet normal 0 0 -1
    outer loop
      vertex -14.4712 -13.2926 1
      vertex -14.3858 -12.426 1
      vertex -14.3858 -13.574 1
    endloop
  endfacet
  facet normal 0 0 -1
    outer loop
      vertex -14.4712 -13.2926 1
      vertex -14.4712 -12.7074 1
      vertex -14.3858 -12.426 1
    endloop
  endfacet
  facet normal 0 -0 -1
    outer loop
      vertex -14.4712 -12.7074 1
      vertex -14.4712 -13.2926 1
      vertex -14.5 -13 1
    endloop
  endfacet
  facet normal 0.995191 -0.0979545 0
    outer loop
      vertex 11.5 13 1
      vertex 11.5288 13.2926 -2.6
      vertex 11.5288 13.2926 1
    endloop
  endfacet
  facet normal 0.995191 -0.0979545 0
    outer loop
      vertex 11.5288 13.2926 -2.6
      vertex 11.5 13 1
      vertex 11.5 13 -2.6
    endloop
  endfacet
  facet normal 0.956904 -0.290404 0
    outer loop
      vertex 11.5288 13.2926 1
      vertex 11.6142 13.574 -2.6
      vertex 11.6142 13.574 1
    endloop
  endfacet
  facet normal 0.956904 -0.290404 0
    outer loop
      vertex 11.6142 13.574 -2.6
      vertex 11.5288 13.2926 1
      vertex 11.5288 13.2926 -2.6
    endloop
  endfacet
  facet normal 0.881995 -0.471259 0
    outer loop
      vertex 11.6142 13.574 1
      vertex 11.7528 13.8334 -2.6
      vertex 11.7528 13.8334 1
    endloop
  endfacet
  facet normal 0.881995 -0.471259 0
    outer loop
      vertex 11.7528 13.8334 -2.6
      vertex 11.6142 13.574 1
      vertex 11.6142 13.574 -2.6
    endloop
  endfacet
  facet normal 0.773078 -0.634311 0
    outer loop
      vertex 11.7528 13.8334 1
      vertex 11.9393 14.0607 -2.6
      vertex 11.9393 14.0607 1
    endloop
  endfacet
  facet normal 0.773078 -0.634311 0
    outer loop
      vertex 11.9393 14.0607 -2.6
      vertex 11.7528 13.8334 1
      vertex 11.7528 13.8334 -2.6
    endloop
  endfacet
  facet normal 0.634311 -0.773078 0
    outer loop
      vertex 11.9393 14.0607 -2.6
      vertex 12.1666 14.2472 1
      vertex 11.9393 14.0607 1
    endloop
  endfacet
  facet normal 0.634311 -0.773078 0
    outer loop
      vertex 12.1666 14.2472 1
      vertex 11.9393 14.0607 -2.6
      vertex 12.1666 14.2472 -2.6
    endloop
  endfacet
  facet normal 0.471259 -0.881995 0
    outer loop
      vertex 12.1666 14.2472 -2.6
      vertex 12.426 14.3858 1
      vertex 12.1666 14.2472 1
    endloop
  endfacet
  facet normal 0.471259 -0.881995 0
    outer loop
      vertex 12.426 14.3858 1
      vertex 12.1666 14.2472 -2.6
      vertex 12.426 14.3858 -2.6
    endloop
  endfacet
  facet normal 0.290404 -0.956904 0
    outer loop
      vertex 12.426 14.3858 -2.6
      vertex 12.7074 14.4712 1
      vertex 12.426 14.3858 1
    endloop
  endfacet
  facet normal 0.290404 -0.956904 0
    outer loop
      vertex 12.7074 14.4712 1
      vertex 12.426 14.3858 -2.6
      vertex 12.7074 14.4712 -2.6
    endloop
  endfacet
  facet normal 0.0979545 -0.995191 0
    outer loop
      vertex 12.7074 14.4712 -2.6
      vertex 13 14.5 1
      vertex 12.7074 14.4712 1
    endloop
  endfacet
  facet normal 0.0979545 -0.995191 0
    outer loop
      vertex 13 14.5 1
      vertex 12.7074 14.4712 -2.6
      vertex 13 14.5 -2.6
    endloop
  endfacet
  facet normal -0.0979545 -0.995191 0
    outer loop
      vertex 13 14.5 -2.6
      vertex 13.2926 14.4712 1
      vertex 13 14.5 1
    endloop
  endfacet
  facet normal -0.0979545 -0.995191 -0
    outer loop
      vertex 13.2926 14.4712 1
      vertex 13 14.5 -2.6
      vertex 13.2926 14.4712 -2.6
    endloop
  endfacet
  facet normal -0.290404 -0.956904 0
    outer loop
      vertex 13.2926 14.4712 -2.6
      vertex 13.574 14.3858 1
      vertex 13.2926 14.4712 1
    endloop
  endfacet
  facet normal -0.290404 -0.956904 -0
    outer loop
      vertex 13.574 14.3858 1
      vertex 13.2926 14.4712 -2.6
      vertex 13.574 14.3858 -2.6
    endloop
  endfacet
  facet normal -0.471259 -0.881995 0
    outer loop
      vertex 13.574 14.3858 -2.6
      vertex 13.8334 14.2472 1
      vertex 13.574 14.3858 1
    endloop
  endfacet
  facet normal -0.471259 -0.881995 -0
    outer loop
      vertex 13.8334 14.2472 1
      vertex 13.574 14.3858 -2.6
      vertex 13.8334 14.2472 -2.6
    endloop
  endfacet
  facet normal -0.634311 -0.773078 0
    outer loop
      vertex 13.8334 14.2472 -2.6
      vertex 14.0607 14.0607 1
      vertex 13.8334 14.2472 1
    endloop
  endfacet
  facet normal -0.634311 -0.773078 -0
    outer loop
      vertex 14.0607 14.0607 1
      vertex 13.8334 14.2472 -2.6
      vertex 14.0607 14.0607 -2.6
    endloop
  endfacet
  facet normal -0.773078 -0.634311 0
    outer loop
      vertex 14.2472 13.8334 -2.6
      vertex 14.0607 14.0607 1
      vertex 14.0607 14.0607 -2.6
    endloop
  endfacet
  facet normal -0.773078 -0.634311 0
    outer loop
      vertex 14.0607 14.0607 1
      vertex 14.2472 13.8334 -2.6
      vertex 14.2472 13.8334 1
    endloop
  endfacet
  facet normal -0.881995 -0.471259 0
    outer loop
      vertex 14.3858 13.574 -2.6
      vertex 14.2472 13.8334 1
      vertex 14.2472 13.8334 -2.6
    endloop
  endfacet
  facet normal -0.881995 -0.471259 0
    outer loop
      vertex 14.2472 13.8334 1
      vertex 14.3858 13.574 -2.6
      vertex 14.3858 13.574 1
    endloop
  endfacet
  facet normal -0.956904 -0.290404 0
    outer loop
      vertex 14.4712 13.2926 -2.6
      vertex 14.3858 13.574 1
      vertex 14.3858 13.574 -2.6
    endloop
  endfacet
  facet normal -0.956904 -0.290404 0
    outer loop
      vertex 14.3858 13.574 1
      vertex 14.4712 13.2926 -2.6
      vertex 14.4712 13.2926 1
    endloop
  endfacet
  facet normal -0.995191 -0.0979545 0
    outer loop
      vertex 14.5 13 -2.6
      vertex 14.4712 13.2926 1
      vertex 14.4712 13.2926 -2.6
    endloop
  endfacet
  facet normal -0.995191 -0.0979545 0
    outer loop
      vertex 14.4712 13.2926 1
      vertex 14.5 13 -2.6
      vertex 14.5 13 1
    endloop
  endfacet
  facet normal -0.995191 0.0979545 0
    outer loop
      vertex 14.4712 12.7074 -2.6
      vertex 14.5 13 1
      vertex 14.5 13 -2.6
    endloop
  endfacet
  facet normal -0.995191 0.0979545 0
    outer loop
      vertex 14.5 13 1
      vertex 14.4712 12.7074 -2.6
      vertex 14.4712 12.7074 1
    endloop
  endfacet
  facet normal -0.956904 0.290404 0
    outer loop
      vertex 14.3858 12.426 -2.6
      vertex 14.4712 12.7074 1
      vertex 14.4712 12.7074 -2.6
    endloop
  endfacet
  facet normal -0.956904 0.290404 0
    outer loop
      vertex 14.4712 12.7074 1
      vertex 14.3858 12.426 -2.6
      vertex 14.3858 12.426 1
    endloop
  endfacet
  facet normal -0.881995 0.471259 0
    outer loop
      vertex 14.2472 12.1666 -2.6
      vertex 14.3858 12.426 1
      vertex 14.3858 12.426 -2.6
    endloop
  endfacet
  facet normal -0.881995 0.471259 0
    outer loop
      vertex 14.3858 12.426 1
      vertex 14.2472 12.1666 -2.6
      vertex 14.2472 12.1666 1
    endloop
  endfacet
  facet normal -0.773078 0.634311 0
    outer loop
      vertex 14.0607 11.9393 -2.6
      vertex 14.2472 12.1666 1
      vertex 14.2472 12.1666 -2.6
    endloop
  endfacet
  facet normal -0.773078 0.634311 0
    outer loop
      vertex 14.2472 12.1666 1
      vertex 14.0607 11.9393 -2.6
      vertex 14.0607 11.9393 1
    endloop
  endfacet
  facet normal -0.634311 0.773078 0
    outer loop
      vertex 14.0607 11.9393 -2.6
      vertex 13.8334 11.7528 1
      vertex 14.0607 11.9393 1
    endloop
  endfacet
  facet normal -0.634311 0.773078 0
    outer loop
      vertex 13.8334 11.7528 1
      vertex 14.0607 11.9393 -2.6
      vertex 13.8334 11.7528 -2.6
    endloop
  endfacet
  facet normal -0.471259 0.881995 0
    outer loop
      vertex 13.8334 11.7528 -2.6
      vertex 13.574 11.6142 1
      vertex 13.8334 11.7528 1
    endloop
  endfacet
  facet normal -0.471259 0.881995 0
    outer loop
      vertex 13.574 11.6142 1
      vertex 13.8334 11.7528 -2.6
      vertex 13.574 11.6142 -2.6
    endloop
  endfacet
  facet normal -0.290404 0.956904 0
    outer loop
      vertex 13.574 11.6142 -2.6
      vertex 13.2926 11.5288 1
      vertex 13.574 11.6142 1
    endloop
  endfacet
  facet normal -0.290404 0.956904 0
    outer loop
      vertex 13.2926 11.5288 1
      vertex 13.574 11.6142 -2.6
      vertex 13.2926 11.5288 -2.6
    endloop
  endfacet
  facet normal -0.0979545 0.995191 0
    outer loop
      vertex 13.2926 11.5288 -2.6
      vertex 13 11.5 1
      vertex 13.2926 11.5288 1
    endloop
  endfacet
  facet normal -0.0979545 0.995191 0
    outer loop
      vertex 13 11.5 1
      vertex 13.2926 11.5288 -2.6
      vertex 13 11.5 -2.6
    endloop
  endfacet
  facet normal 0.0979545 0.995191 -0
    outer loop
      vertex 13 11.5 -2.6
      vertex 12.7074 11.5288 1
      vertex 13 11.5 1
    endloop
  endfacet
  facet normal 0.0979545 0.995191 0
    outer loop
      vertex 12.7074 11.5288 1
      vertex 13 11.5 -2.6
      vertex 12.7074 11.5288 -2.6
    endloop
  endfacet
  facet normal 0.290404 0.956904 -0
    outer loop
      vertex 12.7074 11.5288 -2.6
      vertex 12.426 11.6142 1
      vertex 12.7074 11.5288 1
    endloop
  endfacet
  facet normal 0.290404 0.956904 0
    outer loop
      vertex 12.426 11.6142 1
      vertex 12.7074 11.5288 -2.6
      vertex 12.426 11.6142 -2.6
    endloop
  endfacet
  facet normal 0.634311 0.773078 -0
    outer loop
      vertex 12.1666 11.7528 -2.6
      vertex 11.9393 11.9393 1
      vertex 12.1666 11.7528 1
    endloop
  endfacet
  facet normal 0.634311 0.773078 0
    outer loop
      vertex 11.9393 11.9393 1
      vertex 12.1666 11.7528 -2.6
      vertex 11.9393 11.9393 -2.6
    endloop
  endfacet
  facet normal 0.471259 0.881995 -0
    outer loop
      vertex 12.426 11.6142 -2.6
      vertex 12.1666 11.7528 1
      vertex 12.426 11.6142 1
    endloop
  endfacet
  facet normal 0.471259 0.881995 0
    outer loop
      vertex 12.1666 11.7528 1
      vertex 12.426 11.6142 -2.6
      vertex 12.1666 11.7528 -2.6
    endloop
  endfacet
  facet normal 0.773078 0.634311 0
    outer loop
      vertex 11.9393 11.9393 1
      vertex 11.7528 12.1666 -2.6
      vertex 11.7528 12.1666 1
    endloop
  endfacet
  facet normal 0.773078 0.634311 0
    outer loop
      vertex 11.7528 12.1666 -2.6
      vertex 11.9393 11.9393 1
      vertex 11.9393 11.9393 -2.6
    endloop
  endfacet
  facet normal 0.881995 0.471259 0
    outer loop
      vertex 11.7528 12.1666 1
      vertex 11.6142 12.426 -2.6
      vertex 11.6142 12.426 1
    endloop
  endfacet
  facet normal 0.881995 0.471259 0
    outer loop
      vertex 11.6142 12.426 -2.6
      vertex 11.7528 12.1666 1
      vertex 11.7528 12.1666 -2.6
    endloop
  endfacet
  facet normal 0.956904 0.290404 0
    outer loop
      vertex 11.6142 12.426 1
      vertex 11.5288 12.7074 -2.6
      vertex 11.5288 12.7074 1
    endloop
  endfacet
  facet normal 0.956904 0.290404 0
    outer loop
      vertex 11.5288 12.7074 -2.6
      vertex 11.6142 12.426 1
      vertex 11.6142 12.426 -2.6
    endloop
  endfacet
  facet normal 0.995191 0.0979545 0
    outer loop
      vertex 11.5288 12.7074 1
      vertex 11.5 13 -2.6
      vertex 11.5 13 1
    endloop
  endfacet
  facet normal 0.995191 0.0979545 0
    outer loop
      vertex 11.5 13 -2.6
      vertex 11.5288 12.7074 1
      vertex 11.5288 12.7074 -2.6
    endloop
  endfacet
  facet normal 0.995191 -0.0979545 0
    outer loop
      vertex -14.5 13 1
      vertex -14.4712 13.2926 -2.6
      vertex -14.4712 13.2926 1
    endloop
  endfacet
  facet normal 0.995191 -0.0979545 0
    outer loop
      vertex -14.4712 13.2926 -2.6
      vertex -14.5 13 1
      vertex -14.5 13 -2.6
    endloop
  endfacet
  facet normal 0.956904 -0.290404 0
    outer loop
      vertex -14.4712 13.2926 1
      vertex -14.3858 13.574 -2.6
      vertex -14.3858 13.574 1
    endloop
  endfacet
  facet normal 0.956904 -0.290404 0
    outer loop
      vertex -14.3858 13.574 -2.6
      vertex -14.4712 13.2926 1
      vertex -14.4712 13.2926 -2.6
    endloop
  endfacet
  facet normal 0.881995 -0.471259 0
    outer loop
      vertex -14.3858 13.574 1
      vertex -14.2472 13.8334 -2.6
      vertex -14.2472 13.8334 1
    endloop
  endfacet
  facet normal 0.881995 -0.471259 0
    outer loop
      vertex -14.2472 13.8334 -2.6
      vertex -14.3858 13.574 1
      vertex -14.3858 13.574 -2.6
    endloop
  endfacet
  facet normal 0.773078 -0.634311 0
    outer loop
      vertex -14.2472 13.8334 1
      vertex -14.0607 14.0607 -2.6
      vertex -14.0607 14.0607 1
    endloop
  endfacet
  facet normal 0.773078 -0.634311 0
    outer loop
      vertex -14.0607 14.0607 -2.6
      vertex -14.2472 13.8334 1
      vertex -14.2472 13.8334 -2.6
    endloop
  endfacet
  facet normal 0.634311 -0.773078 0
    outer loop
      vertex -14.0607 14.0607 -2.6
      vertex -13.8334 14.2472 1
      vertex -14.0607 14.0607 1
    endloop
  endfacet
  facet normal 0.634311 -0.773078 0
    outer loop
      vertex -13.8334 14.2472 1
      vertex -14.0607 14.0607 -2.6
      vertex -13.8334 14.2472 -2.6
    endloop
  endfacet
  facet normal 0.471259 -0.881995 0
    outer loop
      vertex -13.8334 14.2472 -2.6
      vertex -13.574 14.3858 1
      vertex -13.8334 14.2472 1
    endloop
  endfacet
  facet normal 0.471259 -0.881995 0
    outer loop
      vertex -13.574 14.3858 1
      vertex -13.8334 14.2472 -2.6
      vertex -13.574 14.3858 -2.6
    endloop
  endfacet
  facet normal 0.290404 -0.956904 0
    outer loop
      vertex -13.574 14.3858 -2.6
      vertex -13.2926 14.4712 1
      vertex -13.574 14.3858 1
    endloop
  endfacet
  facet normal 0.290404 -0.956904 0
    outer loop
      vertex -13.2926 14.4712 1
      vertex -13.574 14.3858 -2.6
      vertex -13.2926 14.4712 -2.6
    endloop
  endfacet
  facet normal 0.0979545 -0.995191 0
    outer loop
      vertex -13.2926 14.4712 -2.6
      vertex -13 14.5 1
      vertex -13.2926 14.4712 1
    endloop
  endfacet
  facet normal 0.0979545 -0.995191 0
    outer loop
      vertex -13 14.5 1
      vertex -13.2926 14.4712 -2.6
      vertex -13 14.5 -2.6
    endloop
  endfacet
  facet normal -0.0979545 -0.995191 0
    outer loop
      vertex -13 14.5 -2.6
      vertex -12.7074 14.4712 1
      vertex -13 14.5 1
    endloop
  endfacet
  facet normal -0.0979545 -0.995191 -0
    outer loop
      vertex -12.7074 14.4712 1
      vertex -13 14.5 -2.6
      vertex -12.7074 14.4712 -2.6
    endloop
  endfacet
  facet normal -0.290404 -0.956904 0
    outer loop
      vertex -12.7074 14.4712 -2.6
      vertex -12.426 14.3858 1
      vertex -12.7074 14.4712 1
    endloop
  endfacet
  facet normal -0.290404 -0.956904 -0
    outer loop
      vertex -12.426 14.3858 1
      vertex -12.7074 14.4712 -2.6
      vertex -12.426 14.3858 -2.6
    endloop
  endfacet
  facet normal -0.471259 -0.881995 0
    outer loop
      vertex -12.426 14.3858 -2.6
      vertex -12.1666 14.2472 1
      vertex -12.426 14.3858 1
    endloop
  endfacet
  facet normal -0.471259 -0.881995 -0
    outer loop
      vertex -12.1666 14.2472 1
      vertex -12.426 14.3858 -2.6
      vertex -12.1666 14.2472 -2.6
    endloop
  endfacet
  facet normal -0.634311 -0.773078 0
    outer loop
      vertex -12.1666 14.2472 -2.6
      vertex -11.9393 14.0607 1
      vertex -12.1666 14.2472 1
    endloop
  endfacet
  facet normal -0.634311 -0.773078 -0
    outer loop
      vertex -11.9393 14.0607 1
      vertex -12.1666 14.2472 -2.6
      vertex -11.9393 14.0607 -2.6
    endloop
  endfacet
  facet normal -0.773078 -0.634311 0
    outer loop
      vertex -11.7528 13.8334 -2.6
      vertex -11.9393 14.0607 1
      vertex -11.9393 14.0607 -2.6
    endloop
  endfacet
  facet normal -0.773078 -0.634311 0
    outer loop
      vertex -11.9393 14.0607 1
      vertex -11.7528 13.8334 -2.6
      vertex -11.7528 13.8334 1
    endloop
  endfacet
  facet normal -0.881995 -0.471259 0
    outer loop
      vertex -11.6142 13.574 -2.6
      vertex -11.7528 13.8334 1
      vertex -11.7528 13.8334 -2.6
    endloop
  endfacet
  facet normal -0.881995 -0.471259 0
    outer loop
      vertex -11.7528 13.8334 1
      vertex -11.6142 13.574 -2.6
      vertex -11.6142 13.574 1
    endloop
  endfacet
  facet normal -0.956904 -0.290404 0
    outer loop
      vertex -11.5288 13.2926 -2.6
      vertex -11.6142 13.574 1
      vertex -11.6142 13.574 -2.6
    endloop
  endfacet
  facet normal -0.956904 -0.290404 0
    outer loop
      vertex -11.6142 13.574 1
      vertex -11.5288 13.2926 -2.6
      vertex -11.5288 13.2926 1
    endloop
  endfacet
  facet normal -0.995191 -0.0979545 0
    outer loop
      vertex -11.5 13 -2.6
      vertex -11.5288 13.2926 1
      vertex -11.5288 13.2926 -2.6
    endloop
  endfacet
  facet normal -0.995191 -0.0979545 0
    outer loop
      vertex -11.5288 13.2926 1
      vertex -11.5 13 -2.6
      vertex -11.5 13 1
    endloop
  endfacet
  facet normal -0.995191 0.0979545 0
    outer loop
      vertex -11.5288 12.7074 -2.6
      vertex -11.5 13 1
      vertex -11.5 13 -2.6
    endloop
  endfacet
  facet normal -0.995191 0.0979545 0
    outer loop
      vertex -11.5 13 1
      vertex -11.5288 12.7074 -2.6
      vertex -11.5288 12.7074 1
    endloop
  endfacet
  facet normal -0.956904 0.290404 0
    outer loop
      vertex -11.6142 12.426 -2.6
      vertex -11.5288 12.7074 1
      vertex -11.5288 12.7074 -2.6
    endloop
  endfacet
  facet normal -0.956904 0.290404 0
    outer loop
      vertex -11.5288 12.7074 1
      vertex -11.6142 12.426 -2.6
      vertex -11.6142 12.426 1
    endloop
  endfacet
  facet normal -0.881995 0.471259 0
    outer loop
      vertex -11.7528 12.1666 -2.6
      vertex -11.6142 12.426 1
      vertex -11.6142 12.426 -2.6
    endloop
  endfacet
  facet normal -0.881995 0.471259 0
    outer loop
      vertex -11.6142 12.426 1
      vertex -11.7528 12.1666 -2.6
      vertex -11.7528 12.1666 1
    endloop
  endfacet
  facet normal -0.773078 0.634311 0
    outer loop
      vertex -11.9393 11.9393 -2.6
      vertex -11.7528 12.1666 1
      vertex -11.7528 12.1666 -2.6
    endloop
  endfacet
  facet normal -0.773078 0.634311 0
    outer loop
      vertex -11.7528 12.1666 1
      vertex -11.9393 11.9393 -2.6
      vertex -11.9393 11.9393 1
    endloop
  endfacet
  facet normal -0.634311 0.773078 0
    outer loop
      vertex -11.9393 11.9393 -2.6
      vertex -12.1666 11.7528 1
      vertex -11.9393 11.9393 1
    endloop
  endfacet
  facet normal -0.634311 0.773078 0
    outer loop
      vertex -12.1666 11.7528 1
      vertex -11.9393 11.9393 -2.6
      vertex -12.1666 11.7528 -2.6
    endloop
  endfacet
  facet normal -0.471259 0.881995 0
    outer loop
      vertex -12.1666 11.7528 -2.6
      vertex -12.426 11.6142 1
      vertex -12.1666 11.7528 1
    endloop
  endfacet
  facet normal -0.471259 0.881995 0
    outer loop
      vertex -12.426 11.6142 1
      vertex -12.1666 11.7528 -2.6
      vertex -12.426 11.6142 -2.6
    endloop
  endfacet
  facet normal -0.290404 0.956904 0
    outer loop
      vertex -12.426 11.6142 -2.6
      vertex -12.7074 11.5288 1
      vertex -12.426 11.6142 1
    endloop
  endfacet
  facet normal -0.290404 0.956904 0
    outer loop
      vertex -12.7074 11.5288 1
      vertex -12.426 11.6142 -2.6
      vertex -12.7074 11.5288 -2.6
    endloop
  endfacet
  facet normal -0.0979545 0.995191 0
    outer loop
      vertex -12.7074 11.5288 -2.6
      vertex -13 11.5 1
      vertex -12.7074 11.5288 1
    endloop
  endfacet
  facet normal -0.0979545 0.995191 0
    outer loop
      vertex -13 11.5 1
      vertex -12.7074 11.5288 -2.6
      vertex -13 11.5 -2.6
    endloop
  endfacet
  facet normal 0.0979545 0.995191 -0
    outer loop
      vertex -13 11.5 -2.6
      vertex -13.2926 11.5288 1
      vertex -13 11.5 1
    endloop
  endfacet
  facet normal 0.0979545 0.995191 0
    outer loop
      vertex -13.2926 11.5288 1
      vertex -13 11.5 -2.6
      vertex -13.2926 11.5288 -2.6
    endloop
  endfacet
  facet normal 0.290404 0.956904 -0
    outer loop
      vertex -13.2926 11.5288 -2.6
      vertex -13.574 11.6142 1
      vertex -13.2926 11.5288 1
    endloop
  endfacet
  facet normal 0.290404 0.956904 0
    outer loop
      vertex -13.574 11.6142 1
      vertex -13.2926 11.5288 -2.6
      vertex -13.574 11.6142 -2.6
    endloop
  endfacet
  facet normal 0.634311 0.773078 -0
    outer loop
      vertex -13.8334 11.7528 -2.6
      vertex -14.0607 11.9393 1
      vertex -13.8334 11.7528 1
    endloop
  endfacet
  facet normal 0.634311 0.773078 0
    outer loop
      vertex -14.0607 11.9393 1
      vertex -13.8334 11.7528 -2.6
      vertex -14.0607 11.9393 -2.6
    endloop
  endfacet
  facet normal 0.471259 0.881995 -0
    outer loop
      vertex -13.574 11.6142 -2.6
      vertex -13.8334 11.7528 1
      vertex -13.574 11.6142 1
    endloop
  endfacet
  facet normal 0.471259 0.881995 0
    outer loop
      vertex -13.8334 11.7528 1
      vertex -13.574 11.6142 -2.6
      vertex -13.8334 11.7528 -2.6
    endloop
  endfacet
  facet normal 0.773078 0.634311 0
    outer loop
      vertex -14.0607 11.9393 1
      vertex -14.2472 12.1666 -2.6
      vertex -14.2472 12.1666 1
    endloop
  endfacet
  facet normal 0.773078 0.634311 0
    outer loop
      vertex -14.2472 12.1666 -2.6
      vertex -14.0607 11.9393 1
      vertex -14.0607 11.9393 -2.6
    endloop
  endfacet
  facet normal 0.881995 0.471259 0
    outer loop
      vertex -14.2472 12.1666 1
      vertex -14.3858 12.426 -2.6
      vertex -14.3858 12.426 1
    endloop
  endfacet
  facet normal 0.881995 0.471259 0
    outer loop
      vertex -14.3858 12.426 -2.6
      vertex -14.2472 12.1666 1
      vertex -14.2472 12.1666 -2.6
    endloop
  endfacet
  facet normal 0.956904 0.290404 0
    outer loop
      vertex -14.3858 12.426 1
      vertex -14.4712 12.7074 -2.6
      vertex -14.4712 12.7074 1
    endloop
  endfacet
  facet normal 0.956904 0.290404 0
    outer loop
      vertex -14.4712 12.7074 -2.6
      vertex -14.3858 12.426 1
      vertex -14.3858 12.426 -2.6
    endloop
  endfacet
  facet normal 0.995191 0.0979545 0
    outer loop
      vertex -14.4712 12.7074 1
      vertex -14.5 13 -2.6
      vertex -14.5 13 1
    endloop
  endfacet
  facet normal 0.995191 0.0979545 0
    outer loop
      vertex -14.5 13 -2.6
      vertex -14.4712 12.7074 1
      vertex -14.4712 12.7074 -2.6
    endloop
  endfacet
  facet normal 0.995191 -0.0979545 0
    outer loop
      vertex 11.5 -13 1
      vertex 11.5288 -12.7074 -2.6
      vertex 11.5288 -12.7074 1
    endloop
  endfacet
  facet normal 0.995191 -0.0979545 0
    outer loop
      vertex 11.5288 -12.7074 -2.6
      vertex 11.5 -13 1
      vertex 11.5 -13 -2.6
    endloop
  endfacet
  facet normal 0.956904 -0.290404 0
    outer loop
      vertex 11.5288 -12.7074 1
      vertex 11.6142 -12.426 -2.6
      vertex 11.6142 -12.426 1
    endloop
  endfacet
  facet normal 0.956904 -0.290404 0
    outer loop
      vertex 11.6142 -12.426 -2.6
      vertex 11.5288 -12.7074 1
      vertex 11.5288 -12.7074 -2.6
    endloop
  endfacet
  facet normal 0.881995 -0.471259 0
    outer loop
      vertex 11.6142 -12.426 1
      vertex 11.7528 -12.1666 -2.6
      vertex 11.7528 -12.1666 1
    endloop
  endfacet
  facet normal 0.881995 -0.471259 0
    outer loop
      vertex 11.7528 -12.1666 -2.6
      vertex 11.6142 -12.426 1
      vertex 11.6142 -12.426 -2.6
    endloop
  endfacet
  facet normal 0.773078 -0.634311 0
    outer loop
      vertex 11.7528 -12.1666 1
      vertex 11.9393 -11.9393 -2.6
      vertex 11.9393 -11.9393 1
    endloop
  endfacet
  facet normal 0.773078 -0.634311 0
    outer loop
      vertex 11.9393 -11.9393 -2.6
      vertex 11.7528 -12.1666 1
      vertex 11.7528 -12.1666 -2.6
    endloop
  endfacet
  facet normal 0.634311 -0.773078 0
    outer loop
      vertex 11.9393 -11.9393 -2.6
      vertex 12.1666 -11.7528 1
      vertex 11.9393 -11.9393 1
    endloop
  endfacet
  facet normal 0.634311 -0.773078 0
    outer loop
      vertex 12.1666 -11.7528 1
      vertex 11.9393 -11.9393 -2.6
      vertex 12.1666 -11.7528 -2.6
    endloop
  endfacet
  facet normal 0.471259 -0.881995 0
    outer loop
      vertex 12.1666 -11.7528 -2.6
      vertex 12.426 -11.6142 1
      vertex 12.1666 -11.7528 1
    endloop
  endfacet
  facet normal 0.471259 -0.881995 0
    outer loop
      vertex 12.426 -11.6142 1
      vertex 12.1666 -11.7528 -2.6
      vertex 12.426 -11.6142 -2.6
    endloop
  endfacet
  facet normal 0.290404 -0.956904 0
    outer loop
      vertex 12.426 -11.6142 -2.6
      vertex 12.7074 -11.5288 1
      vertex 12.426 -11.6142 1
    endloop
  endfacet
  facet normal 0.290404 -0.956904 0
    outer loop
      vertex 12.7074 -11.5288 1
      vertex 12.426 -11.6142 -2.6
      vertex 12.7074 -11.5288 -2.6
    endloop
  endfacet
  facet normal 0.0979545 -0.995191 0
    outer loop
      vertex 12.7074 -11.5288 -2.6
      vertex 13 -11.5 1
      vertex 12.7074 -11.5288 1
    endloop
  endfacet
  facet normal 0.0979545 -0.995191 0
    outer loop
      vertex 13 -11.5 1
      vertex 12.7074 -11.5288 -2.6
      vertex 13 -11.5 -2.6
    endloop
  endfacet
  facet normal -0.0979545 -0.995191 0
    outer loop
      vertex 13 -11.5 -2.6
      vertex 13.2926 -11.5288 1
      vertex 13 -11.5 1
    endloop
  endfacet
  facet normal -0.0979545 -0.995191 -0
    outer loop
      vertex 13.2926 -11.5288 1
      vertex 13 -11.5 -2.6
      vertex 13.2926 -11.5288 -2.6
    endloop
  endfacet
  facet normal -0.290404 -0.956904 0
    outer loop
      vertex 13.2926 -11.5288 -2.6
      vertex 13.574 -11.6142 1
      vertex 13.2926 -11.5288 1
    endloop
  endfacet
  facet normal -0.290404 -0.956904 -0
    outer loop
      vertex 13.574 -11.6142 1
      vertex 13.2926 -11.5288 -2.6
      vertex 13.574 -11.6142 -2.6
    endloop
  endfacet
  facet normal -0.471259 -0.881995 0
    outer loop
      vertex 13.574 -11.6142 -2.6
      vertex 13.8334 -11.7528 1
      vertex 13.574 -11.6142 1
    endloop
  endfacet
  facet normal -0.471259 -0.881995 -0
    outer loop
      vertex 13.8334 -11.7528 1
      vertex 13.574 -11.6142 -2.6
      vertex 13.8334 -11.7528 -2.6
    endloop
  endfacet
  facet normal -0.634311 -0.773078 0
    outer loop
      vertex 13.8334 -11.7528 -2.6
      vertex 14.0607 -11.9393 1
      vertex 13.8334 -11.7528 1
    endloop
  endfacet
  facet normal -0.634311 -0.773078 -0
    outer loop
      vertex 14.0607 -11.9393 1
      vertex 13.8334 -11.7528 -2.6
      vertex 14.0607 -11.9393 -2.6
    endloop
  endfacet
  facet normal -0.773078 -0.634311 0
    outer loop
      vertex 14.2472 -12.1666 -2.6
      vertex 14.0607 -11.9393 1
      vertex 14.0607 -11.9393 -2.6
    endloop
  endfacet
  facet normal -0.773078 -0.634311 0
    outer loop
      vertex 14.0607 -11.9393 1
      vertex 14.2472 -12.1666 -2.6
      vertex 14.2472 -12.1666 1
    endloop
  endfacet
  facet normal -0.881995 -0.471259 0
    outer loop
      vertex 14.3858 -12.426 -2.6
      vertex 14.2472 -12.1666 1
      vertex 14.2472 -12.1666 -2.6
    endloop
  endfacet
  facet normal -0.881995 -0.471259 0
    outer loop
      vertex 14.2472 -12.1666 1
      vertex 14.3858 -12.426 -2.6
      vertex 14.3858 -12.426 1
    endloop
  endfacet
  facet normal -0.956904 -0.290404 0
    outer loop
      vertex 14.4712 -12.7074 -2.6
      vertex 14.3858 -12.426 1
      vertex 14.3858 -12.426 -2.6
    endloop
  endfacet
  facet normal -0.956904 -0.290404 0
    outer loop
      vertex 14.3858 -12.426 1
      vertex 14.4712 -12.7074 -2.6
      vertex 14.4712 -12.7074 1
    endloop
  endfacet
  facet normal -0.995191 -0.0979545 0
    outer loop
      vertex 14.5 -13 -2.6
      vertex 14.4712 -12.7074 1
      vertex 14.4712 -12.7074 -2.6
    endloop
  endfacet
  facet normal -0.995191 -0.0979545 0
    outer loop
      vertex 14.4712 -12.7074 1
      vertex 14.5 -13 -2.6
      vertex 14.5 -13 1
    endloop
  endfacet
  facet normal -0.995191 0.0979545 0
    outer loop
      vertex 14.4712 -13.2926 -2.6
      vertex 14.5 -13 1
      vertex 14.5 -13 -2.6
    endloop
  endfacet
  facet normal -0.995191 0.0979545 0
    outer loop
      vertex 14.5 -13 1
      vertex 14.4712 -13.2926 -2.6
      vertex 14.4712 -13.2926 1
    endloop
  endfacet
  facet normal -0.956904 0.290404 0
    outer loop
      vertex 14.3858 -13.574 -2.6
      vertex 14.4712 -13.2926 1
      vertex 14.4712 -13.2926 -2.6
    endloop
  endfacet
  facet normal -0.956904 0.290404 0
    outer loop
      vertex 14.4712 -13.2926 1
      vertex 14.3858 -13.574 -2.6
      vertex 14.3858 -13.574 1
    endloop
  endfacet
  facet normal -0.881995 0.471259 0
    outer loop
      vertex 14.2472 -13.8334 -2.6
      vertex 14.3858 -13.574 1
      vertex 14.3858 -13.574 -2.6
    endloop
  endfacet
  facet normal -0.881995 0.471259 0
    outer loop
      vertex 14.3858 -13.574 1
      vertex 14.2472 -13.8334 -2.6
      vertex 14.2472 -13.8334 1
    endloop
  endfacet
  facet normal -0.773078 0.634311 0
    outer loop
      vertex 14.0607 -14.0607 -2.6
      vertex 14.2472 -13.8334 1
      vertex 14.2472 -13.8334 -2.6
    endloop
  endfacet
  facet normal -0.773078 0.634311 0
    outer loop
      vertex 14.2472 -13.8334 1
      vertex 14.0607 -14.0607 -2.6
      vertex 14.0607 -14.0607 1
    endloop
  endfacet
  facet normal -0.634311 0.773078 0
    outer loop
      vertex 14.0607 -14.0607 -2.6
      vertex 13.8334 -14.2472 1
      vertex 14.0607 -14.0607 1
    endloop
  endfacet
  facet normal -0.634311 0.773078 0
    outer loop
      vertex 13.8334 -14.2472 1
      vertex 14.0607 -14.0607 -2.6
      vertex 13.8334 -14.2472 -2.6
    endloop
  endfacet
  facet normal -0.471259 0.881995 0
    outer loop
      vertex 13.8334 -14.2472 -2.6
      vertex 13.574 -14.3858 1
      vertex 13.8334 -14.2472 1
    endloop
  endfacet
  facet normal -0.471259 0.881995 0
    outer loop
      vertex 13.574 -14.3858 1
      vertex 13.8334 -14.2472 -2.6
      vertex 13.574 -14.3858 -2.6
    endloop
  endfacet
  facet normal -0.290404 0.956904 0
    outer loop
      vertex 13.574 -14.3858 -2.6
      vertex 13.2926 -14.4712 1
      vertex 13.574 -14.3858 1
    endloop
  endfacet
  facet normal -0.290404 0.956904 0
    outer loop
      vertex 13.2926 -14.4712 1
      vertex 13.574 -14.3858 -2.6
      vertex 13.2926 -14.4712 -2.6
    endloop
  endfacet
  facet normal -0.0979545 0.995191 0
    outer loop
      vertex 13.2926 -14.4712 -2.6
      vertex 13 -14.5 1
      vertex 13.2926 -14.4712 1
    endloop
  endfacet
  facet normal -0.0979545 0.995191 0
    outer loop
      vertex 13 -14.5 1
      vertex 13.2926 -14.4712 -2.6
      vertex 13 -14.5 -2.6
    endloop
  endfacet
  facet normal 0.0979545 0.995191 -0
    outer loop
      vertex 13 -14.5 -2.6
      vertex 12.7074 -14.4712 1
      vertex 13 -14.5 1
    endloop
  endfacet
  facet normal 0.0979545 0.995191 0
    outer loop
      vertex 12.7074 -14.4712 1
      vertex 13 -14.5 -2.6
      vertex 12.7074 -14.4712 -2.6
    endloop
  endfacet
  facet normal 0.290404 0.956904 -0
    outer loop
      vertex 12.7074 -14.4712 -2.6
      vertex 12.426 -14.3858 1
      vertex 12.7074 -14.4712 1
    endloop
  endfacet
  facet normal 0.290404 0.956904 0
    outer loop
      vertex 12.426 -14.3858 1
      vertex 12.7074 -14.4712 -2.6
      vertex 12.426 -14.3858 -2.6
    endloop
  endfacet
  facet normal 0.634311 0.773078 -0
    outer loop
      vertex 12.1666 -14.2472 -2.6
      vertex 11.9393 -14.0607 1
      vertex 12.1666 -14.2472 1
    endloop
  endfacet
  facet normal 0.634311 0.773078 0
    outer loop
      vertex 11.9393 -14.0607 1
      vertex 12.1666 -14.2472 -2.6
      vertex 11.9393 -14.0607 -2.6
    endloop
  endfacet
  facet normal 0.471259 0.881995 -0
    outer loop
      vertex 12.426 -14.3858 -2.6
      vertex 12.1666 -14.2472 1
      vertex 12.426 -14.3858 1
    endloop
  endfacet
  facet normal 0.471259 0.881995 0
    outer loop
      vertex 12.1666 -14.2472 1
      vertex 12.426 -14.3858 -2.6
      vertex 12.1666 -14.2472 -2.6
    endloop
  endfacet
  facet normal 0.773078 0.634311 0
    outer loop
      vertex 11.9393 -14.0607 1
      vertex 11.7528 -13.8334 -2.6
      vertex 11.7528 -13.8334 1
    endloop
  endfacet
  facet normal 0.773078 0.634311 0
    outer loop
      vertex 11.7528 -13.8334 -2.6
      vertex 11.9393 -14.0607 1
      vertex 11.9393 -14.0607 -2.6
    endloop
  endfacet
  facet normal 0.881995 0.471259 0
    outer loop
      vertex 11.7528 -13.8334 1
      vertex 11.6142 -13.574 -2.6
      vertex 11.6142 -13.574 1
    endloop
  endfacet
  facet normal 0.881995 0.471259 0
    outer loop
      vertex 11.6142 -13.574 -2.6
      vertex 11.7528 -13.8334 1
      vertex 11.7528 -13.8334 -2.6
    endloop
  endfacet
  facet normal 0.956904 0.290404 0
    outer loop
      vertex 11.6142 -13.574 1
      vertex 11.5288 -13.2926 -2.6
      vertex 11.5288 -13.2926 1
    endloop
  endfacet
  facet normal 0.956904 0.290404 0
    outer loop
      vertex 11.5288 -13.2926 -2.6
      vertex 11.6142 -13.574 1
      vertex 11.6142 -13.574 -2.6
    endloop
  endfacet
  facet normal 0.995191 0.0979545 0
    outer loop
      vertex 11.5288 -13.2926 1
      vertex 11.5 -13 -2.6
      vertex 11.5 -13 1
    endloop
  endfacet
  facet normal 0.995191 0.0979545 0
    outer loop
      vertex 11.5 -13 -2.6
      vertex 11.5288 -13.2926 1
      vertex 11.5288 -13.2926 -2.6
    endloop
  endfacet
  facet normal 0.995191 -0.0979545 0
    outer loop
      vertex -14.5 -13 1
      vertex -14.4712 -12.7074 -2.6
      vertex -14.4712 -12.7074 1
    endloop
  endfacet
  facet normal 0.995191 -0.0979545 0
    outer loop
      vertex -14.4712 -12.7074 -2.6
      vertex -14.5 -13 1
      vertex -14.5 -13 -2.6
    endloop
  endfacet
  facet normal 0.956904 -0.290404 0
    outer loop
      vertex -14.4712 -12.7074 1
      vertex -14.3858 -12.426 -2.6
      vertex -14.3858 -12.426 1
    endloop
  endfacet
  facet normal 0.956904 -0.290404 0
    outer loop
      vertex -14.3858 -12.426 -2.6
      vertex -14.4712 -12.7074 1
      vertex -14.4712 -12.7074 -2.6
    endloop
  endfacet
  facet normal 0.881995 -0.471259 0
    outer loop
      vertex -14.3858 -12.426 1
      vertex -14.2472 -12.1666 -2.6
      vertex -14.2472 -12.1666 1
    endloop
  endfacet
  facet normal 0.881995 -0.471259 0
    outer loop
      vertex -14.2472 -12.1666 -2.6
      vertex -14.3858 -12.426 1
      vertex -14.3858 -12.426 -2.6
    endloop
  endfacet
  facet normal 0.773078 -0.634311 0
    outer loop
      vertex -14.2472 -12.1666 1
      vertex -14.0607 -11.9393 -2.6
      vertex -14.0607 -11.9393 1
    endloop
  endfacet
  facet normal 0.773078 -0.634311 0
    outer loop
      vertex -14.0607 -11.9393 -2.6
      vertex -14.2472 -12.1666 1
      vertex -14.2472 -12.1666 -2.6
    endloop
  endfacet
  facet normal 0.634311 -0.773078 0
    outer loop
      vertex -14.0607 -11.9393 -2.6
      vertex -13.8334 -11.7528 1
      vertex -14.0607 -11.9393 1
    endloop
  endfacet
  facet normal 0.634311 -0.773078 0
    outer loop
      vertex -13.8334 -11.7528 1
      vertex -14.0607 -11.9393 -2.6
      vertex -13.8334 -11.7528 -2.6
    endloop
  endfacet
  facet normal 0.471259 -0.881995 0
    outer loop
      vertex -13.8334 -11.7528 -2.6
      vertex -13.574 -11.6142 1
      vertex -13.8334 -11.7528 1
    endloop
  endfacet
  facet normal 0.471259 -0.881995 0
    outer loop
      vertex -13.574 -11.6142 1
      vertex -13.8334 -11.7528 -2.6
      vertex -13.574 -11.6142 -2.6
    endloop
  endfacet
  facet normal 0.290404 -0.956904 0
    outer loop
      vertex -13.574 -11.6142 -2.6
      vertex -13.2926 -11.5288 1
      vertex -13.574 -11.6142 1
    endloop
  endfacet
  facet normal 0.290404 -0.956904 0
    outer loop
      vertex -13.2926 -11.5288 1
      vertex -13.574 -11.6142 -2.6
      vertex -13.2926 -11.5288 -2.6
    endloop
  endfacet
  facet normal 0.0979545 -0.995191 0
    outer loop
      vertex -13.2926 -11.5288 -2.6
      vertex -13 -11.5 1
      vertex -13.2926 -11.5288 1
    endloop
  endfacet
  facet normal 0.0979545 -0.995191 0
    outer loop
      vertex -13 -11.5 1
      vertex -13.2926 -11.5288 -2.6
      vertex -13 -11.5 -2.6
    endloop
  endfacet
  facet normal -0.0979545 -0.995191 0
    outer loop
      vertex -13 -11.5 -2.6
      vertex -12.7074 -11.5288 1
      vertex -13 -11.5 1
    endloop
  endfacet
  facet normal -0.0979545 -0.995191 -0
    outer loop
      vertex -12.7074 -11.5288 1
      vertex -13 -11.5 -2.6
      vertex -12.7074 -11.5288 -2.6
    endloop
  endfacet
  facet normal -0.290404 -0.956904 0
    outer loop
      vertex -12.7074 -11.5288 -2.6
      vertex -12.426 -11.6142 1
      vertex -12.7074 -11.5288 1
    endloop
  endfacet
  facet normal -0.290404 -0.956904 -0
    outer loop
      vertex -12.426 -11.6142 1
      vertex -12.7074 -11.5288 -2.6
      vertex -12.426 -11.6142 -2.6
    endloop
  endfacet
  facet normal -0.471259 -0.881995 0
    outer loop
      vertex -12.426 -11.6142 -2.6
      vertex -12.1666 -11.7528 1
      vertex -12.426 -11.6142 1
    endloop
  endfacet
  facet normal -0.471259 -0.881995 -0
    outer loop
      vertex -12.1666 -11.7528 1
      vertex -12.426 -11.6142 -2.6
      vertex -12.1666 -11.7528 -2.6
    endloop
  endfacet
  facet normal -0.634311 -0.773078 0
    outer loop
      vertex -12.1666 -11.7528 -2.6
      vertex -11.9393 -11.9393 1
      vertex -12.1666 -11.7528 1
    endloop
  endfacet
  facet normal -0.634311 -0.773078 -0
    outer loop
      vertex -11.9393 -11.9393 1
      vertex -12.1666 -11.7528 -2.6
      vertex -11.9393 -11.9393 -2.6
    endloop
  endfacet
  facet normal -0.773078 -0.634311 0
    outer loop
      vertex -11.7528 -12.1666 -2.6
      vertex -11.9393 -11.9393 1
      vertex -11.9393 -11.9393 -2.6
    endloop
  endfacet
  facet normal -0.773078 -0.634311 0
    outer loop
      vertex -11.9393 -11.9393 1
      vertex -11.7528 -12.1666 -2.6
      vertex -11.7528 -12.1666 1
    endloop
  endfacet
  facet normal -0.881995 -0.471259 0
    outer loop
      vertex -11.6142 -12.426 -2.6
      vertex -11.7528 -12.1666 1
      vertex -11.7528 -12.1666 -2.6
    endloop
  endfacet
  facet normal -0.881995 -0.471259 0
    outer loop
      vertex -11.7528 -12.1666 1
      vertex -11.6142 -12.426 -2.6
      vertex -11.6142 -12.426 1
    endloop
  endfacet
  facet normal -0.956904 -0.290404 0
    outer loop
      vertex -11.5288 -12.7074 -2.6
      vertex -11.6142 -12.426 1
      vertex -11.6142 -12.426 -2.6
    endloop
  endfacet
  facet normal -0.956904 -0.290404 0
    outer loop
      vertex -11.6142 -12.426 1
      vertex -11.5288 -12.7074 -2.6
      vertex -11.5288 -12.7074 1
    endloop
  endfacet
  facet normal -0.995191 -0.0979545 0
    outer loop
      vertex -11.5 -13 -2.6
      vertex -11.5288 -12.7074 1
      vertex -11.5288 -12.7074 -2.6
    endloop
  endfacet
  facet normal -0.995191 -0.0979545 0
    outer loop
      vertex -11.5288 -12.7074 1
      vertex -11.5 -13 -2.6
      vertex -11.5 -13 1
    endloop
  endfacet
  facet normal -0.995191 0.0979545 0
    outer loop
      vertex -11.5288 -13.2926 -2.6
      vertex -11.5 -13 1
      vertex -11.5 -13 -2.6
    endloop
  endfacet
  facet normal -0.995191 0.0979545 0
    outer loop
      vertex -11.5 -13 1
      vertex -11.5288 -13.2926 -2.6
      vertex -11.5288 -13.2926 1
    endloop
  endfacet
  facet normal -0.956904 0.290404 0
    outer loop
      vertex -11.6142 -13.574 -2.6
      vertex -11.5288 -13.2926 1
      vertex -11.5288 -13.2926 -2.6
    endloop
  endfacet
  facet normal -0.956904 0.290404 0
    outer loop
      vertex -11.5288 -13.2926 1
      vertex -11.6142 -13.574 -2.6
      vertex -11.6142 -13.574 1
    endloop
  endfacet
  facet normal -0.881995 0.471259 0
    outer loop
      vertex -11.7528 -13.8334 -2.6
      vertex -11.6142 -13.574 1
      vertex -11.6142 -13.574 -2.6
    endloop
  endfacet
  facet normal -0.881995 0.471259 0
    outer loop
      vertex -11.6142 -13.574 1
      vertex -11.7528 -13.8334 -2.6
      vertex -11.7528 -13.8334 1
    endloop
  endfacet
  facet normal -0.773078 0.634311 0
    outer loop
      vertex -11.9393 -14.0607 -2.6
      vertex -11.7528 -13.8334 1
      vertex -11.7528 -13.8334 -2.6
    endloop
  endfacet
  facet normal -0.773078 0.634311 0
    outer loop
      vertex -11.7528 -13.8334 1
      vertex -11.9393 -14.0607 -2.6
      vertex -11.9393 -14.0607 1
    endloop
  endfacet
  facet normal -0.634311 0.773078 0
    outer loop
      vertex -11.9393 -14.0607 -2.6
      vertex -12.1666 -14.2472 1
      vertex -11.9393 -14.0607 1
    endloop
  endfacet
  facet normal -0.634311 0.773078 0
    outer loop
      vertex -12.1666 -14.2472 1
      vertex -11.9393 -14.0607 -2.6
      vertex -12.1666 -14.2472 -2.6
    endloop
  endfacet
  facet normal -0.471259 0.881995 0
    outer loop
      vertex -12.1666 -14.2472 -2.6
      vertex -12.426 -14.3858 1
      vertex -12.1666 -14.2472 1
    endloop
  endfacet
  facet normal -0.471259 0.881995 0
    outer loop
      vertex -12.426 -14.3858 1
      vertex -12.1666 -14.2472 -2.6
      vertex -12.426 -14.3858 -2.6
    endloop
  endfacet
  facet normal -0.290404 0.956904 0
    outer loop
      vertex -12.426 -14.3858 -2.6
      vertex -12.7074 -14.4712 1
      vertex -12.426 -14.3858 1
    endloop
  endfacet
  facet normal -0.290404 0.956904 0
    outer loop
      vertex -12.7074 -14.4712 1
      vertex -12.426 -14.3858 -2.6
      vertex -12.7074 -14.4712 -2.6
    endloop
  endfacet
  facet normal -0.0979545 0.995191 0
    outer loop
      vertex -12.7074 -14.4712 -2.6
      vertex -13 -14.5 1
      vertex -12.7074 -14.4712 1
    endloop
  endfacet
  facet normal -0.0979545 0.995191 0
    outer loop
      vertex -13 -14.5 1
      vertex -12.7074 -14.4712 -2.6
      vertex -13 -14.5 -2.6
    endloop
  endfacet
  facet normal 0.0979545 0.995191 -0
    outer loop
      vertex -13 -14.5 -2.6
      vertex -13.2926 -14.4712 1
      vertex -13 -14.5 1
    endloop
  endfacet
  facet normal 0.0979545 0.995191 0
    outer loop
      vertex -13.2926 -14.4712 1
      vertex -13 -14.5 -2.6
      vertex -13.2926 -14.4712 -2.6
    endloop
  endfacet
  facet normal 0.290404 0.956904 -0
    outer loop
      vertex -13.2926 -14.4712 -2.6
      vertex -13.574 -14.3858 1
      vertex -13.2926 -14.4712 1
    endloop
  endfacet
  facet normal 0.290404 0.956904 0
    outer loop
      vertex -13.574 -14.3858 1
      vertex -13.2926 -14.4712 -2.6
      vertex -13.574 -14.3858 -2.6
    endloop
  endfacet
  facet normal 0.634311 0.773078 -0
    outer loop
      vertex -13.8334 -14.2472 -2.6
      vertex -14.0607 -14.0607 1
      vertex -13.8334 -14.2472 1
    endloop
  endfacet
  facet normal 0.634311 0.773078 0
    outer loop
      vertex -14.0607 -14.0607 1
      vertex -13.8334 -14.2472 -2.6
      vertex -14.0607 -14.0607 -2.6
    endloop
  endfacet
  facet normal 0.471259 0.881995 -0
    outer loop
      vertex -13.574 -14.3858 -2.6
      vertex -13.8334 -14.2472 1
      vertex -13.574 -14.3858 1
    endloop
  endfacet
  facet normal 0.471259 0.881995 0
    outer loop
      vertex -13.8334 -14.2472 1
      vertex -13.574 -14.3858 -2.6
      vertex -13.8334 -14.2472 -2.6
    endloop
  endfacet
  facet normal 0.773078 0.634311 0
    outer loop
      vertex -14.0607 -14.0607 1
      vertex -14.2472 -13.8334 -2.6
      vertex -14.2472 -13.8334 1
    endloop
  endfacet
  facet normal 0.773078 0.634311 0
    outer loop
      vertex -14.2472 -13.8334 -2.6
      vertex -14.0607 -14.0607 1
      vertex -14.0607 -14.0607 -2.6
    endloop
  endfacet
  facet normal 0.881995 0.471259 0
    outer loop
      vertex -14.2472 -13.8334 1
      vertex -14.3858 -13.574 -2.6
      vertex -14.3858 -13.574 1
    endloop
  endfacet
  facet normal 0.881995 0.471259 0
    outer loop
      vertex -14.3858 -13.574 -2.6
      vertex -14.2472 -13.8334 1
      vertex -14.2472 -13.8334 -2.6
    endloop
  endfacet
  facet normal 0.956904 0.290404 0
    outer loop
      vertex -14.3858 -13.574 1
      vertex -14.4712 -13.2926 -2.6
      vertex -14.4712 -13.2926 1
    endloop
  endfacet
  facet normal 0.956904 0.290404 0
    outer loop
      vertex -14.4712 -13.2926 -2.6
      vertex -14.3858 -13.574 1
      vertex -14.3858 -13.574 -2.6
    endloop
  endfacet
  facet normal 0.995191 0.0979545 0
    outer loop
      vertex -14.4712 -13.2926 1
      vertex -14.5 -13 -2.6
      vertex -14.5 -13 1
    endloop
  endfacet
  facet normal 0.995191 0.0979545 0
    outer loop
      vertex -14.5 -13 -2.6
      vertex -14.4712 -13.2926 1
      vertex -14.4712 -13.2926 -2.6
    endloop
  endfacet
  facet normal 0 0 -1
    outer loop
      vertex 14.5 13 -2.6
      vertex 16.25 13 -2.6
      vertex 16.1875 12.366 -2.6
    endloop
  endfacet
  facet normal 0 0 -1
    outer loop
      vertex 14.4712 12.7074 -2.6
      vertex 16.1875 12.366 -2.6
      vertex 16.0026 11.7563 -2.6
    endloop
  endfacet
  facet normal 0 0 -1
    outer loop
      vertex 16.25 13 -2.6
      vertex 14.5 13 -2.6
      vertex 16.1875 13.634 -2.6
    endloop
  endfacet
  facet normal 0 0 -1
    outer loop
      vertex 14.3858 12.426 -2.6
      vertex 16.0026 11.7563 -2.6
      vertex 15.7023 11.1944 -2.6
    endloop
  endfacet
  facet normal 0 0 -1
    outer loop
      vertex 14.4712 13.2926 -2.6
      vertex 16.1875 13.634 -2.6
      vertex 14.5 13 -2.6
    endloop
  endfacet
  facet normal 0 0 -1
    outer loop
      vertex 14.2472 12.1666 -2.6
      vertex 15.7023 11.1944 -2.6
      vertex 15.2981 10.7019 -2.6
    endloop
  endfacet
  facet normal -0 0 -1
    outer loop
      vertex 16.1875 13.634 -2.6
      vertex 14.4712 13.2926 -2.6
      vertex 16.0026 14.2437 -2.6
    endloop
  endfacet
  facet normal 0 0 -1
    outer loop
      vertex 14.0607 11.9393 -2.6
      vertex 15.2981 10.7019 -2.6
      vertex 14.8056 10.2977 -2.6
    endloop
  endfacet
  facet normal 0 0 -1
    outer loop
      vertex 14.3858 13.574 -2.6
      vertex 16.0026 14.2437 -2.6
      vertex 14.4712 13.2926 -2.6
    endloop
  endfacet
  facet normal -0 0 -1
    outer loop
      vertex 16.0026 14.2437 -2.6
      vertex 14.3858 13.574 -2.6
      vertex 15.7023 14.8056 -2.6
    endloop
  endfacet
  facet normal 0 0 -1
    outer loop
      vertex 16.1875 12.366 -2.6
      vertex 14.4712 12.7074 -2.6
      vertex 14.5 13 -2.6
    endloop
  endfacet
  facet normal 0 0 -1
    outer loop
      vertex 16.0026 11.7563 -2.6
      vertex 14.3858 12.426 -2.6
      vertex 14.4712 12.7074 -2.6
    endloop
  endfacet
  facet normal 0 0 -1
    outer loop
      vertex 15.7023 11.1944 -2.6
      vertex 14.2472 12.1666 -2.6
      vertex 14.3858 12.426 -2.6
    endloop
  endfacet
  facet normal 0 0 -1
    outer loop
      vertex 13.8334 11.7528 -2.6
      vertex 14.8056 10.2977 -2.6
      vertex 14.2437 9.99739 -2.6
    endloop
  endfacet
  facet normal 0 0 -1
    outer loop
      vertex 15.2981 10.7019 -2.6
      vertex 14.0607 11.9393 -2.6
      vertex 14.2472 12.1666 -2.6
    endloop
  endfacet
  facet normal 0 0 -1
    outer loop
      vertex 14.8056 10.2977 -2.6
      vertex 13.8334 11.7528 -2.6
      vertex 14.0607 11.9393 -2.6
    endloop
  endfacet
  facet normal 0 0 -1
    outer loop
      vertex 13.574 11.6142 -2.6
      vertex 14.2437 9.99739 -2.6
      vertex 13.634 9.81245 -2.6
    endloop
  endfacet
  facet normal 0 0 -1
    outer loop
      vertex 14.2437 9.99739 -2.6
      vertex 13.574 11.6142 -2.6
      vertex 13.8334 11.7528 -2.6
    endloop
  endfacet
  facet normal 0 0 -1
    outer loop
      vertex 13.634 9.81245 -2.6
      vertex 13.2926 11.5288 -2.6
      vertex 13.574 11.6142 -2.6
    endloop
  endfacet
  facet normal 0 0 -1
    outer loop
      vertex 13 9.75 -2.6
      vertex 13.2926 11.5288 -2.6
      vertex 13.634 9.81245 -2.6
    endloop
  endfacet
  facet normal 0 0 -1
    outer loop
      vertex 13 9.75 -2.6
      vertex 13 11.5 -2.6
      vertex 13.2926 11.5288 -2.6
    endloop
  endfacet
  facet normal 0 0 -1
    outer loop
      vertex 13 9.75 -2.6
      vertex 12.7074 11.5288 -2.6
      vertex 13 11.5 -2.6
    endloop
  endfacet
  facet normal 0 0 -1
    outer loop
      vertex 12.366 9.81245 -2.6
      vertex 12.7074 11.5288 -2.6
      vertex 13 9.75 -2.6
    endloop
  endfacet
  facet normal -0 0 -1
    outer loop
      vertex 12.7074 11.5288 -2.6
      vertex 12.366 9.81245 -2.6
      vertex 12.426 11.6142 -2.6
    endloop
  endfacet
  facet normal 0 0 -1
    outer loop
      vertex 11.7563 9.99739 -2.6
      vertex 12.426 11.6142 -2.6
      vertex 12.366 9.81245 -2.6
    endloop
  endfacet
  facet normal -0 0 -1
    outer loop
      vertex 12.426 11.6142 -2.6
      vertex 11.7563 9.99739 -2.6
      vertex 12.1666 11.7528 -2.6
    endloop
  endfacet
  facet normal 0 0 -1
    outer loop
      vertex 11.1944 10.2977 -2.6
      vertex 12.1666 11.7528 -2.6
      vertex 11.7563 9.99739 -2.6
    endloop
  endfacet
  facet normal -0 0 -1
    outer loop
      vertex 12.1666 11.7528 -2.6
      vertex 11.1944 10.2977 -2.6
      vertex 11.9393 11.9393 -2.6
    endloop
  endfacet
  facet normal 0 0 -1
    outer loop
      vertex 10.7019 10.7019 -2.6
      vertex 11.9393 11.9393 -2.6
      vertex 11.1944 10.2977 -2.6
    endloop
  endfacet
  facet normal -0 0 -1
    outer loop
      vertex 11.9393 11.9393 -2.6
      vertex 10.7019 10.7019 -2.6
      vertex 11.7528 12.1666 -2.6
    endloop
  endfacet
  facet normal 0 0 -1
    outer loop
      vertex 10.2977 11.1944 -2.6
      vertex 11.7528 12.1666 -2.6
      vertex 10.7019 10.7019 -2.6
    endloop
  endfacet
  facet normal -0 0 -1
    outer loop
      vertex 11.7528 12.1666 -2.6
      vertex 10.2977 11.1944 -2.6
      vertex 11.6142 12.426 -2.6
    endloop
  endfacet
  facet normal 0 0 -1
    outer loop
      vertex 14.2472 13.8334 -2.6
      vertex 15.7023 14.8056 -2.6
      vertex 14.3858 13.574 -2.6
    endloop
  endfacet
  facet normal -0 0 -1
    outer loop
      vertex 15.7023 14.8056 -2.6
      vertex 14.2472 13.8334 -2.6
      vertex 15.2981 15.2981 -2.6
    endloop
  endfacet
  facet normal 0 0 -1
    outer loop
      vertex 14.0607 14.0607 -2.6
      vertex 15.2981 15.2981 -2.6
      vertex 14.2472 13.8334 -2.6
    endloop
  endfacet
  facet normal -0 0 -1
    outer loop
      vertex 15.2981 15.2981 -2.6
      vertex 14.0607 14.0607 -2.6
      vertex 14.8056 15.7023 -2.6
    endloop
  endfacet
  facet normal 0 0 -1
    outer loop
      vertex 13.8334 14.2472 -2.6
      vertex 14.8056 15.7023 -2.6
      vertex 14.0607 14.0607 -2.6
    endloop
  endfacet
  facet normal -0 0 -1
    outer loop
      vertex 14.8056 15.7023 -2.6
      vertex 13.8334 14.2472 -2.6
      vertex 14.2437 16.0026 -2.6
    endloop
  endfacet
  facet normal 0 0 -1
    outer loop
      vertex 13.574 14.3858 -2.6
      vertex 14.2437 16.0026 -2.6
      vertex 13.8334 14.2472 -2.6
    endloop
  endfacet
  facet normal -0 0 -1
    outer loop
      vertex 14.2437 16.0026 -2.6
      vertex 13.574 14.3858 -2.6
      vertex 13.634 16.1875 -2.6
    endloop
  endfacet
  facet normal 0 0 -1
    outer loop
      vertex 13.2926 14.4712 -2.6
      vertex 13.634 16.1875 -2.6
      vertex 13.574 14.3858 -2.6
    endloop
  endfacet
  facet normal 0 0 -1
    outer loop
      vertex 13 14.5 -2.6
      vertex 13.634 16.1875 -2.6
      vertex 13.2926 14.4712 -2.6
    endloop
  endfacet
  facet normal 0 0 -1
    outer loop
      vertex 13 14.5 -2.6
      vertex 13 16.25 -2.6
      vertex 13.634 16.1875 -2.6
    endloop
  endfacet
  facet normal 0 0 -1
    outer loop
      vertex 12.7074 14.4712 -2.6
      vertex 13 16.25 -2.6
      vertex 13 14.5 -2.6
    endloop
  endfacet
  facet normal 0 0 -1
    outer loop
      vertex 12.366 16.1875 -2.6
      vertex 12.7074 14.4712 -2.6
      vertex 12.426 14.3858 -2.6
    endloop
  endfacet
  facet normal 0 0 -1
    outer loop
      vertex 12.7074 14.4712 -2.6
      vertex 12.366 16.1875 -2.6
      vertex 13 16.25 -2.6
    endloop
  endfacet
  facet normal 0 0 -1
    outer loop
      vertex 11.7563 16.0026 -2.6
      vertex 12.426 14.3858 -2.6
      vertex 12.1666 14.2472 -2.6
    endloop
  endfacet
  facet normal 0 0 -1
    outer loop
      vertex 11.1944 15.7023 -2.6
      vertex 12.1666 14.2472 -2.6
      vertex 11.9393 14.0607 -2.6
    endloop
  endfacet
  facet normal 0 0 -1
    outer loop
      vertex 12.426 14.3858 -2.6
      vertex 11.7563 16.0026 -2.6
      vertex 12.366 16.1875 -2.6
    endloop
  endfacet
  facet normal 0 0 -1
    outer loop
      vertex 10.7019 15.2981 -2.6
      vertex 11.9393 14.0607 -2.6
      vertex 11.7528 13.8334 -2.6
    endloop
  endfacet
  facet normal 0 0 -1
    outer loop
      vertex 10.2977 14.8056 -2.6
      vertex 11.7528 13.8334 -2.6
      vertex 11.6142 13.574 -2.6
    endloop
  endfacet
  facet normal 0 0 -1
    outer loop
      vertex 9.99739 14.2437 -2.6
      vertex 11.6142 13.574 -2.6
      vertex 11.5288 13.2926 -2.6
    endloop
  endfacet
  facet normal 0 0 -1
    outer loop
      vertex 9.81245 13.634 -2.6
      vertex 11.5288 13.2926 -2.6
      vertex 11.5 13 -2.6
    endloop
  endfacet
  facet normal 0 0 -1
    outer loop
      vertex 9.99739 11.7563 -2.6
      vertex 11.6142 12.426 -2.6
      vertex 10.2977 11.1944 -2.6
    endloop
  endfacet
  facet normal 0 0 -1
    outer loop
      vertex 12.1666 14.2472 -2.6
      vertex 11.1944 15.7023 -2.6
      vertex 11.7563 16.0026 -2.6
    endloop
  endfacet
  facet normal -0 0 -1
    outer loop
      vertex 11.6142 12.426 -2.6
      vertex 9.99739 11.7563 -2.6
      vertex 11.5288 12.7074 -2.6
    endloop
  endfacet
  facet normal 0 0 -1
    outer loop
      vertex 11.9393 14.0607 -2.6
      vertex 10.7019 15.2981 -2.6
      vertex 11.1944 15.7023 -2.6
    endloop
  endfacet
  facet normal 0 0 -1
    outer loop
      vertex 9.81245 12.366 -2.6
      vertex 11.5288 12.7074 -2.6
      vertex 9.99739 11.7563 -2.6
    endloop
  endfacet
  facet normal 0 0 -1
    outer loop
      vertex 11.7528 13.8334 -2.6
      vertex 10.2977 14.8056 -2.6
      vertex 10.7019 15.2981 -2.6
    endloop
  endfacet
  facet normal -0 0 -1
    outer loop
      vertex 11.5288 12.7074 -2.6
      vertex 9.81245 12.366 -2.6
      vertex 11.5 13 -2.6
    endloop
  endfacet
  facet normal 0 0 -1
    outer loop
      vertex 11.6142 13.574 -2.6
      vertex 9.99739 14.2437 -2.6
      vertex 10.2977 14.8056 -2.6
    endloop
  endfacet
  facet normal 0 0 -1
    outer loop
      vertex 9.75 13 -2.6
      vertex 11.5 13 -2.6
      vertex 9.81245 12.366 -2.6
    endloop
  endfacet
  facet normal 0 0 -1
    outer loop
      vertex 11.5288 13.2926 -2.6
      vertex 9.81245 13.634 -2.6
      vertex 9.99739 14.2437 -2.6
    endloop
  endfacet
  facet normal 0 0 -1
    outer loop
      vertex 11.5 13 -2.6
      vertex 9.75 13 -2.6
      vertex 9.81245 13.634 -2.6
    endloop
  endfacet
  facet normal 0 0 -1
    outer loop
      vertex -11.5 13 -2.6
      vertex -9.75 13 -2.6
      vertex -9.81245 12.366 -2.6
    endloop
  endfacet
  facet normal 0 0 -1
    outer loop
      vertex -11.5288 12.7074 -2.6
      vertex -9.81245 12.366 -2.6
      vertex -9.99739 11.7563 -2.6
    endloop
  endfacet
  facet normal 0 0 -1
    outer loop
      vertex -9.75 13 -2.6
      vertex -11.5 13 -2.6
      vertex -9.81245 13.634 -2.6
    endloop
  endfacet
  facet normal 0 0 -1
    outer loop
      vertex -11.6142 12.426 -2.6
      vertex -9.99739 11.7563 -2.6
      vertex -10.2977 11.1944 -2.6
    endloop
  endfacet
  facet normal 0 0 -1
    outer loop
      vertex -11.5288 13.2926 -2.6
      vertex -9.81245 13.634 -2.6
      vertex -11.5 13 -2.6
    endloop
  endfacet
  facet normal 0 0 -1
    outer loop
      vertex -11.7528 12.1666 -2.6
      vertex -10.2977 11.1944 -2.6
      vertex -10.7019 10.7019 -2.6
    endloop
  endfacet
  facet normal -0 0 -1
    outer loop
      vertex -9.81245 13.634 -2.6
      vertex -11.5288 13.2926 -2.6
      vertex -9.99739 14.2437 -2.6
    endloop
  endfacet
  facet normal 0 0 -1
    outer loop
      vertex -11.9393 11.9393 -2.6
      vertex -10.7019 10.7019 -2.6
      vertex -11.1944 10.2977 -2.6
    endloop
  endfacet
  facet normal 0 0 -1
    outer loop
      vertex -11.6142 13.574 -2.6
      vertex -9.99739 14.2437 -2.6
      vertex -11.5288 13.2926 -2.6
    endloop
  endfacet
  facet normal -0 0 -1
    outer loop
      vertex -9.99739 14.2437 -2.6
      vertex -11.6142 13.574 -2.6
      vertex -10.2977 14.8056 -2.6
    endloop
  endfacet
  facet normal 0 0 -1
    outer loop
      vertex -9.81245 12.366 -2.6
      vertex -11.5288 12.7074 -2.6
      vertex -11.5 13 -2.6
    endloop
  endfacet
  facet normal 0 0 -1
    outer loop
      vertex -9.99739 11.7563 -2.6
      vertex -11.6142 12.426 -2.6
      vertex -11.5288 12.7074 -2.6
    endloop
  endfacet
  facet normal 0 0 -1
    outer loop
      vertex -10.2977 11.1944 -2.6
      vertex -11.7528 12.1666 -2.6
      vertex -11.6142 12.426 -2.6
    endloop
  endfacet
  facet normal 0 0 -1
    outer loop
      vertex -12.1666 11.7528 -2.6
      vertex -11.1944 10.2977 -2.6
      vertex -11.7563 9.99739 -2.6
    endloop
  endfacet
  facet normal 0 0 -1
    outer loop
      vertex -10.7019 10.7019 -2.6
      vertex -11.9393 11.9393 -2.6
      vertex -11.7528 12.1666 -2.6
    endloop
  endfacet
  facet normal 0 0 -1
    outer loop
      vertex -11.1944 10.2977 -2.6
      vertex -12.1666 11.7528 -2.6
      vertex -11.9393 11.9393 -2.6
    endloop
  endfacet
  facet normal 0 0 -1
    outer loop
      vertex -12.426 11.6142 -2.6
      vertex -11.7563 9.99739 -2.6
      vertex -12.366 9.81245 -2.6
    endloop
  endfacet
  facet normal 0 0 -1
    outer loop
      vertex -11.7563 9.99739 -2.6
      vertex -12.426 11.6142 -2.6
      vertex -12.1666 11.7528 -2.6
    endloop
  endfacet
  facet normal 0 0 -1
    outer loop
      vertex -12.366 9.81245 -2.6
      vertex -12.7074 11.5288 -2.6
      vertex -12.426 11.6142 -2.6
    endloop
  endfacet
  facet normal 0 0 -1
    outer loop
      vertex -13 9.75 -2.6
      vertex -12.7074 11.5288 -2.6
      vertex -12.366 9.81245 -2.6
    endloop
  endfacet
  facet normal 0 0 -1
    outer loop
      vertex -13 9.75 -2.6
      vertex -13 11.5 -2.6
      vertex -12.7074 11.5288 -2.6
    endloop
  endfacet
  facet normal 0 0 -1
    outer loop
      vertex -13 9.75 -2.6
      vertex -13.2926 11.5288 -2.6
      vertex -13 11.5 -2.6
    endloop
  endfacet
  facet normal 0 0 -1
    outer loop
      vertex -13.634 9.81245 -2.6
      vertex -13.2926 11.5288 -2.6
      vertex -13 9.75 -2.6
    endloop
  endfacet
  facet normal -0 0 -1
    outer loop
      vertex -13.2926 11.5288 -2.6
      vertex -13.634 9.81245 -2.6
      vertex -13.574 11.6142 -2.6
    endloop
  endfacet
  facet normal 0 0 -1
    outer loop
      vertex -14.2437 9.99739 -2.6
      vertex -13.574 11.6142 -2.6
      vertex -13.634 9.81245 -2.6
    endloop
  endfacet
  facet normal -0 0 -1
    outer loop
      vertex -13.574 11.6142 -2.6
      vertex -14.2437 9.99739 -2.6
      vertex -13.8334 11.7528 -2.6
    endloop
  endfacet
  facet normal 0 0 -1
    outer loop
      vertex -14.8056 10.2977 -2.6
      vertex -13.8334 11.7528 -2.6
      vertex -14.2437 9.99739 -2.6
    endloop
  endfacet
  facet normal -0 0 -1
    outer loop
      vertex -13.8334 11.7528 -2.6
      vertex -14.8056 10.2977 -2.6
      vertex -14.0607 11.9393 -2.6
    endloop
  endfacet
  facet normal 0 0 -1
    outer loop
      vertex -15.2981 10.7019 -2.6
      vertex -14.0607 11.9393 -2.6
      vertex -14.8056 10.2977 -2.6
    endloop
  endfacet
  facet normal -0 0 -1
    outer loop
      vertex -14.0607 11.9393 -2.6
      vertex -15.2981 10.7019 -2.6
      vertex -14.2472 12.1666 -2.6
    endloop
  endfacet
  facet normal 0 0 -1
    outer loop
      vertex -15.7023 11.1944 -2.6
      vertex -14.2472 12.1666 -2.6
      vertex -15.2981 10.7019 -2.6
    endloop
  endfacet
  facet normal -0 0 -1
    outer loop
      vertex -14.2472 12.1666 -2.6
      vertex -15.7023 11.1944 -2.6
      vertex -14.3858 12.426 -2.6
    endloop
  endfacet
  facet normal 0 0 -1
    outer loop
      vertex -11.7528 13.8334 -2.6
      vertex -10.2977 14.8056 -2.6
      vertex -11.6142 13.574 -2.6
    endloop
  endfacet
  facet normal -0 0 -1
    outer loop
      vertex -10.2977 14.8056 -2.6
      vertex -11.7528 13.8334 -2.6
      vertex -10.7019 15.2981 -2.6
    endloop
  endfacet
  facet normal 0 0 -1
    outer loop
      vertex -11.9393 14.0607 -2.6
      vertex -10.7019 15.2981 -2.6
      vertex -11.7528 13.8334 -2.6
    endloop
  endfacet
  facet normal -0 0 -1
    outer loop
      vertex -10.7019 15.2981 -2.6
      vertex -11.9393 14.0607 -2.6
      vertex -11.1944 15.7023 -2.6
    endloop
  endfacet
  facet normal 0 0 -1
    outer loop
      vertex -12.1666 14.2472 -2.6
      vertex -11.1944 15.7023 -2.6
      vertex -11.9393 14.0607 -2.6
    endloop
  endfacet
  facet normal -0 0 -1
    outer loop
      vertex -11.1944 15.7023 -2.6
      vertex -12.1666 14.2472 -2.6
      vertex -11.7563 16.0026 -2.6
    endloop
  endfacet
  facet normal 0 0 -1
    outer loop
      vertex -12.426 14.3858 -2.6
      vertex -11.7563 16.0026 -2.6
      vertex -12.1666 14.2472 -2.6
    endloop
  endfacet
  facet normal -0 0 -1
    outer loop
      vertex -11.7563 16.0026 -2.6
      vertex -12.426 14.3858 -2.6
      vertex -12.366 16.1875 -2.6
    endloop
  endfacet
  facet normal 0 0 -1
    outer loop
      vertex -12.7074 14.4712 -2.6
      vertex -12.366 16.1875 -2.6
      vertex -12.426 14.3858 -2.6
    endloop
  endfacet
  facet normal 0 0 -1
    outer loop
      vertex -13 14.5 -2.6
      vertex -12.366 16.1875 -2.6
      vertex -12.7074 14.4712 -2.6
    endloop
  endfacet
  facet normal 0 0 -1
    outer loop
      vertex -13 14.5 -2.6
      vertex -13 16.25 -2.6
      vertex -12.366 16.1875 -2.6
    endloop
  endfacet
  facet normal 0 0 -1
    outer loop
      vertex -13.2926 14.4712 -2.6
      vertex -13 16.25 -2.6
      vertex -13 14.5 -2.6
    endloop
  endfacet
  facet normal 0 0 -1
    outer loop
      vertex -13.634 16.1875 -2.6
      vertex -13.2926 14.4712 -2.6
      vertex -13.574 14.3858 -2.6
    endloop
  endfacet
  facet normal 0 0 -1
    outer loop
      vertex -13.2926 14.4712 -2.6
      vertex -13.634 16.1875 -2.6
      vertex -13 16.25 -2.6
    endloop
  endfacet
  facet normal 0 0 -1
    outer loop
      vertex -14.2437 16.0026 -2.6
      vertex -13.574 14.3858 -2.6
      vertex -13.8334 14.2472 -2.6
    endloop
  endfacet
  facet normal 0 0 -1
    outer loop
      vertex -14.8056 15.7023 -2.6
      vertex -13.8334 14.2472 -2.6
      vertex -14.0607 14.0607 -2.6
    endloop
  endfacet
  facet normal 0 0 -1
    outer loop
      vertex -13.574 14.3858 -2.6
      vertex -14.2437 16.0026 -2.6
      vertex -13.634 16.1875 -2.6
    endloop
  endfacet
  facet normal 0 0 -1
    outer loop
      vertex -15.2981 15.2981 -2.6
      vertex -14.0607 14.0607 -2.6
      vertex -14.2472 13.8334 -2.6
    endloop
  endfacet
  facet normal 0 0 -1
    outer loop
      vertex -15.7023 14.8056 -2.6
      vertex -14.2472 13.8334 -2.6
      vertex -14.3858 13.574 -2.6
    endloop
  endfacet
  facet normal 0 0 -1
    outer loop
      vertex -16.0026 14.2437 -2.6
      vertex -14.3858 13.574 -2.6
      vertex -14.4712 13.2926 -2.6
    endloop
  endfacet
  facet normal 0 0 -1
    outer loop
      vertex -16.1875 13.634 -2.6
      vertex -14.4712 13.2926 -2.6
      vertex -14.5 13 -2.6
    endloop
  endfacet
  facet normal 0 0 -1
    outer loop
      vertex -16.0026 11.7563 -2.6
      vertex -14.3858 12.426 -2.6
      vertex -15.7023 11.1944 -2.6
    endloop
  endfacet
  facet normal 0 0 -1
    outer loop
      vertex -13.8334 14.2472 -2.6
      vertex -14.8056 15.7023 -2.6
      vertex -14.2437 16.0026 -2.6
    endloop
  endfacet
  facet normal -0 0 -1
    outer loop
      vertex -14.3858 12.426 -2.6
      vertex -16.0026 11.7563 -2.6
      vertex -14.4712 12.7074 -2.6
    endloop
  endfacet
  facet normal 0 0 -1
    outer loop
      vertex -14.0607 14.0607 -2.6
      vertex -15.2981 15.2981 -2.6
      vertex -14.8056 15.7023 -2.6
    endloop
  endfacet
  facet normal 0 0 -1
    outer loop
      vertex -16.1875 12.366 -2.6
      vertex -14.4712 12.7074 -2.6
      vertex -16.0026 11.7563 -2.6
    endloop
  endfacet
  facet normal 0 0 -1
    outer loop
      vertex -14.2472 13.8334 -2.6
      vertex -15.7023 14.8056 -2.6
      vertex -15.2981 15.2981 -2.6
    endloop
  endfacet
  facet normal -0 0 -1
    outer loop
      vertex -14.4712 12.7074 -2.6
      vertex -16.1875 12.366 -2.6
      vertex -14.5 13 -2.6
    endloop
  endfacet
  facet normal 0 0 -1
    outer loop
      vertex -14.3858 13.574 -2.6
      vertex -16.0026 14.2437 -2.6
      vertex -15.7023 14.8056 -2.6
    endloop
  endfacet
  facet normal 0 0 -1
    outer loop
      vertex -16.25 13 -2.6
      vertex -14.5 13 -2.6
      vertex -16.1875 12.366 -2.6
    endloop
  endfacet
  facet normal 0 0 -1
    outer loop
      vertex -14.4712 13.2926 -2.6
      vertex -16.1875 13.634 -2.6
      vertex -16.0026 14.2437 -2.6
    endloop
  endfacet
  facet normal 0 0 -1
    outer loop
      vertex -14.5 13 -2.6
      vertex -16.25 13 -2.6
      vertex -16.1875 13.634 -2.6
    endloop
  endfacet
  facet normal 0 0 -1
    outer loop
      vertex 14.5 -13 -2.6
      vertex 16.25 -13 -2.6
      vertex 16.1875 -13.634 -2.6
    endloop
  endfacet
  facet normal 0 0 -1
    outer loop
      vertex 14.4712 -13.2926 -2.6
      vertex 16.1875 -13.634 -2.6
      vertex 16.0026 -14.2437 -2.6
    endloop
  endfacet
  facet normal 0 0 -1
    outer loop
      vertex 16.25 -13 -2.6
      vertex 14.5 -13 -2.6
      vertex 16.1875 -12.366 -2.6
    endloop
  endfacet
  facet normal 0 0 -1
    outer loop
      vertex 14.3858 -13.574 -2.6
      vertex 16.0026 -14.2437 -2.6
      vertex 15.7023 -14.8056 -2.6
    endloop
  endfacet
  facet normal 0 0 -1
    outer loop
      vertex 14.4712 -12.7074 -2.6
      vertex 16.1875 -12.366 -2.6
      vertex 14.5 -13 -2.6
    endloop
  endfacet
  facet normal 0 0 -1
    outer loop
      vertex 14.2472 -13.8334 -2.6
      vertex 15.7023 -14.8056 -2.6
      vertex 15.2981 -15.2981 -2.6
    endloop
  endfacet
  facet normal -0 0 -1
    outer loop
      vertex 16.1875 -12.366 -2.6
      vertex 14.4712 -12.7074 -2.6
      vertex 16.0026 -11.7563 -2.6
    endloop
  endfacet
  facet normal 0 0 -1
    outer loop
      vertex 14.0607 -14.0607 -2.6
      vertex 15.2981 -15.2981 -2.6
      vertex 14.8056 -15.7023 -2.6
    endloop
  endfacet
  facet normal 0 0 -1
    outer loop
      vertex 14.3858 -12.426 -2.6
      vertex 16.0026 -11.7563 -2.6
      vertex 14.4712 -12.7074 -2.6
    endloop
  endfacet
  facet normal -0 0 -1
    outer loop
      vertex 16.0026 -11.7563 -2.6
      vertex 14.3858 -12.426 -2.6
      vertex 15.7023 -11.1944 -2.6
    endloop
  endfacet
  facet normal 0 0 -1
    outer loop
      vertex 16.1875 -13.634 -2.6
      vertex 14.4712 -13.2926 -2.6
      vertex 14.5 -13 -2.6
    endloop
  endfacet
  facet normal 0 0 -1
    outer loop
      vertex 16.0026 -14.2437 -2.6
      vertex 14.3858 -13.574 -2.6
      vertex 14.4712 -13.2926 -2.6
    endloop
  endfacet
  facet normal 0 0 -1
    outer loop
      vertex 15.7023 -14.8056 -2.6
      vertex 14.2472 -13.8334 -2.6
      vertex 14.3858 -13.574 -2.6
    endloop
  endfacet
  facet normal 0 0 -1
    outer loop
      vertex 13.8334 -14.2472 -2.6
      vertex 14.8056 -15.7023 -2.6
      vertex 14.2437 -16.0026 -2.6
    endloop
  endfacet
  facet normal 0 0 -1
    outer loop
      vertex 15.2981 -15.2981 -2.6
      vertex 14.0607 -14.0607 -2.6
      vertex 14.2472 -13.8334 -2.6
    endloop
  endfacet
  facet normal 0 0 -1
    outer loop
      vertex 14.8056 -15.7023 -2.6
      vertex 13.8334 -14.2472 -2.6
      vertex 14.0607 -14.0607 -2.6
    endloop
  endfacet
  facet normal 0 0 -1
    outer loop
      vertex 13.574 -14.3858 -2.6
      vertex 14.2437 -16.0026 -2.6
      vertex 13.634 -16.1875 -2.6
    endloop
  endfacet
  facet normal 0 0 -1
    outer loop
      vertex 14.2437 -16.0026 -2.6
      vertex 13.574 -14.3858 -2.6
      vertex 13.8334 -14.2472 -2.6
    endloop
  endfacet
  facet normal 0 0 -1
    outer loop
      vertex 13.634 -16.1875 -2.6
      vertex 13.2926 -14.4712 -2.6
      vertex 13.574 -14.3858 -2.6
    endloop
  endfacet
  facet normal 0 0 -1
    outer loop
      vertex 13 -16.25 -2.6
      vertex 13.2926 -14.4712 -2.6
      vertex 13.634 -16.1875 -2.6
    endloop
  endfacet
  facet normal 0 0 -1
    outer loop
      vertex 13 -16.25 -2.6
      vertex 13 -14.5 -2.6
      vertex 13.2926 -14.4712 -2.6
    endloop
  endfacet
  facet normal 0 0 -1
    outer loop
      vertex 13 -16.25 -2.6
      vertex 12.7074 -14.4712 -2.6
      vertex 13 -14.5 -2.6
    endloop
  endfacet
  facet normal 0 0 -1
    outer loop
      vertex 12.366 -16.1875 -2.6
      vertex 12.7074 -14.4712 -2.6
      vertex 13 -16.25 -2.6
    endloop
  endfacet
  facet normal -0 0 -1
    outer loop
      vertex 12.7074 -14.4712 -2.6
      vertex 12.366 -16.1875 -2.6
      vertex 12.426 -14.3858 -2.6
    endloop
  endfacet
  facet normal 0 0 -1
    outer loop
      vertex 11.7563 -16.0026 -2.6
      vertex 12.426 -14.3858 -2.6
      vertex 12.366 -16.1875 -2.6
    endloop
  endfacet
  facet normal -0 0 -1
    outer loop
      vertex 12.426 -14.3858 -2.6
      vertex 11.7563 -16.0026 -2.6
      vertex 12.1666 -14.2472 -2.6
    endloop
  endfacet
  facet normal 0 0 -1
    outer loop
      vertex 11.1944 -15.7023 -2.6
      vertex 12.1666 -14.2472 -2.6
      vertex 11.7563 -16.0026 -2.6
    endloop
  endfacet
  facet normal -0 0 -1
    outer loop
      vertex 12.1666 -14.2472 -2.6
      vertex 11.1944 -15.7023 -2.6
      vertex 11.9393 -14.0607 -2.6
    endloop
  endfacet
  facet normal 0 0 -1
    outer loop
      vertex 10.7019 -15.2981 -2.6
      vertex 11.9393 -14.0607 -2.6
      vertex 11.1944 -15.7023 -2.6
    endloop
  endfacet
  facet normal -0 0 -1
    outer loop
      vertex 11.9393 -14.0607 -2.6
      vertex 10.7019 -15.2981 -2.6
      vertex 11.7528 -13.8334 -2.6
    endloop
  endfacet
  facet normal 0 0 -1
    outer loop
      vertex 10.2977 -14.8056 -2.6
      vertex 11.7528 -13.8334 -2.6
      vertex 10.7019 -15.2981 -2.6
    endloop
  endfacet
  facet normal -0 0 -1
    outer loop
      vertex 11.7528 -13.8334 -2.6
      vertex 10.2977 -14.8056 -2.6
      vertex 11.6142 -13.574 -2.6
    endloop
  endfacet
  facet normal 0 0 -1
    outer loop
      vertex 14.2472 -12.1666 -2.6
      vertex 15.7023 -11.1944 -2.6
      vertex 14.3858 -12.426 -2.6
    endloop
  endfacet
  facet normal -0 0 -1
    outer loop
      vertex 15.7023 -11.1944 -2.6
      vertex 14.2472 -12.1666 -2.6
      vertex 15.2981 -10.7019 -2.6
    endloop
  endfacet
  facet normal 0 0 -1
    outer loop
      vertex 14.0607 -11.9393 -2.6
      vertex 15.2981 -10.7019 -2.6
      vertex 14.2472 -12.1666 -2.6
    endloop
  endfacet
  facet normal -0 0 -1
    outer loop
      vertex 15.2981 -10.7019 -2.6
      vertex 14.0607 -11.9393 -2.6
      vertex 14.8056 -10.2977 -2.6
    endloop
  endfacet
  facet normal 0 0 -1
    outer loop
      vertex 13.8334 -11.7528 -2.6
      vertex 14.8056 -10.2977 -2.6
      vertex 14.0607 -11.9393 -2.6
    endloop
  endfacet
  facet normal -0 0 -1
    outer loop
      vertex 14.8056 -10.2977 -2.6
      vertex 13.8334 -11.7528 -2.6
      vertex 14.2437 -9.99739 -2.6
    endloop
  endfacet
  facet normal 0 0 -1
    outer loop
      vertex 13.574 -11.6142 -2.6
      vertex 14.2437 -9.99739 -2.6
      vertex 13.8334 -11.7528 -2.6
    endloop
  endfacet
  facet normal -0 0 -1
    outer loop
      vertex 14.2437 -9.99739 -2.6
      vertex 13.574 -11.6142 -2.6
      vertex 13.634 -9.81245 -2.6
    endloop
  endfacet
  facet normal 0 0 -1
    outer loop
      vertex 13.2926 -11.5288 -2.6
      vertex 13.634 -9.81245 -2.6
      vertex 13.574 -11.6142 -2.6
    endloop
  endfacet
  facet normal 0 0 -1
    outer loop
      vertex 13 -11.5 -2.6
      vertex 13.634 -9.81245 -2.6
      vertex 13.2926 -11.5288 -2.6
    endloop
  endfacet
  facet normal 0 0 -1
    outer loop
      vertex 13 -11.5 -2.6
      vertex 13 -9.75 -2.6
      vertex 13.634 -9.81245 -2.6
    endloop
  endfacet
  facet normal 0 0 -1
    outer loop
      vertex 12.7074 -11.5288 -2.6
      vertex 13 -9.75 -2.6
      vertex 13 -11.5 -2.6
    endloop
  endfacet
  facet normal 0 0 -1
    outer loop
      vertex 12.366 -9.81245 -2.6
      vertex 12.7074 -11.5288 -2.6
      vertex 12.426 -11.6142 -2.6
    endloop
  endfacet
  facet normal 0 0 -1
    outer loop
      vertex 12.7074 -11.5288 -2.6
      vertex 12.366 -9.81245 -2.6
      vertex 13 -9.75 -2.6
    endloop
  endfacet
  facet normal 0 0 -1
    outer loop
      vertex 11.7563 -9.99739 -2.6
      vertex 12.426 -11.6142 -2.6
      vertex 12.1666 -11.7528 -2.6
    endloop
  endfacet
  facet normal 0 0 -1
    outer loop
      vertex 11.1944 -10.2977 -2.6
      vertex 12.1666 -11.7528 -2.6
      vertex 11.9393 -11.9393 -2.6
    endloop
  endfacet
  facet normal 0 0 -1
    outer loop
      vertex 12.426 -11.6142 -2.6
      vertex 11.7563 -9.99739 -2.6
      vertex 12.366 -9.81245 -2.6
    endloop
  endfacet
  facet normal 0 0 -1
    outer loop
      vertex 10.7019 -10.7019 -2.6
      vertex 11.9393 -11.9393 -2.6
      vertex 11.7528 -12.1666 -2.6
    endloop
  endfacet
  facet normal 0 0 -1
    outer loop
      vertex 10.2977 -11.1944 -2.6
      vertex 11.7528 -12.1666 -2.6
      vertex 11.6142 -12.426 -2.6
    endloop
  endfacet
  facet normal 0 0 -1
    outer loop
      vertex 9.99739 -11.7563 -2.6
      vertex 11.6142 -12.426 -2.6
      vertex 11.5288 -12.7074 -2.6
    endloop
  endfacet
  facet normal 0 0 -1
    outer loop
      vertex 9.81245 -12.366 -2.6
      vertex 11.5288 -12.7074 -2.6
      vertex 11.5 -13 -2.6
    endloop
  endfacet
  facet normal 0 0 -1
    outer loop
      vertex 9.99739 -14.2437 -2.6
      vertex 11.6142 -13.574 -2.6
      vertex 10.2977 -14.8056 -2.6
    endloop
  endfacet
  facet normal 0 0 -1
    outer loop
      vertex 12.1666 -11.7528 -2.6
      vertex 11.1944 -10.2977 -2.6
      vertex 11.7563 -9.99739 -2.6
    endloop
  endfacet
  facet normal -0 0 -1
    outer loop
      vertex 11.6142 -13.574 -2.6
      vertex 9.99739 -14.2437 -2.6
      vertex 11.5288 -13.2926 -2.6
    endloop
  endfacet
  facet normal 0 0 -1
    outer loop
      vertex 11.9393 -11.9393 -2.6
      vertex 10.7019 -10.7019 -2.6
      vertex 11.1944 -10.2977 -2.6
    endloop
  endfacet
  facet normal 0 0 -1
    outer loop
      vertex 9.81245 -13.634 -2.6
      vertex 11.5288 -13.2926 -2.6
      vertex 9.99739 -14.2437 -2.6
    endloop
  endfacet
  facet normal 0 0 -1
    outer loop
      vertex 11.7528 -12.1666 -2.6
      vertex 10.2977 -11.1944 -2.6
      vertex 10.7019 -10.7019 -2.6
    endloop
  endfacet
  facet normal -0 0 -1
    outer loop
      vertex 11.5288 -13.2926 -2.6
      vertex 9.81245 -13.634 -2.6
      vertex 11.5 -13 -2.6
    endloop
  endfacet
  facet normal 0 0 -1
    outer loop
      vertex 11.6142 -12.426 -2.6
      vertex 9.99739 -11.7563 -2.6
      vertex 10.2977 -11.1944 -2.6
    endloop
  endfacet
  facet normal 0 0 -1
    outer loop
      vertex 9.75 -13 -2.6
      vertex 11.5 -13 -2.6
      vertex 9.81245 -13.634 -2.6
    endloop
  endfacet
  facet normal 0 0 -1
    outer loop
      vertex 11.5288 -12.7074 -2.6
      vertex 9.81245 -12.366 -2.6
      vertex 9.99739 -11.7563 -2.6
    endloop
  endfacet
  facet normal 0 0 -1
    outer loop
      vertex 11.5 -13 -2.6
      vertex 9.75 -13 -2.6
      vertex 9.81245 -12.366 -2.6
    endloop
  endfacet
  facet normal 0 0 -1
    outer loop
      vertex -11.5 -13 -2.6
      vertex -9.75 -13 -2.6
      vertex -9.81245 -13.634 -2.6
    endloop
  endfacet
  facet normal 0 0 -1
    outer loop
      vertex -11.5288 -13.2926 -2.6
      vertex -9.81245 -13.634 -2.6
      vertex -9.99739 -14.2437 -2.6
    endloop
  endfacet
  facet normal 0 0 -1
    outer loop
      vertex -9.75 -13 -2.6
      vertex -11.5 -13 -2.6
      vertex -9.81245 -12.366 -2.6
    endloop
  endfacet
  facet normal 0 0 -1
    outer loop
      vertex -11.6142 -13.574 -2.6
      vertex -9.99739 -14.2437 -2.6
      vertex -10.2977 -14.8056 -2.6
    endloop
  endfacet
  facet normal 0 0 -1
    outer loop
      vertex -11.5288 -12.7074 -2.6
      vertex -9.81245 -12.366 -2.6
      vertex -11.5 -13 -2.6
    endloop
  endfacet
  facet normal 0 0 -1
    outer loop
      vertex -11.7528 -13.8334 -2.6
      vertex -10.2977 -14.8056 -2.6
      vertex -10.7019 -15.2981 -2.6
    endloop
  endfacet
  facet normal -0 0 -1
    outer loop
      vertex -9.81245 -12.366 -2.6
      vertex -11.5288 -12.7074 -2.6
      vertex -9.99739 -11.7563 -2.6
    endloop
  endfacet
  facet normal 0 0 -1
    outer loop
      vertex -11.9393 -14.0607 -2.6
      vertex -10.7019 -15.2981 -2.6
      vertex -11.1944 -15.7023 -2.6
    endloop
  endfacet
  facet normal 0 0 -1
    outer loop
      vertex -11.6142 -12.426 -2.6
      vertex -9.99739 -11.7563 -2.6
      vertex -11.5288 -12.7074 -2.6
    endloop
  endfacet
  facet normal -0 0 -1
    outer loop
      vertex -9.99739 -11.7563 -2.6
      vertex -11.6142 -12.426 -2.6
      vertex -10.2977 -11.1944 -2.6
    endloop
  endfacet
  facet normal 0 0 -1
    outer loop
      vertex -9.81245 -13.634 -2.6
      vertex -11.5288 -13.2926 -2.6
      vertex -11.5 -13 -2.6
    endloop
  endfacet
  facet normal 0 0 -1
    outer loop
      vertex -9.99739 -14.2437 -2.6
      vertex -11.6142 -13.574 -2.6
      vertex -11.5288 -13.2926 -2.6
    endloop
  endfacet
  facet normal 0 0 -1
    outer loop
      vertex -10.2977 -14.8056 -2.6
      vertex -11.7528 -13.8334 -2.6
      vertex -11.6142 -13.574 -2.6
    endloop
  endfacet
  facet normal 0 0 -1
    outer loop
      vertex -12.1666 -14.2472 -2.6
      vertex -11.1944 -15.7023 -2.6
      vertex -11.7563 -16.0026 -2.6
    endloop
  endfacet
  facet normal 0 0 -1
    outer loop
      vertex -10.7019 -15.2981 -2.6
      vertex -11.9393 -14.0607 -2.6
      vertex -11.7528 -13.8334 -2.6
    endloop
  endfacet
  facet normal 0 0 -1
    outer loop
      vertex -11.1944 -15.7023 -2.6
      vertex -12.1666 -14.2472 -2.6
      vertex -11.9393 -14.0607 -2.6
    endloop
  endfacet
  facet normal 0 0 -1
    outer loop
      vertex -12.426 -14.3858 -2.6
      vertex -11.7563 -16.0026 -2.6
      vertex -12.366 -16.1875 -2.6
    endloop
  endfacet
  facet normal 0 0 -1
    outer loop
      vertex -11.7563 -16.0026 -2.6
      vertex -12.426 -14.3858 -2.6
      vertex -12.1666 -14.2472 -2.6
    endloop
  endfacet
  facet normal 0 0 -1
    outer loop
      vertex -12.366 -16.1875 -2.6
      vertex -12.7074 -14.4712 -2.6
      vertex -12.426 -14.3858 -2.6
    endloop
  endfacet
  facet normal 0 0 -1
    outer loop
      vertex -13 -16.25 -2.6
      vertex -12.7074 -14.4712 -2.6
      vertex -12.366 -16.1875 -2.6
    endloop
  endfacet
  facet normal 0 0 -1
    outer loop
      vertex -13 -16.25 -2.6
      vertex -13 -14.5 -2.6
      vertex -12.7074 -14.4712 -2.6
    endloop
  endfacet
  facet normal 0 0 -1
    outer loop
      vertex -13 -16.25 -2.6
      vertex -13.2926 -14.4712 -2.6
      vertex -13 -14.5 -2.6
    endloop
  endfacet
  facet normal 0 0 -1
    outer loop
      vertex -13.634 -16.1875 -2.6
      vertex -13.2926 -14.4712 -2.6
      vertex -13 -16.25 -2.6
    endloop
  endfacet
  facet normal -0 0 -1
    outer loop
      vertex -13.2926 -14.4712 -2.6
      vertex -13.634 -16.1875 -2.6
      vertex -13.574 -14.3858 -2.6
    endloop
  endfacet
  facet normal 0 0 -1
    outer loop
      vertex -14.2437 -16.0026 -2.6
      vertex -13.574 -14.3858 -2.6
      vertex -13.634 -16.1875 -2.6
    endloop
  endfacet
  facet normal -0 0 -1
    outer loop
      vertex -13.574 -14.3858 -2.6
      vertex -14.2437 -16.0026 -2.6
      vertex -13.8334 -14.2472 -2.6
    endloop
  endfacet
  facet normal 0 0 -1
    outer loop
      vertex -14.8056 -15.7023 -2.6
      vertex -13.8334 -14.2472 -2.6
      vertex -14.2437 -16.0026 -2.6
    endloop
  endfacet
  facet normal -0 0 -1
    outer loop
      vertex -13.8334 -14.2472 -2.6
      vertex -14.8056 -15.7023 -2.6
      vertex -14.0607 -14.0607 -2.6
    endloop
  endfacet
  facet normal 0 0 -1
    outer loop
      vertex -15.2981 -15.2981 -2.6
      vertex -14.0607 -14.0607 -2.6
      vertex -14.8056 -15.7023 -2.6
    endloop
  endfacet
  facet normal -0 0 -1
    outer loop
      vertex -14.0607 -14.0607 -2.6
      vertex -15.2981 -15.2981 -2.6
      vertex -14.2472 -13.8334 -2.6
    endloop
  endfacet
  facet normal 0 0 -1
    outer loop
      vertex -15.7023 -14.8056 -2.6
      vertex -14.2472 -13.8334 -2.6
      vertex -15.2981 -15.2981 -2.6
    endloop
  endfacet
  facet normal -0 0 -1
    outer loop
      vertex -14.2472 -13.8334 -2.6
      vertex -15.7023 -14.8056 -2.6
      vertex -14.3858 -13.574 -2.6
    endloop
  endfacet
  facet normal 0 0 -1
    outer loop
      vertex -11.7528 -12.1666 -2.6
      vertex -10.2977 -11.1944 -2.6
      vertex -11.6142 -12.426 -2.6
    endloop
  endfacet
  facet normal -0 0 -1
    outer loop
      vertex -10.2977 -11.1944 -2.6
      vertex -11.7528 -12.1666 -2.6
      vertex -10.7019 -10.7019 -2.6
    endloop
  endfacet
  facet normal 0 0 -1
    outer loop
      vertex -11.9393 -11.9393 -2.6
      vertex -10.7019 -10.7019 -2.6
      vertex -11.7528 -12.1666 -2.6
    endloop
  endfacet
  facet normal -0 0 -1
    outer loop
      vertex -10.7019 -10.7019 -2.6
      vertex -11.9393 -11.9393 -2.6
      vertex -11.1944 -10.2977 -2.6
    endloop
  endfacet
  facet normal 0 0 -1
    outer loop
      vertex -12.1666 -11.7528 -2.6
      vertex -11.1944 -10.2977 -2.6
      vertex -11.9393 -11.9393 -2.6
    endloop
  endfacet
  facet normal -0 0 -1
    outer loop
      vertex -11.1944 -10.2977 -2.6
      vertex -12.1666 -11.7528 -2.6
      vertex -11.7563 -9.99739 -2.6
    endloop
  endfacet
  facet normal 0 0 -1
    outer loop
      vertex -12.426 -11.6142 -2.6
      vertex -11.7563 -9.99739 -2.6
      vertex -12.1666 -11.7528 -2.6
    endloop
  endfacet
  facet normal -0 0 -1
    outer loop
      vertex -11.7563 -9.99739 -2.6
      vertex -12.426 -11.6142 -2.6
      vertex -12.366 -9.81245 -2.6
    endloop
  endfacet
  facet normal 0 0 -1
    outer loop
      vertex -12.7074 -11.5288 -2.6
      vertex -12.366 -9.81245 -2.6
      vertex -12.426 -11.6142 -2.6
    endloop
  endfacet
  facet normal 0 0 -1
    outer loop
      vertex -13 -11.5 -2.6
      vertex -12.366 -9.81245 -2.6
      vertex -12.7074 -11.5288 -2.6
    endloop
  endfacet
  facet normal 0 0 -1
    outer loop
      vertex -13 -11.5 -2.6
      vertex -13 -9.75 -2.6
      vertex -12.366 -9.81245 -2.6
    endloop
  endfacet
  facet normal 0 0 -1
    outer loop
      vertex -13.2926 -11.5288 -2.6
      vertex -13 -9.75 -2.6
      vertex -13 -11.5 -2.6
    endloop
  endfacet
  facet normal 0 0 -1
    outer loop
      vertex -13.634 -9.81245 -2.6
      vertex -13.2926 -11.5288 -2.6
      vertex -13.574 -11.6142 -2.6
    endloop
  endfacet
  facet normal 0 0 -1
    outer loop
      vertex -13.2926 -11.5288 -2.6
      vertex -13.634 -9.81245 -2.6
      vertex -13 -9.75 -2.6
    endloop
  endfacet
  facet normal 0 0 -1
    outer loop
      vertex -14.2437 -9.99739 -2.6
      vertex -13.574 -11.6142 -2.6
      vertex -13.8334 -11.7528 -2.6
    endloop
  endfacet
  facet normal 0 0 -1
    outer loop
      vertex -14.8056 -10.2977 -2.6
      vertex -13.8334 -11.7528 -2.6
      vertex -14.0607 -11.9393 -2.6
    endloop
  endfacet
  facet normal 0 0 -1
    outer loop
      vertex -13.574 -11.6142 -2.6
      vertex -14.2437 -9.99739 -2.6
      vertex -13.634 -9.81245 -2.6
    endloop
  endfacet
  facet normal 0 0 -1
    outer loop
      vertex -15.2981 -10.7019 -2.6
      vertex -14.0607 -11.9393 -2.6
      vertex -14.2472 -12.1666 -2.6
    endloop
  endfacet
  facet normal 0 0 -1
    outer loop
      vertex -15.7023 -11.1944 -2.6
      vertex -14.2472 -12.1666 -2.6
      vertex -14.3858 -12.426 -2.6
    endloop
  endfacet
  facet normal 0 0 -1
    outer loop
      vertex -16.0026 -11.7563 -2.6
      vertex -14.3858 -12.426 -2.6
      vertex -14.4712 -12.7074 -2.6
    endloop
  endfacet
  facet normal 0 0 -1
    outer loop
      vertex -16.1875 -12.366 -2.6
      vertex -14.4712 -12.7074 -2.6
      vertex -14.5 -13 -2.6
    endloop
  endfacet
  facet normal 0 0 -1
    outer loop
      vertex -16.0026 -14.2437 -2.6
      vertex -14.3858 -13.574 -2.6
      vertex -15.7023 -14.8056 -2.6
    endloop
  endfacet
  facet normal 0 0 -1
    outer loop
      vertex -13.8334 -11.7528 -2.6
      vertex -14.8056 -10.2977 -2.6
      vertex -14.2437 -9.99739 -2.6
    endloop
  endfacet
  facet normal -0 0 -1
    outer loop
      vertex -14.3858 -13.574 -2.6
      vertex -16.0026 -14.2437 -2.6
      vertex -14.4712 -13.2926 -2.6
    endloop
  endfacet
  facet normal 0 0 -1
    outer loop
      vertex -14.0607 -11.9393 -2.6
      vertex -15.2981 -10.7019 -2.6
      vertex -14.8056 -10.2977 -2.6
    endloop
  endfacet
  facet normal 0 0 -1
    outer loop
      vertex -16.1875 -13.634 -2.6
      vertex -14.4712 -13.2926 -2.6
      vertex -16.0026 -14.2437 -2.6
    endloop
  endfacet
  facet normal 0 0 -1
    outer loop
      vertex -14.2472 -12.1666 -2.6
      vertex -15.7023 -11.1944 -2.6
      vertex -15.2981 -10.7019 -2.6
    endloop
  endfacet
  facet normal -0 0 -1
    outer loop
      vertex -14.4712 -13.2926 -2.6
      vertex -16.1875 -13.634 -2.6
      vertex -14.5 -13 -2.6
    endloop
  endfacet
  facet normal 0 0 -1
    outer loop
      vertex -14.3858 -12.426 -2.6
      vertex -16.0026 -11.7563 -2.6
      vertex -15.7023 -11.1944 -2.6
    endloop
  endfacet
  facet normal 0 0 -1
    outer loop
      vertex -16.25 -13 -2.6
      vertex -14.5 -13 -2.6
      vertex -16.1875 -13.634 -2.6
    endloop
  endfacet
  facet normal 0 0 -1
    outer loop
      vertex -14.4712 -12.7074 -2.6
      vertex -16.1875 -12.366 -2.6
      vertex -16.0026 -11.7563 -2.6
    endloop
  endfacet
  facet normal 0 0 -1
    outer loop
      vertex -14.5 -13 -2.6
      vertex -16.25 -13 -2.6
      vertex -16.1875 -12.366 -2.6
    endloop
  endfacet
  facet normal 0 0 1
    outer loop
      vertex -16.8263 -17.3801 22.95
      vertex -16.75 -17.75 22.95
      vertex -16.5 -17.5981 22.95
    endloop
  endfacet
  facet normal 0 0 1
    outer loop
      vertex -17.6531 -17.75 22.95
      vertex -16.8263 -17.3801 22.95
      vertex -17.1213 -17.1213 22.95
    endloop
  endfacet
  facet normal 0 0 1
    outer loop
      vertex -17.8745 -17.5014 22.95
      vertex -17.1213 -17.1213 22.95
      vertex -17.3801 -16.8263 22.95
    endloop
  endfacet
  facet normal 0 0 1
    outer loop
      vertex -16.8263 -17.3801 22.95
      vertex -17.6531 -17.75 22.95
      vertex -16.75 -17.75 22.95
    endloop
  endfacet
  facet normal -0 0 1
    outer loop
      vertex -18.1024 -16.75 22.95
      vertex -17.3801 -16.8263 22.95
      vertex -17.5981 -16.5 22.95
    endloop
  endfacet
  facet normal 0 0 1
    outer loop
      vertex -17.1213 -17.1213 22.95
      vertex -17.7063 -17.7063 22.95
      vertex -17.6531 -17.75 22.95
    endloop
  endfacet
  facet normal 0 0 1
    outer loop
      vertex -18.1024 -16.75 22.95
      vertex -17.5981 -16.5 22.95
      vertex -17.7716 -16.148 22.95
    endloop
  endfacet
  facet normal 0 0 1
    outer loop
      vertex -17.1213 -17.1213 22.95
      vertex -17.8745 -17.5014 22.95
      vertex -17.7063 -17.7063 22.95
    endloop
  endfacet
  facet normal 0 0 1
    outer loop
      vertex -18.1024 -16.75 22.95
      vertex -17.7716 -16.148 22.95
      vertex -17.8978 -15.7764 22.95
    endloop
  endfacet
  facet normal 0 0 1
    outer loop
      vertex -18.1024 -16.75 22.95
      vertex -17.8978 -15.7764 22.95
      vertex -17.9743 -15.3916 22.95
    endloop
  endfacet
  facet normal 0 0 1
    outer loop
      vertex -17.3801 -16.8263 22.95
      vertex -18.1024 -16.75 22.95
      vertex -18.0765 -17.0138 22.95
    endloop
  endfacet
  facet normal 0 0 1
    outer loop
      vertex -18.1024 -16.75 22.95
      vertex -17.9743 -15.3916 22.95
      vertex -18 -15 22.95
    endloop
  endfacet
  facet normal 0 0 1
    outer loop
      vertex -18 15 22.95
      vertex -18.1024 16.75 22.95
      vertex -18 -15 22.95
    endloop
  endfacet
  facet normal 0 0 1
    outer loop
      vertex -18.1024 -16.75 22.95
      vertex -18 -15 22.95
      vertex -18.1024 16.75 22.95
    endloop
  endfacet
  facet normal 0 0 1
    outer loop
      vertex -17.3801 -16.8263 22.95
      vertex -17.9995 -17.2676 22.95
      vertex -17.8745 -17.5014 22.95
    endloop
  endfacet
  facet normal 0 0 1
    outer loop
      vertex -17.3801 -16.8263 22.95
      vertex -18.0765 -17.0138 22.95
      vertex -17.9995 -17.2676 22.95
    endloop
  endfacet
  facet normal 0 0 1
    outer loop
      vertex 16.75 18.1024 22.95
      vertex 16.5 17.5981 22.95
      vertex 16.75 17.75 22.95
    endloop
  endfacet
  facet normal 0 0 1
    outer loop
      vertex 16.75 18.1024 22.95
      vertex 16.148 17.7716 22.95
      vertex 16.5 17.5981 22.95
    endloop
  endfacet
  facet normal 0 0 1
    outer loop
      vertex 16.75 18.1024 22.95
      vertex 15.7764 17.8978 22.95
      vertex 16.148 17.7716 22.95
    endloop
  endfacet
  facet normal 0 0 1
    outer loop
      vertex 16.75 18.1024 22.95
      vertex 15.3916 17.9743 22.95
      vertex 15.7764 17.8978 22.95
    endloop
  endfacet
  facet normal 0 0 1
    outer loop
      vertex 16.75 18.1024 22.95
      vertex 15 18 22.95
      vertex 15.3916 17.9743 22.95
    endloop
  endfacet
  facet normal 0 0 1
    outer loop
      vertex 16.75 18.1024 22.95
      vertex -15 18 22.95
      vertex 15 18 22.95
    endloop
  endfacet
  facet normal -0 0 1
    outer loop
      vertex -16.75 18.1024 22.95
      vertex -15 18 22.95
      vertex 16.75 18.1024 22.95
    endloop
  endfacet
  facet normal 0 0 1
    outer loop
      vertex -16.75 18.1024 22.95
      vertex -15.3916 17.9743 22.95
      vertex -15 18 22.95
    endloop
  endfacet
  facet normal 0 0 1
    outer loop
      vertex -16.75 18.1024 22.95
      vertex -15.7764 17.8978 22.95
      vertex -15.3916 17.9743 22.95
    endloop
  endfacet
  facet normal 0 0 1
    outer loop
      vertex -16.75 18.1024 22.95
      vertex -16.148 17.7716 22.95
      vertex -15.7764 17.8978 22.95
    endloop
  endfacet
  facet normal 0 0 1
    outer loop
      vertex -16.75 18.1024 22.95
      vertex -16.5 17.5981 22.95
      vertex -16.148 17.7716 22.95
    endloop
  endfacet
  facet normal -0 0 1
    outer loop
      vertex -16.75 17.75 22.95
      vertex -16.5 17.5981 22.95
      vertex -16.75 18.1024 22.95
    endloop
  endfacet
  facet normal 0 0 1
    outer loop
      vertex -16.75 17.75 22.95
      vertex -16.8263 17.3801 22.95
      vertex -16.5 17.5981 22.95
    endloop
  endfacet
  facet normal -0 0 1
    outer loop
      vertex -17.6531 17.75 22.95
      vertex -16.8263 17.3801 22.95
      vertex -16.75 17.75 22.95
    endloop
  endfacet
  facet normal 0 0 1
    outer loop
      vertex -16.8263 17.3801 22.95
      vertex -17.6531 17.75 22.95
      vertex -17.1213 17.1213 22.95
    endloop
  endfacet
  facet normal -0 0 1
    outer loop
      vertex -17.7063 17.7063 22.95
      vertex -17.1213 17.1213 22.95
      vertex -17.6531 17.75 22.95
    endloop
  endfacet
  facet normal -0 0 1
    outer loop
      vertex -17.8745 17.5014 22.95
      vertex -17.1213 17.1213 22.95
      vertex -17.7063 17.7063 22.95
    endloop
  endfacet
  facet normal 0 0 1
    outer loop
      vertex -17.1213 17.1213 22.95
      vertex -17.8745 17.5014 22.95
      vertex -17.3801 16.8263 22.95
    endloop
  endfacet
  facet normal -0 0 1
    outer loop
      vertex -17.9995 17.2676 22.95
      vertex -17.3801 16.8263 22.95
      vertex -17.8745 17.5014 22.95
    endloop
  endfacet
  facet normal -0 0 1
    outer loop
      vertex -18.0765 17.0138 22.95
      vertex -17.3801 16.8263 22.95
      vertex -17.9995 17.2676 22.95
    endloop
  endfacet
  facet normal 0 0 1
    outer loop
      vertex -18.1024 16.75 22.95
      vertex -17.3801 16.8263 22.95
      vertex -18.0765 17.0138 22.95
    endloop
  endfacet
  facet normal 0 0 1
    outer loop
      vertex -17.5981 16.5 22.95
      vertex -18.1024 16.75 22.95
      vertex -17.7716 16.148 22.95
    endloop
  endfacet
  facet normal 0 0 1
    outer loop
      vertex -17.3801 16.8263 22.95
      vertex -18.1024 16.75 22.95
      vertex -17.5981 16.5 22.95
    endloop
  endfacet
  facet normal 0 0 1
    outer loop
      vertex -17.7716 16.148 22.95
      vertex -18.1024 16.75 22.95
      vertex -17.8978 15.7764 22.95
    endloop
  endfacet
  facet normal 0 0 1
    outer loop
      vertex -17.9743 15.3916 22.95
      vertex -18.1024 16.75 22.95
      vertex -18 15 22.95
    endloop
  endfacet
  facet normal 0 0 1
    outer loop
      vertex -17.8978 15.7764 22.95
      vertex -18.1024 16.75 22.95
      vertex -17.9743 15.3916 22.95
    endloop
  endfacet
  facet normal -0 0 1
    outer loop
      vertex 17.3801 16.8263 22.95
      vertex 18.1024 16.75 22.95
      vertex 18.0765 17.0138 22.95
    endloop
  endfacet
  facet normal 0 0 1
    outer loop
      vertex 18.1024 16.75 22.95
      vertex 18 15 22.95
      vertex 18.1024 -16.75 22.95
    endloop
  endfacet
  facet normal -0 0 1
    outer loop
      vertex 18 -15 22.95
      vertex 18.1024 -16.75 22.95
      vertex 18 15 22.95
    endloop
  endfacet
  facet normal 0 0 1
    outer loop
      vertex 17.3801 16.8263 22.95
      vertex 18.0765 17.0138 22.95
      vertex 17.9995 17.2676 22.95
    endloop
  endfacet
  facet normal 0 0 1
    outer loop
      vertex 18.1024 16.75 22.95
      vertex 17.9743 15.3916 22.95
      vertex 18 15 22.95
    endloop
  endfacet
  facet normal 0 0 1
    outer loop
      vertex 18.1024 16.75 22.95
      vertex 17.8978 15.7764 22.95
      vertex 17.9743 15.3916 22.95
    endloop
  endfacet
  facet normal 0 0 1
    outer loop
      vertex 17.3801 16.8263 22.95
      vertex 17.9995 17.2676 22.95
      vertex 17.8745 17.5014 22.95
    endloop
  endfacet
  facet normal 0 0 1
    outer loop
      vertex 18.1024 16.75 22.95
      vertex 17.7716 16.148 22.95
      vertex 17.8978 15.7764 22.95
    endloop
  endfacet
  facet normal 0 0 1
    outer loop
      vertex 17.1213 17.1213 22.95
      vertex 17.8745 17.5014 22.95
      vertex 17.7063 17.7063 22.95
    endloop
  endfacet
  facet normal 0 0 1
    outer loop
      vertex 17.1213 17.1213 22.95
      vertex 17.7063 17.7063 22.95
      vertex 17.6531 17.75 22.95
    endloop
  endfacet
  facet normal 0 0 1
    outer loop
      vertex 18.1024 16.75 22.95
      vertex 17.5981 16.5 22.95
      vertex 17.7716 16.148 22.95
    endloop
  endfacet
  facet normal 0 0 1
    outer loop
      vertex 18.1024 16.75 22.95
      vertex 17.3801 16.8263 22.95
      vertex 17.5981 16.5 22.95
    endloop
  endfacet
  facet normal 0 0 1
    outer loop
      vertex 17.8745 17.5014 22.95
      vertex 17.1213 17.1213 22.95
      vertex 17.3801 16.8263 22.95
    endloop
  endfacet
  facet normal 0 0 1
    outer loop
      vertex 17.6531 17.75 22.95
      vertex 16.8263 17.3801 22.95
      vertex 17.1213 17.1213 22.95
    endloop
  endfacet
  facet normal -0 0 1
    outer loop
      vertex 16.75 17.75 22.95
      vertex 16.8263 17.3801 22.95
      vertex 17.6531 17.75 22.95
    endloop
  endfacet
  facet normal 0 0 1
    outer loop
      vertex 16.8263 17.3801 22.95
      vertex 16.75 17.75 22.95
      vertex 16.5 17.5981 22.95
    endloop
  endfacet
  facet normal -0 0 1
    outer loop
      vertex 17.9743 -15.3916 22.95
      vertex 18.1024 -16.75 22.95
      vertex 18 -15 22.95
    endloop
  endfacet
  facet normal -0 0 1
    outer loop
      vertex 17.8978 -15.7764 22.95
      vertex 18.1024 -16.75 22.95
      vertex 17.9743 -15.3916 22.95
    endloop
  endfacet
  facet normal -0 0 1
    outer loop
      vertex 17.7716 -16.148 22.95
      vertex 18.1024 -16.75 22.95
      vertex 17.8978 -15.7764 22.95
    endloop
  endfacet
  facet normal -0 0 1
    outer loop
      vertex 17.5981 -16.5 22.95
      vertex 18.1024 -16.75 22.95
      vertex 17.7716 -16.148 22.95
    endloop
  endfacet
  facet normal 0 0 1
    outer loop
      vertex 17.3801 -16.8263 22.95
      vertex 18.1024 -16.75 22.95
      vertex 17.5981 -16.5 22.95
    endloop
  endfacet
  facet normal 0 0 1
    outer loop
      vertex 18.1024 -16.75 22.95
      vertex 17.3801 -16.8263 22.95
      vertex 18.0765 -17.0138 22.95
    endloop
  endfacet
  facet normal 0 0 1
    outer loop
      vertex 18.0765 -17.0138 22.95
      vertex 17.3801 -16.8263 22.95
      vertex 17.9995 -17.2676 22.95
    endloop
  endfacet
  facet normal 0 0 1
    outer loop
      vertex 17.9995 -17.2676 22.95
      vertex 17.3801 -16.8263 22.95
      vertex 17.8745 -17.5014 22.95
    endloop
  endfacet
  facet normal -0 0 1
    outer loop
      vertex 17.1213 -17.1213 22.95
      vertex 17.8745 -17.5014 22.95
      vertex 17.3801 -16.8263 22.95
    endloop
  endfacet
  facet normal 0 0 1
    outer loop
      vertex 17.8745 -17.5014 22.95
      vertex 17.1213 -17.1213 22.95
      vertex 17.7063 -17.7063 22.95
    endloop
  endfacet
  facet normal 0 0 1
    outer loop
      vertex 17.7063 -17.7063 22.95
      vertex 17.1213 -17.1213 22.95
      vertex 17.6531 -17.75 22.95
    endloop
  endfacet
  facet normal -0 0 1
    outer loop
      vertex 16.8263 -17.3801 22.95
      vertex 17.6531 -17.75 22.95
      vertex 17.1213 -17.1213 22.95
    endloop
  endfacet
  facet normal 0 0 1
    outer loop
      vertex 16.8263 -17.3801 22.95
      vertex 16.75 -17.75 22.95
      vertex 17.6531 -17.75 22.95
    endloop
  endfacet
  facet normal -0 0 1
    outer loop
      vertex 16.5 -17.5981 22.95
      vertex 16.75 -17.75 22.95
      vertex 16.8263 -17.3801 22.95
    endloop
  endfacet
  facet normal 0 0 1
    outer loop
      vertex 16.5 -17.5981 22.95
      vertex 16.75 -18.1024 22.95
      vertex 16.75 -17.75 22.95
    endloop
  endfacet
  facet normal -0 0 1
    outer loop
      vertex 16.148 -17.7716 22.95
      vertex 16.75 -18.1024 22.95
      vertex 16.5 -17.5981 22.95
    endloop
  endfacet
  facet normal -0 0 1
    outer loop
      vertex 15.7764 -17.8978 22.95
      vertex 16.75 -18.1024 22.95
      vertex 16.148 -17.7716 22.95
    endloop
  endfacet
  facet normal -0 0 1
    outer loop
      vertex 15.3916 -17.9743 22.95
      vertex 16.75 -18.1024 22.95
      vertex 15.7764 -17.8978 22.95
    endloop
  endfacet
  facet normal -0 0 1
    outer loop
      vertex 15 -18 22.95
      vertex 16.75 -18.1024 22.95
      vertex 15.3916 -17.9743 22.95
    endloop
  endfacet
  facet normal -0 0 1
    outer loop
      vertex -15 -18 22.95
      vertex 16.75 -18.1024 22.95
      vertex 15 -18 22.95
    endloop
  endfacet
  facet normal 0 0 1
    outer loop
      vertex -16.75 -18.1024 22.95
      vertex -16.5 -17.5981 22.95
      vertex -16.75 -17.75 22.95
    endloop
  endfacet
  facet normal 0 0 1
    outer loop
      vertex -16.5 -17.5981 22.95
      vertex -16.75 -18.1024 22.95
      vertex -16.148 -17.7716 22.95
    endloop
  endfacet
  facet normal 0 0 1
    outer loop
      vertex -16.148 -17.7716 22.95
      vertex -16.75 -18.1024 22.95
      vertex -15.7764 -17.8978 22.95
    endloop
  endfacet
  facet normal 0 0 1
    outer loop
      vertex -15 -18 22.95
      vertex -16.75 -18.1024 22.95
      vertex 16.75 -18.1024 22.95
    endloop
  endfacet
  facet normal 0 0 1
    outer loop
      vertex -15.3916 -17.9743 22.95
      vertex -16.75 -18.1024 22.95
      vertex -15 -18 22.95
    endloop
  endfacet
  facet normal 0 0 1
    outer loop
      vertex -15.7764 -17.8978 22.95
      vertex -16.75 -18.1024 22.95
      vertex -15.3916 -17.9743 22.95
    endloop
  endfacet
  facet normal 0.995184 -0.0980272 0
    outer loop
      vertex 9.75 13 -2.6
      vertex 9.81245 13.634 -5
      vertex 9.81245 13.634 -2.6
    endloop
  endfacet
  facet normal 0.995184 -0.0980272 0
    outer loop
      vertex 9.81245 13.634 -5
      vertex 9.75 13 -2.6
      vertex 9.75 13 -5
    endloop
  endfacet
  facet normal 0.956945 -0.29027 0
    outer loop
      vertex 9.81245 13.634 -2.6
      vertex 9.99739 14.2437 -5
      vertex 9.99739 14.2437 -2.6
    endloop
  endfacet
  facet normal 0.956945 -0.29027 0
    outer loop
      vertex 9.99739 14.2437 -5
      vertex 9.81245 13.634 -2.6
      vertex 9.81245 13.634 -5
    endloop
  endfacet
  facet normal 0.881942 -0.471358 0
    outer loop
      vertex 9.99739 14.2437 -2.6
      vertex 10.2977 14.8056 -5
      vertex 10.2977 14.8056 -2.6
    endloop
  endfacet
  facet normal 0.881942 -0.471358 0
    outer loop
      vertex 10.2977 14.8056 -5
      vertex 9.99739 14.2437 -2.6
      vertex 9.99739 14.2437 -5
    endloop
  endfacet
  facet normal 0.772998 -0.634408 0
    outer loop
      vertex 10.2977 14.8056 -2.6
      vertex 10.7019 15.2981 -5
      vertex 10.7019 15.2981 -2.6
    endloop
  endfacet
  facet normal 0.772998 -0.634408 0
    outer loop
      vertex 10.7019 15.2981 -5
      vertex 10.2977 14.8056 -2.6
      vertex 10.2977 14.8056 -5
    endloop
  endfacet
  facet normal 0.634408 -0.772998 0
    outer loop
      vertex 10.7019 15.2981 -5
      vertex 11.1944 15.7023 -2.6
      vertex 10.7019 15.2981 -2.6
    endloop
  endfacet
  facet normal 0.634408 -0.772998 0
    outer loop
      vertex 11.1944 15.7023 -2.6
      vertex 10.7019 15.2981 -5
      vertex 11.1944 15.7023 -5
    endloop
  endfacet
  facet normal 0.471346 -0.881949 0
    outer loop
      vertex 11.1944 15.7023 -5
      vertex 11.7563 16.0026 -2.6
      vertex 11.1944 15.7023 -2.6
    endloop
  endfacet
  facet normal 0.471346 -0.881949 0
    outer loop
      vertex 11.7563 16.0026 -2.6
      vertex 11.1944 15.7023 -5
      vertex 11.7563 16.0026 -5
    endloop
  endfacet
  facet normal 0.290212 -0.956962 0
    outer loop
      vertex 11.7563 16.0026 -5
      vertex 12.366 16.1875 -2.6
      vertex 11.7563 16.0026 -2.6
    endloop
  endfacet
  facet normal 0.290212 -0.956962 0
    outer loop
      vertex 12.366 16.1875 -2.6
      vertex 11.7563 16.0026 -5
      vertex 12.366 16.1875 -5
    endloop
  endfacet
  facet normal 0.0981049 -0.995176 0
    outer loop
      vertex 12.366 16.1875 -5
      vertex 13 16.25 -2.6
      vertex 12.366 16.1875 -2.6
    endloop
  endfacet
  facet normal 0.0981049 -0.995176 0
    outer loop
      vertex 13 16.25 -2.6
      vertex 12.366 16.1875 -5
      vertex 13 16.25 -5
    endloop
  endfacet
  facet normal -0.0981049 -0.995176 0
    outer loop
      vertex 13 16.25 -5
      vertex 13.634 16.1875 -2.6
      vertex 13 16.25 -2.6
    endloop
  endfacet
  facet normal -0.0981049 -0.995176 -0
    outer loop
      vertex 13.634 16.1875 -2.6
      vertex 13 16.25 -5
      vertex 13.634 16.1875 -5
    endloop
  endfacet
  facet normal -0.290212 -0.956962 0
    outer loop
      vertex 13.634 16.1875 -5
      vertex 14.2437 16.0026 -2.6
      vertex 13.634 16.1875 -2.6
    endloop
  endfacet
  facet normal -0.290212 -0.956962 -0
    outer loop
      vertex 14.2437 16.0026 -2.6
      vertex 13.634 16.1875 -5
      vertex 14.2437 16.0026 -5
    endloop
  endfacet
  facet normal -0.471346 -0.881949 0
    outer loop
      vertex 14.2437 16.0026 -5
      vertex 14.8056 15.7023 -2.6
      vertex 14.2437 16.0026 -2.6
    endloop
  endfacet
  facet normal -0.471346 -0.881949 -0
    outer loop
      vertex 14.8056 15.7023 -2.6
      vertex 14.2437 16.0026 -5
      vertex 14.8056 15.7023 -5
    endloop
  endfacet
  facet normal -0.634408 -0.772998 0
    outer loop
      vertex 14.8056 15.7023 -5
      vertex 15.2981 15.2981 -2.6
      vertex 14.8056 15.7023 -2.6
    endloop
  endfacet
  facet normal -0.634408 -0.772998 -0
    outer loop
      vertex 15.2981 15.2981 -2.6
      vertex 14.8056 15.7023 -5
      vertex 15.2981 15.2981 -5
    endloop
  endfacet
  facet normal -0.772998 -0.634408 0
    outer loop
      vertex 15.7023 14.8056 -5
      vertex 15.2981 15.2981 -2.6
      vertex 15.2981 15.2981 -5
    endloop
  endfacet
  facet normal -0.772998 -0.634408 0
    outer loop
      vertex 15.2981 15.2981 -2.6
      vertex 15.7023 14.8056 -5
      vertex 15.7023 14.8056 -2.6
    endloop
  endfacet
  facet normal -0.881949 -0.471346 0
    outer loop
      vertex 16.0026 14.2437 -5
      vertex 15.7023 14.8056 -2.6
      vertex 15.7023 14.8056 -5
    endloop
  endfacet
  facet normal -0.881949 -0.471346 0
    outer loop
      vertex 15.7023 14.8056 -2.6
      vertex 16.0026 14.2437 -5
      vertex 16.0026 14.2437 -2.6
    endloop
  endfacet
  facet normal -0.956962 -0.290212 0
    outer loop
      vertex 16.1875 13.634 -5
      vertex 16.0026 14.2437 -2.6
      vertex 16.0026 14.2437 -5
    endloop
  endfacet
  facet normal -0.956962 -0.290212 0
    outer loop
      vertex 16.0026 14.2437 -2.6
      vertex 16.1875 13.634 -5
      vertex 16.1875 13.634 -2.6
    endloop
  endfacet
  facet normal -0.995176 -0.0981049 0
    outer loop
      vertex 16.25 13 -5
      vertex 16.1875 13.634 -2.6
      vertex 16.1875 13.634 -5
    endloop
  endfacet
  facet normal -0.995176 -0.0981049 0
    outer loop
      vertex 16.1875 13.634 -2.6
      vertex 16.25 13 -5
      vertex 16.25 13 -2.6
    endloop
  endfacet
  facet normal -0.995176 0.0981049 0
    outer loop
      vertex 16.1875 12.366 -5
      vertex 16.25 13 -2.6
      vertex 16.25 13 -5
    endloop
  endfacet
  facet normal -0.995176 0.0981049 0
    outer loop
      vertex 16.25 13 -2.6
      vertex 16.1875 12.366 -5
      vertex 16.1875 12.366 -2.6
    endloop
  endfacet
  facet normal -0.956962 0.290212 0
    outer loop
      vertex 16.0026 11.7563 -5
      vertex 16.1875 12.366 -2.6
      vertex 16.1875 12.366 -5
    endloop
  endfacet
  facet normal -0.956962 0.290212 0
    outer loop
      vertex 16.1875 12.366 -2.6
      vertex 16.0026 11.7563 -5
      vertex 16.0026 11.7563 -2.6
    endloop
  endfacet
  facet normal -0.881949 0.471346 0
    outer loop
      vertex 15.7023 11.1944 -5
      vertex 16.0026 11.7563 -2.6
      vertex 16.0026 11.7563 -5
    endloop
  endfacet
  facet normal -0.881949 0.471346 0
    outer loop
      vertex 16.0026 11.7563 -2.6
      vertex 15.7023 11.1944 -5
      vertex 15.7023 11.1944 -2.6
    endloop
  endfacet
  facet normal -0.772998 0.634408 0
    outer loop
      vertex 15.2981 10.7019 -5
      vertex 15.7023 11.1944 -2.6
      vertex 15.7023 11.1944 -5
    endloop
  endfacet
  facet normal -0.772998 0.634408 0
    outer loop
      vertex 15.7023 11.1944 -2.6
      vertex 15.2981 10.7019 -5
      vertex 15.2981 10.7019 -2.6
    endloop
  endfacet
  facet normal -0.634408 0.772998 0
    outer loop
      vertex 15.2981 10.7019 -5
      vertex 14.8056 10.2977 -2.6
      vertex 15.2981 10.7019 -2.6
    endloop
  endfacet
  facet normal -0.634408 0.772998 0
    outer loop
      vertex 14.8056 10.2977 -2.6
      vertex 15.2981 10.7019 -5
      vertex 14.8056 10.2977 -5
    endloop
  endfacet
  facet normal -0.471358 0.881942 0
    outer loop
      vertex 14.8056 10.2977 -5
      vertex 14.2437 9.99739 -2.6
      vertex 14.8056 10.2977 -2.6
    endloop
  endfacet
  facet normal -0.471358 0.881942 0
    outer loop
      vertex 14.2437 9.99739 -2.6
      vertex 14.8056 10.2977 -5
      vertex 14.2437 9.99739 -5
    endloop
  endfacet
  facet normal -0.29027 0.956945 0
    outer loop
      vertex 14.2437 9.99739 -5
      vertex 13.634 9.81245 -2.6
      vertex 14.2437 9.99739 -2.6
    endloop
  endfacet
  facet normal -0.29027 0.956945 0
    outer loop
      vertex 13.634 9.81245 -2.6
      vertex 14.2437 9.99739 -5
      vertex 13.634 9.81245 -5
    endloop
  endfacet
  facet normal -0.0980272 0.995184 0
    outer loop
      vertex 13.634 9.81245 -5
      vertex 13 9.75 -2.6
      vertex 13.634 9.81245 -2.6
    endloop
  endfacet
  facet normal -0.0980272 0.995184 0
    outer loop
      vertex 13 9.75 -2.6
      vertex 13.634 9.81245 -5
      vertex 13 9.75 -5
    endloop
  endfacet
  facet normal 0.0980272 0.995184 -0
    outer loop
      vertex 13 9.75 -5
      vertex 12.366 9.81245 -2.6
      vertex 13 9.75 -2.6
    endloop
  endfacet
  facet normal 0.0980272 0.995184 0
    outer loop
      vertex 12.366 9.81245 -2.6
      vertex 13 9.75 -5
      vertex 12.366 9.81245 -5
    endloop
  endfacet
  facet normal 0.29027 0.956945 -0
    outer loop
      vertex 12.366 9.81245 -5
      vertex 11.7563 9.99739 -2.6
      vertex 12.366 9.81245 -2.6
    endloop
  endfacet
  facet normal 0.29027 0.956945 0
    outer loop
      vertex 11.7563 9.99739 -2.6
      vertex 12.366 9.81245 -5
      vertex 11.7563 9.99739 -5
    endloop
  endfacet
  facet normal 0.634408 0.772998 -0
    outer loop
      vertex 11.1944 10.2977 -5
      vertex 10.7019 10.7019 -2.6
      vertex 11.1944 10.2977 -2.6
    endloop
  endfacet
  facet normal 0.634408 0.772998 0
    outer loop
      vertex 10.7019 10.7019 -2.6
      vertex 11.1944 10.2977 -5
      vertex 10.7019 10.7019 -5
    endloop
  endfacet
  facet normal 0.471358 0.881942 -0
    outer loop
      vertex 11.7563 9.99739 -5
      vertex 11.1944 10.2977 -2.6
      vertex 11.7563 9.99739 -2.6
    endloop
  endfacet
  facet normal 0.471358 0.881942 0
    outer loop
      vertex 11.1944 10.2977 -2.6
      vertex 11.7563 9.99739 -5
      vertex 11.1944 10.2977 -5
    endloop
  endfacet
  facet normal 0.772998 0.634408 0
    outer loop
      vertex 10.7019 10.7019 -2.6
      vertex 10.2977 11.1944 -5
      vertex 10.2977 11.1944 -2.6
    endloop
  endfacet
  facet normal 0.772998 0.634408 0
    outer loop
      vertex 10.2977 11.1944 -5
      vertex 10.7019 10.7019 -2.6
      vertex 10.7019 10.7019 -5
    endloop
  endfacet
  facet normal 0.881942 0.471358 0
    outer loop
      vertex 10.2977 11.1944 -2.6
      vertex 9.99739 11.7563 -5
      vertex 9.99739 11.7563 -2.6
    endloop
  endfacet
  facet normal 0.881942 0.471358 0
    outer loop
      vertex 9.99739 11.7563 -5
      vertex 10.2977 11.1944 -2.6
      vertex 10.2977 11.1944 -5
    endloop
  endfacet
  facet normal 0.956945 0.29027 0
    outer loop
      vertex 9.99739 11.7563 -2.6
      vertex 9.81245 12.366 -5
      vertex 9.81245 12.366 -2.6
    endloop
  endfacet
  facet normal 0.956945 0.29027 0
    outer loop
      vertex 9.81245 12.366 -5
      vertex 9.99739 11.7563 -2.6
      vertex 9.99739 11.7563 -5
    endloop
  endfacet
  facet normal 0.995184 0.0980272 0
    outer loop
      vertex 9.81245 12.366 -2.6
      vertex 9.75 13 -5
      vertex 9.75 13 -2.6
    endloop
  endfacet
  facet normal 0.995184 0.0980272 0
    outer loop
      vertex 9.75 13 -5
      vertex 9.81245 12.366 -2.6
      vertex 9.81245 12.366 -5
    endloop
  endfacet
  facet normal 0.995176 -0.0981049 0
    outer loop
      vertex -16.25 13 -2.6
      vertex -16.1875 13.634 -5
      vertex -16.1875 13.634 -2.6
    endloop
  endfacet
  facet normal 0.995176 -0.0981049 0
    outer loop
      vertex -16.1875 13.634 -5
      vertex -16.25 13 -2.6
      vertex -16.25 13 -5
    endloop
  endfacet
  facet normal 0.956962 -0.290212 0
    outer loop
      vertex -16.1875 13.634 -2.6
      vertex -16.0026 14.2437 -5
      vertex -16.0026 14.2437 -2.6
    endloop
  endfacet
  facet normal 0.956962 -0.290212 0
    outer loop
      vertex -16.0026 14.2437 -5
      vertex -16.1875 13.634 -2.6
      vertex -16.1875 13.634 -5
    endloop
  endfacet
  facet normal 0.881949 -0.471346 0
    outer loop
      vertex -16.0026 14.2437 -2.6
      vertex -15.7023 14.8056 -5
      vertex -15.7023 14.8056 -2.6
    endloop
  endfacet
  facet normal 0.881949 -0.471346 0
    outer loop
      vertex -15.7023 14.8056 -5
      vertex -16.0026 14.2437 -2.6
      vertex -16.0026 14.2437 -5
    endloop
  endfacet
  facet normal 0.772998 -0.634408 0
    outer loop
      vertex -15.7023 14.8056 -2.6
      vertex -15.2981 15.2981 -5
      vertex -15.2981 15.2981 -2.6
    endloop
  endfacet
  facet normal 0.772998 -0.634408 0
    outer loop
      vertex -15.2981 15.2981 -5
      vertex -15.7023 14.8056 -2.6
      vertex -15.7023 14.8056 -5
    endloop
  endfacet
  facet normal 0.634408 -0.772998 0
    outer loop
      vertex -15.2981 15.2981 -5
      vertex -14.8056 15.7023 -2.6
      vertex -15.2981 15.2981 -2.6
    endloop
  endfacet
  facet normal 0.634408 -0.772998 0
    outer loop
      vertex -14.8056 15.7023 -2.6
      vertex -15.2981 15.2981 -5
      vertex -14.8056 15.7023 -5
    endloop
  endfacet
  facet normal 0.471346 -0.881949 0
    outer loop
      vertex -14.8056 15.7023 -5
      vertex -14.2437 16.0026 -2.6
      vertex -14.8056 15.7023 -2.6
    endloop
  endfacet
  facet normal 0.471346 -0.881949 0
    outer loop
      vertex -14.2437 16.0026 -2.6
      vertex -14.8056 15.7023 -5
      vertex -14.2437 16.0026 -5
    endloop
  endfacet
  facet normal 0.290212 -0.956962 0
    outer loop
      vertex -14.2437 16.0026 -5
      vertex -13.634 16.1875 -2.6
      vertex -14.2437 16.0026 -2.6
    endloop
  endfacet
  facet normal 0.290212 -0.956962 0
    outer loop
      vertex -13.634 16.1875 -2.6
      vertex -14.2437 16.0026 -5
      vertex -13.634 16.1875 -5
    endloop
  endfacet
  facet normal 0.0981049 -0.995176 0
    outer loop
      vertex -13.634 16.1875 -5
      vertex -13 16.25 -2.6
      vertex -13.634 16.1875 -2.6
    endloop
  endfacet
  facet normal 0.0981049 -0.995176 0
    outer loop
      vertex -13 16.25 -2.6
      vertex -13.634 16.1875 -5
      vertex -13 16.25 -5
    endloop
  endfacet
  facet normal -0.0981049 -0.995176 0
    outer loop
      vertex -13 16.25 -5
      vertex -12.366 16.1875 -2.6
      vertex -13 16.25 -2.6
    endloop
  endfacet
  facet normal -0.0981049 -0.995176 -0
    outer loop
      vertex -12.366 16.1875 -2.6
      vertex -13 16.25 -5
      vertex -12.366 16.1875 -5
    endloop
  endfacet
  facet normal -0.290212 -0.956962 0
    outer loop
      vertex -12.366 16.1875 -5
      vertex -11.7563 16.0026 -2.6
      vertex -12.366 16.1875 -2.6
    endloop
  endfacet
  facet normal -0.290212 -0.956962 -0
    outer loop
      vertex -11.7563 16.0026 -2.6
      vertex -12.366 16.1875 -5
      vertex -11.7563 16.0026 -5
    endloop
  endfacet
  facet normal -0.471346 -0.881949 0
    outer loop
      vertex -11.7563 16.0026 -5
      vertex -11.1944 15.7023 -2.6
      vertex -11.7563 16.0026 -2.6
    endloop
  endfacet
  facet normal -0.471346 -0.881949 -0
    outer loop
      vertex -11.1944 15.7023 -2.6
      vertex -11.7563 16.0026 -5
      vertex -11.1944 15.7023 -5
    endloop
  endfacet
  facet normal -0.634408 -0.772998 0
    outer loop
      vertex -11.1944 15.7023 -5
      vertex -10.7019 15.2981 -2.6
      vertex -11.1944 15.7023 -2.6
    endloop
  endfacet
  facet normal -0.634408 -0.772998 -0
    outer loop
      vertex -10.7019 15.2981 -2.6
      vertex -11.1944 15.7023 -5
      vertex -10.7019 15.2981 -5
    endloop
  endfacet
  facet normal -0.772998 -0.634408 0
    outer loop
      vertex -10.2977 14.8056 -5
      vertex -10.7019 15.2981 -2.6
      vertex -10.7019 15.2981 -5
    endloop
  endfacet
  facet normal -0.772998 -0.634408 0
    outer loop
      vertex -10.7019 15.2981 -2.6
      vertex -10.2977 14.8056 -5
      vertex -10.2977 14.8056 -2.6
    endloop
  endfacet
  facet normal -0.881942 -0.471358 0
    outer loop
      vertex -9.99739 14.2437 -5
      vertex -10.2977 14.8056 -2.6
      vertex -10.2977 14.8056 -5
    endloop
  endfacet
  facet normal -0.881942 -0.471358 0
    outer loop
      vertex -10.2977 14.8056 -2.6
      vertex -9.99739 14.2437 -5
      vertex -9.99739 14.2437 -2.6
    endloop
  endfacet
  facet normal -0.956945 -0.29027 0
    outer loop
      vertex -9.81245 13.634 -5
      vertex -9.99739 14.2437 -2.6
      vertex -9.99739 14.2437 -5
    endloop
  endfacet
  facet normal -0.956945 -0.29027 0
    outer loop
      vertex -9.99739 14.2437 -2.6
      vertex -9.81245 13.634 -5
      vertex -9.81245 13.634 -2.6
    endloop
  endfacet
  facet normal -0.995184 -0.0980272 0
    outer loop
      vertex -9.75 13 -5
      vertex -9.81245 13.634 -2.6
      vertex -9.81245 13.634 -5
    endloop
  endfacet
  facet normal -0.995184 -0.0980272 0
    outer loop
      vertex -9.81245 13.634 -2.6
      vertex -9.75 13 -5
      vertex -9.75 13 -2.6
    endloop
  endfacet
  facet normal -0.995184 0.0980272 0
    outer loop
      vertex -9.81245 12.366 -5
      vertex -9.75 13 -2.6
      vertex -9.75 13 -5
    endloop
  endfacet
  facet normal -0.995184 0.0980272 0
    outer loop
      vertex -9.75 13 -2.6
      vertex -9.81245 12.366 -5
      vertex -9.81245 12.366 -2.6
    endloop
  endfacet
  facet normal -0.956945 0.29027 0
    outer loop
      vertex -9.99739 11.7563 -5
      vertex -9.81245 12.366 -2.6
      vertex -9.81245 12.366 -5
    endloop
  endfacet
  facet normal -0.956945 0.29027 0
    outer loop
      vertex -9.81245 12.366 -2.6
      vertex -9.99739 11.7563 -5
      vertex -9.99739 11.7563 -2.6
    endloop
  endfacet
  facet normal -0.881942 0.471358 0
    outer loop
      vertex -10.2977 11.1944 -5
      vertex -9.99739 11.7563 -2.6
      vertex -9.99739 11.7563 -5
    endloop
  endfacet
  facet normal -0.881942 0.471358 0
    outer loop
      vertex -9.99739 11.7563 -2.6
      vertex -10.2977 11.1944 -5
      vertex -10.2977 11.1944 -2.6
    endloop
  endfacet
  facet normal -0.772998 0.634408 0
    outer loop
      vertex -10.7019 10.7019 -5
      vertex -10.2977 11.1944 -2.6
      vertex -10.2977 11.1944 -5
    endloop
  endfacet
  facet normal -0.772998 0.634408 0
    outer loop
      vertex -10.2977 11.1944 -2.6
      vertex -10.7019 10.7019 -5
      vertex -10.7019 10.7019 -2.6
    endloop
  endfacet
  facet normal -0.634408 0.772998 0
    outer loop
      vertex -10.7019 10.7019 -5
      vertex -11.1944 10.2977 -2.6
      vertex -10.7019 10.7019 -2.6
    endloop
  endfacet
  facet normal -0.634408 0.772998 0
    outer loop
      vertex -11.1944 10.2977 -2.6
      vertex -10.7019 10.7019 -5
      vertex -11.1944 10.2977 -5
    endloop
  endfacet
  facet normal -0.471358 0.881942 0
    outer loop
      vertex -11.1944 10.2977 -5
      vertex -11.7563 9.99739 -2.6
      vertex -11.1944 10.2977 -2.6
    endloop
  endfacet
  facet normal -0.471358 0.881942 0
    outer loop
      vertex -11.7563 9.99739 -2.6
      vertex -11.1944 10.2977 -5
      vertex -11.7563 9.99739 -5
    endloop
  endfacet
  facet normal -0.29027 0.956945 0
    outer loop
      vertex -11.7563 9.99739 -5
      vertex -12.366 9.81245 -2.6
      vertex -11.7563 9.99739 -2.6
    endloop
  endfacet
  facet normal -0.29027 0.956945 0
    outer loop
      vertex -12.366 9.81245 -2.6
      vertex -11.7563 9.99739 -5
      vertex -12.366 9.81245 -5
    endloop
  endfacet
  facet normal -0.0980272 0.995184 0
    outer loop
      vertex -12.366 9.81245 -5
      vertex -13 9.75 -2.6
      vertex -12.366 9.81245 -2.6
    endloop
  endfacet
  facet normal -0.0980272 0.995184 0
    outer loop
      vertex -13 9.75 -2.6
      vertex -12.366 9.81245 -5
      vertex -13 9.75 -5
    endloop
  endfacet
  facet normal 0.0980272 0.995184 -0
    outer loop
      vertex -13 9.75 -5
      vertex -13.634 9.81245 -2.6
      vertex -13 9.75 -2.6
    endloop
  endfacet
  facet normal 0.0980272 0.995184 0
    outer loop
      vertex -13.634 9.81245 -2.6
      vertex -13 9.75 -5
      vertex -13.634 9.81245 -5
    endloop
  endfacet
  facet normal 0.29027 0.956945 -0
    outer loop
      vertex -13.634 9.81245 -5
      vertex -14.2437 9.99739 -2.6
      vertex -13.634 9.81245 -2.6
    endloop
  endfacet
  facet normal 0.29027 0.956945 0
    outer loop
      vertex -14.2437 9.99739 -2.6
      vertex -13.634 9.81245 -5
      vertex -14.2437 9.99739 -5
    endloop
  endfacet
  facet normal 0.634408 0.772998 -0
    outer loop
      vertex -14.8056 10.2977 -5
      vertex -15.2981 10.7019 -2.6
      vertex -14.8056 10.2977 -2.6
    endloop
  endfacet
  facet normal 0.634408 0.772998 0
    outer loop
      vertex -15.2981 10.7019 -2.6
      vertex -14.8056 10.2977 -5
      vertex -15.2981 10.7019 -5
    endloop
  endfacet
  facet normal 0.471358 0.881942 -0
    outer loop
      vertex -14.2437 9.99739 -5
      vertex -14.8056 10.2977 -2.6
      vertex -14.2437 9.99739 -2.6
    endloop
  endfacet
  facet normal 0.471358 0.881942 0
    outer loop
      vertex -14.8056 10.2977 -2.6
      vertex -14.2437 9.99739 -5
      vertex -14.8056 10.2977 -5
    endloop
  endfacet
  facet normal 0.772998 0.634408 0
    outer loop
      vertex -15.2981 10.7019 -2.6
      vertex -15.7023 11.1944 -5
      vertex -15.7023 11.1944 -2.6
    endloop
  endfacet
  facet normal 0.772998 0.634408 0
    outer loop
      vertex -15.7023 11.1944 -5
      vertex -15.2981 10.7019 -2.6
      vertex -15.2981 10.7019 -5
    endloop
  endfacet
  facet normal 0.881949 0.471346 0
    outer loop
      vertex -15.7023 11.1944 -2.6
      vertex -16.0026 11.7563 -5
      vertex -16.0026 11.7563 -2.6
    endloop
  endfacet
  facet normal 0.881949 0.471346 0
    outer loop
      vertex -16.0026 11.7563 -5
      vertex -15.7023 11.1944 -2.6
      vertex -15.7023 11.1944 -5
    endloop
  endfacet
  facet normal 0.956962 0.290212 0
    outer loop
      vertex -16.0026 11.7563 -2.6
      vertex -16.1875 12.366 -5
      vertex -16.1875 12.366 -2.6
    endloop
  endfacet
  facet normal 0.956962 0.290212 0
    outer loop
      vertex -16.1875 12.366 -5
      vertex -16.0026 11.7563 -2.6
      vertex -16.0026 11.7563 -5
    endloop
  endfacet
  facet normal 0.995176 0.0981049 0
    outer loop
      vertex -16.1875 12.366 -2.6
      vertex -16.25 13 -5
      vertex -16.25 13 -2.6
    endloop
  endfacet
  facet normal 0.995176 0.0981049 0
    outer loop
      vertex -16.25 13 -5
      vertex -16.1875 12.366 -2.6
      vertex -16.1875 12.366 -5
    endloop
  endfacet
  facet normal 0.995184 -0.0980272 0
    outer loop
      vertex 9.75 -13 -2.6
      vertex 9.81245 -12.366 -5
      vertex 9.81245 -12.366 -2.6
    endloop
  endfacet
  facet normal 0.995184 -0.0980272 0
    outer loop
      vertex 9.81245 -12.366 -5
      vertex 9.75 -13 -2.6
      vertex 9.75 -13 -5
    endloop
  endfacet
  facet normal 0.956945 -0.29027 0
    outer loop
      vertex 9.81245 -12.366 -2.6
      vertex 9.99739 -11.7563 -5
      vertex 9.99739 -11.7563 -2.6
    endloop
  endfacet
  facet normal 0.956945 -0.29027 0
    outer loop
      vertex 9.99739 -11.7563 -5
      vertex 9.81245 -12.366 -2.6
      vertex 9.81245 -12.366 -5
    endloop
  endfacet
  facet normal 0.881942 -0.471358 0
    outer loop
      vertex 9.99739 -11.7563 -2.6
      vertex 10.2977 -11.1944 -5
      vertex 10.2977 -11.1944 -2.6
    endloop
  endfacet
  facet normal 0.881942 -0.471358 0
    outer loop
      vertex 10.2977 -11.1944 -5
      vertex 9.99739 -11.7563 -2.6
      vertex 9.99739 -11.7563 -5
    endloop
  endfacet
  facet normal 0.772998 -0.634408 0
    outer loop
      vertex 10.2977 -11.1944 -2.6
      vertex 10.7019 -10.7019 -5
      vertex 10.7019 -10.7019 -2.6
    endloop
  endfacet
  facet normal 0.772998 -0.634408 0
    outer loop
      vertex 10.7019 -10.7019 -5
      vertex 10.2977 -11.1944 -2.6
      vertex 10.2977 -11.1944 -5
    endloop
  endfacet
  facet normal 0.634408 -0.772998 0
    outer loop
      vertex 10.7019 -10.7019 -5
      vertex 11.1944 -10.2977 -2.6
      vertex 10.7019 -10.7019 -2.6
    endloop
  endfacet
  facet normal 0.634408 -0.772998 0
    outer loop
      vertex 11.1944 -10.2977 -2.6
      vertex 10.7019 -10.7019 -5
      vertex 11.1944 -10.2977 -5
    endloop
  endfacet
  facet normal 0.471358 -0.881942 0
    outer loop
      vertex 11.1944 -10.2977 -5
      vertex 11.7563 -9.99739 -2.6
      vertex 11.1944 -10.2977 -2.6
    endloop
  endfacet
  facet normal 0.471358 -0.881942 0
    outer loop
      vertex 11.7563 -9.99739 -2.6
      vertex 11.1944 -10.2977 -5
      vertex 11.7563 -9.99739 -5
    endloop
  endfacet
  facet normal 0.29027 -0.956945 0
    outer loop
      vertex 11.7563 -9.99739 -5
      vertex 12.366 -9.81245 -2.6
      vertex 11.7563 -9.99739 -2.6
    endloop
  endfacet
  facet normal 0.29027 -0.956945 0
    outer loop
      vertex 12.366 -9.81245 -2.6
      vertex 11.7563 -9.99739 -5
      vertex 12.366 -9.81245 -5
    endloop
  endfacet
  facet normal 0.0980272 -0.995184 0
    outer loop
      vertex 12.366 -9.81245 -5
      vertex 13 -9.75 -2.6
      vertex 12.366 -9.81245 -2.6
    endloop
  endfacet
  facet normal 0.0980272 -0.995184 0
    outer loop
      vertex 13 -9.75 -2.6
      vertex 12.366 -9.81245 -5
      vertex 13 -9.75 -5
    endloop
  endfacet
  facet normal -0.0980272 -0.995184 0
    outer loop
      vertex 13 -9.75 -5
      vertex 13.634 -9.81245 -2.6
      vertex 13 -9.75 -2.6
    endloop
  endfacet
  facet normal -0.0980272 -0.995184 -0
    outer loop
      vertex 13.634 -9.81245 -2.6
      vertex 13 -9.75 -5
      vertex 13.634 -9.81245 -5
    endloop
  endfacet
  facet normal -0.29027 -0.956945 0
    outer loop
      vertex 13.634 -9.81245 -5
      vertex 14.2437 -9.99739 -2.6
      vertex 13.634 -9.81245 -2.6
    endloop
  endfacet
  facet normal -0.29027 -0.956945 -0
    outer loop
      vertex 14.2437 -9.99739 -2.6
      vertex 13.634 -9.81245 -5
      vertex 14.2437 -9.99739 -5
    endloop
  endfacet
  facet normal -0.471358 -0.881942 0
    outer loop
      vertex 14.2437 -9.99739 -5
      vertex 14.8056 -10.2977 -2.6
      vertex 14.2437 -9.99739 -2.6
    endloop
  endfacet
  facet normal -0.471358 -0.881942 -0
    outer loop
      vertex 14.8056 -10.2977 -2.6
      vertex 14.2437 -9.99739 -5
      vertex 14.8056 -10.2977 -5
    endloop
  endfacet
  facet normal -0.634408 -0.772998 0
    outer loop
      vertex 14.8056 -10.2977 -5
      vertex 15.2981 -10.7019 -2.6
      vertex 14.8056 -10.2977 -2.6
    endloop
  endfacet
  facet normal -0.634408 -0.772998 -0
    outer loop
      vertex 15.2981 -10.7019 -2.6
      vertex 14.8056 -10.2977 -5
      vertex 15.2981 -10.7019 -5
    endloop
  endfacet
  facet normal -0.772998 -0.634408 0
    outer loop
      vertex 15.7023 -11.1944 -5
      vertex 15.2981 -10.7019 -2.6
      vertex 15.2981 -10.7019 -5
    endloop
  endfacet
  facet normal -0.772998 -0.634408 0
    outer loop
      vertex 15.2981 -10.7019 -2.6
      vertex 15.7023 -11.1944 -5
      vertex 15.7023 -11.1944 -2.6
    endloop
  endfacet
  facet normal -0.881949 -0.471346 0
    outer loop
      vertex 16.0026 -11.7563 -5
      vertex 15.7023 -11.1944 -2.6
      vertex 15.7023 -11.1944 -5
    endloop
  endfacet
  facet normal -0.881949 -0.471346 0
    outer loop
      vertex 15.7023 -11.1944 -2.6
      vertex 16.0026 -11.7563 -5
      vertex 16.0026 -11.7563 -2.6
    endloop
  endfacet
  facet normal -0.956962 -0.290212 0
    outer loop
      vertex 16.1875 -12.366 -5
      vertex 16.0026 -11.7563 -2.6
      vertex 16.0026 -11.7563 -5
    endloop
  endfacet
  facet normal -0.956962 -0.290212 0
    outer loop
      vertex 16.0026 -11.7563 -2.6
      vertex 16.1875 -12.366 -5
      vertex 16.1875 -12.366 -2.6
    endloop
  endfacet
  facet normal -0.995176 -0.0981049 0
    outer loop
      vertex 16.25 -13 -5
      vertex 16.1875 -12.366 -2.6
      vertex 16.1875 -12.366 -5
    endloop
  endfacet
  facet normal -0.995176 -0.0981049 0
    outer loop
      vertex 16.1875 -12.366 -2.6
      vertex 16.25 -13 -5
      vertex 16.25 -13 -2.6
    endloop
  endfacet
  facet normal -0.995176 0.0981049 0
    outer loop
      vertex 16.1875 -13.634 -5
      vertex 16.25 -13 -2.6
      vertex 16.25 -13 -5
    endloop
  endfacet
  facet normal -0.995176 0.0981049 0
    outer loop
      vertex 16.25 -13 -2.6
      vertex 16.1875 -13.634 -5
      vertex 16.1875 -13.634 -2.6
    endloop
  endfacet
  facet normal -0.956962 0.290212 0
    outer loop
      vertex 16.0026 -14.2437 -5
      vertex 16.1875 -13.634 -2.6
      vertex 16.1875 -13.634 -5
    endloop
  endfacet
  facet normal -0.956962 0.290212 0
    outer loop
      vertex 16.1875 -13.634 -2.6
      vertex 16.0026 -14.2437 -5
      vertex 16.0026 -14.2437 -2.6
    endloop
  endfacet
  facet normal -0.881949 0.471346 0
    outer loop
      vertex 15.7023 -14.8056 -5
      vertex 16.0026 -14.2437 -2.6
      vertex 16.0026 -14.2437 -5
    endloop
  endfacet
  facet normal -0.881949 0.471346 0
    outer loop
      vertex 16.0026 -14.2437 -2.6
      vertex 15.7023 -14.8056 -5
      vertex 15.7023 -14.8056 -2.6
    endloop
  endfacet
  facet normal -0.772998 0.634408 0
    outer loop
      vertex 15.2981 -15.2981 -5
      vertex 15.7023 -14.8056 -2.6
      vertex 15.7023 -14.8056 -5
    endloop
  endfacet
  facet normal -0.772998 0.634408 0
    outer loop
      vertex 15.7023 -14.8056 -2.6
      vertex 15.2981 -15.2981 -5
      vertex 15.2981 -15.2981 -2.6
    endloop
  endfacet
  facet normal -0.634408 0.772998 0
    outer loop
      vertex 15.2981 -15.2981 -5
      vertex 14.8056 -15.7023 -2.6
      vertex 15.2981 -15.2981 -2.6
    endloop
  endfacet
  facet normal -0.634408 0.772998 0
    outer loop
      vertex 14.8056 -15.7023 -2.6
      vertex 15.2981 -15.2981 -5
      vertex 14.8056 -15.7023 -5
    endloop
  endfacet
  facet normal -0.471346 0.881949 0
    outer loop
      vertex 14.8056 -15.7023 -5
      vertex 14.2437 -16.0026 -2.6
      vertex 14.8056 -15.7023 -2.6
    endloop
  endfacet
  facet normal -0.471346 0.881949 0
    outer loop
      vertex 14.2437 -16.0026 -2.6
      vertex 14.8056 -15.7023 -5
      vertex 14.2437 -16.0026 -5
    endloop
  endfacet
  facet normal -0.290212 0.956962 0
    outer loop
      vertex 14.2437 -16.0026 -5
      vertex 13.634 -16.1875 -2.6
      vertex 14.2437 -16.0026 -2.6
    endloop
  endfacet
  facet normal -0.290212 0.956962 0
    outer loop
      vertex 13.634 -16.1875 -2.6
      vertex 14.2437 -16.0026 -5
      vertex 13.634 -16.1875 -5
    endloop
  endfacet
  facet normal -0.0981049 0.995176 0
    outer loop
      vertex 13.634 -16.1875 -5
      vertex 13 -16.25 -2.6
      vertex 13.634 -16.1875 -2.6
    endloop
  endfacet
  facet normal -0.0981049 0.995176 0
    outer loop
      vertex 13 -16.25 -2.6
      vertex 13.634 -16.1875 -5
      vertex 13 -16.25 -5
    endloop
  endfacet
  facet normal 0.0981049 0.995176 -0
    outer loop
      vertex 13 -16.25 -5
      vertex 12.366 -16.1875 -2.6
      vertex 13 -16.25 -2.6
    endloop
  endfacet
  facet normal 0.0981049 0.995176 0
    outer loop
      vertex 12.366 -16.1875 -2.6
      vertex 13 -16.25 -5
      vertex 12.366 -16.1875 -5
    endloop
  endfacet
  facet normal 0.290212 0.956962 -0
    outer loop
      vertex 12.366 -16.1875 -5
      vertex 11.7563 -16.0026 -2.6
      vertex 12.366 -16.1875 -2.6
    endloop
  endfacet
  facet normal 0.290212 0.956962 0
    outer loop
      vertex 11.7563 -16.0026 -2.6
      vertex 12.366 -16.1875 -5
      vertex 11.7563 -16.0026 -5
    endloop
  endfacet
  facet normal 0.634408 0.772998 -0
    outer loop
      vertex 11.1944 -15.7023 -5
      vertex 10.7019 -15.2981 -2.6
      vertex 11.1944 -15.7023 -2.6
    endloop
  endfacet
  facet normal 0.634408 0.772998 0
    outer loop
      vertex 10.7019 -15.2981 -2.6
      vertex 11.1944 -15.7023 -5
      vertex 10.7019 -15.2981 -5
    endloop
  endfacet
  facet normal 0.471346 0.881949 -0
    outer loop
      vertex 11.7563 -16.0026 -5
      vertex 11.1944 -15.7023 -2.6
      vertex 11.7563 -16.0026 -2.6
    endloop
  endfacet
  facet normal 0.471346 0.881949 0
    outer loop
      vertex 11.1944 -15.7023 -2.6
      vertex 11.7563 -16.0026 -5
      vertex 11.1944 -15.7023 -5
    endloop
  endfacet
  facet normal 0.772998 0.634408 0
    outer loop
      vertex 10.7019 -15.2981 -2.6
      vertex 10.2977 -14.8056 -5
      vertex 10.2977 -14.8056 -2.6
    endloop
  endfacet
  facet normal 0.772998 0.634408 0
    outer loop
      vertex 10.2977 -14.8056 -5
      vertex 10.7019 -15.2981 -2.6
      vertex 10.7019 -15.2981 -5
    endloop
  endfacet
  facet normal 0.881942 0.471358 0
    outer loop
      vertex 10.2977 -14.8056 -2.6
      vertex 9.99739 -14.2437 -5
      vertex 9.99739 -14.2437 -2.6
    endloop
  endfacet
  facet normal 0.881942 0.471358 0
    outer loop
      vertex 9.99739 -14.2437 -5
      vertex 10.2977 -14.8056 -2.6
      vertex 10.2977 -14.8056 -5
    endloop
  endfacet
  facet normal 0.956945 0.29027 0
    outer loop
      vertex 9.99739 -14.2437 -2.6
      vertex 9.81245 -13.634 -5
      vertex 9.81245 -13.634 -2.6
    endloop
  endfacet
  facet normal 0.956945 0.29027 0
    outer loop
      vertex 9.81245 -13.634 -5
      vertex 9.99739 -14.2437 -2.6
      vertex 9.99739 -14.2437 -5
    endloop
  endfacet
  facet normal 0.995184 0.0980272 0
    outer loop
      vertex 9.81245 -13.634 -2.6
      vertex 9.75 -13 -5
      vertex 9.75 -13 -2.6
    endloop
  endfacet
  facet normal 0.995184 0.0980272 0
    outer loop
      vertex 9.75 -13 -5
      vertex 9.81245 -13.634 -2.6
      vertex 9.81245 -13.634 -5
    endloop
  endfacet
  facet normal 0.995176 -0.0981049 0
    outer loop
      vertex -16.25 -13 -2.6
      vertex -16.1875 -12.366 -5
      vertex -16.1875 -12.366 -2.6
    endloop
  endfacet
  facet normal 0.995176 -0.0981049 0
    outer loop
      vertex -16.1875 -12.366 -5
      vertex -16.25 -13 -2.6
      vertex -16.25 -13 -5
    endloop
  endfacet
  facet normal 0.956962 -0.290212 0
    outer loop
      vertex -16.1875 -12.366 -2.6
      vertex -16.0026 -11.7563 -5
      vertex -16.0026 -11.7563 -2.6
    endloop
  endfacet
  facet normal 0.956962 -0.290212 0
    outer loop
      vertex -16.0026 -11.7563 -5
      vertex -16.1875 -12.366 -2.6
      vertex -16.1875 -12.366 -5
    endloop
  endfacet
  facet normal 0.881949 -0.471346 0
    outer loop
      vertex -16.0026 -11.7563 -2.6
      vertex -15.7023 -11.1944 -5
      vertex -15.7023 -11.1944 -2.6
    endloop
  endfacet
  facet normal 0.881949 -0.471346 0
    outer loop
      vertex -15.7023 -11.1944 -5
      vertex -16.0026 -11.7563 -2.6
      vertex -16.0026 -11.7563 -5
    endloop
  endfacet
  facet normal 0.772998 -0.634408 0
    outer loop
      vertex -15.7023 -11.1944 -2.6
      vertex -15.2981 -10.7019 -5
      vertex -15.2981 -10.7019 -2.6
    endloop
  endfacet
  facet normal 0.772998 -0.634408 0
    outer loop
      vertex -15.2981 -10.7019 -5
      vertex -15.7023 -11.1944 -2.6
      vertex -15.7023 -11.1944 -5
    endloop
  endfacet
  facet normal 0.634408 -0.772998 0
    outer loop
      vertex -15.2981 -10.7019 -5
      vertex -14.8056 -10.2977 -2.6
      vertex -15.2981 -10.7019 -2.6
    endloop
  endfacet
  facet normal 0.634408 -0.772998 0
    outer loop
      vertex -14.8056 -10.2977 -2.6
      vertex -15.2981 -10.7019 -5
      vertex -14.8056 -10.2977 -5
    endloop
  endfacet
  facet normal 0.471358 -0.881942 0
    outer loop
      vertex -14.8056 -10.2977 -5
      vertex -14.2437 -9.99739 -2.6
      vertex -14.8056 -10.2977 -2.6
    endloop
  endfacet
  facet normal 0.471358 -0.881942 0
    outer loop
      vertex -14.2437 -9.99739 -2.6
      vertex -14.8056 -10.2977 -5
      vertex -14.2437 -9.99739 -5
    endloop
  endfacet
  facet normal 0.29027 -0.956945 0
    outer loop
      vertex -14.2437 -9.99739 -5
      vertex -13.634 -9.81245 -2.6
      vertex -14.2437 -9.99739 -2.6
    endloop
  endfacet
  facet normal 0.29027 -0.956945 0
    outer loop
      vertex -13.634 -9.81245 -2.6
      vertex -14.2437 -9.99739 -5
      vertex -13.634 -9.81245 -5
    endloop
  endfacet
  facet normal 0.0980272 -0.995184 0
    outer loop
      vertex -13.634 -9.81245 -5
      vertex -13 -9.75 -2.6
      vertex -13.634 -9.81245 -2.6
    endloop
  endfacet
  facet normal 0.0980272 -0.995184 0
    outer loop
      vertex -13 -9.75 -2.6
      vertex -13.634 -9.81245 -5
      vertex -13 -9.75 -5
    endloop
  endfacet
  facet normal -0.0980272 -0.995184 0
    outer loop
      vertex -13 -9.75 -5
      vertex -12.366 -9.81245 -2.6
      vertex -13 -9.75 -2.6
    endloop
  endfacet
  facet normal -0.0980272 -0.995184 -0
    outer loop
      vertex -12.366 -9.81245 -2.6
      vertex -13 -9.75 -5
      vertex -12.366 -9.81245 -5
    endloop
  endfacet
  facet normal -0.29027 -0.956945 0
    outer loop
      vertex -12.366 -9.81245 -5
      vertex -11.7563 -9.99739 -2.6
      vertex -12.366 -9.81245 -2.6
    endloop
  endfacet
  facet normal -0.29027 -0.956945 -0
    outer loop
      vertex -11.7563 -9.99739 -2.6
      vertex -12.366 -9.81245 -5
      vertex -11.7563 -9.99739 -5
    endloop
  endfacet
  facet normal -0.471358 -0.881942 0
    outer loop
      vertex -11.7563 -9.99739 -5
      vertex -11.1944 -10.2977 -2.6
      vertex -11.7563 -9.99739 -2.6
    endloop
  endfacet
  facet normal -0.471358 -0.881942 -0
    outer loop
      vertex -11.1944 -10.2977 -2.6
      vertex -11.7563 -9.99739 -5
      vertex -11.1944 -10.2977 -5
    endloop
  endfacet
  facet normal -0.634408 -0.772998 0
    outer loop
      vertex -11.1944 -10.2977 -5
      vertex -10.7019 -10.7019 -2.6
      vertex -11.1944 -10.2977 -2.6
    endloop
  endfacet
  facet normal -0.634408 -0.772998 -0
    outer loop
      vertex -10.7019 -10.7019 -2.6
      vertex -11.1944 -10.2977 -5
      vertex -10.7019 -10.7019 -5
    endloop
  endfacet
  facet normal -0.772998 -0.634408 0
    outer loop
      vertex -10.2977 -11.1944 -5
      vertex -10.7019 -10.7019 -2.6
      vertex -10.7019 -10.7019 -5
    endloop
  endfacet
  facet normal -0.772998 -0.634408 0
    outer loop
      vertex -10.7019 -10.7019 -2.6
      vertex -10.2977 -11.1944 -5
      vertex -10.2977 -11.1944 -2.6
    endloop
  endfacet
  facet normal -0.881942 -0.471358 0
    outer loop
      vertex -9.99739 -11.7563 -5
      vertex -10.2977 -11.1944 -2.6
      vertex -10.2977 -11.1944 -5
    endloop
  endfacet
  facet normal -0.881942 -0.471358 0
    outer loop
      vertex -10.2977 -11.1944 -2.6
      vertex -9.99739 -11.7563 -5
      vertex -9.99739 -11.7563 -2.6
    endloop
  endfacet
  facet normal -0.956945 -0.29027 0
    outer loop
      vertex -9.81245 -12.366 -5
      vertex -9.99739 -11.7563 -2.6
      vertex -9.99739 -11.7563 -5
    endloop
  endfacet
  facet normal -0.956945 -0.29027 0
    outer loop
      vertex -9.99739 -11.7563 -2.6
      vertex -9.81245 -12.366 -5
      vertex -9.81245 -12.366 -2.6
    endloop
  endfacet
  facet normal -0.995184 -0.0980272 0
    outer loop
      vertex -9.75 -13 -5
      vertex -9.81245 -12.366 -2.6
      vertex -9.81245 -12.366 -5
    endloop
  endfacet
  facet normal -0.995184 -0.0980272 0
    outer loop
      vertex -9.81245 -12.366 -2.6
      vertex -9.75 -13 -5
      vertex -9.75 -13 -2.6
    endloop
  endfacet
  facet normal -0.995184 0.0980272 0
    outer loop
      vertex -9.81245 -13.634 -5
      vertex -9.75 -13 -2.6
      vertex -9.75 -13 -5
    endloop
  endfacet
  facet normal -0.995184 0.0980272 0
    outer loop
      vertex -9.75 -13 -2.6
      vertex -9.81245 -13.634 -5
      vertex -9.81245 -13.634 -2.6
    endloop
  endfacet
  facet normal -0.956945 0.29027 0
    outer loop
      vertex -9.99739 -14.2437 -5
      vertex -9.81245 -13.634 -2.6
      vertex -9.81245 -13.634 -5
    endloop
  endfacet
  facet normal -0.956945 0.29027 0
    outer loop
      vertex -9.81245 -13.634 -2.6
      vertex -9.99739 -14.2437 -5
      vertex -9.99739 -14.2437 -2.6
    endloop
  endfacet
  facet normal -0.881942 0.471358 0
    outer loop
      vertex -10.2977 -14.8056 -5
      vertex -9.99739 -14.2437 -2.6
      vertex -9.99739 -14.2437 -5
    endloop
  endfacet
  facet normal -0.881942 0.471358 0
    outer loop
      vertex -9.99739 -14.2437 -2.6
      vertex -10.2977 -14.8056 -5
      vertex -10.2977 -14.8056 -2.6
    endloop
  endfacet
  facet normal -0.772998 0.634408 0
    outer loop
      vertex -10.7019 -15.2981 -5
      vertex -10.2977 -14.8056 -2.6
      vertex -10.2977 -14.8056 -5
    endloop
  endfacet
  facet normal -0.772998 0.634408 0
    outer loop
      vertex -10.2977 -14.8056 -2.6
      vertex -10.7019 -15.2981 -5
      vertex -10.7019 -15.2981 -2.6
    endloop
  endfacet
  facet normal -0.634408 0.772998 0
    outer loop
      vertex -10.7019 -15.2981 -5
      vertex -11.1944 -15.7023 -2.6
      vertex -10.7019 -15.2981 -2.6
    endloop
  endfacet
  facet normal -0.634408 0.772998 0
    outer loop
      vertex -11.1944 -15.7023 -2.6
      vertex -10.7019 -15.2981 -5
      vertex -11.1944 -15.7023 -5
    endloop
  endfacet
  facet normal -0.471346 0.881949 0
    outer loop
      vertex -11.1944 -15.7023 -5
      vertex -11.7563 -16.0026 -2.6
      vertex -11.1944 -15.7023 -2.6
    endloop
  endfacet
  facet normal -0.471346 0.881949 0
    outer loop
      vertex -11.7563 -16.0026 -2.6
      vertex -11.1944 -15.7023 -5
      vertex -11.7563 -16.0026 -5
    endloop
  endfacet
  facet normal -0.290212 0.956962 0
    outer loop
      vertex -11.7563 -16.0026 -5
      vertex -12.366 -16.1875 -2.6
      vertex -11.7563 -16.0026 -2.6
    endloop
  endfacet
  facet normal -0.290212 0.956962 0
    outer loop
      vertex -12.366 -16.1875 -2.6
      vertex -11.7563 -16.0026 -5
      vertex -12.366 -16.1875 -5
    endloop
  endfacet
  facet normal -0.0981049 0.995176 0
    outer loop
      vertex -12.366 -16.1875 -5
      vertex -13 -16.25 -2.6
      vertex -12.366 -16.1875 -2.6
    endloop
  endfacet
  facet normal -0.0981049 0.995176 0
    outer loop
      vertex -13 -16.25 -2.6
      vertex -12.366 -16.1875 -5
      vertex -13 -16.25 -5
    endloop
  endfacet
  facet normal 0.0981049 0.995176 -0
    outer loop
      vertex -13 -16.25 -5
      vertex -13.634 -16.1875 -2.6
      vertex -13 -16.25 -2.6
    endloop
  endfacet
  facet normal 0.0981049 0.995176 0
    outer loop
      vertex -13.634 -16.1875 -2.6
      vertex -13 -16.25 -5
      vertex -13.634 -16.1875 -5
    endloop
  endfacet
  facet normal 0.290212 0.956962 -0
    outer loop
      vertex -13.634 -16.1875 -5
      vertex -14.2437 -16.0026 -2.6
      vertex -13.634 -16.1875 -2.6
    endloop
  endfacet
  facet normal 0.290212 0.956962 0
    outer loop
      vertex -14.2437 -16.0026 -2.6
      vertex -13.634 -16.1875 -5
      vertex -14.2437 -16.0026 -5
    endloop
  endfacet
  facet normal 0.634408 0.772998 -0
    outer loop
      vertex -14.8056 -15.7023 -5
      vertex -15.2981 -15.2981 -2.6
      vertex -14.8056 -15.7023 -2.6
    endloop
  endfacet
  facet normal 0.634408 0.772998 0
    outer loop
      vertex -15.2981 -15.2981 -2.6
      vertex -14.8056 -15.7023 -5
      vertex -15.2981 -15.2981 -5
    endloop
  endfacet
  facet normal 0.471346 0.881949 -0
    outer loop
      vertex -14.2437 -16.0026 -5
      vertex -14.8056 -15.7023 -2.6
      vertex -14.2437 -16.0026 -2.6
    endloop
  endfacet
  facet normal 0.471346 0.881949 0
    outer loop
      vertex -14.8056 -15.7023 -2.6
      vertex -14.2437 -16.0026 -5
      vertex -14.8056 -15.7023 -5
    endloop
  endfacet
  facet normal 0.772998 0.634408 0
    outer loop
      vertex -15.2981 -15.2981 -2.6
      vertex -15.7023 -14.8056 -5
      vertex -15.7023 -14.8056 -2.6
    endloop
  endfacet
  facet normal 0.772998 0.634408 0
    outer loop
      vertex -15.7023 -14.8056 -5
      vertex -15.2981 -15.2981 -2.6
      vertex -15.2981 -15.2981 -5
    endloop
  endfacet
  facet normal 0.881949 0.471346 0
    outer loop
      vertex -15.7023 -14.8056 -2.6
      vertex -16.0026 -14.2437 -5
      vertex -16.0026 -14.2437 -2.6
    endloop
  endfacet
  facet normal 0.881949 0.471346 0
    outer loop
      vertex -16.0026 -14.2437 -5
      vertex -15.7023 -14.8056 -2.6
      vertex -15.7023 -14.8056 -5
    endloop
  endfacet
  facet normal 0.956962 0.290212 0
    outer loop
      vertex -16.0026 -14.2437 -2.6
      vertex -16.1875 -13.634 -5
      vertex -16.1875 -13.634 -2.6
    endloop
  endfacet
  facet normal 0.956962 0.290212 0
    outer loop
      vertex -16.1875 -13.634 -5
      vertex -16.0026 -14.2437 -2.6
      vertex -16.0026 -14.2437 -5
    endloop
  endfacet
  facet normal 0.995176 0.0981049 0
    outer loop
      vertex -16.1875 -13.634 -2.6
      vertex -16.25 -13 -5
      vertex -16.25 -13 -2.6
    endloop
  endfacet
  facet normal 0.995176 0.0981049 0
    outer loop
      vertex -16.25 -13 -5
      vertex -16.1875 -13.634 -2.6
      vertex -16.1875 -13.634 -5
    endloop
  endfacet
  facet normal 0.995215 -0.0977106 0
    outer loop
      vertex -18.1024 16.75 23.15
      vertex -18.0765 17.0138 22.95
      vertex -18.0765 17.0138 23.15
    endloop
  endfacet
  facet normal 0.995215 -0.0977106 0
    outer loop
      vertex -18.0765 17.0138 22.95
      vertex -18.1024 16.75 23.15
      vertex -18.1024 16.75 22.95
    endloop
  endfacet
  facet normal 0.956929 -0.290321 0
    outer loop
      vertex -18.0765 17.0138 23.15
      vertex -17.9995 17.2676 22.95
      vertex -17.9995 17.2676 23.15
    endloop
  endfacet
  facet normal 0.956929 -0.290321 0
    outer loop
      vertex -17.9995 17.2676 22.95
      vertex -18.0765 17.0138 23.15
      vertex -18.0765 17.0138 22.95
    endloop
  endfacet
  facet normal 0.881872 -0.471489 0
    outer loop
      vertex -17.9995 17.2676 23.15
      vertex -17.8745 17.5014 22.95
      vertex -17.8745 17.5014 23.15
    endloop
  endfacet
  facet normal 0.881872 -0.471489 0
    outer loop
      vertex -17.8745 17.5014 22.95
      vertex -17.9995 17.2676 23.15
      vertex -17.9995 17.2676 22.95
    endloop
  endfacet
  facet normal 0.772931 -0.63449 0
    outer loop
      vertex -17.8745 17.5014 23.15
      vertex -17.7063 17.7063 22.95
      vertex -17.7063 17.7063 23.15
    endloop
  endfacet
  facet normal 0.772931 -0.63449 0
    outer loop
      vertex -17.7063 17.7063 22.95
      vertex -17.8745 17.5014 23.15
      vertex -17.8745 17.5014 22.95
    endloop
  endfacet
  facet normal 0.634739 -0.772726 0
    outer loop
      vertex -17.7063 17.7063 22.95
      vertex -17.6531 17.75 23.15
      vertex -17.7063 17.7063 23.15
    endloop
  endfacet
  facet normal 0.634739 -0.772726 0
    outer loop
      vertex -17.6531 17.75 23.15
      vertex -17.7063 17.7063 22.95
      vertex -17.6531 17.75 22.95
    endloop
  endfacet
  facet normal 0 -1 0
    outer loop
      vertex -16.75 18.1024 22.95
      vertex 16.75 18.1024 23.15
      vertex -16.75 18.1024 23.15
    endloop
  endfacet
  facet normal 0 -1 -0
    outer loop
      vertex 16.75 18.1024 23.15
      vertex -16.75 18.1024 22.95
      vertex 16.75 18.1024 22.95
    endloop
  endfacet
  facet normal -0.634739 -0.772726 0
    outer loop
      vertex 17.6531 17.75 22.95
      vertex 17.7063 17.7063 23.15
      vertex 17.6531 17.75 23.15
    endloop
  endfacet
  facet normal -0.634739 -0.772726 -0
    outer loop
      vertex 17.7063 17.7063 23.15
      vertex 17.6531 17.75 22.95
      vertex 17.7063 17.7063 22.95
    endloop
  endfacet
  facet normal -0.772931 -0.63449 0
    outer loop
      vertex 17.8745 17.5014 22.95
      vertex 17.7063 17.7063 23.15
      vertex 17.7063 17.7063 22.95
    endloop
  endfacet
  facet normal -0.772931 -0.63449 0
    outer loop
      vertex 17.7063 17.7063 23.15
      vertex 17.8745 17.5014 22.95
      vertex 17.8745 17.5014 23.15
    endloop
  endfacet
  facet normal -0.881872 -0.471489 0
    outer loop
      vertex 17.9995 17.2676 22.95
      vertex 17.8745 17.5014 23.15
      vertex 17.8745 17.5014 22.95
    endloop
  endfacet
  facet normal -0.881872 -0.471489 0
    outer loop
      vertex 17.8745 17.5014 23.15
      vertex 17.9995 17.2676 22.95
      vertex 17.9995 17.2676 23.15
    endloop
  endfacet
  facet normal -0.956929 -0.290321 0
    outer loop
      vertex 18.0765 17.0138 22.95
      vertex 17.9995 17.2676 23.15
      vertex 17.9995 17.2676 22.95
    endloop
  endfacet
  facet normal -0.956929 -0.290321 0
    outer loop
      vertex 17.9995 17.2676 23.15
      vertex 18.0765 17.0138 22.95
      vertex 18.0765 17.0138 23.15
    endloop
  endfacet
  facet normal -0.995215 -0.0977106 0
    outer loop
      vertex 18.1024 16.75 22.95
      vertex 18.0765 17.0138 23.15
      vertex 18.0765 17.0138 22.95
    endloop
  endfacet
  facet normal -0.995215 -0.0977106 0
    outer loop
      vertex 18.0765 17.0138 23.15
      vertex 18.1024 16.75 22.95
      vertex 18.1024 16.75 23.15
    endloop
  endfacet
  facet normal -1 0 0
    outer loop
      vertex 18.1024 -16.75 22.95
      vertex 18.1024 16.75 23.15
      vertex 18.1024 16.75 22.95
    endloop
  endfacet
  facet normal -1 -0 0
    outer loop
      vertex 18.1024 16.75 23.15
      vertex 18.1024 -16.75 22.95
      vertex 18.1024 -16.75 23.15
    endloop
  endfacet
  facet normal -0.995215 0.0977106 0
    outer loop
      vertex 18.0765 -17.0138 22.95
      vertex 18.1024 -16.75 23.15
      vertex 18.1024 -16.75 22.95
    endloop
  endfacet
  facet normal -0.995215 0.0977106 0
    outer loop
      vertex 18.1024 -16.75 23.15
      vertex 18.0765 -17.0138 22.95
      vertex 18.0765 -17.0138 23.15
    endloop
  endfacet
  facet normal -0.956929 0.290321 0
    outer loop
      vertex 17.9995 -17.2676 22.95
      vertex 18.0765 -17.0138 23.15
      vertex 18.0765 -17.0138 22.95
    endloop
  endfacet
  facet normal -0.956929 0.290321 0
    outer loop
      vertex 18.0765 -17.0138 23.15
      vertex 17.9995 -17.2676 22.95
      vertex 17.9995 -17.2676 23.15
    endloop
  endfacet
  facet normal -0.881872 0.471489 0
    outer loop
      vertex 17.8745 -17.5014 22.95
      vertex 17.9995 -17.2676 23.15
      vertex 17.9995 -17.2676 22.95
    endloop
  endfacet
  facet normal -0.881872 0.471489 0
    outer loop
      vertex 17.9995 -17.2676 23.15
      vertex 17.8745 -17.5014 22.95
      vertex 17.8745 -17.5014 23.15
    endloop
  endfacet
  facet normal -0.772931 0.63449 0
    outer loop
      vertex 17.7063 -17.7063 22.95
      vertex 17.8745 -17.5014 23.15
      vertex 17.8745 -17.5014 22.95
    endloop
  endfacet
  facet normal -0.772931 0.63449 0
    outer loop
      vertex 17.8745 -17.5014 23.15
      vertex 17.7063 -17.7063 22.95
      vertex 17.7063 -17.7063 23.15
    endloop
  endfacet
  facet normal -0.634739 0.772726 0
    outer loop
      vertex 17.7063 -17.7063 22.95
      vertex 17.6531 -17.75 23.15
      vertex 17.7063 -17.7063 23.15
    endloop
  endfacet
  facet normal -0.634739 0.772726 0
    outer loop
      vertex 17.6531 -17.75 23.15
      vertex 17.7063 -17.7063 22.95
      vertex 17.6531 -17.75 22.95
    endloop
  endfacet
  facet normal 0 1 -0
    outer loop
      vertex 16.75 -18.1024 22.95
      vertex -16.75 -18.1024 23.15
      vertex 16.75 -18.1024 23.15
    endloop
  endfacet
  facet normal 0 1 0
    outer loop
      vertex -16.75 -18.1024 23.15
      vertex 16.75 -18.1024 22.95
      vertex -16.75 -18.1024 22.95
    endloop
  endfacet
  facet normal 0.634739 0.772726 -0
    outer loop
      vertex -17.6531 -17.75 22.95
      vertex -17.7063 -17.7063 23.15
      vertex -17.6531 -17.75 23.15
    endloop
  endfacet
  facet normal 0.634739 0.772726 0
    outer loop
      vertex -17.7063 -17.7063 23.15
      vertex -17.6531 -17.75 22.95
      vertex -17.7063 -17.7063 22.95
    endloop
  endfacet
  facet normal 0.772931 0.63449 0
    outer loop
      vertex -17.7063 -17.7063 23.15
      vertex -17.8745 -17.5014 22.95
      vertex -17.8745 -17.5014 23.15
    endloop
  endfacet
  facet normal 0.772931 0.63449 0
    outer loop
      vertex -17.8745 -17.5014 22.95
      vertex -17.7063 -17.7063 23.15
      vertex -17.7063 -17.7063 22.95
    endloop
  endfacet
  facet normal 0.881872 0.471489 0
    outer loop
      vertex -17.8745 -17.5014 23.15
      vertex -17.9995 -17.2676 22.95
      vertex -17.9995 -17.2676 23.15
    endloop
  endfacet
  facet normal 0.881872 0.471489 0
    outer loop
      vertex -17.9995 -17.2676 22.95
      vertex -17.8745 -17.5014 23.15
      vertex -17.8745 -17.5014 22.95
    endloop
  endfacet
  facet normal 0.956929 0.290321 0
    outer loop
      vertex -17.9995 -17.2676 23.15
      vertex -18.0765 -17.0138 22.95
      vertex -18.0765 -17.0138 23.15
    endloop
  endfacet
  facet normal 0.956929 0.290321 0
    outer loop
      vertex -18.0765 -17.0138 22.95
      vertex -17.9995 -17.2676 23.15
      vertex -17.9995 -17.2676 22.95
    endloop
  endfacet
  facet normal 0.995215 0.0977106 0
    outer loop
      vertex -18.0765 -17.0138 23.15
      vertex -18.1024 -16.75 22.95
      vertex -18.1024 -16.75 23.15
    endloop
  endfacet
  facet normal 0.995215 0.0977106 0
    outer loop
      vertex -18.1024 -16.75 22.95
      vertex -18.0765 -17.0138 23.15
      vertex -18.0765 -17.0138 22.95
    endloop
  endfacet
  facet normal 0.381635 0.571278 -0.726634
    outer loop
      vertex 17.8889 18.33 -4.20097
      vertex 17.8487 17.8487 -4.60048
      vertex 17.4595 18.1087 -4.60048
    endloop
  endfacet
  facet normal 0.404304 0.605213 -0.685752
    outer loop
      vertex 17.4595 18.1087 -4.60048
      vertex 17.8487 17.8487 -4.60048
      vertex 17.445 17.6657 -5
    endloop
  endfacet
  facet normal 0.0736856 0.746904 -0.660837
    outer loop
      vertex 17.4595 18.1087 -4.60048
      vertex 17.1566 17.7851 -5
      vertex 17.0005 17.8005 -5
    endloop
  endfacet
  facet normal 0.205634 0.678366 -0.705361
    outer loop
      vertex 17.4595 18.1087 -4.60048
      vertex 17.3067 17.7396 -5
      vertex 17.1566 17.7851 -5
    endloop
  endfacet
  facet normal 0.334069 0.625194 -0.705358
    outer loop
      vertex 17.4595 18.1087 -4.60048
      vertex 17.445 17.6657 -5
      vertex 17.3067 17.7396 -5
    endloop
  endfacet
  facet normal 0.13929 0.700227 -0.7002
    outer loop
      vertex 17.0005 18.5995 -4.20097
      vertex 17.4595 18.1087 -4.60048
      vertex 17.0005 17.8005 -5
    endloop
  endfacet
  facet normal 0.0655412 0.666086 -0.74299
    outer loop
      vertex 17.3125 18.5688 -4.20097
      vertex 17.4595 18.1087 -4.60048
      vertex 17.0005 18.5995 -4.20097
    endloop
  endfacet
  facet normal 0.205809 0.678267 -0.705405
    outer loop
      vertex 17.6124 18.4778 -4.20097
      vertex 17.4595 18.1087 -4.60048
      vertex 17.3125 18.5688 -4.20097
    endloop
  endfacet
  facet normal 0.334142 0.625103 -0.705404
    outer loop
      vertex 17.6124 18.4778 -4.20097
      vertex 17.8889 18.33 -4.20097
      vertex 17.4595 18.1087 -4.60048
    endloop
  endfacet
  facet normal 0.605213 0.404304 -0.685752
    outer loop
      vertex 17.8487 17.8487 -4.60048
      vertex 18.1087 17.4595 -4.60048
      vertex 17.6657 17.445 -5
    endloop
  endfacet
  facet normal 0.571278 0.381635 -0.726634
    outer loop
      vertex 18.33 17.8889 -4.20097
      vertex 18.1087 17.4595 -4.60048
      vertex 17.8487 17.8487 -4.60048
    endloop
  endfacet
  facet normal 0.449755 0.547842 -0.7054
    outer loop
      vertex 17.8487 17.8487 -4.60048
      vertex 17.5662 17.5662 -5
      vertex 17.445 17.6657 -5
    endloop
  endfacet
  facet normal 0.547842 0.449755 -0.7054
    outer loop
      vertex 17.8487 17.8487 -4.60048
      vertex 17.6657 17.445 -5
      vertex 17.5662 17.5662 -5
    endloop
  endfacet
  facet normal 0.449597 0.547974 -0.705399
    outer loop
      vertex 17.8889 18.33 -4.20097
      vertex 18.1312 18.1312 -4.20097
      vertex 17.8487 17.8487 -4.60048
    endloop
  endfacet
  facet normal 0.547974 0.449597 -0.705399
    outer loop
      vertex 18.1312 18.1312 -4.20097
      vertex 18.33 17.8889 -4.20097
      vertex 17.8487 17.8487 -4.60048
    endloop
  endfacet
  facet normal 0.625194 0.334069 -0.705358
    outer loop
      vertex 18.1087 17.4595 -4.60048
      vertex 17.7396 17.3067 -5
      vertex 17.6657 17.445 -5
    endloop
  endfacet
  facet normal 0.678366 0.205634 -0.705361
    outer loop
      vertex 18.1087 17.4595 -4.60048
      vertex 17.7851 17.1566 -5
      vertex 17.7396 17.3067 -5
    endloop
  endfacet
  facet normal 0.746904 0.0736856 -0.660837
    outer loop
      vertex 18.1087 17.4595 -4.60048
      vertex 17.8005 17.0005 -5
      vertex 17.7851 17.1566 -5
    endloop
  endfacet
  facet normal 0.625103 0.334142 -0.705404
    outer loop
      vertex 18.33 17.8889 -4.20097
      vertex 18.4778 17.6124 -4.20097
      vertex 18.1087 17.4595 -4.60048
    endloop
  endfacet
  facet normal 0.678267 0.205809 -0.705405
    outer loop
      vertex 18.4778 17.6124 -4.20097
      vertex 18.5688 17.3125 -4.20097
      vertex 18.1087 17.4595 -4.60048
    endloop
  endfacet
  facet normal 0.666086 0.0655412 -0.74299
    outer loop
      vertex 18.5688 17.3125 -4.20097
      vertex 18.5995 17.0005 -4.20097
      vertex 18.1087 17.4595 -4.60048
    endloop
  endfacet
  facet normal 0.700227 0.13929 -0.7002
    outer loop
      vertex 18.1087 17.4595 -4.60048
      vertex 18.5995 17.0005 -4.20097
      vertex 17.8005 17.0005 -5
    endloop
  endfacet
  facet normal 0.571278 -0.381635 -0.726634
    outer loop
      vertex 18.1087 -17.4595 -4.60048
      vertex 18.33 -17.8889 -4.20097
      vertex 17.8487 -17.8487 -4.60048
    endloop
  endfacet
  facet normal 0.605213 -0.404304 -0.685752
    outer loop
      vertex 18.1087 -17.4595 -4.60048
      vertex 17.8487 -17.8487 -4.60048
      vertex 17.6657 -17.445 -5
    endloop
  endfacet
  facet normal 0.746904 -0.0736856 -0.660837
    outer loop
      vertex 17.8005 -17.0005 -5
      vertex 18.1087 -17.4595 -4.60048
      vertex 17.7851 -17.1566 -5
    endloop
  endfacet
  facet normal 0.678366 -0.205634 -0.705361
    outer loop
      vertex 17.7851 -17.1566 -5
      vertex 18.1087 -17.4595 -4.60048
      vertex 17.7396 -17.3067 -5
    endloop
  endfacet
  facet normal 0.625194 -0.334069 -0.705358
    outer loop
      vertex 17.7396 -17.3067 -5
      vertex 18.1087 -17.4595 -4.60048
      vertex 17.6657 -17.445 -5
    endloop
  endfacet
  facet normal 0.700227 -0.13929 -0.7002
    outer loop
      vertex 18.5995 -17.0005 -4.20097
      vertex 18.1087 -17.4595 -4.60048
      vertex 17.8005 -17.0005 -5
    endloop
  endfacet
  facet normal 0.666086 -0.0655412 -0.74299
    outer loop
      vertex 18.5995 -17.0005 -4.20097
      vertex 18.5688 -17.3125 -4.20097
      vertex 18.1087 -17.4595 -4.60048
    endloop
  endfacet
  facet normal 0.678267 -0.205809 -0.705405
    outer loop
      vertex 18.5688 -17.3125 -4.20097
      vertex 18.4778 -17.6124 -4.20097
      vertex 18.1087 -17.4595 -4.60048
    endloop
  endfacet
  facet normal 0.625103 -0.334142 -0.705404
    outer loop
      vertex 18.4778 -17.6124 -4.20097
      vertex 18.33 -17.8889 -4.20097
      vertex 18.1087 -17.4595 -4.60048
    endloop
  endfacet
  facet normal 0.404304 -0.605213 -0.685752
    outer loop
      vertex 17.8487 -17.8487 -4.60048
      vertex 17.4595 -18.1087 -4.60048
      vertex 17.445 -17.6657 -5
    endloop
  endfacet
  facet normal 0.381635 -0.571278 -0.726634
    outer loop
      vertex 17.8487 -17.8487 -4.60048
      vertex 17.8889 -18.33 -4.20097
      vertex 17.4595 -18.1087 -4.60048
    endloop
  endfacet
  facet normal 0.547842 -0.449755 -0.7054
    outer loop
      vertex 17.6657 -17.445 -5
      vertex 17.8487 -17.8487 -4.60048
      vertex 17.5662 -17.5662 -5
    endloop
  endfacet
  facet normal 0.449755 -0.547842 -0.7054
    outer loop
      vertex 17.5662 -17.5662 -5
      vertex 17.8487 -17.8487 -4.60048
      vertex 17.445 -17.6657 -5
    endloop
  endfacet
  facet normal 0.547974 -0.449597 -0.705399
    outer loop
      vertex 18.33 -17.8889 -4.20097
      vertex 18.1312 -18.1312 -4.20097
      vertex 17.8487 -17.8487 -4.60048
    endloop
  endfacet
  facet normal 0.449597 -0.547974 -0.705399
    outer loop
      vertex 18.1312 -18.1312 -4.20097
      vertex 17.8889 -18.33 -4.20097
      vertex 17.8487 -17.8487 -4.60048
    endloop
  endfacet
  facet normal 0.334069 -0.625194 -0.705358
    outer loop
      vertex 17.445 -17.6657 -5
      vertex 17.4595 -18.1087 -4.60048
      vertex 17.3067 -17.7396 -5
    endloop
  endfacet
  facet normal 0.205634 -0.678366 -0.705361
    outer loop
      vertex 17.3067 -17.7396 -5
      vertex 17.4595 -18.1087 -4.60048
      vertex 17.1566 -17.7851 -5
    endloop
  endfacet
  facet normal 0.0736856 -0.746904 -0.660837
    outer loop
      vertex 17.1566 -17.7851 -5
      vertex 17.4595 -18.1087 -4.60048
      vertex 17.0005 -17.8005 -5
    endloop
  endfacet
  facet normal 0.334142 -0.625103 -0.705404
    outer loop
      vertex 17.8889 -18.33 -4.20097
      vertex 17.6124 -18.4778 -4.20097
      vertex 17.4595 -18.1087 -4.60048
    endloop
  endfacet
  facet normal 0.205809 -0.678267 -0.705405
    outer loop
      vertex 17.4595 -18.1087 -4.60048
      vertex 17.6124 -18.4778 -4.20097
      vertex 17.3125 -18.5688 -4.20097
    endloop
  endfacet
  facet normal 0.0655412 -0.666086 -0.74299
    outer loop
      vertex 17.4595 -18.1087 -4.60048
      vertex 17.3125 -18.5688 -4.20097
      vertex 17.0005 -18.5995 -4.20097
    endloop
  endfacet
  facet normal 0.13929 -0.700227 -0.7002
    outer loop
      vertex 17.0005 -17.8005 -5
      vertex 17.4595 -18.1087 -4.60048
      vertex 17.0005 -18.5995 -4.20097
    endloop
  endfacet
  facet normal 0.70712 0 -0.707094
    outer loop
      vertex 18.5995 -17.0005 -4.20097
      vertex 17.8005 17.0005 -5
      vertex 18.5995 17.0005 -4.20097
    endloop
  endfacet
  facet normal 0.70712 0 -0.707094
    outer loop
      vertex 17.8005 17.0005 -5
      vertex 18.5995 -17.0005 -4.20097
      vertex 17.8005 -17.0005 -5
    endloop
  endfacet
  facet normal 0 -0.70712 -0.707094
    outer loop
      vertex -17.0005 -17.8005 -5
      vertex 17.0005 -18.5995 -4.20097
      vertex -17.0005 -18.5995 -4.20097
    endloop
  endfacet
  facet normal 0 -0.70712 -0.707094
    outer loop
      vertex 17.0005 -18.5995 -4.20097
      vertex -17.0005 -17.8005 -5
      vertex 17.0005 -17.8005 -5
    endloop
  endfacet
  facet normal 0 0 -1
    outer loop
      vertex 10.2977 -11.1944 -5
      vertex -10.2977 -11.1944 -5
      vertex 10.7019 -10.7019 -5
    endloop
  endfacet
  facet normal 0 0 -1
    outer loop
      vertex 10.7019 10.7019 -5
      vertex -9.81245 12.366 -5
      vertex -9.75 13 -5
    endloop
  endfacet
  facet normal 0 0 -1
    outer loop
      vertex -10.7019 -10.7019 -5
      vertex 10.7019 -10.7019 -5
      vertex -10.2977 -11.1944 -5
    endloop
  endfacet
  facet normal 0 0 -1
    outer loop
      vertex 10.7019 10.7019 -5
      vertex -9.99739 11.7563 -5
      vertex -9.81245 12.366 -5
    endloop
  endfacet
  facet normal 0 0 -1
    outer loop
      vertex 10.7019 -10.7019 -5
      vertex -10.7019 -10.7019 -5
      vertex 10.7019 10.7019 -5
    endloop
  endfacet
  facet normal 0 0 -1
    outer loop
      vertex 10.7019 10.7019 -5
      vertex -10.2977 11.1944 -5
      vertex -9.99739 11.7563 -5
    endloop
  endfacet
  facet normal 0 0 -1
    outer loop
      vertex -10.7019 10.7019 -5
      vertex 10.7019 10.7019 -5
      vertex -10.7019 -10.7019 -5
    endloop
  endfacet
  facet normal 0 0 -1
    outer loop
      vertex 10.7019 10.7019 -5
      vertex -10.7019 10.7019 -5
      vertex -10.2977 11.1944 -5
    endloop
  endfacet
  facet normal 0 0 -1
    outer loop
      vertex -11.1944 -10.2977 -5
      vertex -10.7019 10.7019 -5
      vertex -10.7019 -10.7019 -5
    endloop
  endfacet
  facet normal 0 0 -1
    outer loop
      vertex -11.1944 -10.2977 -5
      vertex -11.1944 10.2977 -5
      vertex -10.7019 10.7019 -5
    endloop
  endfacet
  facet normal 0 0 -1
    outer loop
      vertex -11.7563 -9.99739 -5
      vertex -11.1944 10.2977 -5
      vertex -11.1944 -10.2977 -5
    endloop
  endfacet
  facet normal 0 0 -1
    outer loop
      vertex -11.7563 -9.99739 -5
      vertex -11.7563 9.99739 -5
      vertex -11.1944 10.2977 -5
    endloop
  endfacet
  facet normal 0 0 -1
    outer loop
      vertex -12.366 -9.81245 -5
      vertex -11.7563 9.99739 -5
      vertex -11.7563 -9.99739 -5
    endloop
  endfacet
  facet normal 0 0 -1
    outer loop
      vertex -12.366 -9.81245 -5
      vertex -12.366 9.81245 -5
      vertex -11.7563 9.99739 -5
    endloop
  endfacet
  facet normal 0 0 -1
    outer loop
      vertex -13 -9.75 -5
      vertex -12.366 9.81245 -5
      vertex -12.366 -9.81245 -5
    endloop
  endfacet
  facet normal 0 0 -1
    outer loop
      vertex -13 -9.75 -5
      vertex -13 9.75 -5
      vertex -12.366 9.81245 -5
    endloop
  endfacet
  facet normal 0 0 -1
    outer loop
      vertex -13.634 -9.81245 -5
      vertex -13 9.75 -5
      vertex -13 -9.75 -5
    endloop
  endfacet
  facet normal 0 0 -1
    outer loop
      vertex -13.634 -9.81245 -5
      vertex -13.634 9.81245 -5
      vertex -13 9.75 -5
    endloop
  endfacet
  facet normal 0 0 -1
    outer loop
      vertex -14.2437 -9.99739 -5
      vertex -13.634 9.81245 -5
      vertex -13.634 -9.81245 -5
    endloop
  endfacet
  facet normal 0 0 -1
    outer loop
      vertex -14.2437 -9.99739 -5
      vertex -14.2437 9.99739 -5
      vertex -13.634 9.81245 -5
    endloop
  endfacet
  facet normal 0 0 -1
    outer loop
      vertex -14.8056 -10.2977 -5
      vertex -14.2437 9.99739 -5
      vertex -14.2437 -9.99739 -5
    endloop
  endfacet
  facet normal 0 0 -1
    outer loop
      vertex -14.8056 -10.2977 -5
      vertex -14.8056 10.2977 -5
      vertex -14.2437 9.99739 -5
    endloop
  endfacet
  facet normal 0 0 -1
    outer loop
      vertex -15.2981 -10.7019 -5
      vertex -14.8056 10.2977 -5
      vertex -14.8056 -10.2977 -5
    endloop
  endfacet
  facet normal 0 0 -1
    outer loop
      vertex -15.2981 -10.7019 -5
      vertex -15.2981 10.7019 -5
      vertex -14.8056 10.2977 -5
    endloop
  endfacet
  facet normal 0 0 -1
    outer loop
      vertex -15.7023 -11.1944 -5
      vertex -15.2981 10.7019 -5
      vertex -15.2981 -10.7019 -5
    endloop
  endfacet
  facet normal 0 0 -1
    outer loop
      vertex -15.7023 -11.1944 -5
      vertex -15.7023 11.1944 -5
      vertex -15.2981 10.7019 -5
    endloop
  endfacet
  facet normal 0 0 -1
    outer loop
      vertex -16.0026 -11.7563 -5
      vertex -15.7023 11.1944 -5
      vertex -15.7023 -11.1944 -5
    endloop
  endfacet
  facet normal 0 0 -1
    outer loop
      vertex -16.0026 -11.7563 -5
      vertex -16.0026 11.7563 -5
      vertex -15.7023 11.1944 -5
    endloop
  endfacet
  facet normal 0 0 -1
    outer loop
      vertex -16.1875 -12.366 -5
      vertex -16.0026 11.7563 -5
      vertex -16.0026 -11.7563 -5
    endloop
  endfacet
  facet normal 0 0 -1
    outer loop
      vertex -16.1875 -12.366 -5
      vertex -16.1875 12.366 -5
      vertex -16.0026 11.7563 -5
    endloop
  endfacet
  facet normal 0 0 -1
    outer loop
      vertex -17.8005 -17.0005 -5
      vertex -16.1875 -12.366 -5
      vertex -16.25 -13 -5
    endloop
  endfacet
  facet normal -0 0 -1
    outer loop
      vertex -16.1875 -12.366 -5
      vertex -17.8005 -17.0005 -5
      vertex -16.1875 12.366 -5
    endloop
  endfacet
  facet normal 0 0 -1
    outer loop
      vertex 16.1875 12.366 -5
      vertex 17.8005 17.0005 -5
      vertex 16.1875 -12.366 -5
    endloop
  endfacet
  facet normal 0 0 -1
    outer loop
      vertex 17.8005 17.0005 -5
      vertex 16.1875 12.366 -5
      vertex 16.25 13 -5
    endloop
  endfacet
  facet normal 0 0 -1
    outer loop
      vertex 16.0026 -11.7563 -5
      vertex 16.1875 12.366 -5
      vertex 16.1875 -12.366 -5
    endloop
  endfacet
  facet normal 0 0 -1
    outer loop
      vertex 16.0026 -11.7563 -5
      vertex 16.0026 11.7563 -5
      vertex 16.1875 12.366 -5
    endloop
  endfacet
  facet normal 0 0 -1
    outer loop
      vertex 15.7023 -11.1944 -5
      vertex 16.0026 11.7563 -5
      vertex 16.0026 -11.7563 -5
    endloop
  endfacet
  facet normal 0 0 -1
    outer loop
      vertex 15.7023 -11.1944 -5
      vertex 15.7023 11.1944 -5
      vertex 16.0026 11.7563 -5
    endloop
  endfacet
  facet normal 0 0 -1
    outer loop
      vertex 15.2981 -10.7019 -5
      vertex 15.7023 11.1944 -5
      vertex 15.7023 -11.1944 -5
    endloop
  endfacet
  facet normal 0 0 -1
    outer loop
      vertex 15.2981 -10.7019 -5
      vertex 15.2981 10.7019 -5
      vertex 15.7023 11.1944 -5
    endloop
  endfacet
  facet normal 0 0 -1
    outer loop
      vertex 14.8056 -10.2977 -5
      vertex 15.2981 10.7019 -5
      vertex 15.2981 -10.7019 -5
    endloop
  endfacet
  facet normal 0 0 -1
    outer loop
      vertex 14.8056 -10.2977 -5
      vertex 14.8056 10.2977 -5
      vertex 15.2981 10.7019 -5
    endloop
  endfacet
  facet normal 0 0 -1
    outer loop
      vertex 14.2437 -9.99739 -5
      vertex 14.8056 10.2977 -5
      vertex 14.8056 -10.2977 -5
    endloop
  endfacet
  facet normal 0 0 -1
    outer loop
      vertex 14.2437 -9.99739 -5
      vertex 14.2437 9.99739 -5
      vertex 14.8056 10.2977 -5
    endloop
  endfacet
  facet normal 0 0 -1
    outer loop
      vertex 13.634 -9.81245 -5
      vertex 14.2437 9.99739 -5
      vertex 14.2437 -9.99739 -5
    endloop
  endfacet
  facet normal 0 0 -1
    outer loop
      vertex 13.634 -9.81245 -5
      vertex 13.634 9.81245 -5
      vertex 14.2437 9.99739 -5
    endloop
  endfacet
  facet normal 0 0 -1
    outer loop
      vertex 13 -9.75 -5
      vertex 13.634 9.81245 -5
      vertex 13.634 -9.81245 -5
    endloop
  endfacet
  facet normal 0 0 -1
    outer loop
      vertex 13 -9.75 -5
      vertex 13 9.75 -5
      vertex 13.634 9.81245 -5
    endloop
  endfacet
  facet normal 0 0 -1
    outer loop
      vertex 12.366 -9.81245 -5
      vertex 13 9.75 -5
      vertex 13 -9.75 -5
    endloop
  endfacet
  facet normal 0 0 -1
    outer loop
      vertex 12.366 -9.81245 -5
      vertex 12.366 9.81245 -5
      vertex 13 9.75 -5
    endloop
  endfacet
  facet normal 0 0 -1
    outer loop
      vertex 11.7563 -9.99739 -5
      vertex 12.366 9.81245 -5
      vertex 12.366 -9.81245 -5
    endloop
  endfacet
  facet normal 0 0 -1
    outer loop
      vertex 11.7563 -9.99739 -5
      vertex 11.7563 9.99739 -5
      vertex 12.366 9.81245 -5
    endloop
  endfacet
  facet normal 0 0 -1
    outer loop
      vertex 11.1944 -10.2977 -5
      vertex 11.7563 9.99739 -5
      vertex 11.7563 -9.99739 -5
    endloop
  endfacet
  facet normal 0 0 -1
    outer loop
      vertex 11.1944 -10.2977 -5
      vertex 11.1944 10.2977 -5
      vertex 11.7563 9.99739 -5
    endloop
  endfacet
  facet normal 0 0 -1
    outer loop
      vertex 10.7019 -10.7019 -5
      vertex 11.1944 10.2977 -5
      vertex 11.1944 -10.2977 -5
    endloop
  endfacet
  facet normal 0 0 -1
    outer loop
      vertex 10.7019 -10.7019 -5
      vertex 10.7019 10.7019 -5
      vertex 11.1944 10.2977 -5
    endloop
  endfacet
  facet normal 0 0 -1
    outer loop
      vertex -9.99739 -11.7563 -5
      vertex 9.99739 -11.7563 -5
      vertex -9.81245 -12.366 -5
    endloop
  endfacet
  facet normal 0 0 -1
    outer loop
      vertex 9.99739 -11.7563 -5
      vertex -9.99739 -11.7563 -5
      vertex 10.2977 -11.1944 -5
    endloop
  endfacet
  facet normal 0 0 -1
    outer loop
      vertex 9.81245 -12.366 -5
      vertex -9.81245 -12.366 -5
      vertex 9.99739 -11.7563 -5
    endloop
  endfacet
  facet normal 0 0 -1
    outer loop
      vertex -10.2977 -11.1944 -5
      vertex 10.2977 -11.1944 -5
      vertex -9.99739 -11.7563 -5
    endloop
  endfacet
  facet normal 0 0 -1
    outer loop
      vertex -9.81245 -12.366 -5
      vertex 9.81245 -12.366 -5
      vertex -9.75 -13 -5
    endloop
  endfacet
  facet normal 0 0 -1
    outer loop
      vertex 10.7019 10.7019 -5
      vertex -9.75 13 -5
      vertex 10.2977 11.1944 -5
    endloop
  endfacet
  facet normal 0 0 -1
    outer loop
      vertex -9.75 -13 -5
      vertex 9.81245 -12.366 -5
      vertex 9.75 -13 -5
    endloop
  endfacet
  facet normal 0 0 -1
    outer loop
      vertex 10.2977 11.1944 -5
      vertex -9.75 13 -5
      vertex 9.99739 11.7563 -5
    endloop
  endfacet
  facet normal 0 0 -1
    outer loop
      vertex 17.0005 -17.8005 -5
      vertex 17.8005 -17.0005 -5
      vertex 17.7851 -17.1566 -5
    endloop
  endfacet
  facet normal 0 0 -1
    outer loop
      vertex 16.1875 -12.366 -5
      vertex 17.8005 -17.0005 -5
      vertex 16.25 -13 -5
    endloop
  endfacet
  facet normal 0 0 -1
    outer loop
      vertex 17.0005 -17.8005 -5
      vertex 17.7851 -17.1566 -5
      vertex 17.7396 -17.3067 -5
    endloop
  endfacet
  facet normal 0 0 -1
    outer loop
      vertex 17.8005 -17.0005 -5
      vertex 16.1875 -12.366 -5
      vertex 17.8005 17.0005 -5
    endloop
  endfacet
  facet normal 0 0 -1
    outer loop
      vertex 17.0005 -17.8005 -5
      vertex 17.7396 -17.3067 -5
      vertex 17.6657 -17.445 -5
    endloop
  endfacet
  facet normal 0 0 -1
    outer loop
      vertex 16.1875 13.634 -5
      vertex 17.8005 17.0005 -5
      vertex 16.25 13 -5
    endloop
  endfacet
  facet normal 0 0 -1
    outer loop
      vertex 17.0005 -17.8005 -5
      vertex 17.6657 -17.445 -5
      vertex 17.5662 -17.5662 -5
    endloop
  endfacet
  facet normal 0 0 -1
    outer loop
      vertex 16.0026 14.2437 -5
      vertex 17.8005 17.0005 -5
      vertex 16.1875 13.634 -5
    endloop
  endfacet
  facet normal 0 0 -1
    outer loop
      vertex 17.0005 -17.8005 -5
      vertex 17.5662 -17.5662 -5
      vertex 17.445 -17.6657 -5
    endloop
  endfacet
  facet normal 0 0 -1
    outer loop
      vertex 15.7023 14.8056 -5
      vertex 17.8005 17.0005 -5
      vertex 16.0026 14.2437 -5
    endloop
  endfacet
  facet normal 0 0 -1
    outer loop
      vertex 17.0005 -17.8005 -5
      vertex 17.445 -17.6657 -5
      vertex 17.3067 -17.7396 -5
    endloop
  endfacet
  facet normal 0 0 -1
    outer loop
      vertex 15.2981 15.2981 -5
      vertex 17.8005 17.0005 -5
      vertex 15.7023 14.8056 -5
    endloop
  endfacet
  facet normal 0 0 -1
    outer loop
      vertex 17.0005 -17.8005 -5
      vertex 17.3067 -17.7396 -5
      vertex 17.1566 -17.7851 -5
    endloop
  endfacet
  facet normal 0 -0 -1
    outer loop
      vertex 17.0005 17.8005 -5
      vertex 17.8005 17.0005 -5
      vertex 15.2981 15.2981 -5
    endloop
  endfacet
  facet normal -0 0 -1
    outer loop
      vertex 17.8005 -17.0005 -5
      vertex 17.0005 -17.8005 -5
      vertex 15.2981 -15.2981 -5
    endloop
  endfacet
  facet normal 0 0 -1
    outer loop
      vertex 17.8005 17.0005 -5
      vertex 17.0005 17.8005 -5
      vertex 17.7851 17.1566 -5
    endloop
  endfacet
  facet normal 0 0 -1
    outer loop
      vertex 17.7851 17.1566 -5
      vertex 17.0005 17.8005 -5
      vertex 17.7396 17.3067 -5
    endloop
  endfacet
  facet normal 0 0 -1
    outer loop
      vertex 17.8005 -17.0005 -5
      vertex 16.1875 -13.634 -5
      vertex 16.25 -13 -5
    endloop
  endfacet
  facet normal 0 0 -1
    outer loop
      vertex 17.8005 -17.0005 -5
      vertex 16.0026 -14.2437 -5
      vertex 16.1875 -13.634 -5
    endloop
  endfacet
  facet normal 0 0 -1
    outer loop
      vertex 17.8005 -17.0005 -5
      vertex 15.7023 -14.8056 -5
      vertex 16.0026 -14.2437 -5
    endloop
  endfacet
  facet normal 0 0 -1
    outer loop
      vertex 17.8005 -17.0005 -5
      vertex 15.2981 -15.2981 -5
      vertex 15.7023 -14.8056 -5
    endloop
  endfacet
  facet normal 0 0 -1
    outer loop
      vertex 17.0005 -17.8005 -5
      vertex 14.8056 -15.7023 -5
      vertex 15.2981 -15.2981 -5
    endloop
  endfacet
  facet normal 0 0 -1
    outer loop
      vertex 17.0005 -17.8005 -5
      vertex 14.2437 -16.0026 -5
      vertex 14.8056 -15.7023 -5
    endloop
  endfacet
  facet normal 0 0 -1
    outer loop
      vertex 17.0005 -17.8005 -5
      vertex 13.634 -16.1875 -5
      vertex 14.2437 -16.0026 -5
    endloop
  endfacet
  facet normal 0 0 -1
    outer loop
      vertex 17.0005 -17.8005 -5
      vertex 13 -16.25 -5
      vertex 13.634 -16.1875 -5
    endloop
  endfacet
  facet normal 0 0 -1
    outer loop
      vertex 17.0005 -17.8005 -5
      vertex 12.366 -16.1875 -5
      vertex 13 -16.25 -5
    endloop
  endfacet
  facet normal 0 0 -1
    outer loop
      vertex -12.366 -16.1875 -5
      vertex 12.366 -16.1875 -5
      vertex 17.0005 -17.8005 -5
    endloop
  endfacet
  facet normal 0 0 -1
    outer loop
      vertex 9.99739 11.7563 -5
      vertex -9.75 13 -5
      vertex 9.81245 12.366 -5
    endloop
  endfacet
  facet normal 0 0 -1
    outer loop
      vertex 9.81245 -13.634 -5
      vertex -9.75 -13 -5
      vertex 9.75 -13 -5
    endloop
  endfacet
  facet normal 0 0 -1
    outer loop
      vertex -9.81245 -13.634 -5
      vertex 9.81245 -13.634 -5
      vertex 9.99739 -14.2437 -5
    endloop
  endfacet
  facet normal 0 0 -1
    outer loop
      vertex -9.99739 -14.2437 -5
      vertex 9.99739 -14.2437 -5
      vertex 10.2977 -14.8056 -5
    endloop
  endfacet
  facet normal 0 0 -1
    outer loop
      vertex -10.2977 -14.8056 -5
      vertex 10.2977 -14.8056 -5
      vertex 10.7019 -15.2981 -5
    endloop
  endfacet
  facet normal 0 0 -1
    outer loop
      vertex -10.7019 -15.2981 -5
      vertex 10.7019 -15.2981 -5
      vertex 11.1944 -15.7023 -5
    endloop
  endfacet
  facet normal 0 0 -1
    outer loop
      vertex -11.1944 -15.7023 -5
      vertex 11.1944 -15.7023 -5
      vertex 11.7563 -16.0026 -5
    endloop
  endfacet
  facet normal 0 0 -1
    outer loop
      vertex 12.366 -16.1875 -5
      vertex -12.366 -16.1875 -5
      vertex 11.7563 -16.0026 -5
    endloop
  endfacet
  facet normal 0 0 -1
    outer loop
      vertex 9.81245 -13.634 -5
      vertex -9.81245 -13.634 -5
      vertex -9.75 -13 -5
    endloop
  endfacet
  facet normal 0 0 -1
    outer loop
      vertex 9.99739 -14.2437 -5
      vertex -9.99739 -14.2437 -5
      vertex -9.81245 -13.634 -5
    endloop
  endfacet
  facet normal 0 0 -1
    outer loop
      vertex 10.2977 -14.8056 -5
      vertex -10.2977 -14.8056 -5
      vertex -9.99739 -14.2437 -5
    endloop
  endfacet
  facet normal 0 0 -1
    outer loop
      vertex 10.7019 -15.2981 -5
      vertex -10.7019 -15.2981 -5
      vertex -10.2977 -14.8056 -5
    endloop
  endfacet
  facet normal 0 0 -1
    outer loop
      vertex 11.1944 -15.7023 -5
      vertex -11.1944 -15.7023 -5
      vertex -10.7019 -15.2981 -5
    endloop
  endfacet
  facet normal 0 0 -1
    outer loop
      vertex 11.7563 -16.0026 -5
      vertex -11.7563 -16.0026 -5
      vertex -11.1944 -15.7023 -5
    endloop
  endfacet
  facet normal -0 0 -1
    outer loop
      vertex 11.7563 -16.0026 -5
      vertex -12.366 -16.1875 -5
      vertex -11.7563 -16.0026 -5
    endloop
  endfacet
  facet normal 0 0 -1
    outer loop
      vertex -17.0005 -17.8005 -5
      vertex -12.366 -16.1875 -5
      vertex 17.0005 -17.8005 -5
    endloop
  endfacet
  facet normal -0 0 -1
    outer loop
      vertex -16.1875 -13.634 -5
      vertex -17.8005 -17.0005 -5
      vertex -16.25 -13 -5
    endloop
  endfacet
  facet normal -0 0 -1
    outer loop
      vertex -16.0026 -14.2437 -5
      vertex -17.8005 -17.0005 -5
      vertex -16.1875 -13.634 -5
    endloop
  endfacet
  facet normal -0 0 -1
    outer loop
      vertex -15.7023 -14.8056 -5
      vertex -17.8005 -17.0005 -5
      vertex -16.0026 -14.2437 -5
    endloop
  endfacet
  facet normal -0 0 -1
    outer loop
      vertex -15.2981 -15.2981 -5
      vertex -17.8005 -17.0005 -5
      vertex -15.7023 -14.8056 -5
    endloop
  endfacet
  facet normal 0 0 -1
    outer loop
      vertex -17.8005 -17.0005 -5
      vertex -15.2981 -15.2981 -5
      vertex -17.0005 -17.8005 -5
    endloop
  endfacet
  facet normal -0 0 -1
    outer loop
      vertex -14.8056 -15.7023 -5
      vertex -17.0005 -17.8005 -5
      vertex -15.2981 -15.2981 -5
    endloop
  endfacet
  facet normal -0 0 -1
    outer loop
      vertex -14.2437 -16.0026 -5
      vertex -17.0005 -17.8005 -5
      vertex -14.8056 -15.7023 -5
    endloop
  endfacet
  facet normal -0 0 -1
    outer loop
      vertex -13.634 -16.1875 -5
      vertex -17.0005 -17.8005 -5
      vertex -14.2437 -16.0026 -5
    endloop
  endfacet
  facet normal -0 0 -1
    outer loop
      vertex -13 -16.25 -5
      vertex -17.0005 -17.8005 -5
      vertex -13.634 -16.1875 -5
    endloop
  endfacet
  facet normal 0 0 -1
    outer loop
      vertex -12.366 -16.1875 -5
      vertex -17.0005 -17.8005 -5
      vertex -13 -16.25 -5
    endloop
  endfacet
  facet normal 0 0 -1
    outer loop
      vertex 17.7396 17.3067 -5
      vertex 17.0005 17.8005 -5
      vertex 17.6657 17.445 -5
    endloop
  endfacet
  facet normal 0 0 -1
    outer loop
      vertex 17.6657 17.445 -5
      vertex 17.0005 17.8005 -5
      vertex 17.5662 17.5662 -5
    endloop
  endfacet
  facet normal 0 0 -1
    outer loop
      vertex 17.445 17.6657 -5
      vertex 17.0005 17.8005 -5
      vertex 17.3067 17.7396 -5
    endloop
  endfacet
  facet normal 0 0 -1
    outer loop
      vertex 17.3067 17.7396 -5
      vertex 17.0005 17.8005 -5
      vertex 17.1566 17.7851 -5
    endloop
  endfacet
  facet normal 0 0 -1
    outer loop
      vertex 17.5662 17.5662 -5
      vertex 17.0005 17.8005 -5
      vertex 17.445 17.6657 -5
    endloop
  endfacet
  facet normal 0 0 -1
    outer loop
      vertex 14.8056 15.7023 -5
      vertex 17.0005 17.8005 -5
      vertex 15.2981 15.2981 -5
    endloop
  endfacet
  facet normal 0 0 -1
    outer loop
      vertex 14.2437 16.0026 -5
      vertex 17.0005 17.8005 -5
      vertex 14.8056 15.7023 -5
    endloop
  endfacet
  facet normal 0 0 -1
    outer loop
      vertex 13.634 16.1875 -5
      vertex 17.0005 17.8005 -5
      vertex 14.2437 16.0026 -5
    endloop
  endfacet
  facet normal 0 0 -1
    outer loop
      vertex 13 16.25 -5
      vertex 17.0005 17.8005 -5
      vertex 13.634 16.1875 -5
    endloop
  endfacet
  facet normal 0 0 -1
    outer loop
      vertex 12.366 16.1875 -5
      vertex 17.0005 17.8005 -5
      vertex 13 16.25 -5
    endloop
  endfacet
  facet normal 0 0 -1
    outer loop
      vertex -12.366 16.1875 -5
      vertex 12.366 16.1875 -5
      vertex 11.7563 16.0026 -5
    endloop
  endfacet
  facet normal 0 0 -1
    outer loop
      vertex 9.81245 12.366 -5
      vertex -9.75 13 -5
      vertex 9.75 13 -5
    endloop
  endfacet
  facet normal 0 0 -1
    outer loop
      vertex 9.75 13 -5
      vertex -9.75 13 -5
      vertex 9.81245 13.634 -5
    endloop
  endfacet
  facet normal 0 0 -1
    outer loop
      vertex -9.81245 13.634 -5
      vertex 9.81245 13.634 -5
      vertex -9.75 13 -5
    endloop
  endfacet
  facet normal 0 0 -1
    outer loop
      vertex 9.81245 13.634 -5
      vertex -9.81245 13.634 -5
      vertex 9.99739 14.2437 -5
    endloop
  endfacet
  facet normal 0 0 -1
    outer loop
      vertex -9.99739 14.2437 -5
      vertex 9.99739 14.2437 -5
      vertex -9.81245 13.634 -5
    endloop
  endfacet
  facet normal 0 0 -1
    outer loop
      vertex 9.99739 14.2437 -5
      vertex -9.99739 14.2437 -5
      vertex 10.2977 14.8056 -5
    endloop
  endfacet
  facet normal 0 0 -1
    outer loop
      vertex -10.2977 14.8056 -5
      vertex 10.2977 14.8056 -5
      vertex -9.99739 14.2437 -5
    endloop
  endfacet
  facet normal 0 0 -1
    outer loop
      vertex 10.2977 14.8056 -5
      vertex -10.2977 14.8056 -5
      vertex 10.7019 15.2981 -5
    endloop
  endfacet
  facet normal 0 0 -1
    outer loop
      vertex -10.7019 15.2981 -5
      vertex 10.7019 15.2981 -5
      vertex -10.2977 14.8056 -5
    endloop
  endfacet
  facet normal 0 0 -1
    outer loop
      vertex 10.7019 15.2981 -5
      vertex -10.7019 15.2981 -5
      vertex 11.1944 15.7023 -5
    endloop
  endfacet
  facet normal 0 0 -1
    outer loop
      vertex -11.1944 15.7023 -5
      vertex 11.1944 15.7023 -5
      vertex -10.7019 15.2981 -5
    endloop
  endfacet
  facet normal 0 0 -1
    outer loop
      vertex 11.1944 15.7023 -5
      vertex -11.1944 15.7023 -5
      vertex 11.7563 16.0026 -5
    endloop
  endfacet
  facet normal 0 0 -1
    outer loop
      vertex -11.7563 16.0026 -5
      vertex 11.7563 16.0026 -5
      vertex -11.1944 15.7023 -5
    endloop
  endfacet
  facet normal 0 0 -1
    outer loop
      vertex -12.366 16.1875 -5
      vertex 11.7563 16.0026 -5
      vertex -11.7563 16.0026 -5
    endloop
  endfacet
  facet normal 0 0 -1
    outer loop
      vertex 12.366 16.1875 -5
      vertex -12.366 16.1875 -5
      vertex 17.0005 17.8005 -5
    endloop
  endfacet
  facet normal 0 0 -1
    outer loop
      vertex -17.0005 17.8005 -5
      vertex -12.366 16.1875 -5
      vertex -13 16.25 -5
    endloop
  endfacet
  facet normal 0 0 -1
    outer loop
      vertex -12.366 16.1875 -5
      vertex -17.0005 17.8005 -5
      vertex 17.0005 17.8005 -5
    endloop
  endfacet
  facet normal 0 0 -1
    outer loop
      vertex -13.634 16.1875 -5
      vertex -17.0005 17.8005 -5
      vertex -13 16.25 -5
    endloop
  endfacet
  facet normal 0 0 -1
    outer loop
      vertex -14.2437 16.0026 -5
      vertex -17.0005 17.8005 -5
      vertex -13.634 16.1875 -5
    endloop
  endfacet
  facet normal 0 0 -1
    outer loop
      vertex -14.8056 15.7023 -5
      vertex -17.0005 17.8005 -5
      vertex -14.2437 16.0026 -5
    endloop
  endfacet
  facet normal 0 0 -1
    outer loop
      vertex -15.2981 15.2981 -5
      vertex -17.0005 17.8005 -5
      vertex -14.8056 15.7023 -5
    endloop
  endfacet
  facet normal 0 0 -1
    outer loop
      vertex -17.8005 17.0005 -5
      vertex -15.2981 15.2981 -5
      vertex -15.7023 14.8056 -5
    endloop
  endfacet
  facet normal 0 0 -1
    outer loop
      vertex -17.8005 17.0005 -5
      vertex -15.7023 14.8056 -5
      vertex -16.0026 14.2437 -5
    endloop
  endfacet
  facet normal 0 0 -1
    outer loop
      vertex -17.8005 17.0005 -5
      vertex -16.0026 14.2437 -5
      vertex -16.1875 13.634 -5
    endloop
  endfacet
  facet normal 0 0 -1
    outer loop
      vertex -17.8005 17.0005 -5
      vertex -16.1875 13.634 -5
      vertex -16.25 13 -5
    endloop
  endfacet
  facet normal 0 0 -1
    outer loop
      vertex -17.8005 17.0005 -5
      vertex -16.1875 12.366 -5
      vertex -17.8005 -17.0005 -5
    endloop
  endfacet
  facet normal 0 0 -1
    outer loop
      vertex -17.8005 -17.0005 -5
      vertex -17.0005 -17.8005 -5
      vertex -17.1566 -17.7851 -5
    endloop
  endfacet
  facet normal 0 0 -1
    outer loop
      vertex -16.1875 12.366 -5
      vertex -17.8005 17.0005 -5
      vertex -16.25 13 -5
    endloop
  endfacet
  facet normal 0 0 -1
    outer loop
      vertex -17.8005 -17.0005 -5
      vertex -17.1566 -17.7851 -5
      vertex -17.3067 -17.7396 -5
    endloop
  endfacet
  facet normal 0 0 -1
    outer loop
      vertex -15.2981 15.2981 -5
      vertex -17.8005 17.0005 -5
      vertex -17.0005 17.8005 -5
    endloop
  endfacet
  facet normal 0 0 -1
    outer loop
      vertex -17.8005 -17.0005 -5
      vertex -17.3067 -17.7396 -5
      vertex -17.445 -17.6657 -5
    endloop
  endfacet
  facet normal 0 0 -1
    outer loop
      vertex -17.0005 17.8005 -5
      vertex -17.8005 17.0005 -5
      vertex -17.1566 17.7851 -5
    endloop
  endfacet
  facet normal 0 0 -1
    outer loop
      vertex -17.8005 -17.0005 -5
      vertex -17.445 -17.6657 -5
      vertex -17.5662 -17.5662 -5
    endloop
  endfacet
  facet normal 0 0 -1
    outer loop
      vertex -17.1566 17.7851 -5
      vertex -17.8005 17.0005 -5
      vertex -17.3067 17.7396 -5
    endloop
  endfacet
  facet normal 0 0 -1
    outer loop
      vertex -17.8005 -17.0005 -5
      vertex -17.5662 -17.5662 -5
      vertex -17.6657 -17.445 -5
    endloop
  endfacet
  facet normal 0 0 -1
    outer loop
      vertex -17.3067 17.7396 -5
      vertex -17.8005 17.0005 -5
      vertex -17.445 17.6657 -5
    endloop
  endfacet
  facet normal 0 0 -1
    outer loop
      vertex -17.8005 -17.0005 -5
      vertex -17.6657 -17.445 -5
      vertex -17.7396 -17.3067 -5
    endloop
  endfacet
  facet normal 0 0 -1
    outer loop
      vertex -17.445 17.6657 -5
      vertex -17.8005 17.0005 -5
      vertex -17.5662 17.5662 -5
    endloop
  endfacet
  facet normal 0 0 -1
    outer loop
      vertex -17.8005 -17.0005 -5
      vertex -17.7396 -17.3067 -5
      vertex -17.7851 -17.1566 -5
    endloop
  endfacet
  facet normal 0 0 -1
    outer loop
      vertex -17.5662 17.5662 -5
      vertex -17.8005 17.0005 -5
      vertex -17.6657 17.445 -5
    endloop
  endfacet
  facet normal 0 0 -1
    outer loop
      vertex -17.6657 17.445 -5
      vertex -17.8005 17.0005 -5
      vertex -17.7396 17.3067 -5
    endloop
  endfacet
  facet normal 0 0 -1
    outer loop
      vertex -17.7396 17.3067 -5
      vertex -17.8005 17.0005 -5
      vertex -17.7851 17.1566 -5
    endloop
  endfacet
  facet normal -0.381635 -0.571278 -0.726634
    outer loop
      vertex -17.8487 -17.8487 -4.60048
      vertex -17.4595 -18.1087 -4.60048
      vertex -17.8889 -18.33 -4.20097
    endloop
  endfacet
  facet normal -0.404304 -0.605213 -0.685752
    outer loop
      vertex -17.445 -17.6657 -5
      vertex -17.4595 -18.1087 -4.60048
      vertex -17.8487 -17.8487 -4.60048
    endloop
  endfacet
  facet normal -0.0736856 -0.746904 -0.660837
    outer loop
      vertex -17.1566 -17.7851 -5
      vertex -17.0005 -17.8005 -5
      vertex -17.4595 -18.1087 -4.60048
    endloop
  endfacet
  facet normal -0.205634 -0.678366 -0.705361
    outer loop
      vertex -17.3067 -17.7396 -5
      vertex -17.1566 -17.7851 -5
      vertex -17.4595 -18.1087 -4.60048
    endloop
  endfacet
  facet normal -0.334069 -0.625194 -0.705358
    outer loop
      vertex -17.445 -17.6657 -5
      vertex -17.3067 -17.7396 -5
      vertex -17.4595 -18.1087 -4.60048
    endloop
  endfacet
  facet normal -0.13929 -0.700227 -0.7002
    outer loop
      vertex -17.0005 -17.8005 -5
      vertex -17.0005 -18.5995 -4.20097
      vertex -17.4595 -18.1087 -4.60048
    endloop
  endfacet
  facet normal -0.0655412 -0.666086 -0.74299
    outer loop
      vertex -17.0005 -18.5995 -4.20097
      vertex -17.3125 -18.5688 -4.20097
      vertex -17.4595 -18.1087 -4.60048
    endloop
  endfacet
  facet normal -0.205809 -0.678267 -0.705405
    outer loop
      vertex -17.4595 -18.1087 -4.60048
      vertex -17.3125 -18.5688 -4.20097
      vertex -17.6124 -18.4778 -4.20097
    endloop
  endfacet
  facet normal -0.334142 -0.625103 -0.705404
    outer loop
      vertex -17.4595 -18.1087 -4.60048
      vertex -17.6124 -18.4778 -4.20097
      vertex -17.8889 -18.33 -4.20097
    endloop
  endfacet
  facet normal -0.605213 -0.404304 -0.685752
    outer loop
      vertex -17.6657 -17.445 -5
      vertex -17.8487 -17.8487 -4.60048
      vertex -18.1087 -17.4595 -4.60048
    endloop
  endfacet
  facet normal -0.571278 -0.381635 -0.726634
    outer loop
      vertex -18.1087 -17.4595 -4.60048
      vertex -17.8487 -17.8487 -4.60048
      vertex -18.33 -17.8889 -4.20097
    endloop
  endfacet
  facet normal -0.449755 -0.547842 -0.7054
    outer loop
      vertex -17.5662 -17.5662 -5
      vertex -17.445 -17.6657 -5
      vertex -17.8487 -17.8487 -4.60048
    endloop
  endfacet
  facet normal -0.547842 -0.449755 -0.7054
    outer loop
      vertex -17.6657 -17.445 -5
      vertex -17.5662 -17.5662 -5
      vertex -17.8487 -17.8487 -4.60048
    endloop
  endfacet
  facet normal -0.449597 -0.547974 -0.705399
    outer loop
      vertex -17.8487 -17.8487 -4.60048
      vertex -17.8889 -18.33 -4.20097
      vertex -18.1312 -18.1312 -4.20097
    endloop
  endfacet
  facet normal -0.547974 -0.449597 -0.705399
    outer loop
      vertex -17.8487 -17.8487 -4.60048
      vertex -18.1312 -18.1312 -4.20097
      vertex -18.33 -17.8889 -4.20097
    endloop
  endfacet
  facet normal -0.625194 -0.334069 -0.705358
    outer loop
      vertex -17.7396 -17.3067 -5
      vertex -17.6657 -17.445 -5
      vertex -18.1087 -17.4595 -4.60048
    endloop
  endfacet
  facet normal -0.678366 -0.205634 -0.705361
    outer loop
      vertex -17.7851 -17.1566 -5
      vertex -17.7396 -17.3067 -5
      vertex -18.1087 -17.4595 -4.60048
    endloop
  endfacet
  facet normal -0.746904 -0.0736856 -0.660837
    outer loop
      vertex -17.8005 -17.0005 -5
      vertex -17.7851 -17.1566 -5
      vertex -18.1087 -17.4595 -4.60048
    endloop
  endfacet
  facet normal -0.625103 -0.334142 -0.705404
    outer loop
      vertex -18.1087 -17.4595 -4.60048
      vertex -18.33 -17.8889 -4.20097
      vertex -18.4778 -17.6124 -4.20097
    endloop
  endfacet
  facet normal -0.678267 -0.205809 -0.705405
    outer loop
      vertex -18.1087 -17.4595 -4.60048
      vertex -18.4778 -17.6124 -4.20097
      vertex -18.5688 -17.3125 -4.20097
    endloop
  endfacet
  facet normal -0.666086 -0.0655412 -0.74299
    outer loop
      vertex -18.1087 -17.4595 -4.60048
      vertex -18.5688 -17.3125 -4.20097
      vertex -18.5995 -17.0005 -4.20097
    endloop
  endfacet
  facet normal -0.700227 -0.13929 -0.7002
    outer loop
      vertex -17.8005 -17.0005 -5
      vertex -18.1087 -17.4595 -4.60048
      vertex -18.5995 -17.0005 -4.20097
    endloop
  endfacet
  facet normal 0 0.70712 -0.707094
    outer loop
      vertex 17.0005 17.8005 -5
      vertex -17.0005 18.5995 -4.20097
      vertex 17.0005 18.5995 -4.20097
    endloop
  endfacet
  facet normal 0 0.70712 -0.707094
    outer loop
      vertex -17.0005 18.5995 -4.20097
      vertex 17.0005 17.8005 -5
      vertex -17.0005 17.8005 -5
    endloop
  endfacet
  facet normal -0.571278 0.381635 -0.726634
    outer loop
      vertex -17.8487 17.8487 -4.60048
      vertex -18.1087 17.4595 -4.60048
      vertex -18.33 17.8889 -4.20097
    endloop
  endfacet
  facet normal -0.605213 0.404304 -0.685752
    outer loop
      vertex -17.8487 17.8487 -4.60048
      vertex -17.6657 17.445 -5
      vertex -18.1087 17.4595 -4.60048
    endloop
  endfacet
  facet normal -0.746904 0.0736856 -0.660837
    outer loop
      vertex -17.7851 17.1566 -5
      vertex -17.8005 17.0005 -5
      vertex -18.1087 17.4595 -4.60048
    endloop
  endfacet
  facet normal -0.678366 0.205634 -0.705361
    outer loop
      vertex -17.7396 17.3067 -5
      vertex -17.7851 17.1566 -5
      vertex -18.1087 17.4595 -4.60048
    endloop
  endfacet
  facet normal -0.625194 0.334069 -0.705358
    outer loop
      vertex -17.6657 17.445 -5
      vertex -17.7396 17.3067 -5
      vertex -18.1087 17.4595 -4.60048
    endloop
  endfacet
  facet normal -0.700227 0.13929 -0.7002
    outer loop
      vertex -18.1087 17.4595 -4.60048
      vertex -17.8005 17.0005 -5
      vertex -18.5995 17.0005 -4.20097
    endloop
  endfacet
  facet normal -0.666086 0.0655412 -0.74299
    outer loop
      vertex -18.5688 17.3125 -4.20097
      vertex -18.1087 17.4595 -4.60048
      vertex -18.5995 17.0005 -4.20097
    endloop
  endfacet
  facet normal -0.678267 0.205809 -0.705405
    outer loop
      vertex -18.4778 17.6124 -4.20097
      vertex -18.1087 17.4595 -4.60048
      vertex -18.5688 17.3125 -4.20097
    endloop
  endfacet
  facet normal -0.625103 0.334142 -0.705404
    outer loop
      vertex -18.33 17.8889 -4.20097
      vertex -18.1087 17.4595 -4.60048
      vertex -18.4778 17.6124 -4.20097
    endloop
  endfacet
  facet normal -0.404304 0.605213 -0.685752
    outer loop
      vertex -17.4595 18.1087 -4.60048
      vertex -17.445 17.6657 -5
      vertex -17.8487 17.8487 -4.60048
    endloop
  endfacet
  facet normal -0.381635 0.571278 -0.726634
    outer loop
      vertex -17.4595 18.1087 -4.60048
      vertex -17.8487 17.8487 -4.60048
      vertex -17.8889 18.33 -4.20097
    endloop
  endfacet
  facet normal -0.547842 0.449755 -0.7054
    outer loop
      vertex -17.5662 17.5662 -5
      vertex -17.6657 17.445 -5
      vertex -17.8487 17.8487 -4.60048
    endloop
  endfacet
  facet normal -0.449755 0.547842 -0.7054
    outer loop
      vertex -17.445 17.6657 -5
      vertex -17.5662 17.5662 -5
      vertex -17.8487 17.8487 -4.60048
    endloop
  endfacet
  facet normal -0.547974 0.449597 -0.705399
    outer loop
      vertex -18.1312 18.1312 -4.20097
      vertex -17.8487 17.8487 -4.60048
      vertex -18.33 17.8889 -4.20097
    endloop
  endfacet
  facet normal -0.449597 0.547974 -0.705399
    outer loop
      vertex -17.8889 18.33 -4.20097
      vertex -17.8487 17.8487 -4.60048
      vertex -18.1312 18.1312 -4.20097
    endloop
  endfacet
  facet normal -0.334069 0.625194 -0.705358
    outer loop
      vertex -17.3067 17.7396 -5
      vertex -17.445 17.6657 -5
      vertex -17.4595 18.1087 -4.60048
    endloop
  endfacet
  facet normal -0.205634 0.678366 -0.705361
    outer loop
      vertex -17.1566 17.7851 -5
      vertex -17.3067 17.7396 -5
      vertex -17.4595 18.1087 -4.60048
    endloop
  endfacet
  facet normal -0.0736856 0.746904 -0.660837
    outer loop
      vertex -17.0005 17.8005 -5
      vertex -17.1566 17.7851 -5
      vertex -17.4595 18.1087 -4.60048
    endloop
  endfacet
  facet normal -0.334142 0.625103 -0.705404
    outer loop
      vertex -17.6124 18.4778 -4.20097
      vertex -17.4595 18.1087 -4.60048
      vertex -17.8889 18.33 -4.20097
    endloop
  endfacet
  facet normal -0.205809 0.678267 -0.705405
    outer loop
      vertex -17.3125 18.5688 -4.20097
      vertex -17.4595 18.1087 -4.60048
      vertex -17.6124 18.4778 -4.20097
    endloop
  endfacet
  facet normal -0.0655412 0.666086 -0.74299
    outer loop
      vertex -17.3125 18.5688 -4.20097
      vertex -17.0005 18.5995 -4.20097
      vertex -17.4595 18.1087 -4.60048
    endloop
  endfacet
  facet normal -0.13929 0.700227 -0.7002
    outer loop
      vertex -17.0005 18.5995 -4.20097
      vertex -17.0005 17.8005 -5
      vertex -17.4595 18.1087 -4.60048
    endloop
  endfacet
  facet normal 0.449897 -0.5477 0.70542
    outer loop
      vertex -17.7063 17.7063 23.15
      vertex -17.6531 17.75 23.15
      vertex -17.75 17.75 23.2118
    endloop
  endfacet
  facet normal 0.547817 -0.449696 0.705457
    outer loop
      vertex -17.8869 17.75 23.3181
      vertex -17.8745 17.5014 23.15
      vertex -17.7063 17.7063 23.15
    endloop
  endfacet
  facet normal 0.547926 -0.449652 0.705401
    outer loop
      vertex -17.8745 17.5014 23.15
      vertex -17.8869 17.75 23.3181
      vertex -18.2466 17.75 23.5975
    endloop
  endfacet
  facet normal 0.547742 -0.449851 0.705417
    outer loop
      vertex -17.7063 17.7063 23.15
      vertex -17.75 17.75 23.2118
      vertex -17.8869 17.75 23.3181
    endloop
  endfacet
  facet normal 0.625125 -0.33422 0.705348
    outer loop
      vertex -17.9995 17.2676 23.15
      vertex -17.8745 17.5014 23.15
      vertex -18.6397 17.5327 23.843
    endloop
  endfacet
  facet normal 0.625178 -0.334023 0.705394
    outer loop
      vertex -18.6397 17.5327 23.843
      vertex -18.2466 17.75 23.5975
      vertex -18.5236 17.75 23.843
    endloop
  endfacet
  facet normal 0.625177 -0.334018 0.705397
    outer loop
      vertex -18.2466 17.75 23.5975
      vertex -18.6397 17.5327 23.843
      vertex -17.8745 17.5014 23.15
    endloop
  endfacet
  facet normal 0.678323 -0.205795 0.705356
    outer loop
      vertex -18.0765 17.0138 23.15
      vertex -17.9995 17.2676 23.15
      vertex -18.7561 17.149 23.843
    endloop
  endfacet
  facet normal 0.678324 -0.205778 0.70536
    outer loop
      vertex -17.9995 17.2676 23.15
      vertex -18.6397 17.5327 23.843
      vertex -18.7561 17.149 23.843
    endloop
  endfacet
  facet normal 0.70544 -0.0694832 0.705355
    outer loop
      vertex -18.0765 17.0138 23.15
      vertex -18.7561 17.149 23.843
      vertex -18.7954 16.75 23.843
    endloop
  endfacet
  facet normal 0.705409 -0.0692574 0.705409
    outer loop
      vertex -18.1024 16.75 23.15
      vertex -18.0765 17.0138 23.15
      vertex -18.7954 16.75 23.843
    endloop
  endfacet
  facet normal 0 -0.707107 0.707107
    outer loop
      vertex -16.75 18.7954 23.843
      vertex 16.75 18.1024 23.15
      vertex 16.75 18.7954 23.843
    endloop
  endfacet
  facet normal 0 -0.707107 0.707107
    outer loop
      vertex 16.75 18.1024 23.15
      vertex -16.75 18.7954 23.843
      vertex -16.75 18.1024 23.15
    endloop
  endfacet
  facet normal -0.705473 -0.0692636 0.705344
    outer loop
      vertex 18.1024 16.75 23.15
      vertex 18.7561 17.149 23.843
      vertex 18.0765 17.0138 23.15
    endloop
  endfacet
  facet normal -0.705398 -0.0694791 0.705398
    outer loop
      vertex 18.7954 16.75 23.843
      vertex 18.7561 17.149 23.843
      vertex 18.1024 16.75 23.15
    endloop
  endfacet
  facet normal -0.678318 -0.205794 0.705361
    outer loop
      vertex 18.0765 17.0138 23.15
      vertex 18.6397 17.5327 23.843
      vertex 17.9995 17.2676 23.15
    endloop
  endfacet
  facet normal -0.678327 -0.205779 0.705357
    outer loop
      vertex 18.7561 17.149 23.843
      vertex 18.6397 17.5327 23.843
      vertex 18.0765 17.0138 23.15
    endloop
  endfacet
  facet normal -0.625187 -0.334086 0.705356
    outer loop
      vertex 18.2466 17.75 23.5975
      vertex 17.9995 17.2676 23.15
      vertex 18.3513 17.75 23.6903
    endloop
  endfacet
  facet normal -0.625073 -0.334192 0.705407
    outer loop
      vertex 17.9995 17.2676 23.15
      vertex 18.2466 17.75 23.5975
      vertex 17.8745 17.5014 23.15
    endloop
  endfacet
  facet normal -0.625165 -0.334016 0.705409
    outer loop
      vertex 18.3513 17.75 23.6903
      vertex 18.6397 17.5327 23.843
      vertex 18.5236 17.75 23.843
    endloop
  endfacet
  facet normal -0.625189 -0.334085 0.705356
    outer loop
      vertex 18.6397 17.5327 23.843
      vertex 18.3513 17.75 23.6903
      vertex 17.9995 17.2676 23.15
    endloop
  endfacet
  facet normal -0.54788 -0.449734 0.705384
    outer loop
      vertex 17.75 17.75 23.2118
      vertex 17.8745 17.5014 23.15
      vertex 17.9896 17.75 23.3979
    endloop
  endfacet
  facet normal -0.547854 -0.449727 0.705409
    outer loop
      vertex 17.8745 17.5014 23.15
      vertex 17.75 17.75 23.2118
      vertex 17.7063 17.7063 23.15
    endloop
  endfacet
  facet normal -0.547847 -0.449759 0.705394
    outer loop
      vertex 18.2466 17.75 23.5975
      vertex 17.9896 17.75 23.3979
      vertex 17.8745 17.5014 23.15
    endloop
  endfacet
  facet normal -0.449953 -0.547769 0.705331
    outer loop
      vertex 17.7063 17.7063 23.15
      vertex 17.7169 17.75 23.1907
      vertex 17.6531 17.75 23.15
    endloop
  endfacet
  facet normal -0.449669 -0.547906 0.705405
    outer loop
      vertex 17.75 17.75 23.2118
      vertex 17.7169 17.75 23.1907
      vertex 17.7063 17.7063 23.15
    endloop
  endfacet
  facet normal -0.707107 0 0.707107
    outer loop
      vertex 18.1024 16.75 23.15
      vertex 18.7954 -16.75 23.843
      vertex 18.7954 16.75 23.843
    endloop
  endfacet
  facet normal -0.707107 0 0.707107
    outer loop
      vertex 18.7954 -16.75 23.843
      vertex 18.1024 16.75 23.15
      vertex 18.1024 -16.75 23.15
    endloop
  endfacet
  facet normal -0.449897 0.5477 0.70542
    outer loop
      vertex 17.75 -17.75 23.2118
      vertex 17.7063 -17.7063 23.15
      vertex 17.6531 -17.75 23.15
    endloop
  endfacet
  facet normal -0.547926 0.449652 0.705401
    outer loop
      vertex 17.8745 -17.5014 23.15
      vertex 17.8869 -17.75 23.3181
      vertex 18.2466 -17.75 23.5975
    endloop
  endfacet
  facet normal -0.547817 0.449696 0.705457
    outer loop
      vertex 17.8869 -17.75 23.3181
      vertex 17.8745 -17.5014 23.15
      vertex 17.7063 -17.7063 23.15
    endloop
  endfacet
  facet normal -0.547742 0.449851 0.705417
    outer loop
      vertex 17.75 -17.75 23.2118
      vertex 17.8869 -17.75 23.3181
      vertex 17.7063 -17.7063 23.15
    endloop
  endfacet
  facet normal -0.625125 0.33422 0.705348
    outer loop
      vertex 18.6397 -17.5327 23.843
      vertex 17.9995 -17.2676 23.15
      vertex 17.8745 -17.5014 23.15
    endloop
  endfacet
  facet normal -0.625178 0.334023 0.705394
    outer loop
      vertex 18.6397 -17.5327 23.843
      vertex 18.2466 -17.75 23.5975
      vertex 18.5236 -17.75 23.843
    endloop
  endfacet
  facet normal -0.625177 0.334018 0.705397
    outer loop
      vertex 18.2466 -17.75 23.5975
      vertex 18.6397 -17.5327 23.843
      vertex 17.8745 -17.5014 23.15
    endloop
  endfacet
  facet normal -0.678323 0.205795 0.705356
    outer loop
      vertex 18.7561 -17.149 23.843
      vertex 18.0765 -17.0138 23.15
      vertex 17.9995 -17.2676 23.15
    endloop
  endfacet
  facet normal -0.678324 0.205778 0.70536
    outer loop
      vertex 18.6397 -17.5327 23.843
      vertex 18.7561 -17.149 23.843
      vertex 17.9995 -17.2676 23.15
    endloop
  endfacet
  facet normal -0.70544 0.0694832 0.705355
    outer loop
      vertex 18.7561 -17.149 23.843
      vertex 18.7954 -16.75 23.843
      vertex 18.0765 -17.0138 23.15
    endloop
  endfacet
  facet normal -0.705409 0.0692574 0.705409
    outer loop
      vertex 18.7954 -16.75 23.843
      vertex 18.1024 -16.75 23.15
      vertex 18.0765 -17.0138 23.15
    endloop
  endfacet
  facet normal -0 0.707107 0.707107
    outer loop
      vertex -16.75 -18.1024 23.15
      vertex 16.75 -18.7954 23.843
      vertex 16.75 -18.1024 23.15
    endloop
  endfacet
  facet normal 0 0.707107 0.707107
    outer loop
      vertex 16.75 -18.7954 23.843
      vertex -16.75 -18.1024 23.15
      vertex -16.75 -18.7954 23.843
    endloop
  endfacet
  facet normal 0.705473 0.0692636 0.705344
    outer loop
      vertex -18.0765 -17.0138 23.15
      vertex -18.1024 -16.75 23.15
      vertex -18.7561 -17.149 23.843
    endloop
  endfacet
  facet normal 0.705398 0.0694791 0.705398
    outer loop
      vertex -18.7561 -17.149 23.843
      vertex -18.1024 -16.75 23.15
      vertex -18.7954 -16.75 23.843
    endloop
  endfacet
  facet normal 0.678318 0.205794 0.705361
    outer loop
      vertex -17.9995 -17.2676 23.15
      vertex -18.0765 -17.0138 23.15
      vertex -18.6397 -17.5327 23.843
    endloop
  endfacet
  facet normal 0.678327 0.205779 0.705357
    outer loop
      vertex -18.6397 -17.5327 23.843
      vertex -18.0765 -17.0138 23.15
      vertex -18.7561 -17.149 23.843
    endloop
  endfacet
  facet normal 0.625073 0.334192 0.705407
    outer loop
      vertex -17.9995 -17.2676 23.15
      vertex -18.2466 -17.75 23.5975
      vertex -17.8745 -17.5014 23.15
    endloop
  endfacet
  facet normal 0.625187 0.334086 0.705356
    outer loop
      vertex -18.2466 -17.75 23.5975
      vertex -17.9995 -17.2676 23.15
      vertex -18.3513 -17.75 23.6903
    endloop
  endfacet
  facet normal 0.625189 0.334085 0.705356
    outer loop
      vertex -18.6397 -17.5327 23.843
      vertex -18.3513 -17.75 23.6903
      vertex -17.9995 -17.2676 23.15
    endloop
  endfacet
  facet normal 0.625165 0.334016 0.705409
    outer loop
      vertex -18.3513 -17.75 23.6903
      vertex -18.6397 -17.5327 23.843
      vertex -18.5236 -17.75 23.843
    endloop
  endfacet
  facet normal 0.547854 0.449727 0.705409
    outer loop
      vertex -17.8745 -17.5014 23.15
      vertex -17.75 -17.75 23.2118
      vertex -17.7063 -17.7063 23.15
    endloop
  endfacet
  facet normal 0.54788 0.449734 0.705384
    outer loop
      vertex -17.75 -17.75 23.2118
      vertex -17.8745 -17.5014 23.15
      vertex -17.9896 -17.75 23.3979
    endloop
  endfacet
  facet normal 0.547847 0.449759 0.705394
    outer loop
      vertex -17.9896 -17.75 23.3979
      vertex -17.8745 -17.5014 23.15
      vertex -18.2466 -17.75 23.5975
    endloop
  endfacet
  facet normal 0.449953 0.547769 0.705331
    outer loop
      vertex -17.6531 -17.75 23.15
      vertex -17.7063 -17.7063 23.15
      vertex -17.7169 -17.75 23.1907
    endloop
  endfacet
  facet normal 0.449669 0.547906 0.705405
    outer loop
      vertex -17.7169 -17.75 23.1907
      vertex -17.7063 -17.7063 23.15
      vertex -17.75 -17.75 23.2118
    endloop
  endfacet
  facet normal 0.707107 0 0.707107
    outer loop
      vertex -18.7954 16.75 23.843
      vertex -18.1024 -16.75 23.15
      vertex -18.1024 16.75 23.15
    endloop
  endfacet
  facet normal 0.707107 0 0.707107
    outer loop
      vertex -18.1024 -16.75 23.15
      vertex -18.7954 16.75 23.843
      vertex -18.7954 -16.75 23.843
    endloop
  endfacet
  facet normal 0.0979245 0.995194 -0
    outer loop
      vertex 17.3125 18.5688 -4.20097
      vertex 17.0005 18.5995 -2.40097
      vertex 17.3125 18.5688 -2.40097
    endloop
  endfacet
  facet normal 0.0979245 0.995194 0
    outer loop
      vertex 17.0005 18.5995 -2.40097
      vertex 17.3125 18.5688 -4.20097
      vertex 17.0005 18.5995 -4.20097
    endloop
  endfacet
  facet normal 0.290362 0.956917 -0
    outer loop
      vertex 17.6124 18.4778 -4.20097
      vertex 17.3125 18.5688 -2.40097
      vertex 17.6124 18.4778 -2.40097
    endloop
  endfacet
  facet normal 0.290362 0.956917 0
    outer loop
      vertex 17.3125 18.5688 -2.40097
      vertex 17.6124 18.4778 -4.20097
      vertex 17.3125 18.5688 -4.20097
    endloop
  endfacet
  facet normal 0.471416 0.881911 -0
    outer loop
      vertex 17.8889 18.33 -4.20097
      vertex 17.6124 18.4778 -2.40097
      vertex 17.8889 18.33 -2.40097
    endloop
  endfacet
  facet normal 0.471416 0.881911 0
    outer loop
      vertex 17.6124 18.4778 -2.40097
      vertex 17.8889 18.33 -4.20097
      vertex 17.6124 18.4778 -4.20097
    endloop
  endfacet
  facet normal 0.634297 0.773089 -0
    outer loop
      vertex 18.1312 18.1312 -4.20097
      vertex 17.8889 18.33 -2.40097
      vertex 18.1312 18.1312 -2.40097
    endloop
  endfacet
  facet normal 0.634297 0.773089 0
    outer loop
      vertex 17.8889 18.33 -2.40097
      vertex 18.1312 18.1312 -4.20097
      vertex 17.8889 18.33 -4.20097
    endloop
  endfacet
  facet normal 0.773089 0.634297 0
    outer loop
      vertex 18.33 17.8889 -2.40097
      vertex 18.1312 18.1312 -4.20097
      vertex 18.1312 18.1312 -2.40097
    endloop
  endfacet
  facet normal 0.773089 0.634297 0
    outer loop
      vertex 18.1312 18.1312 -4.20097
      vertex 18.33 17.8889 -2.40097
      vertex 18.33 17.8889 -4.20097
    endloop
  endfacet
  facet normal 0.881911 0.471416 0
    outer loop
      vertex 18.4778 17.6124 -2.40097
      vertex 18.33 17.8889 -4.20097
      vertex 18.33 17.8889 -2.40097
    endloop
  endfacet
  facet normal 0.881911 0.471416 0
    outer loop
      vertex 18.33 17.8889 -4.20097
      vertex 18.4778 17.6124 -2.40097
      vertex 18.4778 17.6124 -4.20097
    endloop
  endfacet
  facet normal 0.956917 0.290362 0
    outer loop
      vertex 18.5688 17.3125 -2.40097
      vertex 18.4778 17.6124 -4.20097
      vertex 18.4778 17.6124 -2.40097
    endloop
  endfacet
  facet normal 0.956917 0.290362 0
    outer loop
      vertex 18.4778 17.6124 -4.20097
      vertex 18.5688 17.3125 -2.40097
      vertex 18.5688 17.3125 -4.20097
    endloop
  endfacet
  facet normal 0.995194 0.0979245 0
    outer loop
      vertex 18.5995 17.0005 -2.40097
      vertex 18.5688 17.3125 -4.20097
      vertex 18.5688 17.3125 -2.40097
    endloop
  endfacet
  facet normal 0.995194 0.0979245 0
    outer loop
      vertex 18.5688 17.3125 -4.20097
      vertex 18.5995 17.0005 -2.40097
      vertex 18.5995 17.0005 -4.20097
    endloop
  endfacet
  facet normal 0.995194 -0.0979245 0
    outer loop
      vertex 18.5688 -17.3125 -2.40097
      vertex 18.5995 -17.0005 -4.20097
      vertex 18.5995 -17.0005 -2.40097
    endloop
  endfacet
  facet normal 0.995194 -0.0979245 0
    outer loop
      vertex 18.5995 -17.0005 -4.20097
      vertex 18.5688 -17.3125 -2.40097
      vertex 18.5688 -17.3125 -4.20097
    endloop
  endfacet
  facet normal 0.956917 -0.290362 0
    outer loop
      vertex 18.4778 -17.6124 -2.40097
      vertex 18.5688 -17.3125 -4.20097
      vertex 18.5688 -17.3125 -2.40097
    endloop
  endfacet
  facet normal 0.956917 -0.290362 0
    outer loop
      vertex 18.5688 -17.3125 -4.20097
      vertex 18.4778 -17.6124 -2.40097
      vertex 18.4778 -17.6124 -4.20097
    endloop
  endfacet
  facet normal 0.881911 -0.471416 0
    outer loop
      vertex 18.33 -17.8889 -2.40097
      vertex 18.4778 -17.6124 -4.20097
      vertex 18.4778 -17.6124 -2.40097
    endloop
  endfacet
  facet normal 0.881911 -0.471416 0
    outer loop
      vertex 18.4778 -17.6124 -4.20097
      vertex 18.33 -17.8889 -2.40097
      vertex 18.33 -17.8889 -4.20097
    endloop
  endfacet
  facet normal 0.773089 -0.634297 0
    outer loop
      vertex 18.1312 -18.1312 -2.40097
      vertex 18.33 -17.8889 -4.20097
      vertex 18.33 -17.8889 -2.40097
    endloop
  endfacet
  facet normal 0.773089 -0.634297 0
    outer loop
      vertex 18.33 -17.8889 -4.20097
      vertex 18.1312 -18.1312 -2.40097
      vertex 18.1312 -18.1312 -4.20097
    endloop
  endfacet
  facet normal 0.634297 -0.773089 0
    outer loop
      vertex 17.8889 -18.33 -4.20097
      vertex 18.1312 -18.1312 -2.40097
      vertex 17.8889 -18.33 -2.40097
    endloop
  endfacet
  facet normal 0.634297 -0.773089 0
    outer loop
      vertex 18.1312 -18.1312 -2.40097
      vertex 17.8889 -18.33 -4.20097
      vertex 18.1312 -18.1312 -4.20097
    endloop
  endfacet
  facet normal 0.471416 -0.881911 0
    outer loop
      vertex 17.6124 -18.4778 -4.20097
      vertex 17.8889 -18.33 -2.40097
      vertex 17.6124 -18.4778 -2.40097
    endloop
  endfacet
  facet normal 0.471416 -0.881911 0
    outer loop
      vertex 17.8889 -18.33 -2.40097
      vertex 17.6124 -18.4778 -4.20097
      vertex 17.8889 -18.33 -4.20097
    endloop
  endfacet
  facet normal 0.290362 -0.956917 0
    outer loop
      vertex 17.3125 -18.5688 -4.20097
      vertex 17.6124 -18.4778 -2.40097
      vertex 17.3125 -18.5688 -2.40097
    endloop
  endfacet
  facet normal 0.290362 -0.956917 0
    outer loop
      vertex 17.6124 -18.4778 -2.40097
      vertex 17.3125 -18.5688 -4.20097
      vertex 17.6124 -18.4778 -4.20097
    endloop
  endfacet
  facet normal 0.0979245 -0.995194 0
    outer loop
      vertex 17.0005 -18.5995 -4.20097
      vertex 17.3125 -18.5688 -2.40097
      vertex 17.0005 -18.5995 -2.40097
    endloop
  endfacet
  facet normal 0.0979245 -0.995194 0
    outer loop
      vertex 17.3125 -18.5688 -2.40097
      vertex 17.0005 -18.5995 -4.20097
      vertex 17.3125 -18.5688 -4.20097
    endloop
  endfacet
  facet normal 1 -0 0
    outer loop
      vertex 18.5995 -17.0005 -2.40097
      vertex 18.5995 17.0005 -4.20097
      vertex 18.5995 17.0005 -2.40097
    endloop
  endfacet
  facet normal 1 0 0
    outer loop
      vertex 18.5995 17.0005 -4.20097
      vertex 18.5995 -17.0005 -2.40097
      vertex 18.5995 -17.0005 -4.20097
    endloop
  endfacet
  facet normal 0 -1 0
    outer loop
      vertex -17.0005 -18.5995 -4.20097
      vertex 17.0005 -18.5995 -2.40097
      vertex -17.0005 -18.5995 -2.40097
    endloop
  endfacet
  facet normal 0 -1 -0
    outer loop
      vertex 17.0005 -18.5995 -2.40097
      vertex -17.0005 -18.5995 -4.20097
      vertex 17.0005 -18.5995 -4.20097
    endloop
  endfacet
  facet normal -0.70712 0 -0.707094
    outer loop
      vertex -17.8005 -17.0005 -5
      vertex -18.5995 17.0005 -4.20097
      vertex -17.8005 17.0005 -5
    endloop
  endfacet
  facet normal -0.70712 -0 -0.707094
    outer loop
      vertex -18.5995 17.0005 -4.20097
      vertex -17.8005 -17.0005 -5
      vertex -18.5995 -17.0005 -4.20097
    endloop
  endfacet
  facet normal -0.0979245 -0.995194 0
    outer loop
      vertex -17.3125 -18.5688 -4.20097
      vertex -17.0005 -18.5995 -2.40097
      vertex -17.3125 -18.5688 -2.40097
    endloop
  endfacet
  facet normal -0.0979245 -0.995194 -0
    outer loop
      vertex -17.0005 -18.5995 -2.40097
      vertex -17.3125 -18.5688 -4.20097
      vertex -17.0005 -18.5995 -4.20097
    endloop
  endfacet
  facet normal -0.290362 -0.956917 0
    outer loop
      vertex -17.6124 -18.4778 -4.20097
      vertex -17.3125 -18.5688 -2.40097
      vertex -17.6124 -18.4778 -2.40097
    endloop
  endfacet
  facet normal -0.290362 -0.956917 -0
    outer loop
      vertex -17.3125 -18.5688 -2.40097
      vertex -17.6124 -18.4778 -4.20097
      vertex -17.3125 -18.5688 -4.20097
    endloop
  endfacet
  facet normal -0.471416 -0.881911 0
    outer loop
      vertex -17.8889 -18.33 -4.20097
      vertex -17.6124 -18.4778 -2.40097
      vertex -17.8889 -18.33 -2.40097
    endloop
  endfacet
  facet normal -0.471416 -0.881911 -0
    outer loop
      vertex -17.6124 -18.4778 -2.40097
      vertex -17.8889 -18.33 -4.20097
      vertex -17.6124 -18.4778 -4.20097
    endloop
  endfacet
  facet normal -0.634297 -0.773089 0
    outer loop
      vertex -18.1312 -18.1312 -4.20097
      vertex -17.8889 -18.33 -2.40097
      vertex -18.1312 -18.1312 -2.40097
    endloop
  endfacet
  facet normal -0.634297 -0.773089 -0
    outer loop
      vertex -17.8889 -18.33 -2.40097
      vertex -18.1312 -18.1312 -4.20097
      vertex -17.8889 -18.33 -4.20097
    endloop
  endfacet
  facet normal -0.773089 -0.634297 0
    outer loop
      vertex -18.1312 -18.1312 -4.20097
      vertex -18.33 -17.8889 -2.40097
      vertex -18.33 -17.8889 -4.20097
    endloop
  endfacet
  facet normal -0.773089 -0.634297 0
    outer loop
      vertex -18.33 -17.8889 -2.40097
      vertex -18.1312 -18.1312 -4.20097
      vertex -18.1312 -18.1312 -2.40097
    endloop
  endfacet
  facet normal -0.881911 -0.471416 0
    outer loop
      vertex -18.33 -17.8889 -4.20097
      vertex -18.4778 -17.6124 -2.40097
      vertex -18.4778 -17.6124 -4.20097
    endloop
  endfacet
  facet normal -0.881911 -0.471416 0
    outer loop
      vertex -18.4778 -17.6124 -2.40097
      vertex -18.33 -17.8889 -4.20097
      vertex -18.33 -17.8889 -2.40097
    endloop
  endfacet
  facet normal -0.956917 -0.290362 0
    outer loop
      vertex -18.4778 -17.6124 -4.20097
      vertex -18.5688 -17.3125 -2.40097
      vertex -18.5688 -17.3125 -4.20097
    endloop
  endfacet
  facet normal -0.956917 -0.290362 0
    outer loop
      vertex -18.5688 -17.3125 -2.40097
      vertex -18.4778 -17.6124 -4.20097
      vertex -18.4778 -17.6124 -2.40097
    endloop
  endfacet
  facet normal -0.995194 -0.0979245 0
    outer loop
      vertex -18.5688 -17.3125 -4.20097
      vertex -18.5995 -17.0005 -2.40097
      vertex -18.5995 -17.0005 -4.20097
    endloop
  endfacet
  facet normal -0.995194 -0.0979245 0
    outer loop
      vertex -18.5995 -17.0005 -2.40097
      vertex -18.5688 -17.3125 -4.20097
      vertex -18.5688 -17.3125 -2.40097
    endloop
  endfacet
  facet normal 0 1 -0
    outer loop
      vertex 17.0005 18.5995 -4.20097
      vertex -17.0005 18.5995 -2.40097
      vertex 17.0005 18.5995 -2.40097
    endloop
  endfacet
  facet normal 0 1 0
    outer loop
      vertex -17.0005 18.5995 -2.40097
      vertex 17.0005 18.5995 -4.20097
      vertex -17.0005 18.5995 -4.20097
    endloop
  endfacet
  facet normal -0.995194 0.0979245 0
    outer loop
      vertex -18.5995 17.0005 -4.20097
      vertex -18.5688 17.3125 -2.40097
      vertex -18.5688 17.3125 -4.20097
    endloop
  endfacet
  facet normal -0.995194 0.0979245 0
    outer loop
      vertex -18.5688 17.3125 -2.40097
      vertex -18.5995 17.0005 -4.20097
      vertex -18.5995 17.0005 -2.40097
    endloop
  endfacet
  facet normal -0.956917 0.290362 0
    outer loop
      vertex -18.5688 17.3125 -4.20097
      vertex -18.4778 17.6124 -2.40097
      vertex -18.4778 17.6124 -4.20097
    endloop
  endfacet
  facet normal -0.956917 0.290362 0
    outer loop
      vertex -18.4778 17.6124 -2.40097
      vertex -18.5688 17.3125 -4.20097
      vertex -18.5688 17.3125 -2.40097
    endloop
  endfacet
  facet normal -0.881911 0.471416 0
    outer loop
      vertex -18.4778 17.6124 -4.20097
      vertex -18.33 17.8889 -2.40097
      vertex -18.33 17.8889 -4.20097
    endloop
  endfacet
  facet normal -0.881911 0.471416 0
    outer loop
      vertex -18.33 17.8889 -2.40097
      vertex -18.4778 17.6124 -4.20097
      vertex -18.4778 17.6124 -2.40097
    endloop
  endfacet
  facet normal -0.773089 0.634297 0
    outer loop
      vertex -18.33 17.8889 -4.20097
      vertex -18.1312 18.1312 -2.40097
      vertex -18.1312 18.1312 -4.20097
    endloop
  endfacet
  facet normal -0.773089 0.634297 0
    outer loop
      vertex -18.1312 18.1312 -2.40097
      vertex -18.33 17.8889 -4.20097
      vertex -18.33 17.8889 -2.40097
    endloop
  endfacet
  facet normal -0.634297 0.773089 0
    outer loop
      vertex -17.8889 18.33 -4.20097
      vertex -18.1312 18.1312 -2.40097
      vertex -17.8889 18.33 -2.40097
    endloop
  endfacet
  facet normal -0.634297 0.773089 0
    outer loop
      vertex -18.1312 18.1312 -2.40097
      vertex -17.8889 18.33 -4.20097
      vertex -18.1312 18.1312 -4.20097
    endloop
  endfacet
  facet normal -0.471416 0.881911 0
    outer loop
      vertex -17.6124 18.4778 -4.20097
      vertex -17.8889 18.33 -2.40097
      vertex -17.6124 18.4778 -2.40097
    endloop
  endfacet
  facet normal -0.471416 0.881911 0
    outer loop
      vertex -17.8889 18.33 -2.40097
      vertex -17.6124 18.4778 -4.20097
      vertex -17.8889 18.33 -4.20097
    endloop
  endfacet
  facet normal -0.290362 0.956917 0
    outer loop
      vertex -17.3125 18.5688 -4.20097
      vertex -17.6124 18.4778 -2.40097
      vertex -17.3125 18.5688 -2.40097
    endloop
  endfacet
  facet normal -0.290362 0.956917 0
    outer loop
      vertex -17.6124 18.4778 -2.40097
      vertex -17.3125 18.5688 -4.20097
      vertex -17.6124 18.4778 -4.20097
    endloop
  endfacet
  facet normal -0.0979245 0.995194 0
    outer loop
      vertex -17.0005 18.5995 -4.20097
      vertex -17.3125 18.5688 -2.40097
      vertex -17.0005 18.5995 -2.40097
    endloop
  endfacet
  facet normal -0.0979245 0.995194 0
    outer loop
      vertex -17.3125 18.5688 -2.40097
      vertex -17.0005 18.5995 -4.20097
      vertex -17.3125 18.5688 -4.20097
    endloop
  endfacet
  facet normal 0.882004 -0.471241 0
    outer loop
      vertex -18.6397 17.5327 25.643
      vertex -18.5236 17.75 23.843
      vertex -18.5236 17.75 25.643
    endloop
  endfacet
  facet normal 0.882004 -0.471241 0
    outer loop
      vertex -18.5236 17.75 23.843
      vertex -18.6397 17.5327 25.643
      vertex -18.6397 17.5327 23.843
    endloop
  endfacet
  facet normal 0.956936 -0.290298 0
    outer loop
      vertex -18.7561 17.149 25.643
      vertex -18.6397 17.5327 23.843
      vertex -18.6397 17.5327 25.643
    endloop
  endfacet
  facet normal 0.956936 -0.290298 0
    outer loop
      vertex -18.6397 17.5327 23.843
      vertex -18.7561 17.149 25.643
      vertex -18.7561 17.149 23.843
    endloop
  endfacet
  facet normal 0.995184 -0.0980219 0
    outer loop
      vertex -18.7954 16.75 25.643
      vertex -18.7561 17.149 23.843
      vertex -18.7561 17.149 25.643
    endloop
  endfacet
  facet normal 0.995184 -0.0980219 0
    outer loop
      vertex -18.7561 17.149 23.843
      vertex -18.7954 16.75 25.643
      vertex -18.7954 16.75 23.843
    endloop
  endfacet
  facet normal 0 -1 0
    outer loop
      vertex -16.75 18.7954 23.843
      vertex 16.75 18.7954 25.643
      vertex -16.75 18.7954 25.643
    endloop
  endfacet
  facet normal 0 -1 -0
    outer loop
      vertex 16.75 18.7954 25.643
      vertex -16.75 18.7954 23.843
      vertex 16.75 18.7954 23.843
    endloop
  endfacet
  facet normal -0.995184 -0.0980219 0
    outer loop
      vertex 18.7954 16.75 23.843
      vertex 18.7561 17.149 25.643
      vertex 18.7561 17.149 23.843
    endloop
  endfacet
  facet normal -0.995184 -0.0980219 0
    outer loop
      vertex 18.7561 17.149 25.643
      vertex 18.7954 16.75 23.843
      vertex 18.7954 16.75 25.643
    endloop
  endfacet
  facet normal -0.956936 -0.290298 0
    outer loop
      vertex 18.7561 17.149 23.843
      vertex 18.6397 17.5327 25.643
      vertex 18.6397 17.5327 23.843
    endloop
  endfacet
  facet normal -0.956936 -0.290298 0
    outer loop
      vertex 18.6397 17.5327 25.643
      vertex 18.7561 17.149 23.843
      vertex 18.7561 17.149 25.643
    endloop
  endfacet
  facet normal -0.882004 -0.471241 0
    outer loop
      vertex 18.6397 17.5327 23.843
      vertex 18.5236 17.75 25.643
      vertex 18.5236 17.75 23.843
    endloop
  endfacet
  facet normal -0.882004 -0.471241 0
    outer loop
      vertex 18.5236 17.75 25.643
      vertex 18.6397 17.5327 23.843
      vertex 18.6397 17.5327 25.643
    endloop
  endfacet
  facet normal -1 0 0
    outer loop
      vertex 18.7954 -16.75 23.843
      vertex 18.7954 16.75 25.643
      vertex 18.7954 16.75 23.843
    endloop
  endfacet
  facet normal -1 -0 0
    outer loop
      vertex 18.7954 16.75 25.643
      vertex 18.7954 -16.75 23.843
      vertex 18.7954 -16.75 25.643
    endloop
  endfacet
  facet normal -0.882004 0.471241 0
    outer loop
      vertex 18.5236 -17.75 23.843
      vertex 18.6397 -17.5327 25.643
      vertex 18.6397 -17.5327 23.843
    endloop
  endfacet
  facet normal -0.882004 0.471241 0
    outer loop
      vertex 18.6397 -17.5327 25.643
      vertex 18.5236 -17.75 23.843
      vertex 18.5236 -17.75 25.643
    endloop
  endfacet
  facet normal -0.956936 0.290298 0
    outer loop
      vertex 18.6397 -17.5327 23.843
      vertex 18.7561 -17.149 25.643
      vertex 18.7561 -17.149 23.843
    endloop
  endfacet
  facet normal -0.956936 0.290298 0
    outer loop
      vertex 18.7561 -17.149 25.643
      vertex 18.6397 -17.5327 23.843
      vertex 18.6397 -17.5327 25.643
    endloop
  endfacet
  facet normal -0.995184 0.0980219 0
    outer loop
      vertex 18.7561 -17.149 23.843
      vertex 18.7954 -16.75 25.643
      vertex 18.7954 -16.75 23.843
    endloop
  endfacet
  facet normal -0.995184 0.0980219 0
    outer loop
      vertex 18.7954 -16.75 25.643
      vertex 18.7561 -17.149 23.843
      vertex 18.7561 -17.149 25.643
    endloop
  endfacet
  facet normal 0 1 -0
    outer loop
      vertex 16.75 -18.7954 23.843
      vertex -16.75 -18.7954 25.643
      vertex 16.75 -18.7954 25.643
    endloop
  endfacet
  facet normal 0 1 0
    outer loop
      vertex -16.75 -18.7954 25.643
      vertex 16.75 -18.7954 23.843
      vertex -16.75 -18.7954 23.843
    endloop
  endfacet
  facet normal 0.995184 0.0980219 0
    outer loop
      vertex -18.7561 -17.149 25.643
      vertex -18.7954 -16.75 23.843
      vertex -18.7954 -16.75 25.643
    endloop
  endfacet
  facet normal 0.995184 0.0980219 0
    outer loop
      vertex -18.7954 -16.75 23.843
      vertex -18.7561 -17.149 25.643
      vertex -18.7561 -17.149 23.843
    endloop
  endfacet
  facet normal 0.956936 0.290298 0
    outer loop
      vertex -18.6397 -17.5327 25.643
      vertex -18.7561 -17.149 23.843
      vertex -18.7561 -17.149 25.643
    endloop
  endfacet
  facet normal 0.956936 0.290298 0
    outer loop
      vertex -18.7561 -17.149 23.843
      vertex -18.6397 -17.5327 25.643
      vertex -18.6397 -17.5327 23.843
    endloop
  endfacet
  facet normal 0.882004 0.471241 0
    outer loop
      vertex -18.5236 -17.75 25.643
      vertex -18.6397 -17.5327 23.843
      vertex -18.6397 -17.5327 25.643
    endloop
  endfacet
  facet normal 0.882004 0.471241 0
    outer loop
      vertex -18.6397 -17.5327 23.843
      vertex -18.5236 -17.75 25.643
      vertex -18.5236 -17.75 23.843
    endloop
  endfacet
  facet normal 1 -0 0
    outer loop
      vertex -18.7954 -16.75 25.643
      vertex -18.7954 16.75 23.843
      vertex -18.7954 16.75 25.643
    endloop
  endfacet
  facet normal 1 0 0
    outer loop
      vertex -18.7954 16.75 23.843
      vertex -18.7954 -16.75 25.643
      vertex -18.7954 -16.75 23.843
    endloop
  endfacet
  facet normal 0.385161 0.576378 -0.720721
    outer loop
      vertex 18.7791 20.1971 -0.341872
      vertex 18.8887 18.8887 -1.32966
      vertex 18.0224 19.4676 -1.32966
    endloop
  endfacet
  facet normal 0.402388 0.602156 -0.689559
    outer loop
      vertex 18.0224 19.4676 -1.32966
      vertex 18.8887 18.8887 -1.32966
      vertex 17.8889 18.33 -2.40097
    endloop
  endfacet
  facet normal 0.0727929 0.739784 -0.668895
    outer loop
      vertex 18.0224 19.4676 -1.32966
      vertex 17.3125 18.5688 -2.40097
      vertex 17.0005 18.5995 -2.40097
    endloop
  endfacet
  facet normal 0.205806 0.678257 -0.705416
    outer loop
      vertex 18.0224 19.4676 -1.32966
      vertex 17.6124 18.4778 -2.40097
      vertex 17.3125 18.5688 -2.40097
    endloop
  endfacet
  facet normal 0.334138 0.625095 -0.705413
    outer loop
      vertex 18.0224 19.4676 -1.32966
      vertex 17.8889 18.33 -2.40097
      vertex 17.6124 18.4778 -2.40097
    endloop
  endfacet
  facet normal 0.139236 0.700222 -0.700216
    outer loop
      vertex 17.0005 20.7421 -0.258351
      vertex 18.0224 19.4676 -1.32966
      vertex 17.0005 18.5995 -2.40097
    endloop
  endfacet
  facet normal 0.0438782 0.663211 -0.747145
    outer loop
      vertex 17.5433 20.6705 -0.29003
      vertex 18.0224 19.4676 -1.32966
      vertex 17.0005 20.7421 -0.258351
    endloop
  endfacet
  facet normal 0.151738 0.680225 -0.717126
    outer loop
      vertex 18.0719 20.5252 -0.316006
      vertex 18.0224 19.4676 -1.32966
      vertex 17.5433 20.6705 -0.29003
    endloop
  endfacet
  facet normal 0.279464 0.657529 -0.699682
    outer loop
      vertex 18.0719 20.5252 -0.316006
      vertex 18.7791 20.1971 -0.341872
      vertex 18.0224 19.4676 -1.32966
    endloop
  endfacet
  facet normal 0.602156 0.402388 -0.689559
    outer loop
      vertex 18.8887 18.8887 -1.32966
      vertex 19.4676 18.0224 -1.32966
      vertex 18.33 17.8889 -2.40097
    endloop
  endfacet
  facet normal 0.573823 0.383454 -0.723665
    outer loop
      vertex 19.9396 19.1638 -0.35059
      vertex 19.4676 18.0224 -1.32966
      vertex 18.8887 18.8887 -1.32966
    endloop
  endfacet
  facet normal 0.449609 0.547989 -0.70538
    outer loop
      vertex 18.8887 18.8887 -1.32966
      vertex 18.1312 18.1312 -2.40097
      vertex 17.8889 18.33 -2.40097
    endloop
  endfacet
  facet normal 0.547989 0.449609 -0.70538
    outer loop
      vertex 18.8887 18.8887 -1.32966
      vertex 18.33 17.8889 -2.40097
      vertex 18.1312 18.1312 -2.40097
    endloop
  endfacet
  facet normal 0.403938 0.572498 -0.713498
    outer loop
      vertex 19.4099 19.7374 -0.353608
      vertex 18.8887 18.8887 -1.32966
      vertex 18.7791 20.1971 -0.341872
    endloop
  endfacet
  facet normal 0.526233 0.482274 -0.70035
    outer loop
      vertex 19.4099 19.7374 -0.353608
      vertex 19.9396 19.1638 -0.35059
      vertex 18.8887 18.8887 -1.32966
    endloop
  endfacet
  facet normal 0.625095 0.334138 -0.705413
    outer loop
      vertex 19.4676 18.0224 -1.32966
      vertex 18.4778 17.6124 -2.40097
      vertex 18.33 17.8889 -2.40097
    endloop
  endfacet
  facet normal 0.678257 0.205806 -0.705416
    outer loop
      vertex 19.4676 18.0224 -1.32966
      vertex 18.5688 17.3125 -2.40097
      vertex 18.4778 17.6124 -2.40097
    endloop
  endfacet
  facet normal 0.739784 0.0727929 -0.668895
    outer loop
      vertex 19.4676 18.0224 -1.32966
      vertex 18.5995 17.0005 -2.40097
      vertex 18.5688 17.3125 -2.40097
    endloop
  endfacet
  facet normal 0.609962 0.355329 -0.708299
    outer loop
      vertex 19.9396 19.1638 -0.35059
      vertex 20.3475 18.4987 -0.332978
      vertex 19.4676 18.0224 -1.32966
    endloop
  endfacet
  facet normal 0.676484 0.2206 -0.702641
    outer loop
      vertex 20.3475 18.4987 -0.332978
      vertex 20.6182 17.7682 -0.301702
      vertex 19.4676 18.0224 -1.32966
    endloop
  endfacet
  facet normal 0.67294 0.0670086 -0.736656
    outer loop
      vertex 20.6182 17.7682 -0.301702
      vertex 20.7421 17.0005 -0.258351
      vertex 19.4676 18.0224 -1.32966
    endloop
  endfacet
  facet normal 0.700222 0.139236 -0.700216
    outer loop
      vertex 19.4676 18.0224 -1.32966
      vertex 20.7421 17.0005 -0.258351
      vertex 18.5995 17.0005 -2.40097
    endloop
  endfacet
  facet normal 0.576378 -0.385161 -0.720721
    outer loop
      vertex 19.4676 -18.0224 -1.32966
      vertex 20.1971 -18.7791 -0.341872
      vertex 18.8887 -18.8887 -1.32966
    endloop
  endfacet
  facet normal 0.602156 -0.402388 -0.689559
    outer loop
      vertex 19.4676 -18.0224 -1.32966
      vertex 18.8887 -18.8887 -1.32966
      vertex 18.33 -17.8889 -2.40097
    endloop
  endfacet
  facet normal 0.739784 -0.0727929 -0.668895
    outer loop
      vertex 18.5995 -17.0005 -2.40097
      vertex 19.4676 -18.0224 -1.32966
      vertex 18.5688 -17.3125 -2.40097
    endloop
  endfacet
  facet normal 0.678257 -0.205806 -0.705416
    outer loop
      vertex 18.5688 -17.3125 -2.40097
      vertex 19.4676 -18.0224 -1.32966
      vertex 18.4778 -17.6124 -2.40097
    endloop
  endfacet
  facet normal 0.625095 -0.334138 -0.705413
    outer loop
      vertex 18.4778 -17.6124 -2.40097
      vertex 19.4676 -18.0224 -1.32966
      vertex 18.33 -17.8889 -2.40097
    endloop
  endfacet
  facet normal 0.700222 -0.139236 -0.700216
    outer loop
      vertex 20.7421 -17.0005 -0.258351
      vertex 19.4676 -18.0224 -1.32966
      vertex 18.5995 -17.0005 -2.40097
    endloop
  endfacet
  facet normal 0.663211 -0.0438782 -0.747145
    outer loop
      vertex 20.7421 -17.0005 -0.258351
      vertex 20.6705 -17.5433 -0.29003
      vertex 19.4676 -18.0224 -1.32966
    endloop
  endfacet
  facet normal 0.680225 -0.151738 -0.717126
    outer loop
      vertex 20.6705 -17.5433 -0.29003
      vertex 20.5252 -18.0719 -0.316006
      vertex 19.4676 -18.0224 -1.32966
    endloop
  endfacet
  facet normal 0.657529 -0.279464 -0.699682
    outer loop
      vertex 20.5252 -18.0719 -0.316006
      vertex 20.1971 -18.7791 -0.341872
      vertex 19.4676 -18.0224 -1.32966
    endloop
  endfacet
  facet normal 0.402388 -0.602156 -0.689559
    outer loop
      vertex 18.8887 -18.8887 -1.32966
      vertex 18.0224 -19.4676 -1.32966
      vertex 17.8889 -18.33 -2.40097
    endloop
  endfacet
  facet normal 0.383454 -0.573823 -0.723665
    outer loop
      vertex 18.8887 -18.8887 -1.32966
      vertex 19.1638 -19.9396 -0.35059
      vertex 18.0224 -19.4676 -1.32966
    endloop
  endfacet
  facet normal 0.547989 -0.449609 -0.70538
    outer loop
      vertex 18.33 -17.8889 -2.40097
      vertex 18.8887 -18.8887 -1.32966
      vertex 18.1312 -18.1312 -2.40097
    endloop
  endfacet
  facet normal 0.449609 -0.547989 -0.70538
    outer loop
      vertex 18.1312 -18.1312 -2.40097
      vertex 18.8887 -18.8887 -1.32966
      vertex 17.8889 -18.33 -2.40097
    endloop
  endfacet
  facet normal 0.572498 -0.403938 -0.713498
    outer loop
      vertex 20.1971 -18.7791 -0.341872
      vertex 19.7374 -19.4099 -0.353608
      vertex 18.8887 -18.8887 -1.32966
    endloop
  endfacet
  facet normal 0.482274 -0.526233 -0.70035
    outer loop
      vertex 19.7374 -19.4099 -0.353608
      vertex 19.1638 -19.9396 -0.35059
      vertex 18.8887 -18.8887 -1.32966
    endloop
  endfacet
  facet normal 0.334138 -0.625095 -0.705413
    outer loop
      vertex 17.8889 -18.33 -2.40097
      vertex 18.0224 -19.4676 -1.32966
      vertex 17.6124 -18.4778 -2.40097
    endloop
  endfacet
  facet normal 0.205806 -0.678257 -0.705416
    outer loop
      vertex 17.6124 -18.4778 -2.40097
      vertex 18.0224 -19.4676 -1.32966
      vertex 17.3125 -18.5688 -2.40097
    endloop
  endfacet
  facet normal 0.0727929 -0.739784 -0.668895
    outer loop
      vertex 17.3125 -18.5688 -2.40097
      vertex 18.0224 -19.4676 -1.32966
      vertex 17.0005 -18.5995 -2.40097
    endloop
  endfacet
  facet normal 0.355329 -0.609962 -0.708299
    outer loop
      vertex 19.1638 -19.9396 -0.35059
      vertex 18.4987 -20.3475 -0.332978
      vertex 18.0224 -19.4676 -1.32966
    endloop
  endfacet
  facet normal 0.2206 -0.676484 -0.702641
    outer loop
      vertex 18.0224 -19.4676 -1.32966
      vertex 18.4987 -20.3475 -0.332978
      vertex 17.7682 -20.6182 -0.301702
    endloop
  endfacet
  facet normal 0.0670086 -0.67294 -0.736656
    outer loop
      vertex 18.0224 -19.4676 -1.32966
      vertex 17.7682 -20.6182 -0.301702
      vertex 17.0005 -20.7421 -0.258351
    endloop
  endfacet
  facet normal 0.139236 -0.700222 -0.700216
    outer loop
      vertex 17.0005 -18.5995 -2.40097
      vertex 18.0224 -19.4676 -1.32966
      vertex 17.0005 -20.7421 -0.258351
    endloop
  endfacet
  facet normal 0.707102 0 -0.707112
    outer loop
      vertex 18.5995 -17.0005 -2.40097
      vertex 20.75 16.75 -0.2505
      vertex 20.75 -16.75 -0.2505
    endloop
  endfacet
  facet normal 0.707102 0 -0.707112
    outer loop
      vertex 20.75 16.75 -0.2505
      vertex 18.5995 -17.0005 -2.40097
      vertex 18.5995 17.0005 -2.40097
    endloop
  endfacet
  facet normal 0.70711 0.000138513 -0.707104
    outer loop
      vertex 20.7421 17.0005 -0.258351
      vertex 20.75 16.75 -0.2505
      vertex 18.5995 17.0005 -2.40097
    endloop
  endfacet
  facet normal 0.70711 -0.000138513 -0.707104
    outer loop
      vertex 20.75 -16.75 -0.2505
      vertex 20.7421 -17.0005 -0.258351
      vertex 18.5995 -17.0005 -2.40097
    endloop
  endfacet
  facet normal 0 -0.707102 -0.707112
    outer loop
      vertex -16.75 -20.75 -0.2505
      vertex 17.0005 -18.5995 -2.40097
      vertex 16.75 -20.75 -0.2505
    endloop
  endfacet
  facet normal -0 -0.707102 -0.707112
    outer loop
      vertex 17.0005 -18.5995 -2.40097
      vertex -16.75 -20.75 -0.2505
      vertex -17.0005 -18.5995 -2.40097
    endloop
  endfacet
  facet normal 0.000138513 -0.70711 -0.707104
    outer loop
      vertex 17.0005 -18.5995 -2.40097
      vertex 17.0005 -20.7421 -0.258351
      vertex 16.75 -20.75 -0.2505
    endloop
  endfacet
  facet normal -0.000138513 -0.70711 -0.707104
    outer loop
      vertex -17.0005 -18.5995 -2.40097
      vertex -16.75 -20.75 -0.2505
      vertex -17.0005 -20.7421 -0.258351
    endloop
  endfacet
  facet normal -1 0 0
    outer loop
      vertex -18.5995 -17.0005 -4.20097
      vertex -18.5995 17.0005 -2.40097
      vertex -18.5995 17.0005 -4.20097
    endloop
  endfacet
  facet normal -1 -0 0
    outer loop
      vertex -18.5995 17.0005 -2.40097
      vertex -18.5995 -17.0005 -4.20097
      vertex -18.5995 -17.0005 -2.40097
    endloop
  endfacet
  facet normal -0.385161 -0.576378 -0.720721
    outer loop
      vertex -18.0224 -19.4676 -1.32966
      vertex -18.7791 -20.1971 -0.341872
      vertex -18.8887 -18.8887 -1.32966
    endloop
  endfacet
  facet normal -0.402388 -0.602156 -0.689559
    outer loop
      vertex -17.8889 -18.33 -2.40097
      vertex -18.0224 -19.4676 -1.32966
      vertex -18.8887 -18.8887 -1.32966
    endloop
  endfacet
  facet normal -0.0727929 -0.739784 -0.668895
    outer loop
      vertex -17.3125 -18.5688 -2.40097
      vertex -17.0005 -18.5995 -2.40097
      vertex -18.0224 -19.4676 -1.32966
    endloop
  endfacet
  facet normal -0.205806 -0.678257 -0.705416
    outer loop
      vertex -17.6124 -18.4778 -2.40097
      vertex -17.3125 -18.5688 -2.40097
      vertex -18.0224 -19.4676 -1.32966
    endloop
  endfacet
  facet normal -0.334138 -0.625095 -0.705413
    outer loop
      vertex -17.8889 -18.33 -2.40097
      vertex -17.6124 -18.4778 -2.40097
      vertex -18.0224 -19.4676 -1.32966
    endloop
  endfacet
  facet normal -0.139236 -0.700222 -0.700216
    outer loop
      vertex -17.0005 -18.5995 -2.40097
      vertex -17.0005 -20.7421 -0.258351
      vertex -18.0224 -19.4676 -1.32966
    endloop
  endfacet
  facet normal -0.0438782 -0.663211 -0.747145
    outer loop
      vertex -17.0005 -20.7421 -0.258351
      vertex -17.5433 -20.6705 -0.29003
      vertex -18.0224 -19.4676 -1.32966
    endloop
  endfacet
  facet normal -0.151738 -0.680225 -0.717126
    outer loop
      vertex -18.0224 -19.4676 -1.32966
      vertex -17.5433 -20.6705 -0.29003
      vertex -18.0719 -20.5252 -0.316006
    endloop
  endfacet
  facet normal -0.279464 -0.657529 -0.699682
    outer loop
      vertex -18.0224 -19.4676 -1.32966
      vertex -18.0719 -20.5252 -0.316006
      vertex -18.7791 -20.1971 -0.341872
    endloop
  endfacet
  facet normal -0.602156 -0.402388 -0.689559
    outer loop
      vertex -18.33 -17.8889 -2.40097
      vertex -18.8887 -18.8887 -1.32966
      vertex -19.4676 -18.0224 -1.32966
    endloop
  endfacet
  facet normal -0.573823 -0.383454 -0.723665
    outer loop
      vertex -19.4676 -18.0224 -1.32966
      vertex -18.8887 -18.8887 -1.32966
      vertex -19.9396 -19.1638 -0.35059
    endloop
  endfacet
  facet normal -0.449609 -0.547989 -0.70538
    outer loop
      vertex -18.1312 -18.1312 -2.40097
      vertex -17.8889 -18.33 -2.40097
      vertex -18.8887 -18.8887 -1.32966
    endloop
  endfacet
  facet normal -0.547989 -0.449609 -0.70538
    outer loop
      vertex -18.33 -17.8889 -2.40097
      vertex -18.1312 -18.1312 -2.40097
      vertex -18.8887 -18.8887 -1.32966
    endloop
  endfacet
  facet normal -0.403938 -0.572498 -0.713498
    outer loop
      vertex -18.8887 -18.8887 -1.32966
      vertex -18.7791 -20.1971 -0.341872
      vertex -19.4099 -19.7374 -0.353608
    endloop
  endfacet
  facet normal -0.526233 -0.482274 -0.70035
    outer loop
      vertex -18.8887 -18.8887 -1.32966
      vertex -19.4099 -19.7374 -0.353608
      vertex -19.9396 -19.1638 -0.35059
    endloop
  endfacet
  facet normal -0.625095 -0.334138 -0.705413
    outer loop
      vertex -18.4778 -17.6124 -2.40097
      vertex -18.33 -17.8889 -2.40097
      vertex -19.4676 -18.0224 -1.32966
    endloop
  endfacet
  facet normal -0.678257 -0.205806 -0.705416
    outer loop
      vertex -18.5688 -17.3125 -2.40097
      vertex -18.4778 -17.6124 -2.40097
      vertex -19.4676 -18.0224 -1.32966
    endloop
  endfacet
  facet normal -0.739784 -0.0727929 -0.668895
    outer loop
      vertex -18.5995 -17.0005 -2.40097
      vertex -18.5688 -17.3125 -2.40097
      vertex -19.4676 -18.0224 -1.32966
    endloop
  endfacet
  facet normal -0.609962 -0.355329 -0.708299
    outer loop
      vertex -19.4676 -18.0224 -1.32966
      vertex -19.9396 -19.1638 -0.35059
      vertex -20.3475 -18.4987 -0.332978
    endloop
  endfacet
  facet normal -0.676484 -0.2206 -0.702641
    outer loop
      vertex -19.4676 -18.0224 -1.32966
      vertex -20.3475 -18.4987 -0.332978
      vertex -20.6182 -17.7682 -0.301702
    endloop
  endfacet
  facet normal -0.67294 -0.0670086 -0.736656
    outer loop
      vertex -19.4676 -18.0224 -1.32966
      vertex -20.6182 -17.7682 -0.301702
      vertex -20.7421 -17.0005 -0.258351
    endloop
  endfacet
  facet normal -0.700222 -0.139236 -0.700216
    outer loop
      vertex -18.5995 -17.0005 -2.40097
      vertex -19.4676 -18.0224 -1.32966
      vertex -20.7421 -17.0005 -0.258351
    endloop
  endfacet
  facet normal 0 0.707102 -0.707112
    outer loop
      vertex 17.0005 18.5995 -2.40097
      vertex -16.75 20.75 -0.2505
      vertex 16.75 20.75 -0.2505
    endloop
  endfacet
  facet normal 0 0.707102 -0.707112
    outer loop
      vertex -16.75 20.75 -0.2505
      vertex 17.0005 18.5995 -2.40097
      vertex -17.0005 18.5995 -2.40097
    endloop
  endfacet
  facet normal -0.000138513 0.70711 -0.707104
    outer loop
      vertex -17.0005 20.7421 -0.258351
      vertex -16.75 20.75 -0.2505
      vertex -17.0005 18.5995 -2.40097
    endloop
  endfacet
  facet normal 0.000138513 0.70711 -0.707104
    outer loop
      vertex 17.0005 20.7421 -0.258351
      vertex 17.0005 18.5995 -2.40097
      vertex 16.75 20.75 -0.2505
    endloop
  endfacet
  facet normal -0.576378 0.385161 -0.720721
    outer loop
      vertex -18.8887 18.8887 -1.32966
      vertex -19.4676 18.0224 -1.32966
      vertex -20.1971 18.7791 -0.341872
    endloop
  endfacet
  facet normal -0.602156 0.402388 -0.689559
    outer loop
      vertex -18.8887 18.8887 -1.32966
      vertex -18.33 17.8889 -2.40097
      vertex -19.4676 18.0224 -1.32966
    endloop
  endfacet
  facet normal -0.739784 0.0727929 -0.668895
    outer loop
      vertex -18.5688 17.3125 -2.40097
      vertex -18.5995 17.0005 -2.40097
      vertex -19.4676 18.0224 -1.32966
    endloop
  endfacet
  facet normal -0.678257 0.205806 -0.705416
    outer loop
      vertex -18.4778 17.6124 -2.40097
      vertex -18.5688 17.3125 -2.40097
      vertex -19.4676 18.0224 -1.32966
    endloop
  endfacet
  facet normal -0.625095 0.334138 -0.705413
    outer loop
      vertex -18.33 17.8889 -2.40097
      vertex -18.4778 17.6124 -2.40097
      vertex -19.4676 18.0224 -1.32966
    endloop
  endfacet
  facet normal -0.700222 0.139236 -0.700216
    outer loop
      vertex -19.4676 18.0224 -1.32966
      vertex -18.5995 17.0005 -2.40097
      vertex -20.7421 17.0005 -0.258351
    endloop
  endfacet
  facet normal -0.663211 0.0438782 -0.747145
    outer loop
      vertex -20.6705 17.5433 -0.29003
      vertex -19.4676 18.0224 -1.32966
      vertex -20.7421 17.0005 -0.258351
    endloop
  endfacet
  facet normal -0.680225 0.151738 -0.717126
    outer loop
      vertex -20.5252 18.0719 -0.316006
      vertex -19.4676 18.0224 -1.32966
      vertex -20.6705 17.5433 -0.29003
    endloop
  endfacet
  facet normal -0.657529 0.279464 -0.699682
    outer loop
      vertex -20.1971 18.7791 -0.341872
      vertex -19.4676 18.0224 -1.32966
      vertex -20.5252 18.0719 -0.316006
    endloop
  endfacet
  facet normal -0.402388 0.602156 -0.689559
    outer loop
      vertex -18.0224 19.4676 -1.32966
      vertex -17.8889 18.33 -2.40097
      vertex -18.8887 18.8887 -1.32966
    endloop
  endfacet
  facet normal -0.383454 0.573823 -0.723665
    outer loop
      vertex -18.0224 19.4676 -1.32966
      vertex -18.8887 18.8887 -1.32966
      vertex -19.1638 19.9396 -0.35059
    endloop
  endfacet
  facet normal -0.547989 0.449609 -0.70538
    outer loop
      vertex -18.1312 18.1312 -2.40097
      vertex -18.33 17.8889 -2.40097
      vertex -18.8887 18.8887 -1.32966
    endloop
  endfacet
  facet normal -0.449609 0.547989 -0.70538
    outer loop
      vertex -17.8889 18.33 -2.40097
      vertex -18.1312 18.1312 -2.40097
      vertex -18.8887 18.8887 -1.32966
    endloop
  endfacet
  facet normal -0.572498 0.403938 -0.713498
    outer loop
      vertex -19.7374 19.4099 -0.353608
      vertex -18.8887 18.8887 -1.32966
      vertex -20.1971 18.7791 -0.341872
    endloop
  endfacet
  facet normal -0.482274 0.526233 -0.70035
    outer loop
      vertex -19.1638 19.9396 -0.35059
      vertex -18.8887 18.8887 -1.32966
      vertex -19.7374 19.4099 -0.353608
    endloop
  endfacet
  facet normal -0.334138 0.625095 -0.705413
    outer loop
      vertex -17.6124 18.4778 -2.40097
      vertex -17.8889 18.33 -2.40097
      vertex -18.0224 19.4676 -1.32966
    endloop
  endfacet
  facet normal -0.205806 0.678257 -0.705416
    outer loop
      vertex -17.3125 18.5688 -2.40097
      vertex -17.6124 18.4778 -2.40097
      vertex -18.0224 19.4676 -1.32966
    endloop
  endfacet
  facet normal -0.0727929 0.739784 -0.668895
    outer loop
      vertex -17.0005 18.5995 -2.40097
      vertex -17.3125 18.5688 -2.40097
      vertex -18.0224 19.4676 -1.32966
    endloop
  endfacet
  facet normal -0.355329 0.609962 -0.708299
    outer loop
      vertex -18.4987 20.3475 -0.332978
      vertex -18.0224 19.4676 -1.32966
      vertex -19.1638 19.9396 -0.35059
    endloop
  endfacet
  facet normal -0.2206 0.676484 -0.702641
    outer loop
      vertex -17.7682 20.6182 -0.301702
      vertex -18.0224 19.4676 -1.32966
      vertex -18.4987 20.3475 -0.332978
    endloop
  endfacet
  facet normal -0.0670086 0.67294 -0.736656
    outer loop
      vertex -17.7682 20.6182 -0.301702
      vertex -17.0005 20.7421 -0.258351
      vertex -18.0224 19.4676 -1.32966
    endloop
  endfacet
  facet normal -0.139236 0.700222 -0.700216
    outer loop
      vertex -17.0005 20.7421 -0.258351
      vertex -17.0005 18.5995 -2.40097
      vertex -18.0224 19.4676 -1.32966
    endloop
  endfacet
  facet normal 0.62515 -0.334008 0.705427
    outer loop
      vertex -18.6397 17.5327 25.643
      vertex -18.5236 17.75 25.643
      vertex -19.1642 17.75 26.2107
    endloop
  endfacet
  facet normal 0.678272 -0.205762 0.705414
    outer loop
      vertex -18.7561 17.149 25.643
      vertex -18.6397 17.5327 25.643
      vertex -19.8909 17.3748 26.8
    endloop
  endfacet
  facet normal 0.678267 -0.205722 0.70543
    outer loop
      vertex -19.8909 17.3748 26.8
      vertex -19.1642 17.75 26.2107
      vertex -19.7771 17.75 26.8
    endloop
  endfacet
  facet normal 0.678273 -0.205755 0.705416
    outer loop
      vertex -19.1642 17.75 26.2107
      vertex -19.8909 17.3748 26.8
      vertex -18.6397 17.5327 25.643
    endloop
  endfacet
  facet normal 0.705392 -0.0694328 0.705408
    outer loop
      vertex -18.7561 17.149 25.643
      vertex -19.8909 17.3748 26.8
      vertex -19.9524 16.75 26.8
    endloop
  endfacet
  facet normal 0.705398 -0.0694791 0.705398
    outer loop
      vertex -18.7954 16.75 25.643
      vertex -18.7561 17.149 25.643
      vertex -19.9524 16.75 26.8
    endloop
  endfacet
  facet normal 0 -0.707107 0.707107
    outer loop
      vertex -16.75 18.7954 25.643
      vertex 16.75 19.9524 26.8
      vertex -16.75 19.9524 26.8
    endloop
  endfacet
  facet normal 0 -0.707107 0.707107
    outer loop
      vertex 16.75 19.9524 26.8
      vertex -16.75 18.7954 25.643
      vertex 16.75 18.7954 25.643
    endloop
  endfacet
  facet normal -0.705386 -0.0694778 0.70541
    outer loop
      vertex 18.7954 16.75 25.643
      vertex 19.8909 17.3748 26.8
      vertex 18.7561 17.149 25.643
    endloop
  endfacet
  facet normal -0.7054 -0.0694336 0.7054
    outer loop
      vertex 19.9524 16.75 26.8
      vertex 19.8909 17.3748 26.8
      vertex 18.7954 16.75 25.643
    endloop
  endfacet
  facet normal -0.678346 -0.205667 0.705371
    outer loop
      vertex 19.1642 17.75 26.2107
      vertex 18.7561 17.149 25.643
      vertex 19.4487 17.75 26.4843
    endloop
  endfacet
  facet normal -0.67827 -0.205761 0.705416
    outer loop
      vertex 18.7561 17.149 25.643
      vertex 19.1642 17.75 26.2107
      vertex 18.6397 17.5327 25.643
    endloop
  endfacet
  facet normal -0.678209 -0.205704 0.705492
    outer loop
      vertex 19.4487 17.75 26.4843
      vertex 19.8909 17.3748 26.8
      vertex 19.7771 17.75 26.8
    endloop
  endfacet
  facet normal -0.678256 -0.205827 0.705411
    outer loop
      vertex 19.8909 17.3748 26.8
      vertex 19.4487 17.75 26.4843
      vertex 18.7561 17.149 25.643
    endloop
  endfacet
  facet normal -0.625025 -0.333941 0.705569
    outer loop
      vertex 18.6397 17.5327 25.643
      vertex 18.8083 17.75 25.8952
      vertex 18.5236 17.75 25.643
    endloop
  endfacet
  facet normal -0.625373 -0.333535 0.705452
    outer loop
      vertex 19.1642 17.75 26.2107
      vertex 18.8083 17.75 25.8952
      vertex 18.6397 17.5327 25.643
    endloop
  endfacet
  facet normal -0.707107 0 0.707107
    outer loop
      vertex 18.7954 -16.75 25.643
      vertex 19.9524 16.75 26.8
      vertex 18.7954 16.75 25.643
    endloop
  endfacet
  facet normal -0.707107 0 0.707107
    outer loop
      vertex 19.9524 16.75 26.8
      vertex 18.7954 -16.75 25.643
      vertex 19.9524 -16.75 26.8
    endloop
  endfacet
  facet normal -0.62515 0.334008 0.705427
    outer loop
      vertex 19.1642 -17.75 26.2107
      vertex 18.6397 -17.5327 25.643
      vertex 18.5236 -17.75 25.643
    endloop
  endfacet
  facet normal -0.678272 0.205762 0.705414
    outer loop
      vertex 19.8909 -17.3748 26.8
      vertex 18.7561 -17.149 25.643
      vertex 18.6397 -17.5327 25.643
    endloop
  endfacet
  facet normal -0.678267 0.205722 0.70543
    outer loop
      vertex 19.8909 -17.3748 26.8
      vertex 19.1642 -17.75 26.2107
      vertex 19.7771 -17.75 26.8
    endloop
  endfacet
  facet normal -0.678273 0.205755 0.705416
    outer loop
      vertex 19.1642 -17.75 26.2107
      vertex 19.8909 -17.3748 26.8
      vertex 18.6397 -17.5327 25.643
    endloop
  endfacet
  facet normal -0.705392 0.0694328 0.705408
    outer loop
      vertex 19.8909 -17.3748 26.8
      vertex 19.9524 -16.75 26.8
      vertex 18.7561 -17.149 25.643
    endloop
  endfacet
  facet normal -0.705398 0.0694791 0.705398
    outer loop
      vertex 19.9524 -16.75 26.8
      vertex 18.7954 -16.75 25.643
      vertex 18.7561 -17.149 25.643
    endloop
  endfacet
  facet normal 0 0.707107 0.707107
    outer loop
      vertex 16.75 -18.7954 25.643
      vertex -16.75 -19.9524 26.8
      vertex 16.75 -19.9524 26.8
    endloop
  endfacet
  facet normal 0 0.707107 0.707107
    outer loop
      vertex -16.75 -19.9524 26.8
      vertex 16.75 -18.7954 25.643
      vertex -16.75 -18.7954 25.643
    endloop
  endfacet
  facet normal 0.705398 0.0694791 0.705398
    outer loop
      vertex -18.7561 -17.149 25.643
      vertex -18.7954 -16.75 25.643
      vertex -19.9524 -16.75 26.8
    endloop
  endfacet
  facet normal 0.67827 0.205761 0.705416
    outer loop
      vertex -18.7561 -17.149 25.643
      vertex -19.1642 -17.75 26.2107
      vertex -18.6397 -17.5327 25.643
    endloop
  endfacet
  facet normal 0.678346 0.205667 0.705371
    outer loop
      vertex -19.1642 -17.75 26.2107
      vertex -18.7561 -17.149 25.643
      vertex -19.4487 -17.75 26.4843
    endloop
  endfacet
  facet normal 0.705392 0.0694328 0.705408
    outer loop
      vertex -19.8909 -17.3748 26.8
      vertex -18.7561 -17.149 25.643
      vertex -19.9524 -16.75 26.8
    endloop
  endfacet
  facet normal 0.678256 0.205827 0.705411
    outer loop
      vertex -19.8909 -17.3748 26.8
      vertex -19.4487 -17.75 26.4843
      vertex -18.7561 -17.149 25.643
    endloop
  endfacet
  facet normal 0.678209 0.205704 0.705492
    outer loop
      vertex -19.4487 -17.75 26.4843
      vertex -19.8909 -17.3748 26.8
      vertex -19.7771 -17.75 26.8
    endloop
  endfacet
  facet normal 0.62515 0.334008 0.705427
    outer loop
      vertex -18.5236 -17.75 25.643
      vertex -18.6397 -17.5327 25.643
      vertex -19.1642 -17.75 26.2107
    endloop
  endfacet
  facet normal 0.707107 -0 0.707107
    outer loop
      vertex -19.9524 -16.75 26.8
      vertex -18.7954 16.75 25.643
      vertex -19.9524 16.75 26.8
    endloop
  endfacet
  facet normal 0.707107 0 0.707107
    outer loop
      vertex -18.7954 16.75 25.643
      vertex -19.9524 -16.75 26.8
      vertex -18.7954 -16.75 25.643
    endloop
  endfacet
  facet normal 1 -0 0
    outer loop
      vertex 20.75 -16.75 26.8
      vertex 20.75 16.75 -0.2505
      vertex 20.75 16.75 26.8
    endloop
  endfacet
  facet normal 1 0 0
    outer loop
      vertex 20.75 16.75 -0.2505
      vertex 20.75 -16.75 26.8
      vertex 20.75 -16.75 -0.2505
    endloop
  endfacet
  facet normal 0.0315213 0.999503 0
    outer loop
      vertex 16.75 20.75 26.8
      vertex 17.0005 20.7421 -0.258351
      vertex 16.75 20.75 -0.2505
    endloop
  endfacet
  facet normal 0.130968 0.991387 -2.92732e-05
    outer loop
      vertex 17.5304 20.6731 26.8
      vertex 17.5386 20.6715 9.3
      vertex 17.5303 20.6731 26.3526
    endloop
  endfacet
  facet normal 0.13073 0.991418 -3.68015e-05
    outer loop
      vertex 17.5386 20.6715 9.3
      vertex 17.0005 20.7421 -0.258351
      vertex 17.1943 20.7169 9.3
    endloop
  endfacet
  facet normal 0.130774 0.991412 -3.92884e-05
    outer loop
      vertex 17.5386 20.6715 9.3
      vertex 17.5433 20.6705 -0.29003
      vertex 17.0005 20.7421 -0.258351
    endloop
  endfacet
  facet normal 0.512554 0.858655 0.000161663
    outer loop
      vertex 17.5433 20.6705 -0.29003
      vertex 17.5386 20.6715 9.3
      vertex 17.5304 20.6731 26.8
    endloop
  endfacet
  facet normal 0.130721 0.991419 -2.9218e-05
    outer loop
      vertex 17.1943 20.7169 9.3
      vertex 17.5304 20.6731 26.8
      vertex 17.5303 20.6731 26.3526
    endloop
  endfacet
  facet normal 0.123909 0.992294 0.000103811
    outer loop
      vertex 17.5304 20.6731 26.8
      vertex 17.1943 20.7169 9.3
      vertex 17.0005 20.7421 -0.258351
    endloop
  endfacet
  facet normal -0.10422 0.994553 -0.00125522
    outer loop
      vertex 16.75 20.75 26.8
      vertex 16.9121 20.7449 9.3
      vertex 17.0005 20.7421 -0.258351
    endloop
  endfacet
  facet normal 0.196116 0.98058 -0.00134031
    outer loop
      vertex 17.5304 20.6731 26.8
      vertex 17.1873 20.7178 9.3
      vertex 17.5299 20.6732 26.8
    endloop
  endfacet
  facet normal 0.0979998 0.995186 0.00061482
    outer loop
      vertex 17.1873 20.7178 9.3
      vertex 17.0005 20.7421 -0.258351
      vertex 16.9121 20.7449 9.3
    endloop
  endfacet
  facet normal 0.188375 0.982096 -0.00118468
    outer loop
      vertex 17.0005 20.7421 -0.258351
      vertex 17.1873 20.7178 9.3
      vertex 17.5304 20.6731 26.8
    endloop
  endfacet
  facet normal 0.264887 0.964279 3.37997e-05
    outer loop
      vertex 17.8799 20.5777 9.3
      vertex 17.5433 20.6705 -0.29003
      vertex 17.5388 20.6714 9.3
    endloop
  endfacet
  facet normal 0.265048 0.964235 2.7742e-05
    outer loop
      vertex 17.5433 20.6705 -0.29003
      vertex 17.8799 20.5777 9.3
      vertex 18.0719 20.5252 -0.316006
    endloop
  endfacet
  facet normal -0.00512959 0.999987 -9.96038e-05
    outer loop
      vertex 17.5388 20.6714 9.3
      vertex 17.5304 20.6731 26.8
      vertex 17.5306 20.6731 26.7897
    endloop
  endfacet
  facet normal 0.292771 0.956183 4.76437e-05
    outer loop
      vertex 17.5304 20.6731 26.8
      vertex 17.5388 20.6714 9.3
      vertex 17.5433 20.6705 -0.29003
    endloop
  endfacet
  facet normal 0.446098 0.894984 0
    outer loop
      vertex 18.2807 20.4455 26.8
      vertex 18.6017 20.2855 9.3
      vertex 18.2807 20.4455 26.7751
    endloop
  endfacet
  facet normal 0.420901 0.907107 -0.000578173
    outer loop
      vertex 18.6017 20.2855 9.3
      vertex 18.0719 20.5252 -0.316006
      vertex 18.1461 20.4969 9.3
    endloop
  endfacet
  facet normal 0.420838 0.907136 -0.000573976
    outer loop
      vertex 18.6017 20.2855 9.3
      vertex 18.7791 20.1971 -0.341872
      vertex 18.0719 20.5252 -0.316006
    endloop
  endfacet
  facet normal 0.413874 0.910334 -0.000731417
    outer loop
      vertex 18.7791 20.1971 -0.341872
      vertex 18.6017 20.2855 9.3
      vertex 18.2807 20.4455 26.8
    endloop
  endfacet
  facet normal 0.356746 0.934202 0
    outer loop
      vertex 18.1461 20.4969 9.3
      vertex 18.2807 20.4455 26.8
      vertex 18.2807 20.4455 26.7751
    endloop
  endfacet
  facet normal 0.229578 0.97329 0.00109291
    outer loop
      vertex 18.2807 20.4455 26.8
      vertex 18.1461 20.4969 9.3
      vertex 18.0719 20.5252 -0.316006
    endloop
  endfacet
  facet normal 0.447213 0.894427 -0.000815206
    outer loop
      vertex 18.2807 20.4455 26.8
      vertex 18.1458 20.497 9.3
      vertex 18.2805 20.4456 26.8
    endloop
  endfacet
  facet normal 0.290417 0.9569 0.000574332
    outer loop
      vertex 18.1458 20.497 9.3
      vertex 18.0719 20.5252 -0.316006
      vertex 17.8799 20.5777 9.3
    endloop
  endfacet
  facet normal 0.400143 0.916453 -0.00038754
    outer loop
      vertex 18.0719 20.5252 -0.316006
      vertex 18.1458 20.497 9.3
      vertex 18.2807 20.4455 26.8
    endloop
  endfacet
  facet normal 0 1 0
    outer loop
      vertex 17.5305 20.6731 26.8
      vertex 17.5306 20.6731 26.7897
      vertex 17.5304 20.6731 26.8
    endloop
  endfacet
  facet normal 0.611919 0.790921 0
    outer loop
      vertex 18.9723 20.0759 26.8
      vertex 19.2542 19.8578 9.3
      vertex 18.9723 20.0759 26.7942
    endloop
  endfacet
  facet normal 0.588999 0.808134 -0.000584292
    outer loop
      vertex 19.2542 19.8578 9.3
      vertex 18.7791 20.1971 -0.341872
      vertex 18.8478 20.154 9.3
    endloop
  endfacet
  facet normal 0.588949 0.80817 -0.000580543
    outer loop
      vertex 19.2542 19.8578 9.3
      vertex 19.4099 19.7374 -0.353608
      vertex 18.7791 20.1971 -0.341872
    endloop
  endfacet
  facet normal 0.414596 0.909994 -0.00466258
    outer loop
      vertex 19.4099 19.7374 -0.353608
      vertex 19.2542 19.8578 9.3
      vertex 18.9723 20.0759 26.8
    endloop
  endfacet
  facet normal 0.531405 0.847118 0
    outer loop
      vertex 18.8478 20.154 9.3
      vertex 18.9723 20.0759 26.8
      vertex 18.9723 20.0759 26.7942
    endloop
  endfacet
  facet normal 0.553184 0.833059 -0.000217682
    outer loop
      vertex 18.9723 20.0759 26.8
      vertex 18.8478 20.154 9.3
      vertex 18.7791 20.1971 -0.341872
    endloop
  endfacet
  facet normal 0 0.99999 0.00446853
    outer loop
      vertex 18.9723 20.0759 26.8
      vertex 18.8477 20.1541 9.3
      vertex 18.9722 20.0759 26.8
    endloop
  endfacet
  facet normal 0.471353 0.881944 0.000579637
    outer loop
      vertex 18.8477 20.1541 9.3
      vertex 18.7791 20.1971 -0.341872
      vertex 18.6024 20.2852 9.3
    endloop
  endfacet
  facet normal 0.862382 0.506244 -0.00387797
    outer loop
      vertex 18.7791 20.1971 -0.341872
      vertex 18.8477 20.1541 9.3
      vertex 18.9723 20.0759 26.8
    endloop
  endfacet
  facet normal 0.37139 0.928475 -0.00167762
    outer loop
      vertex 18.6024 20.2852 9.3
      vertex 18.2807 20.4455 26.8
      vertex 18.2812 20.4453 26.8
    endloop
  endfacet
  facet normal 0.373568 0.927601 -0.00162958
    outer loop
      vertex 18.2807 20.4455 26.8
      vertex 18.6024 20.2852 9.3
      vertex 18.7791 20.1971 -0.341872
    endloop
  endfacet
  facet normal 0.736882 0.676022 -0.000519948
    outer loop
      vertex 19.5784 19.5784 26.8
      vertex 19.9396 19.1638 -0.35059
      vertex 19.811 19.3114 9.3
    endloop
  endfacet
  facet normal -0.277006 0.96084 0.00734521
    outer loop
      vertex 19.4099 19.7374 -0.353608
      vertex 19.5784 19.5784 26.8
      vertex 19.4699 19.6809 9.3
    endloop
  endfacet
  facet normal 0.73478 0.678305 -0.000596938
    outer loop
      vertex 19.811 19.3114 9.3
      vertex 19.4099 19.7374 -0.353608
      vertex 19.4699 19.6809 9.3
    endloop
  endfacet
  facet normal 0.734662 0.678433 -0.000586395
    outer loop
      vertex 19.4099 19.7374 -0.353608
      vertex 19.811 19.3114 9.3
      vertex 19.9396 19.1638 -0.35059
    endloop
  endfacet
  facet normal 0.634448 0.772965 0.000587247
    outer loop
      vertex 19.4698 19.6809 9.3
      vertex 19.4099 19.7374 -0.353608
      vertex 19.2544 19.8577 9.3
    endloop
  endfacet
  facet normal 0.984682 0.174283 -0.00508986
    outer loop
      vertex 19.4099 19.7374 -0.353608
      vertex 19.4698 19.6809 9.3
      vertex 19.5784 19.5784 26.8
    endloop
  endfacet
  facet normal 0.707104 0.707104 0.00258194
    outer loop
      vertex 19.2544 19.8577 9.3
      vertex 18.9723 20.0759 26.8
      vertex 18.9724 20.0758 26.8
    endloop
  endfacet
  facet normal 0.497955 0.867198 -0.00278569
    outer loop
      vertex 18.9723 20.0759 26.8
      vertex 19.2544 19.8577 9.3
      vertex 19.4099 19.7374 -0.353608
    endloop
  endfacet
  facet normal 0.928895 0.370338 -0.0020511
    outer loop
      vertex 20.0759 18.9723 26.8
      vertex 19.9881 19.0956 9.3
      vertex 19.9396 19.1638 -0.35059
    endloop
  endfacet
  facet normal 0.814581 0.58005 0
    outer loop
      vertex 20.0759 18.9723 26.8
      vertex 20.0759 18.9723 26.7949
      vertex 19.9881 19.0956 9.3
    endloop
  endfacet
  facet normal 0.867526 0.497393 0
    outer loop
      vertex 20.0759 18.9723 26.8
      vertex 20.251 18.6669 9.3
      vertex 20.0759 18.9723 26.7949
    endloop
  endfacet
  facet normal 0.618977 0.785373 -0.00751258
    outer loop
      vertex 20.251 18.6669 9.3
      vertex 20.0759 18.9723 26.8
      vertex 20.3475 18.4987 -0.332978
    endloop
  endfacet
  facet normal 0.85247 0.522776 -0.000588362
    outer loop
      vertex 20.3475 18.4987 -0.332978
      vertex 19.9881 19.0956 9.3
      vertex 20.251 18.6669 9.3
    endloop
  endfacet
  facet normal 0.852461 0.522791 -0.000589601
    outer loop
      vertex 19.9881 19.0956 9.3
      vertex 20.3475 18.4987 -0.332978
      vertex 19.9396 19.1638 -0.35059
    endloop
  endfacet
  facet normal 0.668077 0.744088 -0.0024747
    outer loop
      vertex 19.8114 19.311 9.3
      vertex 19.9396 19.1638 -0.35059
      vertex 19.5784 19.5784 26.8
    endloop
  endfacet
  facet normal 0.773028 0.634372 0.00059299
    outer loop
      vertex 19.988 19.0958 9.3
      vertex 19.9396 19.1638 -0.35059
      vertex 19.8114 19.311 9.3
    endloop
  endfacet
  facet normal 0.820616 0.57148 -8.88177e-05
    outer loop
      vertex 19.988 19.0958 9.3
      vertex 20.0759 18.9723 26.8
      vertex 19.9396 19.1638 -0.35059
    endloop
  endfacet
  facet normal 0.997588 0.0693456 -0.00304597
    outer loop
      vertex 20.4455 18.2807 26.8
      vertex 20.3823 18.4212 9.3
      vertex 20.3475 18.4987 -0.332978
    endloop
  endfacet
  facet normal 0.911982 0.41023 0
    outer loop
      vertex 20.4455 18.2807 26.8
      vertex 20.4455 18.2807 26.7772
      vertex 20.3823 18.4212 9.3
    endloop
  endfacet
  facet normal 0.947589 0.319492 0
    outer loop
      vertex 20.4455 18.2807 26.8
      vertex 20.557 17.95 9.3
      vertex 20.4455 18.2807 26.7772
    endloop
  endfacet
  facet normal 0.997817 0.0658391 0.00511335
    outer loop
      vertex 20.557 17.95 9.3
      vertex 20.4455 18.2807 26.8
      vertex 20.6182 17.7682 -0.301702
    endloop
  endfacet
  facet normal 0.937631 0.347632 -0.000605773
    outer loop
      vertex 20.6182 17.7682 -0.301702
      vertex 20.3823 18.4212 9.3
      vertex 20.557 17.95 9.3
    endloop
  endfacet
  facet normal 0.937696 0.347455 -0.00059214
    outer loop
      vertex 20.3823 18.4212 9.3
      vertex 20.6182 17.7682 -0.301702
      vertex 20.3475 18.4987 -0.332978
    endloop
  endfacet
  facet normal 0.99995 0 0.0100109
    outer loop
      vertex 20.2511 18.6668 9.3
      vertex 20.0759 18.9723 26.8
      vertex 20.0759 18.9722 26.8
    endloop
  endfacet
  facet normal 0.849773 0.527148 -0.000695062
    outer loop
      vertex 20.2511 18.6668 9.3
      vertex 20.3475 18.4987 -0.332978
      vertex 20.0759 18.9723 26.8
    endloop
  endfacet
  facet normal 0.882024 0.471204 0.000603946
    outer loop
      vertex 20.3822 18.4214 9.3
      vertex 20.3475 18.4987 -0.332978
      vertex 20.2511 18.6668 9.3
    endloop
  endfacet
  facet normal 0.894427 0.447214 0.000360326
    outer loop
      vertex 20.4455 18.2807 26.8
      vertex 20.3822 18.4214 9.3
      vertex 20.4454 18.2809 26.8
    endloop
  endfacet
  facet normal 0.719742 0.694235 0.00297824
    outer loop
      vertex 20.3822 18.4214 9.3
      vertex 20.4455 18.2807 26.8
      vertex 20.3475 18.4987 -0.332978
    endloop
  endfacet
  facet normal 0.987231 0.159296 -0.000602113
    outer loop
      vertex 20.6731 17.5304 26.8
      vertex 20.7421 17.0005 -0.258351
      vertex 20.6182 17.7682 -0.301702
    endloop
  endfacet
  facet normal 0.956958 0.290225 0.000606985
    outer loop
      vertex 20.6065 17.75 26.8
      vertex 20.6731 17.5304 26.8
      vertex 20.6176 17.75 9.3
    endloop
  endfacet
  facet normal 0.970141 0.242535 0.00159796
    outer loop
      vertex 20.5571 17.9496 9.3
      vertex 20.4455 18.2807 26.8
      vertex 20.4456 18.2803 26.8
    endloop
  endfacet
  facet normal 0.895338 0.445379 -0.00271688
    outer loop
      vertex 20.5571 17.9496 9.3
      vertex 20.6182 17.7682 -0.301702
      vertex 20.4455 18.2807 26.8
    endloop
  endfacet
  facet normal 0.957004 0.290074 0.000609636
    outer loop
      vertex 20.6176 17.75 9.3
      vertex 20.6182 17.7682 -0.301702
      vertex 20.5571 17.9496 9.3
    endloop
  endfacet
  facet normal 0.956882 0.290477 0.000610393
    outer loop
      vertex 20.6182 17.7682 -0.301702
      vertex 20.6176 17.75 9.3
      vertex 20.6731 17.5304 26.8
    endloop
  endfacet
  facet normal 0.999503 0.0315213 0
    outer loop
      vertex 20.75 16.75 26.8
      vertex 20.75 16.75 -0.2505
      vertex 20.7421 17.0005 -0.258351
    endloop
  endfacet
  facet normal 0.99518 0.0980642 0.000617302
    outer loop
      vertex 20.75 16.75 26.8
      vertex 20.7421 17.0005 -0.258351
      vertex 20.6731 17.5304 26.8
    endloop
  endfacet
  facet normal 0.999503 -0.0315213 0
    outer loop
      vertex 20.75 -16.75 -0.2505
      vertex 20.75 -16.75 26.8
      vertex 20.7421 -17.0005 -0.258351
    endloop
  endfacet
  facet normal 0.991412 -0.130774 -3.28788e-05
    outer loop
      vertex 20.7421 -17.0005 -0.258351
      vertex 20.6731 -17.5304 26.8
      vertex 20.6705 -17.5433 -0.29003
    endloop
  endfacet
  facet normal 0.99518 -0.0980642 0.000617302
    outer loop
      vertex 20.7421 -17.0005 -0.258351
      vertex 20.75 -16.75 26.8
      vertex 20.6731 -17.5304 26.8
    endloop
  endfacet
  facet normal 0.964326 -0.264716 3.35025e-05
    outer loop
      vertex 20.6132 -17.75 15.8028
      vertex 20.6705 -17.5433 -0.29003
      vertex 20.6731 -17.5304 26.8
    endloop
  endfacet
  facet normal 0.96425 -0.264994 2.96565e-05
    outer loop
      vertex 20.6134 -17.75 9.3
      vertex 20.6705 -17.5433 -0.29003
      vertex 20.6132 -17.75 15.8028
    endloop
  endfacet
  facet normal 0.964248 -0.265001 2.94907e-05
    outer loop
      vertex 20.5777 -17.8799 9.3
      vertex 20.6705 -17.5433 -0.29003
      vertex 20.6134 -17.75 9.3
    endloop
  endfacet
  facet normal 0.964235 -0.265048 2.7742e-05
    outer loop
      vertex 20.6705 -17.5433 -0.29003
      vertex 20.5777 -17.8799 9.3
      vertex 20.5252 -18.0719 -0.316006
    endloop
  endfacet
  facet normal 0.992771 -0.120007 0.00199572
    outer loop
      vertex 20.5252 -18.0719 -0.316006
      vertex 20.4455 -18.2807 26.7751
      vertex 20.4969 -18.1461 9.3
    endloop
  endfacet
  facet normal 0.934254 -0.356609 0
    outer loop
      vertex 20.4455 -18.2807 26.8
      vertex 20.4455 -18.2807 26.7751
      vertex 20.5252 -18.0719 -0.316006
    endloop
  endfacet
  facet normal 0.894984 -0.446098 0
    outer loop
      vertex 20.4455 -18.2807 26.8
      vertex 20.2855 -18.6017 9.3
      vertex 20.4455 -18.2807 26.7751
    endloop
  endfacet
  facet normal 0.910334 -0.413874 -0.000731417
    outer loop
      vertex 20.2855 -18.6017 9.3
      vertex 20.4455 -18.2807 26.8
      vertex 20.1971 -18.7791 -0.341872
    endloop
  endfacet
  facet normal 0.907107 -0.420901 -0.000578173
    outer loop
      vertex 20.2855 -18.6017 9.3
      vertex 20.5252 -18.0719 -0.316006
      vertex 20.4969 -18.1461 9.3
    endloop
  endfacet
  facet normal 0.907136 -0.420838 -0.000573976
    outer loop
      vertex 20.5252 -18.0719 -0.316006
      vertex 20.2855 -18.6017 9.3
      vertex 20.1971 -18.7791 -0.341872
    endloop
  endfacet
  facet normal 0.9569 -0.290417 0.000574332
    outer loop
      vertex 20.497 -18.1458 9.3
      vertex 20.5252 -18.0719 -0.316006
      vertex 20.5777 -17.8799 9.3
    endloop
  endfacet
  facet normal 0.894427 -0.447213 -0.000815206
    outer loop
      vertex 20.4455 -18.2807 26.8
      vertex 20.497 -18.1458 9.3
      vertex 20.4456 -18.2805 26.8
    endloop
  endfacet
  facet normal 0.916453 -0.400143 -0.00038754
    outer loop
      vertex 20.497 -18.1458 9.3
      vertex 20.4455 -18.2807 26.8
      vertex 20.5252 -18.0719 -0.316006
    endloop
  endfacet
  facet normal 0.956958 -0.290225 0.000583023
    outer loop
      vertex 20.6132 -17.75 15.8028
      vertex 20.6731 -17.5304 26.8
      vertex 20.6065 -17.75 26.8
    endloop
  endfacet
  facet normal 0.829157 -0.559016 -0.000276679
    outer loop
      vertex 20.1971 -18.7791 -0.341872
      vertex 20.0759 -18.9723 26.7942
      vertex 20.154 -18.8478 9.3
    endloop
  endfacet
  facet normal 0.84711 -0.531417 0
    outer loop
      vertex 20.0759 -18.9723 26.8
      vertex 20.0759 -18.9723 26.7942
      vertex 20.1971 -18.7791 -0.341872
    endloop
  endfacet
  facet normal 0.790952 -0.611879 0
    outer loop
      vertex 20.0759 -18.9723 26.8
      vertex 19.8579 -19.2541 9.3
      vertex 20.0759 -18.9723 26.7942
    endloop
  endfacet
  facet normal 0.820228 -0.572036 -0.00100629
    outer loop
      vertex 19.8579 -19.2541 9.3
      vertex 20.0759 -18.9723 26.8
      vertex 19.7374 -19.4099 -0.353608
    endloop
  endfacet
  facet normal 0.808159 -0.588964 -0.000583926
    outer loop
      vertex 19.8579 -19.2541 9.3
      vertex 20.1971 -18.7791 -0.341872
      vertex 20.154 -18.8478 9.3
    endloop
  endfacet
  facet normal 0.80817 -0.588949 -0.000582814
    outer loop
      vertex 20.1971 -18.7791 -0.341872
      vertex 19.8579 -19.2541 9.3
      vertex 19.7374 -19.4099 -0.353608
    endloop
  endfacet
  facet normal 0.928475 -0.37139 -0.00167762
    outer loop
      vertex 20.2852 -18.6024 9.3
      vertex 20.4455 -18.2807 26.8
      vertex 20.4453 -18.2812 26.8
    endloop
  endfacet
  facet normal 0.927601 -0.373568 -0.00162958
    outer loop
      vertex 20.2852 -18.6024 9.3
      vertex 20.1971 -18.7791 -0.341872
      vertex 20.4455 -18.2807 26.8
    endloop
  endfacet
  facet normal 0.881944 -0.471353 0.000579637
    outer loop
      vertex 20.1541 -18.8477 9.3
      vertex 20.1971 -18.7791 -0.341872
      vertex 20.2852 -18.6024 9.3
    endloop
  endfacet
  facet normal 0.99999 -0 0.00446853
    outer loop
      vertex 20.0759 -18.9723 26.8
      vertex 20.1541 -18.8477 9.3
      vertex 20.0759 -18.9722 26.8
    endloop
  endfacet
  facet normal 0.506244 -0.862382 -0.00387797
    outer loop
      vertex 20.1541 -18.8477 9.3
      vertex 20.0759 -18.9723 26.8
      vertex 20.1971 -18.7791 -0.341872
    endloop
  endfacet
  facet normal 0.795114 -0.606459 0.000892511
    outer loop
      vertex 19.6808 -19.4699 9.3
      vertex 19.7374 -19.4099 -0.353608
      vertex 19.5784 -19.5784 26.8
    endloop
  endfacet
  facet normal 0.678433 -0.734662 -0.000588429
    outer loop
      vertex 19.7374 -19.4099 -0.353608
      vertex 19.6808 -19.4699 9.3
      vertex 19.1638 -19.9396 -0.35059
    endloop
  endfacet
  facet normal 0.678404 -0.734689 -0.000585603
    outer loop
      vertex 19.3114 -19.811 9.3
      vertex 19.1638 -19.9396 -0.35059
      vertex 19.6808 -19.4699 9.3
    endloop
  endfacet
  facet normal 0.676022 -0.736882 -0.000519948
    outer loop
      vertex 19.1638 -19.9396 -0.35059
      vertex 19.3114 -19.811 9.3
      vertex 19.5784 -19.5784 26.8
    endloop
  endfacet
  facet normal 0.707104 -0.707104 0.00258598
    outer loop
      vertex 19.8576 -19.2546 9.3
      vertex 20.0759 -18.9723 26.8
      vertex 20.0758 -18.9724 26.8
    endloop
  endfacet
  facet normal 0.887134 -0.461498 -0.00362174
    outer loop
      vertex 19.8576 -19.2546 9.3
      vertex 19.7374 -19.4099 -0.353608
      vertex 20.0759 -18.9723 26.8
    endloop
  endfacet
  facet normal 0.773028 -0.634372 0.000580086
    outer loop
      vertex 19.681 -19.4698 9.3
      vertex 19.7374 -19.4099 -0.353608
      vertex 19.8576 -19.2546 9.3
    endloop
  endfacet
  facet normal 0.0380705 -0.999257 -0.0059779
    outer loop
      vertex 19.7374 -19.4099 -0.353608
      vertex 19.681 -19.4698 9.3
      vertex 19.5784 -19.5784 26.8
    endloop
  endfacet
  facet normal 0.497393 -0.867526 0
    outer loop
      vertex 18.9723 -20.0759 26.8
      vertex 18.6669 -20.251 9.3
      vertex 18.9723 -20.0759 26.7949
    endloop
  endfacet
  facet normal 0.522776 -0.85247 -0.000588362
    outer loop
      vertex 18.6669 -20.251 9.3
      vertex 18.4987 -20.3475 -0.332978
      vertex 19.0956 -19.9881 9.3
    endloop
  endfacet
  facet normal 0.785373 -0.618977 -0.00751258
    outer loop
      vertex 18.4987 -20.3475 -0.332978
      vertex 18.6669 -20.251 9.3
      vertex 18.9723 -20.0759 26.8
    endloop
  endfacet
  facet normal 0.58005 -0.814581 0
    outer loop
      vertex 19.0956 -19.9881 9.3
      vertex 18.9723 -20.0759 26.8
      vertex 18.9723 -20.0759 26.7949
    endloop
  endfacet
  facet normal 0.370338 -0.928895 -0.0020511
    outer loop
      vertex 19.0956 -19.9881 9.3
      vertex 19.1638 -19.9396 -0.35059
      vertex 18.9723 -20.0759 26.8
    endloop
  endfacet
  facet normal 0.522791 -0.852461 -0.000589601
    outer loop
      vertex 19.1638 -19.9396 -0.35059
      vertex 19.0956 -19.9881 9.3
      vertex 18.4987 -20.3475 -0.332978
    endloop
  endfacet
  facet normal 0.634372 -0.773028 0.00059299
    outer loop
      vertex 19.0958 -19.988 9.3
      vertex 19.1638 -19.9396 -0.35059
      vertex 19.311 -19.8114 9.3
    endloop
  endfacet
  facet normal 0.57148 -0.820616 -8.88177e-05
    outer loop
      vertex 19.1638 -19.9396 -0.35059
      vertex 19.0958 -19.988 9.3
      vertex 18.9723 -20.0759 26.8
    endloop
  endfacet
  facet normal 0.744088 -0.668077 -0.0024747
    outer loop
      vertex 19.5784 -19.5784 26.8
      vertex 19.311 -19.8114 9.3
      vertex 19.1638 -19.9396 -0.35059
    endloop
  endfacet
  facet normal 0.319492 -0.947589 0
    outer loop
      vertex 18.2807 -20.4455 26.8
      vertex 17.95 -20.557 9.3
      vertex 18.2807 -20.4455 26.7772
    endloop
  endfacet
  facet normal 0.347632 -0.937631 -0.000605773
    outer loop
      vertex 17.95 -20.557 9.3
      vertex 17.7682 -20.6182 -0.301702
      vertex 18.4212 -20.3823 9.3
    endloop
  endfacet
  facet normal 0.0658391 -0.997817 0.00511335
    outer loop
      vertex 17.7682 -20.6182 -0.301702
      vertex 17.95 -20.557 9.3
      vertex 18.2807 -20.4455 26.8
    endloop
  endfacet
  facet normal 0.41023 -0.911982 0
    outer loop
      vertex 18.4212 -20.3823 9.3
      vertex 18.2807 -20.4455 26.8
      vertex 18.2807 -20.4455 26.7772
    endloop
  endfacet
  facet normal 0.0693456 -0.997588 -0.00304597
    outer loop
      vertex 18.4212 -20.3823 9.3
      vertex 18.4987 -20.3475 -0.332978
      vertex 18.2807 -20.4455 26.8
    endloop
  endfacet
  facet normal 0.347455 -0.937696 -0.00059214
    outer loop
      vertex 18.4987 -20.3475 -0.332978
      vertex 18.4212 -20.3823 9.3
      vertex 17.7682 -20.6182 -0.301702
    endloop
  endfacet
  facet normal 0.447214 -0.894427 0.000360326
    outer loop
      vertex 18.2807 -20.4455 26.8
      vertex 18.4214 -20.3822 9.3
      vertex 18.2809 -20.4454 26.8
    endloop
  endfacet
  facet normal 0.471204 -0.882024 0.000603946
    outer loop
      vertex 18.4214 -20.3822 9.3
      vertex 18.4987 -20.3475 -0.332978
      vertex 18.6668 -20.2511 9.3
    endloop
  endfacet
  facet normal 0.694235 -0.719742 0.00297824
    outer loop
      vertex 18.4987 -20.3475 -0.332978
      vertex 18.4214 -20.3822 9.3
      vertex 18.2807 -20.4455 26.8
    endloop
  endfacet
  facet normal 0 -0.99995 0.0100109
    outer loop
      vertex 18.6668 -20.2511 9.3
      vertex 18.9723 -20.0759 26.8
      vertex 18.9722 -20.0759 26.8
    endloop
  endfacet
  facet normal 0.527148 -0.849773 -0.000695062
    outer loop
      vertex 18.9723 -20.0759 26.8
      vertex 18.6668 -20.2511 9.3
      vertex 18.4987 -20.3475 -0.332978
    endloop
  endfacet
  facet normal 0.162579 -0.986695 -0.000666306
    outer loop
      vertex 17.5304 -20.6731 26.8
      vertex 17.188 -20.7177 9.3
      vertex 17.5303 -20.6731 26.7756
    endloop
  endfacet
  facet normal 0.159295 -0.987231 -0.000604642
    outer loop
      vertex 17.188 -20.7177 9.3
      vertex 17.0005 -20.7421 -0.258351
      vertex 17.6838 -20.6377 9.3
    endloop
  endfacet
  facet normal 0.082071 -0.996626 0.000934195
    outer loop
      vertex 17.0005 -20.7421 -0.258351
      vertex 17.188 -20.7177 9.3
      vertex 17.5304 -20.6731 26.8
    endloop
  endfacet
  facet normal 0.15534 -0.987861 -0.000636638
    outer loop
      vertex 17.6838 -20.6377 9.3
      vertex 17.5304 -20.6731 26.8
      vertex 17.5303 -20.6731 26.7756
    endloop
  endfacet
  facet normal 0.312773 -0.949828 0.000820312
    outer loop
      vertex 17.6838 -20.6377 9.3
      vertex 17.7682 -20.6182 -0.301702
      vertex 17.5304 -20.6731 26.8
    endloop
  endfacet
  facet normal 0.159296 -0.987231 -0.000604726
    outer loop
      vertex 17.7682 -20.6182 -0.301702
      vertex 17.6838 -20.6377 9.3
      vertex 17.0005 -20.7421 -0.258351
    endloop
  endfacet
  facet normal 0 -0.999998 -0.00202285
    outer loop
      vertex 17.5304 -20.6731 26.8
      vertex 17.684 -20.6377 9.3
      vertex 17.5306 -20.6731 26.8
    endloop
  endfacet
  facet normal 0.290387 -0.956909 0.00060311
    outer loop
      vertex 17.684 -20.6377 9.3
      vertex 17.7682 -20.6182 -0.301702
      vertex 17.9496 -20.5571 9.3
    endloop
  endfacet
  facet normal -0.714543 -0.699549 -0.00768673
    outer loop
      vertex 17.7682 -20.6182 -0.301702
      vertex 17.684 -20.6377 9.3
      vertex 17.5304 -20.6731 26.8
    endloop
  endfacet
  facet normal 0.242535 -0.970141 0.00159796
    outer loop
      vertex 17.9496 -20.5571 9.3
      vertex 18.2807 -20.4455 26.8
      vertex 18.2803 -20.4456 26.8
    endloop
  endfacet
  facet normal 0.445379 -0.895338 -0.00271688
    outer loop
      vertex 18.2807 -20.4455 26.8
      vertex 17.9496 -20.5571 9.3
      vertex 17.7682 -20.6182 -0.301702
    endloop
  endfacet
  facet normal 0.0315213 -0.999503 0
    outer loop
      vertex 17.0005 -20.7421 -0.258351
      vertex 16.75 -20.75 26.8
      vertex 16.75 -20.75 -0.2505
    endloop
  endfacet
  facet normal 0.0979998 -0.995186 0.00061482
    outer loop
      vertex 16.9121 -20.7449 9.3
      vertex 17.0005 -20.7421 -0.258351
      vertex 17.1873 -20.7178 9.3
    endloop
  endfacet
  facet normal -0.10422 -0.994553 -0.00125522
    outer loop
      vertex 17.0005 -20.7421 -0.258351
      vertex 16.9121 -20.7449 9.3
      vertex 16.75 -20.75 26.8
    endloop
  endfacet
  facet normal 0.196116 -0.98058 -0.00134031
    outer loop
      vertex 17.1873 -20.7178 9.3
      vertex 17.5304 -20.6731 26.8
      vertex 17.5299 -20.6732 26.8
    endloop
  endfacet
  facet normal 0.188375 -0.982096 -0.00118468
    outer loop
      vertex 17.5304 -20.6731 26.8
      vertex 17.1873 -20.7178 9.3
      vertex 17.0005 -20.7421 -0.258351
    endloop
  endfacet
  facet normal 0 1 -0
    outer loop
      vertex 16.75 20.75 -0.2505
      vertex -16.75 20.75 26.8
      vertex 16.75 20.75 26.8
    endloop
  endfacet
  facet normal 0 1 0
    outer loop
      vertex -16.75 20.75 26.8
      vertex 16.75 20.75 -0.2505
      vertex -16.75 20.75 -0.2505
    endloop
  endfacet
  facet normal 0 -1 0
    outer loop
      vertex -16.75 -20.75 -0.2505
      vertex 16.75 -20.75 26.8
      vertex -16.75 -20.75 26.8
    endloop
  endfacet
  facet normal 0 -1 -0
    outer loop
      vertex 16.75 -20.75 26.8
      vertex -16.75 -20.75 -0.2505
      vertex 16.75 -20.75 -0.2505
    endloop
  endfacet
  facet normal -0.0315213 -0.999503 0
    outer loop
      vertex -16.75 -20.75 -0.2505
      vertex -16.75 -20.75 26.8
      vertex -17.0005 -20.7421 -0.258351
    endloop
  endfacet
  facet normal -0.130968 -0.991387 -2.92732e-05
    outer loop
      vertex -17.5304 -20.6731 26.8
      vertex -17.5386 -20.6715 9.3
      vertex -17.5303 -20.6731 26.3526
    endloop
  endfacet
  facet normal -0.13073 -0.991418 -3.68015e-05
    outer loop
      vertex -17.5386 -20.6715 9.3
      vertex -17.0005 -20.7421 -0.258351
      vertex -17.1943 -20.7169 9.3
    endloop
  endfacet
  facet normal -0.130774 -0.991412 -3.92884e-05
    outer loop
      vertex -17.5386 -20.6715 9.3
      vertex -17.5433 -20.6705 -0.29003
      vertex -17.0005 -20.7421 -0.258351
    endloop
  endfacet
  facet normal -0.512554 -0.858655 0.000161663
    outer loop
      vertex -17.5433 -20.6705 -0.29003
      vertex -17.5386 -20.6715 9.3
      vertex -17.5304 -20.6731 26.8
    endloop
  endfacet
  facet normal -0.130721 -0.991419 -2.9218e-05
    outer loop
      vertex -17.1943 -20.7169 9.3
      vertex -17.5304 -20.6731 26.8
      vertex -17.5303 -20.6731 26.3526
    endloop
  endfacet
  facet normal -0.123909 -0.992294 0.000103811
    outer loop
      vertex -17.5304 -20.6731 26.8
      vertex -17.1943 -20.7169 9.3
      vertex -17.0005 -20.7421 -0.258351
    endloop
  endfacet
  facet normal -0.196116 -0.98058 -0.00134031
    outer loop
      vertex -17.5304 -20.6731 26.8
      vertex -17.1873 -20.7178 9.3
      vertex -17.5299 -20.6732 26.8
    endloop
  endfacet
  facet normal -0.0979998 -0.995186 0.00061482
    outer loop
      vertex -17.1873 -20.7178 9.3
      vertex -17.0005 -20.7421 -0.258351
      vertex -16.9121 -20.7449 9.3
    endloop
  endfacet
  facet normal -0.188375 -0.982096 -0.00118468
    outer loop
      vertex -17.0005 -20.7421 -0.258351
      vertex -17.1873 -20.7178 9.3
      vertex -17.5304 -20.6731 26.8
    endloop
  endfacet
  facet normal 0.10422 -0.994553 -0.00125522
    outer loop
      vertex -16.75 -20.75 26.8
      vertex -16.9121 -20.7449 9.3
      vertex -17.0005 -20.7421 -0.258351
    endloop
  endfacet
  facet normal -0.264887 -0.964279 3.37997e-05
    outer loop
      vertex -17.8799 -20.5777 9.3
      vertex -17.5433 -20.6705 -0.29003
      vertex -17.5388 -20.6714 9.3
    endloop
  endfacet
  facet normal -0.265048 -0.964235 2.7742e-05
    outer loop
      vertex -17.5433 -20.6705 -0.29003
      vertex -17.8799 -20.5777 9.3
      vertex -18.0719 -20.5252 -0.316006
    endloop
  endfacet
  facet normal 0.00512959 -0.999987 -9.96038e-05
    outer loop
      vertex -17.5388 -20.6714 9.3
      vertex -17.5304 -20.6731 26.8
      vertex -17.5306 -20.6731 26.7897
    endloop
  endfacet
  facet normal -0.292771 -0.956183 4.76437e-05
    outer loop
      vertex -17.5304 -20.6731 26.8
      vertex -17.5388 -20.6714 9.3
      vertex -17.5433 -20.6705 -0.29003
    endloop
  endfacet
  facet normal -0.446098 -0.894984 -0
    outer loop
      vertex -18.2807 -20.4455 26.8
      vertex -18.6017 -20.2855 9.3
      vertex -18.2807 -20.4455 26.7751
    endloop
  endfacet
  facet normal -0.420901 -0.907107 -0.000578173
    outer loop
      vertex -18.6017 -20.2855 9.3
      vertex -18.0719 -20.5252 -0.316006
      vertex -18.1461 -20.4969 9.3
    endloop
  endfacet
  facet normal -0.420838 -0.907136 -0.000573976
    outer loop
      vertex -18.6017 -20.2855 9.3
      vertex -18.7791 -20.1971 -0.341872
      vertex -18.0719 -20.5252 -0.316006
    endloop
  endfacet
  facet normal -0.413874 -0.910334 -0.000731417
    outer loop
      vertex -18.7791 -20.1971 -0.341872
      vertex -18.6017 -20.2855 9.3
      vertex -18.2807 -20.4455 26.8
    endloop
  endfacet
  facet normal -0.356746 -0.934202 0
    outer loop
      vertex -18.1461 -20.4969 9.3
      vertex -18.2807 -20.4455 26.8
      vertex -18.2807 -20.4455 26.7751
    endloop
  endfacet
  facet normal -0.229578 -0.97329 0.00109291
    outer loop
      vertex -18.2807 -20.4455 26.8
      vertex -18.1461 -20.4969 9.3
      vertex -18.0719 -20.5252 -0.316006
    endloop
  endfacet
  facet normal -0.447213 -0.894427 -0.000815206
    outer loop
      vertex -18.2807 -20.4455 26.8
      vertex -18.1458 -20.497 9.3
      vertex -18.2805 -20.4456 26.8
    endloop
  endfacet
  facet normal -0.290417 -0.9569 0.000574332
    outer loop
      vertex -18.1458 -20.497 9.3
      vertex -18.0719 -20.5252 -0.316006
      vertex -17.8799 -20.5777 9.3
    endloop
  endfacet
  facet normal -0.400143 -0.916453 -0.00038754
    outer loop
      vertex -18.0719 -20.5252 -0.316006
      vertex -18.1458 -20.497 9.3
      vertex -18.2807 -20.4455 26.8
    endloop
  endfacet
  facet normal -0 -1 0
    outer loop
      vertex -17.5304 -20.6731 26.8
      vertex -17.5305 -20.6731 26.8
      vertex -17.5306 -20.6731 26.7897
    endloop
  endfacet
  facet normal -0.611879 -0.790952 -0
    outer loop
      vertex -18.9723 -20.0759 26.8
      vertex -19.2541 -19.8579 9.3
      vertex -18.9723 -20.0759 26.7942
    endloop
  endfacet
  facet normal -0.588964 -0.808159 -0.000583926
    outer loop
      vertex -19.2541 -19.8579 9.3
      vertex -18.7791 -20.1971 -0.341872
      vertex -18.8478 -20.154 9.3
    endloop
  endfacet
  facet normal -0.588949 -0.80817 -0.000582814
    outer loop
      vertex -19.2541 -19.8579 9.3
      vertex -19.4099 -19.7374 -0.353608
      vertex -18.7791 -20.1971 -0.341872
    endloop
  endfacet
  facet normal -0.572036 -0.820228 -0.00100629
    outer loop
      vertex -19.4099 -19.7374 -0.353608
      vertex -19.2541 -19.8579 9.3
      vertex -18.9723 -20.0759 26.8
    endloop
  endfacet
  facet normal -0.531405 -0.847118 0
    outer loop
      vertex -18.8478 -20.154 9.3
      vertex -18.9723 -20.0759 26.8
      vertex -18.9723 -20.0759 26.7942
    endloop
  endfacet
  facet normal -0.553184 -0.833059 -0.000217682
    outer loop
      vertex -18.9723 -20.0759 26.8
      vertex -18.8478 -20.154 9.3
      vertex -18.7791 -20.1971 -0.341872
    endloop
  endfacet
  facet normal 0 -0.99999 0.00446853
    outer loop
      vertex -18.9723 -20.0759 26.8
      vertex -18.8477 -20.1541 9.3
      vertex -18.9722 -20.0759 26.8
    endloop
  endfacet
  facet normal -0.471353 -0.881944 0.000579637
    outer loop
      vertex -18.8477 -20.1541 9.3
      vertex -18.7791 -20.1971 -0.341872
      vertex -18.6024 -20.2852 9.3
    endloop
  endfacet
  facet normal -0.862382 -0.506244 -0.00387797
    outer loop
      vertex -18.7791 -20.1971 -0.341872
      vertex -18.8477 -20.1541 9.3
      vertex -18.9723 -20.0759 26.8
    endloop
  endfacet
  facet normal -0.37139 -0.928475 -0.00167762
    outer loop
      vertex -18.6024 -20.2852 9.3
      vertex -18.2807 -20.4455 26.8
      vertex -18.2812 -20.4453 26.8
    endloop
  endfacet
  facet normal -0.373568 -0.927601 -0.00162958
    outer loop
      vertex -18.2807 -20.4455 26.8
      vertex -18.6024 -20.2852 9.3
      vertex -18.7791 -20.1971 -0.341872
    endloop
  endfacet
  facet normal -0.734689 -0.678404 -0.000585603
    outer loop
      vertex -19.9396 -19.1638 -0.35059
      vertex -19.4699 -19.6808 9.3
      vertex -19.811 -19.3114 9.3
    endloop
  endfacet
  facet normal -0.734662 -0.678433 -0.000588429
    outer loop
      vertex -19.4699 -19.6808 9.3
      vertex -19.9396 -19.1638 -0.35059
      vertex -19.4099 -19.7374 -0.353608
    endloop
  endfacet
  facet normal -0.736882 -0.676022 -0.000519948
    outer loop
      vertex -19.9396 -19.1638 -0.35059
      vertex -19.811 -19.3114 9.3
      vertex -19.5784 -19.5784 26.8
    endloop
  endfacet
  facet normal -0.606459 -0.795114 0.000892511
    outer loop
      vertex -19.5784 -19.5784 26.8
      vertex -19.4699 -19.6808 9.3
      vertex -19.4099 -19.7374 -0.353608
    endloop
  endfacet
  facet normal -0.634372 -0.773028 0.000580086
    outer loop
      vertex -19.4698 -19.681 9.3
      vertex -19.4099 -19.7374 -0.353608
      vertex -19.2546 -19.8576 9.3
    endloop
  endfacet
  facet normal -0.999257 -0.0380705 -0.0059779
    outer loop
      vertex -19.4099 -19.7374 -0.353608
      vertex -19.4698 -19.681 9.3
      vertex -19.5784 -19.5784 26.8
    endloop
  endfacet
  facet normal -0.707104 -0.707104 0.00258598
    outer loop
      vertex -19.2546 -19.8576 9.3
      vertex -18.9723 -20.0759 26.8
      vertex -18.9724 -20.0758 26.8
    endloop
  endfacet
  facet normal -0.461498 -0.887134 -0.00362174
    outer loop
      vertex -18.9723 -20.0759 26.8
      vertex -19.2546 -19.8576 9.3
      vertex -19.4099 -19.7374 -0.353608
    endloop
  endfacet
  facet normal -0.85247 -0.522776 -0.000588362
    outer loop
      vertex -20.3475 -18.4987 -0.332978
      vertex -19.9881 -19.0956 9.3
      vertex -20.251 -18.6669 9.3
    endloop
  endfacet
  facet normal -0.852461 -0.522791 -0.000589601
    outer loop
      vertex -19.9881 -19.0956 9.3
      vertex -20.3475 -18.4987 -0.332978
      vertex -19.9396 -19.1638 -0.35059
    endloop
  endfacet
  facet normal -0.867526 -0.497393 -0
    outer loop
      vertex -20.0759 -18.9723 26.8
      vertex -20.251 -18.6669 9.3
      vertex -20.0759 -18.9723 26.7949
    endloop
  endfacet
  facet normal -0.618977 -0.785373 -0.00751258
    outer loop
      vertex -20.251 -18.6669 9.3
      vertex -20.0759 -18.9723 26.8
      vertex -20.3475 -18.4987 -0.332978
    endloop
  endfacet
  facet normal -0.814581 -0.58005 0
    outer loop
      vertex -19.9881 -19.0956 9.3
      vertex -20.0759 -18.9723 26.8
      vertex -20.0759 -18.9723 26.7949
    endloop
  endfacet
  facet normal -0.928895 -0.370338 -0.0020511
    outer loop
      vertex -20.0759 -18.9723 26.8
      vertex -19.9881 -19.0956 9.3
      vertex -19.9396 -19.1638 -0.35059
    endloop
  endfacet
  facet normal -0.820616 -0.57148 -8.88177e-05
    outer loop
      vertex -19.9396 -19.1638 -0.35059
      vertex -19.988 -19.0958 9.3
      vertex -20.0759 -18.9723 26.8
    endloop
  endfacet
  facet normal -0.773028 -0.634372 0.00059299
    outer loop
      vertex -19.9396 -19.1638 -0.35059
      vertex -19.8114 -19.311 9.3
      vertex -19.988 -19.0958 9.3
    endloop
  endfacet
  facet normal -0.668077 -0.744088 -0.0024747
    outer loop
      vertex -19.8114 -19.311 9.3
      vertex -19.9396 -19.1638 -0.35059
      vertex -19.5784 -19.5784 26.8
    endloop
  endfacet
  facet normal -0.937631 -0.347632 -0.000605773
    outer loop
      vertex -20.6182 -17.7682 -0.301702
      vertex -20.3823 -18.4212 9.3
      vertex -20.557 -17.95 9.3
    endloop
  endfacet
  facet normal -0.937696 -0.347455 -0.00059214
    outer loop
      vertex -20.3823 -18.4212 9.3
      vertex -20.6182 -17.7682 -0.301702
      vertex -20.3475 -18.4987 -0.332978
    endloop
  endfacet
  facet normal -0.947589 -0.319492 -0
    outer loop
      vertex -20.4455 -18.2807 26.8
      vertex -20.557 -17.95 9.3
      vertex -20.4455 -18.2807 26.7772
    endloop
  endfacet
  facet normal -0.997817 -0.0658391 0.00511335
    outer loop
      vertex -20.557 -17.95 9.3
      vertex -20.4455 -18.2807 26.8
      vertex -20.6182 -17.7682 -0.301702
    endloop
  endfacet
  facet normal -0.911982 -0.41023 0
    outer loop
      vertex -20.3823 -18.4212 9.3
      vertex -20.4455 -18.2807 26.8
      vertex -20.4455 -18.2807 26.7772
    endloop
  endfacet
  facet normal -0.997588 -0.0693456 -0.00304597
    outer loop
      vertex -20.4455 -18.2807 26.8
      vertex -20.3823 -18.4212 9.3
      vertex -20.3475 -18.4987 -0.332978
    endloop
  endfacet
  facet normal -0.894427 -0.447214 0.000360326
    outer loop
      vertex -20.4455 -18.2807 26.8
      vertex -20.3822 -18.4214 9.3
      vertex -20.4454 -18.2809 26.8
    endloop
  endfacet
  facet normal -0.719742 -0.694235 0.00297824
    outer loop
      vertex -20.3475 -18.4987 -0.332978
      vertex -20.3822 -18.4214 9.3
      vertex -20.4455 -18.2807 26.8
    endloop
  endfacet
  facet normal -0.882024 -0.471204 0.000603946
    outer loop
      vertex -20.3475 -18.4987 -0.332978
      vertex -20.2511 -18.6668 9.3
      vertex -20.3822 -18.4214 9.3
    endloop
  endfacet
  facet normal -0.849773 -0.527148 -0.000695062
    outer loop
      vertex -20.0759 -18.9723 26.8
      vertex -20.2511 -18.6668 9.3
      vertex -20.3475 -18.4987 -0.332978
    endloop
  endfacet
  facet normal -0.99995 0 0.0100109
    outer loop
      vertex -20.2511 -18.6668 9.3
      vertex -20.0759 -18.9723 26.8
      vertex -20.0759 -18.9722 26.8
    endloop
  endfacet
  facet normal -0.987231 -0.159296 -0.000602113
    outer loop
      vertex -20.6182 -17.7682 -0.301702
      vertex -20.6731 -17.5304 26.8
      vertex -20.7421 -17.0005 -0.258351
    endloop
  endfacet
  facet normal -0.956882 -0.290477 0.000610393
    outer loop
      vertex -20.6182 -17.7682 -0.301702
      vertex -20.6176 -17.75 9.3
      vertex -20.6731 -17.5304 26.8
    endloop
  endfacet
  facet normal -0.957004 -0.290074 0.000609636
    outer loop
      vertex -20.6182 -17.7682 -0.301702
      vertex -20.5571 -17.9496 9.3
      vertex -20.6176 -17.75 9.3
    endloop
  endfacet
  facet normal -0.895338 -0.445379 -0.00271688
    outer loop
      vertex -20.4455 -18.2807 26.8
      vertex -20.5571 -17.9496 9.3
      vertex -20.6182 -17.7682 -0.301702
    endloop
  endfacet
  facet normal -0.970141 -0.242535 0.00159796
    outer loop
      vertex -20.5571 -17.9496 9.3
      vertex -20.4455 -18.2807 26.8
      vertex -20.4456 -18.2803 26.8
    endloop
  endfacet
  facet normal -0.956958 -0.290225 0.000606985
    outer loop
      vertex -20.6731 -17.5304 26.8
      vertex -20.6176 -17.75 9.3
      vertex -20.6065 -17.75 26.8
    endloop
  endfacet
  facet normal -0.999503 -0.0315213 0
    outer loop
      vertex -20.7421 -17.0005 -0.258351
      vertex -20.75 -16.75 26.8
      vertex -20.75 -16.75 -0.2505
    endloop
  endfacet
  facet normal -0.99518 -0.0980642 0.000617302
    outer loop
      vertex -20.7421 -17.0005 -0.258351
      vertex -20.6731 -17.5304 26.8
      vertex -20.75 -16.75 26.8
    endloop
  endfacet
  facet normal -0.707102 0 -0.707112
    outer loop
      vertex -20.75 -16.75 -0.2505
      vertex -18.5995 17.0005 -2.40097
      vertex -18.5995 -17.0005 -2.40097
    endloop
  endfacet
  facet normal -0.707102 0 -0.707112
    outer loop
      vertex -18.5995 17.0005 -2.40097
      vertex -20.75 -16.75 -0.2505
      vertex -20.75 16.75 -0.2505
    endloop
  endfacet
  facet normal -0.70711 -0.000138513 -0.707104
    outer loop
      vertex -18.5995 -17.0005 -2.40097
      vertex -20.7421 -17.0005 -0.258351
      vertex -20.75 -16.75 -0.2505
    endloop
  endfacet
  facet normal -0.70711 0.000138513 -0.707104
    outer loop
      vertex -20.7421 17.0005 -0.258351
      vertex -18.5995 17.0005 -2.40097
      vertex -20.75 16.75 -0.2505
    endloop
  endfacet
  facet normal -0.999503 0.0315213 0
    outer loop
      vertex -20.75 16.75 26.8
      vertex -20.7421 17.0005 -0.258351
      vertex -20.75 16.75 -0.2505
    endloop
  endfacet
  facet normal -0.991412 0.130774 -3.28788e-05
    outer loop
      vertex -20.6731 17.5304 26.8
      vertex -20.6705 17.5433 -0.29003
      vertex -20.7421 17.0005 -0.258351
    endloop
  endfacet
  facet normal -0.99518 0.0980642 0.000617302
    outer loop
      vertex -20.6731 17.5304 26.8
      vertex -20.7421 17.0005 -0.258351
      vertex -20.75 16.75 26.8
    endloop
  endfacet
  facet normal -0.964235 0.265048 2.7742e-05
    outer loop
      vertex -20.6705 17.5433 -0.29003
      vertex -20.5777 17.8799 9.3
      vertex -20.5252 18.0719 -0.316006
    endloop
  endfacet
  facet normal -0.964248 0.265001 2.94907e-05
    outer loop
      vertex -20.5777 17.8799 9.3
      vertex -20.6705 17.5433 -0.29003
      vertex -20.6134 17.75 9.3
    endloop
  endfacet
  facet normal -0.96425 0.264994 2.96565e-05
    outer loop
      vertex -20.6705 17.5433 -0.29003
      vertex -20.6132 17.75 15.8028
      vertex -20.6134 17.75 9.3
    endloop
  endfacet
  facet normal -0.964326 0.264716 3.35025e-05
    outer loop
      vertex -20.6132 17.75 15.8028
      vertex -20.6705 17.5433 -0.29003
      vertex -20.6731 17.5304 26.8
    endloop
  endfacet
  facet normal -0.907136 0.420838 -0.000573976
    outer loop
      vertex -20.5252 18.0719 -0.316006
      vertex -20.2855 18.6017 9.3
      vertex -20.1971 18.7791 -0.341872
    endloop
  endfacet
  facet normal -0.907107 0.420901 -0.000578173
    outer loop
      vertex -20.2855 18.6017 9.3
      vertex -20.5252 18.0719 -0.316006
      vertex -20.4969 18.1461 9.3
    endloop
  endfacet
  facet normal -0.910334 0.413874 -0.000731417
    outer loop
      vertex -20.2855 18.6017 9.3
      vertex -20.4455 18.2807 26.8
      vertex -20.1971 18.7791 -0.341872
    endloop
  endfacet
  facet normal -0.894984 0.446098 0
    outer loop
      vertex -20.4455 18.2807 26.7751
      vertex -20.4455 18.2807 26.8
      vertex -20.2855 18.6017 9.3
    endloop
  endfacet
  facet normal -0.934202 0.356746 0
    outer loop
      vertex -20.4969 18.1461 9.3
      vertex -20.4455 18.2807 26.8
      vertex -20.4455 18.2807 26.7751
    endloop
  endfacet
  facet normal -0.97329 0.229578 0.00109291
    outer loop
      vertex -20.4455 18.2807 26.8
      vertex -20.4969 18.1461 9.3
      vertex -20.5252 18.0719 -0.316006
    endloop
  endfacet
  facet normal -0.894427 0.447213 -0.000815206
    outer loop
      vertex -20.4455 18.2807 26.8
      vertex -20.497 18.1458 9.3
      vertex -20.4456 18.2805 26.8
    endloop
  endfacet
  facet normal -0.916453 0.400143 -0.00038754
    outer loop
      vertex -20.5252 18.0719 -0.316006
      vertex -20.497 18.1458 9.3
      vertex -20.4455 18.2807 26.8
    endloop
  endfacet
  facet normal -0.9569 0.290417 0.000574332
    outer loop
      vertex -20.497 18.1458 9.3
      vertex -20.5252 18.0719 -0.316006
      vertex -20.5777 17.8799 9.3
    endloop
  endfacet
  facet normal -0.956958 0.290225 0.000583023
    outer loop
      vertex -20.6065 17.75 26.8
      vertex -20.6132 17.75 15.8028
      vertex -20.6731 17.5304 26.8
    endloop
  endfacet
  facet normal -0.80817 0.588949 -0.000582814
    outer loop
      vertex -20.1971 18.7791 -0.341872
      vertex -19.8579 19.2541 9.3
      vertex -19.7374 19.4099 -0.353608
    endloop
  endfacet
  facet normal -0.808159 0.588964 -0.000583926
    outer loop
      vertex -19.8579 19.2541 9.3
      vertex -20.1971 18.7791 -0.341872
      vertex -20.154 18.8478 9.3
    endloop
  endfacet
  facet normal -0.820228 0.572036 -0.00100629
    outer loop
      vertex -19.8579 19.2541 9.3
      vertex -20.0759 18.9723 26.8
      vertex -19.7374 19.4099 -0.353608
    endloop
  endfacet
  facet normal -0.790952 0.611879 0
    outer loop
      vertex -20.0759 18.9723 26.7942
      vertex -20.0759 18.9723 26.8
      vertex -19.8579 19.2541 9.3
    endloop
  endfacet
  facet normal -0.847118 0.531405 0
    outer loop
      vertex -20.154 18.8478 9.3
      vertex -20.0759 18.9723 26.8
      vertex -20.0759 18.9723 26.7942
    endloop
  endfacet
  facet normal -0.833059 0.553184 -0.000217682
    outer loop
      vertex -20.0759 18.9723 26.8
      vertex -20.154 18.8478 9.3
      vertex -20.1971 18.7791 -0.341872
    endloop
  endfacet
  facet normal -0.99999 0 0.00446853
    outer loop
      vertex -20.0759 18.9723 26.8
      vertex -20.1541 18.8477 9.3
      vertex -20.0759 18.9722 26.8
    endloop
  endfacet
  facet normal -0.506244 0.862382 -0.00387797
    outer loop
      vertex -20.1971 18.7791 -0.341872
      vertex -20.1541 18.8477 9.3
      vertex -20.0759 18.9723 26.8
    endloop
  endfacet
  facet normal -0.881944 0.471353 0.000579637
    outer loop
      vertex -20.1971 18.7791 -0.341872
      vertex -20.2852 18.6024 9.3
      vertex -20.1541 18.8477 9.3
    endloop
  endfacet
  facet normal -0.927601 0.373568 -0.00162958
    outer loop
      vertex -20.4455 18.2807 26.8
      vertex -20.2852 18.6024 9.3
      vertex -20.1971 18.7791 -0.341872
    endloop
  endfacet
  facet normal -0.928475 0.37139 -0.00167762
    outer loop
      vertex -20.2852 18.6024 9.3
      vertex -20.4455 18.2807 26.8
      vertex -20.4453 18.2812 26.8
    endloop
  endfacet
  facet normal -0.795114 0.606459 0.000892511
    outer loop
      vertex -19.6808 19.4699 9.3
      vertex -19.7374 19.4099 -0.353608
      vertex -19.5784 19.5784 26.8
    endloop
  endfacet
  facet normal -0.678433 0.734662 -0.000588429
    outer loop
      vertex -19.7374 19.4099 -0.353608
      vertex -19.6808 19.4699 9.3
      vertex -19.1638 19.9396 -0.35059
    endloop
  endfacet
  facet normal -0.678404 0.734689 -0.000585603
    outer loop
      vertex -19.3114 19.811 9.3
      vertex -19.1638 19.9396 -0.35059
      vertex -19.6808 19.4699 9.3
    endloop
  endfacet
  facet normal -0.676022 0.736882 -0.000519948
    outer loop
      vertex -19.1638 19.9396 -0.35059
      vertex -19.3114 19.811 9.3
      vertex -19.5784 19.5784 26.8
    endloop
  endfacet
  facet normal -0.0380705 0.999257 -0.0059779
    outer loop
      vertex -19.7374 19.4099 -0.353608
      vertex -19.681 19.4698 9.3
      vertex -19.5784 19.5784 26.8
    endloop
  endfacet
  facet normal -0.773028 0.634372 0.000580086
    outer loop
      vertex -19.7374 19.4099 -0.353608
      vertex -19.8576 19.2546 9.3
      vertex -19.681 19.4698 9.3
    endloop
  endfacet
  facet normal -0.887134 0.461498 -0.00362174
    outer loop
      vertex -20.0759 18.9723 26.8
      vertex -19.8576 19.2546 9.3
      vertex -19.7374 19.4099 -0.353608
    endloop
  endfacet
  facet normal -0.707104 0.707104 0.00258598
    outer loop
      vertex -19.8576 19.2546 9.3
      vertex -20.0759 18.9723 26.8
      vertex -20.0758 18.9724 26.8
    endloop
  endfacet
  facet normal -0.497393 0.867526 0
    outer loop
      vertex -18.9723 20.0759 26.8
      vertex -18.6669 20.251 9.3
      vertex -18.9723 20.0759 26.7949
    endloop
  endfacet
  facet normal -0.522776 0.85247 -0.000588362
    outer loop
      vertex -18.6669 20.251 9.3
      vertex -18.4987 20.3475 -0.332978
      vertex -19.0956 19.9881 9.3
    endloop
  endfacet
  facet normal -0.785373 0.618977 -0.00751258
    outer loop
      vertex -18.4987 20.3475 -0.332978
      vertex -18.6669 20.251 9.3
      vertex -18.9723 20.0759 26.8
    endloop
  endfacet
  facet normal -0.58005 0.814581 0
    outer loop
      vertex -19.0956 19.9881 9.3
      vertex -18.9723 20.0759 26.8
      vertex -18.9723 20.0759 26.7949
    endloop
  endfacet
  facet normal -0.370338 0.928895 -0.0020511
    outer loop
      vertex -19.0956 19.9881 9.3
      vertex -19.1638 19.9396 -0.35059
      vertex -18.9723 20.0759 26.8
    endloop
  endfacet
  facet normal -0.522791 0.852461 -0.000589601
    outer loop
      vertex -19.1638 19.9396 -0.35059
      vertex -19.0956 19.9881 9.3
      vertex -18.4987 20.3475 -0.332978
    endloop
  endfacet
  facet normal -0.744088 0.668077 -0.0024747
    outer loop
      vertex -19.5784 19.5784 26.8
      vertex -19.311 19.8114 9.3
      vertex -19.1638 19.9396 -0.35059
    endloop
  endfacet
  facet normal -0.634372 0.773028 0.00059299
    outer loop
      vertex -19.0958 19.988 9.3
      vertex -19.1638 19.9396 -0.35059
      vertex -19.311 19.8114 9.3
    endloop
  endfacet
  facet normal -0.57148 0.820616 -8.88177e-05
    outer loop
      vertex -19.1638 19.9396 -0.35059
      vertex -19.0958 19.988 9.3
      vertex -18.9723 20.0759 26.8
    endloop
  endfacet
  facet normal -0.319492 0.947589 0
    outer loop
      vertex -18.2807 20.4455 26.8
      vertex -17.95 20.557 9.3
      vertex -18.2807 20.4455 26.7772
    endloop
  endfacet
  facet normal -0.347632 0.937631 -0.000605773
    outer loop
      vertex -17.95 20.557 9.3
      vertex -17.7682 20.6182 -0.301702
      vertex -18.4212 20.3823 9.3
    endloop
  endfacet
  facet normal -0.0658391 0.997817 0.00511335
    outer loop
      vertex -17.7682 20.6182 -0.301702
      vertex -17.95 20.557 9.3
      vertex -18.2807 20.4455 26.8
    endloop
  endfacet
  facet normal -0.41023 0.911982 0
    outer loop
      vertex -18.4212 20.3823 9.3
      vertex -18.2807 20.4455 26.8
      vertex -18.2807 20.4455 26.7772
    endloop
  endfacet
  facet normal -0.0693456 0.997588 -0.00304597
    outer loop
      vertex -18.4212 20.3823 9.3
      vertex -18.4987 20.3475 -0.332978
      vertex -18.2807 20.4455 26.8
    endloop
  endfacet
  facet normal -0.347455 0.937696 -0.00059214
    outer loop
      vertex -18.4987 20.3475 -0.332978
      vertex -18.4212 20.3823 9.3
      vertex -17.7682 20.6182 -0.301702
    endloop
  endfacet
  facet normal -0.447214 0.894427 0.000360326
    outer loop
      vertex -18.2807 20.4455 26.8
      vertex -18.4214 20.3822 9.3
      vertex -18.2809 20.4454 26.8
    endloop
  endfacet
  facet normal -0.471204 0.882024 0.000603946
    outer loop
      vertex -18.4214 20.3822 9.3
      vertex -18.4987 20.3475 -0.332978
      vertex -18.6668 20.2511 9.3
    endloop
  endfacet
  facet normal -0.694235 0.719742 0.00297824
    outer loop
      vertex -18.4987 20.3475 -0.332978
      vertex -18.4214 20.3822 9.3
      vertex -18.2807 20.4455 26.8
    endloop
  endfacet
  facet normal 0 0.99995 0.0100109
    outer loop
      vertex -18.6668 20.2511 9.3
      vertex -18.9723 20.0759 26.8
      vertex -18.9722 20.0759 26.8
    endloop
  endfacet
  facet normal -0.527148 0.849773 -0.000695062
    outer loop
      vertex -18.9723 20.0759 26.8
      vertex -18.6668 20.2511 9.3
      vertex -18.4987 20.3475 -0.332978
    endloop
  endfacet
  facet normal -0.162579 0.986695 -0.000666306
    outer loop
      vertex -17.5304 20.6731 26.8
      vertex -17.188 20.7177 9.3
      vertex -17.5303 20.6731 26.7756
    endloop
  endfacet
  facet normal -0.159295 0.987231 -0.000604642
    outer loop
      vertex -17.188 20.7177 9.3
      vertex -17.0005 20.7421 -0.258351
      vertex -17.6838 20.6377 9.3
    endloop
  endfacet
  facet normal -0.082071 0.996626 0.000934195
    outer loop
      vertex -17.0005 20.7421 -0.258351
      vertex -17.188 20.7177 9.3
      vertex -17.5304 20.6731 26.8
    endloop
  endfacet
  facet normal -0.15534 0.987861 -0.000636638
    outer loop
      vertex -17.6838 20.6377 9.3
      vertex -17.5304 20.6731 26.8
      vertex -17.5303 20.6731 26.7756
    endloop
  endfacet
  facet normal -0.312773 0.949828 0.000820312
    outer loop
      vertex -17.6838 20.6377 9.3
      vertex -17.7682 20.6182 -0.301702
      vertex -17.5304 20.6731 26.8
    endloop
  endfacet
  facet normal -0.159296 0.987231 -0.000604726
    outer loop
      vertex -17.7682 20.6182 -0.301702
      vertex -17.6838 20.6377 9.3
      vertex -17.0005 20.7421 -0.258351
    endloop
  endfacet
  facet normal 0 0.999998 -0.00202285
    outer loop
      vertex -17.5304 20.6731 26.8
      vertex -17.684 20.6377 9.3
      vertex -17.5306 20.6731 26.8
    endloop
  endfacet
  facet normal -0.290387 0.956909 0.00060311
    outer loop
      vertex -17.684 20.6377 9.3
      vertex -17.7682 20.6182 -0.301702
      vertex -17.9496 20.5571 9.3
    endloop
  endfacet
  facet normal 0.714543 0.699549 -0.00768673
    outer loop
      vertex -17.7682 20.6182 -0.301702
      vertex -17.684 20.6377 9.3
      vertex -17.5304 20.6731 26.8
    endloop
  endfacet
  facet normal -0.242535 0.970141 0.00159796
    outer loop
      vertex -17.9496 20.5571 9.3
      vertex -18.2807 20.4455 26.8
      vertex -18.2803 20.4456 26.8
    endloop
  endfacet
  facet normal -0.445379 0.895338 -0.00271688
    outer loop
      vertex -18.2807 20.4455 26.8
      vertex -17.9496 20.5571 9.3
      vertex -17.7682 20.6182 -0.301702
    endloop
  endfacet
  facet normal -0.0979998 0.995186 0.00061482
    outer loop
      vertex -16.9121 20.7449 9.3
      vertex -17.0005 20.7421 -0.258351
      vertex -17.1873 20.7178 9.3
    endloop
  endfacet
  facet normal 0.10422 0.994553 -0.00125522
    outer loop
      vertex -17.0005 20.7421 -0.258351
      vertex -16.9121 20.7449 9.3
      vertex -16.75 20.75 26.8
    endloop
  endfacet
  facet normal -0.196116 0.98058 -0.00134031
    outer loop
      vertex -17.1873 20.7178 9.3
      vertex -17.5304 20.6731 26.8
      vertex -17.5299 20.6732 26.8
    endloop
  endfacet
  facet normal -0.188375 0.982096 -0.00118468
    outer loop
      vertex -17.5304 20.6731 26.8
      vertex -17.1873 20.7178 9.3
      vertex -17.0005 20.7421 -0.258351
    endloop
  endfacet
  facet normal -0.0315213 0.999503 0
    outer loop
      vertex -16.75 20.75 26.8
      vertex -16.75 20.75 -0.2505
      vertex -17.0005 20.7421 -0.258351
    endloop
  endfacet
  facet normal -0 0 1
    outer loop
      vertex -16.75 20.75 26.8
      vertex 16.75 19.9524 26.8
      vertex 16.75 20.75 26.8
    endloop
  endfacet
  facet normal 0 0 1
    outer loop
      vertex 16.75 19.9524 26.8
      vertex -16.75 20.75 26.8
      vertex -16.75 19.9524 26.8
    endloop
  endfacet
  facet normal 0 0 1
    outer loop
      vertex -19.8909 17.3748 26.8
      vertex -20.6731 17.5304 26.8
      vertex -19.9524 16.75 26.8
    endloop
  endfacet
  facet normal -0 0 1
    outer loop
      vertex -20.6731 17.5304 26.8
      vertex -19.8909 17.3748 26.8
      vertex -20.6065 17.75 26.8
    endloop
  endfacet
  facet normal -0 0 1
    outer loop
      vertex -20.6065 17.75 26.8
      vertex -19.8909 17.3748 26.8
      vertex -19.7771 17.75 26.8
    endloop
  endfacet
  facet normal 0 0 1
    outer loop
      vertex -19.8909 -17.3748 26.8
      vertex -20.6065 -17.75 26.8
      vertex -19.7771 -17.75 26.8
    endloop
  endfacet
  facet normal 0 0 1
    outer loop
      vertex -20.6731 -17.5304 26.8
      vertex -19.8909 -17.3748 26.8
      vertex -19.9524 -16.75 26.8
    endloop
  endfacet
  facet normal 0 0 1
    outer loop
      vertex -19.9524 16.75 26.8
      vertex -20.75 16.75 26.8
      vertex -19.9524 -16.75 26.8
    endloop
  endfacet
  facet normal 0 0 1
    outer loop
      vertex -19.9524 16.75 26.8
      vertex -20.6731 17.5304 26.8
      vertex -20.75 16.75 26.8
    endloop
  endfacet
  facet normal 0 0 1
    outer loop
      vertex -20.75 -16.75 26.8
      vertex -19.9524 -16.75 26.8
      vertex -20.75 16.75 26.8
    endloop
  endfacet
  facet normal 0 -0 1
    outer loop
      vertex -20.6731 -17.5304 26.8
      vertex -19.9524 -16.75 26.8
      vertex -20.75 -16.75 26.8
    endloop
  endfacet
  facet normal 0 0 1
    outer loop
      vertex -19.8909 -17.3748 26.8
      vertex -20.6731 -17.5304 26.8
      vertex -20.6065 -17.75 26.8
    endloop
  endfacet
  facet normal 0 0 1
    outer loop
      vertex 19.9524 16.75 26.8
      vertex 20.75 16.75 26.8
      vertex 20.6731 17.5304 26.8
    endloop
  endfacet
  facet normal 0 0 1
    outer loop
      vertex 20.75 16.75 26.8
      vertex 19.9524 16.75 26.8
      vertex 20.75 -16.75 26.8
    endloop
  endfacet
  facet normal 0 0 1
    outer loop
      vertex 19.8909 17.3748 26.8
      vertex 20.6731 17.5304 26.8
      vertex 20.6065 17.75 26.8
    endloop
  endfacet
  facet normal 0 0 1
    outer loop
      vertex 19.9524 -16.75 26.8
      vertex 20.75 -16.75 26.8
      vertex 19.9524 16.75 26.8
    endloop
  endfacet
  facet normal 0 0 1
    outer loop
      vertex 20.75 -16.75 26.8
      vertex 19.9524 -16.75 26.8
      vertex 20.6731 -17.5304 26.8
    endloop
  endfacet
  facet normal 0 0 1
    outer loop
      vertex 20.6731 17.5304 26.8
      vertex 19.8909 17.3748 26.8
      vertex 19.9524 16.75 26.8
    endloop
  endfacet
  facet normal 0 -0 1
    outer loop
      vertex 19.8909 17.3748 26.8
      vertex 20.6065 17.75 26.8
      vertex 19.7771 17.75 26.8
    endloop
  endfacet
  facet normal -0 0 1
    outer loop
      vertex 19.8909 -17.3748 26.8
      vertex 20.6731 -17.5304 26.8
      vertex 19.9524 -16.75 26.8
    endloop
  endfacet
  facet normal 0 0 1
    outer loop
      vertex 20.6731 -17.5304 26.8
      vertex 19.8909 -17.3748 26.8
      vertex 20.6065 -17.75 26.8
    endloop
  endfacet
  facet normal 0 0 1
    outer loop
      vertex 20.6065 -17.75 26.8
      vertex 19.8909 -17.3748 26.8
      vertex 19.7771 -17.75 26.8
    endloop
  endfacet
  facet normal -0 0 1
    outer loop
      vertex -16.75 -19.9524 26.8
      vertex 16.75 -20.75 26.8
      vertex 16.75 -19.9524 26.8
    endloop
  endfacet
  facet normal 0 0 1
    outer loop
      vertex 16.75 -20.75 26.8
      vertex -16.75 -19.9524 26.8
      vertex -16.75 -20.75 26.8
    endloop
  endfacet
  facet normal 0 0 -0
    outer loop
      vertex 17.5304 20.6731 26.8
      vertex 17.5303 20.6731 26.8
      vertex 17.5305 20.6731 26.8
    endloop
  endfacet
  facet normal 0 -0 1
    outer loop
      vertex 17.5303 20.6731 26.8
      vertex 17.5304 20.6731 26.8
      vertex 17.5299 20.6732 26.8
    endloop
  endfacet
  facet normal 0 0 0
    outer loop
      vertex 17.5303 -20.6731 26.8
      vertex 17.5304 -20.6731 26.8
      vertex 17.5306 -20.6731 26.8
    endloop
  endfacet
  facet normal 0 0 1
    outer loop
      vertex 17.5304 -20.6731 26.8
      vertex 17.5303 -20.6731 26.8
      vertex 17.5299 -20.6732 26.8
    endloop
  endfacet
  facet normal 0 0 1
    outer loop
      vertex -17.5303 -20.6731 26.8
      vertex -17.5304 -20.6731 26.8
      vertex -17.5299 -20.6732 26.8
    endloop
  endfacet
  facet normal 0 -0 0
    outer loop
      vertex -17.5304 -20.6731 26.8
      vertex -17.5303 -20.6731 26.8
      vertex -17.5305 -20.6731 26.8
    endloop
  endfacet
  facet normal 0 0 1
    outer loop
      vertex -17.5304 20.6731 26.8
      vertex -17.5303 20.6731 26.8
      vertex -17.5299 20.6732 26.8
    endloop
  endfacet
  facet normal 0 0 0
    outer loop
      vertex -17.5303 20.6731 26.8
      vertex -17.5304 20.6731 26.8
      vertex -17.5306 20.6731 26.8
    endloop
  endfacet
  facet normal -1 0 0
    outer loop
      vertex -20.75 -16.75 -0.2505
      vertex -20.75 16.75 26.8
      vertex -20.75 16.75 -0.2505
    endloop
  endfacet
  facet normal -1 -0 0
    outer loop
      vertex -20.75 16.75 26.8
      vertex -20.75 -16.75 -0.2505
      vertex -20.75 -16.75 26.8
    endloop
  endfacet
  facet normal -0.980806 -0.194989 0
    outer loop
      vertex -17.8978 -15.7764 22.95
      vertex -17.9743 -15.3916 23.6
      vertex -17.9743 -15.3916 22.95
    endloop
  endfacet
  facet normal -0.980806 -0.194989 0
    outer loop
      vertex -17.9743 -15.3916 23.6
      vertex -17.8978 -15.7764 22.95
      vertex -17.8978 -15.7764 23.6
    endloop
  endfacet
  facet normal -0.946885 -0.321574 0
    outer loop
      vertex -17.7716 -16.148 22.95
      vertex -17.8978 -15.7764 23.6
      vertex -17.8978 -15.7764 22.95
    endloop
  endfacet
  facet normal -0.946885 -0.321574 0
    outer loop
      vertex -17.8978 -15.7764 23.6
      vertex -17.7716 -16.148 22.95
      vertex -17.7716 -16.148 23.6
    endloop
  endfacet
  facet normal -0.896961 -0.44211 0
    outer loop
      vertex -17.5981 -16.5 22.95
      vertex -17.7716 -16.148 23.6
      vertex -17.7716 -16.148 22.95
    endloop
  endfacet
  facet normal -0.896961 -0.44211 0
    outer loop
      vertex -17.7716 -16.148 23.6
      vertex -17.5981 -16.5 22.95
      vertex -17.5981 -16.5 23.6
    endloop
  endfacet
  facet normal 0.946885 0.321574 0
    outer loop
      vertex 17.8978 15.7764 23.6
      vertex 17.7716 16.148 22.95
      vertex 17.7716 16.148 23.6
    endloop
  endfacet
  facet normal 0.946885 0.321574 0
    outer loop
      vertex 17.7716 16.148 22.95
      vertex 17.8978 15.7764 23.6
      vertex 17.8978 15.7764 22.95
    endloop
  endfacet
  facet normal 0 0 -1
    outer loop
      vertex 12.2 -16.2 18
      vertex 12.1 -14.4702 18
      vertex 12.2 -13.8 18
    endloop
  endfacet
  facet normal 0 0 -1
    outer loop
      vertex 12.2 -16.2 18
      vertex 9.9 -15.7403 18
      vertex 12.1 -14.4702 18
    endloop
  endfacet
  facet normal 0 0 -1
    outer loop
      vertex 7.7 -14.4702 18
      vertex 5.5 -14.4702 18
      vertex 7.7 -13.8 18
    endloop
  endfacet
  facet normal 0 0 -1
    outer loop
      vertex 9.9 -15.7403 18
      vertex 5.5 -14.4702 18
      vertex 7.7 -14.4702 18
    endloop
  endfacet
  facet normal 0 0 -1
    outer loop
      vertex 9.9 -15.7403 18
      vertex 3.3 -15.7403 18
      vertex 5.5 -14.4702 18
    endloop
  endfacet
  facet normal 0 0 -1
    outer loop
      vertex 12.2 -16.2 18
      vertex 3.3 -15.7403 18
      vertex 9.9 -15.7403 18
    endloop
  endfacet
  facet normal 0 0 -1
    outer loop
      vertex 1.1 -14.4702 18
      vertex -1.1 -14.4702 18
      vertex 1.1 -13.8 18
    endloop
  endfacet
  facet normal 0 0 -1
    outer loop
      vertex 3.3 -15.7403 18
      vertex -1.1 -14.4702 18
      vertex 1.1 -14.4702 18
    endloop
  endfacet
  facet normal 0 0 -1
    outer loop
      vertex 3.3 -15.7403 18
      vertex -3.3 -15.7403 18
      vertex -1.1 -14.4702 18
    endloop
  endfacet
  facet normal 0 0 -1
    outer loop
      vertex 12.2 -16.2 18
      vertex -3.3 -15.7403 18
      vertex 3.3 -15.7403 18
    endloop
  endfacet
  facet normal 0 0 -1
    outer loop
      vertex -5.5 -14.4702 18
      vertex -7.7 -14.4702 18
      vertex -5.5 -13.8 18
    endloop
  endfacet
  facet normal 0 0 -1
    outer loop
      vertex -3.3 -15.7403 18
      vertex -7.7 -14.4702 18
      vertex -5.5 -14.4702 18
    endloop
  endfacet
  facet normal 0 0 -1
    outer loop
      vertex -3.3 -15.7403 18
      vertex -9.9 -15.7403 18
      vertex -7.7 -14.4702 18
    endloop
  endfacet
  facet normal 0 0 -1
    outer loop
      vertex -12.2 -16.2 18
      vertex -3.3 -15.7403 18
      vertex 12.2 -16.2 18
    endloop
  endfacet
  facet normal -0 0 -1
    outer loop
      vertex -3.3 -15.7403 18
      vertex -12.2 -16.2 18
      vertex -9.9 -15.7403 18
    endloop
  endfacet
  facet normal 0 0 -1
    outer loop
      vertex -12.2 -16.2 18
      vertex -12.1 -14.4702 18
      vertex -9.9 -15.7403 18
    endloop
  endfacet
  facet normal 0 0 -1
    outer loop
      vertex -12.2 -13.8 18
      vertex -12.1 -14.4702 18
      vertex -12.2 -16.2 18
    endloop
  endfacet
  facet normal 0 0 -1
    outer loop
      vertex -12.1 -14.4702 18
      vertex -12.2 -13.8 18
      vertex -12.1 -13.8 18
    endloop
  endfacet
  facet normal -0 0 -1
    outer loop
      vertex 12.2 -13.8 18
      vertex 12.1 -14.4702 18
      vertex 12.1 -13.8 18
    endloop
  endfacet
  facet normal -0 0 -1
    outer loop
      vertex 7.7 -13.8 18
      vertex 5.5 -14.4702 18
      vertex 5.5 -13.8 18
    endloop
  endfacet
  facet normal -0 0 -1
    outer loop
      vertex 1.1 -13.8 18
      vertex -1.1 -14.4702 18
      vertex -1.1 -13.8 18
    endloop
  endfacet
  facet normal -0 0 -1
    outer loop
      vertex -5.5 -13.8 18
      vertex -7.7 -14.4702 18
      vertex -7.7 -13.8 18
    endloop
  endfacet
  facet normal 0 0 -1
    outer loop
      vertex 10.8359 -11.2 18
      vertex 12.2 -8.8 18
      vertex 12.2 -11.2 18
    endloop
  endfacet
  facet normal 0 0 -1
    outer loop
      vertex 10.8359 -11.2 18
      vertex 10.4895 -8.8 18
      vertex 12.2 -8.8 18
    endloop
  endfacet
  facet normal 0 0 -1
    outer loop
      vertex 9.9 -10.6597 18
      vertex 10.4895 -8.8 18
      vertex 10.8359 -11.2 18
    endloop
  endfacet
  facet normal 0 0 -1
    outer loop
      vertex 9.9 -10.6597 18
      vertex 9.9 -9.14034 18
      vertex 10.4895 -8.8 18
    endloop
  endfacet
  facet normal 0 0 -1
    outer loop
      vertex 9.9 -10.6597 18
      vertex 9.31051 -8.8 18
      vertex 9.9 -9.14034 18
    endloop
  endfacet
  facet normal 0 0 -1
    outer loop
      vertex 8.9641 -11.2 18
      vertex 9.31051 -8.8 18
      vertex 9.9 -10.6597 18
    endloop
  endfacet
  facet normal 0 0 -1
    outer loop
      vertex 4.2359 -11.2 18
      vertex 9.31051 -8.8 18
      vertex 8.9641 -11.2 18
    endloop
  endfacet
  facet normal 0 0 -1
    outer loop
      vertex 4.2359 -11.2 18
      vertex 3.88949 -8.8 18
      vertex 9.31051 -8.8 18
    endloop
  endfacet
  facet normal 0 0 -1
    outer loop
      vertex 3.3 -10.6597 18
      vertex 3.88949 -8.8 18
      vertex 4.2359 -11.2 18
    endloop
  endfacet
  facet normal 0 0 -1
    outer loop
      vertex 3.3 -10.6597 18
      vertex 3.3 -9.14034 18
      vertex 3.88949 -8.8 18
    endloop
  endfacet
  facet normal 0 0 -1
    outer loop
      vertex 3.3 -10.6597 18
      vertex 2.71051 -8.8 18
      vertex 3.3 -9.14034 18
    endloop
  endfacet
  facet normal 0 0 -1
    outer loop
      vertex 2.3641 -11.2 18
      vertex 2.71051 -8.8 18
      vertex 3.3 -10.6597 18
    endloop
  endfacet
  facet normal 0 0 -1
    outer loop
      vertex -2.3641 -11.2 18
      vertex 2.71051 -8.8 18
      vertex 2.3641 -11.2 18
    endloop
  endfacet
  facet normal 0 0 -1
    outer loop
      vertex -2.3641 -11.2 18
      vertex -2.71051 -8.8 18
      vertex 2.71051 -8.8 18
    endloop
  endfacet
  facet normal 0 0 -1
    outer loop
      vertex -3.3 -10.6597 18
      vertex -2.71051 -8.8 18
      vertex -2.3641 -11.2 18
    endloop
  endfacet
  facet normal 0 0 -1
    outer loop
      vertex -3.3 -10.6597 18
      vertex -3.3 -9.14034 18
      vertex -2.71051 -8.8 18
    endloop
  endfacet
  facet normal 0 0 -1
    outer loop
      vertex -3.3 -10.6597 18
      vertex -3.88949 -8.8 18
      vertex -3.3 -9.14034 18
    endloop
  endfacet
  facet normal 0 0 -1
    outer loop
      vertex -4.2359 -11.2 18
      vertex -3.88949 -8.8 18
      vertex -3.3 -10.6597 18
    endloop
  endfacet
  facet normal 0 0 -1
    outer loop
      vertex -8.9641 -11.2 18
      vertex -3.88949 -8.8 18
      vertex -4.2359 -11.2 18
    endloop
  endfacet
  facet normal 0 0 -1
    outer loop
      vertex -8.9641 -11.2 18
      vertex -9.31051 -8.8 18
      vertex -3.88949 -8.8 18
    endloop
  endfacet
  facet normal 0 0 -1
    outer loop
      vertex -9.9 -10.6597 18
      vertex -9.31051 -8.8 18
      vertex -8.9641 -11.2 18
    endloop
  endfacet
  facet normal 0 0 -1
    outer loop
      vertex -9.9 -10.6597 18
      vertex -9.9 -9.14034 18
      vertex -9.31051 -8.8 18
    endloop
  endfacet
  facet normal 0 0 -1
    outer loop
      vertex -9.9 -10.6597 18
      vertex -10.4895 -8.8 18
      vertex -9.9 -9.14034 18
    endloop
  endfacet
  facet normal 0 0 -1
    outer loop
      vertex -10.8359 -11.2 18
      vertex -10.4895 -8.8 18
      vertex -9.9 -10.6597 18
    endloop
  endfacet
  facet normal 0 0 -1
    outer loop
      vertex -12.2 -8.8 18
      vertex -10.8359 -11.2 18
      vertex -12.2 -11.2 18
    endloop
  endfacet
  facet normal 0 0 -1
    outer loop
      vertex -10.8359 -11.2 18
      vertex -12.2 -8.8 18
      vertex -10.4895 -8.8 18
    endloop
  endfacet
  facet normal 0 0 -1
    outer loop
      vertex -12.1 -6.2 18
      vertex -12.2 -6.2 18
      vertex -12.1 -5.32983 18
    endloop
  endfacet
  facet normal 0 0 -1
    outer loop
      vertex -5.5 -6.2 18
      vertex -7.7 -6.2 18
      vertex -5.5 -5.32983 18
    endloop
  endfacet
  facet normal 0 0 -1
    outer loop
      vertex 1.1 -6.2 18
      vertex -1.1 -6.2 18
      vertex 1.1 -5.32983 18
    endloop
  endfacet
  facet normal 0 0 -1
    outer loop
      vertex 7.7 -6.2 18
      vertex 5.5 -6.2 18
      vertex 7.7 -5.32983 18
    endloop
  endfacet
  facet normal 0 0 -1
    outer loop
      vertex 12.1 -5.32983 18
      vertex 12.2 -6.2 18
      vertex 12.1 -6.2 18
    endloop
  endfacet
  facet normal 0 0 -1
    outer loop
      vertex 12.2 -6.2 18
      vertex 12.1 -5.32983 18
      vertex 12.2 -3.8 18
    endloop
  endfacet
  facet normal 0 0 -1
    outer loop
      vertex 9.9 -4.05966 18
      vertex 12.2 -3.8 18
      vertex 12.1 -5.32983 18
    endloop
  endfacet
  facet normal 0 0 -1
    outer loop
      vertex 5.5 -5.32983 18
      vertex 7.7 -5.32983 18
      vertex 5.5 -6.2 18
    endloop
  endfacet
  facet normal 0 0 -1
    outer loop
      vertex 7.7 -5.32983 18
      vertex 5.5 -5.32983 18
      vertex 9.9 -4.05966 18
    endloop
  endfacet
  facet normal 0 0 -1
    outer loop
      vertex 3.3 -4.05966 18
      vertex 9.9 -4.05966 18
      vertex 5.5 -5.32983 18
    endloop
  endfacet
  facet normal 0 0 -1
    outer loop
      vertex 3.3 -4.05966 18
      vertex 12.2 -3.8 18
      vertex 9.9 -4.05966 18
    endloop
  endfacet
  facet normal 0 0 -1
    outer loop
      vertex -1.1 -5.32983 18
      vertex 1.1 -5.32983 18
      vertex -1.1 -6.2 18
    endloop
  endfacet
  facet normal 0 0 -1
    outer loop
      vertex 1.1 -5.32983 18
      vertex -1.1 -5.32983 18
      vertex 3.3 -4.05966 18
    endloop
  endfacet
  facet normal 0 0 -1
    outer loop
      vertex -3.3 -4.05966 18
      vertex 3.3 -4.05966 18
      vertex -1.1 -5.32983 18
    endloop
  endfacet
  facet normal 0 0 -1
    outer loop
      vertex -3.3 -4.05966 18
      vertex 12.2 -3.8 18
      vertex 3.3 -4.05966 18
    endloop
  endfacet
  facet normal 0 0 -1
    outer loop
      vertex -7.7 -5.32983 18
      vertex -5.5 -5.32983 18
      vertex -7.7 -6.2 18
    endloop
  endfacet
  facet normal 0 0 -1
    outer loop
      vertex -5.5 -5.32983 18
      vertex -7.7 -5.32983 18
      vertex -3.3 -4.05966 18
    endloop
  endfacet
  facet normal 0 0 -1
    outer loop
      vertex -9.9 -4.05966 18
      vertex -3.3 -4.05966 18
      vertex -7.7 -5.32983 18
    endloop
  endfacet
  facet normal 0 0 -1
    outer loop
      vertex -12.2 -3.8 18
      vertex -3.3 -4.05966 18
      vertex -9.9 -4.05966 18
    endloop
  endfacet
  facet normal 0 0 -1
    outer loop
      vertex -3.3 -4.05966 18
      vertex -12.2 -3.8 18
      vertex 12.2 -3.8 18
    endloop
  endfacet
  facet normal 0 0 -1
    outer loop
      vertex -12.1 -5.32983 18
      vertex -12.2 -3.8 18
      vertex -9.9 -4.05966 18
    endloop
  endfacet
  facet normal 0 0 -1
    outer loop
      vertex -12.2 -3.8 18
      vertex -12.1 -5.32983 18
      vertex -12.2 -6.2 18
    endloop
  endfacet
  facet normal 0 0 -1
    outer loop
      vertex -12.2 -1.2 18
      vertex -12.1 1.2 18
      vertex -12.1 -1.2 18
    endloop
  endfacet
  facet normal -0 0 -1
    outer loop
      vertex -12.1 1.2 18
      vertex -12.2 -1.2 18
      vertex -12.2 1.2 18
    endloop
  endfacet
  facet normal 0 0 -1
    outer loop
      vertex 12.2 3.8 18
      vertex 12.1 5.32983 18
      vertex 12.2 6.2 18
    endloop
  endfacet
  facet normal 0 0 -1
    outer loop
      vertex 12.2 3.8 18
      vertex 9.9 4.05966 18
      vertex 12.1 5.32983 18
    endloop
  endfacet
  facet normal 0 0 -1
    outer loop
      vertex 7.7 5.32983 18
      vertex 5.5 5.32983 18
      vertex 7.7 6.2 18
    endloop
  endfacet
  facet normal 0 0 -1
    outer loop
      vertex 9.9 4.05966 18
      vertex 5.5 5.32983 18
      vertex 7.7 5.32983 18
    endloop
  endfacet
  facet normal 0 0 -1
    outer loop
      vertex 9.9 4.05966 18
      vertex 3.3 4.05966 18
      vertex 5.5 5.32983 18
    endloop
  endfacet
  facet normal 0 0 -1
    outer loop
      vertex 12.2 3.8 18
      vertex 3.3 4.05966 18
      vertex 9.9 4.05966 18
    endloop
  endfacet
  facet normal 0 0 -1
    outer loop
      vertex 1.1 5.32983 18
      vertex -1.1 5.32983 18
      vertex 1.1 6.2 18
    endloop
  endfacet
  facet normal 0 0 -1
    outer loop
      vertex 3.3 4.05966 18
      vertex -1.1 5.32983 18
      vertex 1.1 5.32983 18
    endloop
  endfacet
  facet normal 0 0 -1
    outer loop
      vertex 3.3 4.05966 18
      vertex -3.3 4.05966 18
      vertex -1.1 5.32983 18
    endloop
  endfacet
  facet normal 0 0 -1
    outer loop
      vertex 12.2 3.8 18
      vertex -3.3 4.05966 18
      vertex 3.3 4.05966 18
    endloop
  endfacet
  facet normal 0 0 -1
    outer loop
      vertex -5.5 5.32983 18
      vertex -7.7 5.32983 18
      vertex -5.5 6.2 18
    endloop
  endfacet
  facet normal 0 0 -1
    outer loop
      vertex -3.3 4.05966 18
      vertex -7.7 5.32983 18
      vertex -5.5 5.32983 18
    endloop
  endfacet
  facet normal 0 0 -1
    outer loop
      vertex -3.3 4.05966 18
      vertex -9.9 4.05966 18
      vertex -7.7 5.32983 18
    endloop
  endfacet
  facet normal 0 0 -1
    outer loop
      vertex -12.2 3.8 18
      vertex -3.3 4.05966 18
      vertex 12.2 3.8 18
    endloop
  endfacet
  facet normal -0 0 -1
    outer loop
      vertex -3.3 4.05966 18
      vertex -12.2 3.8 18
      vertex -9.9 4.05966 18
    endloop
  endfacet
  facet normal 0 0 -1
    outer loop
      vertex -12.2 3.8 18
      vertex -12.1 5.32983 18
      vertex -9.9 4.05966 18
    endloop
  endfacet
  facet normal 0 0 -1
    outer loop
      vertex -12.2 6.2 18
      vertex -12.1 5.32983 18
      vertex -12.2 3.8 18
    endloop
  endfacet
  facet normal 0 0 -1
    outer loop
      vertex -12.1 5.32983 18
      vertex -12.2 6.2 18
      vertex -12.1 6.2 18
    endloop
  endfacet
  facet normal -0 0 -1
    outer loop
      vertex 12.2 6.2 18
      vertex 12.1 5.32983 18
      vertex 12.1 6.2 18
    endloop
  endfacet
  facet normal -0 0 -1
    outer loop
      vertex 7.7 6.2 18
      vertex 5.5 5.32983 18
      vertex 5.5 6.2 18
    endloop
  endfacet
  facet normal -0 0 -1
    outer loop
      vertex 1.1 6.2 18
      vertex -1.1 5.32983 18
      vertex -1.1 6.2 18
    endloop
  endfacet
  facet normal -0 0 -1
    outer loop
      vertex -5.5 6.2 18
      vertex -7.7 5.32983 18
      vertex -7.7 6.2 18
    endloop
  endfacet
  facet normal 0 0 -1
    outer loop
      vertex 12.2 8.8 18
      vertex 10.8359 11.2 18
      vertex 12.2 11.2 18
    endloop
  endfacet
  facet normal 0 0 -1
    outer loop
      vertex 10.4895 8.8 18
      vertex 10.8359 11.2 18
      vertex 12.2 8.8 18
    endloop
  endfacet
  facet normal 0 0 -1
    outer loop
      vertex 9.9 10.6597 18
      vertex 10.4895 8.8 18
      vertex 9.9 9.14034 18
    endloop
  endfacet
  facet normal 0 0 -1
    outer loop
      vertex 10.4895 8.8 18
      vertex 9.9 10.6597 18
      vertex 10.8359 11.2 18
    endloop
  endfacet
  facet normal 0 0 -1
    outer loop
      vertex 9.31051 8.8 18
      vertex 9.9 10.6597 18
      vertex 9.9 9.14034 18
    endloop
  endfacet
  facet normal 0 0 -1
    outer loop
      vertex 9.31051 8.8 18
      vertex 8.9641 11.2 18
      vertex 9.9 10.6597 18
    endloop
  endfacet
  facet normal 0 0 -1
    outer loop
      vertex 9.31051 8.8 18
      vertex 4.2359 11.2 18
      vertex 8.9641 11.2 18
    endloop
  endfacet
  facet normal 0 0 -1
    outer loop
      vertex 3.88949 8.8 18
      vertex 4.2359 11.2 18
      vertex 9.31051 8.8 18
    endloop
  endfacet
  facet normal 0 0 -1
    outer loop
      vertex 3.3 10.6597 18
      vertex 3.88949 8.8 18
      vertex 3.3 9.14034 18
    endloop
  endfacet
  facet normal 0 0 -1
    outer loop
      vertex 3.88949 8.8 18
      vertex 3.3 10.6597 18
      vertex 4.2359 11.2 18
    endloop
  endfacet
  facet normal 0 0 -1
    outer loop
      vertex 2.71051 8.8 18
      vertex 3.3 10.6597 18
      vertex 3.3 9.14034 18
    endloop
  endfacet
  facet normal 0 0 -1
    outer loop
      vertex 2.71051 8.8 18
      vertex 2.3641 11.2 18
      vertex 3.3 10.6597 18
    endloop
  endfacet
  facet normal 0 0 -1
    outer loop
      vertex 2.71051 8.8 18
      vertex -2.3641 11.2 18
      vertex 2.3641 11.2 18
    endloop
  endfacet
  facet normal 0 0 -1
    outer loop
      vertex -2.71051 8.8 18
      vertex -2.3641 11.2 18
      vertex 2.71051 8.8 18
    endloop
  endfacet
  facet normal 0 0 -1
    outer loop
      vertex -3.3 10.6597 18
      vertex -2.71051 8.8 18
      vertex -3.3 9.14034 18
    endloop
  endfacet
  facet normal 0 0 -1
    outer loop
      vertex -2.71051 8.8 18
      vertex -3.3 10.6597 18
      vertex -2.3641 11.2 18
    endloop
  endfacet
  facet normal 0 0 -1
    outer loop
      vertex -3.88949 8.8 18
      vertex -3.3 10.6597 18
      vertex -3.3 9.14034 18
    endloop
  endfacet
  facet normal 0 0 -1
    outer loop
      vertex -3.88949 8.8 18
      vertex -4.2359 11.2 18
      vertex -3.3 10.6597 18
    endloop
  endfacet
  facet normal 0 0 -1
    outer loop
      vertex -3.88949 8.8 18
      vertex -8.9641 11.2 18
      vertex -4.2359 11.2 18
    endloop
  endfacet
  facet normal 0 0 -1
    outer loop
      vertex -9.31051 8.8 18
      vertex -8.9641 11.2 18
      vertex -3.88949 8.8 18
    endloop
  endfacet
  facet normal 0 0 -1
    outer loop
      vertex -9.9 10.6597 18
      vertex -9.31051 8.8 18
      vertex -9.9 9.14034 18
    endloop
  endfacet
  facet normal 0 0 -1
    outer loop
      vertex -9.31051 8.8 18
      vertex -9.9 10.6597 18
      vertex -8.9641 11.2 18
    endloop
  endfacet
  facet normal 0 0 -1
    outer loop
      vertex -10.4895 8.8 18
      vertex -9.9 10.6597 18
      vertex -9.9 9.14034 18
    endloop
  endfacet
  facet normal 0 0 -1
    outer loop
      vertex -10.4895 8.8 18
      vertex -10.8359 11.2 18
      vertex -9.9 10.6597 18
    endloop
  endfacet
  facet normal 0 0 -1
    outer loop
      vertex -12.2 8.8 18
      vertex -10.8359 11.2 18
      vertex -10.4895 8.8 18
    endloop
  endfacet
  facet normal -0 0 -1
    outer loop
      vertex -10.8359 11.2 18
      vertex -12.2 8.8 18
      vertex -12.2 11.2 18
    endloop
  endfacet
  facet normal 0 0 -1
    outer loop
      vertex -12.1 13.8 18
      vertex -12.2 13.8 18
      vertex -12.1 14.4702 18
    endloop
  endfacet
  facet normal 0 0 -1
    outer loop
      vertex -5.5 13.8 18
      vertex -7.7 13.8 18
      vertex -5.5 14.4702 18
    endloop
  endfacet
  facet normal 0 0 -1
    outer loop
      vertex 1.1 13.8 18
      vertex -1.1 13.8 18
      vertex 1.1 14.4702 18
    endloop
  endfacet
  facet normal 0 0 -1
    outer loop
      vertex 7.7 13.8 18
      vertex 5.5 13.8 18
      vertex 7.7 14.4702 18
    endloop
  endfacet
  facet normal 0 0 -1
    outer loop
      vertex 12.1 14.4702 18
      vertex 12.2 13.8 18
      vertex 12.1 13.8 18
    endloop
  endfacet
  facet normal 0 0 -1
    outer loop
      vertex 12.2 13.8 18
      vertex 12.1 14.4702 18
      vertex 12.2 16.2 18
    endloop
  endfacet
  facet normal 0 0 -1
    outer loop
      vertex 9.9 15.7403 18
      vertex 12.2 16.2 18
      vertex 12.1 14.4702 18
    endloop
  endfacet
  facet normal 0 0 -1
    outer loop
      vertex 5.5 14.4702 18
      vertex 7.7 14.4702 18
      vertex 5.5 13.8 18
    endloop
  endfacet
  facet normal 0 0 -1
    outer loop
      vertex 7.7 14.4702 18
      vertex 5.5 14.4702 18
      vertex 9.9 15.7403 18
    endloop
  endfacet
  facet normal 0 0 -1
    outer loop
      vertex 3.3 15.7403 18
      vertex 9.9 15.7403 18
      vertex 5.5 14.4702 18
    endloop
  endfacet
  facet normal 0 0 -1
    outer loop
      vertex 3.3 15.7403 18
      vertex 12.2 16.2 18
      vertex 9.9 15.7403 18
    endloop
  endfacet
  facet normal 0 0 -1
    outer loop
      vertex -1.1 14.4702 18
      vertex 1.1 14.4702 18
      vertex -1.1 13.8 18
    endloop
  endfacet
  facet normal 0 0 -1
    outer loop
      vertex 1.1 14.4702 18
      vertex -1.1 14.4702 18
      vertex 3.3 15.7403 18
    endloop
  endfacet
  facet normal 0 0 -1
    outer loop
      vertex -3.3 15.7403 18
      vertex 3.3 15.7403 18
      vertex -1.1 14.4702 18
    endloop
  endfacet
  facet normal 0 0 -1
    outer loop
      vertex -3.3 15.7403 18
      vertex 12.2 16.2 18
      vertex 3.3 15.7403 18
    endloop
  endfacet
  facet normal 0 0 -1
    outer loop
      vertex -7.7 14.4702 18
      vertex -5.5 14.4702 18
      vertex -7.7 13.8 18
    endloop
  endfacet
  facet normal 0 0 -1
    outer loop
      vertex -5.5 14.4702 18
      vertex -7.7 14.4702 18
      vertex -3.3 15.7403 18
    endloop
  endfacet
  facet normal 0 0 -1
    outer loop
      vertex -9.9 15.7403 18
      vertex -3.3 15.7403 18
      vertex -7.7 14.4702 18
    endloop
  endfacet
  facet normal 0 0 -1
    outer loop
      vertex -12.2 16.2 18
      vertex -3.3 15.7403 18
      vertex -9.9 15.7403 18
    endloop
  endfacet
  facet normal 0 0 -1
    outer loop
      vertex -3.3 15.7403 18
      vertex -12.2 16.2 18
      vertex 12.2 16.2 18
    endloop
  endfacet
  facet normal 0 0 -1
    outer loop
      vertex -12.1 14.4702 18
      vertex -12.2 16.2 18
      vertex -9.9 15.7403 18
    endloop
  endfacet
  facet normal 0 0 -1
    outer loop
      vertex -12.2 16.2 18
      vertex -12.1 14.4702 18
      vertex -12.2 13.8 18
    endloop
  endfacet
  facet normal 0 0 -1
    outer loop
      vertex 12.1 -1.2 18
      vertex 12.2 1.2 18
      vertex 12.2 -1.2 18
    endloop
  endfacet
  facet normal -0 0 -1
    outer loop
      vertex 12.2 1.2 18
      vertex 12.1 -1.2 18
      vertex 12.1 1.2 18
    endloop
  endfacet
  facet normal 0 0 -1
    outer loop
      vertex -7.7 -1.2 18
      vertex -5.5 1.2 18
      vertex -5.5 -1.2 18
    endloop
  endfacet
  facet normal -0 0 -1
    outer loop
      vertex -5.5 1.2 18
      vertex -7.7 -1.2 18
      vertex -7.7 1.2 18
    endloop
  endfacet
  facet normal 0 0 -1
    outer loop
      vertex -1.1 -1.2 18
      vertex 1.1 1.2 18
      vertex 1.1 -1.2 18
    endloop
  endfacet
  facet normal -0 0 -1
    outer loop
      vertex 1.1 1.2 18
      vertex -1.1 -1.2 18
      vertex -1.1 1.2 18
    endloop
  endfacet
  facet normal 0 0 -1
    outer loop
      vertex 5.5 -1.2 18
      vertex 7.7 1.2 18
      vertex 7.7 -1.2 18
    endloop
  endfacet
  facet normal -0 0 -1
    outer loop
      vertex 7.7 1.2 18
      vertex 5.5 -1.2 18
      vertex 5.5 1.2 18
    endloop
  endfacet
  facet normal -1 0 0
    outer loop
      vertex -18 -15 22.95
      vertex -18 15 23.6
      vertex -18 15 22.95
    endloop
  endfacet
  facet normal -1 -0 0
    outer loop
      vertex -18 15 23.6
      vertex -18 -15 22.95
      vertex -18 -15 23.6
    endloop
  endfacet
  facet normal 0.555523 0.831501 -0
    outer loop
      vertex 16.8263 17.3801 22.95
      vertex 16.5 17.5981 23.6
      vertex 16.8263 17.3801 23.6
    endloop
  endfacet
  facet normal 0.555523 0.831501 0
    outer loop
      vertex 16.5 17.5981 23.6
      vertex 16.8263 17.3801 22.95
      vertex 16.5 17.5981 22.95
    endloop
  endfacet
  facet normal -0.997853 -0.0654873 0
    outer loop
      vertex -17.9743 -15.3916 22.95
      vertex -18 -15 23.6
      vertex -18 -15 22.95
    endloop
  endfacet
  facet normal -0.997853 -0.0654873 0
    outer loop
      vertex -18 -15 23.6
      vertex -17.9743 -15.3916 22.95
      vertex -17.9743 -15.3916 23.6
    endloop
  endfacet
  facet normal -0.659478 0.751724 0
    outer loop
      vertex -16.8263 17.3801 22.95
      vertex -17.1213 17.1213 23.6
      vertex -16.8263 17.3801 23.6
    endloop
  endfacet
  facet normal -0.659478 0.751724 0
    outer loop
      vertex -17.1213 17.1213 23.6
      vertex -16.8263 17.3801 22.95
      vertex -17.1213 17.1213 22.95
    endloop
  endfacet
  facet normal -0.997853 0.0654873 0
    outer loop
      vertex -18 15 22.95
      vertex -17.9743 15.3916 23.6
      vertex -17.9743 15.3916 22.95
    endloop
  endfacet
  facet normal -0.997853 0.0654873 0
    outer loop
      vertex -17.9743 15.3916 23.6
      vertex -18 15 22.95
      vertex -18 15 23.6
    endloop
  endfacet
  facet normal 1 -0 0
    outer loop
      vertex 18 -15 23.6
      vertex 18 15 22.95
      vertex 18 15 23.6
    endloop
  endfacet
  facet normal 1 0 0
    outer loop
      vertex 18 15 22.95
      vertex 18 -15 23.6
      vertex 18 -15 22.95
    endloop
  endfacet
  facet normal -0 0 1
    outer loop
      vertex -9.9 -9.14034 23.6
      vertex -7.7 -11.9298 23.6
      vertex -7.7 -7.87017 23.6
    endloop
  endfacet
  facet normal 0 0 1
    outer loop
      vertex -9.9 -9.14034 23.6
      vertex -9.9 -10.6597 23.6
      vertex -7.7 -11.9298 23.6
    endloop
  endfacet
  facet normal 0 0 1
    outer loop
      vertex -12.1 -7.87017 23.6
      vertex -9.9 -10.6597 23.6
      vertex -9.9 -9.14034 23.6
    endloop
  endfacet
  facet normal 0 0 1
    outer loop
      vertex -9.9 -10.6597 23.6
      vertex -12.1 -7.87017 23.6
      vertex -12.1 -11.9298 23.6
    endloop
  endfacet
  facet normal -0 0 1
    outer loop
      vertex -9.9 -2.54034 23.6
      vertex -7.7 -5.32983 23.6
      vertex -7.7 -1.27017 23.6
    endloop
  endfacet
  facet normal 0 0 1
    outer loop
      vertex -9.9 -2.54034 23.6
      vertex -9.9 -4.05966 23.6
      vertex -7.7 -5.32983 23.6
    endloop
  endfacet
  facet normal 0 0 1
    outer loop
      vertex -12.1 -1.27017 23.6
      vertex -9.9 -4.05966 23.6
      vertex -9.9 -2.54034 23.6
    endloop
  endfacet
  facet normal 0 0 1
    outer loop
      vertex -9.9 -4.05966 23.6
      vertex -12.1 -1.27017 23.6
      vertex -12.1 -5.32983 23.6
    endloop
  endfacet
  facet normal -0 0 1
    outer loop
      vertex -9.9 4.05966 23.6
      vertex -7.7 1.27017 23.6
      vertex -7.7 5.32983 23.6
    endloop
  endfacet
  facet normal 0 0 1
    outer loop
      vertex -9.9 4.05966 23.6
      vertex -9.9 2.54034 23.6
      vertex -7.7 1.27017 23.6
    endloop
  endfacet
  facet normal 0 0 1
    outer loop
      vertex -12.1 5.32983 23.6
      vertex -9.9 2.54034 23.6
      vertex -9.9 4.05966 23.6
    endloop
  endfacet
  facet normal 0 0 1
    outer loop
      vertex -9.9 2.54034 23.6
      vertex -12.1 5.32983 23.6
      vertex -12.1 1.27017 23.6
    endloop
  endfacet
  facet normal -0 0 1
    outer loop
      vertex -9.9 10.6597 23.6
      vertex -7.7 7.87017 23.6
      vertex -7.7 11.9298 23.6
    endloop
  endfacet
  facet normal 0 0 1
    outer loop
      vertex -9.9 10.6597 23.6
      vertex -9.9 9.14034 23.6
      vertex -7.7 7.87017 23.6
    endloop
  endfacet
  facet normal 0 0 1
    outer loop
      vertex -12.1 11.9298 23.6
      vertex -9.9 9.14034 23.6
      vertex -9.9 10.6597 23.6
    endloop
  endfacet
  facet normal 0 0 1
    outer loop
      vertex -9.9 9.14034 23.6
      vertex -12.1 11.9298 23.6
      vertex -12.1 7.87017 23.6
    endloop
  endfacet
  facet normal -0 0 1
    outer loop
      vertex -3.3 -9.14034 23.6
      vertex -1.1 -11.9298 23.6
      vertex -1.1 -7.87017 23.6
    endloop
  endfacet
  facet normal 0 0 1
    outer loop
      vertex -3.3 -9.14034 23.6
      vertex -3.3 -10.6597 23.6
      vertex -1.1 -11.9298 23.6
    endloop
  endfacet
  facet normal 0 0 1
    outer loop
      vertex -5.5 -7.87017 23.6
      vertex -3.3 -10.6597 23.6
      vertex -3.3 -9.14034 23.6
    endloop
  endfacet
  facet normal 0 0 1
    outer loop
      vertex -3.3 -10.6597 23.6
      vertex -5.5 -7.87017 23.6
      vertex -5.5 -11.9298 23.6
    endloop
  endfacet
  facet normal -0 0 1
    outer loop
      vertex -3.3 -2.54034 23.6
      vertex -1.1 -5.32983 23.6
      vertex -1.1 -1.27017 23.6
    endloop
  endfacet
  facet normal 0 0 1
    outer loop
      vertex -3.3 -2.54034 23.6
      vertex -3.3 -4.05966 23.6
      vertex -1.1 -5.32983 23.6
    endloop
  endfacet
  facet normal 0 0 1
    outer loop
      vertex -5.5 -1.27017 23.6
      vertex -3.3 -4.05966 23.6
      vertex -3.3 -2.54034 23.6
    endloop
  endfacet
  facet normal 0 0 1
    outer loop
      vertex -3.3 -4.05966 23.6
      vertex -5.5 -1.27017 23.6
      vertex -5.5 -5.32983 23.6
    endloop
  endfacet
  facet normal -0 0 1
    outer loop
      vertex -3.3 4.05966 23.6
      vertex -1.1 1.27017 23.6
      vertex -1.1 5.32983 23.6
    endloop
  endfacet
  facet normal 0 0 1
    outer loop
      vertex -3.3 4.05966 23.6
      vertex -3.3 2.54034 23.6
      vertex -1.1 1.27017 23.6
    endloop
  endfacet
  facet normal 0 0 1
    outer loop
      vertex -5.5 5.32983 23.6
      vertex -3.3 2.54034 23.6
      vertex -3.3 4.05966 23.6
    endloop
  endfacet
  facet normal 0 0 1
    outer loop
      vertex -3.3 2.54034 23.6
      vertex -5.5 5.32983 23.6
      vertex -5.5 1.27017 23.6
    endloop
  endfacet
  facet normal -0 0 1
    outer loop
      vertex -3.3 10.6597 23.6
      vertex -1.1 7.87017 23.6
      vertex -1.1 11.9298 23.6
    endloop
  endfacet
  facet normal 0 0 1
    outer loop
      vertex -3.3 10.6597 23.6
      vertex -3.3 9.14034 23.6
      vertex -1.1 7.87017 23.6
    endloop
  endfacet
  facet normal 0 0 1
    outer loop
      vertex -5.5 11.9298 23.6
      vertex -3.3 9.14034 23.6
      vertex -3.3 10.6597 23.6
    endloop
  endfacet
  facet normal 0 0 1
    outer loop
      vertex -3.3 9.14034 23.6
      vertex -5.5 11.9298 23.6
      vertex -5.5 7.87017 23.6
    endloop
  endfacet
  facet normal -0 0 1
    outer loop
      vertex 3.3 -9.14034 23.6
      vertex 5.5 -11.9298 23.6
      vertex 5.5 -7.87017 23.6
    endloop
  endfacet
  facet normal 0 0 1
    outer loop
      vertex 3.3 -9.14034 23.6
      vertex 3.3 -10.6597 23.6
      vertex 5.5 -11.9298 23.6
    endloop
  endfacet
  facet normal 0 0 1
    outer loop
      vertex 1.1 -7.87017 23.6
      vertex 3.3 -10.6597 23.6
      vertex 3.3 -9.14034 23.6
    endloop
  endfacet
  facet normal 0 0 1
    outer loop
      vertex 3.3 -10.6597 23.6
      vertex 1.1 -7.87017 23.6
      vertex 1.1 -11.9298 23.6
    endloop
  endfacet
  facet normal -0 0 1
    outer loop
      vertex 3.3 -2.54034 23.6
      vertex 5.5 -5.32983 23.6
      vertex 5.5 -1.27017 23.6
    endloop
  endfacet
  facet normal 0 0 1
    outer loop
      vertex 3.3 -2.54034 23.6
      vertex 3.3 -4.05966 23.6
      vertex 5.5 -5.32983 23.6
    endloop
  endfacet
  facet normal 0 0 1
    outer loop
      vertex 1.1 -1.27017 23.6
      vertex 3.3 -4.05966 23.6
      vertex 3.3 -2.54034 23.6
    endloop
  endfacet
  facet normal 0 0 1
    outer loop
      vertex 3.3 -4.05966 23.6
      vertex 1.1 -1.27017 23.6
      vertex 1.1 -5.32983 23.6
    endloop
  endfacet
  facet normal -0 0 1
    outer loop
      vertex 3.3 4.05966 23.6
      vertex 5.5 1.27017 23.6
      vertex 5.5 5.32983 23.6
    endloop
  endfacet
  facet normal 0 0 1
    outer loop
      vertex 3.3 4.05966 23.6
      vertex 3.3 2.54034 23.6
      vertex 5.5 1.27017 23.6
    endloop
  endfacet
  facet normal 0 0 1
    outer loop
      vertex 1.1 5.32983 23.6
      vertex 3.3 2.54034 23.6
      vertex 3.3 4.05966 23.6
    endloop
  endfacet
  facet normal 0 0 1
    outer loop
      vertex 3.3 2.54034 23.6
      vertex 1.1 5.32983 23.6
      vertex 1.1 1.27017 23.6
    endloop
  endfacet
  facet normal -0 0 1
    outer loop
      vertex 3.3 10.6597 23.6
      vertex 5.5 7.87017 23.6
      vertex 5.5 11.9298 23.6
    endloop
  endfacet
  facet normal 0 0 1
    outer loop
      vertex 3.3 10.6597 23.6
      vertex 3.3 9.14034 23.6
      vertex 5.5 7.87017 23.6
    endloop
  endfacet
  facet normal 0 0 1
    outer loop
      vertex 1.1 11.9298 23.6
      vertex 3.3 9.14034 23.6
      vertex 3.3 10.6597 23.6
    endloop
  endfacet
  facet normal 0 0 1
    outer loop
      vertex 3.3 9.14034 23.6
      vertex 1.1 11.9298 23.6
      vertex 1.1 7.87017 23.6
    endloop
  endfacet
  facet normal -0 0 1
    outer loop
      vertex 9.9 -9.14034 23.6
      vertex 12.1 -11.9298 23.6
      vertex 12.1 -7.87017 23.6
    endloop
  endfacet
  facet normal 0 0 1
    outer loop
      vertex 9.9 -9.14034 23.6
      vertex 9.9 -10.6597 23.6
      vertex 12.1 -11.9298 23.6
    endloop
  endfacet
  facet normal 0 0 1
    outer loop
      vertex 7.7 -7.87017 23.6
      vertex 9.9 -10.6597 23.6
      vertex 9.9 -9.14034 23.6
    endloop
  endfacet
  facet normal 0 0 1
    outer loop
      vertex 9.9 -10.6597 23.6
      vertex 7.7 -7.87017 23.6
      vertex 7.7 -11.9298 23.6
    endloop
  endfacet
  facet normal -0 0 1
    outer loop
      vertex 9.9 -2.54034 23.6
      vertex 12.1 -5.32983 23.6
      vertex 12.1 -1.27017 23.6
    endloop
  endfacet
  facet normal 0 0 1
    outer loop
      vertex 9.9 -2.54034 23.6
      vertex 9.9 -4.05966 23.6
      vertex 12.1 -5.32983 23.6
    endloop
  endfacet
  facet normal 0 0 1
    outer loop
      vertex 7.7 -1.27017 23.6
      vertex 9.9 -4.05966 23.6
      vertex 9.9 -2.54034 23.6
    endloop
  endfacet
  facet normal 0 0 1
    outer loop
      vertex 9.9 -4.05966 23.6
      vertex 7.7 -1.27017 23.6
      vertex 7.7 -5.32983 23.6
    endloop
  endfacet
  facet normal -0 0 1
    outer loop
      vertex 9.9 4.05966 23.6
      vertex 12.1 1.27017 23.6
      vertex 12.1 5.32983 23.6
    endloop
  endfacet
  facet normal 0 0 1
    outer loop
      vertex 9.9 4.05966 23.6
      vertex 9.9 2.54034 23.6
      vertex 12.1 1.27017 23.6
    endloop
  endfacet
  facet normal 0 0 1
    outer loop
      vertex 7.7 5.32983 23.6
      vertex 9.9 2.54034 23.6
      vertex 9.9 4.05966 23.6
    endloop
  endfacet
  facet normal 0 0 1
    outer loop
      vertex 9.9 2.54034 23.6
      vertex 7.7 5.32983 23.6
      vertex 7.7 1.27017 23.6
    endloop
  endfacet
  facet normal -0 0 1
    outer loop
      vertex 9.9 10.6597 23.6
      vertex 12.1 7.87017 23.6
      vertex 12.1 11.9298 23.6
    endloop
  endfacet
  facet normal 0 0 1
    outer loop
      vertex 9.9 10.6597 23.6
      vertex 9.9 9.14034 23.6
      vertex 12.1 7.87017 23.6
    endloop
  endfacet
  facet normal 0 0 1
    outer loop
      vertex 7.7 11.9298 23.6
      vertex 9.9 9.14034 23.6
      vertex 9.9 10.6597 23.6
    endloop
  endfacet
  facet normal 0 0 1
    outer loop
      vertex 9.9 9.14034 23.6
      vertex 7.7 11.9298 23.6
      vertex 7.7 7.87017 23.6
    endloop
  endfacet
  facet normal 0 0 1
    outer loop
      vertex 12.1 14.4702 23.6
      vertex 18 15 23.6
      vertex 17.9743 15.3916 23.6
    endloop
  endfacet
  facet normal 0 0 1
    outer loop
      vertex 18 15 23.6
      vertex 12.1 1.27017 23.6
      vertex 18 -15 23.6
    endloop
  endfacet
  facet normal 0 0 1
    outer loop
      vertex 12.1 14.4702 23.6
      vertex 17.9743 15.3916 23.6
      vertex 17.8978 15.7764 23.6
    endloop
  endfacet
  facet normal -0 0 1
    outer loop
      vertex 12.1 -1.27017 23.6
      vertex 18 -15 23.6
      vertex 12.1 1.27017 23.6
    endloop
  endfacet
  facet normal 0 0 1
    outer loop
      vertex 12.1 14.4702 23.6
      vertex 17.8978 15.7764 23.6
      vertex 17.7716 16.148 23.6
    endloop
  endfacet
  facet normal -0 0 1
    outer loop
      vertex 12.1 -5.32983 23.6
      vertex 18 -15 23.6
      vertex 12.1 -1.27017 23.6
    endloop
  endfacet
  facet normal 0 0 1
    outer loop
      vertex 12.1 14.4702 23.6
      vertex 17.7716 16.148 23.6
      vertex 17.5981 16.5 23.6
    endloop
  endfacet
  facet normal -0 0 1
    outer loop
      vertex 12.1 -7.87017 23.6
      vertex 18 -15 23.6
      vertex 12.1 -5.32983 23.6
    endloop
  endfacet
  facet normal 0 0 1
    outer loop
      vertex 12.1 14.4702 23.6
      vertex 17.5981 16.5 23.6
      vertex 17.3801 16.8263 23.6
    endloop
  endfacet
  facet normal -0 0 1
    outer loop
      vertex 12.1 -11.9298 23.6
      vertex 18 -15 23.6
      vertex 12.1 -7.87017 23.6
    endloop
  endfacet
  facet normal 0 0 1
    outer loop
      vertex 12.1 14.4702 23.6
      vertex 17.3801 16.8263 23.6
      vertex 17.1213 17.1213 23.6
    endloop
  endfacet
  facet normal -0 0 1
    outer loop
      vertex 12.1 -14.4702 23.6
      vertex 18 -15 23.6
      vertex 12.1 -11.9298 23.6
    endloop
  endfacet
  facet normal 0 0 1
    outer loop
      vertex 12.1 14.4702 23.6
      vertex 17.1213 17.1213 23.6
      vertex 16.8263 17.3801 23.6
    endloop
  endfacet
  facet normal 0 0 1
    outer loop
      vertex 18 -15 23.6
      vertex 12.1 -14.4702 23.6
      vertex 17.9743 -15.3916 23.6
    endloop
  endfacet
  facet normal 0 0 1
    outer loop
      vertex 12.1 14.4702 23.6
      vertex 16.8263 17.3801 23.6
      vertex 16.5 17.5981 23.6
    endloop
  endfacet
  facet normal 0 0 1
    outer loop
      vertex 17.9743 -15.3916 23.6
      vertex 12.1 -14.4702 23.6
      vertex 17.8978 -15.7764 23.6
    endloop
  endfacet
  facet normal 0 0 1
    outer loop
      vertex 12.1 14.4702 23.6
      vertex 16.5 17.5981 23.6
      vertex 16.148 17.7716 23.6
    endloop
  endfacet
  facet normal 0 0 1
    outer loop
      vertex 17.8978 -15.7764 23.6
      vertex 12.1 -14.4702 23.6
      vertex 17.7716 -16.148 23.6
    endloop
  endfacet
  facet normal 0 0 1
    outer loop
      vertex 12.1 14.4702 23.6
      vertex 16.148 17.7716 23.6
      vertex 15.7764 17.8978 23.6
    endloop
  endfacet
  facet normal 0 0 1
    outer loop
      vertex 17.7716 -16.148 23.6
      vertex 12.1 -14.4702 23.6
      vertex 17.5981 -16.5 23.6
    endloop
  endfacet
  facet normal 0 0 1
    outer loop
      vertex 12.1 14.4702 23.6
      vertex 15.7764 17.8978 23.6
      vertex 15.3916 17.9743 23.6
    endloop
  endfacet
  facet normal 0 0 1
    outer loop
      vertex 17.5981 -16.5 23.6
      vertex 12.1 -14.4702 23.6
      vertex 17.3801 -16.8263 23.6
    endloop
  endfacet
  facet normal 0 0 1
    outer loop
      vertex 12.1 14.4702 23.6
      vertex 15.3916 17.9743 23.6
      vertex 15 18 23.6
    endloop
  endfacet
  facet normal 0 0 1
    outer loop
      vertex 17.3801 -16.8263 23.6
      vertex 12.1 -14.4702 23.6
      vertex 17.1213 -17.1213 23.6
    endloop
  endfacet
  facet normal 0 0 1
    outer loop
      vertex 18 15 23.6
      vertex 12.1 14.4702 23.6
      vertex 12.1 11.9298 23.6
    endloop
  endfacet
  facet normal 0 0 1
    outer loop
      vertex 15 18 23.6
      vertex 9.9 15.7403 23.6
      vertex 12.1 14.4702 23.6
    endloop
  endfacet
  facet normal 0 0 1
    outer loop
      vertex 5.5 11.9298 23.6
      vertex 7.7 11.9298 23.6
      vertex 7.7 14.4702 23.6
    endloop
  endfacet
  facet normal 0 0 1
    outer loop
      vertex 7.7 11.9298 23.6
      vertex 5.5 11.9298 23.6
      vertex 7.7 7.87017 23.6
    endloop
  endfacet
  facet normal 0 0 1
    outer loop
      vertex 7.7 7.87017 23.6
      vertex 5.5 7.87017 23.6
      vertex 7.7 5.32983 23.6
    endloop
  endfacet
  facet normal 0 0 1
    outer loop
      vertex 5.5 5.32983 23.6
      vertex 7.7 5.32983 23.6
      vertex 5.5 7.87017 23.6
    endloop
  endfacet
  facet normal 0 0 1
    outer loop
      vertex 5.5 1.27017 23.6
      vertex 7.7 1.27017 23.6
      vertex 5.5 5.32983 23.6
    endloop
  endfacet
  facet normal 0 0 1
    outer loop
      vertex 7.7 1.27017 23.6
      vertex 5.5 1.27017 23.6
      vertex 7.7 -1.27017 23.6
    endloop
  endfacet
  facet normal 0 0 1
    outer loop
      vertex 7.7 -1.27017 23.6
      vertex 5.5 -1.27017 23.6
      vertex 7.7 -5.32983 23.6
    endloop
  endfacet
  facet normal 0 0 1
    outer loop
      vertex 5.5 -5.32983 23.6
      vertex 7.7 -5.32983 23.6
      vertex 5.5 -1.27017 23.6
    endloop
  endfacet
  facet normal 0 0 1
    outer loop
      vertex 5.5 11.9298 23.6
      vertex 7.7 14.4702 23.6
      vertex 5.5 14.4702 23.6
    endloop
  endfacet
  facet normal 0 0 1
    outer loop
      vertex 9.9 15.7403 23.6
      vertex 5.5 14.4702 23.6
      vertex 7.7 14.4702 23.6
    endloop
  endfacet
  facet normal 0 0 1
    outer loop
      vertex 3.3 15.7403 23.6
      vertex 9.9 15.7403 23.6
      vertex 15 18 23.6
    endloop
  endfacet
  facet normal 0 0 1
    outer loop
      vertex 9.9 15.7403 23.6
      vertex 3.3 15.7403 23.6
      vertex 5.5 14.4702 23.6
    endloop
  endfacet
  facet normal 0 0 1
    outer loop
      vertex -1.1 11.9298 23.6
      vertex 1.1 11.9298 23.6
      vertex 1.1 14.4702 23.6
    endloop
  endfacet
  facet normal 0 0 1
    outer loop
      vertex 1.1 11.9298 23.6
      vertex -1.1 11.9298 23.6
      vertex 1.1 7.87017 23.6
    endloop
  endfacet
  facet normal 0 0 1
    outer loop
      vertex 1.1 7.87017 23.6
      vertex -1.1 7.87017 23.6
      vertex 1.1 5.32983 23.6
    endloop
  endfacet
  facet normal 0 0 1
    outer loop
      vertex -1.1 5.32983 23.6
      vertex 1.1 5.32983 23.6
      vertex -1.1 7.87017 23.6
    endloop
  endfacet
  facet normal 0 0 1
    outer loop
      vertex -1.1 1.27017 23.6
      vertex 1.1 1.27017 23.6
      vertex -1.1 5.32983 23.6
    endloop
  endfacet
  facet normal 0 0 1
    outer loop
      vertex 1.1 1.27017 23.6
      vertex -1.1 1.27017 23.6
      vertex 1.1 -1.27017 23.6
    endloop
  endfacet
  facet normal 0 0 1
    outer loop
      vertex 1.1 -1.27017 23.6
      vertex -1.1 -1.27017 23.6
      vertex 1.1 -5.32983 23.6
    endloop
  endfacet
  facet normal 0 0 1
    outer loop
      vertex -1.1 -5.32983 23.6
      vertex 1.1 -5.32983 23.6
      vertex -1.1 -1.27017 23.6
    endloop
  endfacet
  facet normal 0 0 1
    outer loop
      vertex -1.1 11.9298 23.6
      vertex 1.1 14.4702 23.6
      vertex -1.1 14.4702 23.6
    endloop
  endfacet
  facet normal 0 0 1
    outer loop
      vertex 3.3 15.7403 23.6
      vertex -1.1 14.4702 23.6
      vertex 1.1 14.4702 23.6
    endloop
  endfacet
  facet normal 0 0 1
    outer loop
      vertex 3.3 15.7403 23.6
      vertex -3.3 15.7403 23.6
      vertex -1.1 14.4702 23.6
    endloop
  endfacet
  facet normal 0 0 1
    outer loop
      vertex 15 18 23.6
      vertex -3.3 15.7403 23.6
      vertex 3.3 15.7403 23.6
    endloop
  endfacet
  facet normal 0 0 1
    outer loop
      vertex -7.7 11.9298 23.6
      vertex -5.5 11.9298 23.6
      vertex -5.5 14.4702 23.6
    endloop
  endfacet
  facet normal 0 0 1
    outer loop
      vertex -5.5 11.9298 23.6
      vertex -7.7 11.9298 23.6
      vertex -5.5 7.87017 23.6
    endloop
  endfacet
  facet normal 0 0 1
    outer loop
      vertex -5.5 7.87017 23.6
      vertex -7.7 7.87017 23.6
      vertex -5.5 5.32983 23.6
    endloop
  endfacet
  facet normal 0 0 1
    outer loop
      vertex -7.7 5.32983 23.6
      vertex -5.5 5.32983 23.6
      vertex -7.7 7.87017 23.6
    endloop
  endfacet
  facet normal 0 0 1
    outer loop
      vertex -7.7 1.27017 23.6
      vertex -5.5 1.27017 23.6
      vertex -7.7 5.32983 23.6
    endloop
  endfacet
  facet normal 0 0 1
    outer loop
      vertex -5.5 1.27017 23.6
      vertex -7.7 1.27017 23.6
      vertex -5.5 -1.27017 23.6
    endloop
  endfacet
  facet normal 0 0 1
    outer loop
      vertex -5.5 -1.27017 23.6
      vertex -7.7 -1.27017 23.6
      vertex -5.5 -5.32983 23.6
    endloop
  endfacet
  facet normal 0 0 1
    outer loop
      vertex -7.7 -5.32983 23.6
      vertex -5.5 -5.32983 23.6
      vertex -7.7 -1.27017 23.6
    endloop
  endfacet
  facet normal 0 0 1
    outer loop
      vertex -7.7 11.9298 23.6
      vertex -5.5 14.4702 23.6
      vertex -7.7 14.4702 23.6
    endloop
  endfacet
  facet normal 0 0 1
    outer loop
      vertex -3.3 15.7403 23.6
      vertex -7.7 14.4702 23.6
      vertex -5.5 14.4702 23.6
    endloop
  endfacet
  facet normal 0 0 1
    outer loop
      vertex -3.3 15.7403 23.6
      vertex -9.9 15.7403 23.6
      vertex -7.7 14.4702 23.6
    endloop
  endfacet
  facet normal -0 0 1
    outer loop
      vertex -15 18 23.6
      vertex -3.3 15.7403 23.6
      vertex 15 18 23.6
    endloop
  endfacet
  facet normal 0 0 1
    outer loop
      vertex -18 15 23.6
      vertex -12.1 11.9298 23.6
      vertex -12.1 14.4702 23.6
    endloop
  endfacet
  facet normal 0 0 1
    outer loop
      vertex -12.1 11.9298 23.6
      vertex -18 15 23.6
      vertex -12.1 7.87017 23.6
    endloop
  endfacet
  facet normal 0 0 1
    outer loop
      vertex -12.1 7.87017 23.6
      vertex -18 15 23.6
      vertex -12.1 5.32983 23.6
    endloop
  endfacet
  facet normal 0 0 1
    outer loop
      vertex -12.1 5.32983 23.6
      vertex -18 15 23.6
      vertex -12.1 1.27017 23.6
    endloop
  endfacet
  facet normal 0 0 1
    outer loop
      vertex -12.1 1.27017 23.6
      vertex -18 15 23.6
      vertex -12.1 -1.27017 23.6
    endloop
  endfacet
  facet normal 0 0 1
    outer loop
      vertex -18 -15 23.6
      vertex -12.1 -1.27017 23.6
      vertex -18 15 23.6
    endloop
  endfacet
  facet normal 0 0 1
    outer loop
      vertex -12.1 -1.27017 23.6
      vertex -18 -15 23.6
      vertex -12.1 -5.32983 23.6
    endloop
  endfacet
  facet normal 0 0 1
    outer loop
      vertex -12.1 -5.32983 23.6
      vertex -18 -15 23.6
      vertex -12.1 -7.87017 23.6
    endloop
  endfacet
  facet normal -0 0 1
    outer loop
      vertex -18 15 23.6
      vertex -12.1 14.4702 23.6
      vertex -15 18 23.6
    endloop
  endfacet
  facet normal 0 0 1
    outer loop
      vertex -9.9 15.7403 23.6
      vertex -15 18 23.6
      vertex -12.1 14.4702 23.6
    endloop
  endfacet
  facet normal 0 0 1
    outer loop
      vertex -3.3 15.7403 23.6
      vertex -15 18 23.6
      vertex -9.9 15.7403 23.6
    endloop
  endfacet
  facet normal 0 0 1
    outer loop
      vertex 18 15 23.6
      vertex 12.1 11.9298 23.6
      vertex 12.1 7.87017 23.6
    endloop
  endfacet
  facet normal 0 0 1
    outer loop
      vertex 18 15 23.6
      vertex 12.1 7.87017 23.6
      vertex 12.1 5.32983 23.6
    endloop
  endfacet
  facet normal 0 0 1
    outer loop
      vertex 18 15 23.6
      vertex 12.1 5.32983 23.6
      vertex 12.1 1.27017 23.6
    endloop
  endfacet
  facet normal 0 0 1
    outer loop
      vertex 17.1213 -17.1213 23.6
      vertex 12.1 -14.4702 23.6
      vertex 16.8263 -17.3801 23.6
    endloop
  endfacet
  facet normal 0 0 1
    outer loop
      vertex 16.8263 -17.3801 23.6
      vertex 12.1 -14.4702 23.6
      vertex 16.5 -17.5981 23.6
    endloop
  endfacet
  facet normal 0 0 1
    outer loop
      vertex 16.5 -17.5981 23.6
      vertex 12.1 -14.4702 23.6
      vertex 16.148 -17.7716 23.6
    endloop
  endfacet
  facet normal 0 0 1
    outer loop
      vertex 16.148 -17.7716 23.6
      vertex 12.1 -14.4702 23.6
      vertex 15.7764 -17.8978 23.6
    endloop
  endfacet
  facet normal 0 0 1
    outer loop
      vertex 15.7764 -17.8978 23.6
      vertex 12.1 -14.4702 23.6
      vertex 15.3916 -17.9743 23.6
    endloop
  endfacet
  facet normal 0 0 1
    outer loop
      vertex 15.3916 -17.9743 23.6
      vertex 12.1 -14.4702 23.6
      vertex 15 -18 23.6
    endloop
  endfacet
  facet normal -0 0 1
    outer loop
      vertex 9.9 -15.7403 23.6
      vertex 15 -18 23.6
      vertex 12.1 -14.4702 23.6
    endloop
  endfacet
  facet normal 0 0 1
    outer loop
      vertex 7.7 7.87017 23.6
      vertex 5.5 11.9298 23.6
      vertex 5.5 7.87017 23.6
    endloop
  endfacet
  facet normal 0 0 1
    outer loop
      vertex 7.7 5.32983 23.6
      vertex 5.5 5.32983 23.6
      vertex 7.7 1.27017 23.6
    endloop
  endfacet
  facet normal 0 0 1
    outer loop
      vertex 5.5 -1.27017 23.6
      vertex 7.7 -1.27017 23.6
      vertex 5.5 1.27017 23.6
    endloop
  endfacet
  facet normal 0 0 1
    outer loop
      vertex 7.7 -5.32983 23.6
      vertex 5.5 -5.32983 23.6
      vertex 7.7 -7.87017 23.6
    endloop
  endfacet
  facet normal 0 0 1
    outer loop
      vertex 5.5 -7.87017 23.6
      vertex 7.7 -7.87017 23.6
      vertex 5.5 -5.32983 23.6
    endloop
  endfacet
  facet normal 0 0 1
    outer loop
      vertex 7.7 -7.87017 23.6
      vertex 5.5 -7.87017 23.6
      vertex 7.7 -11.9298 23.6
    endloop
  endfacet
  facet normal 0 0 1
    outer loop
      vertex 5.5 -11.9298 23.6
      vertex 7.7 -11.9298 23.6
      vertex 5.5 -7.87017 23.6
    endloop
  endfacet
  facet normal 0 0 1
    outer loop
      vertex 7.7 -11.9298 23.6
      vertex 5.5 -11.9298 23.6
      vertex 7.7 -14.4702 23.6
    endloop
  endfacet
  facet normal 0 0 1
    outer loop
      vertex 5.5 -14.4702 23.6
      vertex 7.7 -14.4702 23.6
      vertex 5.5 -11.9298 23.6
    endloop
  endfacet
  facet normal -0 0 1
    outer loop
      vertex 5.5 -14.4702 23.6
      vertex 9.9 -15.7403 23.6
      vertex 7.7 -14.4702 23.6
    endloop
  endfacet
  facet normal 0 0 1
    outer loop
      vertex 3.3 -15.7403 23.6
      vertex 9.9 -15.7403 23.6
      vertex 5.5 -14.4702 23.6
    endloop
  endfacet
  facet normal 0 0 1
    outer loop
      vertex 9.9 -15.7403 23.6
      vertex 3.3 -15.7403 23.6
      vertex 15 -18 23.6
    endloop
  endfacet
  facet normal 0 0 1
    outer loop
      vertex 1.1 7.87017 23.6
      vertex -1.1 11.9298 23.6
      vertex -1.1 7.87017 23.6
    endloop
  endfacet
  facet normal 0 0 1
    outer loop
      vertex 1.1 5.32983 23.6
      vertex -1.1 5.32983 23.6
      vertex 1.1 1.27017 23.6
    endloop
  endfacet
  facet normal 0 0 1
    outer loop
      vertex -1.1 -1.27017 23.6
      vertex 1.1 -1.27017 23.6
      vertex -1.1 1.27017 23.6
    endloop
  endfacet
  facet normal 0 0 1
    outer loop
      vertex 1.1 -5.32983 23.6
      vertex -1.1 -5.32983 23.6
      vertex 1.1 -7.87017 23.6
    endloop
  endfacet
  facet normal 0 0 1
    outer loop
      vertex -1.1 -7.87017 23.6
      vertex 1.1 -7.87017 23.6
      vertex -1.1 -5.32983 23.6
    endloop
  endfacet
  facet normal 0 0 1
    outer loop
      vertex 1.1 -7.87017 23.6
      vertex -1.1 -7.87017 23.6
      vertex 1.1 -11.9298 23.6
    endloop
  endfacet
  facet normal 0 0 1
    outer loop
      vertex -1.1 -11.9298 23.6
      vertex 1.1 -11.9298 23.6
      vertex -1.1 -7.87017 23.6
    endloop
  endfacet
  facet normal 0 0 1
    outer loop
      vertex 1.1 -11.9298 23.6
      vertex -1.1 -11.9298 23.6
      vertex 1.1 -14.4702 23.6
    endloop
  endfacet
  facet normal 0 0 1
    outer loop
      vertex -1.1 -14.4702 23.6
      vertex 1.1 -14.4702 23.6
      vertex -1.1 -11.9298 23.6
    endloop
  endfacet
  facet normal -0 0 1
    outer loop
      vertex -1.1 -14.4702 23.6
      vertex 3.3 -15.7403 23.6
      vertex 1.1 -14.4702 23.6
    endloop
  endfacet
  facet normal 0 0 1
    outer loop
      vertex -3.3 -15.7403 23.6
      vertex 3.3 -15.7403 23.6
      vertex -1.1 -14.4702 23.6
    endloop
  endfacet
  facet normal -0 0 1
    outer loop
      vertex -3.3 -15.7403 23.6
      vertex 15 -18 23.6
      vertex 3.3 -15.7403 23.6
    endloop
  endfacet
  facet normal 0 0 1
    outer loop
      vertex -5.5 7.87017 23.6
      vertex -7.7 11.9298 23.6
      vertex -7.7 7.87017 23.6
    endloop
  endfacet
  facet normal 0 0 1
    outer loop
      vertex -5.5 5.32983 23.6
      vertex -7.7 5.32983 23.6
      vertex -5.5 1.27017 23.6
    endloop
  endfacet
  facet normal 0 0 1
    outer loop
      vertex -7.7 -1.27017 23.6
      vertex -5.5 -1.27017 23.6
      vertex -7.7 1.27017 23.6
    endloop
  endfacet
  facet normal 0 0 1
    outer loop
      vertex -5.5 -5.32983 23.6
      vertex -7.7 -5.32983 23.6
      vertex -5.5 -7.87017 23.6
    endloop
  endfacet
  facet normal 0 0 1
    outer loop
      vertex -7.7 -7.87017 23.6
      vertex -5.5 -7.87017 23.6
      vertex -7.7 -5.32983 23.6
    endloop
  endfacet
  facet normal 0 0 1
    outer loop
      vertex -5.5 -7.87017 23.6
      vertex -7.7 -7.87017 23.6
      vertex -5.5 -11.9298 23.6
    endloop
  endfacet
  facet normal 0 0 1
    outer loop
      vertex -7.7 -11.9298 23.6
      vertex -5.5 -11.9298 23.6
      vertex -7.7 -7.87017 23.6
    endloop
  endfacet
  facet normal 0 0 1
    outer loop
      vertex -5.5 -11.9298 23.6
      vertex -7.7 -11.9298 23.6
      vertex -5.5 -14.4702 23.6
    endloop
  endfacet
  facet normal 0 0 1
    outer loop
      vertex -7.7 -14.4702 23.6
      vertex -5.5 -14.4702 23.6
      vertex -7.7 -11.9298 23.6
    endloop
  endfacet
  facet normal -0 0 1
    outer loop
      vertex -7.7 -14.4702 23.6
      vertex -3.3 -15.7403 23.6
      vertex -5.5 -14.4702 23.6
    endloop
  endfacet
  facet normal 0 0 1
    outer loop
      vertex -9.9 -15.7403 23.6
      vertex -3.3 -15.7403 23.6
      vertex -7.7 -14.4702 23.6
    endloop
  endfacet
  facet normal 0 0 1
    outer loop
      vertex -15 -18 23.6
      vertex -3.3 -15.7403 23.6
      vertex -9.9 -15.7403 23.6
    endloop
  endfacet
  facet normal 0 0 1
    outer loop
      vertex -3.3 -15.7403 23.6
      vertex -15 -18 23.6
      vertex 15 -18 23.6
    endloop
  endfacet
  facet normal 0 0 1
    outer loop
      vertex -12.1 -14.4702 23.6
      vertex -15 -18 23.6
      vertex -9.9 -15.7403 23.6
    endloop
  endfacet
  facet normal 0 0 1
    outer loop
      vertex -12.1 -7.87017 23.6
      vertex -18 -15 23.6
      vertex -12.1 -11.9298 23.6
    endloop
  endfacet
  facet normal 0 0 1
    outer loop
      vertex -18 15 23.6
      vertex -15 18 23.6
      vertex -15.3916 17.9743 23.6
    endloop
  endfacet
  facet normal 0 0 1
    outer loop
      vertex -12.1 -11.9298 23.6
      vertex -18 -15 23.6
      vertex -12.1 -14.4702 23.6
    endloop
  endfacet
  facet normal 0 0 1
    outer loop
      vertex -18 15 23.6
      vertex -15.3916 17.9743 23.6
      vertex -15.7764 17.8978 23.6
    endloop
  endfacet
  facet normal 0 0 1
    outer loop
      vertex -12.1 -14.4702 23.6
      vertex -18 -15 23.6
      vertex -15 -18 23.6
    endloop
  endfacet
  facet normal 0 0 1
    outer loop
      vertex -18 15 23.6
      vertex -15.7764 17.8978 23.6
      vertex -16.148 17.7716 23.6
    endloop
  endfacet
  facet normal 0 0 1
    outer loop
      vertex -15 -18 23.6
      vertex -18 -15 23.6
      vertex -15.3916 -17.9743 23.6
    endloop
  endfacet
  facet normal 0 0 1
    outer loop
      vertex -18 15 23.6
      vertex -16.148 17.7716 23.6
      vertex -16.5 17.5981 23.6
    endloop
  endfacet
  facet normal 0 0 1
    outer loop
      vertex -15.3916 -17.9743 23.6
      vertex -18 -15 23.6
      vertex -15.7764 -17.8978 23.6
    endloop
  endfacet
  facet normal 0 0 1
    outer loop
      vertex -18 15 23.6
      vertex -16.5 17.5981 23.6
      vertex -16.8263 17.3801 23.6
    endloop
  endfacet
  facet normal 0 0 1
    outer loop
      vertex -15.7764 -17.8978 23.6
      vertex -18 -15 23.6
      vertex -16.148 -17.7716 23.6
    endloop
  endfacet
  facet normal 0 0 1
    outer loop
      vertex -18 15 23.6
      vertex -16.8263 17.3801 23.6
      vertex -17.1213 17.1213 23.6
    endloop
  endfacet
  facet normal 0 0 1
    outer loop
      vertex -16.148 -17.7716 23.6
      vertex -18 -15 23.6
      vertex -16.5 -17.5981 23.6
    endloop
  endfacet
  facet normal 0 0 1
    outer loop
      vertex -18 15 23.6
      vertex -17.1213 17.1213 23.6
      vertex -17.3801 16.8263 23.6
    endloop
  endfacet
  facet normal 0 0 1
    outer loop
      vertex -16.5 -17.5981 23.6
      vertex -18 -15 23.6
      vertex -16.8263 -17.3801 23.6
    endloop
  endfacet
  facet normal 0 0 1
    outer loop
      vertex -18 15 23.6
      vertex -17.3801 16.8263 23.6
      vertex -17.5981 16.5 23.6
    endloop
  endfacet
  facet normal 0 0 1
    outer loop
      vertex -16.8263 -17.3801 23.6
      vertex -18 -15 23.6
      vertex -17.1213 -17.1213 23.6
    endloop
  endfacet
  facet normal 0 0 1
    outer loop
      vertex -18 15 23.6
      vertex -17.5981 16.5 23.6
      vertex -17.7716 16.148 23.6
    endloop
  endfacet
  facet normal 0 0 1
    outer loop
      vertex -17.1213 -17.1213 23.6
      vertex -18 -15 23.6
      vertex -17.3801 -16.8263 23.6
    endloop
  endfacet
  facet normal 0 0 1
    outer loop
      vertex -18 15 23.6
      vertex -17.7716 16.148 23.6
      vertex -17.8978 15.7764 23.6
    endloop
  endfacet
  facet normal 0 0 1
    outer loop
      vertex -17.3801 -16.8263 23.6
      vertex -18 -15 23.6
      vertex -17.5981 -16.5 23.6
    endloop
  endfacet
  facet normal 0 0 1
    outer loop
      vertex -18 15 23.6
      vertex -17.8978 15.7764 23.6
      vertex -17.9743 15.3916 23.6
    endloop
  endfacet
  facet normal 0 0 1
    outer loop
      vertex -17.5981 -16.5 23.6
      vertex -18 -15 23.6
      vertex -17.7716 -16.148 23.6
    endloop
  endfacet
  facet normal 0 0 1
    outer loop
      vertex -17.7716 -16.148 23.6
      vertex -18 -15 23.6
      vertex -17.8978 -15.7764 23.6
    endloop
  endfacet
  facet normal 0 0 1
    outer loop
      vertex -17.8978 -15.7764 23.6
      vertex -18 -15 23.6
      vertex -17.9743 -15.3916 23.6
    endloop
  endfacet
  facet normal 0 1 -0
    outer loop
      vertex 15 18 22.95
      vertex -15 18 23.6
      vertex 15 18 23.6
    endloop
  endfacet
  facet normal 0 1 0
    outer loop
      vertex -15 18 23.6
      vertex 15 18 22.95
      vertex -15 18 22.95
    endloop
  endfacet
  facet normal -0.946885 0.321574 0
    outer loop
      vertex -17.8978 15.7764 22.95
      vertex -17.7716 16.148 23.6
      vertex -17.7716 16.148 22.95
    endloop
  endfacet
  facet normal -0.946885 0.321574 0
    outer loop
      vertex -17.7716 16.148 23.6
      vertex -17.8978 15.7764 22.95
      vertex -17.8978 15.7764 23.6
    endloop
  endfacet
  facet normal -0.896961 0.44211 0
    outer loop
      vertex -17.7716 16.148 22.95
      vertex -17.5981 16.5 23.6
      vertex -17.5981 16.5 22.95
    endloop
  endfacet
  facet normal -0.896961 0.44211 0
    outer loop
      vertex -17.5981 16.5 23.6
      vertex -17.7716 16.148 22.95
      vertex -17.7716 16.148 23.6
    endloop
  endfacet
  facet normal 0.997853 0.0654873 0
    outer loop
      vertex 18 15 23.6
      vertex 17.9743 15.3916 22.95
      vertex 17.9743 15.3916 23.6
    endloop
  endfacet
  facet normal 0.997853 0.0654873 0
    outer loop
      vertex 17.9743 15.3916 22.95
      vertex 18 15 23.6
      vertex 18 15 22.95
    endloop
  endfacet
  facet normal 0 -1 0
    outer loop
      vertex -15 -18 22.95
      vertex 15 -18 23.6
      vertex -15 -18 23.6
    endloop
  endfacet
  facet normal 0 -1 -0
    outer loop
      vertex 15 -18 23.6
      vertex -15 -18 22.95
      vertex 15 -18 22.95
    endloop
  endfacet
  facet normal 0.659478 -0.751724 0
    outer loop
      vertex 16.8263 -17.3801 22.95
      vertex 17.1213 -17.1213 23.6
      vertex 16.8263 -17.3801 23.6
    endloop
  endfacet
  facet normal 0.659478 -0.751724 0
    outer loop
      vertex 17.1213 -17.1213 23.6
      vertex 16.8263 -17.3801 22.95
      vertex 17.1213 -17.1213 22.95
    endloop
  endfacet
  facet normal 0.896961 -0.44211 0
    outer loop
      vertex 17.5981 -16.5 23.6
      vertex 17.7716 -16.148 22.95
      vertex 17.7716 -16.148 23.6
    endloop
  endfacet
  facet normal 0.896961 -0.44211 0
    outer loop
      vertex 17.7716 -16.148 22.95
      vertex 17.5981 -16.5 23.6
      vertex 17.5981 -16.5 22.95
    endloop
  endfacet
  facet normal 0.321574 0.946885 -0
    outer loop
      vertex 16.148 17.7716 22.95
      vertex 15.7764 17.8978 23.6
      vertex 16.148 17.7716 23.6
    endloop
  endfacet
  facet normal 0.321574 0.946885 0
    outer loop
      vertex 15.7764 17.8978 23.6
      vertex 16.148 17.7716 22.95
      vertex 15.7764 17.8978 22.95
    endloop
  endfacet
  facet normal 0.980806 0.194989 0
    outer loop
      vertex 17.9743 15.3916 23.6
      vertex 17.8978 15.7764 22.95
      vertex 17.8978 15.7764 23.6
    endloop
  endfacet
  facet normal 0.980806 0.194989 0
    outer loop
      vertex 17.8978 15.7764 22.95
      vertex 17.9743 15.3916 23.6
      vertex 17.9743 15.3916 22.95
    endloop
  endfacet
  facet normal -0.194989 -0.980806 0
    outer loop
      vertex -15.7764 -17.8978 22.95
      vertex -15.3916 -17.9743 23.6
      vertex -15.7764 -17.8978 23.6
    endloop
  endfacet
  facet normal -0.194989 -0.980806 -0
    outer loop
      vertex -15.3916 -17.9743 23.6
      vertex -15.7764 -17.8978 22.95
      vertex -15.3916 -17.9743 22.95
    endloop
  endfacet
  facet normal 0.751724 -0.659478 0
    outer loop
      vertex 17.1213 -17.1213 23.6
      vertex 17.3801 -16.8263 22.95
      vertex 17.3801 -16.8263 23.6
    endloop
  endfacet
  facet normal 0.751724 -0.659478 0
    outer loop
      vertex 17.3801 -16.8263 22.95
      vertex 17.1213 -17.1213 23.6
      vertex 17.1213 -17.1213 22.95
    endloop
  endfacet
  facet normal 0.946885 -0.321574 0
    outer loop
      vertex 17.7716 -16.148 23.6
      vertex 17.8978 -15.7764 22.95
      vertex 17.8978 -15.7764 23.6
    endloop
  endfacet
  facet normal 0.946885 -0.321574 0
    outer loop
      vertex 17.8978 -15.7764 22.95
      vertex 17.7716 -16.148 23.6
      vertex 17.7716 -16.148 22.95
    endloop
  endfacet
  facet normal 0.0654873 0.997853 -0
    outer loop
      vertex 15.3916 17.9743 22.95
      vertex 15 18 23.6
      vertex 15.3916 17.9743 23.6
    endloop
  endfacet
  facet normal 0.0654873 0.997853 0
    outer loop
      vertex 15 18 23.6
      vertex 15.3916 17.9743 22.95
      vertex 15 18 22.95
    endloop
  endfacet
  facet normal 0.44211 0.896961 -0
    outer loop
      vertex 16.5 17.5981 22.95
      vertex 16.148 17.7716 23.6
      vertex 16.5 17.5981 23.6
    endloop
  endfacet
  facet normal 0.44211 0.896961 0
    outer loop
      vertex 16.148 17.7716 23.6
      vertex 16.5 17.5981 22.95
      vertex 16.148 17.7716 22.95
    endloop
  endfacet
  facet normal 0.194989 0.980806 -0
    outer loop
      vertex 15.7764 17.8978 22.95
      vertex 15.3916 17.9743 23.6
      vertex 15.7764 17.8978 23.6
    endloop
  endfacet
  facet normal 0.194989 0.980806 0
    outer loop
      vertex 15.3916 17.9743 23.6
      vertex 15.7764 17.8978 22.95
      vertex 15.3916 17.9743 22.95
    endloop
  endfacet
  facet normal 0.896961 0.44211 0
    outer loop
      vertex 17.7716 16.148 23.6
      vertex 17.5981 16.5 22.95
      vertex 17.5981 16.5 23.6
    endloop
  endfacet
  facet normal 0.896961 0.44211 0
    outer loop
      vertex 17.5981 16.5 22.95
      vertex 17.7716 16.148 23.6
      vertex 17.7716 16.148 22.95
    endloop
  endfacet
  facet normal -0.831501 0.555523 0
    outer loop
      vertex -17.5981 16.5 22.95
      vertex -17.3801 16.8263 23.6
      vertex -17.3801 16.8263 22.95
    endloop
  endfacet
  facet normal -0.831501 0.555523 0
    outer loop
      vertex -17.3801 16.8263 23.6
      vertex -17.5981 16.5 22.95
      vertex -17.5981 16.5 23.6
    endloop
  endfacet
  facet normal -0.751724 0.659478 0
    outer loop
      vertex -17.3801 16.8263 22.95
      vertex -17.1213 17.1213 23.6
      vertex -17.1213 17.1213 22.95
    endloop
  endfacet
  facet normal -0.751724 0.659478 0
    outer loop
      vertex -17.1213 17.1213 23.6
      vertex -17.3801 16.8263 22.95
      vertex -17.3801 16.8263 23.6
    endloop
  endfacet
  facet normal -0.44211 0.896961 0
    outer loop
      vertex -16.148 17.7716 22.95
      vertex -16.5 17.5981 23.6
      vertex -16.148 17.7716 23.6
    endloop
  endfacet
  facet normal -0.44211 0.896961 0
    outer loop
      vertex -16.5 17.5981 23.6
      vertex -16.148 17.7716 22.95
      vertex -16.5 17.5981 22.95
    endloop
  endfacet
  facet normal -0.321574 0.946885 0
    outer loop
      vertex -15.7764 17.8978 22.95
      vertex -16.148 17.7716 23.6
      vertex -15.7764 17.8978 23.6
    endloop
  endfacet
  facet normal -0.321574 0.946885 0
    outer loop
      vertex -16.148 17.7716 23.6
      vertex -15.7764 17.8978 22.95
      vertex -16.148 17.7716 22.95
    endloop
  endfacet
  facet normal -0.980806 0.194989 0
    outer loop
      vertex -17.9743 15.3916 22.95
      vertex -17.8978 15.7764 23.6
      vertex -17.8978 15.7764 22.95
    endloop
  endfacet
  facet normal -0.980806 0.194989 0
    outer loop
      vertex -17.8978 15.7764 23.6
      vertex -17.9743 15.3916 22.95
      vertex -17.9743 15.3916 23.6
    endloop
  endfacet
  facet normal 0.44211 -0.896961 0
    outer loop
      vertex 16.148 -17.7716 22.95
      vertex 16.5 -17.5981 23.6
      vertex 16.148 -17.7716 23.6
    endloop
  endfacet
  facet normal 0.44211 -0.896961 0
    outer loop
      vertex 16.5 -17.5981 23.6
      vertex 16.148 -17.7716 22.95
      vertex 16.5 -17.5981 22.95
    endloop
  endfacet
  facet normal 0.321574 -0.946885 0
    outer loop
      vertex 15.7764 -17.8978 22.95
      vertex 16.148 -17.7716 23.6
      vertex 15.7764 -17.8978 23.6
    endloop
  endfacet
  facet normal 0.321574 -0.946885 0
    outer loop
      vertex 16.148 -17.7716 23.6
      vertex 15.7764 -17.8978 22.95
      vertex 16.148 -17.7716 22.95
    endloop
  endfacet
  facet normal -0.44211 -0.896961 0
    outer loop
      vertex -16.5 -17.5981 22.95
      vertex -16.148 -17.7716 23.6
      vertex -16.5 -17.5981 23.6
    endloop
  endfacet
  facet normal -0.44211 -0.896961 -0
    outer loop
      vertex -16.148 -17.7716 23.6
      vertex -16.5 -17.5981 22.95
      vertex -16.148 -17.7716 22.95
    endloop
  endfacet
  facet normal 0.980806 -0.194989 0
    outer loop
      vertex 17.8978 -15.7764 23.6
      vertex 17.9743 -15.3916 22.95
      vertex 17.9743 -15.3916 23.6
    endloop
  endfacet
  facet normal 0.980806 -0.194989 0
    outer loop
      vertex 17.9743 -15.3916 22.95
      vertex 17.8978 -15.7764 23.6
      vertex 17.8978 -15.7764 22.95
    endloop
  endfacet
  facet normal 0.831501 -0.555523 0
    outer loop
      vertex 17.3801 -16.8263 23.6
      vertex 17.5981 -16.5 22.95
      vertex 17.5981 -16.5 23.6
    endloop
  endfacet
  facet normal 0.831501 -0.555523 0
    outer loop
      vertex 17.5981 -16.5 22.95
      vertex 17.3801 -16.8263 23.6
      vertex 17.3801 -16.8263 22.95
    endloop
  endfacet
  facet normal 0.751724 0.659478 0
    outer loop
      vertex 17.3801 16.8263 23.6
      vertex 17.1213 17.1213 22.95
      vertex 17.1213 17.1213 23.6
    endloop
  endfacet
  facet normal 0.751724 0.659478 0
    outer loop
      vertex 17.1213 17.1213 22.95
      vertex 17.3801 16.8263 23.6
      vertex 17.3801 16.8263 22.95
    endloop
  endfacet
  facet normal 0.831501 0.555523 0
    outer loop
      vertex 17.5981 16.5 23.6
      vertex 17.3801 16.8263 22.95
      vertex 17.3801 16.8263 23.6
    endloop
  endfacet
  facet normal 0.831501 0.555523 0
    outer loop
      vertex 17.3801 16.8263 22.95
      vertex 17.5981 16.5 23.6
      vertex 17.5981 16.5 22.95
    endloop
  endfacet
  facet normal -0.555523 0.831501 0
    outer loop
      vertex -16.5 17.5981 22.95
      vertex -16.8263 17.3801 23.6
      vertex -16.5 17.5981 23.6
    endloop
  endfacet
  facet normal -0.555523 0.831501 0
    outer loop
      vertex -16.8263 17.3801 23.6
      vertex -16.5 17.5981 22.95
      vertex -16.8263 17.3801 22.95
    endloop
  endfacet
  facet normal -0.194989 0.980806 0
    outer loop
      vertex -15.3916 17.9743 22.95
      vertex -15.7764 17.8978 23.6
      vertex -15.3916 17.9743 23.6
    endloop
  endfacet
  facet normal -0.194989 0.980806 0
    outer loop
      vertex -15.7764 17.8978 23.6
      vertex -15.3916 17.9743 22.95
      vertex -15.7764 17.8978 22.95
    endloop
  endfacet
  facet normal -0.0654873 0.997853 0
    outer loop
      vertex -15 18 22.95
      vertex -15.3916 17.9743 23.6
      vertex -15 18 23.6
    endloop
  endfacet
  facet normal -0.0654873 0.997853 0
    outer loop
      vertex -15.3916 17.9743 23.6
      vertex -15 18 22.95
      vertex -15.3916 17.9743 22.95
    endloop
  endfacet
  facet normal 0.555523 -0.831501 0
    outer loop
      vertex 16.5 -17.5981 22.95
      vertex 16.8263 -17.3801 23.6
      vertex 16.5 -17.5981 23.6
    endloop
  endfacet
  facet normal 0.555523 -0.831501 0
    outer loop
      vertex 16.8263 -17.3801 23.6
      vertex 16.5 -17.5981 22.95
      vertex 16.8263 -17.3801 22.95
    endloop
  endfacet
  facet normal -0.0654873 -0.997853 0
    outer loop
      vertex -15.3916 -17.9743 22.95
      vertex -15 -18 23.6
      vertex -15.3916 -17.9743 23.6
    endloop
  endfacet
  facet normal -0.0654873 -0.997853 -0
    outer loop
      vertex -15 -18 23.6
      vertex -15.3916 -17.9743 22.95
      vertex -15 -18 22.95
    endloop
  endfacet
  facet normal -0.321574 -0.946885 0
    outer loop
      vertex -16.148 -17.7716 22.95
      vertex -15.7764 -17.8978 23.6
      vertex -16.148 -17.7716 23.6
    endloop
  endfacet
  facet normal -0.321574 -0.946885 -0
    outer loop
      vertex -15.7764 -17.8978 23.6
      vertex -16.148 -17.7716 22.95
      vertex -15.7764 -17.8978 22.95
    endloop
  endfacet
  facet normal -0.751724 -0.659478 0
    outer loop
      vertex -17.1213 -17.1213 22.95
      vertex -17.3801 -16.8263 23.6
      vertex -17.3801 -16.8263 22.95
    endloop
  endfacet
  facet normal -0.751724 -0.659478 0
    outer loop
      vertex -17.3801 -16.8263 23.6
      vertex -17.1213 -17.1213 22.95
      vertex -17.1213 -17.1213 23.6
    endloop
  endfacet
  facet normal -0.831501 -0.555523 0
    outer loop
      vertex -17.3801 -16.8263 22.95
      vertex -17.5981 -16.5 23.6
      vertex -17.5981 -16.5 22.95
    endloop
  endfacet
  facet normal -0.831501 -0.555523 0
    outer loop
      vertex -17.5981 -16.5 23.6
      vertex -17.3801 -16.8263 22.95
      vertex -17.3801 -16.8263 23.6
    endloop
  endfacet
  facet normal 0.997853 -0.0654873 0
    outer loop
      vertex 17.9743 -15.3916 23.6
      vertex 18 -15 22.95
      vertex 18 -15 23.6
    endloop
  endfacet
  facet normal 0.997853 -0.0654873 0
    outer loop
      vertex 18 -15 22.95
      vertex 17.9743 -15.3916 23.6
      vertex 17.9743 -15.3916 22.95
    endloop
  endfacet
  facet normal 0.659478 0.751724 -0
    outer loop
      vertex 17.1213 17.1213 22.95
      vertex 16.8263 17.3801 23.6
      vertex 17.1213 17.1213 23.6
    endloop
  endfacet
  facet normal 0.659478 0.751724 0
    outer loop
      vertex 16.8263 17.3801 23.6
      vertex 17.1213 17.1213 22.95
      vertex 16.8263 17.3801 22.95
    endloop
  endfacet
  facet normal 0.194989 -0.980806 0
    outer loop
      vertex 15.3916 -17.9743 22.95
      vertex 15.7764 -17.8978 23.6
      vertex 15.3916 -17.9743 23.6
    endloop
  endfacet
  facet normal 0.194989 -0.980806 0
    outer loop
      vertex 15.7764 -17.8978 23.6
      vertex 15.3916 -17.9743 22.95
      vertex 15.7764 -17.8978 22.95
    endloop
  endfacet
  facet normal 0.0654873 -0.997853 0
    outer loop
      vertex 15 -18 22.95
      vertex 15.3916 -17.9743 23.6
      vertex 15 -18 23.6
    endloop
  endfacet
  facet normal 0.0654873 -0.997853 0
    outer loop
      vertex 15.3916 -17.9743 23.6
      vertex 15 -18 22.95
      vertex 15.3916 -17.9743 22.95
    endloop
  endfacet
  facet normal -0.555523 -0.831501 0
    outer loop
      vertex -16.8263 -17.3801 22.95
      vertex -16.5 -17.5981 23.6
      vertex -16.8263 -17.3801 23.6
    endloop
  endfacet
  facet normal -0.555523 -0.831501 -0
    outer loop
      vertex -16.5 -17.5981 23.6
      vertex -16.8263 -17.3801 22.95
      vertex -16.5 -17.5981 22.95
    endloop
  endfacet
  facet normal -0.659478 -0.751724 0
    outer loop
      vertex -17.1213 -17.1213 22.95
      vertex -16.8263 -17.3801 23.6
      vertex -17.1213 -17.1213 23.6
    endloop
  endfacet
  facet normal -0.659478 -0.751724 -0
    outer loop
      vertex -16.8263 -17.3801 23.6
      vertex -17.1213 -17.1213 22.95
      vertex -16.8263 -17.3801 22.95
    endloop
  endfacet
  facet normal -0.499971 -0.866042 0
    outer loop
      vertex -8.9641 -11.2 18
      vertex -9.9 -10.6597 23.6
      vertex -9.9 -10.6597 18
    endloop
  endfacet
  facet normal -0.499979 -0.866037 -1.86915e-06
    outer loop
      vertex -9.9 -10.6597 23.6
      vertex -8.9641 -11.2 18
      vertex -7.7 -11.9298 23.6
    endloop
  endfacet
  facet normal -0.499985 -0.866034 0
    outer loop
      vertex -7.7 -11.9298 12.6
      vertex -8.9641 -11.2 18
      vertex -8.9641 -11.2 12.6
    endloop
  endfacet
  facet normal -0.499985 -0.866034 0
    outer loop
      vertex -8.9641 -11.2 18
      vertex -7.7 -11.9298 12.6
      vertex -7.7 -11.9298 23.6
    endloop
  endfacet
  facet normal 1 0 0
    outer loop
      vertex -12.1 -11.9298 23.6
      vertex -12.1 -13.8 18
      vertex -12.1 -11.9298 12.6
    endloop
  endfacet
  facet normal 1 -0 0
    outer loop
      vertex -12.1 -14.4702 23.6
      vertex -12.1 -13.8 18
      vertex -12.1 -11.9298 23.6
    endloop
  endfacet
  facet normal 1 0 0
    outer loop
      vertex -12.1 -13.8 18
      vertex -12.1 -14.4702 23.6
      vertex -12.1 -14.4702 18
    endloop
  endfacet
  facet normal 1 0 0
    outer loop
      vertex -12.1 -11.9298 12.6
      vertex -12.1 -13.8 18
      vertex -12.1 -13.8 12.6
    endloop
  endfacet
  facet normal 0.499979 -0.866037 -1.86915e-06
    outer loop
      vertex -12.1 -11.9298 23.6
      vertex -10.8359 -11.2 18
      vertex -9.9 -10.6597 23.6
    endloop
  endfacet
  facet normal 0.499985 -0.866034 0
    outer loop
      vertex -12.1 -11.9298 12.6
      vertex -10.8359 -11.2 18
      vertex -12.1 -11.9298 23.6
    endloop
  endfacet
  facet normal 0.499985 -0.866034 0
    outer loop
      vertex -10.8359 -11.2 18
      vertex -12.1 -11.9298 12.6
      vertex -10.8359 -11.2 12.6
    endloop
  endfacet
  facet normal 0.499971 -0.866042 0
    outer loop
      vertex -9.9 -10.6597 23.6
      vertex -10.8359 -11.2 18
      vertex -9.9 -10.6597 18
    endloop
  endfacet
  facet normal 0 0 1
    outer loop
      vertex -8.9641 -11.2 12.6
      vertex -7.7 -13.8 12.6
      vertex -7.7 -11.9298 12.6
    endloop
  endfacet
  facet normal -0 0 1
    outer loop
      vertex -10.8359 -11.2 12.6
      vertex -7.7 -13.8 12.6
      vertex -8.9641 -11.2 12.6
    endloop
  endfacet
  facet normal 0 0 1
    outer loop
      vertex -12.1 -13.8 12.6
      vertex -10.8359 -11.2 12.6
      vertex -12.1 -11.9298 12.6
    endloop
  endfacet
  facet normal 0 0 1
    outer loop
      vertex -10.8359 -11.2 12.6
      vertex -12.1 -13.8 12.6
      vertex -7.7 -13.8 12.6
    endloop
  endfacet
  facet normal -1 0 0
    outer loop
      vertex -7.7 -13.8 18
      vertex -7.7 -11.9298 12.6
      vertex -7.7 -13.8 12.6
    endloop
  endfacet
  facet normal -1 0 0
    outer loop
      vertex -7.7 -11.9298 12.6
      vertex -7.7 -13.8 18
      vertex -7.7 -11.9298 23.6
    endloop
  endfacet
  facet normal -1 0 0
    outer loop
      vertex -7.7 -14.4702 23.6
      vertex -7.7 -13.8 18
      vertex -7.7 -14.4702 18
    endloop
  endfacet
  facet normal -1 0 0
    outer loop
      vertex -7.7 -13.8 18
      vertex -7.7 -14.4702 23.6
      vertex -7.7 -11.9298 23.6
    endloop
  endfacet
  facet normal 0.499979 0.866037 -0
    outer loop
      vertex -9.9 -15.7403 18
      vertex -12.1 -14.4702 23.6
      vertex -9.9 -15.7403 23.6
    endloop
  endfacet
  facet normal 0.499979 0.866037 0
    outer loop
      vertex -12.1 -14.4702 23.6
      vertex -9.9 -15.7403 18
      vertex -12.1 -14.4702 18
    endloop
  endfacet
  facet normal -0.499979 0.866037 0
    outer loop
      vertex -7.7 -14.4702 18
      vertex -9.9 -15.7403 23.6
      vertex -7.7 -14.4702 23.6
    endloop
  endfacet
  facet normal -0.499979 0.866037 0
    outer loop
      vertex -9.9 -15.7403 23.6
      vertex -7.7 -14.4702 18
      vertex -9.9 -15.7403 18
    endloop
  endfacet
  facet normal -0.5 -0.866026 0
    outer loop
      vertex -9.9 -4.05966 18
      vertex -7.7 -5.32983 23.6
      vertex -9.9 -4.05966 23.6
    endloop
  endfacet
  facet normal -0.5 -0.866026 -0
    outer loop
      vertex -7.7 -5.32983 23.6
      vertex -9.9 -4.05966 18
      vertex -7.7 -5.32983 18
    endloop
  endfacet
  facet normal 1 0 0
    outer loop
      vertex -12.1 -5.32983 23.6
      vertex -12.1 -6.2 18
      vertex -12.1 -5.32983 18
    endloop
  endfacet
  facet normal 1 -0 0
    outer loop
      vertex -12.1 -7.87017 23.6
      vertex -12.1 -6.2 18
      vertex -12.1 -5.32983 23.6
    endloop
  endfacet
  facet normal 1 0 0
    outer loop
      vertex -12.1 -7.87017 12.6
      vertex -12.1 -6.2 18
      vertex -12.1 -7.87017 23.6
    endloop
  endfacet
  facet normal 1 0 0
    outer loop
      vertex -12.1 -6.2 18
      vertex -12.1 -7.87017 12.6
      vertex -12.1 -6.2 12.6
    endloop
  endfacet
  facet normal 0.5 -0.866026 0
    outer loop
      vertex -12.1 -5.32983 18
      vertex -9.9 -4.05966 23.6
      vertex -12.1 -5.32983 23.6
    endloop
  endfacet
  facet normal 0.5 -0.866026 0
    outer loop
      vertex -9.9 -4.05966 23.6
      vertex -12.1 -5.32983 18
      vertex -9.9 -4.05966 18
    endloop
  endfacet
  facet normal -1 0 0
    outer loop
      vertex -7.7 -6.2 12.6
      vertex -7.7 -7.87017 12.6
      vertex -7.7 -6.2 18
    endloop
  endfacet
  facet normal -1 0 0
    outer loop
      vertex -7.7 -6.2 18
      vertex -7.7 -5.32983 23.6
      vertex -7.7 -5.32983 18
    endloop
  endfacet
  facet normal -1 0 0
    outer loop
      vertex -7.7 -7.87017 23.6
      vertex -7.7 -6.2 18
      vertex -7.7 -7.87017 12.6
    endloop
  endfacet
  facet normal -1 0 0
    outer loop
      vertex -7.7 -6.2 18
      vertex -7.7 -7.87017 23.6
      vertex -7.7 -5.32983 23.6
    endloop
  endfacet
  facet normal 0 0 1
    outer loop
      vertex -7.7 -6.2 12.6
      vertex -9.31051 -8.8 12.6
      vertex -7.7 -7.87017 12.6
    endloop
  endfacet
  facet normal 0 0 1
    outer loop
      vertex -7.7 -6.2 12.6
      vertex -10.4895 -8.8 12.6
      vertex -9.31051 -8.8 12.6
    endloop
  endfacet
  facet normal -0 0 1
    outer loop
      vertex -12.1 -6.2 12.6
      vertex -10.4895 -8.8 12.6
      vertex -7.7 -6.2 12.6
    endloop
  endfacet
  facet normal 0 0 1
    outer loop
      vertex -10.4895 -8.8 12.6
      vertex -12.1 -6.2 12.6
      vertex -12.1 -7.87017 12.6
    endloop
  endfacet
  facet normal -0.5 0.866026 -3.17259e-07
    outer loop
      vertex -7.7 -7.87017 23.6
      vertex -9.31051 -8.8 18
      vertex -9.9 -9.14034 23.6
    endloop
  endfacet
  facet normal -0.500001 0.866025 0
    outer loop
      vertex -7.7 -7.87017 12.6
      vertex -9.31051 -8.8 18
      vertex -7.7 -7.87017 23.6
    endloop
  endfacet
  facet normal -0.500001 0.866025 0
    outer loop
      vertex -9.31051 -8.8 18
      vertex -7.7 -7.87017 12.6
      vertex -9.31051 -8.8 12.6
    endloop
  endfacet
  facet normal -0.499998 0.866027 0
    outer loop
      vertex -9.9 -9.14034 23.6
      vertex -9.31051 -8.8 18
      vertex -9.9 -9.14034 18
    endloop
  endfacet
  facet normal 0.499991 0.86603 0
    outer loop
      vertex -10.4895 -8.8 18
      vertex -9.9 -9.14034 23.6
      vertex -9.9 -9.14034 18
    endloop
  endfacet
  facet normal 0.5 0.866026 -1.21012e-06
    outer loop
      vertex -9.9 -9.14034 23.6
      vertex -10.4895 -8.8 18
      vertex -12.1 -7.87017 23.6
    endloop
  endfacet
  facet normal 0.500003 0.866024 0
    outer loop
      vertex -12.1 -7.87017 12.6
      vertex -10.4895 -8.8 18
      vertex -10.4895 -8.8 12.6
    endloop
  endfacet
  facet normal 0.500003 0.866024 0
    outer loop
      vertex -10.4895 -8.8 18
      vertex -12.1 -7.87017 12.6
      vertex -12.1 -7.87017 23.6
    endloop
  endfacet
  facet normal -0.5 -0.866026 0
    outer loop
      vertex -9.9 2.54034 12.6
      vertex -7.7 1.27017 23.6
      vertex -9.9 2.54034 23.6
    endloop
  endfacet
  facet normal -0.5 -0.866026 -0
    outer loop
      vertex -7.7 1.27017 23.6
      vertex -9.9 2.54034 12.6
      vertex -7.7 1.27017 12.6
    endloop
  endfacet
  facet normal 1 0 0
    outer loop
      vertex -12.1 1.27017 23.6
      vertex -12.1 1.2 18
      vertex -12.1 1.27017 12.6
    endloop
  endfacet
  facet normal 1 0 0
    outer loop
      vertex -12.1 1.27017 23.6
      vertex -12.1 -1.2 18
      vertex -12.1 1.2 18
    endloop
  endfacet
  facet normal 1 -0 0
    outer loop
      vertex -12.1 -1.27017 23.6
      vertex -12.1 -1.2 18
      vertex -12.1 1.27017 23.6
    endloop
  endfacet
  facet normal 1 0 0
    outer loop
      vertex -12.1 -1.27017 12.6
      vertex -12.1 -1.2 18
      vertex -12.1 -1.27017 23.6
    endloop
  endfacet
  facet normal 1 0 0
    outer loop
      vertex -12.1 -1.2 18
      vertex -12.1 -1.27017 12.6
      vertex -12.1 -1.2 12.6
    endloop
  endfacet
  facet normal 1 0 0
    outer loop
      vertex -12.1 1.27017 12.6
      vertex -12.1 1.2 18
      vertex -12.1 1.2 12.6
    endloop
  endfacet
  facet normal 0.5 -0.866026 0
    outer loop
      vertex -12.1 1.27017 12.6
      vertex -9.9 2.54034 23.6
      vertex -12.1 1.27017 23.6
    endloop
  endfacet
  facet normal 0.5 -0.866026 0
    outer loop
      vertex -9.9 2.54034 23.6
      vertex -12.1 1.27017 12.6
      vertex -9.9 2.54034 12.6
    endloop
  endfacet
  facet normal 0 0 1
    outer loop
      vertex -9.9 2.54034 12.6
      vertex -7.7 1.2 12.6
      vertex -7.7 1.27017 12.6
    endloop
  endfacet
  facet normal 0 0 1
    outer loop
      vertex -12.1 1.2 12.6
      vertex -9.9 2.54034 12.6
      vertex -12.1 1.27017 12.6
    endloop
  endfacet
  facet normal 0 0 1
    outer loop
      vertex -9.9 2.54034 12.6
      vertex -12.1 1.2 12.6
      vertex -7.7 1.2 12.6
    endloop
  endfacet
  facet normal 0 0 1
    outer loop
      vertex -7.7 -1.2 12.6
      vertex -9.9 -2.54034 12.6
      vertex -7.7 -1.27017 12.6
    endloop
  endfacet
  facet normal -0 0 1
    outer loop
      vertex -12.1 -1.2 12.6
      vertex -9.9 -2.54034 12.6
      vertex -7.7 -1.2 12.6
    endloop
  endfacet
  facet normal 0 0 1
    outer loop
      vertex -9.9 -2.54034 12.6
      vertex -12.1 -1.2 12.6
      vertex -12.1 -1.27017 12.6
    endloop
  endfacet
  facet normal -0.5 0.866026 0
    outer loop
      vertex -7.7 -1.27017 12.6
      vertex -9.9 -2.54034 23.6
      vertex -7.7 -1.27017 23.6
    endloop
  endfacet
  facet normal -0.5 0.866026 0
    outer loop
      vertex -9.9 -2.54034 23.6
      vertex -7.7 -1.27017 12.6
      vertex -9.9 -2.54034 12.6
    endloop
  endfacet
  facet normal 0.5 0.866026 -0
    outer loop
      vertex -9.9 -2.54034 12.6
      vertex -12.1 -1.27017 23.6
      vertex -9.9 -2.54034 23.6
    endloop
  endfacet
  facet normal 0.5 0.866026 0
    outer loop
      vertex -12.1 -1.27017 23.6
      vertex -9.9 -2.54034 12.6
      vertex -12.1 -1.27017 12.6
    endloop
  endfacet
  facet normal -1 0 0
    outer loop
      vertex -7.7 -1.2 12.6
      vertex -7.7 -1.27017 12.6
      vertex -7.7 -1.2 18
    endloop
  endfacet
  facet normal -1 0 0
    outer loop
      vertex -7.7 1.2 18
      vertex -7.7 1.27017 12.6
      vertex -7.7 1.2 12.6
    endloop
  endfacet
  facet normal -1 0 0
    outer loop
      vertex -7.7 1.27017 12.6
      vertex -7.7 1.2 18
      vertex -7.7 1.27017 23.6
    endloop
  endfacet
  facet normal -1 0 0
    outer loop
      vertex -7.7 -1.2 18
      vertex -7.7 1.27017 23.6
      vertex -7.7 1.2 18
    endloop
  endfacet
  facet normal -1 0 0
    outer loop
      vertex -7.7 -1.2 18
      vertex -7.7 -1.27017 23.6
      vertex -7.7 1.27017 23.6
    endloop
  endfacet
  facet normal -1 0 0
    outer loop
      vertex -7.7 -1.27017 23.6
      vertex -7.7 -1.2 18
      vertex -7.7 -1.27017 12.6
    endloop
  endfacet
  facet normal -0.499998 -0.866027 0
    outer loop
      vertex -9.31051 8.8 18
      vertex -9.9 9.14034 23.6
      vertex -9.9 9.14034 18
    endloop
  endfacet
  facet normal -0.5 -0.866026 -3.17259e-07
    outer loop
      vertex -9.9 9.14034 23.6
      vertex -9.31051 8.8 18
      vertex -7.7 7.87017 23.6
    endloop
  endfacet
  facet normal -0.500001 -0.866025 0
    outer loop
      vertex -7.7 7.87017 12.6
      vertex -9.31051 8.8 18
      vertex -9.31051 8.8 12.6
    endloop
  endfacet
  facet normal -0.500001 -0.866025 0
    outer loop
      vertex -9.31051 8.8 18
      vertex -7.7 7.87017 12.6
      vertex -7.7 7.87017 23.6
    endloop
  endfacet
  facet normal 1 0 0
    outer loop
      vertex -12.1 7.87017 23.6
      vertex -12.1 6.2 18
      vertex -12.1 7.87017 12.6
    endloop
  endfacet
  facet normal 1 -0 0
    outer loop
      vertex -12.1 5.32983 23.6
      vertex -12.1 6.2 18
      vertex -12.1 7.87017 23.6
    endloop
  endfacet
  facet normal 1 0 0
    outer loop
      vertex -12.1 6.2 18
      vertex -12.1 5.32983 23.6
      vertex -12.1 5.32983 18
    endloop
  endfacet
  facet normal 1 0 0
    outer loop
      vertex -12.1 7.87017 12.6
      vertex -12.1 6.2 18
      vertex -12.1 6.2 12.6
    endloop
  endfacet
  facet normal 0.5 -0.866026 -1.21012e-06
    outer loop
      vertex -12.1 7.87017 23.6
      vertex -10.4895 8.8 18
      vertex -9.9 9.14034 23.6
    endloop
  endfacet
  facet normal 0.500003 -0.866024 0
    outer loop
      vertex -12.1 7.87017 12.6
      vertex -10.4895 8.8 18
      vertex -12.1 7.87017 23.6
    endloop
  endfacet
  facet normal 0.500003 -0.866024 0
    outer loop
      vertex -10.4895 8.8 18
      vertex -12.1 7.87017 12.6
      vertex -10.4895 8.8 12.6
    endloop
  endfacet
  facet normal 0.499991 -0.86603 0
    outer loop
      vertex -9.9 9.14034 23.6
      vertex -10.4895 8.8 18
      vertex -9.9 9.14034 18
    endloop
  endfacet
  facet normal 0 0 1
    outer loop
      vertex -9.31051 8.8 12.6
      vertex -7.7 6.2 12.6
      vertex -7.7 7.87017 12.6
    endloop
  endfacet
  facet normal -0 0 1
    outer loop
      vertex -10.4895 8.8 12.6
      vertex -7.7 6.2 12.6
      vertex -9.31051 8.8 12.6
    endloop
  endfacet
  facet normal 0 0 1
    outer loop
      vertex -12.1 6.2 12.6
      vertex -10.4895 8.8 12.6
      vertex -12.1 7.87017 12.6
    endloop
  endfacet
  facet normal 0 0 1
    outer loop
      vertex -10.4895 8.8 12.6
      vertex -12.1 6.2 12.6
      vertex -7.7 6.2 12.6
    endloop
  endfacet
  facet normal -0.5 0.866026 0
    outer loop
      vertex -7.7 5.32983 18
      vertex -9.9 4.05966 23.6
      vertex -7.7 5.32983 23.6
    endloop
  endfacet
  facet normal -0.5 0.866026 0
    outer loop
      vertex -9.9 4.05966 23.6
      vertex -7.7 5.32983 18
      vertex -9.9 4.05966 18
    endloop
  endfacet
  facet normal 0.5 0.866026 -0
    outer loop
      vertex -9.9 4.05966 18
      vertex -12.1 5.32983 23.6
      vertex -9.9 4.05966 23.6
    endloop
  endfacet
  facet normal 0.5 0.866026 0
    outer loop
      vertex -12.1 5.32983 23.6
      vertex -9.9 4.05966 18
      vertex -12.1 5.32983 18
    endloop
  endfacet
  facet normal -1 0 0
    outer loop
      vertex -7.7 6.2 18
      vertex -7.7 7.87017 12.6
      vertex -7.7 6.2 12.6
    endloop
  endfacet
  facet normal -1 0 0
    outer loop
      vertex -7.7 7.87017 12.6
      vertex -7.7 6.2 18
      vertex -7.7 7.87017 23.6
    endloop
  endfacet
  facet normal -1 0 0
    outer loop
      vertex -7.7 5.32983 23.6
      vertex -7.7 6.2 18
      vertex -7.7 5.32983 18
    endloop
  endfacet
  facet normal -1 0 0
    outer loop
      vertex -7.7 6.2 18
      vertex -7.7 5.32983 23.6
      vertex -7.7 7.87017 23.6
    endloop
  endfacet
  facet normal -0.499979 -0.866037 0
    outer loop
      vertex -9.9 15.7403 18
      vertex -7.7 14.4702 23.6
      vertex -9.9 15.7403 23.6
    endloop
  endfacet
  facet normal -0.499979 -0.866037 -0
    outer loop
      vertex -7.7 14.4702 23.6
      vertex -9.9 15.7403 18
      vertex -7.7 14.4702 18
    endloop
  endfacet
  facet normal 1 0 0
    outer loop
      vertex -12.1 14.4702 23.6
      vertex -12.1 13.8 18
      vertex -12.1 14.4702 18
    endloop
  endfacet
  facet normal 1 -0 0
    outer loop
      vertex -12.1 11.9298 23.6
      vertex -12.1 13.8 18
      vertex -12.1 14.4702 23.6
    endloop
  endfacet
  facet normal 1 0 0
    outer loop
      vertex -12.1 11.9298 12.6
      vertex -12.1 13.8 18
      vertex -12.1 11.9298 23.6
    endloop
  endfacet
  facet normal 1 0 0
    outer loop
      vertex -12.1 13.8 18
      vertex -12.1 11.9298 12.6
      vertex -12.1 13.8 12.6
    endloop
  endfacet
  facet normal 0.499979 -0.866037 0
    outer loop
      vertex -12.1 14.4702 18
      vertex -9.9 15.7403 23.6
      vertex -12.1 14.4702 23.6
    endloop
  endfacet
  facet normal 0.499979 -0.866037 0
    outer loop
      vertex -9.9 15.7403 23.6
      vertex -12.1 14.4702 18
      vertex -9.9 15.7403 18
    endloop
  endfacet
  facet normal 0 0 1
    outer loop
      vertex -7.7 13.8 12.6
      vertex -8.9641 11.2 12.6
      vertex -7.7 11.9298 12.6
    endloop
  endfacet
  facet normal 0 0 1
    outer loop
      vertex -7.7 13.8 12.6
      vertex -10.8359 11.2 12.6
      vertex -8.9641 11.2 12.6
    endloop
  endfacet
  facet normal -0 0 1
    outer loop
      vertex -12.1 13.8 12.6
      vertex -10.8359 11.2 12.6
      vertex -7.7 13.8 12.6
    endloop
  endfacet
  facet normal 0 0 1
    outer loop
      vertex -10.8359 11.2 12.6
      vertex -12.1 13.8 12.6
      vertex -12.1 11.9298 12.6
    endloop
  endfacet
  facet normal -1 0 0
    outer loop
      vertex -7.7 13.8 12.6
      vertex -7.7 11.9298 12.6
      vertex -7.7 13.8 18
    endloop
  endfacet
  facet normal -1 0 0
    outer loop
      vertex -7.7 13.8 18
      vertex -7.7 14.4702 23.6
      vertex -7.7 14.4702 18
    endloop
  endfacet
  facet normal -1 0 0
    outer loop
      vertex -7.7 11.9298 23.6
      vertex -7.7 13.8 18
      vertex -7.7 11.9298 12.6
    endloop
  endfacet
  facet normal -1 0 0
    outer loop
      vertex -7.7 13.8 18
      vertex -7.7 11.9298 23.6
      vertex -7.7 14.4702 23.6
    endloop
  endfacet
  facet normal 0.499971 0.866042 0
    outer loop
      vertex -10.8359 11.2 18
      vertex -9.9 10.6597 23.6
      vertex -9.9 10.6597 18
    endloop
  endfacet
  facet normal 0.499979 0.866037 -1.86915e-06
    outer loop
      vertex -9.9 10.6597 23.6
      vertex -10.8359 11.2 18
      vertex -12.1 11.9298 23.6
    endloop
  endfacet
  facet normal 0.499985 0.866034 0
    outer loop
      vertex -12.1 11.9298 12.6
      vertex -10.8359 11.2 18
      vertex -10.8359 11.2 12.6
    endloop
  endfacet
  facet normal 0.499985 0.866034 0
    outer loop
      vertex -10.8359 11.2 18
      vertex -12.1 11.9298 12.6
      vertex -12.1 11.9298 23.6
    endloop
  endfacet
  facet normal -0.499979 0.866037 -1.86915e-06
    outer loop
      vertex -7.7 11.9298 23.6
      vertex -8.9641 11.2 18
      vertex -9.9 10.6597 23.6
    endloop
  endfacet
  facet normal -0.499985 0.866034 0
    outer loop
      vertex -7.7 11.9298 12.6
      vertex -8.9641 11.2 18
      vertex -7.7 11.9298 23.6
    endloop
  endfacet
  facet normal -0.499985 0.866034 0
    outer loop
      vertex -8.9641 11.2 18
      vertex -7.7 11.9298 12.6
      vertex -8.9641 11.2 12.6
    endloop
  endfacet
  facet normal -0.499971 0.866042 0
    outer loop
      vertex -9.9 10.6597 23.6
      vertex -8.9641 11.2 18
      vertex -9.9 10.6597 18
    endloop
  endfacet
  facet normal -0.499971 -0.866042 0
    outer loop
      vertex -2.3641 -11.2 18
      vertex -3.3 -10.6597 23.6
      vertex -3.3 -10.6597 18
    endloop
  endfacet
  facet normal -0.499979 -0.866037 -1.86915e-06
    outer loop
      vertex -3.3 -10.6597 23.6
      vertex -2.3641 -11.2 18
      vertex -1.1 -11.9298 23.6
    endloop
  endfacet
  facet normal -0.499985 -0.866034 0
    outer loop
      vertex -1.1 -11.9298 12.6
      vertex -2.3641 -11.2 18
      vertex -2.3641 -11.2 12.6
    endloop
  endfacet
  facet normal -0.499985 -0.866034 0
    outer loop
      vertex -2.3641 -11.2 18
      vertex -1.1 -11.9298 12.6
      vertex -1.1 -11.9298 23.6
    endloop
  endfacet
  facet normal 1 0 0
    outer loop
      vertex -5.5 -11.9298 23.6
      vertex -5.5 -13.8 18
      vertex -5.5 -11.9298 12.6
    endloop
  endfacet
  facet normal 1 -0 0
    outer loop
      vertex -5.5 -14.4702 23.6
      vertex -5.5 -13.8 18
      vertex -5.5 -11.9298 23.6
    endloop
  endfacet
  facet normal 1 0 0
    outer loop
      vertex -5.5 -13.8 18
      vertex -5.5 -14.4702 23.6
      vertex -5.5 -14.4702 18
    endloop
  endfacet
  facet normal 1 0 0
    outer loop
      vertex -5.5 -11.9298 12.6
      vertex -5.5 -13.8 18
      vertex -5.5 -13.8 12.6
    endloop
  endfacet
  facet normal 0.499979 -0.866037 -1.86915e-06
    outer loop
      vertex -5.5 -11.9298 23.6
      vertex -4.2359 -11.2 18
      vertex -3.3 -10.6597 23.6
    endloop
  endfacet
  facet normal 0.499985 -0.866034 0
    outer loop
      vertex -5.5 -11.9298 12.6
      vertex -4.2359 -11.2 18
      vertex -5.5 -11.9298 23.6
    endloop
  endfacet
  facet normal 0.499985 -0.866034 0
    outer loop
      vertex -4.2359 -11.2 18
      vertex -5.5 -11.9298 12.6
      vertex -4.2359 -11.2 12.6
    endloop
  endfacet
  facet normal 0.499971 -0.866042 0
    outer loop
      vertex -3.3 -10.6597 23.6
      vertex -4.2359 -11.2 18
      vertex -3.3 -10.6597 18
    endloop
  endfacet
  facet normal 0 0 1
    outer loop
      vertex -2.3641 -11.2 12.6
      vertex -1.1 -13.8 12.6
      vertex -1.1 -11.9298 12.6
    endloop
  endfacet
  facet normal -0 0 1
    outer loop
      vertex -4.2359 -11.2 12.6
      vertex -1.1 -13.8 12.6
      vertex -2.3641 -11.2 12.6
    endloop
  endfacet
  facet normal 0 0 1
    outer loop
      vertex -5.5 -13.8 12.6
      vertex -4.2359 -11.2 12.6
      vertex -5.5 -11.9298 12.6
    endloop
  endfacet
  facet normal 0 0 1
    outer loop
      vertex -4.2359 -11.2 12.6
      vertex -5.5 -13.8 12.6
      vertex -1.1 -13.8 12.6
    endloop
  endfacet
  facet normal -1 0 0
    outer loop
      vertex -1.1 -13.8 18
      vertex -1.1 -11.9298 12.6
      vertex -1.1 -13.8 12.6
    endloop
  endfacet
  facet normal -1 0 0
    outer loop
      vertex -1.1 -11.9298 12.6
      vertex -1.1 -13.8 18
      vertex -1.1 -11.9298 23.6
    endloop
  endfacet
  facet normal -1 0 0
    outer loop
      vertex -1.1 -14.4702 23.6
      vertex -1.1 -13.8 18
      vertex -1.1 -14.4702 18
    endloop
  endfacet
  facet normal -1 0 0
    outer loop
      vertex -1.1 -13.8 18
      vertex -1.1 -14.4702 23.6
      vertex -1.1 -11.9298 23.6
    endloop
  endfacet
  facet normal 0.499979 0.866037 -0
    outer loop
      vertex -3.3 -15.7403 18
      vertex -5.5 -14.4702 23.6
      vertex -3.3 -15.7403 23.6
    endloop
  endfacet
  facet normal 0.499979 0.866037 0
    outer loop
      vertex -5.5 -14.4702 23.6
      vertex -3.3 -15.7403 18
      vertex -5.5 -14.4702 18
    endloop
  endfacet
  facet normal -0.499979 0.866037 0
    outer loop
      vertex -1.1 -14.4702 18
      vertex -3.3 -15.7403 23.6
      vertex -1.1 -14.4702 23.6
    endloop
  endfacet
  facet normal -0.499979 0.866037 0
    outer loop
      vertex -3.3 -15.7403 23.6
      vertex -1.1 -14.4702 18
      vertex -3.3 -15.7403 18
    endloop
  endfacet
  facet normal -0.5 -0.866026 0
    outer loop
      vertex -3.3 -4.05966 18
      vertex -1.1 -5.32983 23.6
      vertex -3.3 -4.05966 23.6
    endloop
  endfacet
  facet normal -0.5 -0.866026 -0
    outer loop
      vertex -1.1 -5.32983 23.6
      vertex -3.3 -4.05966 18
      vertex -1.1 -5.32983 18
    endloop
  endfacet
  facet normal 1 0 0
    outer loop
      vertex -5.5 -5.32983 23.6
      vertex -5.5 -6.2 18
      vertex -5.5 -5.32983 18
    endloop
  endfacet
  facet normal 1 -0 0
    outer loop
      vertex -5.5 -7.87017 23.6
      vertex -5.5 -6.2 18
      vertex -5.5 -5.32983 23.6
    endloop
  endfacet
  facet normal 1 0 0
    outer loop
      vertex -5.5 -7.87017 12.6
      vertex -5.5 -6.2 18
      vertex -5.5 -7.87017 23.6
    endloop
  endfacet
  facet normal 1 0 0
    outer loop
      vertex -5.5 -6.2 18
      vertex -5.5 -7.87017 12.6
      vertex -5.5 -6.2 12.6
    endloop
  endfacet
  facet normal 0.5 -0.866026 0
    outer loop
      vertex -5.5 -5.32983 18
      vertex -3.3 -4.05966 23.6
      vertex -5.5 -5.32983 23.6
    endloop
  endfacet
  facet normal 0.5 -0.866026 0
    outer loop
      vertex -3.3 -4.05966 23.6
      vertex -5.5 -5.32983 18
      vertex -3.3 -4.05966 18
    endloop
  endfacet
  facet normal 0 0 1
    outer loop
      vertex -1.1 -6.2 12.6
      vertex -2.71051 -8.8 12.6
      vertex -1.1 -7.87017 12.6
    endloop
  endfacet
  facet normal 0 0 1
    outer loop
      vertex -1.1 -6.2 12.6
      vertex -3.88949 -8.8 12.6
      vertex -2.71051 -8.8 12.6
    endloop
  endfacet
  facet normal -0 0 1
    outer loop
      vertex -5.5 -6.2 12.6
      vertex -3.88949 -8.8 12.6
      vertex -1.1 -6.2 12.6
    endloop
  endfacet
  facet normal 0 0 1
    outer loop
      vertex -3.88949 -8.8 12.6
      vertex -5.5 -6.2 12.6
      vertex -5.5 -7.87017 12.6
    endloop
  endfacet
  facet normal -0.5 0.866026 -3.17259e-07
    outer loop
      vertex -1.1 -7.87017 23.6
      vertex -2.71051 -8.8 18
      vertex -3.3 -9.14034 23.6
    endloop
  endfacet
  facet normal -0.500001 0.866025 0
    outer loop
      vertex -1.1 -7.87017 12.6
      vertex -2.71051 -8.8 18
      vertex -1.1 -7.87017 23.6
    endloop
  endfacet
  facet normal -0.500001 0.866025 0
    outer loop
      vertex -2.71051 -8.8 18
      vertex -1.1 -7.87017 12.6
      vertex -2.71051 -8.8 12.6
    endloop
  endfacet
  facet normal -0.499998 0.866027 0
    outer loop
      vertex -3.3 -9.14034 23.6
      vertex -2.71051 -8.8 18
      vertex -3.3 -9.14034 18
    endloop
  endfacet
  facet normal 0.499998 0.866027 0
    outer loop
      vertex -3.88949 -8.8 18
      vertex -3.3 -9.14034 23.6
      vertex -3.3 -9.14034 18
    endloop
  endfacet
  facet normal 0.5 0.866026 -3.17259e-07
    outer loop
      vertex -3.3 -9.14034 23.6
      vertex -3.88949 -8.8 18
      vertex -5.5 -7.87017 23.6
    endloop
  endfacet
  facet normal 0.500001 0.866025 0
    outer loop
      vertex -5.5 -7.87017 12.6
      vertex -3.88949 -8.8 18
      vertex -3.88949 -8.8 12.6
    endloop
  endfacet
  facet normal 0.500001 0.866025 0
    outer loop
      vertex -3.88949 -8.8 18
      vertex -5.5 -7.87017 12.6
      vertex -5.5 -7.87017 23.6
    endloop
  endfacet
  facet normal -1 0 0
    outer loop
      vertex -1.1 -6.2 12.6
      vertex -1.1 -7.87017 12.6
      vertex -1.1 -6.2 18
    endloop
  endfacet
  facet normal -1 0 0
    outer loop
      vertex -1.1 -6.2 18
      vertex -1.1 -5.32983 23.6
      vertex -1.1 -5.32983 18
    endloop
  endfacet
  facet normal -1 0 0
    outer loop
      vertex -1.1 -7.87017 23.6
      vertex -1.1 -6.2 18
      vertex -1.1 -7.87017 12.6
    endloop
  endfacet
  facet normal -1 0 0
    outer loop
      vertex -1.1 -6.2 18
      vertex -1.1 -7.87017 23.6
      vertex -1.1 -5.32983 23.6
    endloop
  endfacet
  facet normal -0.5 -0.866026 0
    outer loop
      vertex -3.3 2.54034 12.6
      vertex -1.1 1.27017 23.6
      vertex -3.3 2.54034 23.6
    endloop
  endfacet
  facet normal -0.5 -0.866026 -0
    outer loop
      vertex -1.1 1.27017 23.6
      vertex -3.3 2.54034 12.6
      vertex -1.1 1.27017 12.6
    endloop
  endfacet
  facet normal 1 0 0
    outer loop
      vertex -5.5 1.27017 23.6
      vertex -5.5 1.2 18
      vertex -5.5 1.27017 12.6
    endloop
  endfacet
  facet normal 1 0 0
    outer loop
      vertex -5.5 1.27017 23.6
      vertex -5.5 -1.2 18
      vertex -5.5 1.2 18
    endloop
  endfacet
  facet normal 1 -0 0
    outer loop
      vertex -5.5 -1.27017 23.6
      vertex -5.5 -1.2 18
      vertex -5.5 1.27017 23.6
    endloop
  endfacet
  facet normal 1 0 0
    outer loop
      vertex -5.5 -1.27017 12.6
      vertex -5.5 -1.2 18
      vertex -5.5 -1.27017 23.6
    endloop
  endfacet
  facet normal 1 0 0
    outer loop
      vertex -5.5 -1.2 18
      vertex -5.5 -1.27017 12.6
      vertex -5.5 -1.2 12.6
    endloop
  endfacet
  facet normal 1 0 0
    outer loop
      vertex -5.5 1.27017 12.6
      vertex -5.5 1.2 18
      vertex -5.5 1.2 12.6
    endloop
  endfacet
  facet normal 0.5 -0.866026 0
    outer loop
      vertex -5.5 1.27017 12.6
      vertex -3.3 2.54034 23.6
      vertex -5.5 1.27017 23.6
    endloop
  endfacet
  facet normal 0.5 -0.866026 0
    outer loop
      vertex -3.3 2.54034 23.6
      vertex -5.5 1.27017 12.6
      vertex -3.3 2.54034 12.6
    endloop
  endfacet
  facet normal -1 0 0
    outer loop
      vertex -1.1 -1.2 12.6
      vertex -1.1 -1.27017 12.6
      vertex -1.1 -1.2 18
    endloop
  endfacet
  facet normal -1 0 0
    outer loop
      vertex -1.1 1.2 18
      vertex -1.1 1.27017 12.6
      vertex -1.1 1.2 12.6
    endloop
  endfacet
  facet normal -1 0 0
    outer loop
      vertex -1.1 1.27017 12.6
      vertex -1.1 1.2 18
      vertex -1.1 1.27017 23.6
    endloop
  endfacet
  facet normal -1 0 0
    outer loop
      vertex -1.1 -1.2 18
      vertex -1.1 1.27017 23.6
      vertex -1.1 1.2 18
    endloop
  endfacet
  facet normal -1 0 0
    outer loop
      vertex -1.1 -1.2 18
      vertex -1.1 -1.27017 23.6
      vertex -1.1 1.27017 23.6
    endloop
  endfacet
  facet normal -1 0 0
    outer loop
      vertex -1.1 -1.27017 23.6
      vertex -1.1 -1.2 18
      vertex -1.1 -1.27017 12.6
    endloop
  endfacet
  facet normal 0 0 1
    outer loop
      vertex -3.3 2.54034 12.6
      vertex -1.1 1.2 12.6
      vertex -1.1 1.27017 12.6
    endloop
  endfacet
  facet normal 0 0 1
    outer loop
      vertex -5.5 1.2 12.6
      vertex -3.3 2.54034 12.6
      vertex -5.5 1.27017 12.6
    endloop
  endfacet
  facet normal 0 0 1
    outer loop
      vertex -3.3 2.54034 12.6
      vertex -5.5 1.2 12.6
      vertex -1.1 1.2 12.6
    endloop
  endfacet
  facet normal 0 0 1
    outer loop
      vertex -1.1 -1.2 12.6
      vertex -3.3 -2.54034 12.6
      vertex -1.1 -1.27017 12.6
    endloop
  endfacet
  facet normal -0 0 1
    outer loop
      vertex -5.5 -1.2 12.6
      vertex -3.3 -2.54034 12.6
      vertex -1.1 -1.2 12.6
    endloop
  endfacet
  facet normal 0 0 1
    outer loop
      vertex -3.3 -2.54034 12.6
      vertex -5.5 -1.2 12.6
      vertex -5.5 -1.27017 12.6
    endloop
  endfacet
  facet normal -0.5 0.866026 0
    outer loop
      vertex -1.1 -1.27017 12.6
      vertex -3.3 -2.54034 23.6
      vertex -1.1 -1.27017 23.6
    endloop
  endfacet
  facet normal -0.5 0.866026 0
    outer loop
      vertex -3.3 -2.54034 23.6
      vertex -1.1 -1.27017 12.6
      vertex -3.3 -2.54034 12.6
    endloop
  endfacet
  facet normal 0.5 0.866026 -0
    outer loop
      vertex -3.3 -2.54034 12.6
      vertex -5.5 -1.27017 23.6
      vertex -3.3 -2.54034 23.6
    endloop
  endfacet
  facet normal 0.5 0.866026 0
    outer loop
      vertex -5.5 -1.27017 23.6
      vertex -3.3 -2.54034 12.6
      vertex -5.5 -1.27017 12.6
    endloop
  endfacet
  facet normal -0.499998 -0.866027 0
    outer loop
      vertex -2.71051 8.8 18
      vertex -3.3 9.14034 23.6
      vertex -3.3 9.14034 18
    endloop
  endfacet
  facet normal -0.5 -0.866026 -3.17259e-07
    outer loop
      vertex -3.3 9.14034 23.6
      vertex -2.71051 8.8 18
      vertex -1.1 7.87017 23.6
    endloop
  endfacet
  facet normal -0.500001 -0.866025 0
    outer loop
      vertex -1.1 7.87017 12.6
      vertex -2.71051 8.8 18
      vertex -2.71051 8.8 12.6
    endloop
  endfacet
  facet normal -0.500001 -0.866025 0
    outer loop
      vertex -2.71051 8.8 18
      vertex -1.1 7.87017 12.6
      vertex -1.1 7.87017 23.6
    endloop
  endfacet
  facet normal 1 0 0
    outer loop
      vertex -5.5 7.87017 23.6
      vertex -5.5 6.2 18
      vertex -5.5 7.87017 12.6
    endloop
  endfacet
  facet normal 1 -0 0
    outer loop
      vertex -5.5 5.32983 23.6
      vertex -5.5 6.2 18
      vertex -5.5 7.87017 23.6
    endloop
  endfacet
  facet normal 1 0 0
    outer loop
      vertex -5.5 6.2 18
      vertex -5.5 5.32983 23.6
      vertex -5.5 5.32983 18
    endloop
  endfacet
  facet normal 1 0 0
    outer loop
      vertex -5.5 7.87017 12.6
      vertex -5.5 6.2 18
      vertex -5.5 6.2 12.6
    endloop
  endfacet
  facet normal 0.5 -0.866026 -3.17259e-07
    outer loop
      vertex -5.5 7.87017 23.6
      vertex -3.88949 8.8 18
      vertex -3.3 9.14034 23.6
    endloop
  endfacet
  facet normal 0.500001 -0.866025 0
    outer loop
      vertex -5.5 7.87017 12.6
      vertex -3.88949 8.8 18
      vertex -5.5 7.87017 23.6
    endloop
  endfacet
  facet normal 0.500001 -0.866025 0
    outer loop
      vertex -3.88949 8.8 18
      vertex -5.5 7.87017 12.6
      vertex -3.88949 8.8 12.6
    endloop
  endfacet
  facet normal 0.499998 -0.866027 0
    outer loop
      vertex -3.3 9.14034 23.6
      vertex -3.88949 8.8 18
      vertex -3.3 9.14034 18
    endloop
  endfacet
  facet normal 0 0 1
    outer loop
      vertex -2.71051 8.8 12.6
      vertex -1.1 6.2 12.6
      vertex -1.1 7.87017 12.6
    endloop
  endfacet
  facet normal -0 0 1
    outer loop
      vertex -3.88949 8.8 12.6
      vertex -1.1 6.2 12.6
      vertex -2.71051 8.8 12.6
    endloop
  endfacet
  facet normal 0 0 1
    outer loop
      vertex -5.5 6.2 12.6
      vertex -3.88949 8.8 12.6
      vertex -5.5 7.87017 12.6
    endloop
  endfacet
  facet normal 0 0 1
    outer loop
      vertex -3.88949 8.8 12.6
      vertex -5.5 6.2 12.6
      vertex -1.1 6.2 12.6
    endloop
  endfacet
  facet normal -0.5 0.866026 0
    outer loop
      vertex -1.1 5.32983 18
      vertex -3.3 4.05966 23.6
      vertex -1.1 5.32983 23.6
    endloop
  endfacet
  facet normal -0.5 0.866026 0
    outer loop
      vertex -3.3 4.05966 23.6
      vertex -1.1 5.32983 18
      vertex -3.3 4.05966 18
    endloop
  endfacet
  facet normal 0.5 0.866026 -0
    outer loop
      vertex -3.3 4.05966 18
      vertex -5.5 5.32983 23.6
      vertex -3.3 4.05966 23.6
    endloop
  endfacet
  facet normal 0.5 0.866026 0
    outer loop
      vertex -5.5 5.32983 23.6
      vertex -3.3 4.05966 18
      vertex -5.5 5.32983 18
    endloop
  endfacet
  facet normal -1 0 0
    outer loop
      vertex -1.1 6.2 18
      vertex -1.1 7.87017 12.6
      vertex -1.1 6.2 12.6
    endloop
  endfacet
  facet normal -1 0 0
    outer loop
      vertex -1.1 7.87017 12.6
      vertex -1.1 6.2 18
      vertex -1.1 7.87017 23.6
    endloop
  endfacet
  facet normal -1 0 0
    outer loop
      vertex -1.1 5.32983 23.6
      vertex -1.1 6.2 18
      vertex -1.1 5.32983 18
    endloop
  endfacet
  facet normal -1 0 0
    outer loop
      vertex -1.1 6.2 18
      vertex -1.1 5.32983 23.6
      vertex -1.1 7.87017 23.6
    endloop
  endfacet
  facet normal -0.499979 -0.866037 0
    outer loop
      vertex -3.3 15.7403 18
      vertex -1.1 14.4702 23.6
      vertex -3.3 15.7403 23.6
    endloop
  endfacet
  facet normal -0.499979 -0.866037 -0
    outer loop
      vertex -1.1 14.4702 23.6
      vertex -3.3 15.7403 18
      vertex -1.1 14.4702 18
    endloop
  endfacet
  facet normal 1 0 0
    outer loop
      vertex -5.5 14.4702 23.6
      vertex -5.5 13.8 18
      vertex -5.5 14.4702 18
    endloop
  endfacet
  facet normal 1 -0 0
    outer loop
      vertex -5.5 11.9298 23.6
      vertex -5.5 13.8 18
      vertex -5.5 14.4702 23.6
    endloop
  endfacet
  facet normal 1 0 0
    outer loop
      vertex -5.5 11.9298 12.6
      vertex -5.5 13.8 18
      vertex -5.5 11.9298 23.6
    endloop
  endfacet
  facet normal 1 0 0
    outer loop
      vertex -5.5 13.8 18
      vertex -5.5 11.9298 12.6
      vertex -5.5 13.8 12.6
    endloop
  endfacet
  facet normal 0.499979 -0.866037 0
    outer loop
      vertex -5.5 14.4702 18
      vertex -3.3 15.7403 23.6
      vertex -5.5 14.4702 23.6
    endloop
  endfacet
  facet normal 0.499979 -0.866037 0
    outer loop
      vertex -3.3 15.7403 23.6
      vertex -5.5 14.4702 18
      vertex -3.3 15.7403 18
    endloop
  endfacet
  facet normal 0 0 1
    outer loop
      vertex -1.1 13.8 12.6
      vertex -2.3641 11.2 12.6
      vertex -1.1 11.9298 12.6
    endloop
  endfacet
  facet normal 0 0 1
    outer loop
      vertex -1.1 13.8 12.6
      vertex -4.2359 11.2 12.6
      vertex -2.3641 11.2 12.6
    endloop
  endfacet
  facet normal -0 0 1
    outer loop
      vertex -5.5 13.8 12.6
      vertex -4.2359 11.2 12.6
      vertex -1.1 13.8 12.6
    endloop
  endfacet
  facet normal 0 0 1
    outer loop
      vertex -4.2359 11.2 12.6
      vertex -5.5 13.8 12.6
      vertex -5.5 11.9298 12.6
    endloop
  endfacet
  facet normal -1 0 0
    outer loop
      vertex -1.1 13.8 12.6
      vertex -1.1 11.9298 12.6
      vertex -1.1 13.8 18
    endloop
  endfacet
  facet normal -1 0 0
    outer loop
      vertex -1.1 13.8 18
      vertex -1.1 14.4702 23.6
      vertex -1.1 14.4702 18
    endloop
  endfacet
  facet normal -1 0 0
    outer loop
      vertex -1.1 11.9298 23.6
      vertex -1.1 13.8 18
      vertex -1.1 11.9298 12.6
    endloop
  endfacet
  facet normal -1 0 0
    outer loop
      vertex -1.1 13.8 18
      vertex -1.1 11.9298 23.6
      vertex -1.1 14.4702 23.6
    endloop
  endfacet
  facet normal 0.499971 0.866042 0
    outer loop
      vertex -4.2359 11.2 18
      vertex -3.3 10.6597 23.6
      vertex -3.3 10.6597 18
    endloop
  endfacet
  facet normal 0.499979 0.866037 -1.86915e-06
    outer loop
      vertex -3.3 10.6597 23.6
      vertex -4.2359 11.2 18
      vertex -5.5 11.9298 23.6
    endloop
  endfacet
  facet normal 0.499985 0.866034 0
    outer loop
      vertex -5.5 11.9298 12.6
      vertex -4.2359 11.2 18
      vertex -4.2359 11.2 12.6
    endloop
  endfacet
  facet normal 0.499985 0.866034 0
    outer loop
      vertex -4.2359 11.2 18
      vertex -5.5 11.9298 12.6
      vertex -5.5 11.9298 23.6
    endloop
  endfacet
  facet normal -0.499979 0.866037 -1.86915e-06
    outer loop
      vertex -1.1 11.9298 23.6
      vertex -2.3641 11.2 18
      vertex -3.3 10.6597 23.6
    endloop
  endfacet
  facet normal -0.499985 0.866034 0
    outer loop
      vertex -1.1 11.9298 12.6
      vertex -2.3641 11.2 18
      vertex -1.1 11.9298 23.6
    endloop
  endfacet
  facet normal -0.499985 0.866034 0
    outer loop
      vertex -2.3641 11.2 18
      vertex -1.1 11.9298 12.6
      vertex -2.3641 11.2 12.6
    endloop
  endfacet
  facet normal -0.499971 0.866042 0
    outer loop
      vertex -3.3 10.6597 23.6
      vertex -2.3641 11.2 18
      vertex -3.3 10.6597 18
    endloop
  endfacet
  facet normal -0.499971 -0.866042 0
    outer loop
      vertex 4.2359 -11.2 18
      vertex 3.3 -10.6597 23.6
      vertex 3.3 -10.6597 18
    endloop
  endfacet
  facet normal -0.499979 -0.866037 -1.86915e-06
    outer loop
      vertex 3.3 -10.6597 23.6
      vertex 4.2359 -11.2 18
      vertex 5.5 -11.9298 23.6
    endloop
  endfacet
  facet normal -0.499985 -0.866034 0
    outer loop
      vertex 5.5 -11.9298 12.6
      vertex 4.2359 -11.2 18
      vertex 4.2359 -11.2 12.6
    endloop
  endfacet
  facet normal -0.499985 -0.866034 0
    outer loop
      vertex 4.2359 -11.2 18
      vertex 5.5 -11.9298 12.6
      vertex 5.5 -11.9298 23.6
    endloop
  endfacet
  facet normal 0.499979 -0.866037 -1.86915e-06
    outer loop
      vertex 1.1 -11.9298 23.6
      vertex 2.3641 -11.2 18
      vertex 3.3 -10.6597 23.6
    endloop
  endfacet
  facet normal 0.499985 -0.866034 0
    outer loop
      vertex 1.1 -11.9298 12.6
      vertex 2.3641 -11.2 18
      vertex 1.1 -11.9298 23.6
    endloop
  endfacet
  facet normal 0.499985 -0.866034 0
    outer loop
      vertex 2.3641 -11.2 18
      vertex 1.1 -11.9298 12.6
      vertex 2.3641 -11.2 12.6
    endloop
  endfacet
  facet normal 0.499971 -0.866042 0
    outer loop
      vertex 3.3 -10.6597 23.6
      vertex 2.3641 -11.2 18
      vertex 3.3 -10.6597 18
    endloop
  endfacet
  facet normal -0.499979 0.866037 0
    outer loop
      vertex 5.5 -14.4702 18
      vertex 3.3 -15.7403 23.6
      vertex 5.5 -14.4702 23.6
    endloop
  endfacet
  facet normal -0.499979 0.866037 0
    outer loop
      vertex 3.3 -15.7403 23.6
      vertex 5.5 -14.4702 18
      vertex 3.3 -15.7403 18
    endloop
  endfacet
  facet normal 1 0 0
    outer loop
      vertex 1.1 -11.9298 23.6
      vertex 1.1 -13.8 18
      vertex 1.1 -11.9298 12.6
    endloop
  endfacet
  facet normal 1 -0 0
    outer loop
      vertex 1.1 -14.4702 23.6
      vertex 1.1 -13.8 18
      vertex 1.1 -11.9298 23.6
    endloop
  endfacet
  facet normal 1 0 0
    outer loop
      vertex 1.1 -13.8 18
      vertex 1.1 -14.4702 23.6
      vertex 1.1 -14.4702 18
    endloop
  endfacet
  facet normal 1 0 0
    outer loop
      vertex 1.1 -11.9298 12.6
      vertex 1.1 -13.8 18
      vertex 1.1 -13.8 12.6
    endloop
  endfacet
  facet normal 0 0 1
    outer loop
      vertex 4.2359 -11.2 12.6
      vertex 5.5 -13.8 12.6
      vertex 5.5 -11.9298 12.6
    endloop
  endfacet
  facet normal -0 0 1
    outer loop
      vertex 2.3641 -11.2 12.6
      vertex 5.5 -13.8 12.6
      vertex 4.2359 -11.2 12.6
    endloop
  endfacet
  facet normal 0 0 1
    outer loop
      vertex 1.1 -13.8 12.6
      vertex 2.3641 -11.2 12.6
      vertex 1.1 -11.9298 12.6
    endloop
  endfacet
  facet normal 0 0 1
    outer loop
      vertex 2.3641 -11.2 12.6
      vertex 1.1 -13.8 12.6
      vertex 5.5 -13.8 12.6
    endloop
  endfacet
  facet normal 0.499979 0.866037 -0
    outer loop
      vertex 3.3 -15.7403 18
      vertex 1.1 -14.4702 23.6
      vertex 3.3 -15.7403 23.6
    endloop
  endfacet
  facet normal 0.499979 0.866037 0
    outer loop
      vertex 1.1 -14.4702 23.6
      vertex 3.3 -15.7403 18
      vertex 1.1 -14.4702 18
    endloop
  endfacet
  facet normal -1 0 0
    outer loop
      vertex 5.5 -13.8 18
      vertex 5.5 -11.9298 12.6
      vertex 5.5 -13.8 12.6
    endloop
  endfacet
  facet normal -1 0 0
    outer loop
      vertex 5.5 -11.9298 12.6
      vertex 5.5 -13.8 18
      vertex 5.5 -11.9298 23.6
    endloop
  endfacet
  facet normal -1 0 0
    outer loop
      vertex 5.5 -14.4702 23.6
      vertex 5.5 -13.8 18
      vertex 5.5 -14.4702 18
    endloop
  endfacet
  facet normal -1 0 0
    outer loop
      vertex 5.5 -13.8 18
      vertex 5.5 -14.4702 23.6
      vertex 5.5 -11.9298 23.6
    endloop
  endfacet
  facet normal -0.5 -0.866026 0
    outer loop
      vertex 3.3 -4.05966 18
      vertex 5.5 -5.32983 23.6
      vertex 3.3 -4.05966 23.6
    endloop
  endfacet
  facet normal -0.5 -0.866026 -0
    outer loop
      vertex 5.5 -5.32983 23.6
      vertex 3.3 -4.05966 18
      vertex 5.5 -5.32983 18
    endloop
  endfacet
  facet normal 0.499998 0.866027 0
    outer loop
      vertex 2.71051 -8.8 18
      vertex 3.3 -9.14034 23.6
      vertex 3.3 -9.14034 18
    endloop
  endfacet
  facet normal 0.5 0.866026 -3.17259e-07
    outer loop
      vertex 3.3 -9.14034 23.6
      vertex 2.71051 -8.8 18
      vertex 1.1 -7.87017 23.6
    endloop
  endfacet
  facet normal 0.500001 0.866025 0
    outer loop
      vertex 1.1 -7.87017 12.6
      vertex 2.71051 -8.8 18
      vertex 2.71051 -8.8 12.6
    endloop
  endfacet
  facet normal 0.500001 0.866025 0
    outer loop
      vertex 2.71051 -8.8 18
      vertex 1.1 -7.87017 12.6
      vertex 1.1 -7.87017 23.6
    endloop
  endfacet
  facet normal 0.5 -0.866026 0
    outer loop
      vertex 1.1 -5.32983 18
      vertex 3.3 -4.05966 23.6
      vertex 1.1 -5.32983 23.6
    endloop
  endfacet
  facet normal 0.5 -0.866026 0
    outer loop
      vertex 3.3 -4.05966 23.6
      vertex 1.1 -5.32983 18
      vertex 3.3 -4.05966 18
    endloop
  endfacet
  facet normal -0.5 0.866026 -3.17259e-07
    outer loop
      vertex 5.5 -7.87017 23.6
      vertex 3.88949 -8.8 18
      vertex 3.3 -9.14034 23.6
    endloop
  endfacet
  facet normal -0.500001 0.866025 0
    outer loop
      vertex 5.5 -7.87017 12.6
      vertex 3.88949 -8.8 18
      vertex 5.5 -7.87017 23.6
    endloop
  endfacet
  facet normal -0.500001 0.866025 0
    outer loop
      vertex 3.88949 -8.8 18
      vertex 5.5 -7.87017 12.6
      vertex 3.88949 -8.8 12.6
    endloop
  endfacet
  facet normal -0.499998 0.866027 0
    outer loop
      vertex 3.3 -9.14034 23.6
      vertex 3.88949 -8.8 18
      vertex 3.3 -9.14034 18
    endloop
  endfacet
  facet normal 1 0 0
    outer loop
      vertex 1.1 -5.32983 23.6
      vertex 1.1 -6.2 18
      vertex 1.1 -5.32983 18
    endloop
  endfacet
  facet normal 1 -0 0
    outer loop
      vertex 1.1 -7.87017 23.6
      vertex 1.1 -6.2 18
      vertex 1.1 -5.32983 23.6
    endloop
  endfacet
  facet normal 1 0 0
    outer loop
      vertex 1.1 -7.87017 12.6
      vertex 1.1 -6.2 18
      vertex 1.1 -7.87017 23.6
    endloop
  endfacet
  facet normal 1 0 0
    outer loop
      vertex 1.1 -6.2 18
      vertex 1.1 -7.87017 12.6
      vertex 1.1 -6.2 12.6
    endloop
  endfacet
  facet normal 0 0 1
    outer loop
      vertex 5.5 -6.2 12.6
      vertex 3.88949 -8.8 12.6
      vertex 5.5 -7.87017 12.6
    endloop
  endfacet
  facet normal 0 0 1
    outer loop
      vertex 5.5 -6.2 12.6
      vertex 2.71051 -8.8 12.6
      vertex 3.88949 -8.8 12.6
    endloop
  endfacet
  facet normal -0 0 1
    outer loop
      vertex 1.1 -6.2 12.6
      vertex 2.71051 -8.8 12.6
      vertex 5.5 -6.2 12.6
    endloop
  endfacet
  facet normal 0 0 1
    outer loop
      vertex 2.71051 -8.8 12.6
      vertex 1.1 -6.2 12.6
      vertex 1.1 -7.87017 12.6
    endloop
  endfacet
  facet normal -1 0 0
    outer loop
      vertex 5.5 -6.2 12.6
      vertex 5.5 -7.87017 12.6
      vertex 5.5 -6.2 18
    endloop
  endfacet
  facet normal -1 0 0
    outer loop
      vertex 5.5 -6.2 18
      vertex 5.5 -5.32983 23.6
      vertex 5.5 -5.32983 18
    endloop
  endfacet
  facet normal -1 0 0
    outer loop
      vertex 5.5 -7.87017 23.6
      vertex 5.5 -6.2 18
      vertex 5.5 -7.87017 12.6
    endloop
  endfacet
  facet normal -1 0 0
    outer loop
      vertex 5.5 -6.2 18
      vertex 5.5 -7.87017 23.6
      vertex 5.5 -5.32983 23.6
    endloop
  endfacet
  facet normal -0.5 -0.866026 0
    outer loop
      vertex 3.3 2.54034 12.6
      vertex 5.5 1.27017 23.6
      vertex 3.3 2.54034 23.6
    endloop
  endfacet
  facet normal -0.5 -0.866026 -0
    outer loop
      vertex 5.5 1.27017 23.6
      vertex 3.3 2.54034 12.6
      vertex 5.5 1.27017 12.6
    endloop
  endfacet
  facet normal 0.5 0.866026 -0
    outer loop
      vertex 3.3 -2.54034 12.6
      vertex 1.1 -1.27017 23.6
      vertex 3.3 -2.54034 23.6
    endloop
  endfacet
  facet normal 0.5 0.866026 0
    outer loop
      vertex 1.1 -1.27017 23.6
      vertex 3.3 -2.54034 12.6
      vertex 1.1 -1.27017 12.6
    endloop
  endfacet
  facet normal 0.5 -0.866026 0
    outer loop
      vertex 1.1 1.27017 12.6
      vertex 3.3 2.54034 23.6
      vertex 1.1 1.27017 23.6
    endloop
  endfacet
  facet normal 0.5 -0.866026 0
    outer loop
      vertex 3.3 2.54034 23.6
      vertex 1.1 1.27017 12.6
      vertex 3.3 2.54034 12.6
    endloop
  endfacet
  facet normal 1 0 0
    outer loop
      vertex 1.1 1.27017 23.6
      vertex 1.1 1.2 18
      vertex 1.1 1.27017 12.6
    endloop
  endfacet
  facet normal 1 0 0
    outer loop
      vertex 1.1 1.27017 23.6
      vertex 1.1 -1.2 18
      vertex 1.1 1.2 18
    endloop
  endfacet
  facet normal 1 -0 0
    outer loop
      vertex 1.1 -1.27017 23.6
      vertex 1.1 -1.2 18
      vertex 1.1 1.27017 23.6
    endloop
  endfacet
  facet normal 1 0 0
    outer loop
      vertex 1.1 -1.27017 12.6
      vertex 1.1 -1.2 18
      vertex 1.1 -1.27017 23.6
    endloop
  endfacet
  facet normal 1 0 0
    outer loop
      vertex 1.1 -1.2 18
      vertex 1.1 -1.27017 12.6
      vertex 1.1 -1.2 12.6
    endloop
  endfacet
  facet normal 1 0 0
    outer loop
      vertex 1.1 1.27017 12.6
      vertex 1.1 1.2 18
      vertex 1.1 1.2 12.6
    endloop
  endfacet
  facet normal 0 0 1
    outer loop
      vertex 3.3 2.54034 12.6
      vertex 5.5 1.2 12.6
      vertex 5.5 1.27017 12.6
    endloop
  endfacet
  facet normal 0 0 1
    outer loop
      vertex 1.1 1.2 12.6
      vertex 3.3 2.54034 12.6
      vertex 1.1 1.27017 12.6
    endloop
  endfacet
  facet normal 0 0 1
    outer loop
      vertex 3.3 2.54034 12.6
      vertex 1.1 1.2 12.6
      vertex 5.5 1.2 12.6
    endloop
  endfacet
  facet normal 0 0 1
    outer loop
      vertex 5.5 -1.2 12.6
      vertex 3.3 -2.54034 12.6
      vertex 5.5 -1.27017 12.6
    endloop
  endfacet
  facet normal -0 0 1
    outer loop
      vertex 1.1 -1.2 12.6
      vertex 3.3 -2.54034 12.6
      vertex 5.5 -1.2 12.6
    endloop
  endfacet
  facet normal 0 0 1
    outer loop
      vertex 3.3 -2.54034 12.6
      vertex 1.1 -1.2 12.6
      vertex 1.1 -1.27017 12.6
    endloop
  endfacet
  facet normal -1 0 0
    outer loop
      vertex 5.5 -1.2 12.6
      vertex 5.5 -1.27017 12.6
      vertex 5.5 -1.2 18
    endloop
  endfacet
  facet normal -1 0 0
    outer loop
      vertex 5.5 1.2 18
      vertex 5.5 1.27017 12.6
      vertex 5.5 1.2 12.6
    endloop
  endfacet
  facet normal -1 0 0
    outer loop
      vertex 5.5 1.27017 12.6
      vertex 5.5 1.2 18
      vertex 5.5 1.27017 23.6
    endloop
  endfacet
  facet normal -1 0 0
    outer loop
      vertex 5.5 -1.2 18
      vertex 5.5 1.27017 23.6
      vertex 5.5 1.2 18
    endloop
  endfacet
  facet normal -1 0 0
    outer loop
      vertex 5.5 -1.2 18
      vertex 5.5 -1.27017 23.6
      vertex 5.5 1.27017 23.6
    endloop
  endfacet
  facet normal -1 0 0
    outer loop
      vertex 5.5 -1.27017 23.6
      vertex 5.5 -1.2 18
      vertex 5.5 -1.27017 12.6
    endloop
  endfacet
  facet normal -0.5 0.866026 0
    outer loop
      vertex 5.5 -1.27017 12.6
      vertex 3.3 -2.54034 23.6
      vertex 5.5 -1.27017 23.6
    endloop
  endfacet
  facet normal -0.5 0.866026 0
    outer loop
      vertex 3.3 -2.54034 23.6
      vertex 5.5 -1.27017 12.6
      vertex 3.3 -2.54034 12.6
    endloop
  endfacet
  facet normal -0.499998 -0.866027 0
    outer loop
      vertex 3.88949 8.8 18
      vertex 3.3 9.14034 23.6
      vertex 3.3 9.14034 18
    endloop
  endfacet
  facet normal -0.5 -0.866026 -3.17259e-07
    outer loop
      vertex 3.3 9.14034 23.6
      vertex 3.88949 8.8 18
      vertex 5.5 7.87017 23.6
    endloop
  endfacet
  facet normal -0.500001 -0.866025 0
    outer loop
      vertex 5.5 7.87017 12.6
      vertex 3.88949 8.8 18
      vertex 3.88949 8.8 12.6
    endloop
  endfacet
  facet normal -0.500001 -0.866025 0
    outer loop
      vertex 3.88949 8.8 18
      vertex 5.5 7.87017 12.6
      vertex 5.5 7.87017 23.6
    endloop
  endfacet
  facet normal 0.5 -0.866026 -3.17259e-07
    outer loop
      vertex 1.1 7.87017 23.6
      vertex 2.71051 8.8 18
      vertex 3.3 9.14034 23.6
    endloop
  endfacet
  facet normal 0.500001 -0.866025 0
    outer loop
      vertex 1.1 7.87017 12.6
      vertex 2.71051 8.8 18
      vertex 1.1 7.87017 23.6
    endloop
  endfacet
  facet normal 0.500001 -0.866025 0
    outer loop
      vertex 2.71051 8.8 18
      vertex 1.1 7.87017 12.6
      vertex 2.71051 8.8 12.6
    endloop
  endfacet
  facet normal 0.499998 -0.866027 0
    outer loop
      vertex 3.3 9.14034 23.6
      vertex 2.71051 8.8 18
      vertex 3.3 9.14034 18
    endloop
  endfacet
  facet normal 1 0 0
    outer loop
      vertex 1.1 7.87017 23.6
      vertex 1.1 6.2 18
      vertex 1.1 7.87017 12.6
    endloop
  endfacet
  facet normal 1 -0 0
    outer loop
      vertex 1.1 5.32983 23.6
      vertex 1.1 6.2 18
      vertex 1.1 7.87017 23.6
    endloop
  endfacet
  facet normal 1 0 0
    outer loop
      vertex 1.1 6.2 18
      vertex 1.1 5.32983 23.6
      vertex 1.1 5.32983 18
    endloop
  endfacet
  facet normal 1 0 0
    outer loop
      vertex 1.1 7.87017 12.6
      vertex 1.1 6.2 18
      vertex 1.1 6.2 12.6
    endloop
  endfacet
  facet normal 0 0 1
    outer loop
      vertex 3.88949 8.8 12.6
      vertex 5.5 6.2 12.6
      vertex 5.5 7.87017 12.6
    endloop
  endfacet
  facet normal -0 0 1
    outer loop
      vertex 2.71051 8.8 12.6
      vertex 5.5 6.2 12.6
      vertex 3.88949 8.8 12.6
    endloop
  endfacet
  facet normal 0 0 1
    outer loop
      vertex 1.1 6.2 12.6
      vertex 2.71051 8.8 12.6
      vertex 1.1 7.87017 12.6
    endloop
  endfacet
  facet normal 0 0 1
    outer loop
      vertex 2.71051 8.8 12.6
      vertex 1.1 6.2 12.6
      vertex 5.5 6.2 12.6
    endloop
  endfacet
  facet normal 0.5 0.866026 -0
    outer loop
      vertex 3.3 4.05966 18
      vertex 1.1 5.32983 23.6
      vertex 3.3 4.05966 23.6
    endloop
  endfacet
  facet normal 0.5 0.866026 0
    outer loop
      vertex 1.1 5.32983 23.6
      vertex 3.3 4.05966 18
      vertex 1.1 5.32983 18
    endloop
  endfacet
  facet normal -1 0 0
    outer loop
      vertex 5.5 6.2 18
      vertex 5.5 7.87017 12.6
      vertex 5.5 6.2 12.6
    endloop
  endfacet
  facet normal -1 0 0
    outer loop
      vertex 5.5 7.87017 12.6
      vertex 5.5 6.2 18
      vertex 5.5 7.87017 23.6
    endloop
  endfacet
  facet normal -1 0 0
    outer loop
      vertex 5.5 5.32983 23.6
      vertex 5.5 6.2 18
      vertex 5.5 5.32983 18
    endloop
  endfacet
  facet normal -1 0 0
    outer loop
      vertex 5.5 6.2 18
      vertex 5.5 5.32983 23.6
      vertex 5.5 7.87017 23.6
    endloop
  endfacet
  facet normal -0.5 0.866026 0
    outer loop
      vertex 5.5 5.32983 18
      vertex 3.3 4.05966 23.6
      vertex 5.5 5.32983 23.6
    endloop
  endfacet
  facet normal -0.5 0.866026 0
    outer loop
      vertex 3.3 4.05966 23.6
      vertex 5.5 5.32983 18
      vertex 3.3 4.05966 18
    endloop
  endfacet
  facet normal -0.499979 -0.866037 0
    outer loop
      vertex 3.3 15.7403 18
      vertex 5.5 14.4702 23.6
      vertex 3.3 15.7403 23.6
    endloop
  endfacet
  facet normal -0.499979 -0.866037 -0
    outer loop
      vertex 5.5 14.4702 23.6
      vertex 3.3 15.7403 18
      vertex 5.5 14.4702 18
    endloop
  endfacet
  facet normal 0.499971 0.866042 0
    outer loop
      vertex 2.3641 11.2 18
      vertex 3.3 10.6597 23.6
      vertex 3.3 10.6597 18
    endloop
  endfacet
  facet normal 0.499979 0.866037 -1.86915e-06
    outer loop
      vertex 3.3 10.6597 23.6
      vertex 2.3641 11.2 18
      vertex 1.1 11.9298 23.6
    endloop
  endfacet
  facet normal 0.499985 0.866034 0
    outer loop
      vertex 1.1 11.9298 12.6
      vertex 2.3641 11.2 18
      vertex 2.3641 11.2 12.6
    endloop
  endfacet
  facet normal 0.499985 0.866034 0
    outer loop
      vertex 2.3641 11.2 18
      vertex 1.1 11.9298 12.6
      vertex 1.1 11.9298 23.6
    endloop
  endfacet
  facet normal 0.499979 -0.866037 0
    outer loop
      vertex 1.1 14.4702 18
      vertex 3.3 15.7403 23.6
      vertex 1.1 14.4702 23.6
    endloop
  endfacet
  facet normal 0.499979 -0.866037 0
    outer loop
      vertex 3.3 15.7403 23.6
      vertex 1.1 14.4702 18
      vertex 3.3 15.7403 18
    endloop
  endfacet
  facet normal 1 0 0
    outer loop
      vertex 1.1 14.4702 23.6
      vertex 1.1 13.8 18
      vertex 1.1 14.4702 18
    endloop
  endfacet
  facet normal 1 -0 0
    outer loop
      vertex 1.1 11.9298 23.6
      vertex 1.1 13.8 18
      vertex 1.1 14.4702 23.6
    endloop
  endfacet
  facet normal 1 0 0
    outer loop
      vertex 1.1 11.9298 12.6
      vertex 1.1 13.8 18
      vertex 1.1 11.9298 23.6
    endloop
  endfacet
  facet normal 1 0 0
    outer loop
      vertex 1.1 13.8 18
      vertex 1.1 11.9298 12.6
      vertex 1.1 13.8 12.6
    endloop
  endfacet
  facet normal 0 0 1
    outer loop
      vertex 5.5 13.8 12.6
      vertex 4.2359 11.2 12.6
      vertex 5.5 11.9298 12.6
    endloop
  endfacet
  facet normal 0 0 1
    outer loop
      vertex 5.5 13.8 12.6
      vertex 2.3641 11.2 12.6
      vertex 4.2359 11.2 12.6
    endloop
  endfacet
  facet normal -0 0 1
    outer loop
      vertex 1.1 13.8 12.6
      vertex 2.3641 11.2 12.6
      vertex 5.5 13.8 12.6
    endloop
  endfacet
  facet normal 0 0 1
    outer loop
      vertex 2.3641 11.2 12.6
      vertex 1.1 13.8 12.6
      vertex 1.1 11.9298 12.6
    endloop
  endfacet
  facet normal -1 0 0
    outer loop
      vertex 5.5 13.8 12.6
      vertex 5.5 11.9298 12.6
      vertex 5.5 13.8 18
    endloop
  endfacet
  facet normal -1 0 0
    outer loop
      vertex 5.5 13.8 18
      vertex 5.5 14.4702 23.6
      vertex 5.5 14.4702 18
    endloop
  endfacet
  facet normal -1 0 0
    outer loop
      vertex 5.5 11.9298 23.6
      vertex 5.5 13.8 18
      vertex 5.5 11.9298 12.6
    endloop
  endfacet
  facet normal -1 0 0
    outer loop
      vertex 5.5 13.8 18
      vertex 5.5 11.9298 23.6
      vertex 5.5 14.4702 23.6
    endloop
  endfacet
  facet normal -0.499979 0.866037 -1.86915e-06
    outer loop
      vertex 5.5 11.9298 23.6
      vertex 4.2359 11.2 18
      vertex 3.3 10.6597 23.6
    endloop
  endfacet
  facet normal -0.499985 0.866034 0
    outer loop
      vertex 5.5 11.9298 12.6
      vertex 4.2359 11.2 18
      vertex 5.5 11.9298 23.6
    endloop
  endfacet
  facet normal -0.499985 0.866034 0
    outer loop
      vertex 4.2359 11.2 18
      vertex 5.5 11.9298 12.6
      vertex 4.2359 11.2 12.6
    endloop
  endfacet
  facet normal -0.499971 0.866042 0
    outer loop
      vertex 3.3 10.6597 23.6
      vertex 4.2359 11.2 18
      vertex 3.3 10.6597 18
    endloop
  endfacet
  facet normal -0.499971 -0.866042 0
    outer loop
      vertex 10.8359 -11.2 18
      vertex 9.9 -10.6597 23.6
      vertex 9.9 -10.6597 18
    endloop
  endfacet
  facet normal -0.499979 -0.866037 -1.86915e-06
    outer loop
      vertex 9.9 -10.6597 23.6
      vertex 10.8359 -11.2 18
      vertex 12.1 -11.9298 23.6
    endloop
  endfacet
  facet normal -0.499985 -0.866034 0
    outer loop
      vertex 12.1 -11.9298 12.6
      vertex 10.8359 -11.2 18
      vertex 10.8359 -11.2 12.6
    endloop
  endfacet
  facet normal -0.499985 -0.866034 0
    outer loop
      vertex 10.8359 -11.2 18
      vertex 12.1 -11.9298 12.6
      vertex 12.1 -11.9298 23.6
    endloop
  endfacet
  facet normal 1 0 0
    outer loop
      vertex 7.7 -11.9298 23.6
      vertex 7.7 -13.8 18
      vertex 7.7 -11.9298 12.6
    endloop
  endfacet
  facet normal 1 -0 0
    outer loop
      vertex 7.7 -14.4702 23.6
      vertex 7.7 -13.8 18
      vertex 7.7 -11.9298 23.6
    endloop
  endfacet
  facet normal 1 0 0
    outer loop
      vertex 7.7 -13.8 18
      vertex 7.7 -14.4702 23.6
      vertex 7.7 -14.4702 18
    endloop
  endfacet
  facet normal 1 0 0
    outer loop
      vertex 7.7 -11.9298 12.6
      vertex 7.7 -13.8 18
      vertex 7.7 -13.8 12.6
    endloop
  endfacet
  facet normal 0.499979 -0.866037 -1.86915e-06
    outer loop
      vertex 7.7 -11.9298 23.6
      vertex 8.9641 -11.2 18
      vertex 9.9 -10.6597 23.6
    endloop
  endfacet
  facet normal 0.499985 -0.866034 0
    outer loop
      vertex 7.7 -11.9298 12.6
      vertex 8.9641 -11.2 18
      vertex 7.7 -11.9298 23.6
    endloop
  endfacet
  facet normal 0.499985 -0.866034 0
    outer loop
      vertex 8.9641 -11.2 18
      vertex 7.7 -11.9298 12.6
      vertex 8.9641 -11.2 12.6
    endloop
  endfacet
  facet normal 0.499971 -0.866042 0
    outer loop
      vertex 9.9 -10.6597 23.6
      vertex 8.9641 -11.2 18
      vertex 9.9 -10.6597 18
    endloop
  endfacet
  facet normal 0 0 1
    outer loop
      vertex 10.8359 -11.2 12.6
      vertex 12.1 -13.8 12.6
      vertex 12.1 -11.9298 12.6
    endloop
  endfacet
  facet normal -0 0 1
    outer loop
      vertex 8.9641 -11.2 12.6
      vertex 12.1 -13.8 12.6
      vertex 10.8359 -11.2 12.6
    endloop
  endfacet
  facet normal 0 0 1
    outer loop
      vertex 7.7 -13.8 12.6
      vertex 8.9641 -11.2 12.6
      vertex 7.7 -11.9298 12.6
    endloop
  endfacet
  facet normal 0 0 1
    outer loop
      vertex 8.9641 -11.2 12.6
      vertex 7.7 -13.8 12.6
      vertex 12.1 -13.8 12.6
    endloop
  endfacet
  facet normal -1 0 0
    outer loop
      vertex 12.1 -13.8 18
      vertex 12.1 -11.9298 12.6
      vertex 12.1 -13.8 12.6
    endloop
  endfacet
  facet normal -1 0 0
    outer loop
      vertex 12.1 -11.9298 12.6
      vertex 12.1 -13.8 18
      vertex 12.1 -11.9298 23.6
    endloop
  endfacet
  facet normal -1 0 0
    outer loop
      vertex 12.1 -14.4702 23.6
      vertex 12.1 -13.8 18
      vertex 12.1 -14.4702 18
    endloop
  endfacet
  facet normal -1 0 0
    outer loop
      vertex 12.1 -13.8 18
      vertex 12.1 -14.4702 23.6
      vertex 12.1 -11.9298 23.6
    endloop
  endfacet
  facet normal 0.499979 0.866037 -0
    outer loop
      vertex 9.9 -15.7403 18
      vertex 7.7 -14.4702 23.6
      vertex 9.9 -15.7403 23.6
    endloop
  endfacet
  facet normal 0.499979 0.866037 0
    outer loop
      vertex 7.7 -14.4702 23.6
      vertex 9.9 -15.7403 18
      vertex 7.7 -14.4702 18
    endloop
  endfacet
  facet normal -0.499979 0.866037 0
    outer loop
      vertex 12.1 -14.4702 18
      vertex 9.9 -15.7403 23.6
      vertex 12.1 -14.4702 23.6
    endloop
  endfacet
  facet normal -0.499979 0.866037 0
    outer loop
      vertex 9.9 -15.7403 23.6
      vertex 12.1 -14.4702 18
      vertex 9.9 -15.7403 18
    endloop
  endfacet
  facet normal -0.5 -0.866026 0
    outer loop
      vertex 9.9 -4.05966 18
      vertex 12.1 -5.32983 23.6
      vertex 9.9 -4.05966 23.6
    endloop
  endfacet
  facet normal -0.5 -0.866026 -0
    outer loop
      vertex 12.1 -5.32983 23.6
      vertex 9.9 -4.05966 18
      vertex 12.1 -5.32983 18
    endloop
  endfacet
  facet normal 1 0 0
    outer loop
      vertex 7.7 -5.32983 23.6
      vertex 7.7 -6.2 18
      vertex 7.7 -5.32983 18
    endloop
  endfacet
  facet normal 1 -0 0
    outer loop
      vertex 7.7 -7.87017 23.6
      vertex 7.7 -6.2 18
      vertex 7.7 -5.32983 23.6
    endloop
  endfacet
  facet normal 1 0 0
    outer loop
      vertex 7.7 -7.87017 12.6
      vertex 7.7 -6.2 18
      vertex 7.7 -7.87017 23.6
    endloop
  endfacet
  facet normal 1 0 0
    outer loop
      vertex 7.7 -6.2 18
      vertex 7.7 -7.87017 12.6
      vertex 7.7 -6.2 12.6
    endloop
  endfacet
  facet normal 0.5 -0.866026 0
    outer loop
      vertex 7.7 -5.32983 18
      vertex 9.9 -4.05966 23.6
      vertex 7.7 -5.32983 23.6
    endloop
  endfacet
  facet normal 0.5 -0.866026 0
    outer loop
      vertex 9.9 -4.05966 23.6
      vertex 7.7 -5.32983 18
      vertex 9.9 -4.05966 18
    endloop
  endfacet
  facet normal 0.499998 0.866027 0
    outer loop
      vertex 9.31051 -8.8 18
      vertex 9.9 -9.14034 23.6
      vertex 9.9 -9.14034 18
    endloop
  endfacet
  facet normal 0.5 0.866026 -3.17259e-07
    outer loop
      vertex 9.9 -9.14034 23.6
      vertex 9.31051 -8.8 18
      vertex 7.7 -7.87017 23.6
    endloop
  endfacet
  facet normal 0.500001 0.866025 0
    outer loop
      vertex 7.7 -7.87017 12.6
      vertex 9.31051 -8.8 18
      vertex 9.31051 -8.8 12.6
    endloop
  endfacet
  facet normal 0.500001 0.866025 0
    outer loop
      vertex 9.31051 -8.8 18
      vertex 7.7 -7.87017 12.6
      vertex 7.7 -7.87017 23.6
    endloop
  endfacet
  facet normal 0 0 1
    outer loop
      vertex 12.1 -6.2 12.6
      vertex 10.4895 -8.8 12.6
      vertex 12.1 -7.87017 12.6
    endloop
  endfacet
  facet normal 0 0 1
    outer loop
      vertex 12.1 -6.2 12.6
      vertex 9.31051 -8.8 12.6
      vertex 10.4895 -8.8 12.6
    endloop
  endfacet
  facet normal -0 0 1
    outer loop
      vertex 7.7 -6.2 12.6
      vertex 9.31051 -8.8 12.6
      vertex 12.1 -6.2 12.6
    endloop
  endfacet
  facet normal 0 0 1
    outer loop
      vertex 9.31051 -8.8 12.6
      vertex 7.7 -6.2 12.6
      vertex 7.7 -7.87017 12.6
    endloop
  endfacet
  facet normal -0.5 0.866026 -1.21012e-06
    outer loop
      vertex 12.1 -7.87017 23.6
      vertex 10.4895 -8.8 18
      vertex 9.9 -9.14034 23.6
    endloop
  endfacet
  facet normal -0.500003 0.866024 0
    outer loop
      vertex 12.1 -7.87017 12.6
      vertex 10.4895 -8.8 18
      vertex 12.1 -7.87017 23.6
    endloop
  endfacet
  facet normal -0.500003 0.866024 0
    outer loop
      vertex 10.4895 -8.8 18
      vertex 12.1 -7.87017 12.6
      vertex 10.4895 -8.8 12.6
    endloop
  endfacet
  facet normal -0.499991 0.86603 0
    outer loop
      vertex 9.9 -9.14034 23.6
      vertex 10.4895 -8.8 18
      vertex 9.9 -9.14034 18
    endloop
  endfacet
  facet normal -1 0 0
    outer loop
      vertex 12.1 -6.2 12.6
      vertex 12.1 -7.87017 12.6
      vertex 12.1 -6.2 18
    endloop
  endfacet
  facet normal -1 0 0
    outer loop
      vertex 12.1 -6.2 18
      vertex 12.1 -5.32983 23.6
      vertex 12.1 -5.32983 18
    endloop
  endfacet
  facet normal -1 0 0
    outer loop
      vertex 12.1 -7.87017 23.6
      vertex 12.1 -6.2 18
      vertex 12.1 -7.87017 12.6
    endloop
  endfacet
  facet normal -1 0 0
    outer loop
      vertex 12.1 -6.2 18
      vertex 12.1 -7.87017 23.6
      vertex 12.1 -5.32983 23.6
    endloop
  endfacet
  facet normal -0.5 -0.866026 0
    outer loop
      vertex 9.9 2.54034 12.6
      vertex 12.1 1.27017 23.6
      vertex 9.9 2.54034 23.6
    endloop
  endfacet
  facet normal -0.5 -0.866026 -0
    outer loop
      vertex 12.1 1.27017 23.6
      vertex 9.9 2.54034 12.6
      vertex 12.1 1.27017 12.6
    endloop
  endfacet
  facet normal 1 0 0
    outer loop
      vertex 7.7 1.27017 23.6
      vertex 7.7 1.2 18
      vertex 7.7 1.27017 12.6
    endloop
  endfacet
  facet normal 1 0 0
    outer loop
      vertex 7.7 1.27017 23.6
      vertex 7.7 -1.2 18
      vertex 7.7 1.2 18
    endloop
  endfacet
  facet normal 1 -0 0
    outer loop
      vertex 7.7 -1.27017 23.6
      vertex 7.7 -1.2 18
      vertex 7.7 1.27017 23.6
    endloop
  endfacet
  facet normal 1 0 0
    outer loop
      vertex 7.7 -1.27017 12.6
      vertex 7.7 -1.2 18
      vertex 7.7 -1.27017 23.6
    endloop
  endfacet
  facet normal 1 0 0
    outer loop
      vertex 7.7 -1.2 18
      vertex 7.7 -1.27017 12.6
      vertex 7.7 -1.2 12.6
    endloop
  endfacet
  facet normal 1 0 0
    outer loop
      vertex 7.7 1.27017 12.6
      vertex 7.7 1.2 18
      vertex 7.7 1.2 12.6
    endloop
  endfacet
  facet normal 0.5 -0.866026 0
    outer loop
      vertex 7.7 1.27017 12.6
      vertex 9.9 2.54034 23.6
      vertex 7.7 1.27017 23.6
    endloop
  endfacet
  facet normal 0.5 -0.866026 0
    outer loop
      vertex 9.9 2.54034 23.6
      vertex 7.7 1.27017 12.6
      vertex 9.9 2.54034 12.6
    endloop
  endfacet
  facet normal -1 0 0
    outer loop
      vertex 12.1 -1.2 12.6
      vertex 12.1 -1.27017 12.6
      vertex 12.1 -1.2 18
    endloop
  endfacet
  facet normal -1 0 0
    outer loop
      vertex 12.1 1.2 18
      vertex 12.1 1.27017 12.6
      vertex 12.1 1.2 12.6
    endloop
  endfacet
  facet normal -1 0 0
    outer loop
      vertex 12.1 1.27017 12.6
      vertex 12.1 1.2 18
      vertex 12.1 1.27017 23.6
    endloop
  endfacet
  facet normal -1 0 0
    outer loop
      vertex 12.1 -1.2 18
      vertex 12.1 1.27017 23.6
      vertex 12.1 1.2 18
    endloop
  endfacet
  facet normal -1 0 0
    outer loop
      vertex 12.1 -1.2 18
      vertex 12.1 -1.27017 23.6
      vertex 12.1 1.27017 23.6
    endloop
  endfacet
  facet normal -1 0 0
    outer loop
      vertex 12.1 -1.27017 23.6
      vertex 12.1 -1.2 18
      vertex 12.1 -1.27017 12.6
    endloop
  endfacet
  facet normal 0 0 1
    outer loop
      vertex 9.9 2.54034 12.6
      vertex 12.1 1.2 12.6
      vertex 12.1 1.27017 12.6
    endloop
  endfacet
  facet normal 0 0 1
    outer loop
      vertex 7.7 1.2 12.6
      vertex 9.9 2.54034 12.6
      vertex 7.7 1.27017 12.6
    endloop
  endfacet
  facet normal 0 0 1
    outer loop
      vertex 9.9 2.54034 12.6
      vertex 7.7 1.2 12.6
      vertex 12.1 1.2 12.6
    endloop
  endfacet
  facet normal 0 0 1
    outer loop
      vertex 12.1 -1.2 12.6
      vertex 9.9 -2.54034 12.6
      vertex 12.1 -1.27017 12.6
    endloop
  endfacet
  facet normal -0 0 1
    outer loop
      vertex 7.7 -1.2 12.6
      vertex 9.9 -2.54034 12.6
      vertex 12.1 -1.2 12.6
    endloop
  endfacet
  facet normal 0 0 1
    outer loop
      vertex 9.9 -2.54034 12.6
      vertex 7.7 -1.2 12.6
      vertex 7.7 -1.27017 12.6
    endloop
  endfacet
  facet normal -0.5 0.866026 0
    outer loop
      vertex 12.1 -1.27017 12.6
      vertex 9.9 -2.54034 23.6
      vertex 12.1 -1.27017 23.6
    endloop
  endfacet
  facet normal -0.5 0.866026 0
    outer loop
      vertex 9.9 -2.54034 23.6
      vertex 12.1 -1.27017 12.6
      vertex 9.9 -2.54034 12.6
    endloop
  endfacet
  facet normal 0.5 0.866026 -0
    outer loop
      vertex 9.9 -2.54034 12.6
      vertex 7.7 -1.27017 23.6
      vertex 9.9 -2.54034 23.6
    endloop
  endfacet
  facet normal 0.5 0.866026 0
    outer loop
      vertex 7.7 -1.27017 23.6
      vertex 9.9 -2.54034 12.6
      vertex 7.7 -1.27017 12.6
    endloop
  endfacet
  facet normal -0.499991 -0.86603 0
    outer loop
      vertex 10.4895 8.8 18
      vertex 9.9 9.14034 23.6
      vertex 9.9 9.14034 18
    endloop
  endfacet
  facet normal -0.5 -0.866026 -1.21012e-06
    outer loop
      vertex 9.9 9.14034 23.6
      vertex 10.4895 8.8 18
      vertex 12.1 7.87017 23.6
    endloop
  endfacet
  facet normal -0.500003 -0.866024 0
    outer loop
      vertex 12.1 7.87017 12.6
      vertex 10.4895 8.8 18
      vertex 10.4895 8.8 12.6
    endloop
  endfacet
  facet normal -0.500003 -0.866024 0
    outer loop
      vertex 10.4895 8.8 18
      vertex 12.1 7.87017 12.6
      vertex 12.1 7.87017 23.6
    endloop
  endfacet
  facet normal 1 0 0
    outer loop
      vertex 7.7 7.87017 23.6
      vertex 7.7 6.2 18
      vertex 7.7 7.87017 12.6
    endloop
  endfacet
  facet normal 1 -0 0
    outer loop
      vertex 7.7 5.32983 23.6
      vertex 7.7 6.2 18
      vertex 7.7 7.87017 23.6
    endloop
  endfacet
  facet normal 1 0 0
    outer loop
      vertex 7.7 6.2 18
      vertex 7.7 5.32983 23.6
      vertex 7.7 5.32983 18
    endloop
  endfacet
  facet normal 1 0 0
    outer loop
      vertex 7.7 7.87017 12.6
      vertex 7.7 6.2 18
      vertex 7.7 6.2 12.6
    endloop
  endfacet
  facet normal 0.5 -0.866026 -3.17259e-07
    outer loop
      vertex 7.7 7.87017 23.6
      vertex 9.31051 8.8 18
      vertex 9.9 9.14034 23.6
    endloop
  endfacet
  facet normal 0.500001 -0.866025 0
    outer loop
      vertex 7.7 7.87017 12.6
      vertex 9.31051 8.8 18
      vertex 7.7 7.87017 23.6
    endloop
  endfacet
  facet normal 0.500001 -0.866025 0
    outer loop
      vertex 9.31051 8.8 18
      vertex 7.7 7.87017 12.6
      vertex 9.31051 8.8 12.6
    endloop
  endfacet
  facet normal 0.499998 -0.866027 0
    outer loop
      vertex 9.9 9.14034 23.6
      vertex 9.31051 8.8 18
      vertex 9.9 9.14034 18
    endloop
  endfacet
  facet normal 0.5 0.866026 -0
    outer loop
      vertex 9.9 4.05966 18
      vertex 7.7 5.32983 23.6
      vertex 9.9 4.05966 23.6
    endloop
  endfacet
  facet normal 0.5 0.866026 0
    outer loop
      vertex 7.7 5.32983 23.6
      vertex 9.9 4.05966 18
      vertex 7.7 5.32983 18
    endloop
  endfacet
  facet normal -1 0 0
    outer loop
      vertex 12.1 6.2 18
      vertex 12.1 7.87017 12.6
      vertex 12.1 6.2 12.6
    endloop
  endfacet
  facet normal -1 0 0
    outer loop
      vertex 12.1 7.87017 12.6
      vertex 12.1 6.2 18
      vertex 12.1 7.87017 23.6
    endloop
  endfacet
  facet normal -1 0 0
    outer loop
      vertex 12.1 5.32983 23.6
      vertex 12.1 6.2 18
      vertex 12.1 5.32983 18
    endloop
  endfacet
  facet normal -1 0 0
    outer loop
      vertex 12.1 6.2 18
      vertex 12.1 5.32983 23.6
      vertex 12.1 7.87017 23.6
    endloop
  endfacet
  facet normal 0 0 1
    outer loop
      vertex 10.4895 8.8 12.6
      vertex 12.1 6.2 12.6
      vertex 12.1 7.87017 12.6
    endloop
  endfacet
  facet normal -0 0 1
    outer loop
      vertex 9.31051 8.8 12.6
      vertex 12.1 6.2 12.6
      vertex 10.4895 8.8 12.6
    endloop
  endfacet
  facet normal 0 0 1
    outer loop
      vertex 7.7 6.2 12.6
      vertex 9.31051 8.8 12.6
      vertex 7.7 7.87017 12.6
    endloop
  endfacet
  facet normal 0 0 1
    outer loop
      vertex 9.31051 8.8 12.6
      vertex 7.7 6.2 12.6
      vertex 12.1 6.2 12.6
    endloop
  endfacet
  facet normal -0.5 0.866026 0
    outer loop
      vertex 12.1 5.32983 18
      vertex 9.9 4.05966 23.6
      vertex 12.1 5.32983 23.6
    endloop
  endfacet
  facet normal -0.5 0.866026 0
    outer loop
      vertex 9.9 4.05966 23.6
      vertex 12.1 5.32983 18
      vertex 9.9 4.05966 18
    endloop
  endfacet
  facet normal -0.499979 -0.866037 0
    outer loop
      vertex 9.9 15.7403 18
      vertex 12.1 14.4702 23.6
      vertex 9.9 15.7403 23.6
    endloop
  endfacet
  facet normal -0.499979 -0.866037 -0
    outer loop
      vertex 12.1 14.4702 23.6
      vertex 9.9 15.7403 18
      vertex 12.1 14.4702 18
    endloop
  endfacet
  facet normal 1 0 0
    outer loop
      vertex 7.7 14.4702 23.6
      vertex 7.7 13.8 18
      vertex 7.7 14.4702 18
    endloop
  endfacet
  facet normal 1 -0 0
    outer loop
      vertex 7.7 11.9298 23.6
      vertex 7.7 13.8 18
      vertex 7.7 14.4702 23.6
    endloop
  endfacet
  facet normal 1 0 0
    outer loop
      vertex 7.7 11.9298 12.6
      vertex 7.7 13.8 18
      vertex 7.7 11.9298 23.6
    endloop
  endfacet
  facet normal 1 0 0
    outer loop
      vertex 7.7 13.8 18
      vertex 7.7 11.9298 12.6
      vertex 7.7 13.8 12.6
    endloop
  endfacet
  facet normal 0.499979 -0.866037 0
    outer loop
      vertex 7.7 14.4702 18
      vertex 9.9 15.7403 23.6
      vertex 7.7 14.4702 23.6
    endloop
  endfacet
  facet normal 0.499979 -0.866037 0
    outer loop
      vertex 9.9 15.7403 23.6
      vertex 7.7 14.4702 18
      vertex 9.9 15.7403 18
    endloop
  endfacet
  facet normal 0 0 1
    outer loop
      vertex 12.1 13.8 12.6
      vertex 10.8359 11.2 12.6
      vertex 12.1 11.9298 12.6
    endloop
  endfacet
  facet normal 0 0 1
    outer loop
      vertex 12.1 13.8 12.6
      vertex 8.9641 11.2 12.6
      vertex 10.8359 11.2 12.6
    endloop
  endfacet
  facet normal -0 0 1
    outer loop
      vertex 7.7 13.8 12.6
      vertex 8.9641 11.2 12.6
      vertex 12.1 13.8 12.6
    endloop
  endfacet
  facet normal 0 0 1
    outer loop
      vertex 8.9641 11.2 12.6
      vertex 7.7 13.8 12.6
      vertex 7.7 11.9298 12.6
    endloop
  endfacet
  facet normal -1 0 0
    outer loop
      vertex 12.1 13.8 12.6
      vertex 12.1 11.9298 12.6
      vertex 12.1 13.8 18
    endloop
  endfacet
  facet normal -1 0 0
    outer loop
      vertex 12.1 13.8 18
      vertex 12.1 14.4702 23.6
      vertex 12.1 14.4702 18
    endloop
  endfacet
  facet normal -1 0 0
    outer loop
      vertex 12.1 11.9298 23.6
      vertex 12.1 13.8 18
      vertex 12.1 11.9298 12.6
    endloop
  endfacet
  facet normal -1 0 0
    outer loop
      vertex 12.1 13.8 18
      vertex 12.1 11.9298 23.6
      vertex 12.1 14.4702 23.6
    endloop
  endfacet
  facet normal 0.499971 0.866042 0
    outer loop
      vertex 8.9641 11.2 18
      vertex 9.9 10.6597 23.6
      vertex 9.9 10.6597 18
    endloop
  endfacet
  facet normal 0.499979 0.866037 -1.86915e-06
    outer loop
      vertex 9.9 10.6597 23.6
      vertex 8.9641 11.2 18
      vertex 7.7 11.9298 23.6
    endloop
  endfacet
  facet normal 0.499985 0.866034 0
    outer loop
      vertex 7.7 11.9298 12.6
      vertex 8.9641 11.2 18
      vertex 8.9641 11.2 12.6
    endloop
  endfacet
  facet normal 0.499985 0.866034 0
    outer loop
      vertex 8.9641 11.2 18
      vertex 7.7 11.9298 12.6
      vertex 7.7 11.9298 23.6
    endloop
  endfacet
  facet normal -0.499979 0.866037 -1.86915e-06
    outer loop
      vertex 12.1 11.9298 23.6
      vertex 10.8359 11.2 18
      vertex 9.9 10.6597 23.6
    endloop
  endfacet
  facet normal -0.499985 0.866034 0
    outer loop
      vertex 12.1 11.9298 12.6
      vertex 10.8359 11.2 18
      vertex 12.1 11.9298 23.6
    endloop
  endfacet
  facet normal -0.499985 0.866034 0
    outer loop
      vertex 10.8359 11.2 18
      vertex 12.1 11.9298 12.6
      vertex 10.8359 11.2 12.6
    endloop
  endfacet
  facet normal -0.499971 0.866042 0
    outer loop
      vertex 9.9 10.6597 23.6
      vertex 10.8359 11.2 18
      vertex 9.9 10.6597 18
    endloop
  endfacet
  facet normal 1 -0 0
    outer loop
      vertex -16.75 17.75 29.8
      vertex -16.75 20.75 26.8
      vertex -16.75 20.75 32.8
    endloop
  endfacet
  facet normal 1 0 0
    outer loop
      vertex -16.75 20.75 26.8
      vertex -16.75 17.75 29.8
      vertex -16.75 19.9524 26.8
    endloop
  endfacet
  facet normal 1 0 0
    outer loop
      vertex -16.75 18.7954 25.643
      vertex -16.75 18.1024 23.15
      vertex -16.75 18.7954 23.843
    endloop
  endfacet
  facet normal 1 0 0
    outer loop
      vertex -16.75 19.9524 26.8
      vertex -16.75 17.75 29.8
      vertex -16.75 18.7954 25.643
    endloop
  endfacet
  facet normal 1 0 0
    outer loop
      vertex -16.75 18.7954 25.643
      vertex -16.75 17.75 22.95
      vertex -16.75 18.1024 23.15
    endloop
  endfacet
  facet normal 1 0 0
    outer loop
      vertex -16.75 17.75 22.95
      vertex -16.75 18.7954 25.643
      vertex -16.75 17.75 29.8
    endloop
  endfacet
  facet normal 1 -0 0
    outer loop
      vertex -16.75 15.7803 36.2697
      vertex -16.75 20.75 32.8
      vertex -16.75 16.75 36.8
    endloop
  endfacet
  facet normal 1 0 0
    outer loop
      vertex -16.75 15.9429 36.513
      vertex -16.75 16.75 36.8
      vertex -16.75 16 36.8
    endloop
  endfacet
  facet normal 1 0 0
    outer loop
      vertex -16.75 15.7803 36.2697
      vertex -16.75 16.75 36.8
      vertex -16.75 15.9429 36.513
    endloop
  endfacet
  facet normal 1 -0 0
    outer loop
      vertex -16.75 15.537 36.1071
      vertex -16.75 20.75 32.8
      vertex -16.75 15.7803 36.2697
    endloop
  endfacet
  facet normal 1 0 0
    outer loop
      vertex -16.75 20.75 32.8
      vertex -16.75 15.537 36.1071
      vertex -16.75 17.75 29.8
    endloop
  endfacet
  facet normal 1 0 0
    outer loop
      vertex -16.75 13.75 33.8
      vertex -16.75 15.537 36.1071
      vertex -16.75 15.25 36.05
    endloop
  endfacet
  facet normal 1 0 0
    outer loop
      vertex -16.75 13.75 33.8
      vertex -16.75 15.25 36.05
      vertex -16.75 14.963 36.1071
    endloop
  endfacet
  facet normal 1 0 0
    outer loop
      vertex -16.75 13.75 33.8
      vertex -16.75 14.963 36.1071
      vertex -16.75 14.7197 36.2697
    endloop
  endfacet
  facet normal 1 0 0
    outer loop
      vertex -16.75 13.2387 36.2697
      vertex -16.75 14.7197 36.2697
      vertex -16.75 14.5571 36.513
    endloop
  endfacet
  facet normal 1 0 0
    outer loop
      vertex -16.75 15.537 36.1071
      vertex -16.75 13.75 33.8
      vertex -16.75 17.75 29.8
    endloop
  endfacet
  facet normal 1 0 0
    outer loop
      vertex -16.75 13.4012 36.513
      vertex -16.75 14.5571 36.513
      vertex -16.75 14.5 36.8
    endloop
  endfacet
  facet normal 1 0 0
    outer loop
      vertex -16.75 13.4012 36.513
      vertex -16.75 14.5 36.8
      vertex -16.75 13.4583 36.8
    endloop
  endfacet
  facet normal 1 0 0
    outer loop
      vertex -16.75 14.5571 36.513
      vertex -16.75 13.4012 36.513
      vertex -16.75 13.2387 36.2697
    endloop
  endfacet
  facet normal 1 0 0
    outer loop
      vertex -16.75 14.7197 36.2697
      vertex -16.75 13.2387 36.2697
      vertex -16.75 13.75 33.8
    endloop
  endfacet
  facet normal 1 -0 0
    outer loop
      vertex -16.75 12.9953 36.1071
      vertex -16.75 13.75 33.8
      vertex -16.75 13.2387 36.2697
    endloop
  endfacet
  facet normal 1 -0 0
    outer loop
      vertex -16.75 12.7083 36.05
      vertex -16.75 13.75 33.8
      vertex -16.75 12.9953 36.1071
    endloop
  endfacet
  facet normal 1 0 0
    outer loop
      vertex -16.75 12.4213 36.1071
      vertex -16.75 13.75 33.8
      vertex -16.75 12.7083 36.05
    endloop
  endfacet
  facet normal 1 0 0
    outer loop
      vertex -16.75 10.4537 36.1071
      vertex -16.75 12.4213 36.1071
      vertex -16.75 12.178 36.2697
    endloop
  endfacet
  facet normal 1 0 0
    outer loop
      vertex -16.75 10.697 36.2697
      vertex -16.75 12.178 36.2697
      vertex -16.75 12.0154 36.513
    endloop
  endfacet
  facet normal 1 -0 0
    outer loop
      vertex -16.75 10.9167 36.8
      vertex -16.75 12.0154 36.513
      vertex -16.75 11.9583 36.8
    endloop
  endfacet
  facet normal 1 0 0
    outer loop
      vertex -16.75 10.8596 36.513
      vertex -16.75 12.0154 36.513
      vertex -16.75 10.9167 36.8
    endloop
  endfacet
  facet normal 1 0 0
    outer loop
      vertex -16.75 10.697 36.2697
      vertex -16.75 12.0154 36.513
      vertex -16.75 10.8596 36.513
    endloop
  endfacet
  facet normal 1 0 0
    outer loop
      vertex -16.75 12.178 36.2697
      vertex -16.75 10.697 36.2697
      vertex -16.75 10.4537 36.1071
    endloop
  endfacet
  facet normal 1 0 0
    outer loop
      vertex -16.75 12.4213 36.1071
      vertex -16.75 10.4537 36.1071
      vertex -16.75 13.75 33.8
    endloop
  endfacet
  facet normal 1 -0 0
    outer loop
      vertex -16.75 10.1667 36.05
      vertex -16.75 13.75 33.8
      vertex -16.75 10.4537 36.1071
    endloop
  endfacet
  facet normal 1 0 0
    outer loop
      vertex -16.75 7.625 36.05
      vertex -16.75 10.1667 36.05
      vertex -16.75 9.87965 36.1071
    endloop
  endfacet
  facet normal 1 -0 0
    outer loop
      vertex -16.75 8.375 36.8
      vertex -16.75 9.47376 36.513
      vertex -16.75 9.41667 36.8
    endloop
  endfacet
  facet normal 1 0 0
    outer loop
      vertex -16.75 8.31791 36.513
      vertex -16.75 9.47376 36.513
      vertex -16.75 8.375 36.8
    endloop
  endfacet
  facet normal 1 0 0
    outer loop
      vertex -16.75 9.47376 36.513
      vertex -16.75 8.31791 36.513
      vertex -16.75 9.63634 36.2697
    endloop
  endfacet
  facet normal 1 0 0
    outer loop
      vertex -16.75 8.15533 36.2697
      vertex -16.75 9.63634 36.2697
      vertex -16.75 8.31791 36.513
    endloop
  endfacet
  facet normal 1 0 0
    outer loop
      vertex -16.75 9.63634 36.2697
      vertex -16.75 8.15533 36.2697
      vertex -16.75 9.87965 36.1071
    endloop
  endfacet
  facet normal 1 0 0
    outer loop
      vertex -16.75 7.91201 36.1071
      vertex -16.75 9.87965 36.1071
      vertex -16.75 8.15533 36.2697
    endloop
  endfacet
  facet normal 1 0 0
    outer loop
      vertex -16.75 7.625 36.05
      vertex -16.75 9.87965 36.1071
      vertex -16.75 7.91201 36.1071
    endloop
  endfacet
  facet normal 1 0 0
    outer loop
      vertex -16.75 10.1667 36.05
      vertex -16.75 7.625 36.05
      vertex -16.75 13.75 33.8
    endloop
  endfacet
  facet normal 1 0 0
    outer loop
      vertex -16.75 5.08333 36.05
      vertex -16.75 7.625 36.05
      vertex -16.75 7.33799 36.1071
    endloop
  endfacet
  facet normal 1 -0 0
    outer loop
      vertex -16.75 5.83333 36.8
      vertex -16.75 6.93209 36.513
      vertex -16.75 6.875 36.8
    endloop
  endfacet
  facet normal 1 0 0
    outer loop
      vertex -16.75 5.77624 36.513
      vertex -16.75 6.93209 36.513
      vertex -16.75 5.83333 36.8
    endloop
  endfacet
  facet normal 1 0 0
    outer loop
      vertex -16.75 6.93209 36.513
      vertex -16.75 5.77624 36.513
      vertex -16.75 7.09467 36.2697
    endloop
  endfacet
  facet normal 1 0 0
    outer loop
      vertex -16.75 5.61366 36.2697
      vertex -16.75 7.09467 36.2697
      vertex -16.75 5.77624 36.513
    endloop
  endfacet
  facet normal 1 0 0
    outer loop
      vertex -16.75 7.09467 36.2697
      vertex -16.75 5.61366 36.2697
      vertex -16.75 7.33799 36.1071
    endloop
  endfacet
  facet normal 1 0 0
    outer loop
      vertex -16.75 5.37035 36.1071
      vertex -16.75 7.33799 36.1071
      vertex -16.75 5.61366 36.2697
    endloop
  endfacet
  facet normal 1 0 0
    outer loop
      vertex -16.75 5.08333 36.05
      vertex -16.75 7.33799 36.1071
      vertex -16.75 5.37035 36.1071
    endloop
  endfacet
  facet normal 1 0 0
    outer loop
      vertex -16.75 7.625 36.05
      vertex -16.75 5.08333 36.05
      vertex -16.75 13.75 33.8
    endloop
  endfacet
  facet normal 1 0 0
    outer loop
      vertex -16.75 2.54167 36.05
      vertex -16.75 5.08333 36.05
      vertex -16.75 4.79632 36.1071
    endloop
  endfacet
  facet normal 1 -0 0
    outer loop
      vertex -16.75 3.29167 36.8
      vertex -16.75 4.39042 36.513
      vertex -16.75 4.33333 36.8
    endloop
  endfacet
  facet normal 1 0 0
    outer loop
      vertex -16.75 3.23458 36.513
      vertex -16.75 4.39042 36.513
      vertex -16.75 3.29167 36.8
    endloop
  endfacet
  facet normal 1 0 0
    outer loop
      vertex -16.75 4.39042 36.513
      vertex -16.75 3.23458 36.513
      vertex -16.75 4.553 36.2697
    endloop
  endfacet
  facet normal 1 0 0
    outer loop
      vertex -16.75 3.072 36.2697
      vertex -16.75 4.553 36.2697
      vertex -16.75 3.23458 36.513
    endloop
  endfacet
  facet normal 1 0 0
    outer loop
      vertex -16.75 4.553 36.2697
      vertex -16.75 3.072 36.2697
      vertex -16.75 4.79632 36.1071
    endloop
  endfacet
  facet normal 1 0 0
    outer loop
      vertex -16.75 2.82868 36.1071
      vertex -16.75 4.79632 36.1071
      vertex -16.75 3.072 36.2697
    endloop
  endfacet
  facet normal 1 0 0
    outer loop
      vertex -16.75 2.54167 36.05
      vertex -16.75 4.79632 36.1071
      vertex -16.75 2.82868 36.1071
    endloop
  endfacet
  facet normal 1 0 0
    outer loop
      vertex -16.75 5.08333 36.05
      vertex -16.75 2.54167 36.05
      vertex -16.75 13.75 33.8
    endloop
  endfacet
  facet normal 1 0 0
    outer loop
      vertex -16.75 0 36.05
      vertex -16.75 2.54167 36.05
      vertex -16.75 2.25465 36.1071
    endloop
  endfacet
  facet normal 1 -0 0
    outer loop
      vertex -16.75 0.75 36.8
      vertex -16.75 1.84876 36.513
      vertex -16.75 1.79167 36.8
    endloop
  endfacet
  facet normal 1 0 0
    outer loop
      vertex -16.75 0.692909 36.513
      vertex -16.75 1.84876 36.513
      vertex -16.75 0.75 36.8
    endloop
  endfacet
  facet normal 1 0 0
    outer loop
      vertex -16.75 1.84876 36.513
      vertex -16.75 0.692909 36.513
      vertex -16.75 2.01134 36.2697
    endloop
  endfacet
  facet normal 1 0 0
    outer loop
      vertex -16.75 0.53033 36.2697
      vertex -16.75 2.01134 36.2697
      vertex -16.75 0.692909 36.513
    endloop
  endfacet
  facet normal 1 0 0
    outer loop
      vertex -16.75 2.01134 36.2697
      vertex -16.75 0.53033 36.2697
      vertex -16.75 2.25465 36.1071
    endloop
  endfacet
  facet normal 1 0 0
    outer loop
      vertex -16.75 0.287012 36.1071
      vertex -16.75 2.25465 36.1071
      vertex -16.75 0.53033 36.2697
    endloop
  endfacet
  facet normal 1 0 0
    outer loop
      vertex -16.75 0 36.05
      vertex -16.75 2.25465 36.1071
      vertex -16.75 0.287012 36.1071
    endloop
  endfacet
  facet normal 1 0 0
    outer loop
      vertex -16.75 2.54167 36.05
      vertex -16.75 0 36.05
      vertex -16.75 13.75 33.8
    endloop
  endfacet
  facet normal 1 -0 0
    outer loop
      vertex -16.75 -1.79167 36.8
      vertex -16.75 -0.692909 36.513
      vertex -16.75 -0.75 36.8
    endloop
  endfacet
  facet normal 1 0 0
    outer loop
      vertex -16.75 -1.84876 36.513
      vertex -16.75 -0.692909 36.513
      vertex -16.75 -1.79167 36.8
    endloop
  endfacet
  facet normal 1 0 0
    outer loop
      vertex -16.75 -0.692909 36.513
      vertex -16.75 -1.84876 36.513
      vertex -16.75 -0.53033 36.2697
    endloop
  endfacet
  facet normal 1 0 0
    outer loop
      vertex -16.75 -2.01134 36.2697
      vertex -16.75 -0.53033 36.2697
      vertex -16.75 -1.84876 36.513
    endloop
  endfacet
  facet normal 1 0 0
    outer loop
      vertex -16.75 -0.53033 36.2697
      vertex -16.75 -2.01134 36.2697
      vertex -16.75 -0.287012 36.1071
    endloop
  endfacet
  facet normal 1 0 0
    outer loop
      vertex -16.75 -2.25465 36.1071
      vertex -16.75 -0.287012 36.1071
      vertex -16.75 -2.01134 36.2697
    endloop
  endfacet
  facet normal 1 0 0
    outer loop
      vertex -16.75 -0.287012 36.1071
      vertex -16.75 -2.25465 36.1071
      vertex -16.75 0 36.05
    endloop
  endfacet
  facet normal 1 0 0
    outer loop
      vertex -16.75 -2.54167 36.05
      vertex -16.75 0 36.05
      vertex -16.75 -2.25465 36.1071
    endloop
  endfacet
  facet normal 1 0 0
    outer loop
      vertex -16.75 -13.75 33.8
      vertex -16.75 0 36.05
      vertex -16.75 -2.54167 36.05
    endloop
  endfacet
  facet normal 1 -0 0
    outer loop
      vertex -16.75 -4.33333 36.8
      vertex -16.75 -3.23458 36.513
      vertex -16.75 -3.29167 36.8
    endloop
  endfacet
  facet normal 1 0 0
    outer loop
      vertex -16.75 -4.39042 36.513
      vertex -16.75 -3.23458 36.513
      vertex -16.75 -4.33333 36.8
    endloop
  endfacet
  facet normal 1 0 0
    outer loop
      vertex -16.75 -3.23458 36.513
      vertex -16.75 -4.39042 36.513
      vertex -16.75 -3.072 36.2697
    endloop
  endfacet
  facet normal 1 0 0
    outer loop
      vertex -16.75 -4.553 36.2697
      vertex -16.75 -3.072 36.2697
      vertex -16.75 -4.39042 36.513
    endloop
  endfacet
  facet normal 1 0 0
    outer loop
      vertex -16.75 -3.072 36.2697
      vertex -16.75 -4.553 36.2697
      vertex -16.75 -2.82868 36.1071
    endloop
  endfacet
  facet normal 1 0 0
    outer loop
      vertex -16.75 -4.79632 36.1071
      vertex -16.75 -2.82868 36.1071
      vertex -16.75 -4.553 36.2697
    endloop
  endfacet
  facet normal 1 0 0
    outer loop
      vertex -16.75 -2.82868 36.1071
      vertex -16.75 -4.79632 36.1071
      vertex -16.75 -2.54167 36.05
    endloop
  endfacet
  facet normal 1 0 0
    outer loop
      vertex -16.75 -5.08333 36.05
      vertex -16.75 -2.54167 36.05
      vertex -16.75 -4.79632 36.1071
    endloop
  endfacet
  facet normal 1 0 0
    outer loop
      vertex -16.75 -13.75 33.8
      vertex -16.75 -2.54167 36.05
      vertex -16.75 -5.08333 36.05
    endloop
  endfacet
  facet normal 1 -0 0
    outer loop
      vertex -16.75 -6.875 36.8
      vertex -16.75 -5.77624 36.513
      vertex -16.75 -5.83333 36.8
    endloop
  endfacet
  facet normal 1 0 0
    outer loop
      vertex -16.75 -6.93209 36.513
      vertex -16.75 -5.77624 36.513
      vertex -16.75 -6.875 36.8
    endloop
  endfacet
  facet normal 1 0 0
    outer loop
      vertex -16.75 -5.77624 36.513
      vertex -16.75 -6.93209 36.513
      vertex -16.75 -5.61366 36.2697
    endloop
  endfacet
  facet normal 1 0 0
    outer loop
      vertex -16.75 -7.09467 36.2697
      vertex -16.75 -5.61366 36.2697
      vertex -16.75 -6.93209 36.513
    endloop
  endfacet
  facet normal 1 0 0
    outer loop
      vertex -16.75 -5.61366 36.2697
      vertex -16.75 -7.09467 36.2697
      vertex -16.75 -5.37035 36.1071
    endloop
  endfacet
  facet normal 1 0 0
    outer loop
      vertex -16.75 -7.33799 36.1071
      vertex -16.75 -5.37035 36.1071
      vertex -16.75 -7.09467 36.2697
    endloop
  endfacet
  facet normal 1 0 0
    outer loop
      vertex -16.75 -5.37035 36.1071
      vertex -16.75 -7.33799 36.1071
      vertex -16.75 -5.08333 36.05
    endloop
  endfacet
  facet normal 1 0 0
    outer loop
      vertex -16.75 -7.625 36.05
      vertex -16.75 -5.08333 36.05
      vertex -16.75 -7.33799 36.1071
    endloop
  endfacet
  facet normal 1 0 0
    outer loop
      vertex -16.75 -5.08333 36.05
      vertex -16.75 -7.625 36.05
      vertex -16.75 -13.75 33.8
    endloop
  endfacet
  facet normal 1 -0 0
    outer loop
      vertex -16.75 -9.41667 36.8
      vertex -16.75 -8.31791 36.513
      vertex -16.75 -8.375 36.8
    endloop
  endfacet
  facet normal 1 0 0
    outer loop
      vertex -16.75 -9.47376 36.513
      vertex -16.75 -8.31791 36.513
      vertex -16.75 -9.41667 36.8
    endloop
  endfacet
  facet normal 1 0 0
    outer loop
      vertex -16.75 -8.31791 36.513
      vertex -16.75 -9.47376 36.513
      vertex -16.75 -8.15533 36.2697
    endloop
  endfacet
  facet normal 1 0 0
    outer loop
      vertex -16.75 -9.63634 36.2697
      vertex -16.75 -8.15533 36.2697
      vertex -16.75 -9.47376 36.513
    endloop
  endfacet
  facet normal 1 0 0
    outer loop
      vertex -16.75 -8.15533 36.2697
      vertex -16.75 -9.63634 36.2697
      vertex -16.75 -7.91201 36.1071
    endloop
  endfacet
  facet normal 1 0 0
    outer loop
      vertex -16.75 -9.87965 36.1071
      vertex -16.75 -7.91201 36.1071
      vertex -16.75 -9.63634 36.2697
    endloop
  endfacet
  facet normal 1 0 0
    outer loop
      vertex -16.75 -7.91201 36.1071
      vertex -16.75 -9.87965 36.1071
      vertex -16.75 -7.625 36.05
    endloop
  endfacet
  facet normal 1 0 0
    outer loop
      vertex -16.75 -10.1667 36.05
      vertex -16.75 -7.625 36.05
      vertex -16.75 -9.87965 36.1071
    endloop
  endfacet
  facet normal 1 0 0
    outer loop
      vertex -16.75 -7.625 36.05
      vertex -16.75 -10.1667 36.05
      vertex -16.75 -13.75 33.8
    endloop
  endfacet
  facet normal 1 -0 0
    outer loop
      vertex -16.75 -11.9583 36.8
      vertex -16.75 -10.8596 36.513
      vertex -16.75 -10.9167 36.8
    endloop
  endfacet
  facet normal 1 0 0
    outer loop
      vertex -16.75 -12.0154 36.513
      vertex -16.75 -10.8596 36.513
      vertex -16.75 -11.9583 36.8
    endloop
  endfacet
  facet normal 1 0 0
    outer loop
      vertex -16.75 -10.8596 36.513
      vertex -16.75 -12.0154 36.513
      vertex -16.75 -10.697 36.2697
    endloop
  endfacet
  facet normal 1 0 0
    outer loop
      vertex -16.75 -12.178 36.2697
      vertex -16.75 -10.697 36.2697
      vertex -16.75 -12.0154 36.513
    endloop
  endfacet
  facet normal 1 0 0
    outer loop
      vertex -16.75 -10.697 36.2697
      vertex -16.75 -12.178 36.2697
      vertex -16.75 -10.4537 36.1071
    endloop
  endfacet
  facet normal 1 0 0
    outer loop
      vertex -16.75 -12.4213 36.1071
      vertex -16.75 -10.4537 36.1071
      vertex -16.75 -12.178 36.2697
    endloop
  endfacet
  facet normal 1 0 0
    outer loop
      vertex -16.75 -13.75 33.8
      vertex -16.75 -10.4537 36.1071
      vertex -16.75 -12.4213 36.1071
    endloop
  endfacet
  facet normal 1 0 0
    outer loop
      vertex -16.75 -10.4537 36.1071
      vertex -16.75 -13.75 33.8
      vertex -16.75 -10.1667 36.05
    endloop
  endfacet
  facet normal 1 0 0
    outer loop
      vertex -16.75 -13.75 33.8
      vertex -16.75 -12.4213 36.1071
      vertex -16.75 -12.7083 36.05
    endloop
  endfacet
  facet normal 1 0 0
    outer loop
      vertex -16.75 0 36.05
      vertex -16.75 -13.75 33.8
      vertex -16.75 13.75 33.8
    endloop
  endfacet
  facet normal 1 0 0
    outer loop
      vertex -16.75 -12.9953 36.1071
      vertex -16.75 -13.75 33.8
      vertex -16.75 -12.7083 36.05
    endloop
  endfacet
  facet normal 1 0 0
    outer loop
      vertex -16.75 -13.2387 36.2697
      vertex -16.75 -13.75 33.8
      vertex -16.75 -12.9953 36.1071
    endloop
  endfacet
  facet normal 1 0 0
    outer loop
      vertex -16.75 -14.7197 36.2697
      vertex -16.75 -13.2387 36.2697
      vertex -16.75 -13.4012 36.513
    endloop
  endfacet
  facet normal 1 0 0
    outer loop
      vertex -16.75 -14.5571 36.513
      vertex -16.75 -13.4012 36.513
      vertex -16.75 -13.4583 36.8
    endloop
  endfacet
  facet normal 1 0 0
    outer loop
      vertex -16.75 -14.5571 36.513
      vertex -16.75 -13.4583 36.8
      vertex -16.75 -14.5 36.8
    endloop
  endfacet
  facet normal 1 0 0
    outer loop
      vertex -16.75 -13.4012 36.513
      vertex -16.75 -14.5571 36.513
      vertex -16.75 -14.7197 36.2697
    endloop
  endfacet
  facet normal 1 0 0
    outer loop
      vertex -16.75 -13.2387 36.2697
      vertex -16.75 -14.7197 36.2697
      vertex -16.75 -13.75 33.8
    endloop
  endfacet
  facet normal 1 -0 0
    outer loop
      vertex -16.75 -14.963 36.1071
      vertex -16.75 -13.75 33.8
      vertex -16.75 -14.7197 36.2697
    endloop
  endfacet
  facet normal 1 -0 0
    outer loop
      vertex -16.75 -15.25 36.05
      vertex -16.75 -13.75 33.8
      vertex -16.75 -14.963 36.1071
    endloop
  endfacet
  facet normal 1 0 0
    outer loop
      vertex -16.75 -15.537 36.1071
      vertex -16.75 -13.75 33.8
      vertex -16.75 -15.25 36.05
    endloop
  endfacet
  facet normal 1 0 0
    outer loop
      vertex -16.75 -20.75 32.8
      vertex -16.75 -15.537 36.1071
      vertex -16.75 -15.7803 36.2697
    endloop
  endfacet
  facet normal 1 -0 0
    outer loop
      vertex -16.75 -16.75 36.8
      vertex -16.75 -15.9429 36.513
      vertex -16.75 -16 36.8
    endloop
  endfacet
  facet normal 1 0 0
    outer loop
      vertex -16.75 -16.75 36.8
      vertex -16.75 -15.7803 36.2697
      vertex -16.75 -15.9429 36.513
    endloop
  endfacet
  facet normal 1 0 0
    outer loop
      vertex -16.75 -20.75 32.8
      vertex -16.75 -15.7803 36.2697
      vertex -16.75 -16.75 36.8
    endloop
  endfacet
  facet normal 1 0 0
    outer loop
      vertex -16.75 -15.537 36.1071
      vertex -16.75 -17.75 29.8
      vertex -16.75 -13.75 33.8
    endloop
  endfacet
  facet normal 1 -0 0
    outer loop
      vertex -16.75 -18.7954 25.643
      vertex -16.75 -17.75 22.95
      vertex -16.75 -17.75 29.8
    endloop
  endfacet
  facet normal 1 0 0
    outer loop
      vertex -16.75 -17.75 22.95
      vertex -16.75 -18.7954 25.643
      vertex -16.75 -18.1024 23.15
    endloop
  endfacet
  facet normal 1 0 0
    outer loop
      vertex -16.75 -15.537 36.1071
      vertex -16.75 -20.75 32.8
      vertex -16.75 -17.75 29.8
    endloop
  endfacet
  facet normal 1 0 0
    outer loop
      vertex -16.75 -20.75 26.8
      vertex -16.75 -17.75 29.8
      vertex -16.75 -20.75 32.8
    endloop
  endfacet
  facet normal 1 0 0
    outer loop
      vertex -16.75 -17.75 29.8
      vertex -16.75 -19.9524 26.8
      vertex -16.75 -18.7954 25.643
    endloop
  endfacet
  facet normal 1 0 0
    outer loop
      vertex -16.75 -17.75 29.8
      vertex -16.75 -20.75 26.8
      vertex -16.75 -19.9524 26.8
    endloop
  endfacet
  facet normal 1 0 0
    outer loop
      vertex -16.75 18.1024 23.15
      vertex -16.75 17.75 22.95
      vertex -16.75 18.1024 22.95
    endloop
  endfacet
  facet normal 1 0 0
    outer loop
      vertex -16.75 -17.75 22.95
      vertex -16.75 -18.1024 23.15
      vertex -16.75 -18.1024 22.95
    endloop
  endfacet
  facet normal 1 0 0
    outer loop
      vertex -16.75 -18.1024 23.15
      vertex -16.75 -18.7954 25.643
      vertex -16.75 -18.7954 23.843
    endloop
  endfacet
  facet normal -1 0 0
    outer loop
      vertex -20.75 15.7803 36.2697
      vertex -20.75 16.75 36.8
      vertex -20.75 16.75 30.8
    endloop
  endfacet
  facet normal -1 -0 0
    outer loop
      vertex -20.75 16.75 36.8
      vertex -20.75 15.9429 36.513
      vertex -20.75 16 36.8
    endloop
  endfacet
  facet normal -1 0 0
    outer loop
      vertex -20.75 16.75 36.8
      vertex -20.75 15.7803 36.2697
      vertex -20.75 15.9429 36.513
    endloop
  endfacet
  facet normal -1 0 0
    outer loop
      vertex -20.75 16.75 30.8
      vertex -20.75 15.537 36.1071
      vertex -20.75 15.7803 36.2697
    endloop
  endfacet
  facet normal -1 0 0
    outer loop
      vertex -20.75 13.75 33.8
      vertex -20.75 15.537 36.1071
      vertex -20.75 16.75 30.8
    endloop
  endfacet
  facet normal -1 0 0
    outer loop
      vertex -20.75 15.537 36.1071
      vertex -20.75 13.75 33.8
      vertex -20.75 15.25 36.05
    endloop
  endfacet
  facet normal -1 -0 0
    outer loop
      vertex -20.75 15.25 36.05
      vertex -20.75 13.75 33.8
      vertex -20.75 14.963 36.1071
    endloop
  endfacet
  facet normal -1 -0 0
    outer loop
      vertex -20.75 14.963 36.1071
      vertex -20.75 13.75 33.8
      vertex -20.75 14.7197 36.2697
    endloop
  endfacet
  facet normal -1 0 0
    outer loop
      vertex -20.75 13.2387 36.2697
      vertex -20.75 14.7197 36.2697
      vertex -20.75 13.75 33.8
    endloop
  endfacet
  facet normal -1 0 0
    outer loop
      vertex -20.75 14.7197 36.2697
      vertex -20.75 13.2387 36.2697
      vertex -20.75 14.5571 36.513
    endloop
  endfacet
  facet normal -1 0 -0
    outer loop
      vertex -20.75 13.4012 36.513
      vertex -20.75 14.5571 36.513
      vertex -20.75 13.2387 36.2697
    endloop
  endfacet
  facet normal -1 -0 0
    outer loop
      vertex -20.75 14.5 36.8
      vertex -20.75 13.4012 36.513
      vertex -20.75 13.4583 36.8
    endloop
  endfacet
  facet normal -1 0 0
    outer loop
      vertex -20.75 14.5571 36.513
      vertex -20.75 13.4012 36.513
      vertex -20.75 14.5 36.8
    endloop
  endfacet
  facet normal -1 0 0
    outer loop
      vertex -20.75 13.75 33.8
      vertex -20.75 12.9953 36.1071
      vertex -20.75 13.2387 36.2697
    endloop
  endfacet
  facet normal -1 0 0
    outer loop
      vertex -20.75 13.75 33.8
      vertex -20.75 12.7083 36.05
      vertex -20.75 12.9953 36.1071
    endloop
  endfacet
  facet normal -1 0 0
    outer loop
      vertex -20.75 13.75 33.8
      vertex -20.75 12.4213 36.1071
      vertex -20.75 12.7083 36.05
    endloop
  endfacet
  facet normal -1 0 0
    outer loop
      vertex -20.75 10.4537 36.1071
      vertex -20.75 12.4213 36.1071
      vertex -20.75 13.75 33.8
    endloop
  endfacet
  facet normal -1 0 0
    outer loop
      vertex -20.75 12.4213 36.1071
      vertex -20.75 10.4537 36.1071
      vertex -20.75 12.178 36.2697
    endloop
  endfacet
  facet normal -1 0 0
    outer loop
      vertex -20.75 12.0154 36.513
      vertex -20.75 10.9167 36.8
      vertex -20.75 11.9583 36.8
    endloop
  endfacet
  facet normal -1 0 -0
    outer loop
      vertex -20.75 10.697 36.2697
      vertex -20.75 12.178 36.2697
      vertex -20.75 10.4537 36.1071
    endloop
  endfacet
  facet normal -1 0 0
    outer loop
      vertex -20.75 12.0154 36.513
      vertex -20.75 10.8596 36.513
      vertex -20.75 10.9167 36.8
    endloop
  endfacet
  facet normal -1 -0 0
    outer loop
      vertex -20.75 12.0154 36.513
      vertex -20.75 10.697 36.2697
      vertex -20.75 10.8596 36.513
    endloop
  endfacet
  facet normal -1 0 0
    outer loop
      vertex -20.75 12.178 36.2697
      vertex -20.75 10.697 36.2697
      vertex -20.75 12.0154 36.513
    endloop
  endfacet
  facet normal -1 0 0
    outer loop
      vertex -20.75 13.75 33.8
      vertex -20.75 10.1667 36.05
      vertex -20.75 10.4537 36.1071
    endloop
  endfacet
  facet normal -1 0 0
    outer loop
      vertex -20.75 7.625 36.05
      vertex -20.75 10.1667 36.05
      vertex -20.75 13.75 33.8
    endloop
  endfacet
  facet normal -1 0 0
    outer loop
      vertex -20.75 9.47376 36.513
      vertex -20.75 8.375 36.8
      vertex -20.75 9.41667 36.8
    endloop
  endfacet
  facet normal -1 0 0
    outer loop
      vertex -20.75 8.31791 36.513
      vertex -20.75 9.47376 36.513
      vertex -20.75 9.63634 36.2697
    endloop
  endfacet
  facet normal -1 0 0
    outer loop
      vertex -20.75 8.15533 36.2697
      vertex -20.75 9.63634 36.2697
      vertex -20.75 9.87965 36.1071
    endloop
  endfacet
  facet normal -1 0 0
    outer loop
      vertex -20.75 10.1667 36.05
      vertex -20.75 7.625 36.05
      vertex -20.75 9.87965 36.1071
    endloop
  endfacet
  facet normal -1 0 0
    outer loop
      vertex -20.75 9.47376 36.513
      vertex -20.75 8.31791 36.513
      vertex -20.75 8.375 36.8
    endloop
  endfacet
  facet normal -1 0 0
    outer loop
      vertex -20.75 9.63634 36.2697
      vertex -20.75 8.15533 36.2697
      vertex -20.75 8.31791 36.513
    endloop
  endfacet
  facet normal -1 0 0
    outer loop
      vertex -20.75 9.87965 36.1071
      vertex -20.75 7.91201 36.1071
      vertex -20.75 8.15533 36.2697
    endloop
  endfacet
  facet normal -1 -0 0
    outer loop
      vertex -20.75 9.87965 36.1071
      vertex -20.75 7.625 36.05
      vertex -20.75 7.91201 36.1071
    endloop
  endfacet
  facet normal -1 0 0
    outer loop
      vertex -20.75 5.08333 36.05
      vertex -20.75 7.625 36.05
      vertex -20.75 13.75 33.8
    endloop
  endfacet
  facet normal -1 0 0
    outer loop
      vertex -20.75 6.93209 36.513
      vertex -20.75 5.83333 36.8
      vertex -20.75 6.875 36.8
    endloop
  endfacet
  facet normal -1 0 0
    outer loop
      vertex -20.75 5.77624 36.513
      vertex -20.75 6.93209 36.513
      vertex -20.75 7.09467 36.2697
    endloop
  endfacet
  facet normal -1 0 0
    outer loop
      vertex -20.75 5.61366 36.2697
      vertex -20.75 7.09467 36.2697
      vertex -20.75 7.33799 36.1071
    endloop
  endfacet
  facet normal -1 0 0
    outer loop
      vertex -20.75 6.93209 36.513
      vertex -20.75 5.77624 36.513
      vertex -20.75 5.83333 36.8
    endloop
  endfacet
  facet normal -1 0 0
    outer loop
      vertex -20.75 7.625 36.05
      vertex -20.75 5.08333 36.05
      vertex -20.75 7.33799 36.1071
    endloop
  endfacet
  facet normal -1 0 0
    outer loop
      vertex -20.75 7.09467 36.2697
      vertex -20.75 5.61366 36.2697
      vertex -20.75 5.77624 36.513
    endloop
  endfacet
  facet normal -1 0 0
    outer loop
      vertex -20.75 7.33799 36.1071
      vertex -20.75 5.37035 36.1071
      vertex -20.75 5.61366 36.2697
    endloop
  endfacet
  facet normal -1 -0 0
    outer loop
      vertex -20.75 7.33799 36.1071
      vertex -20.75 5.08333 36.05
      vertex -20.75 5.37035 36.1071
    endloop
  endfacet
  facet normal -1 0 0
    outer loop
      vertex -20.75 2.54167 36.05
      vertex -20.75 5.08333 36.05
      vertex -20.75 13.75 33.8
    endloop
  endfacet
  facet normal -1 0 0
    outer loop
      vertex -20.75 4.39042 36.513
      vertex -20.75 3.29167 36.8
      vertex -20.75 4.33333 36.8
    endloop
  endfacet
  facet normal -1 0 0
    outer loop
      vertex -20.75 3.23458 36.513
      vertex -20.75 4.39042 36.513
      vertex -20.75 4.553 36.2697
    endloop
  endfacet
  facet normal -1 0 0
    outer loop
      vertex -20.75 3.072 36.2697
      vertex -20.75 4.553 36.2697
      vertex -20.75 4.79632 36.1071
    endloop
  endfacet
  facet normal -1 0 0
    outer loop
      vertex -20.75 4.39042 36.513
      vertex -20.75 3.23458 36.513
      vertex -20.75 3.29167 36.8
    endloop
  endfacet
  facet normal -1 0 0
    outer loop
      vertex -20.75 4.553 36.2697
      vertex -20.75 3.072 36.2697
      vertex -20.75 3.23458 36.513
    endloop
  endfacet
  facet normal -1 0 0
    outer loop
      vertex -20.75 5.08333 36.05
      vertex -20.75 2.54167 36.05
      vertex -20.75 4.79632 36.1071
    endloop
  endfacet
  facet normal -1 0 0
    outer loop
      vertex -20.75 4.79632 36.1071
      vertex -20.75 2.82868 36.1071
      vertex -20.75 3.072 36.2697
    endloop
  endfacet
  facet normal -1 -0 0
    outer loop
      vertex -20.75 4.79632 36.1071
      vertex -20.75 2.54167 36.05
      vertex -20.75 2.82868 36.1071
    endloop
  endfacet
  facet normal -1 0 0
    outer loop
      vertex -20.75 0 36.05
      vertex -20.75 2.54167 36.05
      vertex -20.75 13.75 33.8
    endloop
  endfacet
  facet normal -1 0 0
    outer loop
      vertex -20.75 1.84876 36.513
      vertex -20.75 0.75 36.8
      vertex -20.75 1.79167 36.8
    endloop
  endfacet
  facet normal -1 0 0
    outer loop
      vertex -20.75 0.692909 36.513
      vertex -20.75 1.84876 36.513
      vertex -20.75 2.01134 36.2697
    endloop
  endfacet
  facet normal -1 0 0
    outer loop
      vertex -20.75 0.53033 36.2697
      vertex -20.75 2.01134 36.2697
      vertex -20.75 2.25465 36.1071
    endloop
  endfacet
  facet normal -1 0 0
    outer loop
      vertex -20.75 1.84876 36.513
      vertex -20.75 0.692909 36.513
      vertex -20.75 0.75 36.8
    endloop
  endfacet
  facet normal -1 0 0
    outer loop
      vertex -20.75 2.01134 36.2697
      vertex -20.75 0.53033 36.2697
      vertex -20.75 0.692909 36.513
    endloop
  endfacet
  facet normal -1 0 0
    outer loop
      vertex -20.75 2.54167 36.05
      vertex -20.75 0 36.05
      vertex -20.75 2.25465 36.1071
    endloop
  endfacet
  facet normal -1 0 0
    outer loop
      vertex -20.75 2.25465 36.1071
      vertex -20.75 0.287012 36.1071
      vertex -20.75 0.53033 36.2697
    endloop
  endfacet
  facet normal -1 -0 0
    outer loop
      vertex -20.75 2.25465 36.1071
      vertex -20.75 0 36.05
      vertex -20.75 0.287012 36.1071
    endloop
  endfacet
  facet normal -1 0 0
    outer loop
      vertex -20.75 -0.692909 36.513
      vertex -20.75 -1.79167 36.8
      vertex -20.75 -0.75 36.8
    endloop
  endfacet
  facet normal -1 0 0
    outer loop
      vertex -20.75 -1.84876 36.513
      vertex -20.75 -0.692909 36.513
      vertex -20.75 -0.53033 36.2697
    endloop
  endfacet
  facet normal -1 0 0
    outer loop
      vertex -20.75 -2.01134 36.2697
      vertex -20.75 -0.53033 36.2697
      vertex -20.75 -0.287012 36.1071
    endloop
  endfacet
  facet normal -1 0 0
    outer loop
      vertex -20.75 -0.692909 36.513
      vertex -20.75 -1.84876 36.513
      vertex -20.75 -1.79167 36.8
    endloop
  endfacet
  facet normal -1 0 0
    outer loop
      vertex -20.75 -0.53033 36.2697
      vertex -20.75 -2.01134 36.2697
      vertex -20.75 -1.84876 36.513
    endloop
  endfacet
  facet normal -1 0 0
    outer loop
      vertex -20.75 -2.25465 36.1071
      vertex -20.75 -0.287012 36.1071
      vertex -20.75 0 36.05
    endloop
  endfacet
  facet normal -1 0 0
    outer loop
      vertex -20.75 -13.75 33.8
      vertex -20.75 0 36.05
      vertex -20.75 13.75 33.8
    endloop
  endfacet
  facet normal -1 0 0
    outer loop
      vertex -20.75 -0.287012 36.1071
      vertex -20.75 -2.25465 36.1071
      vertex -20.75 -2.01134 36.2697
    endloop
  endfacet
  facet normal -1 0 0
    outer loop
      vertex -20.75 0 36.05
      vertex -20.75 -2.54167 36.05
      vertex -20.75 -2.25465 36.1071
    endloop
  endfacet
  facet normal -1 0 0
    outer loop
      vertex -20.75 -3.23458 36.513
      vertex -20.75 -4.33333 36.8
      vertex -20.75 -3.29167 36.8
    endloop
  endfacet
  facet normal -1 0 0
    outer loop
      vertex -20.75 -4.39042 36.513
      vertex -20.75 -3.23458 36.513
      vertex -20.75 -3.072 36.2697
    endloop
  endfacet
  facet normal -1 0 0
    outer loop
      vertex -20.75 -4.553 36.2697
      vertex -20.75 -3.072 36.2697
      vertex -20.75 -2.82868 36.1071
    endloop
  endfacet
  facet normal -1 0 0
    outer loop
      vertex -20.75 -3.23458 36.513
      vertex -20.75 -4.39042 36.513
      vertex -20.75 -4.33333 36.8
    endloop
  endfacet
  facet normal -1 0 0
    outer loop
      vertex -20.75 -3.072 36.2697
      vertex -20.75 -4.553 36.2697
      vertex -20.75 -4.39042 36.513
    endloop
  endfacet
  facet normal -1 0 0
    outer loop
      vertex -20.75 -4.79632 36.1071
      vertex -20.75 -2.82868 36.1071
      vertex -20.75 -2.54167 36.05
    endloop
  endfacet
  facet normal -1 -0 0
    outer loop
      vertex -20.75 0 36.05
      vertex -20.75 -13.75 33.8
      vertex -20.75 -2.54167 36.05
    endloop
  endfacet
  facet normal -1 0 0
    outer loop
      vertex -20.75 -2.82868 36.1071
      vertex -20.75 -4.79632 36.1071
      vertex -20.75 -4.553 36.2697
    endloop
  endfacet
  facet normal -1 0 0
    outer loop
      vertex -20.75 -2.54167 36.05
      vertex -20.75 -5.08333 36.05
      vertex -20.75 -4.79632 36.1071
    endloop
  endfacet
  facet normal -1 0 0
    outer loop
      vertex -20.75 -5.77624 36.513
      vertex -20.75 -6.875 36.8
      vertex -20.75 -5.83333 36.8
    endloop
  endfacet
  facet normal -1 0 0
    outer loop
      vertex -20.75 -6.93209 36.513
      vertex -20.75 -5.77624 36.513
      vertex -20.75 -5.61366 36.2697
    endloop
  endfacet
  facet normal -1 0 0
    outer loop
      vertex -20.75 -7.09467 36.2697
      vertex -20.75 -5.61366 36.2697
      vertex -20.75 -5.37035 36.1071
    endloop
  endfacet
  facet normal -1 0 0
    outer loop
      vertex -20.75 -5.77624 36.513
      vertex -20.75 -6.93209 36.513
      vertex -20.75 -6.875 36.8
    endloop
  endfacet
  facet normal -1 0 0
    outer loop
      vertex -20.75 -5.61366 36.2697
      vertex -20.75 -7.09467 36.2697
      vertex -20.75 -6.93209 36.513
    endloop
  endfacet
  facet normal -1 0 0
    outer loop
      vertex -20.75 -7.33799 36.1071
      vertex -20.75 -5.37035 36.1071
      vertex -20.75 -5.08333 36.05
    endloop
  endfacet
  facet normal -1 -0 0
    outer loop
      vertex -20.75 -2.54167 36.05
      vertex -20.75 -13.75 33.8
      vertex -20.75 -5.08333 36.05
    endloop
  endfacet
  facet normal -1 0 0
    outer loop
      vertex -20.75 -5.37035 36.1071
      vertex -20.75 -7.33799 36.1071
      vertex -20.75 -7.09467 36.2697
    endloop
  endfacet
  facet normal -1 0 -0
    outer loop
      vertex -20.75 -7.625 36.05
      vertex -20.75 -5.08333 36.05
      vertex -20.75 -13.75 33.8
    endloop
  endfacet
  facet normal -1 0 0
    outer loop
      vertex -20.75 -8.31791 36.513
      vertex -20.75 -9.41667 36.8
      vertex -20.75 -8.375 36.8
    endloop
  endfacet
  facet normal -1 0 0
    outer loop
      vertex -20.75 -9.47376 36.513
      vertex -20.75 -8.31791 36.513
      vertex -20.75 -8.15533 36.2697
    endloop
  endfacet
  facet normal -1 0 0
    outer loop
      vertex -20.75 -9.63634 36.2697
      vertex -20.75 -8.15533 36.2697
      vertex -20.75 -7.91201 36.1071
    endloop
  endfacet
  facet normal -1 0 0
    outer loop
      vertex -20.75 -8.31791 36.513
      vertex -20.75 -9.47376 36.513
      vertex -20.75 -9.41667 36.8
    endloop
  endfacet
  facet normal -1 0 0
    outer loop
      vertex -20.75 -8.15533 36.2697
      vertex -20.75 -9.63634 36.2697
      vertex -20.75 -9.47376 36.513
    endloop
  endfacet
  facet normal -1 0 0
    outer loop
      vertex -20.75 -9.87965 36.1071
      vertex -20.75 -7.91201 36.1071
      vertex -20.75 -7.625 36.05
    endloop
  endfacet
  facet normal -1 0 0
    outer loop
      vertex -20.75 -7.91201 36.1071
      vertex -20.75 -9.87965 36.1071
      vertex -20.75 -9.63634 36.2697
    endloop
  endfacet
  facet normal -1 0 0
    outer loop
      vertex -20.75 -5.08333 36.05
      vertex -20.75 -7.625 36.05
      vertex -20.75 -7.33799 36.1071
    endloop
  endfacet
  facet normal -1 0 -0
    outer loop
      vertex -20.75 -10.1667 36.05
      vertex -20.75 -7.625 36.05
      vertex -20.75 -13.75 33.8
    endloop
  endfacet
  facet normal -1 0 0
    outer loop
      vertex -20.75 -10.8596 36.513
      vertex -20.75 -11.9583 36.8
      vertex -20.75 -10.9167 36.8
    endloop
  endfacet
  facet normal -1 0 0
    outer loop
      vertex -20.75 -12.0154 36.513
      vertex -20.75 -10.8596 36.513
      vertex -20.75 -10.697 36.2697
    endloop
  endfacet
  facet normal -1 0 0
    outer loop
      vertex -20.75 -12.178 36.2697
      vertex -20.75 -10.697 36.2697
      vertex -20.75 -10.4537 36.1071
    endloop
  endfacet
  facet normal -1 0 0
    outer loop
      vertex -20.75 -10.8596 36.513
      vertex -20.75 -12.0154 36.513
      vertex -20.75 -11.9583 36.8
    endloop
  endfacet
  facet normal -1 0 0
    outer loop
      vertex -20.75 -10.697 36.2697
      vertex -20.75 -12.178 36.2697
      vertex -20.75 -12.0154 36.513
    endloop
  endfacet
  facet normal -1 0 0
    outer loop
      vertex -20.75 -13.75 33.8
      vertex -20.75 -10.4537 36.1071
      vertex -20.75 -10.1667 36.05
    endloop
  endfacet
  facet normal -1 0 0
    outer loop
      vertex -20.75 -10.4537 36.1071
      vertex -20.75 -12.4213 36.1071
      vertex -20.75 -12.178 36.2697
    endloop
  endfacet
  facet normal -1 0 0
    outer loop
      vertex -20.75 -7.625 36.05
      vertex -20.75 -10.1667 36.05
      vertex -20.75 -9.87965 36.1071
    endloop
  endfacet
  facet normal -1 -0 0
    outer loop
      vertex -20.75 -10.4537 36.1071
      vertex -20.75 -13.75 33.8
      vertex -20.75 -12.4213 36.1071
    endloop
  endfacet
  facet normal -1 0 0
    outer loop
      vertex -20.75 -12.4213 36.1071
      vertex -20.75 -13.75 33.8
      vertex -20.75 -12.7083 36.05
    endloop
  endfacet
  facet normal -1 0 0
    outer loop
      vertex -20.75 -13.75 33.8
      vertex -20.75 -12.9953 36.1071
      vertex -20.75 -12.7083 36.05
    endloop
  endfacet
  facet normal -1 0 0
    outer loop
      vertex -20.75 -13.75 33.8
      vertex -20.75 -13.2387 36.2697
      vertex -20.75 -12.9953 36.1071
    endloop
  endfacet
  facet normal -1 0 0
    outer loop
      vertex -20.75 -14.7197 36.2697
      vertex -20.75 -13.2387 36.2697
      vertex -20.75 -13.75 33.8
    endloop
  endfacet
  facet normal -1 0 0
    outer loop
      vertex -20.75 -13.2387 36.2697
      vertex -20.75 -14.7197 36.2697
      vertex -20.75 -13.4012 36.513
    endloop
  endfacet
  facet normal -1 0 -0
    outer loop
      vertex -20.75 -14.5571 36.513
      vertex -20.75 -13.4012 36.513
      vertex -20.75 -14.7197 36.2697
    endloop
  endfacet
  facet normal -1 -0 0
    outer loop
      vertex -20.75 -13.4583 36.8
      vertex -20.75 -14.5571 36.513
      vertex -20.75 -14.5 36.8
    endloop
  endfacet
  facet normal -1 0 0
    outer loop
      vertex -20.75 -13.4012 36.513
      vertex -20.75 -14.5571 36.513
      vertex -20.75 -13.4583 36.8
    endloop
  endfacet
  facet normal -1 0 0
    outer loop
      vertex -20.75 -13.75 33.8
      vertex -20.75 -14.963 36.1071
      vertex -20.75 -14.7197 36.2697
    endloop
  endfacet
  facet normal -1 0 0
    outer loop
      vertex -20.75 -13.75 33.8
      vertex -20.75 -15.25 36.05
      vertex -20.75 -14.963 36.1071
    endloop
  endfacet
  facet normal -1 0 0
    outer loop
      vertex -20.75 -13.75 33.8
      vertex -20.75 -15.537 36.1071
      vertex -20.75 -15.25 36.05
    endloop
  endfacet
  facet normal -1 0 0
    outer loop
      vertex -20.75 -16.75 30.8
      vertex -20.75 -15.537 36.1071
      vertex -20.75 -13.75 33.8
    endloop
  endfacet
  facet normal -1 -0 0
    outer loop
      vertex -20.75 -15.537 36.1071
      vertex -20.75 -16.75 30.8
      vertex -20.75 -15.7803 36.2697
    endloop
  endfacet
  facet normal -1 0 0
    outer loop
      vertex -20.75 -16.75 36.8
      vertex -20.75 -15.7803 36.2697
      vertex -20.75 -16.75 30.8
    endloop
  endfacet
  facet normal -1 0 0
    outer loop
      vertex -20.75 -15.7803 36.2697
      vertex -20.75 -16.75 36.8
      vertex -20.75 -15.9429 36.513
    endloop
  endfacet
  facet normal -1 0 0
    outer loop
      vertex -20.75 -15.9429 36.513
      vertex -20.75 -16.75 36.8
      vertex -20.75 -16 36.8
    endloop
  endfacet
  facet normal 0 0 -1
    outer loop
      vertex -20.6182 -17.7682 9.3
      vertex -20.6176 -17.75 9.3
      vertex -20.5571 -17.9496 9.3
    endloop
  endfacet
  facet normal -0 0 -1
    outer loop
      vertex -20.6176 -17.75 9.3
      vertex -20.6182 -17.7682 9.3
      vertex -20.6224 -17.75 9.3
    endloop
  endfacet
  facet normal 0 0 -1
    outer loop
      vertex -20.4455 -18.2807 9.3
      vertex -20.557 -17.95 9.3
      vertex -20.3823 -18.4212 9.3
    endloop
  endfacet
  facet normal 0 0 -1
    outer loop
      vertex -20.3475 -18.4987 9.3
      vertex -20.3822 -18.4214 9.3
      vertex -20.2511 -18.6668 9.3
    endloop
  endfacet
  facet normal 0 0 -1
    outer loop
      vertex -20.0759 -18.9723 9.3
      vertex -20.251 -18.6669 9.3
      vertex -19.9881 -19.0956 9.3
    endloop
  endfacet
  facet normal 0 0 -1
    outer loop
      vertex -19.9396 -19.1638 9.3
      vertex -19.988 -19.0958 9.3
      vertex -19.8114 -19.311 9.3
    endloop
  endfacet
  facet normal 0 0 -1
    outer loop
      vertex -19.5784 -19.5784 9.3
      vertex -19.811 -19.3114 9.3
      vertex -19.4699 -19.6808 9.3
    endloop
  endfacet
  facet normal 0 0 -1
    outer loop
      vertex -19.4099 -19.7374 9.3
      vertex -19.4698 -19.681 9.3
      vertex -19.2546 -19.8576 9.3
    endloop
  endfacet
  facet normal 0 0 -1
    outer loop
      vertex -18.9723 -20.0759 9.3
      vertex -19.2541 -19.8579 9.3
      vertex -18.8478 -20.154 9.3
    endloop
  endfacet
  facet normal 0 0 -1
    outer loop
      vertex -18.7791 -20.1971 9.3
      vertex -18.8477 -20.1541 9.3
      vertex -18.6024 -20.2852 9.3
    endloop
  endfacet
  facet normal 0 0 -1
    outer loop
      vertex -18.2807 -20.4455 9.3
      vertex -18.6017 -20.2855 9.3
      vertex -18.1461 -20.4969 9.3
    endloop
  endfacet
  facet normal 0 0 -1
    outer loop
      vertex -17.5433 -20.6705 9.3
      vertex -17.8799 -20.5777 9.3
      vertex -17.5388 -20.6714 9.3
    endloop
  endfacet
  facet normal 0 0 -1
    outer loop
      vertex -18.0719 -20.5252 9.3
      vertex -17.8799 -20.5777 9.3
      vertex -17.5433 -20.6705 9.3
    endloop
  endfacet
  facet normal 0 0 -1
    outer loop
      vertex -17.8799 -20.5777 9.3
      vertex -18.0719 -20.5252 9.3
      vertex -18.1458 -20.497 9.3
    endloop
  endfacet
  facet normal 0 0 -1
    outer loop
      vertex -17.5303 -20.6731 9.3
      vertex -17.5386 -20.6715 9.3
      vertex -17.1943 -20.7169 9.3
    endloop
  endfacet
  facet normal 0 0 -1
    outer loop
      vertex -17.0005 -20.7421 9.3
      vertex -17.1873 -20.7178 9.3
      vertex -16.9121 -20.7449 9.3
    endloop
  endfacet
  facet normal 0 1 0
    outer loop
      vertex -16.75 -17.75 29.8
      vertex -19.7771 -17.75 26.8
      vertex -20.6224 -17.75 29.8
    endloop
  endfacet
  facet normal 0 1 0
    outer loop
      vertex -16.75 -17.75 29.8
      vertex -19.4487 -17.75 26.4843
      vertex -19.7771 -17.75 26.8
    endloop
  endfacet
  facet normal 0 1 0
    outer loop
      vertex -16.75 -17.75 29.8
      vertex -19.1642 -17.75 26.2107
      vertex -19.4487 -17.75 26.4843
    endloop
  endfacet
  facet normal 0 1 0
    outer loop
      vertex -16.75 -17.75 29.8
      vertex -18.5236 -17.75 25.643
      vertex -19.1642 -17.75 26.2107
    endloop
  endfacet
  facet normal 0 1 -0
    outer loop
      vertex -16.75 -17.75 22.95
      vertex -18.5236 -17.75 25.643
      vertex -16.75 -17.75 29.8
    endloop
  endfacet
  facet normal 0 1 0
    outer loop
      vertex -18.5236 -17.75 25.643
      vertex -18.3513 -17.75 23.6903
      vertex -18.5236 -17.75 23.843
    endloop
  endfacet
  facet normal -0 1 -0
    outer loop
      vertex -17.9896 -17.75 23.3979
      vertex -18.5236 -17.75 25.643
      vertex -16.75 -17.75 22.95
    endloop
  endfacet
  facet normal 0 1 0
    outer loop
      vertex -18.5236 -17.75 25.643
      vertex -18.2466 -17.75 23.5975
      vertex -18.3513 -17.75 23.6903
    endloop
  endfacet
  facet normal 0 1 0
    outer loop
      vertex -18.5236 -17.75 25.643
      vertex -17.9896 -17.75 23.3979
      vertex -18.2466 -17.75 23.5975
    endloop
  endfacet
  facet normal 0 1 0
    outer loop
      vertex -17.9896 -17.75 23.3979
      vertex -16.75 -17.75 22.95
      vertex -17.75 -17.75 23.2118
    endloop
  endfacet
  facet normal 0 1 0
    outer loop
      vertex -17.75 -17.75 23.2118
      vertex -16.75 -17.75 22.95
      vertex -17.7169 -17.75 23.1907
    endloop
  endfacet
  facet normal 0 1 0
    outer loop
      vertex -17.7169 -17.75 23.1907
      vertex -16.75 -17.75 22.95
      vertex -17.6531 -17.75 23.15
    endloop
  endfacet
  facet normal 0 1 0
    outer loop
      vertex -17.6531 -17.75 23.15
      vertex -16.75 -17.75 22.95
      vertex -17.6531 -17.75 22.95
    endloop
  endfacet
  facet normal 0 1 -0
    outer loop
      vertex -20.6065 -17.75 26.8
      vertex -20.6224 -17.75 29.8
      vertex -19.7771 -17.75 26.8
    endloop
  endfacet
  facet normal 0 1 0
    outer loop
      vertex -20.6224 -17.75 9.3
      vertex -20.6065 -17.75 26.8
      vertex -20.6176 -17.75 9.3
    endloop
  endfacet
  facet normal 0 1 0
    outer loop
      vertex -20.6065 -17.75 26.8
      vertex -20.6224 -17.75 9.3
      vertex -20.6224 -17.75 29.8
    endloop
  endfacet
  facet normal -0 0 1
    outer loop
      vertex -20.75 -16 36.8
      vertex -16.75 -16.75 36.8
      vertex -16.75 -16 36.8
    endloop
  endfacet
  facet normal 0 0 1
    outer loop
      vertex -16.75 -16.75 36.8
      vertex -20.75 -16 36.8
      vertex -20.75 -16.75 36.8
    endloop
  endfacet
  facet normal -0 0 1
    outer loop
      vertex -20.75 16.75 36.8
      vertex -16.75 16 36.8
      vertex -16.75 16.75 36.8
    endloop
  endfacet
  facet normal 0 0 1
    outer loop
      vertex -16.75 16 36.8
      vertex -20.75 16.75 36.8
      vertex -20.75 16 36.8
    endloop
  endfacet
  facet normal -0 0 1
    outer loop
      vertex -20.75 -13.4583 36.8
      vertex -16.75 -14.5 36.8
      vertex -16.75 -13.4583 36.8
    endloop
  endfacet
  facet normal 0 0 1
    outer loop
      vertex -16.75 -14.5 36.8
      vertex -20.75 -13.4583 36.8
      vertex -20.75 -14.5 36.8
    endloop
  endfacet
  facet normal -0 0 1
    outer loop
      vertex -20.75 -10.9167 36.8
      vertex -16.75 -11.9583 36.8
      vertex -16.75 -10.9167 36.8
    endloop
  endfacet
  facet normal 0 0 1
    outer loop
      vertex -16.75 -11.9583 36.8
      vertex -20.75 -10.9167 36.8
      vertex -20.75 -11.9583 36.8
    endloop
  endfacet
  facet normal -0 0 1
    outer loop
      vertex -20.75 -8.375 36.8
      vertex -16.75 -9.41667 36.8
      vertex -16.75 -8.375 36.8
    endloop
  endfacet
  facet normal 0 0 1
    outer loop
      vertex -16.75 -9.41667 36.8
      vertex -20.75 -8.375 36.8
      vertex -20.75 -9.41667 36.8
    endloop
  endfacet
  facet normal -0 0 1
    outer loop
      vertex -20.75 -5.83333 36.8
      vertex -16.75 -6.875 36.8
      vertex -16.75 -5.83333 36.8
    endloop
  endfacet
  facet normal 0 0 1
    outer loop
      vertex -16.75 -6.875 36.8
      vertex -20.75 -5.83333 36.8
      vertex -20.75 -6.875 36.8
    endloop
  endfacet
  facet normal -0 0 1
    outer loop
      vertex -20.75 -3.29167 36.8
      vertex -16.75 -4.33333 36.8
      vertex -16.75 -3.29167 36.8
    endloop
  endfacet
  facet normal 0 0 1
    outer loop
      vertex -16.75 -4.33333 36.8
      vertex -20.75 -3.29167 36.8
      vertex -20.75 -4.33333 36.8
    endloop
  endfacet
  facet normal -0 0 1
    outer loop
      vertex -20.75 -0.75 36.8
      vertex -16.75 -1.79167 36.8
      vertex -16.75 -0.75 36.8
    endloop
  endfacet
  facet normal 0 0 1
    outer loop
      vertex -16.75 -1.79167 36.8
      vertex -20.75 -0.75 36.8
      vertex -20.75 -1.79167 36.8
    endloop
  endfacet
  facet normal -0 0 1
    outer loop
      vertex -20.75 1.79167 36.8
      vertex -16.75 0.75 36.8
      vertex -16.75 1.79167 36.8
    endloop
  endfacet
  facet normal 0 0 1
    outer loop
      vertex -16.75 0.75 36.8
      vertex -20.75 1.79167 36.8
      vertex -20.75 0.75 36.8
    endloop
  endfacet
  facet normal -0 0 1
    outer loop
      vertex -20.75 4.33333 36.8
      vertex -16.75 3.29167 36.8
      vertex -16.75 4.33333 36.8
    endloop
  endfacet
  facet normal 0 0 1
    outer loop
      vertex -16.75 3.29167 36.8
      vertex -20.75 4.33333 36.8
      vertex -20.75 3.29167 36.8
    endloop
  endfacet
  facet normal -0 0 1
    outer loop
      vertex -20.75 6.875 36.8
      vertex -16.75 5.83333 36.8
      vertex -16.75 6.875 36.8
    endloop
  endfacet
  facet normal 0 0 1
    outer loop
      vertex -16.75 5.83333 36.8
      vertex -20.75 6.875 36.8
      vertex -20.75 5.83333 36.8
    endloop
  endfacet
  facet normal -0 0 1
    outer loop
      vertex -20.75 9.41667 36.8
      vertex -16.75 8.375 36.8
      vertex -16.75 9.41667 36.8
    endloop
  endfacet
  facet normal 0 0 1
    outer loop
      vertex -16.75 8.375 36.8
      vertex -20.75 9.41667 36.8
      vertex -20.75 8.375 36.8
    endloop
  endfacet
  facet normal -0 0 1
    outer loop
      vertex -20.75 11.9583 36.8
      vertex -16.75 10.9167 36.8
      vertex -16.75 11.9583 36.8
    endloop
  endfacet
  facet normal 0 0 1
    outer loop
      vertex -16.75 10.9167 36.8
      vertex -20.75 11.9583 36.8
      vertex -20.75 10.9167 36.8
    endloop
  endfacet
  facet normal -0 0 1
    outer loop
      vertex -20.75 14.5 36.8
      vertex -16.75 13.4583 36.8
      vertex -16.75 14.5 36.8
    endloop
  endfacet
  facet normal 0 0 1
    outer loop
      vertex -16.75 13.4583 36.8
      vertex -20.75 14.5 36.8
      vertex -20.75 13.4583 36.8
    endloop
  endfacet
  facet normal 0 -0.707107 0.707107
    outer loop
      vertex -20.7421 -17.0005 36.5495
      vertex -16.75 -16.75 36.8
      vertex -20.75 -16.75 36.8
    endloop
  endfacet
  facet normal 8.30623e-06 -0.707173 0.707041
    outer loop
      vertex -20.6731 -17.5303 36.0196
      vertex -16.75 -16.75 36.8
      vertex -20.7421 -17.0005 36.5495
    endloop
  endfacet
  facet normal -7.37718e-05 -0.706967 0.707247
    outer loop
      vertex -20.6182 -17.7682 35.7818
      vertex -16.75 -16.75 36.8
      vertex -20.6731 -17.5303 36.0196
    endloop
  endfacet
  facet normal -1.16395e-15 -0.707107 0.707107
    outer loop
      vertex -20.4455 -18.2807 35.2693
      vertex -16.75 -16.75 36.8
      vertex -20.6182 -17.7682 35.7818
    endloop
  endfacet
  facet normal 4.60039e-15 -0.707107 0.707107
    outer loop
      vertex -20.3475 -18.4987 35.0513
      vertex -16.75 -16.75 36.8
      vertex -20.4455 -18.2807 35.2693
    endloop
  endfacet
  facet normal -2.01781e-15 -0.707107 0.707107
    outer loop
      vertex -20.0759 -18.9723 34.5777
      vertex -16.75 -16.75 36.8
      vertex -20.3475 -18.4987 35.0513
    endloop
  endfacet
  facet normal 5.01195e-16 -0.707107 0.707107
    outer loop
      vertex -19.9396 -19.1638 34.3862
      vertex -16.75 -16.75 36.8
      vertex -20.0759 -18.9723 34.5777
    endloop
  endfacet
  facet normal 4.29325e-16 -0.707107 0.707107
    outer loop
      vertex -19.5784 -19.5784 33.9716
      vertex -16.75 -16.75 36.8
      vertex -19.9396 -19.1638 34.3862
    endloop
  endfacet
  facet normal -7.24618e-15 -0.707107 0.707107
    outer loop
      vertex -19.4099 -19.7374 33.8126
      vertex -16.75 -16.75 36.8
      vertex -19.5784 -19.5784 33.9716
    endloop
  endfacet
  facet normal 4.12497e-15 -0.707107 0.707107
    outer loop
      vertex -18.9723 -20.0759 33.4741
      vertex -16.75 -16.75 36.8
      vertex -19.4099 -19.7374 33.8126
    endloop
  endfacet
  facet normal 9.46973e-15 -0.707107 0.707107
    outer loop
      vertex -18.7791 -20.1971 33.3529
      vertex -16.75 -16.75 36.8
      vertex -18.9723 -20.0759 33.4741
    endloop
  endfacet
  facet normal -3.88626e-15 -0.707107 0.707107
    outer loop
      vertex -18.2807 -20.4455 33.1045
      vertex -16.75 -16.75 36.8
      vertex -18.7791 -20.1971 33.3529
    endloop
  endfacet
  facet normal 2.63551e-16 -0.707107 0.707107
    outer loop
      vertex -18.0719 -20.5252 33.0248
      vertex -16.75 -16.75 36.8
      vertex -18.2807 -20.4455 33.1045
    endloop
  endfacet
  facet normal 1.43542e-16 -0.707107 0.707107
    outer loop
      vertex -17.5433 -20.6705 32.8795
      vertex -16.75 -16.75 36.8
      vertex -18.0719 -20.5252 33.0248
    endloop
  endfacet
  facet normal 1.38788e-16 -0.707107 0.707107
    outer loop
      vertex -17.5303 -20.6731 32.8769
      vertex -16.75 -16.75 36.8
      vertex -17.5433 -20.6705 32.8795
    endloop
  endfacet
  facet normal 4.71256e-15 -0.707107 0.707107
    outer loop
      vertex -17.0005 -20.7421 32.8079
      vertex -16.75 -16.75 36.8
      vertex -17.5303 -20.6731 32.8769
    endloop
  endfacet
  facet normal 0 -0.707107 0.707107
    outer loop
      vertex -16.75 -16.75 36.8
      vertex -17.0005 -20.7421 32.8079
      vertex -16.75 -20.75 32.8
    endloop
  endfacet
  facet normal 0 0.707107 -0.707107
    outer loop
      vertex -16.75 -13.75 33.8
      vertex -20.75 -16.75 30.8
      vertex -20.75 -13.75 33.8
    endloop
  endfacet
  facet normal -1.57009e-16 0.707107 -0.707107
    outer loop
      vertex -16.75 -17.75 29.8
      vertex -20.75 -16.75 30.8
      vertex -16.75 -13.75 33.8
    endloop
  endfacet
  facet normal 2.52706e-15 0.707107 -0.707107
    outer loop
      vertex -20.75 -16.75 30.8
      vertex -16.75 -17.75 29.8
      vertex -20.7421 -17.0005 30.5495
    endloop
  endfacet
  facet normal 2.56834e-05 0.707175 -0.707038
    outer loop
      vertex -20.7421 -17.0005 30.5495
      vertex -16.75 -17.75 29.8
      vertex -20.6731 -17.5303 30.0196
    endloop
  endfacet
  facet normal 0 0.706946 -0.707268
    outer loop
      vertex -20.6731 -17.5303 30.0196
      vertex -16.75 -17.75 29.8
      vertex -20.6224 -17.75 29.8
    endloop
  endfacet
  facet normal 0 0 -1
    outer loop
      vertex -20.75 -13.75 33.8
      vertex -16.75 13.75 33.8
      vertex -16.75 -13.75 33.8
    endloop
  endfacet
  facet normal -0 0 -1
    outer loop
      vertex -16.75 13.75 33.8
      vertex -20.75 -13.75 33.8
      vertex -20.75 13.75 33.8
    endloop
  endfacet
  facet normal 0 0.707107 0.707107
    outer loop
      vertex -16.75 16.75 36.8
      vertex -20.7421 17.0005 36.5495
      vertex -20.75 16.75 36.8
    endloop
  endfacet
  facet normal 8.30623e-06 0.707173 0.707041
    outer loop
      vertex -16.75 16.75 36.8
      vertex -20.6731 17.5303 36.0196
      vertex -20.7421 17.0005 36.5495
    endloop
  endfacet
  facet normal -0.00106173 0.704478 0.709725
    outer loop
      vertex -16.75 16.75 36.8
      vertex -20.6705 17.5433 36.0067
      vertex -20.6731 17.5303 36.0196
    endloop
  endfacet
  facet normal 1.50719e-15 0.707107 0.707107
    outer loop
      vertex -16.75 16.75 36.8
      vertex -20.5252 18.0719 35.4781
      vertex -20.6705 17.5433 36.0067
    endloop
  endfacet
  facet normal -3.86542e-15 0.707107 0.707107
    outer loop
      vertex -16.75 16.75 36.8
      vertex -20.4455 18.2807 35.2693
      vertex -20.5252 18.0719 35.4781
    endloop
  endfacet
  facet normal 2.2611e-15 0.707107 0.707107
    outer loop
      vertex -16.75 16.75 36.8
      vertex -20.1971 18.7791 34.7709
      vertex -20.4455 18.2807 35.2693
    endloop
  endfacet
  facet normal -5.50966e-15 0.707107 0.707107
    outer loop
      vertex -16.75 16.75 36.8
      vertex -20.0759 18.9723 34.5777
      vertex -20.1971 18.7791 34.7709
    endloop
  endfacet
  facet normal 3.12929e-15 0.707107 0.707107
    outer loop
      vertex -16.75 16.75 36.8
      vertex -19.7374 19.4099 34.1401
      vertex -20.0759 18.9723 34.5777
    endloop
  endfacet
  facet normal -7.45806e-15 0.707107 0.707107
    outer loop
      vertex -16.75 16.75 36.8
      vertex -19.5784 19.5784 33.9716
      vertex -19.7374 19.4099 34.1401
    endloop
  endfacet
  facet normal 3.4346e-15 0.707107 0.707107
    outer loop
      vertex -16.75 16.75 36.8
      vertex -19.1638 19.9396 33.6104
      vertex -19.5784 19.5784 33.9716
    endloop
  endfacet
  facet normal -8.01912e-15 0.707107 0.707107
    outer loop
      vertex -16.75 16.75 36.8
      vertex -18.9723 20.0759 33.4741
      vertex -19.1638 19.9396 33.6104
    endloop
  endfacet
  facet normal 5.76518e-16 0.707107 0.707107
    outer loop
      vertex -16.75 16.75 36.8
      vertex -18.4987 20.3475 33.2025
      vertex -18.9723 20.0759 33.4741
    endloop
  endfacet
  facet normal 0 0.707107 0.707107
    outer loop
      vertex -16.75 16.75 36.8
      vertex -18.2807 20.4455 33.1045
      vertex -18.4987 20.3475 33.2025
    endloop
  endfacet
  facet normal -4.07382e-15 0.707107 0.707107
    outer loop
      vertex -16.75 16.75 36.8
      vertex -17.7682 20.6182 32.9318
      vertex -18.2807 20.4455 33.1045
    endloop
  endfacet
  facet normal 1.02942e-14 0.707107 0.707107
    outer loop
      vertex -16.75 16.75 36.8
      vertex -17.5303 20.6731 32.8769
      vertex -17.7682 20.6182 32.9318
    endloop
  endfacet
  facet normal 4.71256e-15 0.707107 0.707107
    outer loop
      vertex -16.75 16.75 36.8
      vertex -17.0005 20.7421 32.8079
      vertex -17.5303 20.6731 32.8769
    endloop
  endfacet
  facet normal 0 0.707107 0.707107
    outer loop
      vertex -17.0005 20.7421 32.8079
      vertex -16.75 16.75 36.8
      vertex -16.75 20.75 32.8
    endloop
  endfacet
  facet normal 0 -0.707107 -0.707107
    outer loop
      vertex -20.75 16.75 30.8
      vertex -16.75 13.75 33.8
      vertex -20.75 13.75 33.8
    endloop
  endfacet
  facet normal 2.52706e-15 -0.707107 -0.707107
    outer loop
      vertex -16.75 17.75 29.8
      vertex -20.75 16.75 30.8
      vertex -20.7421 17.0005 30.5495
    endloop
  endfacet
  facet normal 2.56834e-05 -0.707175 -0.707038
    outer loop
      vertex -16.75 17.75 29.8
      vertex -20.7421 17.0005 30.5495
      vertex -20.6731 17.5303 30.0196
    endloop
  endfacet
  facet normal -0.0735581 -0.695012 -0.715225
    outer loop
      vertex -20.6137 17.75 29.8
      vertex -20.6731 17.5303 30.0196
      vertex -20.6705 17.5433 30.0067
    endloop
  endfacet
  facet normal 0 -0.706946 -0.707268
    outer loop
      vertex -20.6731 17.5303 30.0196
      vertex -20.6137 17.75 29.8
      vertex -16.75 17.75 29.8
    endloop
  endfacet
  facet normal -1.57009e-16 -0.707107 -0.707107
    outer loop
      vertex -20.75 16.75 30.8
      vertex -16.75 17.75 29.8
      vertex -16.75 13.75 33.8
    endloop
  endfacet
  facet normal 0 -1 0
    outer loop
      vertex -19.7771 17.75 26.8
      vertex -20.6137 17.75 29.8
      vertex -20.6065 17.75 26.8
    endloop
  endfacet
  facet normal 0 -1 0
    outer loop
      vertex -20.6137 17.75 29.8
      vertex -20.6132 17.75 15.8028
      vertex -20.6065 17.75 26.8
    endloop
  endfacet
  facet normal 0 -1 0
    outer loop
      vertex -20.6137 17.75 9.3
      vertex -20.6132 17.75 15.8028
      vertex -20.6137 17.75 29.8
    endloop
  endfacet
  facet normal 0 -1 0
    outer loop
      vertex -20.6132 17.75 15.8028
      vertex -20.6137 17.75 9.3
      vertex -20.6134 17.75 9.3
    endloop
  endfacet
  facet normal 0 -1 0
    outer loop
      vertex -20.6137 17.75 29.8
      vertex -19.7771 17.75 26.8
      vertex -16.75 17.75 29.8
    endloop
  endfacet
  facet normal 0 -1 0
    outer loop
      vertex -19.1642 17.75 26.2107
      vertex -16.75 17.75 29.8
      vertex -19.7771 17.75 26.8
    endloop
  endfacet
  facet normal 0 -1 0
    outer loop
      vertex -18.5236 17.75 25.643
      vertex -16.75 17.75 29.8
      vertex -19.1642 17.75 26.2107
    endloop
  endfacet
  facet normal 0 -1 0
    outer loop
      vertex -18.2466 17.75 23.5975
      vertex -18.5236 17.75 25.643
      vertex -18.5236 17.75 23.843
    endloop
  endfacet
  facet normal 0 -1 0
    outer loop
      vertex -17.8869 17.75 23.3181
      vertex -18.5236 17.75 25.643
      vertex -18.2466 17.75 23.5975
    endloop
  endfacet
  facet normal 0 -1 0
    outer loop
      vertex -18.5236 17.75 25.643
      vertex -17.8869 17.75 23.3181
      vertex -16.75 17.75 22.95
    endloop
  endfacet
  facet normal 0 -1 0
    outer loop
      vertex -16.75 17.75 22.95
      vertex -17.8869 17.75 23.3181
      vertex -17.75 17.75 23.2118
    endloop
  endfacet
  facet normal 0 -1 0
    outer loop
      vertex -16.75 17.75 22.95
      vertex -17.75 17.75 23.2118
      vertex -17.6531 17.75 23.15
    endloop
  endfacet
  facet normal 0 -1 0
    outer loop
      vertex -16.75 17.75 22.95
      vertex -17.6531 17.75 23.15
      vertex -17.6531 17.75 22.95
    endloop
  endfacet
  facet normal 0 -1 0
    outer loop
      vertex -18.5236 17.75 25.643
      vertex -16.75 17.75 22.95
      vertex -16.75 17.75 29.8
    endloop
  endfacet
  facet normal 0 0 -1
    outer loop
      vertex -20.5777 17.8799 9.3
      vertex -20.5252 18.0719 9.3
      vertex -20.497 18.1458 9.3
    endloop
  endfacet
  facet normal 0 0 -1
    outer loop
      vertex -20.6137 17.75 9.3
      vertex -20.5777 17.8799 9.3
      vertex -20.6134 17.75 9.3
    endloop
  endfacet
  facet normal -0 0 -1
    outer loop
      vertex -20.5777 17.8799 9.3
      vertex -20.6137 17.75 9.3
      vertex -20.5252 18.0719 9.3
    endloop
  endfacet
  facet normal 0 0 -1
    outer loop
      vertex -20.2855 18.6017 9.3
      vertex -20.4969 18.1461 9.3
      vertex -20.4455 18.2807 9.3
    endloop
  endfacet
  facet normal 0 0 -1
    outer loop
      vertex -20.1541 18.8477 9.3
      vertex -20.2852 18.6024 9.3
      vertex -20.1971 18.7791 9.3
    endloop
  endfacet
  facet normal 0 0 -1
    outer loop
      vertex -19.8579 19.2541 9.3
      vertex -20.154 18.8478 9.3
      vertex -20.0759 18.9723 9.3
    endloop
  endfacet
  facet normal 0 0 -1
    outer loop
      vertex -19.681 19.4698 9.3
      vertex -19.8576 19.2546 9.3
      vertex -19.7374 19.4099 9.3
    endloop
  endfacet
  facet normal 0 0 -1
    outer loop
      vertex -19.3114 19.811 9.3
      vertex -19.6808 19.4699 9.3
      vertex -19.5784 19.5784 9.3
    endloop
  endfacet
  facet normal 0 0 -1
    outer loop
      vertex -19.0958 19.988 9.3
      vertex -19.311 19.8114 9.3
      vertex -19.1638 19.9396 9.3
    endloop
  endfacet
  facet normal 0 0 -1
    outer loop
      vertex -18.6669 20.251 9.3
      vertex -19.0956 19.9881 9.3
      vertex -18.9723 20.0759 9.3
    endloop
  endfacet
  facet normal 0 0 -1
    outer loop
      vertex -18.4214 20.3822 9.3
      vertex -18.6668 20.2511 9.3
      vertex -18.4987 20.3475 9.3
    endloop
  endfacet
  facet normal 0 0 -1
    outer loop
      vertex -17.95 20.557 9.3
      vertex -18.4212 20.3823 9.3
      vertex -18.2807 20.4455 9.3
    endloop
  endfacet
  facet normal 0 0 -1
    outer loop
      vertex -17.684 20.6377 9.3
      vertex -17.9496 20.5571 9.3
      vertex -17.7682 20.6182 9.3
    endloop
  endfacet
  facet normal 0 0 -1
    outer loop
      vertex -17.188 20.7177 9.3
      vertex -17.6838 20.6377 9.3
      vertex -17.5303 20.6731 9.3
    endloop
  endfacet
  facet normal 0 0 -1
    outer loop
      vertex -16.9121 20.7449 9.3
      vertex -17.1873 20.7178 9.3
      vertex -17.0005 20.7421 9.3
    endloop
  endfacet
  facet normal 0 0.980777 0.19513
    outer loop
      vertex -16.75 -15.9429 36.513
      vertex -20.75 -16 36.8
      vertex -16.75 -16 36.8
    endloop
  endfacet
  facet normal 0 0.980777 0.19513
    outer loop
      vertex -20.75 -16 36.8
      vertex -16.75 -15.9429 36.513
      vertex -20.75 -15.9429 36.513
    endloop
  endfacet
  facet normal 0 -0.831419 0.555646
    outer loop
      vertex -20.75 -14.7197 36.2697
      vertex -16.75 -14.5571 36.513
      vertex -20.75 -14.5571 36.513
    endloop
  endfacet
  facet normal 0 -0.831419 0.555646
    outer loop
      vertex -16.75 -14.5571 36.513
      vertex -20.75 -14.7197 36.2697
      vertex -16.75 -14.7197 36.2697
    endloop
  endfacet
  facet normal 0 -0.19513 0.980777
    outer loop
      vertex -20.75 -14.963 36.1071
      vertex -16.75 -15.25 36.05
      vertex -16.75 -14.963 36.1071
    endloop
  endfacet
  facet normal 0 -0.19513 0.980777
    outer loop
      vertex -16.75 -15.25 36.05
      vertex -20.75 -14.963 36.1071
      vertex -20.75 -15.25 36.05
    endloop
  endfacet
  facet normal 0 -0.555646 0.831419
    outer loop
      vertex -20.75 -14.7197 36.2697
      vertex -16.75 -14.963 36.1071
      vertex -16.75 -14.7197 36.2697
    endloop
  endfacet
  facet normal 0 -0.555646 0.831419
    outer loop
      vertex -16.75 -14.963 36.1071
      vertex -20.75 -14.7197 36.2697
      vertex -20.75 -14.963 36.1071
    endloop
  endfacet
  facet normal 0 -0.980777 0.19513
    outer loop
      vertex -20.75 -14.5571 36.513
      vertex -16.75 -14.5 36.8
      vertex -20.75 -14.5 36.8
    endloop
  endfacet
  facet normal 0 -0.980777 0.19513
    outer loop
      vertex -16.75 -14.5 36.8
      vertex -20.75 -14.5571 36.513
      vertex -16.75 -14.5571 36.513
    endloop
  endfacet
  facet normal 0 0.831419 0.555646
    outer loop
      vertex -16.75 -15.7803 36.2697
      vertex -20.75 -15.9429 36.513
      vertex -16.75 -15.9429 36.513
    endloop
  endfacet
  facet normal 0 0.831419 0.555646
    outer loop
      vertex -20.75 -15.9429 36.513
      vertex -16.75 -15.7803 36.2697
      vertex -20.75 -15.7803 36.2697
    endloop
  endfacet
  facet normal -0 0.555646 0.831419
    outer loop
      vertex -20.75 -15.537 36.1071
      vertex -16.75 -15.7803 36.2697
      vertex -16.75 -15.537 36.1071
    endloop
  endfacet
  facet normal 0 0.555646 0.831419
    outer loop
      vertex -16.75 -15.7803 36.2697
      vertex -20.75 -15.537 36.1071
      vertex -20.75 -15.7803 36.2697
    endloop
  endfacet
  facet normal -0 0.19513 0.980777
    outer loop
      vertex -20.75 -15.25 36.05
      vertex -16.75 -15.537 36.1071
      vertex -16.75 -15.25 36.05
    endloop
  endfacet
  facet normal 0 0.19513 0.980777
    outer loop
      vertex -16.75 -15.537 36.1071
      vertex -20.75 -15.25 36.05
      vertex -20.75 -15.537 36.1071
    endloop
  endfacet
  facet normal 0 0.980777 0.19513
    outer loop
      vertex -16.75 -13.4012 36.513
      vertex -20.75 -13.4583 36.8
      vertex -16.75 -13.4583 36.8
    endloop
  endfacet
  facet normal 0 0.980777 0.19513
    outer loop
      vertex -20.75 -13.4583 36.8
      vertex -16.75 -13.4012 36.513
      vertex -20.75 -13.4012 36.513
    endloop
  endfacet
  facet normal 0 -0.831419 0.555646
    outer loop
      vertex -20.75 -12.178 36.2697
      vertex -16.75 -12.0154 36.513
      vertex -20.75 -12.0154 36.513
    endloop
  endfacet
  facet normal 0 -0.831419 0.555646
    outer loop
      vertex -16.75 -12.0154 36.513
      vertex -20.75 -12.178 36.2697
      vertex -16.75 -12.178 36.2697
    endloop
  endfacet
  facet normal 0 -0.19513 0.980777
    outer loop
      vertex -20.75 -12.4213 36.1071
      vertex -16.75 -12.7083 36.05
      vertex -16.75 -12.4213 36.1071
    endloop
  endfacet
  facet normal 0 -0.19513 0.980777
    outer loop
      vertex -16.75 -12.7083 36.05
      vertex -20.75 -12.4213 36.1071
      vertex -20.75 -12.7083 36.05
    endloop
  endfacet
  facet normal 0 -0.555646 0.831419
    outer loop
      vertex -20.75 -12.178 36.2697
      vertex -16.75 -12.4213 36.1071
      vertex -16.75 -12.178 36.2697
    endloop
  endfacet
  facet normal 0 -0.555646 0.831419
    outer loop
      vertex -16.75 -12.4213 36.1071
      vertex -20.75 -12.178 36.2697
      vertex -20.75 -12.4213 36.1071
    endloop
  endfacet
  facet normal 0 -0.980777 0.19513
    outer loop
      vertex -20.75 -12.0154 36.513
      vertex -16.75 -11.9583 36.8
      vertex -20.75 -11.9583 36.8
    endloop
  endfacet
  facet normal 0 -0.980777 0.19513
    outer loop
      vertex -16.75 -11.9583 36.8
      vertex -20.75 -12.0154 36.513
      vertex -16.75 -12.0154 36.513
    endloop
  endfacet
  facet normal 0 0.831577 0.55541
    outer loop
      vertex -16.75 -13.2387 36.2697
      vertex -20.75 -13.4012 36.513
      vertex -16.75 -13.4012 36.513
    endloop
  endfacet
  facet normal 0 0.831577 0.55541
    outer loop
      vertex -20.75 -13.4012 36.513
      vertex -16.75 -13.2387 36.2697
      vertex -20.75 -13.2387 36.2697
    endloop
  endfacet
  facet normal -0 0.555488 0.831524
    outer loop
      vertex -20.75 -12.9953 36.1071
      vertex -16.75 -13.2387 36.2697
      vertex -16.75 -12.9953 36.1071
    endloop
  endfacet
  facet normal 0 0.555488 0.831524
    outer loop
      vertex -16.75 -13.2387 36.2697
      vertex -20.75 -12.9953 36.1071
      vertex -20.75 -13.2387 36.2697
    endloop
  endfacet
  facet normal -0 0.19513 0.980777
    outer loop
      vertex -20.75 -12.7083 36.05
      vertex -16.75 -12.9953 36.1071
      vertex -16.75 -12.7083 36.05
    endloop
  endfacet
  facet normal 0 0.19513 0.980777
    outer loop
      vertex -16.75 -12.9953 36.1071
      vertex -20.75 -12.7083 36.05
      vertex -20.75 -12.9953 36.1071
    endloop
  endfacet
  facet normal 0 0.980777 0.19513
    outer loop
      vertex -16.75 -10.8596 36.513
      vertex -20.75 -10.9167 36.8
      vertex -16.75 -10.9167 36.8
    endloop
  endfacet
  facet normal 0 0.980777 0.19513
    outer loop
      vertex -20.75 -10.9167 36.8
      vertex -16.75 -10.8596 36.513
      vertex -20.75 -10.8596 36.513
    endloop
  endfacet
  facet normal 0 -0.55563 0.831429
    outer loop
      vertex -20.75 -9.63634 36.2697
      vertex -16.75 -9.87965 36.1071
      vertex -16.75 -9.63634 36.2697
    endloop
  endfacet
  facet normal 0 -0.55563 0.831429
    outer loop
      vertex -16.75 -9.87965 36.1071
      vertex -20.75 -9.63634 36.2697
      vertex -20.75 -9.87965 36.1071
    endloop
  endfacet
  facet normal 0 -0.195098 0.980784
    outer loop
      vertex -20.75 -9.87965 36.1071
      vertex -16.75 -10.1667 36.05
      vertex -16.75 -9.87965 36.1071
    endloop
  endfacet
  facet normal 0 -0.195098 0.980784
    outer loop
      vertex -16.75 -10.1667 36.05
      vertex -20.75 -9.87965 36.1071
      vertex -20.75 -10.1667 36.05
    endloop
  endfacet
  facet normal 0 -0.83145 0.555599
    outer loop
      vertex -20.75 -9.63634 36.2697
      vertex -16.75 -9.47376 36.513
      vertex -20.75 -9.47376 36.513
    endloop
  endfacet
  facet normal 0 -0.83145 0.555599
    outer loop
      vertex -16.75 -9.47376 36.513
      vertex -20.75 -9.63634 36.2697
      vertex -16.75 -9.63634 36.2697
    endloop
  endfacet
  facet normal -0 0.19513 0.980777
    outer loop
      vertex -20.75 -10.1667 36.05
      vertex -16.75 -10.4537 36.1071
      vertex -16.75 -10.1667 36.05
    endloop
  endfacet
  facet normal 0 0.19513 0.980777
    outer loop
      vertex -16.75 -10.4537 36.1071
      vertex -20.75 -10.1667 36.05
      vertex -20.75 -10.4537 36.1071
    endloop
  endfacet
  facet normal 0 -0.980784 0.195097
    outer loop
      vertex -20.75 -9.47376 36.513
      vertex -16.75 -9.41667 36.8
      vertex -20.75 -9.41667 36.8
    endloop
  endfacet
  facet normal 0 -0.980784 0.195097
    outer loop
      vertex -16.75 -9.41667 36.8
      vertex -20.75 -9.47376 36.513
      vertex -16.75 -9.47376 36.513
    endloop
  endfacet
  facet normal 0 0.831419 0.555646
    outer loop
      vertex -16.75 -10.697 36.2697
      vertex -20.75 -10.8596 36.513
      vertex -16.75 -10.8596 36.513
    endloop
  endfacet
  facet normal 0 0.831419 0.555646
    outer loop
      vertex -20.75 -10.8596 36.513
      vertex -16.75 -10.697 36.2697
      vertex -20.75 -10.697 36.2697
    endloop
  endfacet
  facet normal -0 0.555646 0.831419
    outer loop
      vertex -20.75 -10.4537 36.1071
      vertex -16.75 -10.697 36.2697
      vertex -16.75 -10.4537 36.1071
    endloop
  endfacet
  facet normal 0 0.555646 0.831419
    outer loop
      vertex -16.75 -10.697 36.2697
      vertex -20.75 -10.4537 36.1071
      vertex -20.75 -10.697 36.2697
    endloop
  endfacet
  facet normal 0 -0.555615 0.83144
    outer loop
      vertex -20.75 -7.09467 36.2697
      vertex -16.75 -7.33799 36.1071
      vertex -16.75 -7.09467 36.2697
    endloop
  endfacet
  facet normal 0 -0.555615 0.83144
    outer loop
      vertex -16.75 -7.33799 36.1071
      vertex -20.75 -7.09467 36.2697
      vertex -20.75 -7.33799 36.1071
    endloop
  endfacet
  facet normal 0 -0.195124 0.980779
    outer loop
      vertex -20.75 -7.33799 36.1071
      vertex -16.75 -7.625 36.05
      vertex -16.75 -7.33799 36.1071
    endloop
  endfacet
  facet normal 0 -0.195124 0.980779
    outer loop
      vertex -16.75 -7.625 36.05
      vertex -20.75 -7.33799 36.1071
      vertex -20.75 -7.625 36.05
    endloop
  endfacet
  facet normal 0 -0.83145 0.555599
    outer loop
      vertex -20.75 -7.09467 36.2697
      vertex -16.75 -6.93209 36.513
      vertex -20.75 -6.93209 36.513
    endloop
  endfacet
  facet normal 0 -0.83145 0.555599
    outer loop
      vertex -16.75 -6.93209 36.513
      vertex -20.75 -7.09467 36.2697
      vertex -16.75 -7.09467 36.2697
    endloop
  endfacet
  facet normal 0 -0.980784 0.195097
    outer loop
      vertex -20.75 -6.93209 36.513
      vertex -16.75 -6.875 36.8
      vertex -20.75 -6.875 36.8
    endloop
  endfacet
  facet normal 0 -0.980784 0.195097
    outer loop
      vertex -16.75 -6.875 36.8
      vertex -20.75 -6.93209 36.513
      vertex -16.75 -6.93209 36.513
    endloop
  endfacet
  facet normal 0 0.83145 0.555599
    outer loop
      vertex -16.75 -8.15533 36.2697
      vertex -20.75 -8.31791 36.513
      vertex -16.75 -8.31791 36.513
    endloop
  endfacet
  facet normal 0 0.83145 0.555599
    outer loop
      vertex -20.75 -8.31791 36.513
      vertex -16.75 -8.15533 36.2697
      vertex -20.75 -8.15533 36.2697
    endloop
  endfacet
  facet normal 0 0.980784 0.195097
    outer loop
      vertex -16.75 -8.31791 36.513
      vertex -20.75 -8.375 36.8
      vertex -16.75 -8.375 36.8
    endloop
  endfacet
  facet normal 0 0.980784 0.195097
    outer loop
      vertex -20.75 -8.375 36.8
      vertex -16.75 -8.31791 36.513
      vertex -20.75 -8.31791 36.513
    endloop
  endfacet
  facet normal -0 0.555615 0.83144
    outer loop
      vertex -20.75 -7.91201 36.1071
      vertex -16.75 -8.15533 36.2697
      vertex -16.75 -7.91201 36.1071
    endloop
  endfacet
  facet normal 0 0.555615 0.83144
    outer loop
      vertex -16.75 -8.15533 36.2697
      vertex -20.75 -7.91201 36.1071
      vertex -20.75 -8.15533 36.2697
    endloop
  endfacet
  facet normal -0 0.195124 0.980779
    outer loop
      vertex -20.75 -7.625 36.05
      vertex -16.75 -7.91201 36.1071
      vertex -16.75 -7.625 36.05
    endloop
  endfacet
  facet normal 0 0.195124 0.980779
    outer loop
      vertex -16.75 -7.91201 36.1071
      vertex -20.75 -7.625 36.05
      vertex -20.75 -7.91201 36.1071
    endloop
  endfacet
  facet normal 0 0.980784 0.195097
    outer loop
      vertex -16.75 -5.77624 36.513
      vertex -20.75 -5.83333 36.8
      vertex -16.75 -5.83333 36.8
    endloop
  endfacet
  facet normal 0 0.980784 0.195097
    outer loop
      vertex -20.75 -5.83333 36.8
      vertex -16.75 -5.77624 36.513
      vertex -20.75 -5.77624 36.513
    endloop
  endfacet
  facet normal 0 -0.83145 0.555599
    outer loop
      vertex -20.75 -4.553 36.2697
      vertex -16.75 -4.39042 36.513
      vertex -20.75 -4.39042 36.513
    endloop
  endfacet
  facet normal 0 -0.83145 0.555599
    outer loop
      vertex -16.75 -4.39042 36.513
      vertex -20.75 -4.553 36.2697
      vertex -16.75 -4.553 36.2697
    endloop
  endfacet
  facet normal 0 -0.195124 0.980779
    outer loop
      vertex -20.75 -4.79632 36.1071
      vertex -16.75 -5.08333 36.05
      vertex -16.75 -4.79632 36.1071
    endloop
  endfacet
  facet normal 0 -0.195124 0.980779
    outer loop
      vertex -16.75 -5.08333 36.05
      vertex -20.75 -4.79632 36.1071
      vertex -20.75 -5.08333 36.05
    endloop
  endfacet
  facet normal 0 -0.555615 0.83144
    outer loop
      vertex -20.75 -4.553 36.2697
      vertex -16.75 -4.79632 36.1071
      vertex -16.75 -4.553 36.2697
    endloop
  endfacet
  facet normal 0 -0.555615 0.83144
    outer loop
      vertex -16.75 -4.79632 36.1071
      vertex -20.75 -4.553 36.2697
      vertex -20.75 -4.79632 36.1071
    endloop
  endfacet
  facet normal 0 -0.980784 0.195097
    outer loop
      vertex -20.75 -4.39042 36.513
      vertex -16.75 -4.33333 36.8
      vertex -20.75 -4.33333 36.8
    endloop
  endfacet
  facet normal 0 -0.980784 0.195097
    outer loop
      vertex -16.75 -4.33333 36.8
      vertex -20.75 -4.39042 36.513
      vertex -16.75 -4.39042 36.513
    endloop
  endfacet
  facet normal 0 0.83145 0.555599
    outer loop
      vertex -16.75 -5.61366 36.2697
      vertex -20.75 -5.77624 36.513
      vertex -16.75 -5.77624 36.513
    endloop
  endfacet
  facet normal 0 0.83145 0.555599
    outer loop
      vertex -20.75 -5.77624 36.513
      vertex -16.75 -5.61366 36.2697
      vertex -20.75 -5.61366 36.2697
    endloop
  endfacet
  facet normal -0 0.55563 0.831429
    outer loop
      vertex -20.75 -5.37035 36.1071
      vertex -16.75 -5.61366 36.2697
      vertex -16.75 -5.37035 36.1071
    endloop
  endfacet
  facet normal 0 0.55563 0.831429
    outer loop
      vertex -16.75 -5.61366 36.2697
      vertex -20.75 -5.37035 36.1071
      vertex -20.75 -5.61366 36.2697
    endloop
  endfacet
  facet normal -0 0.195117 0.98078
    outer loop
      vertex -20.75 -5.08333 36.05
      vertex -16.75 -5.37035 36.1071
      vertex -16.75 -5.08333 36.05
    endloop
  endfacet
  facet normal 0 0.195117 0.98078
    outer loop
      vertex -16.75 -5.37035 36.1071
      vertex -20.75 -5.08333 36.05
      vertex -20.75 -5.37035 36.1071
    endloop
  endfacet
  facet normal 0 0.980784 0.195097
    outer loop
      vertex -16.75 -3.23458 36.513
      vertex -20.75 -3.29167 36.8
      vertex -16.75 -3.29167 36.8
    endloop
  endfacet
  facet normal 0 0.980784 0.195097
    outer loop
      vertex -20.75 -3.29167 36.8
      vertex -16.75 -3.23458 36.513
      vertex -20.75 -3.23458 36.513
    endloop
  endfacet
  facet normal 0 -0.55563 0.831429
    outer loop
      vertex -20.75 -2.01134 36.2697
      vertex -16.75 -2.25465 36.1071
      vertex -16.75 -2.01134 36.2697
    endloop
  endfacet
  facet normal 0 -0.55563 0.831429
    outer loop
      vertex -16.75 -2.25465 36.1071
      vertex -20.75 -2.01134 36.2697
      vertex -20.75 -2.25465 36.1071
    endloop
  endfacet
  facet normal 0 -0.195117 0.98078
    outer loop
      vertex -20.75 -2.25465 36.1071
      vertex -16.75 -2.54167 36.05
      vertex -16.75 -2.25465 36.1071
    endloop
  endfacet
  facet normal 0 -0.195117 0.98078
    outer loop
      vertex -16.75 -2.54167 36.05
      vertex -20.75 -2.25465 36.1071
      vertex -20.75 -2.54167 36.05
    endloop
  endfacet
  facet normal 0 -0.83145 0.555599
    outer loop
      vertex -20.75 -2.01134 36.2697
      vertex -16.75 -1.84876 36.513
      vertex -20.75 -1.84876 36.513
    endloop
  endfacet
  facet normal 0 -0.83145 0.555599
    outer loop
      vertex -16.75 -1.84876 36.513
      vertex -20.75 -2.01134 36.2697
      vertex -16.75 -2.01134 36.2697
    endloop
  endfacet
  facet normal -0 0.195124 0.980779
    outer loop
      vertex -20.75 -2.54167 36.05
      vertex -16.75 -2.82868 36.1071
      vertex -16.75 -2.54167 36.05
    endloop
  endfacet
  facet normal 0 0.195124 0.980779
    outer loop
      vertex -16.75 -2.82868 36.1071
      vertex -20.75 -2.54167 36.05
      vertex -20.75 -2.82868 36.1071
    endloop
  endfacet
  facet normal 0 -0.980784 0.195097
    outer loop
      vertex -20.75 -1.84876 36.513
      vertex -16.75 -1.79167 36.8
      vertex -20.75 -1.79167 36.8
    endloop
  endfacet
  facet normal 0 -0.980784 0.195097
    outer loop
      vertex -16.75 -1.79167 36.8
      vertex -20.75 -1.84876 36.513
      vertex -16.75 -1.84876 36.513
    endloop
  endfacet
  facet normal 0 0.83145 0.555599
    outer loop
      vertex -16.75 -3.072 36.2697
      vertex -20.75 -3.23458 36.513
      vertex -16.75 -3.23458 36.513
    endloop
  endfacet
  facet normal 0 0.83145 0.555599
    outer loop
      vertex -20.75 -3.23458 36.513
      vertex -16.75 -3.072 36.2697
      vertex -20.75 -3.072 36.2697
    endloop
  endfacet
  facet normal -0 0.555615 0.83144
    outer loop
      vertex -20.75 -2.82868 36.1071
      vertex -16.75 -3.072 36.2697
      vertex -16.75 -2.82868 36.1071
    endloop
  endfacet
  facet normal 0 0.555615 0.83144
    outer loop
      vertex -16.75 -3.072 36.2697
      vertex -20.75 -2.82868 36.1071
      vertex -20.75 -3.072 36.2697
    endloop
  endfacet
  facet normal 0 0.980783 0.195101
    outer loop
      vertex -16.75 -0.692909 36.513
      vertex -20.75 -0.75 36.8
      vertex -16.75 -0.75 36.8
    endloop
  endfacet
  facet normal 0 0.980783 0.195101
    outer loop
      vertex -20.75 -0.75 36.8
      vertex -16.75 -0.692909 36.513
      vertex -20.75 -0.692909 36.513
    endloop
  endfacet
  facet normal 0 -0.555618 0.831438
    outer loop
      vertex -20.75 0.53033 36.2697
      vertex -16.75 0.287012 36.1071
      vertex -16.75 0.53033 36.2697
    endloop
  endfacet
  facet normal 0 -0.555618 0.831438
    outer loop
      vertex -16.75 0.287012 36.1071
      vertex -20.75 0.53033 36.2697
      vertex -20.75 0.287012 36.1071
    endloop
  endfacet
  facet normal 0 -0.195122 0.980779
    outer loop
      vertex -20.75 0.287012 36.1071
      vertex -16.75 0 36.05
      vertex -16.75 0.287012 36.1071
    endloop
  endfacet
  facet normal 0 -0.195122 0.980779
    outer loop
      vertex -16.75 0 36.05
      vertex -20.75 0.287012 36.1071
      vertex -20.75 0 36.05
    endloop
  endfacet
  facet normal 0 -0.831452 0.555597
    outer loop
      vertex -20.75 0.53033 36.2697
      vertex -16.75 0.692909 36.513
      vertex -20.75 0.692909 36.513
    endloop
  endfacet
  facet normal 0 -0.831452 0.555597
    outer loop
      vertex -16.75 0.692909 36.513
      vertex -20.75 0.53033 36.2697
      vertex -16.75 0.53033 36.2697
    endloop
  endfacet
  facet normal -0 0.195122 0.980779
    outer loop
      vertex -20.75 0 36.05
      vertex -16.75 -0.287012 36.1071
      vertex -16.75 0 36.05
    endloop
  endfacet
  facet normal 0 0.195122 0.980779
    outer loop
      vertex -16.75 -0.287012 36.1071
      vertex -20.75 0 36.05
      vertex -20.75 -0.287012 36.1071
    endloop
  endfacet
  facet normal 0 -0.980783 0.195101
    outer loop
      vertex -20.75 0.692909 36.513
      vertex -16.75 0.75 36.8
      vertex -20.75 0.75 36.8
    endloop
  endfacet
  facet normal 0 -0.980783 0.195101
    outer loop
      vertex -16.75 0.75 36.8
      vertex -20.75 0.692909 36.513
      vertex -16.75 0.692909 36.513
    endloop
  endfacet
  facet normal 0 0.831452 0.555597
    outer loop
      vertex -16.75 -0.53033 36.2697
      vertex -20.75 -0.692909 36.513
      vertex -16.75 -0.692909 36.513
    endloop
  endfacet
  facet normal 0 0.831452 0.555597
    outer loop
      vertex -20.75 -0.692909 36.513
      vertex -16.75 -0.53033 36.2697
      vertex -20.75 -0.53033 36.2697
    endloop
  endfacet
  facet normal -0 0.555618 0.831438
    outer loop
      vertex -20.75 -0.287012 36.1071
      vertex -16.75 -0.53033 36.2697
      vertex -16.75 -0.287012 36.1071
    endloop
  endfacet
  facet normal 0 0.555618 0.831438
    outer loop
      vertex -16.75 -0.53033 36.2697
      vertex -20.75 -0.287012 36.1071
      vertex -20.75 -0.53033 36.2697
    endloop
  endfacet
  facet normal 0 -0.555615 0.83144
    outer loop
      vertex -20.75 3.072 36.2697
      vertex -16.75 2.82868 36.1071
      vertex -16.75 3.072 36.2697
    endloop
  endfacet
  facet normal 0 -0.555615 0.83144
    outer loop
      vertex -16.75 2.82868 36.1071
      vertex -20.75 3.072 36.2697
      vertex -20.75 2.82868 36.1071
    endloop
  endfacet
  facet normal 0 -0.195124 0.980779
    outer loop
      vertex -20.75 2.82868 36.1071
      vertex -16.75 2.54167 36.05
      vertex -16.75 2.82868 36.1071
    endloop
  endfacet
  facet normal 0 -0.195124 0.980779
    outer loop
      vertex -16.75 2.54167 36.05
      vertex -20.75 2.82868 36.1071
      vertex -20.75 2.54167 36.05
    endloop
  endfacet
  facet normal 0 -0.83145 0.555599
    outer loop
      vertex -20.75 3.072 36.2697
      vertex -16.75 3.23458 36.513
      vertex -20.75 3.23458 36.513
    endloop
  endfacet
  facet normal 0 -0.83145 0.555599
    outer loop
      vertex -16.75 3.23458 36.513
      vertex -20.75 3.072 36.2697
      vertex -16.75 3.072 36.2697
    endloop
  endfacet
  facet normal 0 -0.980784 0.195097
    outer loop
      vertex -20.75 3.23458 36.513
      vertex -16.75 3.29167 36.8
      vertex -20.75 3.29167 36.8
    endloop
  endfacet
  facet normal 0 -0.980784 0.195097
    outer loop
      vertex -16.75 3.29167 36.8
      vertex -20.75 3.23458 36.513
      vertex -16.75 3.23458 36.513
    endloop
  endfacet
  facet normal 0 0.83145 0.555599
    outer loop
      vertex -16.75 2.01134 36.2697
      vertex -20.75 1.84876 36.513
      vertex -16.75 1.84876 36.513
    endloop
  endfacet
  facet normal 0 0.83145 0.555599
    outer loop
      vertex -20.75 1.84876 36.513
      vertex -16.75 2.01134 36.2697
      vertex -20.75 2.01134 36.2697
    endloop
  endfacet
  facet normal 0 0.980784 0.195097
    outer loop
      vertex -16.75 1.84876 36.513
      vertex -20.75 1.79167 36.8
      vertex -16.75 1.79167 36.8
    endloop
  endfacet
  facet normal 0 0.980784 0.195097
    outer loop
      vertex -20.75 1.79167 36.8
      vertex -16.75 1.84876 36.513
      vertex -20.75 1.84876 36.513
    endloop
  endfacet
  facet normal -0 0.55563 0.831429
    outer loop
      vertex -20.75 2.25465 36.1071
      vertex -16.75 2.01134 36.2697
      vertex -16.75 2.25465 36.1071
    endloop
  endfacet
  facet normal 0 0.55563 0.831429
    outer loop
      vertex -16.75 2.01134 36.2697
      vertex -20.75 2.25465 36.1071
      vertex -20.75 2.01134 36.2697
    endloop
  endfacet
  facet normal -0 0.195117 0.98078
    outer loop
      vertex -20.75 2.54167 36.05
      vertex -16.75 2.25465 36.1071
      vertex -16.75 2.54167 36.05
    endloop
  endfacet
  facet normal 0 0.195117 0.98078
    outer loop
      vertex -16.75 2.25465 36.1071
      vertex -20.75 2.54167 36.05
      vertex -20.75 2.25465 36.1071
    endloop
  endfacet
  facet normal 0 -0.55563 0.831429
    outer loop
      vertex -20.75 5.61366 36.2697
      vertex -16.75 5.37035 36.1071
      vertex -16.75 5.61366 36.2697
    endloop
  endfacet
  facet normal 0 -0.55563 0.831429
    outer loop
      vertex -16.75 5.37035 36.1071
      vertex -20.75 5.61366 36.2697
      vertex -20.75 5.37035 36.1071
    endloop
  endfacet
  facet normal 0 0.83145 0.555599
    outer loop
      vertex -16.75 4.553 36.2697
      vertex -20.75 4.39042 36.513
      vertex -16.75 4.39042 36.513
    endloop
  endfacet
  facet normal 0 0.83145 0.555599
    outer loop
      vertex -20.75 4.39042 36.513
      vertex -16.75 4.553 36.2697
      vertex -20.75 4.553 36.2697
    endloop
  endfacet
  facet normal 0 0.980784 0.195097
    outer loop
      vertex -16.75 4.39042 36.513
      vertex -20.75 4.33333 36.8
      vertex -16.75 4.33333 36.8
    endloop
  endfacet
  facet normal 0 0.980784 0.195097
    outer loop
      vertex -20.75 4.33333 36.8
      vertex -16.75 4.39042 36.513
      vertex -20.75 4.39042 36.513
    endloop
  endfacet
  facet normal 0 -0.83145 0.555599
    outer loop
      vertex -20.75 5.61366 36.2697
      vertex -16.75 5.77624 36.513
      vertex -20.75 5.77624 36.513
    endloop
  endfacet
  facet normal 0 -0.83145 0.555599
    outer loop
      vertex -16.75 5.77624 36.513
      vertex -20.75 5.61366 36.2697
      vertex -16.75 5.61366 36.2697
    endloop
  endfacet
  facet normal 0 -0.980784 0.195097
    outer loop
      vertex -20.75 5.77624 36.513
      vertex -16.75 5.83333 36.8
      vertex -20.75 5.83333 36.8
    endloop
  endfacet
  facet normal 0 -0.980784 0.195097
    outer loop
      vertex -16.75 5.83333 36.8
      vertex -20.75 5.77624 36.513
      vertex -16.75 5.77624 36.513
    endloop
  endfacet
  facet normal -0 0.195124 0.980779
    outer loop
      vertex -20.75 5.08333 36.05
      vertex -16.75 4.79632 36.1071
      vertex -16.75 5.08333 36.05
    endloop
  endfacet
  facet normal 0 0.195124 0.980779
    outer loop
      vertex -16.75 4.79632 36.1071
      vertex -20.75 5.08333 36.05
      vertex -20.75 4.79632 36.1071
    endloop
  endfacet
  facet normal 0 -0.195117 0.98078
    outer loop
      vertex -20.75 5.37035 36.1071
      vertex -16.75 5.08333 36.05
      vertex -16.75 5.37035 36.1071
    endloop
  endfacet
  facet normal 0 -0.195117 0.98078
    outer loop
      vertex -16.75 5.08333 36.05
      vertex -20.75 5.37035 36.1071
      vertex -20.75 5.08333 36.05
    endloop
  endfacet
  facet normal -0 0.555615 0.83144
    outer loop
      vertex -20.75 4.79632 36.1071
      vertex -16.75 4.553 36.2697
      vertex -16.75 4.79632 36.1071
    endloop
  endfacet
  facet normal 0 0.555615 0.83144
    outer loop
      vertex -16.75 4.553 36.2697
      vertex -20.75 4.79632 36.1071
      vertex -20.75 4.553 36.2697
    endloop
  endfacet
  facet normal 0 -0.555615 0.83144
    outer loop
      vertex -20.75 8.15533 36.2697
      vertex -16.75 7.91201 36.1071
      vertex -16.75 8.15533 36.2697
    endloop
  endfacet
  facet normal 0 -0.555615 0.83144
    outer loop
      vertex -16.75 7.91201 36.1071
      vertex -20.75 8.15533 36.2697
      vertex -20.75 7.91201 36.1071
    endloop
  endfacet
  facet normal 0 0.83145 0.555599
    outer loop
      vertex -16.75 7.09467 36.2697
      vertex -20.75 6.93209 36.513
      vertex -16.75 6.93209 36.513
    endloop
  endfacet
  facet normal 0 0.83145 0.555599
    outer loop
      vertex -20.75 6.93209 36.513
      vertex -16.75 7.09467 36.2697
      vertex -20.75 7.09467 36.2697
    endloop
  endfacet
  facet normal 0 0.980784 0.195097
    outer loop
      vertex -16.75 6.93209 36.513
      vertex -20.75 6.875 36.8
      vertex -16.75 6.875 36.8
    endloop
  endfacet
  facet normal 0 0.980784 0.195097
    outer loop
      vertex -20.75 6.875 36.8
      vertex -16.75 6.93209 36.513
      vertex -20.75 6.93209 36.513
    endloop
  endfacet
  facet normal 0 -0.83145 0.555599
    outer loop
      vertex -20.75 8.15533 36.2697
      vertex -16.75 8.31791 36.513
      vertex -20.75 8.31791 36.513
    endloop
  endfacet
  facet normal 0 -0.83145 0.555599
    outer loop
      vertex -16.75 8.31791 36.513
      vertex -20.75 8.15533 36.2697
      vertex -16.75 8.15533 36.2697
    endloop
  endfacet
  facet normal 0 -0.980784 0.195097
    outer loop
      vertex -20.75 8.31791 36.513
      vertex -16.75 8.375 36.8
      vertex -20.75 8.375 36.8
    endloop
  endfacet
  facet normal 0 -0.980784 0.195097
    outer loop
      vertex -16.75 8.375 36.8
      vertex -20.75 8.31791 36.513
      vertex -16.75 8.31791 36.513
    endloop
  endfacet
  facet normal -0 0.195124 0.980779
    outer loop
      vertex -20.75 7.625 36.05
      vertex -16.75 7.33799 36.1071
      vertex -16.75 7.625 36.05
    endloop
  endfacet
  facet normal 0 0.195124 0.980779
    outer loop
      vertex -16.75 7.33799 36.1071
      vertex -20.75 7.625 36.05
      vertex -20.75 7.33799 36.1071
    endloop
  endfacet
  facet normal 0 -0.195124 0.980779
    outer loop
      vertex -20.75 7.91201 36.1071
      vertex -16.75 7.625 36.05
      vertex -16.75 7.91201 36.1071
    endloop
  endfacet
  facet normal 0 -0.195124 0.980779
    outer loop
      vertex -16.75 7.625 36.05
      vertex -20.75 7.91201 36.1071
      vertex -20.75 7.625 36.05
    endloop
  endfacet
  facet normal -0 0.555615 0.83144
    outer loop
      vertex -20.75 7.33799 36.1071
      vertex -16.75 7.09467 36.2697
      vertex -16.75 7.33799 36.1071
    endloop
  endfacet
  facet normal 0 0.555615 0.83144
    outer loop
      vertex -16.75 7.09467 36.2697
      vertex -20.75 7.33799 36.1071
      vertex -20.75 7.09467 36.2697
    endloop
  endfacet
  facet normal 0 0.980784 0.195097
    outer loop
      vertex -16.75 9.47376 36.513
      vertex -20.75 9.41667 36.8
      vertex -16.75 9.41667 36.8
    endloop
  endfacet
  facet normal 0 0.980784 0.195097
    outer loop
      vertex -20.75 9.41667 36.8
      vertex -16.75 9.47376 36.513
      vertex -20.75 9.47376 36.513
    endloop
  endfacet
  facet normal 0 -0.831419 0.555646
    outer loop
      vertex -20.75 10.697 36.2697
      vertex -16.75 10.8596 36.513
      vertex -20.75 10.8596 36.513
    endloop
  endfacet
  facet normal 0 -0.831419 0.555646
    outer loop
      vertex -16.75 10.8596 36.513
      vertex -20.75 10.697 36.2697
      vertex -16.75 10.697 36.2697
    endloop
  endfacet
  facet normal 0 -0.19513 0.980777
    outer loop
      vertex -20.75 10.4537 36.1071
      vertex -16.75 10.1667 36.05
      vertex -16.75 10.4537 36.1071
    endloop
  endfacet
  facet normal 0 -0.19513 0.980777
    outer loop
      vertex -16.75 10.1667 36.05
      vertex -20.75 10.4537 36.1071
      vertex -20.75 10.1667 36.05
    endloop
  endfacet
  facet normal 0 -0.555646 0.831419
    outer loop
      vertex -20.75 10.697 36.2697
      vertex -16.75 10.4537 36.1071
      vertex -16.75 10.697 36.2697
    endloop
  endfacet
  facet normal 0 -0.555646 0.831419
    outer loop
      vertex -16.75 10.4537 36.1071
      vertex -20.75 10.697 36.2697
      vertex -20.75 10.4537 36.1071
    endloop
  endfacet
  facet normal 0 -0.980777 0.19513
    outer loop
      vertex -20.75 10.8596 36.513
      vertex -16.75 10.9167 36.8
      vertex -20.75 10.9167 36.8
    endloop
  endfacet
  facet normal 0 -0.980777 0.19513
    outer loop
      vertex -16.75 10.9167 36.8
      vertex -20.75 10.8596 36.513
      vertex -16.75 10.8596 36.513
    endloop
  endfacet
  facet normal 0 0.83145 0.555599
    outer loop
      vertex -16.75 9.63634 36.2697
      vertex -20.75 9.47376 36.513
      vertex -16.75 9.47376 36.513
    endloop
  endfacet
  facet normal 0 0.83145 0.555599
    outer loop
      vertex -20.75 9.47376 36.513
      vertex -16.75 9.63634 36.2697
      vertex -20.75 9.63634 36.2697
    endloop
  endfacet
  facet normal -0 0.55563 0.831429
    outer loop
      vertex -20.75 9.87965 36.1071
      vertex -16.75 9.63634 36.2697
      vertex -16.75 9.87965 36.1071
    endloop
  endfacet
  facet normal 0 0.55563 0.831429
    outer loop
      vertex -16.75 9.63634 36.2697
      vertex -20.75 9.87965 36.1071
      vertex -20.75 9.63634 36.2697
    endloop
  endfacet
  facet normal -0 0.195098 0.980784
    outer loop
      vertex -20.75 10.1667 36.05
      vertex -16.75 9.87965 36.1071
      vertex -16.75 10.1667 36.05
    endloop
  endfacet
  facet normal 0 0.195098 0.980784
    outer loop
      vertex -16.75 9.87965 36.1071
      vertex -20.75 10.1667 36.05
      vertex -20.75 9.87965 36.1071
    endloop
  endfacet
  facet normal 0 -0.555488 0.831524
    outer loop
      vertex -20.75 13.2387 36.2697
      vertex -16.75 12.9953 36.1071
      vertex -16.75 13.2387 36.2697
    endloop
  endfacet
  facet normal 0 -0.555488 0.831524
    outer loop
      vertex -16.75 12.9953 36.1071
      vertex -20.75 13.2387 36.2697
      vertex -20.75 12.9953 36.1071
    endloop
  endfacet
  facet normal 0 0.831419 0.555646
    outer loop
      vertex -16.75 12.178 36.2697
      vertex -20.75 12.0154 36.513
      vertex -16.75 12.0154 36.513
    endloop
  endfacet
  facet normal 0 0.831419 0.555646
    outer loop
      vertex -20.75 12.0154 36.513
      vertex -16.75 12.178 36.2697
      vertex -20.75 12.178 36.2697
    endloop
  endfacet
  facet normal 0 0.980777 0.19513
    outer loop
      vertex -16.75 12.0154 36.513
      vertex -20.75 11.9583 36.8
      vertex -16.75 11.9583 36.8
    endloop
  endfacet
  facet normal 0 0.980777 0.19513
    outer loop
      vertex -20.75 11.9583 36.8
      vertex -16.75 12.0154 36.513
      vertex -20.75 12.0154 36.513
    endloop
  endfacet
  facet normal 0 -0.831577 0.55541
    outer loop
      vertex -20.75 13.2387 36.2697
      vertex -16.75 13.4012 36.513
      vertex -20.75 13.4012 36.513
    endloop
  endfacet
  facet normal 0 -0.831577 0.55541
    outer loop
      vertex -16.75 13.4012 36.513
      vertex -20.75 13.2387 36.2697
      vertex -16.75 13.2387 36.2697
    endloop
  endfacet
  facet normal 0 -0.980777 0.19513
    outer loop
      vertex -20.75 13.4012 36.513
      vertex -16.75 13.4583 36.8
      vertex -20.75 13.4583 36.8
    endloop
  endfacet
  facet normal 0 -0.980777 0.19513
    outer loop
      vertex -16.75 13.4583 36.8
      vertex -20.75 13.4012 36.513
      vertex -16.75 13.4012 36.513
    endloop
  endfacet
  facet normal -0 0.19513 0.980777
    outer loop
      vertex -20.75 12.7083 36.05
      vertex -16.75 12.4213 36.1071
      vertex -16.75 12.7083 36.05
    endloop
  endfacet
  facet normal 0 0.19513 0.980777
    outer loop
      vertex -16.75 12.4213 36.1071
      vertex -20.75 12.7083 36.05
      vertex -20.75 12.4213 36.1071
    endloop
  endfacet
  facet normal 0 -0.19513 0.980777
    outer loop
      vertex -20.75 12.9953 36.1071
      vertex -16.75 12.7083 36.05
      vertex -16.75 12.9953 36.1071
    endloop
  endfacet
  facet normal 0 -0.19513 0.980777
    outer loop
      vertex -16.75 12.7083 36.05
      vertex -20.75 12.9953 36.1071
      vertex -20.75 12.7083 36.05
    endloop
  endfacet
  facet normal -0 0.555646 0.831419
    outer loop
      vertex -20.75 12.4213 36.1071
      vertex -16.75 12.178 36.2697
      vertex -16.75 12.4213 36.1071
    endloop
  endfacet
  facet normal 0 0.555646 0.831419
    outer loop
      vertex -16.75 12.178 36.2697
      vertex -20.75 12.4213 36.1071
      vertex -20.75 12.178 36.2697
    endloop
  endfacet
  facet normal 0 -0.555646 0.831419
    outer loop
      vertex -20.75 15.7803 36.2697
      vertex -16.75 15.537 36.1071
      vertex -16.75 15.7803 36.2697
    endloop
  endfacet
  facet normal 0 -0.555646 0.831419
    outer loop
      vertex -16.75 15.537 36.1071
      vertex -20.75 15.7803 36.2697
      vertex -20.75 15.537 36.1071
    endloop
  endfacet
  facet normal 0 0.831419 0.555646
    outer loop
      vertex -16.75 14.7197 36.2697
      vertex -20.75 14.5571 36.513
      vertex -16.75 14.5571 36.513
    endloop
  endfacet
  facet normal 0 0.831419 0.555646
    outer loop
      vertex -20.75 14.5571 36.513
      vertex -16.75 14.7197 36.2697
      vertex -20.75 14.7197 36.2697
    endloop
  endfacet
  facet normal 0 0.980777 0.19513
    outer loop
      vertex -16.75 14.5571 36.513
      vertex -20.75 14.5 36.8
      vertex -16.75 14.5 36.8
    endloop
  endfacet
  facet normal 0 0.980777 0.19513
    outer loop
      vertex -20.75 14.5 36.8
      vertex -16.75 14.5571 36.513
      vertex -20.75 14.5571 36.513
    endloop
  endfacet
  facet normal 0 -0.831419 0.555646
    outer loop
      vertex -20.75 15.7803 36.2697
      vertex -16.75 15.9429 36.513
      vertex -20.75 15.9429 36.513
    endloop
  endfacet
  facet normal 0 -0.831419 0.555646
    outer loop
      vertex -16.75 15.9429 36.513
      vertex -20.75 15.7803 36.2697
      vertex -16.75 15.7803 36.2697
    endloop
  endfacet
  facet normal 0 -0.980777 0.19513
    outer loop
      vertex -20.75 15.9429 36.513
      vertex -16.75 16 36.8
      vertex -20.75 16 36.8
    endloop
  endfacet
  facet normal 0 -0.980777 0.19513
    outer loop
      vertex -16.75 16 36.8
      vertex -20.75 15.9429 36.513
      vertex -16.75 15.9429 36.513
    endloop
  endfacet
  facet normal -0 0.19513 0.980777
    outer loop
      vertex -20.75 15.25 36.05
      vertex -16.75 14.963 36.1071
      vertex -16.75 15.25 36.05
    endloop
  endfacet
  facet normal 0 0.19513 0.980777
    outer loop
      vertex -16.75 14.963 36.1071
      vertex -20.75 15.25 36.05
      vertex -20.75 14.963 36.1071
    endloop
  endfacet
  facet normal 0 -0.19513 0.980777
    outer loop
      vertex -20.75 15.537 36.1071
      vertex -16.75 15.25 36.05
      vertex -16.75 15.537 36.1071
    endloop
  endfacet
  facet normal 0 -0.19513 0.980777
    outer loop
      vertex -16.75 15.25 36.05
      vertex -20.75 15.537 36.1071
      vertex -20.75 15.25 36.05
    endloop
  endfacet
  facet normal -0 0.555646 0.831419
    outer loop
      vertex -20.75 14.963 36.1071
      vertex -16.75 14.7197 36.2697
      vertex -16.75 14.963 36.1071
    endloop
  endfacet
  facet normal 0 0.555646 0.831419
    outer loop
      vertex -16.75 14.7197 36.2697
      vertex -20.75 14.963 36.1071
      vertex -20.75 14.7197 36.2697
    endloop
  endfacet
  facet normal 1 0 0
    outer loop
      vertex 20.75 15.9429 36.513
      vertex 20.75 16.75 36.8
      vertex 20.75 16 36.8
    endloop
  endfacet
  facet normal 1 0 0
    outer loop
      vertex 20.75 15.7803 36.2697
      vertex 20.75 16.75 36.8
      vertex 20.75 15.9429 36.513
    endloop
  endfacet
  facet normal 1 0 0
    outer loop
      vertex 20.75 16.75 36.8
      vertex 20.75 15.7803 36.2697
      vertex 20.75 16.75 30.8
    endloop
  endfacet
  facet normal 1 -0 0
    outer loop
      vertex 20.75 15.537 36.1071
      vertex 20.75 16.75 30.8
      vertex 20.75 15.7803 36.2697
    endloop
  endfacet
  facet normal 1 0 0
    outer loop
      vertex 20.75 13.75 33.8
      vertex 20.75 15.537 36.1071
      vertex 20.75 15.25 36.05
    endloop
  endfacet
  facet normal 1 0 0
    outer loop
      vertex 20.75 13.75 33.8
      vertex 20.75 15.25 36.05
      vertex 20.75 14.963 36.1071
    endloop
  endfacet
  facet normal 1 0 0
    outer loop
      vertex 20.75 13.75 33.8
      vertex 20.75 14.963 36.1071
      vertex 20.75 14.7197 36.2697
    endloop
  endfacet
  facet normal 1 0 0
    outer loop
      vertex 20.75 13.2387 36.2697
      vertex 20.75 14.7197 36.2697
      vertex 20.75 14.5571 36.513
    endloop
  endfacet
  facet normal 1 0 0
    outer loop
      vertex 20.75 15.537 36.1071
      vertex 20.75 13.75 33.8
      vertex 20.75 16.75 30.8
    endloop
  endfacet
  facet normal 1 0 0
    outer loop
      vertex 20.75 13.4012 36.513
      vertex 20.75 14.5571 36.513
      vertex 20.75 14.5 36.8
    endloop
  endfacet
  facet normal 1 0 0
    outer loop
      vertex 20.75 13.4012 36.513
      vertex 20.75 14.5 36.8
      vertex 20.75 13.4583 36.8
    endloop
  endfacet
  facet normal 1 0 0
    outer loop
      vertex 20.75 14.5571 36.513
      vertex 20.75 13.4012 36.513
      vertex 20.75 13.2387 36.2697
    endloop
  endfacet
  facet normal 1 0 0
    outer loop
      vertex 20.75 14.7197 36.2697
      vertex 20.75 13.2387 36.2697
      vertex 20.75 13.75 33.8
    endloop
  endfacet
  facet normal 1 -0 0
    outer loop
      vertex 20.75 12.9953 36.1071
      vertex 20.75 13.75 33.8
      vertex 20.75 13.2387 36.2697
    endloop
  endfacet
  facet normal 1 -0 0
    outer loop
      vertex 20.75 12.7083 36.05
      vertex 20.75 13.75 33.8
      vertex 20.75 12.9953 36.1071
    endloop
  endfacet
  facet normal 1 0 0
    outer loop
      vertex 20.75 12.4213 36.1071
      vertex 20.75 13.75 33.8
      vertex 20.75 12.7083 36.05
    endloop
  endfacet
  facet normal 1 0 0
    outer loop
      vertex 20.75 10.4537 36.1071
      vertex 20.75 12.4213 36.1071
      vertex 20.75 12.178 36.2697
    endloop
  endfacet
  facet normal 1 0 0
    outer loop
      vertex 20.75 10.697 36.2697
      vertex 20.75 12.178 36.2697
      vertex 20.75 12.0154 36.513
    endloop
  endfacet
  facet normal 1 -0 0
    outer loop
      vertex 20.75 10.9167 36.8
      vertex 20.75 12.0154 36.513
      vertex 20.75 11.9583 36.8
    endloop
  endfacet
  facet normal 1 0 0
    outer loop
      vertex 20.75 10.8596 36.513
      vertex 20.75 12.0154 36.513
      vertex 20.75 10.9167 36.8
    endloop
  endfacet
  facet normal 1 0 0
    outer loop
      vertex 20.75 10.697 36.2697
      vertex 20.75 12.0154 36.513
      vertex 20.75 10.8596 36.513
    endloop
  endfacet
  facet normal 1 0 0
    outer loop
      vertex 20.75 12.178 36.2697
      vertex 20.75 10.697 36.2697
      vertex 20.75 10.4537 36.1071
    endloop
  endfacet
  facet normal 1 0 0
    outer loop
      vertex 20.75 12.4213 36.1071
      vertex 20.75 10.4537 36.1071
      vertex 20.75 13.75 33.8
    endloop
  endfacet
  facet normal 1 -0 0
    outer loop
      vertex 20.75 10.1667 36.05
      vertex 20.75 13.75 33.8
      vertex 20.75 10.4537 36.1071
    endloop
  endfacet
  facet normal 1 0 0
    outer loop
      vertex 20.75 7.625 36.05
      vertex 20.75 10.1667 36.05
      vertex 20.75 9.87965 36.1071
    endloop
  endfacet
  facet normal 1 -0 0
    outer loop
      vertex 20.75 8.375 36.8
      vertex 20.75 9.47376 36.513
      vertex 20.75 9.41667 36.8
    endloop
  endfacet
  facet normal 1 0 0
    outer loop
      vertex 20.75 8.31791 36.513
      vertex 20.75 9.47376 36.513
      vertex 20.75 8.375 36.8
    endloop
  endfacet
  facet normal 1 0 0
    outer loop
      vertex 20.75 9.47376 36.513
      vertex 20.75 8.31791 36.513
      vertex 20.75 9.63634 36.2697
    endloop
  endfacet
  facet normal 1 0 0
    outer loop
      vertex 20.75 8.15533 36.2697
      vertex 20.75 9.63634 36.2697
      vertex 20.75 8.31791 36.513
    endloop
  endfacet
  facet normal 1 0 0
    outer loop
      vertex 20.75 9.63634 36.2697
      vertex 20.75 8.15533 36.2697
      vertex 20.75 9.87965 36.1071
    endloop
  endfacet
  facet normal 1 0 0
    outer loop
      vertex 20.75 7.91201 36.1071
      vertex 20.75 9.87965 36.1071
      vertex 20.75 8.15533 36.2697
    endloop
  endfacet
  facet normal 1 0 0
    outer loop
      vertex 20.75 7.625 36.05
      vertex 20.75 9.87965 36.1071
      vertex 20.75 7.91201 36.1071
    endloop
  endfacet
  facet normal 1 0 0
    outer loop
      vertex 20.75 10.1667 36.05
      vertex 20.75 7.625 36.05
      vertex 20.75 13.75 33.8
    endloop
  endfacet
  facet normal 1 0 0
    outer loop
      vertex 20.75 5.08333 36.05
      vertex 20.75 7.625 36.05
      vertex 20.75 7.33799 36.1071
    endloop
  endfacet
  facet normal 1 -0 0
    outer loop
      vertex 20.75 5.83333 36.8
      vertex 20.75 6.93209 36.513
      vertex 20.75 6.875 36.8
    endloop
  endfacet
  facet normal 1 0 0
    outer loop
      vertex 20.75 5.77624 36.513
      vertex 20.75 6.93209 36.513
      vertex 20.75 5.83333 36.8
    endloop
  endfacet
  facet normal 1 0 0
    outer loop
      vertex 20.75 6.93209 36.513
      vertex 20.75 5.77624 36.513
      vertex 20.75 7.09467 36.2697
    endloop
  endfacet
  facet normal 1 0 0
    outer loop
      vertex 20.75 5.61366 36.2697
      vertex 20.75 7.09467 36.2697
      vertex 20.75 5.77624 36.513
    endloop
  endfacet
  facet normal 1 0 0
    outer loop
      vertex 20.75 7.09467 36.2697
      vertex 20.75 5.61366 36.2697
      vertex 20.75 7.33799 36.1071
    endloop
  endfacet
  facet normal 1 0 0
    outer loop
      vertex 20.75 5.37035 36.1071
      vertex 20.75 7.33799 36.1071
      vertex 20.75 5.61366 36.2697
    endloop
  endfacet
  facet normal 1 0 0
    outer loop
      vertex 20.75 5.08333 36.05
      vertex 20.75 7.33799 36.1071
      vertex 20.75 5.37035 36.1071
    endloop
  endfacet
  facet normal 1 0 0
    outer loop
      vertex 20.75 7.625 36.05
      vertex 20.75 5.08333 36.05
      vertex 20.75 13.75 33.8
    endloop
  endfacet
  facet normal 1 0 0
    outer loop
      vertex 20.75 2.54167 36.05
      vertex 20.75 5.08333 36.05
      vertex 20.75 4.79632 36.1071
    endloop
  endfacet
  facet normal 1 -0 0
    outer loop
      vertex 20.75 3.29167 36.8
      vertex 20.75 4.39042 36.513
      vertex 20.75 4.33333 36.8
    endloop
  endfacet
  facet normal 1 0 0
    outer loop
      vertex 20.75 3.23458 36.513
      vertex 20.75 4.39042 36.513
      vertex 20.75 3.29167 36.8
    endloop
  endfacet
  facet normal 1 0 0
    outer loop
      vertex 20.75 4.39042 36.513
      vertex 20.75 3.23458 36.513
      vertex 20.75 4.553 36.2697
    endloop
  endfacet
  facet normal 1 0 0
    outer loop
      vertex 20.75 3.072 36.2697
      vertex 20.75 4.553 36.2697
      vertex 20.75 3.23458 36.513
    endloop
  endfacet
  facet normal 1 0 0
    outer loop
      vertex 20.75 4.553 36.2697
      vertex 20.75 3.072 36.2697
      vertex 20.75 4.79632 36.1071
    endloop
  endfacet
  facet normal 1 0 0
    outer loop
      vertex 20.75 2.82868 36.1071
      vertex 20.75 4.79632 36.1071
      vertex 20.75 3.072 36.2697
    endloop
  endfacet
  facet normal 1 0 0
    outer loop
      vertex 20.75 2.54167 36.05
      vertex 20.75 4.79632 36.1071
      vertex 20.75 2.82868 36.1071
    endloop
  endfacet
  facet normal 1 0 0
    outer loop
      vertex 20.75 5.08333 36.05
      vertex 20.75 2.54167 36.05
      vertex 20.75 13.75 33.8
    endloop
  endfacet
  facet normal 1 0 0
    outer loop
      vertex 20.75 0 36.05
      vertex 20.75 2.54167 36.05
      vertex 20.75 2.25465 36.1071
    endloop
  endfacet
  facet normal 1 -0 0
    outer loop
      vertex 20.75 0.75 36.8
      vertex 20.75 1.84876 36.513
      vertex 20.75 1.79167 36.8
    endloop
  endfacet
  facet normal 1 0 0
    outer loop
      vertex 20.75 0.692909 36.513
      vertex 20.75 1.84876 36.513
      vertex 20.75 0.75 36.8
    endloop
  endfacet
  facet normal 1 0 0
    outer loop
      vertex 20.75 1.84876 36.513
      vertex 20.75 0.692909 36.513
      vertex 20.75 2.01134 36.2697
    endloop
  endfacet
  facet normal 1 0 0
    outer loop
      vertex 20.75 0.53033 36.2697
      vertex 20.75 2.01134 36.2697
      vertex 20.75 0.692909 36.513
    endloop
  endfacet
  facet normal 1 0 0
    outer loop
      vertex 20.75 2.01134 36.2697
      vertex 20.75 0.53033 36.2697
      vertex 20.75 2.25465 36.1071
    endloop
  endfacet
  facet normal 1 0 0
    outer loop
      vertex 20.75 0.287012 36.1071
      vertex 20.75 2.25465 36.1071
      vertex 20.75 0.53033 36.2697
    endloop
  endfacet
  facet normal 1 0 0
    outer loop
      vertex 20.75 0 36.05
      vertex 20.75 2.25465 36.1071
      vertex 20.75 0.287012 36.1071
    endloop
  endfacet
  facet normal 1 0 0
    outer loop
      vertex 20.75 2.54167 36.05
      vertex 20.75 0 36.05
      vertex 20.75 13.75 33.8
    endloop
  endfacet
  facet normal 1 -0 0
    outer loop
      vertex 20.75 -1.79167 36.8
      vertex 20.75 -0.692909 36.513
      vertex 20.75 -0.75 36.8
    endloop
  endfacet
  facet normal 1 0 0
    outer loop
      vertex 20.75 -1.84876 36.513
      vertex 20.75 -0.692909 36.513
      vertex 20.75 -1.79167 36.8
    endloop
  endfacet
  facet normal 1 0 0
    outer loop
      vertex 20.75 -0.692909 36.513
      vertex 20.75 -1.84876 36.513
      vertex 20.75 -0.53033 36.2697
    endloop
  endfacet
  facet normal 1 0 0
    outer loop
      vertex 20.75 -2.01134 36.2697
      vertex 20.75 -0.53033 36.2697
      vertex 20.75 -1.84876 36.513
    endloop
  endfacet
  facet normal 1 0 0
    outer loop
      vertex 20.75 -0.53033 36.2697
      vertex 20.75 -2.01134 36.2697
      vertex 20.75 -0.287012 36.1071
    endloop
  endfacet
  facet normal 1 0 0
    outer loop
      vertex 20.75 -2.25465 36.1071
      vertex 20.75 -0.287012 36.1071
      vertex 20.75 -2.01134 36.2697
    endloop
  endfacet
  facet normal 1 0 0
    outer loop
      vertex 20.75 -0.287012 36.1071
      vertex 20.75 -2.25465 36.1071
      vertex 20.75 0 36.05
    endloop
  endfacet
  facet normal 1 0 0
    outer loop
      vertex 20.75 -2.54167 36.05
      vertex 20.75 0 36.05
      vertex 20.75 -2.25465 36.1071
    endloop
  endfacet
  facet normal 1 0 0
    outer loop
      vertex 20.75 -13.75 33.8
      vertex 20.75 0 36.05
      vertex 20.75 -2.54167 36.05
    endloop
  endfacet
  facet normal 1 -0 0
    outer loop
      vertex 20.75 -4.33333 36.8
      vertex 20.75 -3.23458 36.513
      vertex 20.75 -3.29167 36.8
    endloop
  endfacet
  facet normal 1 0 0
    outer loop
      vertex 20.75 -4.39042 36.513
      vertex 20.75 -3.23458 36.513
      vertex 20.75 -4.33333 36.8
    endloop
  endfacet
  facet normal 1 0 0
    outer loop
      vertex 20.75 -3.23458 36.513
      vertex 20.75 -4.39042 36.513
      vertex 20.75 -3.072 36.2697
    endloop
  endfacet
  facet normal 1 0 0
    outer loop
      vertex 20.75 -4.553 36.2697
      vertex 20.75 -3.072 36.2697
      vertex 20.75 -4.39042 36.513
    endloop
  endfacet
  facet normal 1 0 0
    outer loop
      vertex 20.75 -3.072 36.2697
      vertex 20.75 -4.553 36.2697
      vertex 20.75 -2.82868 36.1071
    endloop
  endfacet
  facet normal 1 0 0
    outer loop
      vertex 20.75 -4.79632 36.1071
      vertex 20.75 -2.82868 36.1071
      vertex 20.75 -4.553 36.2697
    endloop
  endfacet
  facet normal 1 0 0
    outer loop
      vertex 20.75 -2.82868 36.1071
      vertex 20.75 -4.79632 36.1071
      vertex 20.75 -2.54167 36.05
    endloop
  endfacet
  facet normal 1 0 0
    outer loop
      vertex 20.75 -5.08333 36.05
      vertex 20.75 -2.54167 36.05
      vertex 20.75 -4.79632 36.1071
    endloop
  endfacet
  facet normal 1 0 0
    outer loop
      vertex 20.75 -13.75 33.8
      vertex 20.75 -2.54167 36.05
      vertex 20.75 -5.08333 36.05
    endloop
  endfacet
  facet normal 1 -0 0
    outer loop
      vertex 20.75 -6.875 36.8
      vertex 20.75 -5.77624 36.513
      vertex 20.75 -5.83333 36.8
    endloop
  endfacet
  facet normal 1 0 0
    outer loop
      vertex 20.75 -6.93209 36.513
      vertex 20.75 -5.77624 36.513
      vertex 20.75 -6.875 36.8
    endloop
  endfacet
  facet normal 1 0 0
    outer loop
      vertex 20.75 -5.77624 36.513
      vertex 20.75 -6.93209 36.513
      vertex 20.75 -5.61366 36.2697
    endloop
  endfacet
  facet normal 1 0 0
    outer loop
      vertex 20.75 -7.09467 36.2697
      vertex 20.75 -5.61366 36.2697
      vertex 20.75 -6.93209 36.513
    endloop
  endfacet
  facet normal 1 0 0
    outer loop
      vertex 20.75 -5.61366 36.2697
      vertex 20.75 -7.09467 36.2697
      vertex 20.75 -5.37035 36.1071
    endloop
  endfacet
  facet normal 1 0 0
    outer loop
      vertex 20.75 -7.33799 36.1071
      vertex 20.75 -5.37035 36.1071
      vertex 20.75 -7.09467 36.2697
    endloop
  endfacet
  facet normal 1 0 0
    outer loop
      vertex 20.75 -5.37035 36.1071
      vertex 20.75 -7.33799 36.1071
      vertex 20.75 -5.08333 36.05
    endloop
  endfacet
  facet normal 1 0 0
    outer loop
      vertex 20.75 -7.625 36.05
      vertex 20.75 -5.08333 36.05
      vertex 20.75 -7.33799 36.1071
    endloop
  endfacet
  facet normal 1 0 0
    outer loop
      vertex 20.75 -5.08333 36.05
      vertex 20.75 -7.625 36.05
      vertex 20.75 -13.75 33.8
    endloop
  endfacet
  facet normal 1 -0 0
    outer loop
      vertex 20.75 -9.41667 36.8
      vertex 20.75 -8.31791 36.513
      vertex 20.75 -8.375 36.8
    endloop
  endfacet
  facet normal 1 0 0
    outer loop
      vertex 20.75 -9.47376 36.513
      vertex 20.75 -8.31791 36.513
      vertex 20.75 -9.41667 36.8
    endloop
  endfacet
  facet normal 1 0 0
    outer loop
      vertex 20.75 -8.31791 36.513
      vertex 20.75 -9.47376 36.513
      vertex 20.75 -8.15533 36.2697
    endloop
  endfacet
  facet normal 1 0 0
    outer loop
      vertex 20.75 -9.63634 36.2697
      vertex 20.75 -8.15533 36.2697
      vertex 20.75 -9.47376 36.513
    endloop
  endfacet
  facet normal 1 0 0
    outer loop
      vertex 20.75 -8.15533 36.2697
      vertex 20.75 -9.63634 36.2697
      vertex 20.75 -7.91201 36.1071
    endloop
  endfacet
  facet normal 1 0 0
    outer loop
      vertex 20.75 -9.87965 36.1071
      vertex 20.75 -7.91201 36.1071
      vertex 20.75 -9.63634 36.2697
    endloop
  endfacet
  facet normal 1 0 0
    outer loop
      vertex 20.75 -7.91201 36.1071
      vertex 20.75 -9.87965 36.1071
      vertex 20.75 -7.625 36.05
    endloop
  endfacet
  facet normal 1 0 0
    outer loop
      vertex 20.75 -10.1667 36.05
      vertex 20.75 -7.625 36.05
      vertex 20.75 -9.87965 36.1071
    endloop
  endfacet
  facet normal 1 0 0
    outer loop
      vertex 20.75 -7.625 36.05
      vertex 20.75 -10.1667 36.05
      vertex 20.75 -13.75 33.8
    endloop
  endfacet
  facet normal 1 -0 0
    outer loop
      vertex 20.75 -11.9583 36.8
      vertex 20.75 -10.8596 36.513
      vertex 20.75 -10.9167 36.8
    endloop
  endfacet
  facet normal 1 0 0
    outer loop
      vertex 20.75 -12.0154 36.513
      vertex 20.75 -10.8596 36.513
      vertex 20.75 -11.9583 36.8
    endloop
  endfacet
  facet normal 1 0 0
    outer loop
      vertex 20.75 -10.8596 36.513
      vertex 20.75 -12.0154 36.513
      vertex 20.75 -10.697 36.2697
    endloop
  endfacet
  facet normal 1 0 0
    outer loop
      vertex 20.75 -12.178 36.2697
      vertex 20.75 -10.697 36.2697
      vertex 20.75 -12.0154 36.513
    endloop
  endfacet
  facet normal 1 0 0
    outer loop
      vertex 20.75 -10.697 36.2697
      vertex 20.75 -12.178 36.2697
      vertex 20.75 -10.4537 36.1071
    endloop
  endfacet
  facet normal 1 0 0
    outer loop
      vertex 20.75 -12.4213 36.1071
      vertex 20.75 -10.4537 36.1071
      vertex 20.75 -12.178 36.2697
    endloop
  endfacet
  facet normal 1 0 0
    outer loop
      vertex 20.75 -13.75 33.8
      vertex 20.75 -10.4537 36.1071
      vertex 20.75 -12.4213 36.1071
    endloop
  endfacet
  facet normal 1 0 0
    outer loop
      vertex 20.75 -10.4537 36.1071
      vertex 20.75 -13.75 33.8
      vertex 20.75 -10.1667 36.05
    endloop
  endfacet
  facet normal 1 0 0
    outer loop
      vertex 20.75 -13.75 33.8
      vertex 20.75 -12.4213 36.1071
      vertex 20.75 -12.7083 36.05
    endloop
  endfacet
  facet normal 1 0 0
    outer loop
      vertex 20.75 0 36.05
      vertex 20.75 -13.75 33.8
      vertex 20.75 13.75 33.8
    endloop
  endfacet
  facet normal 1 0 0
    outer loop
      vertex 20.75 -12.9953 36.1071
      vertex 20.75 -13.75 33.8
      vertex 20.75 -12.7083 36.05
    endloop
  endfacet
  facet normal 1 0 0
    outer loop
      vertex 20.75 -13.2387 36.2697
      vertex 20.75 -13.75 33.8
      vertex 20.75 -12.9953 36.1071
    endloop
  endfacet
  facet normal 1 0 0
    outer loop
      vertex 20.75 -14.7197 36.2697
      vertex 20.75 -13.2387 36.2697
      vertex 20.75 -13.4012 36.513
    endloop
  endfacet
  facet normal 1 0 0
    outer loop
      vertex 20.75 -14.5571 36.513
      vertex 20.75 -13.4012 36.513
      vertex 20.75 -13.4583 36.8
    endloop
  endfacet
  facet normal 1 0 0
    outer loop
      vertex 20.75 -14.5571 36.513
      vertex 20.75 -13.4583 36.8
      vertex 20.75 -14.5 36.8
    endloop
  endfacet
  facet normal 1 0 0
    outer loop
      vertex 20.75 -13.4012 36.513
      vertex 20.75 -14.5571 36.513
      vertex 20.75 -14.7197 36.2697
    endloop
  endfacet
  facet normal 1 0 0
    outer loop
      vertex 20.75 -13.2387 36.2697
      vertex 20.75 -14.7197 36.2697
      vertex 20.75 -13.75 33.8
    endloop
  endfacet
  facet normal 1 -0 0
    outer loop
      vertex 20.75 -14.963 36.1071
      vertex 20.75 -13.75 33.8
      vertex 20.75 -14.7197 36.2697
    endloop
  endfacet
  facet normal 1 -0 0
    outer loop
      vertex 20.75 -15.25 36.05
      vertex 20.75 -13.75 33.8
      vertex 20.75 -14.963 36.1071
    endloop
  endfacet
  facet normal 1 0 0
    outer loop
      vertex 20.75 -15.537 36.1071
      vertex 20.75 -13.75 33.8
      vertex 20.75 -15.25 36.05
    endloop
  endfacet
  facet normal 1 0 0
    outer loop
      vertex 20.75 -16.75 30.8
      vertex 20.75 -15.537 36.1071
      vertex 20.75 -15.7803 36.2697
    endloop
  endfacet
  facet normal 1 -0 0
    outer loop
      vertex 20.75 -16.75 36.8
      vertex 20.75 -15.9429 36.513
      vertex 20.75 -16 36.8
    endloop
  endfacet
  facet normal 1 0 0
    outer loop
      vertex 20.75 -16.75 36.8
      vertex 20.75 -15.7803 36.2697
      vertex 20.75 -15.9429 36.513
    endloop
  endfacet
  facet normal 1 0 0
    outer loop
      vertex 20.75 -16.75 30.8
      vertex 20.75 -15.7803 36.2697
      vertex 20.75 -16.75 36.8
    endloop
  endfacet
  facet normal 1 0 0
    outer loop
      vertex 20.75 -15.537 36.1071
      vertex 20.75 -16.75 30.8
      vertex 20.75 -13.75 33.8
    endloop
  endfacet
  facet normal -1 0 0
    outer loop
      vertex 16.75 -18.1024 23.15
      vertex 16.75 -17.75 22.95
      vertex 16.75 -18.1024 22.95
    endloop
  endfacet
  facet normal -1 0 0
    outer loop
      vertex 16.75 18.1024 22.95
      vertex 16.75 17.75 22.95
      vertex 16.75 18.1024 23.15
    endloop
  endfacet
  facet normal -1 -0 0
    outer loop
      vertex 16.75 18.7954 23.843
      vertex 16.75 18.1024 23.15
      vertex 16.75 18.7954 25.643
    endloop
  endfacet
  facet normal -1 0 0
    outer loop
      vertex 16.75 17.75 29.8
      vertex 16.75 20.75 26.8
      vertex 16.75 19.9524 26.8
    endloop
  endfacet
  facet normal -1 0 0
    outer loop
      vertex 16.75 17.75 29.8
      vertex 16.75 19.9524 26.8
      vertex 16.75 18.7954 25.643
    endloop
  endfacet
  facet normal -1 0 0
    outer loop
      vertex 16.75 17.75 22.95
      vertex 16.75 18.7954 25.643
      vertex 16.75 18.1024 23.15
    endloop
  endfacet
  facet normal -1 -0 0
    outer loop
      vertex 16.75 18.7954 25.643
      vertex 16.75 17.75 22.95
      vertex 16.75 17.75 29.8
    endloop
  endfacet
  facet normal -1 0 0
    outer loop
      vertex 16.75 20.75 26.8
      vertex 16.75 17.75 29.8
      vertex 16.75 20.75 32.8
    endloop
  endfacet
  facet normal -1 0 0
    outer loop
      vertex 16.75 15.537 36.1071
      vertex 16.75 20.75 32.8
      vertex 16.75 17.75 29.8
    endloop
  endfacet
  facet normal -1 0 0
    outer loop
      vertex 16.75 20.75 32.8
      vertex 16.75 15.7803 36.2697
      vertex 16.75 16.75 36.8
    endloop
  endfacet
  facet normal -1 -0 0
    outer loop
      vertex 16.75 16.75 36.8
      vertex 16.75 15.9429 36.513
      vertex 16.75 16 36.8
    endloop
  endfacet
  facet normal -1 0 0
    outer loop
      vertex 16.75 16.75 36.8
      vertex 16.75 15.7803 36.2697
      vertex 16.75 15.9429 36.513
    endloop
  endfacet
  facet normal -1 0 0
    outer loop
      vertex 16.75 20.75 32.8
      vertex 16.75 15.537 36.1071
      vertex 16.75 15.7803 36.2697
    endloop
  endfacet
  facet normal -1 0 0
    outer loop
      vertex 16.75 13.75 33.8
      vertex 16.75 15.537 36.1071
      vertex 16.75 17.75 29.8
    endloop
  endfacet
  facet normal -1 0 0
    outer loop
      vertex 16.75 15.537 36.1071
      vertex 16.75 13.75 33.8
      vertex 16.75 15.25 36.05
    endloop
  endfacet
  facet normal -1 -0 0
    outer loop
      vertex 16.75 15.25 36.05
      vertex 16.75 13.75 33.8
      vertex 16.75 14.963 36.1071
    endloop
  endfacet
  facet normal -1 -0 0
    outer loop
      vertex 16.75 14.963 36.1071
      vertex 16.75 13.75 33.8
      vertex 16.75 14.7197 36.2697
    endloop
  endfacet
  facet normal -1 0 0
    outer loop
      vertex 16.75 13.2387 36.2697
      vertex 16.75 14.7197 36.2697
      vertex 16.75 13.75 33.8
    endloop
  endfacet
  facet normal -1 0 0
    outer loop
      vertex 16.75 14.7197 36.2697
      vertex 16.75 13.2387 36.2697
      vertex 16.75 14.5571 36.513
    endloop
  endfacet
  facet normal -1 0 -0
    outer loop
      vertex 16.75 13.4012 36.513
      vertex 16.75 14.5571 36.513
      vertex 16.75 13.2387 36.2697
    endloop
  endfacet
  facet normal -1 -0 0
    outer loop
      vertex 16.75 14.5 36.8
      vertex 16.75 13.4012 36.513
      vertex 16.75 13.4583 36.8
    endloop
  endfacet
  facet normal -1 0 0
    outer loop
      vertex 16.75 14.5571 36.513
      vertex 16.75 13.4012 36.513
      vertex 16.75 14.5 36.8
    endloop
  endfacet
  facet normal -1 0 0
    outer loop
      vertex 16.75 13.75 33.8
      vertex 16.75 12.9953 36.1071
      vertex 16.75 13.2387 36.2697
    endloop
  endfacet
  facet normal -1 0 0
    outer loop
      vertex 16.75 13.75 33.8
      vertex 16.75 12.7083 36.05
      vertex 16.75 12.9953 36.1071
    endloop
  endfacet
  facet normal -1 0 0
    outer loop
      vertex 16.75 13.75 33.8
      vertex 16.75 12.4213 36.1071
      vertex 16.75 12.7083 36.05
    endloop
  endfacet
  facet normal -1 0 0
    outer loop
      vertex 16.75 10.4537 36.1071
      vertex 16.75 12.4213 36.1071
      vertex 16.75 13.75 33.8
    endloop
  endfacet
  facet normal -1 0 0
    outer loop
      vertex 16.75 12.4213 36.1071
      vertex 16.75 10.4537 36.1071
      vertex 16.75 12.178 36.2697
    endloop
  endfacet
  facet normal -1 0 0
    outer loop
      vertex 16.75 12.0154 36.513
      vertex 16.75 10.9167 36.8
      vertex 16.75 11.9583 36.8
    endloop
  endfacet
  facet normal -1 0 -0
    outer loop
      vertex 16.75 10.697 36.2697
      vertex 16.75 12.178 36.2697
      vertex 16.75 10.4537 36.1071
    endloop
  endfacet
  facet normal -1 0 0
    outer loop
      vertex 16.75 12.0154 36.513
      vertex 16.75 10.8596 36.513
      vertex 16.75 10.9167 36.8
    endloop
  endfacet
  facet normal -1 -0 0
    outer loop
      vertex 16.75 12.0154 36.513
      vertex 16.75 10.697 36.2697
      vertex 16.75 10.8596 36.513
    endloop
  endfacet
  facet normal -1 0 0
    outer loop
      vertex 16.75 12.178 36.2697
      vertex 16.75 10.697 36.2697
      vertex 16.75 12.0154 36.513
    endloop
  endfacet
  facet normal -1 0 0
    outer loop
      vertex 16.75 13.75 33.8
      vertex 16.75 10.1667 36.05
      vertex 16.75 10.4537 36.1071
    endloop
  endfacet
  facet normal -1 0 0
    outer loop
      vertex 16.75 7.625 36.05
      vertex 16.75 10.1667 36.05
      vertex 16.75 13.75 33.8
    endloop
  endfacet
  facet normal -1 0 0
    outer loop
      vertex 16.75 9.47376 36.513
      vertex 16.75 8.375 36.8
      vertex 16.75 9.41667 36.8
    endloop
  endfacet
  facet normal -1 0 0
    outer loop
      vertex 16.75 8.31791 36.513
      vertex 16.75 9.47376 36.513
      vertex 16.75 9.63634 36.2697
    endloop
  endfacet
  facet normal -1 0 0
    outer loop
      vertex 16.75 8.15533 36.2697
      vertex 16.75 9.63634 36.2697
      vertex 16.75 9.87965 36.1071
    endloop
  endfacet
  facet normal -1 0 0
    outer loop
      vertex 16.75 10.1667 36.05
      vertex 16.75 7.625 36.05
      vertex 16.75 9.87965 36.1071
    endloop
  endfacet
  facet normal -1 0 0
    outer loop
      vertex 16.75 9.47376 36.513
      vertex 16.75 8.31791 36.513
      vertex 16.75 8.375 36.8
    endloop
  endfacet
  facet normal -1 0 0
    outer loop
      vertex 16.75 9.63634 36.2697
      vertex 16.75 8.15533 36.2697
      vertex 16.75 8.31791 36.513
    endloop
  endfacet
  facet normal -1 0 0
    outer loop
      vertex 16.75 9.87965 36.1071
      vertex 16.75 7.91201 36.1071
      vertex 16.75 8.15533 36.2697
    endloop
  endfacet
  facet normal -1 -0 0
    outer loop
      vertex 16.75 9.87965 36.1071
      vertex 16.75 7.625 36.05
      vertex 16.75 7.91201 36.1071
    endloop
  endfacet
  facet normal -1 0 0
    outer loop
      vertex 16.75 5.08333 36.05
      vertex 16.75 7.625 36.05
      vertex 16.75 13.75 33.8
    endloop
  endfacet
  facet normal -1 0 0
    outer loop
      vertex 16.75 6.93209 36.513
      vertex 16.75 5.83333 36.8
      vertex 16.75 6.875 36.8
    endloop
  endfacet
  facet normal -1 0 0
    outer loop
      vertex 16.75 5.77624 36.513
      vertex 16.75 6.93209 36.513
      vertex 16.75 7.09467 36.2697
    endloop
  endfacet
  facet normal -1 0 0
    outer loop
      vertex 16.75 5.61366 36.2697
      vertex 16.75 7.09467 36.2697
      vertex 16.75 7.33799 36.1071
    endloop
  endfacet
  facet normal -1 0 0
    outer loop
      vertex 16.75 6.93209 36.513
      vertex 16.75 5.77624 36.513
      vertex 16.75 5.83333 36.8
    endloop
  endfacet
  facet normal -1 0 0
    outer loop
      vertex 16.75 7.625 36.05
      vertex 16.75 5.08333 36.05
      vertex 16.75 7.33799 36.1071
    endloop
  endfacet
  facet normal -1 0 0
    outer loop
      vertex 16.75 7.09467 36.2697
      vertex 16.75 5.61366 36.2697
      vertex 16.75 5.77624 36.513
    endloop
  endfacet
  facet normal -1 0 0
    outer loop
      vertex 16.75 7.33799 36.1071
      vertex 16.75 5.37035 36.1071
      vertex 16.75 5.61366 36.2697
    endloop
  endfacet
  facet normal -1 -0 0
    outer loop
      vertex 16.75 7.33799 36.1071
      vertex 16.75 5.08333 36.05
      vertex 16.75 5.37035 36.1071
    endloop
  endfacet
  facet normal -1 0 0
    outer loop
      vertex 16.75 2.54167 36.05
      vertex 16.75 5.08333 36.05
      vertex 16.75 13.75 33.8
    endloop
  endfacet
  facet normal -1 0 0
    outer loop
      vertex 16.75 4.39042 36.513
      vertex 16.75 3.29167 36.8
      vertex 16.75 4.33333 36.8
    endloop
  endfacet
  facet normal -1 0 0
    outer loop
      vertex 16.75 3.23458 36.513
      vertex 16.75 4.39042 36.513
      vertex 16.75 4.553 36.2697
    endloop
  endfacet
  facet normal -1 0 0
    outer loop
      vertex 16.75 3.072 36.2697
      vertex 16.75 4.553 36.2697
      vertex 16.75 4.79632 36.1071
    endloop
  endfacet
  facet normal -1 0 0
    outer loop
      vertex 16.75 4.39042 36.513
      vertex 16.75 3.23458 36.513
      vertex 16.75 3.29167 36.8
    endloop
  endfacet
  facet normal -1 0 0
    outer loop
      vertex 16.75 4.553 36.2697
      vertex 16.75 3.072 36.2697
      vertex 16.75 3.23458 36.513
    endloop
  endfacet
  facet normal -1 0 0
    outer loop
      vertex 16.75 5.08333 36.05
      vertex 16.75 2.54167 36.05
      vertex 16.75 4.79632 36.1071
    endloop
  endfacet
  facet normal -1 0 0
    outer loop
      vertex 16.75 4.79632 36.1071
      vertex 16.75 2.82868 36.1071
      vertex 16.75 3.072 36.2697
    endloop
  endfacet
  facet normal -1 -0 0
    outer loop
      vertex 16.75 4.79632 36.1071
      vertex 16.75 2.54167 36.05
      vertex 16.75 2.82868 36.1071
    endloop
  endfacet
  facet normal -1 0 0
    outer loop
      vertex 16.75 0 36.05
      vertex 16.75 2.54167 36.05
      vertex 16.75 13.75 33.8
    endloop
  endfacet
  facet normal -1 0 0
    outer loop
      vertex 16.75 1.84876 36.513
      vertex 16.75 0.75 36.8
      vertex 16.75 1.79167 36.8
    endloop
  endfacet
  facet normal -1 0 0
    outer loop
      vertex 16.75 0.692909 36.513
      vertex 16.75 1.84876 36.513
      vertex 16.75 2.01134 36.2697
    endloop
  endfacet
  facet normal -1 0 0
    outer loop
      vertex 16.75 0.53033 36.2697
      vertex 16.75 2.01134 36.2697
      vertex 16.75 2.25465 36.1071
    endloop
  endfacet
  facet normal -1 0 0
    outer loop
      vertex 16.75 1.84876 36.513
      vertex 16.75 0.692909 36.513
      vertex 16.75 0.75 36.8
    endloop
  endfacet
  facet normal -1 0 0
    outer loop
      vertex 16.75 2.01134 36.2697
      vertex 16.75 0.53033 36.2697
      vertex 16.75 0.692909 36.513
    endloop
  endfacet
  facet normal -1 0 0
    outer loop
      vertex 16.75 2.54167 36.05
      vertex 16.75 0 36.05
      vertex 16.75 2.25465 36.1071
    endloop
  endfacet
  facet normal -1 0 0
    outer loop
      vertex 16.75 2.25465 36.1071
      vertex 16.75 0.287012 36.1071
      vertex 16.75 0.53033 36.2697
    endloop
  endfacet
  facet normal -1 -0 0
    outer loop
      vertex 16.75 2.25465 36.1071
      vertex 16.75 0 36.05
      vertex 16.75 0.287012 36.1071
    endloop
  endfacet
  facet normal -1 0 0
    outer loop
      vertex 16.75 -0.692909 36.513
      vertex 16.75 -1.79167 36.8
      vertex 16.75 -0.75 36.8
    endloop
  endfacet
  facet normal -1 0 0
    outer loop
      vertex 16.75 -1.84876 36.513
      vertex 16.75 -0.692909 36.513
      vertex 16.75 -0.53033 36.2697
    endloop
  endfacet
  facet normal -1 0 0
    outer loop
      vertex 16.75 -2.01134 36.2697
      vertex 16.75 -0.53033 36.2697
      vertex 16.75 -0.287012 36.1071
    endloop
  endfacet
  facet normal -1 0 0
    outer loop
      vertex 16.75 -0.692909 36.513
      vertex 16.75 -1.84876 36.513
      vertex 16.75 -1.79167 36.8
    endloop
  endfacet
  facet normal -1 0 0
    outer loop
      vertex 16.75 -0.53033 36.2697
      vertex 16.75 -2.01134 36.2697
      vertex 16.75 -1.84876 36.513
    endloop
  endfacet
  facet normal -1 0 0
    outer loop
      vertex 16.75 -2.25465 36.1071
      vertex 16.75 -0.287012 36.1071
      vertex 16.75 0 36.05
    endloop
  endfacet
  facet normal -1 0 0
    outer loop
      vertex 16.75 -13.75 33.8
      vertex 16.75 0 36.05
      vertex 16.75 13.75 33.8
    endloop
  endfacet
  facet normal -1 0 0
    outer loop
      vertex 16.75 -0.287012 36.1071
      vertex 16.75 -2.25465 36.1071
      vertex 16.75 -2.01134 36.2697
    endloop
  endfacet
  facet normal -1 0 0
    outer loop
      vertex 16.75 0 36.05
      vertex 16.75 -2.54167 36.05
      vertex 16.75 -2.25465 36.1071
    endloop
  endfacet
  facet normal -1 0 0
    outer loop
      vertex 16.75 -3.23458 36.513
      vertex 16.75 -4.33333 36.8
      vertex 16.75 -3.29167 36.8
    endloop
  endfacet
  facet normal -1 0 0
    outer loop
      vertex 16.75 -4.39042 36.513
      vertex 16.75 -3.23458 36.513
      vertex 16.75 -3.072 36.2697
    endloop
  endfacet
  facet normal -1 0 0
    outer loop
      vertex 16.75 -4.553 36.2697
      vertex 16.75 -3.072 36.2697
      vertex 16.75 -2.82868 36.1071
    endloop
  endfacet
  facet normal -1 0 0
    outer loop
      vertex 16.75 -3.23458 36.513
      vertex 16.75 -4.39042 36.513
      vertex 16.75 -4.33333 36.8
    endloop
  endfacet
  facet normal -1 0 0
    outer loop
      vertex 16.75 -3.072 36.2697
      vertex 16.75 -4.553 36.2697
      vertex 16.75 -4.39042 36.513
    endloop
  endfacet
  facet normal -1 0 0
    outer loop
      vertex 16.75 -4.79632 36.1071
      vertex 16.75 -2.82868 36.1071
      vertex 16.75 -2.54167 36.05
    endloop
  endfacet
  facet normal -1 -0 0
    outer loop
      vertex 16.75 0 36.05
      vertex 16.75 -13.75 33.8
      vertex 16.75 -2.54167 36.05
    endloop
  endfacet
  facet normal -1 0 0
    outer loop
      vertex 16.75 -2.82868 36.1071
      vertex 16.75 -4.79632 36.1071
      vertex 16.75 -4.553 36.2697
    endloop
  endfacet
  facet normal -1 0 0
    outer loop
      vertex 16.75 -2.54167 36.05
      vertex 16.75 -5.08333 36.05
      vertex 16.75 -4.79632 36.1071
    endloop
  endfacet
  facet normal -1 0 0
    outer loop
      vertex 16.75 -5.77624 36.513
      vertex 16.75 -6.875 36.8
      vertex 16.75 -5.83333 36.8
    endloop
  endfacet
  facet normal -1 0 0
    outer loop
      vertex 16.75 -6.93209 36.513
      vertex 16.75 -5.77624 36.513
      vertex 16.75 -5.61366 36.2697
    endloop
  endfacet
  facet normal -1 0 0
    outer loop
      vertex 16.75 -7.09467 36.2697
      vertex 16.75 -5.61366 36.2697
      vertex 16.75 -5.37035 36.1071
    endloop
  endfacet
  facet normal -1 0 0
    outer loop
      vertex 16.75 -5.77624 36.513
      vertex 16.75 -6.93209 36.513
      vertex 16.75 -6.875 36.8
    endloop
  endfacet
  facet normal -1 0 0
    outer loop
      vertex 16.75 -5.61366 36.2697
      vertex 16.75 -7.09467 36.2697
      vertex 16.75 -6.93209 36.513
    endloop
  endfacet
  facet normal -1 0 0
    outer loop
      vertex 16.75 -7.33799 36.1071
      vertex 16.75 -5.37035 36.1071
      vertex 16.75 -5.08333 36.05
    endloop
  endfacet
  facet normal -1 -0 0
    outer loop
      vertex 16.75 -2.54167 36.05
      vertex 16.75 -13.75 33.8
      vertex 16.75 -5.08333 36.05
    endloop
  endfacet
  facet normal -1 0 0
    outer loop
      vertex 16.75 -5.37035 36.1071
      vertex 16.75 -7.33799 36.1071
      vertex 16.75 -7.09467 36.2697
    endloop
  endfacet
  facet normal -1 0 -0
    outer loop
      vertex 16.75 -7.625 36.05
      vertex 16.75 -5.08333 36.05
      vertex 16.75 -13.75 33.8
    endloop
  endfacet
  facet normal -1 0 0
    outer loop
      vertex 16.75 -8.31791 36.513
      vertex 16.75 -9.41667 36.8
      vertex 16.75 -8.375 36.8
    endloop
  endfacet
  facet normal -1 0 0
    outer loop
      vertex 16.75 -9.47376 36.513
      vertex 16.75 -8.31791 36.513
      vertex 16.75 -8.15533 36.2697
    endloop
  endfacet
  facet normal -1 0 0
    outer loop
      vertex 16.75 -9.63634 36.2697
      vertex 16.75 -8.15533 36.2697
      vertex 16.75 -7.91201 36.1071
    endloop
  endfacet
  facet normal -1 0 0
    outer loop
      vertex 16.75 -8.31791 36.513
      vertex 16.75 -9.47376 36.513
      vertex 16.75 -9.41667 36.8
    endloop
  endfacet
  facet normal -1 0 0
    outer loop
      vertex 16.75 -8.15533 36.2697
      vertex 16.75 -9.63634 36.2697
      vertex 16.75 -9.47376 36.513
    endloop
  endfacet
  facet normal -1 0 0
    outer loop
      vertex 16.75 -9.87965 36.1071
      vertex 16.75 -7.91201 36.1071
      vertex 16.75 -7.625 36.05
    endloop
  endfacet
  facet normal -1 0 0
    outer loop
      vertex 16.75 -7.91201 36.1071
      vertex 16.75 -9.87965 36.1071
      vertex 16.75 -9.63634 36.2697
    endloop
  endfacet
  facet normal -1 0 0
    outer loop
      vertex 16.75 -5.08333 36.05
      vertex 16.75 -7.625 36.05
      vertex 16.75 -7.33799 36.1071
    endloop
  endfacet
  facet normal -1 0 -0
    outer loop
      vertex 16.75 -10.1667 36.05
      vertex 16.75 -7.625 36.05
      vertex 16.75 -13.75 33.8
    endloop
  endfacet
  facet normal -1 0 0
    outer loop
      vertex 16.75 -10.8596 36.513
      vertex 16.75 -11.9583 36.8
      vertex 16.75 -10.9167 36.8
    endloop
  endfacet
  facet normal -1 0 0
    outer loop
      vertex 16.75 -12.0154 36.513
      vertex 16.75 -10.8596 36.513
      vertex 16.75 -10.697 36.2697
    endloop
  endfacet
  facet normal -1 0 0
    outer loop
      vertex 16.75 -12.178 36.2697
      vertex 16.75 -10.697 36.2697
      vertex 16.75 -10.4537 36.1071
    endloop
  endfacet
  facet normal -1 0 0
    outer loop
      vertex 16.75 -10.8596 36.513
      vertex 16.75 -12.0154 36.513
      vertex 16.75 -11.9583 36.8
    endloop
  endfacet
  facet normal -1 0 0
    outer loop
      vertex 16.75 -10.697 36.2697
      vertex 16.75 -12.178 36.2697
      vertex 16.75 -12.0154 36.513
    endloop
  endfacet
  facet normal -1 0 0
    outer loop
      vertex 16.75 -13.75 33.8
      vertex 16.75 -10.4537 36.1071
      vertex 16.75 -10.1667 36.05
    endloop
  endfacet
  facet normal -1 0 0
    outer loop
      vertex 16.75 -10.4537 36.1071
      vertex 16.75 -12.4213 36.1071
      vertex 16.75 -12.178 36.2697
    endloop
  endfacet
  facet normal -1 0 0
    outer loop
      vertex 16.75 -7.625 36.05
      vertex 16.75 -10.1667 36.05
      vertex 16.75 -9.87965 36.1071
    endloop
  endfacet
  facet normal -1 -0 0
    outer loop
      vertex 16.75 -10.4537 36.1071
      vertex 16.75 -13.75 33.8
      vertex 16.75 -12.4213 36.1071
    endloop
  endfacet
  facet normal -1 0 0
    outer loop
      vertex 16.75 -12.4213 36.1071
      vertex 16.75 -13.75 33.8
      vertex 16.75 -12.7083 36.05
    endloop
  endfacet
  facet normal -1 0 0
    outer loop
      vertex 16.75 -13.75 33.8
      vertex 16.75 -12.9953 36.1071
      vertex 16.75 -12.7083 36.05
    endloop
  endfacet
  facet normal -1 0 0
    outer loop
      vertex 16.75 -13.75 33.8
      vertex 16.75 -13.2387 36.2697
      vertex 16.75 -12.9953 36.1071
    endloop
  endfacet
  facet normal -1 0 0
    outer loop
      vertex 16.75 -14.7197 36.2697
      vertex 16.75 -13.2387 36.2697
      vertex 16.75 -13.75 33.8
    endloop
  endfacet
  facet normal -1 0 0
    outer loop
      vertex 16.75 -13.2387 36.2697
      vertex 16.75 -14.7197 36.2697
      vertex 16.75 -13.4012 36.513
    endloop
  endfacet
  facet normal -1 0 -0
    outer loop
      vertex 16.75 -14.5571 36.513
      vertex 16.75 -13.4012 36.513
      vertex 16.75 -14.7197 36.2697
    endloop
  endfacet
  facet normal -1 -0 0
    outer loop
      vertex 16.75 -13.4583 36.8
      vertex 16.75 -14.5571 36.513
      vertex 16.75 -14.5 36.8
    endloop
  endfacet
  facet normal -1 0 0
    outer loop
      vertex 16.75 -13.4012 36.513
      vertex 16.75 -14.5571 36.513
      vertex 16.75 -13.4583 36.8
    endloop
  endfacet
  facet normal -1 0 0
    outer loop
      vertex 16.75 -13.75 33.8
      vertex 16.75 -14.963 36.1071
      vertex 16.75 -14.7197 36.2697
    endloop
  endfacet
  facet normal -1 0 0
    outer loop
      vertex 16.75 -13.75 33.8
      vertex 16.75 -15.25 36.05
      vertex 16.75 -14.963 36.1071
    endloop
  endfacet
  facet normal -1 0 0
    outer loop
      vertex 16.75 -13.75 33.8
      vertex 16.75 -15.537 36.1071
      vertex 16.75 -15.25 36.05
    endloop
  endfacet
  facet normal -1 0 0
    outer loop
      vertex 16.75 -17.75 29.8
      vertex 16.75 -15.537 36.1071
      vertex 16.75 -13.75 33.8
    endloop
  endfacet
  facet normal -1 0 0
    outer loop
      vertex 16.75 -15.9429 36.513
      vertex 16.75 -16.75 36.8
      vertex 16.75 -16 36.8
    endloop
  endfacet
  facet normal -1 0 0
    outer loop
      vertex 16.75 -15.7803 36.2697
      vertex 16.75 -16.75 36.8
      vertex 16.75 -15.9429 36.513
    endloop
  endfacet
  facet normal -1 0 0
    outer loop
      vertex 16.75 -20.75 32.8
      vertex 16.75 -15.537 36.1071
      vertex 16.75 -17.75 29.8
    endloop
  endfacet
  facet normal -1 -0 0
    outer loop
      vertex 16.75 -15.537 36.1071
      vertex 16.75 -20.75 32.8
      vertex 16.75 -15.7803 36.2697
    endloop
  endfacet
  facet normal -1 0 0
    outer loop
      vertex 16.75 -18.7954 25.643
      vertex 16.75 -17.75 22.95
      vertex 16.75 -18.1024 23.15
    endloop
  endfacet
  facet normal -1 0 0
    outer loop
      vertex 16.75 -18.7954 25.643
      vertex 16.75 -18.1024 23.15
      vertex 16.75 -18.7954 23.843
    endloop
  endfacet
  facet normal -1 0 0
    outer loop
      vertex 16.75 -17.75 22.95
      vertex 16.75 -18.7954 25.643
      vertex 16.75 -17.75 29.8
    endloop
  endfacet
  facet normal -1 0 0
    outer loop
      vertex 16.75 -19.9524 26.8
      vertex 16.75 -17.75 29.8
      vertex 16.75 -18.7954 25.643
    endloop
  endfacet
  facet normal -1 0 0
    outer loop
      vertex 16.75 -20.75 26.8
      vertex 16.75 -17.75 29.8
      vertex 16.75 -19.9524 26.8
    endloop
  endfacet
  facet normal -1 -0 0
    outer loop
      vertex 16.75 -17.75 29.8
      vertex 16.75 -20.75 26.8
      vertex 16.75 -20.75 32.8
    endloop
  endfacet
  facet normal -1 -0 0
    outer loop
      vertex 16.75 -15.7803 36.2697
      vertex 16.75 -20.75 32.8
      vertex 16.75 -16.75 36.8
    endloop
  endfacet
  facet normal -0 0 -1
    outer loop
      vertex 20.6137 -17.75 9.3
      vertex 20.5777 -17.8799 9.3
      vertex 20.6134 -17.75 9.3
    endloop
  endfacet
  facet normal 0 0 -1
    outer loop
      vertex 20.5252 -18.0719 9.3
      vertex 20.5777 -17.8799 9.3
      vertex 20.6137 -17.75 9.3
    endloop
  endfacet
  facet normal 0 0 -1
    outer loop
      vertex 20.5777 -17.8799 9.3
      vertex 20.5252 -18.0719 9.3
      vertex 20.497 -18.1458 9.3
    endloop
  endfacet
  facet normal -0 0 -1
    outer loop
      vertex 17.0005 -20.7421 9.3
      vertex 16.9121 -20.7449 9.3
      vertex 17.1873 -20.7178 9.3
    endloop
  endfacet
  facet normal -0 0 -1
    outer loop
      vertex 17.5303 -20.6731 9.3
      vertex 17.188 -20.7177 9.3
      vertex 17.6838 -20.6377 9.3
    endloop
  endfacet
  facet normal -0 0 -1
    outer loop
      vertex 17.7682 -20.6182 9.3
      vertex 17.684 -20.6377 9.3
      vertex 17.9496 -20.5571 9.3
    endloop
  endfacet
  facet normal -0 0 -1
    outer loop
      vertex 18.2807 -20.4455 9.3
      vertex 17.95 -20.557 9.3
      vertex 18.4212 -20.3823 9.3
    endloop
  endfacet
  facet normal -0 0 -1
    outer loop
      vertex 18.4987 -20.3475 9.3
      vertex 18.4214 -20.3822 9.3
      vertex 18.6668 -20.2511 9.3
    endloop
  endfacet
  facet normal -0 0 -1
    outer loop
      vertex 18.9723 -20.0759 9.3
      vertex 18.6669 -20.251 9.3
      vertex 19.0956 -19.9881 9.3
    endloop
  endfacet
  facet normal -0 0 -1
    outer loop
      vertex 19.1638 -19.9396 9.3
      vertex 19.0958 -19.988 9.3
      vertex 19.311 -19.8114 9.3
    endloop
  endfacet
  facet normal -0 0 -1
    outer loop
      vertex 19.5784 -19.5784 9.3
      vertex 19.3114 -19.811 9.3
      vertex 19.6808 -19.4699 9.3
    endloop
  endfacet
  facet normal -0 0 -1
    outer loop
      vertex 19.7374 -19.4099 9.3
      vertex 19.681 -19.4698 9.3
      vertex 19.8576 -19.2546 9.3
    endloop
  endfacet
  facet normal -0 0 -1
    outer loop
      vertex 20.0759 -18.9723 9.3
      vertex 19.8579 -19.2541 9.3
      vertex 20.154 -18.8478 9.3
    endloop
  endfacet
  facet normal -0 0 -1
    outer loop
      vertex 20.1971 -18.7791 9.3
      vertex 20.1541 -18.8477 9.3
      vertex 20.2852 -18.6024 9.3
    endloop
  endfacet
  facet normal -0 0 -1
    outer loop
      vertex 20.4455 -18.2807 9.3
      vertex 20.2855 -18.6017 9.3
      vertex 20.4969 -18.1461 9.3
    endloop
  endfacet
  facet normal 0 1 0
    outer loop
      vertex 19.7771 -17.75 26.8
      vertex 20.6137 -17.75 29.8
      vertex 20.6065 -17.75 26.8
    endloop
  endfacet
  facet normal 0 1 0
    outer loop
      vertex 20.6137 -17.75 29.8
      vertex 20.6132 -17.75 15.8028
      vertex 20.6065 -17.75 26.8
    endloop
  endfacet
  facet normal 0 1 -0
    outer loop
      vertex 20.6137 -17.75 9.3
      vertex 20.6132 -17.75 15.8028
      vertex 20.6137 -17.75 29.8
    endloop
  endfacet
  facet normal 0 1 0
    outer loop
      vertex 20.6132 -17.75 15.8028
      vertex 20.6137 -17.75 9.3
      vertex 20.6134 -17.75 9.3
    endloop
  endfacet
  facet normal 0 1 0
    outer loop
      vertex 20.6137 -17.75 29.8
      vertex 19.7771 -17.75 26.8
      vertex 16.75 -17.75 29.8
    endloop
  endfacet
  facet normal 0 1 -0
    outer loop
      vertex 19.1642 -17.75 26.2107
      vertex 16.75 -17.75 29.8
      vertex 19.7771 -17.75 26.8
    endloop
  endfacet
  facet normal 0 1 -0
    outer loop
      vertex 18.5236 -17.75 25.643
      vertex 16.75 -17.75 29.8
      vertex 19.1642 -17.75 26.2107
    endloop
  endfacet
  facet normal 0 1 0
    outer loop
      vertex 18.2466 -17.75 23.5975
      vertex 18.5236 -17.75 25.643
      vertex 18.5236 -17.75 23.843
    endloop
  endfacet
  facet normal 0 1 0
    outer loop
      vertex 17.8869 -17.75 23.3181
      vertex 18.5236 -17.75 25.643
      vertex 18.2466 -17.75 23.5975
    endloop
  endfacet
  facet normal 0 1 0
    outer loop
      vertex 18.5236 -17.75 25.643
      vertex 17.8869 -17.75 23.3181
      vertex 16.75 -17.75 22.95
    endloop
  endfacet
  facet normal 0 1 0
    outer loop
      vertex 16.75 -17.75 22.95
      vertex 17.8869 -17.75 23.3181
      vertex 17.75 -17.75 23.2118
    endloop
  endfacet
  facet normal 0 1 0
    outer loop
      vertex 16.75 -17.75 22.95
      vertex 17.75 -17.75 23.2118
      vertex 17.6531 -17.75 23.15
    endloop
  endfacet
  facet normal 0 1 0
    outer loop
      vertex 16.75 -17.75 22.95
      vertex 17.6531 -17.75 23.15
      vertex 17.6531 -17.75 22.95
    endloop
  endfacet
  facet normal 0 1 0
    outer loop
      vertex 18.5236 -17.75 25.643
      vertex 16.75 -17.75 22.95
      vertex 16.75 -17.75 29.8
    endloop
  endfacet
  facet normal -0 0 1
    outer loop
      vertex 16.75 -16 36.8
      vertex 20.75 -16.75 36.8
      vertex 20.75 -16 36.8
    endloop
  endfacet
  facet normal 0 0 1
    outer loop
      vertex 20.75 -16.75 36.8
      vertex 16.75 -16 36.8
      vertex 16.75 -16.75 36.8
    endloop
  endfacet
  facet normal -0 0 1
    outer loop
      vertex 16.75 16.75 36.8
      vertex 20.75 16 36.8
      vertex 20.75 16.75 36.8
    endloop
  endfacet
  facet normal 0 0 1
    outer loop
      vertex 20.75 16 36.8
      vertex 16.75 16.75 36.8
      vertex 16.75 16 36.8
    endloop
  endfacet
  facet normal -0 0 1
    outer loop
      vertex 16.75 -13.4583 36.8
      vertex 20.75 -14.5 36.8
      vertex 20.75 -13.4583 36.8
    endloop
  endfacet
  facet normal 0 0 1
    outer loop
      vertex 20.75 -14.5 36.8
      vertex 16.75 -13.4583 36.8
      vertex 16.75 -14.5 36.8
    endloop
  endfacet
  facet normal -0 0 1
    outer loop
      vertex 16.75 -10.9167 36.8
      vertex 20.75 -11.9583 36.8
      vertex 20.75 -10.9167 36.8
    endloop
  endfacet
  facet normal 0 0 1
    outer loop
      vertex 20.75 -11.9583 36.8
      vertex 16.75 -10.9167 36.8
      vertex 16.75 -11.9583 36.8
    endloop
  endfacet
  facet normal -0 0 1
    outer loop
      vertex 16.75 -8.375 36.8
      vertex 20.75 -9.41667 36.8
      vertex 20.75 -8.375 36.8
    endloop
  endfacet
  facet normal 0 0 1
    outer loop
      vertex 20.75 -9.41667 36.8
      vertex 16.75 -8.375 36.8
      vertex 16.75 -9.41667 36.8
    endloop
  endfacet
  facet normal -0 0 1
    outer loop
      vertex 16.75 -5.83333 36.8
      vertex 20.75 -6.875 36.8
      vertex 20.75 -5.83333 36.8
    endloop
  endfacet
  facet normal 0 0 1
    outer loop
      vertex 20.75 -6.875 36.8
      vertex 16.75 -5.83333 36.8
      vertex 16.75 -6.875 36.8
    endloop
  endfacet
  facet normal -0 0 1
    outer loop
      vertex 16.75 -3.29167 36.8
      vertex 20.75 -4.33333 36.8
      vertex 20.75 -3.29167 36.8
    endloop
  endfacet
  facet normal 0 0 1
    outer loop
      vertex 20.75 -4.33333 36.8
      vertex 16.75 -3.29167 36.8
      vertex 16.75 -4.33333 36.8
    endloop
  endfacet
  facet normal -0 0 1
    outer loop
      vertex 16.75 -0.75 36.8
      vertex 20.75 -1.79167 36.8
      vertex 20.75 -0.75 36.8
    endloop
  endfacet
  facet normal 0 0 1
    outer loop
      vertex 20.75 -1.79167 36.8
      vertex 16.75 -0.75 36.8
      vertex 16.75 -1.79167 36.8
    endloop
  endfacet
  facet normal -0 0 1
    outer loop
      vertex 16.75 1.79167 36.8
      vertex 20.75 0.75 36.8
      vertex 20.75 1.79167 36.8
    endloop
  endfacet
  facet normal 0 0 1
    outer loop
      vertex 20.75 0.75 36.8
      vertex 16.75 1.79167 36.8
      vertex 16.75 0.75 36.8
    endloop
  endfacet
  facet normal -0 0 1
    outer loop
      vertex 16.75 4.33333 36.8
      vertex 20.75 3.29167 36.8
      vertex 20.75 4.33333 36.8
    endloop
  endfacet
  facet normal 0 0 1
    outer loop
      vertex 20.75 3.29167 36.8
      vertex 16.75 4.33333 36.8
      vertex 16.75 3.29167 36.8
    endloop
  endfacet
  facet normal -0 0 1
    outer loop
      vertex 16.75 6.875 36.8
      vertex 20.75 5.83333 36.8
      vertex 20.75 6.875 36.8
    endloop
  endfacet
  facet normal 0 0 1
    outer loop
      vertex 20.75 5.83333 36.8
      vertex 16.75 6.875 36.8
      vertex 16.75 5.83333 36.8
    endloop
  endfacet
  facet normal -0 0 1
    outer loop
      vertex 16.75 9.41667 36.8
      vertex 20.75 8.375 36.8
      vertex 20.75 9.41667 36.8
    endloop
  endfacet
  facet normal 0 0 1
    outer loop
      vertex 20.75 8.375 36.8
      vertex 16.75 9.41667 36.8
      vertex 16.75 8.375 36.8
    endloop
  endfacet
  facet normal -0 0 1
    outer loop
      vertex 16.75 11.9583 36.8
      vertex 20.75 10.9167 36.8
      vertex 20.75 11.9583 36.8
    endloop
  endfacet
  facet normal 0 0 1
    outer loop
      vertex 20.75 10.9167 36.8
      vertex 16.75 11.9583 36.8
      vertex 16.75 10.9167 36.8
    endloop
  endfacet
  facet normal -0 0 1
    outer loop
      vertex 16.75 14.5 36.8
      vertex 20.75 13.4583 36.8
      vertex 20.75 14.5 36.8
    endloop
  endfacet
  facet normal 0 0 1
    outer loop
      vertex 20.75 13.4583 36.8
      vertex 16.75 14.5 36.8
      vertex 16.75 13.4583 36.8
    endloop
  endfacet
  facet normal 0 -0.707107 0.707107
    outer loop
      vertex 16.75 -16.75 36.8
      vertex 20.7421 -17.0005 36.5495
      vertex 20.75 -16.75 36.8
    endloop
  endfacet
  facet normal -8.30623e-06 -0.707173 0.707041
    outer loop
      vertex 16.75 -16.75 36.8
      vertex 20.6731 -17.5303 36.0196
      vertex 20.7421 -17.0005 36.5495
    endloop
  endfacet
  facet normal 0.00106173 -0.704478 0.709725
    outer loop
      vertex 16.75 -16.75 36.8
      vertex 20.6705 -17.5433 36.0067
      vertex 20.6731 -17.5303 36.0196
    endloop
  endfacet
  facet normal -1.50719e-15 -0.707107 0.707107
    outer loop
      vertex 16.75 -16.75 36.8
      vertex 20.5252 -18.0719 35.4781
      vertex 20.6705 -17.5433 36.0067
    endloop
  endfacet
  facet normal 3.86542e-15 -0.707107 0.707107
    outer loop
      vertex 16.75 -16.75 36.8
      vertex 20.4455 -18.2807 35.2693
      vertex 20.5252 -18.0719 35.4781
    endloop
  endfacet
  facet normal -2.2611e-15 -0.707107 0.707107
    outer loop
      vertex 16.75 -16.75 36.8
      vertex 20.1971 -18.7791 34.7709
      vertex 20.4455 -18.2807 35.2693
    endloop
  endfacet
  facet normal 5.50966e-15 -0.707107 0.707107
    outer loop
      vertex 16.75 -16.75 36.8
      vertex 20.0759 -18.9723 34.5777
      vertex 20.1971 -18.7791 34.7709
    endloop
  endfacet
  facet normal -3.12929e-15 -0.707107 0.707107
    outer loop
      vertex 16.75 -16.75 36.8
      vertex 19.7374 -19.4099 34.1401
      vertex 20.0759 -18.9723 34.5777
    endloop
  endfacet
  facet normal 7.45806e-15 -0.707107 0.707107
    outer loop
      vertex 16.75 -16.75 36.8
      vertex 19.5784 -19.5784 33.9716
      vertex 19.7374 -19.4099 34.1401
    endloop
  endfacet
  facet normal -3.4346e-15 -0.707107 0.707107
    outer loop
      vertex 16.75 -16.75 36.8
      vertex 19.1638 -19.9396 33.6104
      vertex 19.5784 -19.5784 33.9716
    endloop
  endfacet
  facet normal 8.01912e-15 -0.707107 0.707107
    outer loop
      vertex 16.75 -16.75 36.8
      vertex 18.9723 -20.0759 33.4741
      vertex 19.1638 -19.9396 33.6104
    endloop
  endfacet
  facet normal -5.76518e-16 -0.707107 0.707107
    outer loop
      vertex 16.75 -16.75 36.8
      vertex 18.4987 -20.3475 33.2025
      vertex 18.9723 -20.0759 33.4741
    endloop
  endfacet
  facet normal 0 -0.707107 0.707107
    outer loop
      vertex 16.75 -16.75 36.8
      vertex 18.2807 -20.4455 33.1045
      vertex 18.4987 -20.3475 33.2025
    endloop
  endfacet
  facet normal 4.07382e-15 -0.707107 0.707107
    outer loop
      vertex 16.75 -16.75 36.8
      vertex 17.7682 -20.6182 32.9318
      vertex 18.2807 -20.4455 33.1045
    endloop
  endfacet
  facet normal -1.02942e-14 -0.707107 0.707107
    outer loop
      vertex 16.75 -16.75 36.8
      vertex 17.5303 -20.6731 32.8769
      vertex 17.7682 -20.6182 32.9318
    endloop
  endfacet
  facet normal -4.71256e-15 -0.707107 0.707107
    outer loop
      vertex 16.75 -16.75 36.8
      vertex 17.0005 -20.7421 32.8079
      vertex 17.5303 -20.6731 32.8769
    endloop
  endfacet
  facet normal 0 -0.707107 0.707107
    outer loop
      vertex 17.0005 -20.7421 32.8079
      vertex 16.75 -16.75 36.8
      vertex 16.75 -20.75 32.8
    endloop
  endfacet
  facet normal 0 0.707107 -0.707107
    outer loop
      vertex 20.75 -16.75 30.8
      vertex 16.75 -13.75 33.8
      vertex 20.75 -13.75 33.8
    endloop
  endfacet
  facet normal -2.52706e-15 0.707107 -0.707107
    outer loop
      vertex 16.75 -17.75 29.8
      vertex 20.75 -16.75 30.8
      vertex 20.7421 -17.0005 30.5495
    endloop
  endfacet
  facet normal -2.56834e-05 0.707175 -0.707038
    outer loop
      vertex 16.75 -17.75 29.8
      vertex 20.7421 -17.0005 30.5495
      vertex 20.6731 -17.5303 30.0196
    endloop
  endfacet
  facet normal 0.0735581 0.695012 -0.715225
    outer loop
      vertex 20.6137 -17.75 29.8
      vertex 20.6731 -17.5303 30.0196
      vertex 20.6705 -17.5433 30.0067
    endloop
  endfacet
  facet normal 0 0.706946 -0.707268
    outer loop
      vertex 20.6731 -17.5303 30.0196
      vertex 20.6137 -17.75 29.8
      vertex 16.75 -17.75 29.8
    endloop
  endfacet
  facet normal 1.57009e-16 0.707107 -0.707107
    outer loop
      vertex 20.75 -16.75 30.8
      vertex 16.75 -17.75 29.8
      vertex 16.75 -13.75 33.8
    endloop
  endfacet
  facet normal 0 0 -1
    outer loop
      vertex 16.75 -13.75 33.8
      vertex 20.75 13.75 33.8
      vertex 20.75 -13.75 33.8
    endloop
  endfacet
  facet normal -0 0 -1
    outer loop
      vertex 20.75 13.75 33.8
      vertex 16.75 -13.75 33.8
      vertex 16.75 13.75 33.8
    endloop
  endfacet
  facet normal 0 0.707107 0.707107
    outer loop
      vertex 20.7421 17.0005 36.5495
      vertex 16.75 16.75 36.8
      vertex 20.75 16.75 36.8
    endloop
  endfacet
  facet normal -8.30623e-06 0.707173 0.707041
    outer loop
      vertex 20.6731 17.5303 36.0196
      vertex 16.75 16.75 36.8
      vertex 20.7421 17.0005 36.5495
    endloop
  endfacet
  facet normal 7.37718e-05 0.706967 0.707247
    outer loop
      vertex 20.6182 17.7682 35.7818
      vertex 16.75 16.75 36.8
      vertex 20.6731 17.5303 36.0196
    endloop
  endfacet
  facet normal 1.16395e-15 0.707107 0.707107
    outer loop
      vertex 20.4455 18.2807 35.2693
      vertex 16.75 16.75 36.8
      vertex 20.6182 17.7682 35.7818
    endloop
  endfacet
  facet normal -4.60039e-15 0.707107 0.707107
    outer loop
      vertex 20.3475 18.4987 35.0513
      vertex 16.75 16.75 36.8
      vertex 20.4455 18.2807 35.2693
    endloop
  endfacet
  facet normal 2.01781e-15 0.707107 0.707107
    outer loop
      vertex 20.0759 18.9723 34.5777
      vertex 16.75 16.75 36.8
      vertex 20.3475 18.4987 35.0513
    endloop
  endfacet
  facet normal -5.01195e-16 0.707107 0.707107
    outer loop
      vertex 19.9396 19.1638 34.3862
      vertex 16.75 16.75 36.8
      vertex 20.0759 18.9723 34.5777
    endloop
  endfacet
  facet normal -4.29325e-16 0.707107 0.707107
    outer loop
      vertex 19.5784 19.5784 33.9716
      vertex 16.75 16.75 36.8
      vertex 19.9396 19.1638 34.3862
    endloop
  endfacet
  facet normal 7.24618e-15 0.707107 0.707107
    outer loop
      vertex 19.4099 19.7374 33.8126
      vertex 16.75 16.75 36.8
      vertex 19.5784 19.5784 33.9716
    endloop
  endfacet
  facet normal -4.12497e-15 0.707107 0.707107
    outer loop
      vertex 18.9723 20.0759 33.4741
      vertex 16.75 16.75 36.8
      vertex 19.4099 19.7374 33.8126
    endloop
  endfacet
  facet normal -9.46973e-15 0.707107 0.707107
    outer loop
      vertex 18.7791 20.1971 33.3529
      vertex 16.75 16.75 36.8
      vertex 18.9723 20.0759 33.4741
    endloop
  endfacet
  facet normal 3.88626e-15 0.707107 0.707107
    outer loop
      vertex 18.2807 20.4455 33.1045
      vertex 16.75 16.75 36.8
      vertex 18.7791 20.1971 33.3529
    endloop
  endfacet
  facet normal -2.63551e-16 0.707107 0.707107
    outer loop
      vertex 18.0719 20.5252 33.0248
      vertex 16.75 16.75 36.8
      vertex 18.2807 20.4455 33.1045
    endloop
  endfacet
  facet normal -1.43542e-16 0.707107 0.707107
    outer loop
      vertex 17.5433 20.6705 32.8795
      vertex 16.75 16.75 36.8
      vertex 18.0719 20.5252 33.0248
    endloop
  endfacet
  facet normal -1.38788e-16 0.707107 0.707107
    outer loop
      vertex 17.5303 20.6731 32.8769
      vertex 16.75 16.75 36.8
      vertex 17.5433 20.6705 32.8795
    endloop
  endfacet
  facet normal -4.71256e-15 0.707107 0.707107
    outer loop
      vertex 17.0005 20.7421 32.8079
      vertex 16.75 16.75 36.8
      vertex 17.5303 20.6731 32.8769
    endloop
  endfacet
  facet normal 0 0.707107 0.707107
    outer loop
      vertex 16.75 16.75 36.8
      vertex 17.0005 20.7421 32.8079
      vertex 16.75 20.75 32.8
    endloop
  endfacet
  facet normal 0 -0.707107 -0.707107
    outer loop
      vertex 16.75 13.75 33.8
      vertex 20.75 16.75 30.8
      vertex 20.75 13.75 33.8
    endloop
  endfacet
  facet normal 1.57009e-16 -0.707107 -0.707107
    outer loop
      vertex 16.75 17.75 29.8
      vertex 20.75 16.75 30.8
      vertex 16.75 13.75 33.8
    endloop
  endfacet
  facet normal -2.52706e-15 -0.707107 -0.707107
    outer loop
      vertex 20.75 16.75 30.8
      vertex 16.75 17.75 29.8
      vertex 20.7421 17.0005 30.5495
    endloop
  endfacet
  facet normal -2.56834e-05 -0.707175 -0.707038
    outer loop
      vertex 20.7421 17.0005 30.5495
      vertex 16.75 17.75 29.8
      vertex 20.6731 17.5303 30.0196
    endloop
  endfacet
  facet normal 0 -0.706946 -0.707268
    outer loop
      vertex 20.6731 17.5303 30.0196
      vertex 16.75 17.75 29.8
      vertex 20.6224 17.75 29.8
    endloop
  endfacet
  facet normal 0 -1 0
    outer loop
      vertex 16.75 17.75 29.8
      vertex 19.7771 17.75 26.8
      vertex 20.6224 17.75 29.8
    endloop
  endfacet
  facet normal 0 -1 0
    outer loop
      vertex 16.75 17.75 29.8
      vertex 19.4487 17.75 26.4843
      vertex 19.7771 17.75 26.8
    endloop
  endfacet
  facet normal 0 -1 0
    outer loop
      vertex 16.75 17.75 29.8
      vertex 19.1642 17.75 26.2107
      vertex 19.4487 17.75 26.4843
    endloop
  endfacet
  facet normal 0 -1 0
    outer loop
      vertex 16.75 17.75 29.8
      vertex 18.8083 17.75 25.8952
      vertex 19.1642 17.75 26.2107
    endloop
  endfacet
  facet normal 0 -1 0
    outer loop
      vertex 16.75 17.75 29.8
      vertex 18.5236 17.75 25.643
      vertex 18.8083 17.75 25.8952
    endloop
  endfacet
  facet normal 0 -1 0
    outer loop
      vertex 16.75 17.75 22.95
      vertex 18.5236 17.75 25.643
      vertex 16.75 17.75 29.8
    endloop
  endfacet
  facet normal 0 -1 -0
    outer loop
      vertex 18.5236 17.75 25.643
      vertex 18.3513 17.75 23.6903
      vertex 18.5236 17.75 23.843
    endloop
  endfacet
  facet normal -0 -1 0
    outer loop
      vertex 17.9896 17.75 23.3979
      vertex 18.5236 17.75 25.643
      vertex 16.75 17.75 22.95
    endloop
  endfacet
  facet normal 0 -1 0
    outer loop
      vertex 18.5236 17.75 25.643
      vertex 18.2466 17.75 23.5975
      vertex 18.3513 17.75 23.6903
    endloop
  endfacet
  facet normal 0 -1 0
    outer loop
      vertex 18.5236 17.75 25.643
      vertex 17.9896 17.75 23.3979
      vertex 18.2466 17.75 23.5975
    endloop
  endfacet
  facet normal 0 -1 0
    outer loop
      vertex 17.9896 17.75 23.3979
      vertex 16.75 17.75 22.95
      vertex 17.75 17.75 23.2118
    endloop
  endfacet
  facet normal 0 -1 0
    outer loop
      vertex 17.75 17.75 23.2118
      vertex 16.75 17.75 22.95
      vertex 17.7169 17.75 23.1907
    endloop
  endfacet
  facet normal 0 -1 0
    outer loop
      vertex 17.7169 17.75 23.1907
      vertex 16.75 17.75 22.95
      vertex 17.6531 17.75 23.15
    endloop
  endfacet
  facet normal 0 -1 -0
    outer loop
      vertex 17.6531 17.75 23.15
      vertex 16.75 17.75 22.95
      vertex 17.6531 17.75 22.95
    endloop
  endfacet
  facet normal 0 -1 0
    outer loop
      vertex 20.6065 17.75 26.8
      vertex 20.6224 17.75 29.8
      vertex 19.7771 17.75 26.8
    endloop
  endfacet
  facet normal 0 -1 0
    outer loop
      vertex 20.6224 17.75 9.3
      vertex 20.6065 17.75 26.8
      vertex 20.6176 17.75 9.3
    endloop
  endfacet
  facet normal 0 -1 0
    outer loop
      vertex 20.6065 17.75 26.8
      vertex 20.6224 17.75 9.3
      vertex 20.6224 17.75 29.8
    endloop
  endfacet
  facet normal 0 0 -1
    outer loop
      vertex 20.6176 17.75 9.3
      vertex 20.6182 17.7682 9.3
      vertex 20.6224 17.75 9.3
    endloop
  endfacet
  facet normal -0 0 -1
    outer loop
      vertex 20.6182 17.7682 9.3
      vertex 20.6176 17.75 9.3
      vertex 20.5571 17.9496 9.3
    endloop
  endfacet
  facet normal 0 0 -1
    outer loop
      vertex 17.1873 20.7178 9.3
      vertex 16.9121 20.7449 9.3
      vertex 17.0005 20.7421 9.3
    endloop
  endfacet
  facet normal 0 0 -1
    outer loop
      vertex 17.5386 20.6715 9.3
      vertex 17.1943 20.7169 9.3
      vertex 17.5303 20.6731 9.3
    endloop
  endfacet
  facet normal 0 0 -1
    outer loop
      vertex 17.8799 20.5777 9.3
      vertex 18.0719 20.5252 9.3
      vertex 18.1458 20.497 9.3
    endloop
  endfacet
  facet normal 0 0 -1
    outer loop
      vertex 17.8799 20.5777 9.3
      vertex 17.5433 20.6705 9.3
      vertex 18.0719 20.5252 9.3
    endloop
  endfacet
  facet normal -0 -0 -1
    outer loop
      vertex 17.5433 20.6705 9.3
      vertex 17.8799 20.5777 9.3
      vertex 17.5388 20.6714 9.3
    endloop
  endfacet
  facet normal 0 0 -1
    outer loop
      vertex 18.6017 20.2855 9.3
      vertex 18.1461 20.4969 9.3
      vertex 18.2807 20.4455 9.3
    endloop
  endfacet
  facet normal 0 0 -1
    outer loop
      vertex 18.8477 20.1541 9.3
      vertex 18.6024 20.2852 9.3
      vertex 18.7791 20.1971 9.3
    endloop
  endfacet
  facet normal 0 0 -1
    outer loop
      vertex 19.2542 19.8578 9.3
      vertex 18.8478 20.154 9.3
      vertex 18.9723 20.0759 9.3
    endloop
  endfacet
  facet normal 0 0 -1
    outer loop
      vertex 19.4698 19.6809 9.3
      vertex 19.2544 19.8577 9.3
      vertex 19.4099 19.7374 9.3
    endloop
  endfacet
  facet normal 0 0 -1
    outer loop
      vertex 19.811 19.3114 9.3
      vertex 19.4699 19.6809 9.3
      vertex 19.5784 19.5784 9.3
    endloop
  endfacet
  facet normal 0 0 -1
    outer loop
      vertex 19.988 19.0958 9.3
      vertex 19.8114 19.311 9.3
      vertex 19.9396 19.1638 9.3
    endloop
  endfacet
  facet normal 0 0 -1
    outer loop
      vertex 20.251 18.6669 9.3
      vertex 19.9881 19.0956 9.3
      vertex 20.0759 18.9723 9.3
    endloop
  endfacet
  facet normal 0 0 -1
    outer loop
      vertex 20.3822 18.4214 9.3
      vertex 20.2511 18.6668 9.3
      vertex 20.3475 18.4987 9.3
    endloop
  endfacet
  facet normal 0 0 -1
    outer loop
      vertex 20.557 17.95 9.3
      vertex 20.3823 18.4212 9.3
      vertex 20.4455 18.2807 9.3
    endloop
  endfacet
  facet normal 0 0.980777 0.19513
    outer loop
      vertex 20.75 -15.9429 36.513
      vertex 16.75 -16 36.8
      vertex 20.75 -16 36.8
    endloop
  endfacet
  facet normal 0 0.980777 0.19513
    outer loop
      vertex 16.75 -16 36.8
      vertex 20.75 -15.9429 36.513
      vertex 16.75 -15.9429 36.513
    endloop
  endfacet
  facet normal 0 -0.831419 0.555646
    outer loop
      vertex 16.75 -14.7197 36.2697
      vertex 20.75 -14.5571 36.513
      vertex 16.75 -14.5571 36.513
    endloop
  endfacet
  facet normal 0 -0.831419 0.555646
    outer loop
      vertex 20.75 -14.5571 36.513
      vertex 16.75 -14.7197 36.2697
      vertex 20.75 -14.7197 36.2697
    endloop
  endfacet
  facet normal 0 -0.19513 0.980777
    outer loop
      vertex 16.75 -14.963 36.1071
      vertex 20.75 -15.25 36.05
      vertex 20.75 -14.963 36.1071
    endloop
  endfacet
  facet normal 0 -0.19513 0.980777
    outer loop
      vertex 20.75 -15.25 36.05
      vertex 16.75 -14.963 36.1071
      vertex 16.75 -15.25 36.05
    endloop
  endfacet
  facet normal 0 -0.555646 0.831419
    outer loop
      vertex 16.75 -14.7197 36.2697
      vertex 20.75 -14.963 36.1071
      vertex 20.75 -14.7197 36.2697
    endloop
  endfacet
  facet normal 0 -0.555646 0.831419
    outer loop
      vertex 20.75 -14.963 36.1071
      vertex 16.75 -14.7197 36.2697
      vertex 16.75 -14.963 36.1071
    endloop
  endfacet
  facet normal 0 -0.980777 0.19513
    outer loop
      vertex 16.75 -14.5571 36.513
      vertex 20.75 -14.5 36.8
      vertex 16.75 -14.5 36.8
    endloop
  endfacet
  facet normal 0 -0.980777 0.19513
    outer loop
      vertex 20.75 -14.5 36.8
      vertex 16.75 -14.5571 36.513
      vertex 20.75 -14.5571 36.513
    endloop
  endfacet
  facet normal 0 0.831419 0.555646
    outer loop
      vertex 20.75 -15.7803 36.2697
      vertex 16.75 -15.9429 36.513
      vertex 20.75 -15.9429 36.513
    endloop
  endfacet
  facet normal 0 0.831419 0.555646
    outer loop
      vertex 16.75 -15.9429 36.513
      vertex 20.75 -15.7803 36.2697
      vertex 16.75 -15.7803 36.2697
    endloop
  endfacet
  facet normal -0 0.555646 0.831419
    outer loop
      vertex 16.75 -15.537 36.1071
      vertex 20.75 -15.7803 36.2697
      vertex 20.75 -15.537 36.1071
    endloop
  endfacet
  facet normal 0 0.555646 0.831419
    outer loop
      vertex 20.75 -15.7803 36.2697
      vertex 16.75 -15.537 36.1071
      vertex 16.75 -15.7803 36.2697
    endloop
  endfacet
  facet normal -0 0.19513 0.980777
    outer loop
      vertex 16.75 -15.25 36.05
      vertex 20.75 -15.537 36.1071
      vertex 20.75 -15.25 36.05
    endloop
  endfacet
  facet normal 0 0.19513 0.980777
    outer loop
      vertex 20.75 -15.537 36.1071
      vertex 16.75 -15.25 36.05
      vertex 16.75 -15.537 36.1071
    endloop
  endfacet
  facet normal 0 0.980777 0.19513
    outer loop
      vertex 20.75 -13.4012 36.513
      vertex 16.75 -13.4583 36.8
      vertex 20.75 -13.4583 36.8
    endloop
  endfacet
  facet normal 0 0.980777 0.19513
    outer loop
      vertex 16.75 -13.4583 36.8
      vertex 20.75 -13.4012 36.513
      vertex 16.75 -13.4012 36.513
    endloop
  endfacet
  facet normal 0 -0.831419 0.555646
    outer loop
      vertex 16.75 -12.178 36.2697
      vertex 20.75 -12.0154 36.513
      vertex 16.75 -12.0154 36.513
    endloop
  endfacet
  facet normal 0 -0.831419 0.555646
    outer loop
      vertex 20.75 -12.0154 36.513
      vertex 16.75 -12.178 36.2697
      vertex 20.75 -12.178 36.2697
    endloop
  endfacet
  facet normal 0 -0.19513 0.980777
    outer loop
      vertex 16.75 -12.4213 36.1071
      vertex 20.75 -12.7083 36.05
      vertex 20.75 -12.4213 36.1071
    endloop
  endfacet
  facet normal 0 -0.19513 0.980777
    outer loop
      vertex 20.75 -12.7083 36.05
      vertex 16.75 -12.4213 36.1071
      vertex 16.75 -12.7083 36.05
    endloop
  endfacet
  facet normal 0 -0.555646 0.831419
    outer loop
      vertex 16.75 -12.178 36.2697
      vertex 20.75 -12.4213 36.1071
      vertex 20.75 -12.178 36.2697
    endloop
  endfacet
  facet normal 0 -0.555646 0.831419
    outer loop
      vertex 20.75 -12.4213 36.1071
      vertex 16.75 -12.178 36.2697
      vertex 16.75 -12.4213 36.1071
    endloop
  endfacet
  facet normal 0 -0.980777 0.19513
    outer loop
      vertex 16.75 -12.0154 36.513
      vertex 20.75 -11.9583 36.8
      vertex 16.75 -11.9583 36.8
    endloop
  endfacet
  facet normal 0 -0.980777 0.19513
    outer loop
      vertex 20.75 -11.9583 36.8
      vertex 16.75 -12.0154 36.513
      vertex 20.75 -12.0154 36.513
    endloop
  endfacet
  facet normal 0 0.831577 0.55541
    outer loop
      vertex 20.75 -13.2387 36.2697
      vertex 16.75 -13.4012 36.513
      vertex 20.75 -13.4012 36.513
    endloop
  endfacet
  facet normal 0 0.831577 0.55541
    outer loop
      vertex 16.75 -13.4012 36.513
      vertex 20.75 -13.2387 36.2697
      vertex 16.75 -13.2387 36.2697
    endloop
  endfacet
  facet normal -0 0.555488 0.831524
    outer loop
      vertex 16.75 -12.9953 36.1071
      vertex 20.75 -13.2387 36.2697
      vertex 20.75 -12.9953 36.1071
    endloop
  endfacet
  facet normal 0 0.555488 0.831524
    outer loop
      vertex 20.75 -13.2387 36.2697
      vertex 16.75 -12.9953 36.1071
      vertex 16.75 -13.2387 36.2697
    endloop
  endfacet
  facet normal -0 0.19513 0.980777
    outer loop
      vertex 16.75 -12.7083 36.05
      vertex 20.75 -12.9953 36.1071
      vertex 20.75 -12.7083 36.05
    endloop
  endfacet
  facet normal 0 0.19513 0.980777
    outer loop
      vertex 20.75 -12.9953 36.1071
      vertex 16.75 -12.7083 36.05
      vertex 16.75 -12.9953 36.1071
    endloop
  endfacet
  facet normal 0 0.980777 0.19513
    outer loop
      vertex 20.75 -10.8596 36.513
      vertex 16.75 -10.9167 36.8
      vertex 20.75 -10.9167 36.8
    endloop
  endfacet
  facet normal 0 0.980777 0.19513
    outer loop
      vertex 16.75 -10.9167 36.8
      vertex 20.75 -10.8596 36.513
      vertex 16.75 -10.8596 36.513
    endloop
  endfacet
  facet normal 0 -0.55563 0.831429
    outer loop
      vertex 16.75 -9.63634 36.2697
      vertex 20.75 -9.87965 36.1071
      vertex 20.75 -9.63634 36.2697
    endloop
  endfacet
  facet normal 0 -0.55563 0.831429
    outer loop
      vertex 20.75 -9.87965 36.1071
      vertex 16.75 -9.63634 36.2697
      vertex 16.75 -9.87965 36.1071
    endloop
  endfacet
  facet normal 0 -0.195098 0.980784
    outer loop
      vertex 16.75 -9.87965 36.1071
      vertex 20.75 -10.1667 36.05
      vertex 20.75 -9.87965 36.1071
    endloop
  endfacet
  facet normal 0 -0.195098 0.980784
    outer loop
      vertex 20.75 -10.1667 36.05
      vertex 16.75 -9.87965 36.1071
      vertex 16.75 -10.1667 36.05
    endloop
  endfacet
  facet normal 0 -0.83145 0.555599
    outer loop
      vertex 16.75 -9.63634 36.2697
      vertex 20.75 -9.47376 36.513
      vertex 16.75 -9.47376 36.513
    endloop
  endfacet
  facet normal 0 -0.83145 0.555599
    outer loop
      vertex 20.75 -9.47376 36.513
      vertex 16.75 -9.63634 36.2697
      vertex 20.75 -9.63634 36.2697
    endloop
  endfacet
  facet normal -0 0.19513 0.980777
    outer loop
      vertex 16.75 -10.1667 36.05
      vertex 20.75 -10.4537 36.1071
      vertex 20.75 -10.1667 36.05
    endloop
  endfacet
  facet normal 0 0.19513 0.980777
    outer loop
      vertex 20.75 -10.4537 36.1071
      vertex 16.75 -10.1667 36.05
      vertex 16.75 -10.4537 36.1071
    endloop
  endfacet
  facet normal 0 -0.980784 0.195097
    outer loop
      vertex 16.75 -9.47376 36.513
      vertex 20.75 -9.41667 36.8
      vertex 16.75 -9.41667 36.8
    endloop
  endfacet
  facet normal 0 -0.980784 0.195097
    outer loop
      vertex 20.75 -9.41667 36.8
      vertex 16.75 -9.47376 36.513
      vertex 20.75 -9.47376 36.513
    endloop
  endfacet
  facet normal 0 0.831419 0.555646
    outer loop
      vertex 20.75 -10.697 36.2697
      vertex 16.75 -10.8596 36.513
      vertex 20.75 -10.8596 36.513
    endloop
  endfacet
  facet normal 0 0.831419 0.555646
    outer loop
      vertex 16.75 -10.8596 36.513
      vertex 20.75 -10.697 36.2697
      vertex 16.75 -10.697 36.2697
    endloop
  endfacet
  facet normal -0 0.555646 0.831419
    outer loop
      vertex 16.75 -10.4537 36.1071
      vertex 20.75 -10.697 36.2697
      vertex 20.75 -10.4537 36.1071
    endloop
  endfacet
  facet normal 0 0.555646 0.831419
    outer loop
      vertex 20.75 -10.697 36.2697
      vertex 16.75 -10.4537 36.1071
      vertex 16.75 -10.697 36.2697
    endloop
  endfacet
  facet normal 0 -0.555615 0.83144
    outer loop
      vertex 16.75 -7.09467 36.2697
      vertex 20.75 -7.33799 36.1071
      vertex 20.75 -7.09467 36.2697
    endloop
  endfacet
  facet normal 0 -0.555615 0.83144
    outer loop
      vertex 20.75 -7.33799 36.1071
      vertex 16.75 -7.09467 36.2697
      vertex 16.75 -7.33799 36.1071
    endloop
  endfacet
  facet normal 0 -0.195124 0.980779
    outer loop
      vertex 16.75 -7.33799 36.1071
      vertex 20.75 -7.625 36.05
      vertex 20.75 -7.33799 36.1071
    endloop
  endfacet
  facet normal 0 -0.195124 0.980779
    outer loop
      vertex 20.75 -7.625 36.05
      vertex 16.75 -7.33799 36.1071
      vertex 16.75 -7.625 36.05
    endloop
  endfacet
  facet normal 0 -0.83145 0.555599
    outer loop
      vertex 16.75 -7.09467 36.2697
      vertex 20.75 -6.93209 36.513
      vertex 16.75 -6.93209 36.513
    endloop
  endfacet
  facet normal 0 -0.83145 0.555599
    outer loop
      vertex 20.75 -6.93209 36.513
      vertex 16.75 -7.09467 36.2697
      vertex 20.75 -7.09467 36.2697
    endloop
  endfacet
  facet normal 0 -0.980784 0.195097
    outer loop
      vertex 16.75 -6.93209 36.513
      vertex 20.75 -6.875 36.8
      vertex 16.75 -6.875 36.8
    endloop
  endfacet
  facet normal 0 -0.980784 0.195097
    outer loop
      vertex 20.75 -6.875 36.8
      vertex 16.75 -6.93209 36.513
      vertex 20.75 -6.93209 36.513
    endloop
  endfacet
  facet normal 0 0.83145 0.555599
    outer loop
      vertex 20.75 -8.15533 36.2697
      vertex 16.75 -8.31791 36.513
      vertex 20.75 -8.31791 36.513
    endloop
  endfacet
  facet normal 0 0.83145 0.555599
    outer loop
      vertex 16.75 -8.31791 36.513
      vertex 20.75 -8.15533 36.2697
      vertex 16.75 -8.15533 36.2697
    endloop
  endfacet
  facet normal 0 0.980784 0.195097
    outer loop
      vertex 20.75 -8.31791 36.513
      vertex 16.75 -8.375 36.8
      vertex 20.75 -8.375 36.8
    endloop
  endfacet
  facet normal 0 0.980784 0.195097
    outer loop
      vertex 16.75 -8.375 36.8
      vertex 20.75 -8.31791 36.513
      vertex 16.75 -8.31791 36.513
    endloop
  endfacet
  facet normal -0 0.555615 0.83144
    outer loop
      vertex 16.75 -7.91201 36.1071
      vertex 20.75 -8.15533 36.2697
      vertex 20.75 -7.91201 36.1071
    endloop
  endfacet
  facet normal 0 0.555615 0.83144
    outer loop
      vertex 20.75 -8.15533 36.2697
      vertex 16.75 -7.91201 36.1071
      vertex 16.75 -8.15533 36.2697
    endloop
  endfacet
  facet normal -0 0.195124 0.980779
    outer loop
      vertex 16.75 -7.625 36.05
      vertex 20.75 -7.91201 36.1071
      vertex 20.75 -7.625 36.05
    endloop
  endfacet
  facet normal 0 0.195124 0.980779
    outer loop
      vertex 20.75 -7.91201 36.1071
      vertex 16.75 -7.625 36.05
      vertex 16.75 -7.91201 36.1071
    endloop
  endfacet
  facet normal 0 0.980784 0.195097
    outer loop
      vertex 20.75 -5.77624 36.513
      vertex 16.75 -5.83333 36.8
      vertex 20.75 -5.83333 36.8
    endloop
  endfacet
  facet normal 0 0.980784 0.195097
    outer loop
      vertex 16.75 -5.83333 36.8
      vertex 20.75 -5.77624 36.513
      vertex 16.75 -5.77624 36.513
    endloop
  endfacet
  facet normal 0 -0.83145 0.555599
    outer loop
      vertex 16.75 -4.553 36.2697
      vertex 20.75 -4.39042 36.513
      vertex 16.75 -4.39042 36.513
    endloop
  endfacet
  facet normal 0 -0.83145 0.555599
    outer loop
      vertex 20.75 -4.39042 36.513
      vertex 16.75 -4.553 36.2697
      vertex 20.75 -4.553 36.2697
    endloop
  endfacet
  facet normal 0 -0.195124 0.980779
    outer loop
      vertex 16.75 -4.79632 36.1071
      vertex 20.75 -5.08333 36.05
      vertex 20.75 -4.79632 36.1071
    endloop
  endfacet
  facet normal 0 -0.195124 0.980779
    outer loop
      vertex 20.75 -5.08333 36.05
      vertex 16.75 -4.79632 36.1071
      vertex 16.75 -5.08333 36.05
    endloop
  endfacet
  facet normal 0 -0.555615 0.83144
    outer loop
      vertex 16.75 -4.553 36.2697
      vertex 20.75 -4.79632 36.1071
      vertex 20.75 -4.553 36.2697
    endloop
  endfacet
  facet normal 0 -0.555615 0.83144
    outer loop
      vertex 20.75 -4.79632 36.1071
      vertex 16.75 -4.553 36.2697
      vertex 16.75 -4.79632 36.1071
    endloop
  endfacet
  facet normal 0 -0.980784 0.195097
    outer loop
      vertex 16.75 -4.39042 36.513
      vertex 20.75 -4.33333 36.8
      vertex 16.75 -4.33333 36.8
    endloop
  endfacet
  facet normal 0 -0.980784 0.195097
    outer loop
      vertex 20.75 -4.33333 36.8
      vertex 16.75 -4.39042 36.513
      vertex 20.75 -4.39042 36.513
    endloop
  endfacet
  facet normal 0 0.83145 0.555599
    outer loop
      vertex 20.75 -5.61366 36.2697
      vertex 16.75 -5.77624 36.513
      vertex 20.75 -5.77624 36.513
    endloop
  endfacet
  facet normal 0 0.83145 0.555599
    outer loop
      vertex 16.75 -5.77624 36.513
      vertex 20.75 -5.61366 36.2697
      vertex 16.75 -5.61366 36.2697
    endloop
  endfacet
  facet normal -0 0.55563 0.831429
    outer loop
      vertex 16.75 -5.37035 36.1071
      vertex 20.75 -5.61366 36.2697
      vertex 20.75 -5.37035 36.1071
    endloop
  endfacet
  facet normal 0 0.55563 0.831429
    outer loop
      vertex 20.75 -5.61366 36.2697
      vertex 16.75 -5.37035 36.1071
      vertex 16.75 -5.61366 36.2697
    endloop
  endfacet
  facet normal -0 0.195117 0.98078
    outer loop
      vertex 16.75 -5.08333 36.05
      vertex 20.75 -5.37035 36.1071
      vertex 20.75 -5.08333 36.05
    endloop
  endfacet
  facet normal 0 0.195117 0.98078
    outer loop
      vertex 20.75 -5.37035 36.1071
      vertex 16.75 -5.08333 36.05
      vertex 16.75 -5.37035 36.1071
    endloop
  endfacet
  facet normal 0 0.980784 0.195097
    outer loop
      vertex 20.75 -3.23458 36.513
      vertex 16.75 -3.29167 36.8
      vertex 20.75 -3.29167 36.8
    endloop
  endfacet
  facet normal 0 0.980784 0.195097
    outer loop
      vertex 16.75 -3.29167 36.8
      vertex 20.75 -3.23458 36.513
      vertex 16.75 -3.23458 36.513
    endloop
  endfacet
  facet normal 0 -0.55563 0.831429
    outer loop
      vertex 16.75 -2.01134 36.2697
      vertex 20.75 -2.25465 36.1071
      vertex 20.75 -2.01134 36.2697
    endloop
  endfacet
  facet normal 0 -0.55563 0.831429
    outer loop
      vertex 20.75 -2.25465 36.1071
      vertex 16.75 -2.01134 36.2697
      vertex 16.75 -2.25465 36.1071
    endloop
  endfacet
  facet normal 0 -0.195117 0.98078
    outer loop
      vertex 16.75 -2.25465 36.1071
      vertex 20.75 -2.54167 36.05
      vertex 20.75 -2.25465 36.1071
    endloop
  endfacet
  facet normal 0 -0.195117 0.98078
    outer loop
      vertex 20.75 -2.54167 36.05
      vertex 16.75 -2.25465 36.1071
      vertex 16.75 -2.54167 36.05
    endloop
  endfacet
  facet normal 0 -0.83145 0.555599
    outer loop
      vertex 16.75 -2.01134 36.2697
      vertex 20.75 -1.84876 36.513
      vertex 16.75 -1.84876 36.513
    endloop
  endfacet
  facet normal 0 -0.83145 0.555599
    outer loop
      vertex 20.75 -1.84876 36.513
      vertex 16.75 -2.01134 36.2697
      vertex 20.75 -2.01134 36.2697
    endloop
  endfacet
  facet normal -0 0.195124 0.980779
    outer loop
      vertex 16.75 -2.54167 36.05
      vertex 20.75 -2.82868 36.1071
      vertex 20.75 -2.54167 36.05
    endloop
  endfacet
  facet normal 0 0.195124 0.980779
    outer loop
      vertex 20.75 -2.82868 36.1071
      vertex 16.75 -2.54167 36.05
      vertex 16.75 -2.82868 36.1071
    endloop
  endfacet
  facet normal 0 -0.980784 0.195097
    outer loop
      vertex 16.75 -1.84876 36.513
      vertex 20.75 -1.79167 36.8
      vertex 16.75 -1.79167 36.8
    endloop
  endfacet
  facet normal 0 -0.980784 0.195097
    outer loop
      vertex 20.75 -1.79167 36.8
      vertex 16.75 -1.84876 36.513
      vertex 20.75 -1.84876 36.513
    endloop
  endfacet
  facet normal 0 0.83145 0.555599
    outer loop
      vertex 20.75 -3.072 36.2697
      vertex 16.75 -3.23458 36.513
      vertex 20.75 -3.23458 36.513
    endloop
  endfacet
  facet normal 0 0.83145 0.555599
    outer loop
      vertex 16.75 -3.23458 36.513
      vertex 20.75 -3.072 36.2697
      vertex 16.75 -3.072 36.2697
    endloop
  endfacet
  facet normal -0 0.555615 0.83144
    outer loop
      vertex 16.75 -2.82868 36.1071
      vertex 20.75 -3.072 36.2697
      vertex 20.75 -2.82868 36.1071
    endloop
  endfacet
  facet normal 0 0.555615 0.83144
    outer loop
      vertex 20.75 -3.072 36.2697
      vertex 16.75 -2.82868 36.1071
      vertex 16.75 -3.072 36.2697
    endloop
  endfacet
  facet normal 0 0.980783 0.195101
    outer loop
      vertex 20.75 -0.692909 36.513
      vertex 16.75 -0.75 36.8
      vertex 20.75 -0.75 36.8
    endloop
  endfacet
  facet normal 0 0.980783 0.195101
    outer loop
      vertex 16.75 -0.75 36.8
      vertex 20.75 -0.692909 36.513
      vertex 16.75 -0.692909 36.513
    endloop
  endfacet
  facet normal 0 -0.555618 0.831438
    outer loop
      vertex 16.75 0.53033 36.2697
      vertex 20.75 0.287012 36.1071
      vertex 20.75 0.53033 36.2697
    endloop
  endfacet
  facet normal 0 -0.555618 0.831438
    outer loop
      vertex 20.75 0.287012 36.1071
      vertex 16.75 0.53033 36.2697
      vertex 16.75 0.287012 36.1071
    endloop
  endfacet
  facet normal 0 -0.195122 0.980779
    outer loop
      vertex 16.75 0.287012 36.1071
      vertex 20.75 0 36.05
      vertex 20.75 0.287012 36.1071
    endloop
  endfacet
  facet normal 0 -0.195122 0.980779
    outer loop
      vertex 20.75 0 36.05
      vertex 16.75 0.287012 36.1071
      vertex 16.75 0 36.05
    endloop
  endfacet
  facet normal 0 -0.831452 0.555597
    outer loop
      vertex 16.75 0.53033 36.2697
      vertex 20.75 0.692909 36.513
      vertex 16.75 0.692909 36.513
    endloop
  endfacet
  facet normal 0 -0.831452 0.555597
    outer loop
      vertex 20.75 0.692909 36.513
      vertex 16.75 0.53033 36.2697
      vertex 20.75 0.53033 36.2697
    endloop
  endfacet
  facet normal -0 0.195122 0.980779
    outer loop
      vertex 16.75 0 36.05
      vertex 20.75 -0.287012 36.1071
      vertex 20.75 0 36.05
    endloop
  endfacet
  facet normal 0 0.195122 0.980779
    outer loop
      vertex 20.75 -0.287012 36.1071
      vertex 16.75 0 36.05
      vertex 16.75 -0.287012 36.1071
    endloop
  endfacet
  facet normal 0 -0.980783 0.195101
    outer loop
      vertex 16.75 0.692909 36.513
      vertex 20.75 0.75 36.8
      vertex 16.75 0.75 36.8
    endloop
  endfacet
  facet normal 0 -0.980783 0.195101
    outer loop
      vertex 20.75 0.75 36.8
      vertex 16.75 0.692909 36.513
      vertex 20.75 0.692909 36.513
    endloop
  endfacet
  facet normal 0 0.831452 0.555597
    outer loop
      vertex 20.75 -0.53033 36.2697
      vertex 16.75 -0.692909 36.513
      vertex 20.75 -0.692909 36.513
    endloop
  endfacet
  facet normal 0 0.831452 0.555597
    outer loop
      vertex 16.75 -0.692909 36.513
      vertex 20.75 -0.53033 36.2697
      vertex 16.75 -0.53033 36.2697
    endloop
  endfacet
  facet normal -0 0.555618 0.831438
    outer loop
      vertex 16.75 -0.287012 36.1071
      vertex 20.75 -0.53033 36.2697
      vertex 20.75 -0.287012 36.1071
    endloop
  endfacet
  facet normal 0 0.555618 0.831438
    outer loop
      vertex 20.75 -0.53033 36.2697
      vertex 16.75 -0.287012 36.1071
      vertex 16.75 -0.53033 36.2697
    endloop
  endfacet
  facet normal 0 -0.555615 0.83144
    outer loop
      vertex 16.75 3.072 36.2697
      vertex 20.75 2.82868 36.1071
      vertex 20.75 3.072 36.2697
    endloop
  endfacet
  facet normal 0 -0.555615 0.83144
    outer loop
      vertex 20.75 2.82868 36.1071
      vertex 16.75 3.072 36.2697
      vertex 16.75 2.82868 36.1071
    endloop
  endfacet
  facet normal 0 -0.195124 0.980779
    outer loop
      vertex 16.75 2.82868 36.1071
      vertex 20.75 2.54167 36.05
      vertex 20.75 2.82868 36.1071
    endloop
  endfacet
  facet normal 0 -0.195124 0.980779
    outer loop
      vertex 20.75 2.54167 36.05
      vertex 16.75 2.82868 36.1071
      vertex 16.75 2.54167 36.05
    endloop
  endfacet
  facet normal 0 -0.83145 0.555599
    outer loop
      vertex 16.75 3.072 36.2697
      vertex 20.75 3.23458 36.513
      vertex 16.75 3.23458 36.513
    endloop
  endfacet
  facet normal 0 -0.83145 0.555599
    outer loop
      vertex 20.75 3.23458 36.513
      vertex 16.75 3.072 36.2697
      vertex 20.75 3.072 36.2697
    endloop
  endfacet
  facet normal 0 -0.980784 0.195097
    outer loop
      vertex 16.75 3.23458 36.513
      vertex 20.75 3.29167 36.8
      vertex 16.75 3.29167 36.8
    endloop
  endfacet
  facet normal 0 -0.980784 0.195097
    outer loop
      vertex 20.75 3.29167 36.8
      vertex 16.75 3.23458 36.513
      vertex 20.75 3.23458 36.513
    endloop
  endfacet
  facet normal 0 0.83145 0.555599
    outer loop
      vertex 20.75 2.01134 36.2697
      vertex 16.75 1.84876 36.513
      vertex 20.75 1.84876 36.513
    endloop
  endfacet
  facet normal 0 0.83145 0.555599
    outer loop
      vertex 16.75 1.84876 36.513
      vertex 20.75 2.01134 36.2697
      vertex 16.75 2.01134 36.2697
    endloop
  endfacet
  facet normal 0 0.980784 0.195097
    outer loop
      vertex 20.75 1.84876 36.513
      vertex 16.75 1.79167 36.8
      vertex 20.75 1.79167 36.8
    endloop
  endfacet
  facet normal 0 0.980784 0.195097
    outer loop
      vertex 16.75 1.79167 36.8
      vertex 20.75 1.84876 36.513
      vertex 16.75 1.84876 36.513
    endloop
  endfacet
  facet normal -0 0.55563 0.831429
    outer loop
      vertex 16.75 2.25465 36.1071
      vertex 20.75 2.01134 36.2697
      vertex 20.75 2.25465 36.1071
    endloop
  endfacet
  facet normal 0 0.55563 0.831429
    outer loop
      vertex 20.75 2.01134 36.2697
      vertex 16.75 2.25465 36.1071
      vertex 16.75 2.01134 36.2697
    endloop
  endfacet
  facet normal -0 0.195117 0.98078
    outer loop
      vertex 16.75 2.54167 36.05
      vertex 20.75 2.25465 36.1071
      vertex 20.75 2.54167 36.05
    endloop
  endfacet
  facet normal 0 0.195117 0.98078
    outer loop
      vertex 20.75 2.25465 36.1071
      vertex 16.75 2.54167 36.05
      vertex 16.75 2.25465 36.1071
    endloop
  endfacet
  facet normal 0 -0.55563 0.831429
    outer loop
      vertex 16.75 5.61366 36.2697
      vertex 20.75 5.37035 36.1071
      vertex 20.75 5.61366 36.2697
    endloop
  endfacet
  facet normal 0 -0.55563 0.831429
    outer loop
      vertex 20.75 5.37035 36.1071
      vertex 16.75 5.61366 36.2697
      vertex 16.75 5.37035 36.1071
    endloop
  endfacet
  facet normal 0 0.83145 0.555599
    outer loop
      vertex 20.75 4.553 36.2697
      vertex 16.75 4.39042 36.513
      vertex 20.75 4.39042 36.513
    endloop
  endfacet
  facet normal 0 0.83145 0.555599
    outer loop
      vertex 16.75 4.39042 36.513
      vertex 20.75 4.553 36.2697
      vertex 16.75 4.553 36.2697
    endloop
  endfacet
  facet normal 0 0.980784 0.195097
    outer loop
      vertex 20.75 4.39042 36.513
      vertex 16.75 4.33333 36.8
      vertex 20.75 4.33333 36.8
    endloop
  endfacet
  facet normal 0 0.980784 0.195097
    outer loop
      vertex 16.75 4.33333 36.8
      vertex 20.75 4.39042 36.513
      vertex 16.75 4.39042 36.513
    endloop
  endfacet
  facet normal 0 -0.83145 0.555599
    outer loop
      vertex 16.75 5.61366 36.2697
      vertex 20.75 5.77624 36.513
      vertex 16.75 5.77624 36.513
    endloop
  endfacet
  facet normal 0 -0.83145 0.555599
    outer loop
      vertex 20.75 5.77624 36.513
      vertex 16.75 5.61366 36.2697
      vertex 20.75 5.61366 36.2697
    endloop
  endfacet
  facet normal 0 -0.980784 0.195097
    outer loop
      vertex 16.75 5.77624 36.513
      vertex 20.75 5.83333 36.8
      vertex 16.75 5.83333 36.8
    endloop
  endfacet
  facet normal 0 -0.980784 0.195097
    outer loop
      vertex 20.75 5.83333 36.8
      vertex 16.75 5.77624 36.513
      vertex 20.75 5.77624 36.513
    endloop
  endfacet
  facet normal -0 0.195124 0.980779
    outer loop
      vertex 16.75 5.08333 36.05
      vertex 20.75 4.79632 36.1071
      vertex 20.75 5.08333 36.05
    endloop
  endfacet
  facet normal 0 0.195124 0.980779
    outer loop
      vertex 20.75 4.79632 36.1071
      vertex 16.75 5.08333 36.05
      vertex 16.75 4.79632 36.1071
    endloop
  endfacet
  facet normal 0 -0.195117 0.98078
    outer loop
      vertex 16.75 5.37035 36.1071
      vertex 20.75 5.08333 36.05
      vertex 20.75 5.37035 36.1071
    endloop
  endfacet
  facet normal 0 -0.195117 0.98078
    outer loop
      vertex 20.75 5.08333 36.05
      vertex 16.75 5.37035 36.1071
      vertex 16.75 5.08333 36.05
    endloop
  endfacet
  facet normal -0 0.555615 0.83144
    outer loop
      vertex 16.75 4.79632 36.1071
      vertex 20.75 4.553 36.2697
      vertex 20.75 4.79632 36.1071
    endloop
  endfacet
  facet normal 0 0.555615 0.83144
    outer loop
      vertex 20.75 4.553 36.2697
      vertex 16.75 4.79632 36.1071
      vertex 16.75 4.553 36.2697
    endloop
  endfacet
  facet normal 0 -0.555615 0.83144
    outer loop
      vertex 16.75 8.15533 36.2697
      vertex 20.75 7.91201 36.1071
      vertex 20.75 8.15533 36.2697
    endloop
  endfacet
  facet normal 0 -0.555615 0.83144
    outer loop
      vertex 20.75 7.91201 36.1071
      vertex 16.75 8.15533 36.2697
      vertex 16.75 7.91201 36.1071
    endloop
  endfacet
  facet normal 0 0.83145 0.555599
    outer loop
      vertex 20.75 7.09467 36.2697
      vertex 16.75 6.93209 36.513
      vertex 20.75 6.93209 36.513
    endloop
  endfacet
  facet normal 0 0.83145 0.555599
    outer loop
      vertex 16.75 6.93209 36.513
      vertex 20.75 7.09467 36.2697
      vertex 16.75 7.09467 36.2697
    endloop
  endfacet
  facet normal 0 0.980784 0.195097
    outer loop
      vertex 20.75 6.93209 36.513
      vertex 16.75 6.875 36.8
      vertex 20.75 6.875 36.8
    endloop
  endfacet
  facet normal 0 0.980784 0.195097
    outer loop
      vertex 16.75 6.875 36.8
      vertex 20.75 6.93209 36.513
      vertex 16.75 6.93209 36.513
    endloop
  endfacet
  facet normal 0 -0.83145 0.555599
    outer loop
      vertex 16.75 8.15533 36.2697
      vertex 20.75 8.31791 36.513
      vertex 16.75 8.31791 36.513
    endloop
  endfacet
  facet normal 0 -0.83145 0.555599
    outer loop
      vertex 20.75 8.31791 36.513
      vertex 16.75 8.15533 36.2697
      vertex 20.75 8.15533 36.2697
    endloop
  endfacet
  facet normal 0 -0.980784 0.195097
    outer loop
      vertex 16.75 8.31791 36.513
      vertex 20.75 8.375 36.8
      vertex 16.75 8.375 36.8
    endloop
  endfacet
  facet normal 0 -0.980784 0.195097
    outer loop
      vertex 20.75 8.375 36.8
      vertex 16.75 8.31791 36.513
      vertex 20.75 8.31791 36.513
    endloop
  endfacet
  facet normal -0 0.195124 0.980779
    outer loop
      vertex 16.75 7.625 36.05
      vertex 20.75 7.33799 36.1071
      vertex 20.75 7.625 36.05
    endloop
  endfacet
  facet normal 0 0.195124 0.980779
    outer loop
      vertex 20.75 7.33799 36.1071
      vertex 16.75 7.625 36.05
      vertex 16.75 7.33799 36.1071
    endloop
  endfacet
  facet normal 0 -0.195124 0.980779
    outer loop
      vertex 16.75 7.91201 36.1071
      vertex 20.75 7.625 36.05
      vertex 20.75 7.91201 36.1071
    endloop
  endfacet
  facet normal 0 -0.195124 0.980779
    outer loop
      vertex 20.75 7.625 36.05
      vertex 16.75 7.91201 36.1071
      vertex 16.75 7.625 36.05
    endloop
  endfacet
  facet normal -0 0.555615 0.83144
    outer loop
      vertex 16.75 7.33799 36.1071
      vertex 20.75 7.09467 36.2697
      vertex 20.75 7.33799 36.1071
    endloop
  endfacet
  facet normal 0 0.555615 0.83144
    outer loop
      vertex 20.75 7.09467 36.2697
      vertex 16.75 7.33799 36.1071
      vertex 16.75 7.09467 36.2697
    endloop
  endfacet
  facet normal 0 0.980784 0.195097
    outer loop
      vertex 20.75 9.47376 36.513
      vertex 16.75 9.41667 36.8
      vertex 20.75 9.41667 36.8
    endloop
  endfacet
  facet normal 0 0.980784 0.195097
    outer loop
      vertex 16.75 9.41667 36.8
      vertex 20.75 9.47376 36.513
      vertex 16.75 9.47376 36.513
    endloop
  endfacet
  facet normal 0 -0.831419 0.555646
    outer loop
      vertex 16.75 10.697 36.2697
      vertex 20.75 10.8596 36.513
      vertex 16.75 10.8596 36.513
    endloop
  endfacet
  facet normal 0 -0.831419 0.555646
    outer loop
      vertex 20.75 10.8596 36.513
      vertex 16.75 10.697 36.2697
      vertex 20.75 10.697 36.2697
    endloop
  endfacet
  facet normal 0 -0.19513 0.980777
    outer loop
      vertex 16.75 10.4537 36.1071
      vertex 20.75 10.1667 36.05
      vertex 20.75 10.4537 36.1071
    endloop
  endfacet
  facet normal 0 -0.19513 0.980777
    outer loop
      vertex 20.75 10.1667 36.05
      vertex 16.75 10.4537 36.1071
      vertex 16.75 10.1667 36.05
    endloop
  endfacet
  facet normal 0 -0.555646 0.831419
    outer loop
      vertex 16.75 10.697 36.2697
      vertex 20.75 10.4537 36.1071
      vertex 20.75 10.697 36.2697
    endloop
  endfacet
  facet normal 0 -0.555646 0.831419
    outer loop
      vertex 20.75 10.4537 36.1071
      vertex 16.75 10.697 36.2697
      vertex 16.75 10.4537 36.1071
    endloop
  endfacet
  facet normal 0 -0.980777 0.19513
    outer loop
      vertex 16.75 10.8596 36.513
      vertex 20.75 10.9167 36.8
      vertex 16.75 10.9167 36.8
    endloop
  endfacet
  facet normal 0 -0.980777 0.19513
    outer loop
      vertex 20.75 10.9167 36.8
      vertex 16.75 10.8596 36.513
      vertex 20.75 10.8596 36.513
    endloop
  endfacet
  facet normal 0 0.83145 0.555599
    outer loop
      vertex 20.75 9.63634 36.2697
      vertex 16.75 9.47376 36.513
      vertex 20.75 9.47376 36.513
    endloop
  endfacet
  facet normal 0 0.83145 0.555599
    outer loop
      vertex 16.75 9.47376 36.513
      vertex 20.75 9.63634 36.2697
      vertex 16.75 9.63634 36.2697
    endloop
  endfacet
  facet normal -0 0.55563 0.831429
    outer loop
      vertex 16.75 9.87965 36.1071
      vertex 20.75 9.63634 36.2697
      vertex 20.75 9.87965 36.1071
    endloop
  endfacet
  facet normal 0 0.55563 0.831429
    outer loop
      vertex 20.75 9.63634 36.2697
      vertex 16.75 9.87965 36.1071
      vertex 16.75 9.63634 36.2697
    endloop
  endfacet
  facet normal -0 0.195098 0.980784
    outer loop
      vertex 16.75 10.1667 36.05
      vertex 20.75 9.87965 36.1071
      vertex 20.75 10.1667 36.05
    endloop
  endfacet
  facet normal 0 0.195098 0.980784
    outer loop
      vertex 20.75 9.87965 36.1071
      vertex 16.75 10.1667 36.05
      vertex 16.75 9.87965 36.1071
    endloop
  endfacet
  facet normal 0 -0.555488 0.831524
    outer loop
      vertex 16.75 13.2387 36.2697
      vertex 20.75 12.9953 36.1071
      vertex 20.75 13.2387 36.2697
    endloop
  endfacet
  facet normal 0 -0.555488 0.831524
    outer loop
      vertex 20.75 12.9953 36.1071
      vertex 16.75 13.2387 36.2697
      vertex 16.75 12.9953 36.1071
    endloop
  endfacet
  facet normal 0 0.831419 0.555646
    outer loop
      vertex 20.75 12.178 36.2697
      vertex 16.75 12.0154 36.513
      vertex 20.75 12.0154 36.513
    endloop
  endfacet
  facet normal 0 0.831419 0.555646
    outer loop
      vertex 16.75 12.0154 36.513
      vertex 20.75 12.178 36.2697
      vertex 16.75 12.178 36.2697
    endloop
  endfacet
  facet normal 0 0.980777 0.19513
    outer loop
      vertex 20.75 12.0154 36.513
      vertex 16.75 11.9583 36.8
      vertex 20.75 11.9583 36.8
    endloop
  endfacet
  facet normal 0 0.980777 0.19513
    outer loop
      vertex 16.75 11.9583 36.8
      vertex 20.75 12.0154 36.513
      vertex 16.75 12.0154 36.513
    endloop
  endfacet
  facet normal 0 -0.831577 0.55541
    outer loop
      vertex 16.75 13.2387 36.2697
      vertex 20.75 13.4012 36.513
      vertex 16.75 13.4012 36.513
    endloop
  endfacet
  facet normal 0 -0.831577 0.55541
    outer loop
      vertex 20.75 13.4012 36.513
      vertex 16.75 13.2387 36.2697
      vertex 20.75 13.2387 36.2697
    endloop
  endfacet
  facet normal 0 -0.980777 0.19513
    outer loop
      vertex 16.75 13.4012 36.513
      vertex 20.75 13.4583 36.8
      vertex 16.75 13.4583 36.8
    endloop
  endfacet
  facet normal 0 -0.980777 0.19513
    outer loop
      vertex 20.75 13.4583 36.8
      vertex 16.75 13.4012 36.513
      vertex 20.75 13.4012 36.513
    endloop
  endfacet
  facet normal -0 0.19513 0.980777
    outer loop
      vertex 16.75 12.7083 36.05
      vertex 20.75 12.4213 36.1071
      vertex 20.75 12.7083 36.05
    endloop
  endfacet
  facet normal 0 0.19513 0.980777
    outer loop
      vertex 20.75 12.4213 36.1071
      vertex 16.75 12.7083 36.05
      vertex 16.75 12.4213 36.1071
    endloop
  endfacet
  facet normal 0 -0.19513 0.980777
    outer loop
      vertex 16.75 12.9953 36.1071
      vertex 20.75 12.7083 36.05
      vertex 20.75 12.9953 36.1071
    endloop
  endfacet
  facet normal 0 -0.19513 0.980777
    outer loop
      vertex 20.75 12.7083 36.05
      vertex 16.75 12.9953 36.1071
      vertex 16.75 12.7083 36.05
    endloop
  endfacet
  facet normal -0 0.555646 0.831419
    outer loop
      vertex 16.75 12.4213 36.1071
      vertex 20.75 12.178 36.2697
      vertex 20.75 12.4213 36.1071
    endloop
  endfacet
  facet normal 0 0.555646 0.831419
    outer loop
      vertex 20.75 12.178 36.2697
      vertex 16.75 12.4213 36.1071
      vertex 16.75 12.178 36.2697
    endloop
  endfacet
  facet normal 0 -0.555646 0.831419
    outer loop
      vertex 16.75 15.7803 36.2697
      vertex 20.75 15.537 36.1071
      vertex 20.75 15.7803 36.2697
    endloop
  endfacet
  facet normal 0 -0.555646 0.831419
    outer loop
      vertex 20.75 15.537 36.1071
      vertex 16.75 15.7803 36.2697
      vertex 16.75 15.537 36.1071
    endloop
  endfacet
  facet normal 0 0.831419 0.555646
    outer loop
      vertex 20.75 14.7197 36.2697
      vertex 16.75 14.5571 36.513
      vertex 20.75 14.5571 36.513
    endloop
  endfacet
  facet normal 0 0.831419 0.555646
    outer loop
      vertex 16.75 14.5571 36.513
      vertex 20.75 14.7197 36.2697
      vertex 16.75 14.7197 36.2697
    endloop
  endfacet
  facet normal 0 0.980777 0.19513
    outer loop
      vertex 20.75 14.5571 36.513
      vertex 16.75 14.5 36.8
      vertex 20.75 14.5 36.8
    endloop
  endfacet
  facet normal 0 0.980777 0.19513
    outer loop
      vertex 16.75 14.5 36.8
      vertex 20.75 14.5571 36.513
      vertex 16.75 14.5571 36.513
    endloop
  endfacet
  facet normal 0 -0.831419 0.555646
    outer loop
      vertex 16.75 15.7803 36.2697
      vertex 20.75 15.9429 36.513
      vertex 16.75 15.9429 36.513
    endloop
  endfacet
  facet normal 0 -0.831419 0.555646
    outer loop
      vertex 20.75 15.9429 36.513
      vertex 16.75 15.7803 36.2697
      vertex 20.75 15.7803 36.2697
    endloop
  endfacet
  facet normal 0 -0.980777 0.19513
    outer loop
      vertex 16.75 15.9429 36.513
      vertex 20.75 16 36.8
      vertex 16.75 16 36.8
    endloop
  endfacet
  facet normal 0 -0.980777 0.19513
    outer loop
      vertex 20.75 16 36.8
      vertex 16.75 15.9429 36.513
      vertex 20.75 15.9429 36.513
    endloop
  endfacet
  facet normal -0 0.19513 0.980777
    outer loop
      vertex 16.75 15.25 36.05
      vertex 20.75 14.963 36.1071
      vertex 20.75 15.25 36.05
    endloop
  endfacet
  facet normal 0 0.19513 0.980777
    outer loop
      vertex 20.75 14.963 36.1071
      vertex 16.75 15.25 36.05
      vertex 16.75 14.963 36.1071
    endloop
  endfacet
  facet normal 0 -0.19513 0.980777
    outer loop
      vertex 16.75 15.537 36.1071
      vertex 20.75 15.25 36.05
      vertex 20.75 15.537 36.1071
    endloop
  endfacet
  facet normal 0 -0.19513 0.980777
    outer loop
      vertex 20.75 15.25 36.05
      vertex 16.75 15.537 36.1071
      vertex 16.75 15.25 36.05
    endloop
  endfacet
  facet normal -0 0.555646 0.831419
    outer loop
      vertex 16.75 14.963 36.1071
      vertex 20.75 14.7197 36.2697
      vertex 20.75 14.963 36.1071
    endloop
  endfacet
  facet normal 0 0.555646 0.831419
    outer loop
      vertex 20.75 14.7197 36.2697
      vertex 16.75 14.963 36.1071
      vertex 16.75 14.7197 36.2697
    endloop
  endfacet
  facet normal 0.22472 -0.974423 0
    outer loop
      vertex 17.5303 -20.6731 26.7756
      vertex 17.5303 -20.6731 9.3
      vertex 17.6838 -20.6377 9.3
    endloop
  endfacet
  facet normal 0 -1 0
    outer loop
      vertex 17.5306 -20.6731 26.8
      vertex 17.5303 -20.6731 32.8769
      vertex 17.5303 -20.6731 26.8
    endloop
  endfacet
  facet normal 0.224857 -0.974392 1.11006e-05
    outer loop
      vertex 17.5303 -20.6731 32.8769
      vertex 17.5306 -20.6731 26.8
      vertex 17.7682 -20.6182 32.9318
    endloop
  endfacet
  facet normal 0.22562 -0.974215 7.02149e-06
    outer loop
      vertex 17.7682 -20.6182 9.3
      vertex 17.5306 -20.6731 26.8
      vertex 17.684 -20.6377 9.3
    endloop
  endfacet
  facet normal 0.225129 -0.974329 0
    outer loop
      vertex 17.5306 -20.6731 26.8
      vertex 17.7682 -20.6182 9.3
      vertex 17.7682 -20.6182 32.9318
    endloop
  endfacet
  facet normal 0.41023 -0.911982 0
    outer loop
      vertex 18.2807 -20.4455 26.7772
      vertex 18.2807 -20.4455 9.3
      vertex 18.4212 -20.3823 9.3
    endloop
  endfacet
  facet normal 0.447214 -0.894427 0
    outer loop
      vertex 18.2809 -20.4454 26.8
      vertex 18.2807 -20.4455 33.1045
      vertex 18.2807 -20.4455 26.8
    endloop
  endfacet
  facet normal 0.410017 -0.912078 -1.45996e-06
    outer loop
      vertex 18.2807 -20.4455 33.1045
      vertex 18.2809 -20.4454 26.8
      vertex 18.4987 -20.3475 33.2025
    endloop
  endfacet
  facet normal 0.40953 -0.912297 -6.75076e-06
    outer loop
      vertex 18.4987 -20.3475 9.3
      vertex 18.2809 -20.4454 26.8
      vertex 18.4214 -20.3822 9.3
    endloop
  endfacet
  facet normal 0.409982 -0.912094 0
    outer loop
      vertex 18.2809 -20.4454 26.8
      vertex 18.4987 -20.3475 9.3
      vertex 18.4987 -20.3475 33.2025
    endloop
  endfacet
  facet normal 0.497559 -0.86743 0
    outer loop
      vertex 18.4987 -20.3475 9.3
      vertex 18.9722 -20.0759 26.8
      vertex 18.4987 -20.3475 33.2025
    endloop
  endfacet
  facet normal 0.497472 -0.86748 3.11399e-06
    outer loop
      vertex 18.9722 -20.0759 26.8
      vertex 18.4987 -20.3475 9.3
      vertex 18.6668 -20.2511 9.3
    endloop
  endfacet
  facet normal -0 -0.999101 -0.0423828
    outer loop
      vertex 18.9723 -20.0759 26.8
      vertex 18.4987 -20.3475 33.2025
      vertex 18.9722 -20.0759 26.8
    endloop
  endfacet
  facet normal 0.49748 -0.867476 0
    outer loop
      vertex 18.4987 -20.3475 33.2025
      vertex 18.9723 -20.0759 26.8
      vertex 18.9723 -20.0759 33.4741
    endloop
  endfacet
  facet normal 0.497393 -0.867526 0
    outer loop
      vertex 18.9723 -20.0759 26.7949
      vertex 18.6669 -20.251 9.3
      vertex 18.9723 -20.0759 9.3
    endloop
  endfacet
  facet normal -0.0315213 -0.999503 0
    outer loop
      vertex -17.0005 -20.7421 32.8079
      vertex -16.75 -20.75 26.8
      vertex -16.75 -20.75 32.8
    endloop
  endfacet
  facet normal -0.0315213 -0.999503 0
    outer loop
      vertex -17.0005 -20.7421 9.3
      vertex -16.75 -20.75 26.8
      vertex -17.0005 -20.7421 32.8079
    endloop
  endfacet
  facet normal -0.0316583 -0.999499 1.96411e-06
    outer loop
      vertex -16.75 -20.75 26.8
      vertex -17.0005 -20.7421 9.3
      vertex -16.9121 -20.7449 9.3
    endloop
  endfacet
  facet normal 0.31939 -0.947623 0
    outer loop
      vertex 17.7682 -20.6182 9.3
      vertex 18.2803 -20.4456 26.8
      vertex 17.7682 -20.6182 32.9318
    endloop
  endfacet
  facet normal 0.319204 -0.947686 6.06913e-06
    outer loop
      vertex 18.2803 -20.4456 26.8
      vertex 17.7682 -20.6182 9.3
      vertex 17.9496 -20.5571 9.3
    endloop
  endfacet
  facet normal 0.24253 -0.970118 -0.00705226
    outer loop
      vertex 18.2807 -20.4455 26.8
      vertex 17.7682 -20.6182 32.9318
      vertex 18.2803 -20.4456 26.8
    endloop
  endfacet
  facet normal 0.319332 -0.947643 0
    outer loop
      vertex 17.7682 -20.6182 32.9318
      vertex 18.2807 -20.4455 26.8
      vertex 18.2807 -20.4455 33.1045
    endloop
  endfacet
  facet normal 0.319492 -0.947589 0
    outer loop
      vertex 18.2807 -20.4455 26.7772
      vertex 17.95 -20.557 9.3
      vertex 18.2807 -20.4455 9.3
    endloop
  endfacet
  facet normal 0.0315213 -0.999503 0
    outer loop
      vertex 16.75 -20.75 26.8
      vertex 17.0005 -20.7421 32.8079
      vertex 16.75 -20.75 32.8
    endloop
  endfacet
  facet normal 0.0316583 -0.999499 1.96411e-06
    outer loop
      vertex 17.0005 -20.7421 9.3
      vertex 16.75 -20.75 26.8
      vertex 16.9121 -20.7449 9.3
    endloop
  endfacet
  facet normal 0.0315213 -0.999503 0
    outer loop
      vertex 16.75 -20.75 26.8
      vertex 17.0005 -20.7421 9.3
      vertex 17.0005 -20.7421 32.8079
    endloop
  endfacet
  facet normal 0.129059 -0.991637 0
    outer loop
      vertex 17.0005 -20.7421 9.3
      vertex 17.5299 -20.6732 26.8
      vertex 17.0005 -20.7421 32.8079
    endloop
  endfacet
  facet normal 0.128999 -0.991645 1.85042e-06
    outer loop
      vertex 17.5299 -20.6732 26.8
      vertex 17.0005 -20.7421 9.3
      vertex 17.1873 -20.7178 9.3
    endloop
  endfacet
  facet normal 0.242523 -0.970092 0.0102452
    outer loop
      vertex 17.5303 -20.6731 26.8
      vertex 17.0005 -20.7421 32.8079
      vertex 17.5299 -20.6732 26.8
    endloop
  endfacet
  facet normal 0.129147 -0.991625 0
    outer loop
      vertex 17.0005 -20.7421 32.8079
      vertex 17.5303 -20.6731 26.8
      vertex 17.5303 -20.6731 32.8769
    endloop
  endfacet
  facet normal 0.129203 -0.991618 0
    outer loop
      vertex 17.5303 -20.6731 26.7756
      vertex 17.188 -20.7177 9.3
      vertex 17.5303 -20.6731 9.3
    endloop
  endfacet
  facet normal 0.0315213 0.999503 0
    outer loop
      vertex 17.0005 20.7421 32.8079
      vertex 16.75 20.75 26.8
      vertex 16.75 20.75 32.8
    endloop
  endfacet
  facet normal 0.0315213 0.999503 -0
    outer loop
      vertex 17.0005 20.7421 9.3
      vertex 16.75 20.75 26.8
      vertex 17.0005 20.7421 32.8079
    endloop
  endfacet
  facet normal 0.0316583 0.999499 1.96411e-06
    outer loop
      vertex 16.75 20.75 26.8
      vertex 17.0005 20.7421 9.3
      vertex 16.9121 20.7449 9.3
    endloop
  endfacet
  facet normal 0.686307 0.727312 -0
    outer loop
      vertex 19.5784 19.5784 26.8
      vertex 19.4099 19.7374 33.8126
      vertex 19.5784 19.5784 33.9716
    endloop
  endfacet
  facet normal 0.68616 0.727451 2.67177e-06
    outer loop
      vertex 19.4099 19.7374 9.3
      vertex 19.5784 19.5784 26.8
      vertex 19.4698 19.6809 9.3
    endloop
  endfacet
  facet normal 0.686307 0.727312 0
    outer loop
      vertex 19.5784 19.5784 26.8
      vertex 19.4099 19.7374 9.3
      vertex 19.4099 19.7374 33.8126
    endloop
  endfacet
  facet normal 0.686722 0.72692 -0
    outer loop
      vertex 19.5784 19.5784 9.3
      vertex 19.4699 19.6809 9.3
      vertex 19.5784 19.5784 26.8
    endloop
  endfacet
  facet normal 0.991625 -0.129147 0
    outer loop
      vertex 20.6731 -17.5303 36.0196
      vertex 20.7421 -17.0005 30.5495
      vertex 20.7421 -17.0005 36.5495
    endloop
  endfacet
  facet normal 0.991625 -0.129147 0
    outer loop
      vertex 20.7421 -17.0005 30.5495
      vertex 20.6731 -17.5303 36.0196
      vertex 20.6731 -17.5303 30.0196
    endloop
  endfacet
  facet normal 0.58005 -0.814581 0
    outer loop
      vertex 18.9723 -20.0759 26.7949
      vertex 18.9723 -20.0759 9.3
      vertex 19.0956 -19.9881 9.3
    endloop
  endfacet
  facet normal 0.579869 -0.81471 0
    outer loop
      vertex 18.9723 -20.0759 33.4741
      vertex 18.9723 -20.0759 26.8
      vertex 19.1638 -19.9396 33.6104
    endloop
  endfacet
  facet normal 0.579877 -0.814704 1.36925e-07
    outer loop
      vertex 19.1638 -19.9396 9.3
      vertex 18.9723 -20.0759 26.8
      vertex 19.0958 -19.988 9.3
    endloop
  endfacet
  facet normal 0.579869 -0.81471 0
    outer loop
      vertex 18.9723 -20.0759 26.8
      vertex 19.1638 -19.9396 9.3
      vertex 19.1638 -19.9396 33.6104
    endloop
  endfacet
  facet normal -0.129263 -0.99161 -0
    outer loop
      vertex -17.5303 -20.6731 26.3526
      vertex -17.5303 -20.6731 9.3
      vertex -17.1943 -20.7169 9.3
    endloop
  endfacet
  facet normal -0.129147 -0.991625 0
    outer loop
      vertex -17.5303 -20.6731 26.8
      vertex -17.0005 -20.7421 32.8079
      vertex -17.5303 -20.6731 32.8769
    endloop
  endfacet
  facet normal -0.242523 -0.970092 0.0102452
    outer loop
      vertex -17.5299 -20.6732 26.8
      vertex -17.0005 -20.7421 32.8079
      vertex -17.5303 -20.6731 26.8
    endloop
  endfacet
  facet normal -0.128999 -0.991645 1.85042e-06
    outer loop
      vertex -17.0005 -20.7421 9.3
      vertex -17.5299 -20.6732 26.8
      vertex -17.1873 -20.7178 9.3
    endloop
  endfacet
  facet normal -0.129059 -0.991637 0
    outer loop
      vertex -17.5299 -20.6732 26.8
      vertex -17.0005 -20.7421 9.3
      vertex -17.0005 -20.7421 32.8079
    endloop
  endfacet
  facet normal -0.790803 0.61207 9.8874e-06
    outer loop
      vertex -20.0758 18.9724 26.8
      vertex -19.7374 19.4099 9.3
      vertex -19.8576 19.2546 9.3
    endloop
  endfacet
  facet normal -0.790995 0.611823 0
    outer loop
      vertex -19.7374 19.4099 9.3
      vertex -20.0758 18.9724 26.8
      vertex -19.7374 19.4099 34.1401
    endloop
  endfacet
  facet normal -0.707075 0.707075 -0.00954634
    outer loop
      vertex -20.0759 18.9723 26.8
      vertex -19.7374 19.4099 34.1401
      vertex -20.0758 18.9724 26.8
    endloop
  endfacet
  facet normal -0.790975 0.611849 0
    outer loop
      vertex -19.7374 19.4099 34.1401
      vertex -20.0759 18.9723 26.8
      vertex -20.0759 18.9723 34.5777
    endloop
  endfacet
  facet normal -0.790952 0.611879 0
    outer loop
      vertex -19.8579 19.2541 9.3
      vertex -20.0759 18.9723 9.3
      vertex -20.0759 18.9723 26.7942
    endloop
  endfacet
  facet normal -0.31939 0.947623 0
    outer loop
      vertex -17.7682 20.6182 9.3
      vertex -18.2803 20.4456 26.8
      vertex -17.7682 20.6182 32.9318
    endloop
  endfacet
  facet normal -0.319204 0.947686 6.06913e-06
    outer loop
      vertex -18.2803 20.4456 26.8
      vertex -17.7682 20.6182 9.3
      vertex -17.9496 20.5571 9.3
    endloop
  endfacet
  facet normal -0.24253 0.970118 -0.00705226
    outer loop
      vertex -18.2807 20.4455 26.8
      vertex -17.7682 20.6182 32.9318
      vertex -18.2803 20.4456 26.8
    endloop
  endfacet
  facet normal -0.319332 0.947643 0
    outer loop
      vertex -17.7682 20.6182 32.9318
      vertex -18.2807 20.4455 26.8
      vertex -18.2807 20.4455 33.1045
    endloop
  endfacet
  facet normal -0.319492 0.947589 0
    outer loop
      vertex -17.95 20.557 9.3
      vertex -18.2807 20.4455 9.3
      vertex -18.2807 20.4455 26.7772
    endloop
  endfacet
  facet normal 0.999503 0.0315213 -0
    outer loop
      vertex 20.75 16.75 30.8
      vertex 20.7421 17.0005 36.5495
      vertex 20.75 16.75 36.8
    endloop
  endfacet
  facet normal 0.999503 0.0315213 0
    outer loop
      vertex 20.7421 17.0005 36.5495
      vertex 20.75 16.75 30.8
      vertex 20.7421 17.0005 30.5495
    endloop
  endfacet
  facet normal 0.934202 -0.356746 0
    outer loop
      vertex 20.4455 -18.2807 26.7751
      vertex 20.4455 -18.2807 9.3
      vertex 20.4969 -18.1461 9.3
    endloop
  endfacet
  facet normal 0.934289 -0.356517 0
    outer loop
      vertex 20.4456 -18.2805 26.8
      vertex 20.5252 -18.0719 9.3
      vertex 20.5252 -18.0719 35.4781
    endloop
  endfacet
  facet normal 0.934287 -0.356521 -5.77947e-08
    outer loop
      vertex 20.5252 -18.0719 9.3
      vertex 20.4456 -18.2805 26.8
      vertex 20.497 -18.1458 9.3
    endloop
  endfacet
  facet normal 0.934253 -0.356612 2.60978e-06
    outer loop
      vertex 20.4455 -18.2807 35.2693
      vertex 20.4456 -18.2805 26.8
      vertex 20.5252 -18.0719 35.4781
    endloop
  endfacet
  facet normal 0.894427 -0.447214 0
    outer loop
      vertex 20.4456 -18.2805 26.8
      vertex 20.4455 -18.2807 35.2693
      vertex 20.4455 -18.2807 26.8
    endloop
  endfacet
  facet normal 0.656881 -0.753994 0
    outer loop
      vertex 19.1638 -19.9396 33.6104
      vertex 19.5784 -19.5784 26.8
      vertex 19.5784 -19.5784 33.9716
    endloop
  endfacet
  facet normal 0.656881 -0.753994 0
    outer loop
      vertex 19.1638 -19.9396 9.3
      vertex 19.5784 -19.5784 26.8
      vertex 19.1638 -19.9396 33.6104
    endloop
  endfacet
  facet normal 0.656762 -0.754098 4.95316e-06
    outer loop
      vertex 19.5784 -19.5784 26.8
      vertex 19.1638 -19.9396 9.3
      vertex 19.311 -19.8114 9.3
    endloop
  endfacet
  facet normal 0.656864 -0.754009 0
    outer loop
      vertex 19.5784 -19.5784 26.8
      vertex 19.3114 -19.811 9.3
      vertex 19.5784 -19.5784 9.3
    endloop
  endfacet
  facet normal -0.531405 -0.847118 -0
    outer loop
      vertex -18.9723 -20.0759 26.7942
      vertex -18.9723 -20.0759 9.3
      vertex -18.8478 -20.154 9.3
    endloop
  endfacet
  facet normal -0.531417 -0.84711 0
    outer loop
      vertex -18.9723 -20.0759 26.8
      vertex -18.7791 -20.1971 33.3529
      vertex -18.9723 -20.0759 33.4741
    endloop
  endfacet
  facet normal -0 -0.999829 -0.0184925
    outer loop
      vertex -18.9722 -20.0759 26.8
      vertex -18.7791 -20.1971 33.3529
      vertex -18.9723 -20.0759 26.8
    endloop
  endfacet
  facet normal -0.531109 -0.847304 7.77783e-06
    outer loop
      vertex -18.7791 -20.1971 9.3
      vertex -18.9722 -20.0759 26.8
      vertex -18.8477 -20.1541 9.3
    endloop
  endfacet
  facet normal -0.531614 -0.846986 0
    outer loop
      vertex -18.9722 -20.0759 26.8
      vertex -18.7791 -20.1971 9.3
      vertex -18.7791 -20.1971 33.3529
    endloop
  endfacet
  facet normal -0.656881 0.753994 0
    outer loop
      vertex -19.1638 19.9396 33.6104
      vertex -19.5784 19.5784 26.8
      vertex -19.5784 19.5784 33.9716
    endloop
  endfacet
  facet normal -0.656881 0.753994 0
    outer loop
      vertex -19.1638 19.9396 9.3
      vertex -19.5784 19.5784 26.8
      vertex -19.1638 19.9396 33.6104
    endloop
  endfacet
  facet normal -0.656762 0.754098 4.95316e-06
    outer loop
      vertex -19.5784 19.5784 26.8
      vertex -19.1638 19.9396 9.3
      vertex -19.311 19.8114 9.3
    endloop
  endfacet
  facet normal -0.656864 0.754009 0
    outer loop
      vertex -19.3114 19.811 9.3
      vertex -19.5784 19.5784 9.3
      vertex -19.5784 19.5784 26.8
    endloop
  endfacet
  facet normal -1 0 0
    outer loop
      vertex -20.0759 18.9722 26.8
      vertex -20.0759 18.9723 34.5777
      vertex -20.0759 18.9723 26.8
    endloop
  endfacet
  facet normal -0.847304 0.531109 7.77783e-06
    outer loop
      vertex -20.1971 18.7791 9.3
      vertex -20.0759 18.9722 26.8
      vertex -20.1541 18.8477 9.3
    endloop
  endfacet
  facet normal -0.846986 0.531614 0
    outer loop
      vertex -20.1971 18.7791 34.7709
      vertex -20.0759 18.9722 26.8
      vertex -20.1971 18.7791 9.3
    endloop
  endfacet
  facet normal -0.847113 0.531412 -6.83251e-06
    outer loop
      vertex -20.0759 18.9722 26.8
      vertex -20.1971 18.7791 34.7709
      vertex -20.0759 18.9723 34.5777
    endloop
  endfacet
  facet normal -0.847118 0.531405 0
    outer loop
      vertex -20.0759 18.9723 9.3
      vertex -20.154 18.8478 9.3
      vertex -20.0759 18.9723 26.7942
    endloop
  endfacet
  facet normal -0.754098 -0.656762 4.95316e-06
    outer loop
      vertex -19.5784 -19.5784 26.8
      vertex -19.9396 -19.1638 9.3
      vertex -19.8114 -19.311 9.3
    endloop
  endfacet
  facet normal -0.753994 -0.656881 0
    outer loop
      vertex -19.9396 -19.1638 9.3
      vertex -19.5784 -19.5784 26.8
      vertex -19.9396 -19.1638 34.3862
    endloop
  endfacet
  facet normal -0.753994 -0.656881 0
    outer loop
      vertex -19.9396 -19.1638 34.3862
      vertex -19.5784 -19.5784 26.8
      vertex -19.5784 -19.5784 33.9716
    endloop
  endfacet
  facet normal -0.754009 -0.656864 -0
    outer loop
      vertex -19.5784 -19.5784 26.8
      vertex -19.811 -19.3114 9.3
      vertex -19.5784 -19.5784 9.3
    endloop
  endfacet
  facet normal -0.129059 0.991637 0
    outer loop
      vertex -17.0005 20.7421 9.3
      vertex -17.5299 20.6732 26.8
      vertex -17.0005 20.7421 32.8079
    endloop
  endfacet
  facet normal -0.128999 0.991645 1.85042e-06
    outer loop
      vertex -17.5299 20.6732 26.8
      vertex -17.0005 20.7421 9.3
      vertex -17.1873 20.7178 9.3
    endloop
  endfacet
  facet normal -0.242523 0.970092 0.0102452
    outer loop
      vertex -17.5303 20.6731 26.8
      vertex -17.0005 20.7421 32.8079
      vertex -17.5299 20.6732 26.8
    endloop
  endfacet
  facet normal -0.129147 0.991625 0
    outer loop
      vertex -17.0005 20.7421 32.8079
      vertex -17.5303 20.6731 26.8
      vertex -17.5303 20.6731 32.8769
    endloop
  endfacet
  facet normal -0.129203 0.991618 0
    outer loop
      vertex -17.188 20.7177 9.3
      vertex -17.5303 20.6731 9.3
      vertex -17.5303 20.6731 26.7756
    endloop
  endfacet
  facet normal -0.0315213 0.999503 0
    outer loop
      vertex -16.75 20.75 26.8
      vertex -17.0005 20.7421 32.8079
      vertex -16.75 20.75 32.8
    endloop
  endfacet
  facet normal -0.0316583 0.999499 1.96411e-06
    outer loop
      vertex -17.0005 20.7421 9.3
      vertex -16.75 20.75 26.8
      vertex -16.9121 20.7449 9.3
    endloop
  endfacet
  facet normal -0.0315213 0.999503 0
    outer loop
      vertex -16.75 20.75 26.8
      vertex -17.0005 20.7421 9.3
      vertex -17.0005 20.7421 32.8079
    endloop
  endfacet
  facet normal 0 1 0
    outer loop
      vertex -17.5306 20.6731 26.8
      vertex -17.5303 20.6731 32.8769
      vertex -17.5303 20.6731 26.8
    endloop
  endfacet
  facet normal -0.224857 0.974392 1.11006e-05
    outer loop
      vertex -17.5303 20.6731 32.8769
      vertex -17.5306 20.6731 26.8
      vertex -17.7682 20.6182 32.9318
    endloop
  endfacet
  facet normal -0.22562 0.974215 7.02149e-06
    outer loop
      vertex -17.7682 20.6182 9.3
      vertex -17.5306 20.6731 26.8
      vertex -17.684 20.6377 9.3
    endloop
  endfacet
  facet normal -0.225129 0.974329 0
    outer loop
      vertex -17.5306 20.6731 26.8
      vertex -17.7682 20.6182 9.3
      vertex -17.7682 20.6182 32.9318
    endloop
  endfacet
  facet normal -0.22472 0.974423 0
    outer loop
      vertex -17.5303 20.6731 9.3
      vertex -17.6838 20.6377 9.3
      vertex -17.5303 20.6731 26.7756
    endloop
  endfacet
  facet normal 0.265046 0.964236 -0
    outer loop
      vertex 18.0719 20.5252 9.3
      vertex 17.5433 20.6705 32.8795
      vertex 18.0719 20.5252 33.0248
    endloop
  endfacet
  facet normal 0.265046 0.964236 0
    outer loop
      vertex 17.5433 20.6705 32.8795
      vertex 18.0719 20.5252 9.3
      vertex 17.5433 20.6705 9.3
    endloop
  endfacet
  facet normal 0.446061 0.895002 6.98391e-06
    outer loop
      vertex 18.7791 20.1971 33.3529
      vertex 18.2812 20.4453 26.8
      vertex 18.2807 20.4455 33.1045
    endloop
  endfacet
  facet normal 0.446135 0.894966 -0
    outer loop
      vertex 18.7791 20.1971 9.3
      vertex 18.2812 20.4453 26.8
      vertex 18.7791 20.1971 33.3529
    endloop
  endfacet
  facet normal 0.4462 0.894933 2.32976e-06
    outer loop
      vertex 18.2812 20.4453 26.8
      vertex 18.7791 20.1971 9.3
      vertex 18.6024 20.2852 9.3
    endloop
  endfacet
  facet normal 0.371391 0.928477 0
    outer loop
      vertex 18.2807 20.4455 33.1045
      vertex 18.2812 20.4453 26.8
      vertex 18.2807 20.4455 26.8
    endloop
  endfacet
  facet normal 0.446098 0.894984 0
    outer loop
      vertex 18.6017 20.2855 9.3
      vertex 18.2807 20.4455 9.3
      vertex 18.2807 20.4455 26.7751
    endloop
  endfacet
  facet normal 0.753994 0.656881 0
    outer loop
      vertex 19.9396 19.1638 34.3862
      vertex 19.5784 19.5784 26.8
      vertex 19.5784 19.5784 33.9716
    endloop
  endfacet
  facet normal 0.753994 0.656881 0
    outer loop
      vertex 19.5784 19.5784 26.8
      vertex 19.9396 19.1638 34.3862
      vertex 19.9396 19.1638 9.3
    endloop
  endfacet
  facet normal 0.754098 0.656762 4.95316e-06
    outer loop
      vertex 19.5784 19.5784 26.8
      vertex 19.9396 19.1638 9.3
      vertex 19.8114 19.311 9.3
    endloop
  endfacet
  facet normal 0.754009 0.656864 0
    outer loop
      vertex 19.811 19.3114 9.3
      vertex 19.5784 19.5784 9.3
      vertex 19.5784 19.5784 26.8
    endloop
  endfacet
  facet normal 0.912094 0.409982 0
    outer loop
      vertex 20.4454 18.2809 26.8
      vertex 20.3475 18.4987 9.3
      vertex 20.3475 18.4987 35.0513
    endloop
  endfacet
  facet normal 0.912297 0.40953 -6.75076e-06
    outer loop
      vertex 20.3475 18.4987 9.3
      vertex 20.4454 18.2809 26.8
      vertex 20.3822 18.4214 9.3
    endloop
  endfacet
  facet normal 0.912078 0.410017 -0
    outer loop
      vertex 20.4455 18.2807 26.8
      vertex 20.3475 18.4987 35.0513
      vertex 20.4455 18.2807 35.2693
    endloop
  endfacet
  facet normal 0.894427 0.447213 -0.00119238
    outer loop
      vertex 20.3475 18.4987 35.0513
      vertex 20.4455 18.2807 26.8
      vertex 20.4454 18.2809 26.8
    endloop
  endfacet
  facet normal 0.911982 0.41023 -0
    outer loop
      vertex 20.4455 18.2807 9.3
      vertex 20.3823 18.4212 9.3
      vertex 20.4455 18.2807 26.7772
    endloop
  endfacet
  facet normal 0.999503 -0.0315213 0
    outer loop
      vertex 20.7421 -17.0005 36.5495
      vertex 20.75 -16.75 30.8
      vertex 20.75 -16.75 36.8
    endloop
  endfacet
  facet normal 0.999503 -0.0315213 0
    outer loop
      vertex 20.75 -16.75 30.8
      vertex 20.7421 -17.0005 36.5495
      vertex 20.7421 -17.0005 30.5495
    endloop
  endfacet
  facet normal 0.980581 -0.196116 0
    outer loop
      vertex 20.6705 -17.5433 36.0067
      vertex 20.6731 -17.5303 30.0196
      vertex 20.6731 -17.5303 36.0196
    endloop
  endfacet
  facet normal 0.980581 -0.196116 0
    outer loop
      vertex 20.6731 -17.5303 30.0196
      vertex 20.6705 -17.5433 36.0067
      vertex 20.6705 -17.5433 30.0067
    endloop
  endfacet
  facet normal 0.895001 -0.446064 0
    outer loop
      vertex 20.1971 -18.7791 34.7709
      vertex 20.4455 -18.2807 26.8
      vertex 20.4455 -18.2807 35.2693
    endloop
  endfacet
  facet normal 0.928462 -0.371385 0.00571225
    outer loop
      vertex 20.4455 -18.2807 26.8
      vertex 20.1971 -18.7791 34.7709
      vertex 20.4453 -18.2812 26.8
    endloop
  endfacet
  facet normal 0.894966 -0.446135 0
    outer loop
      vertex 20.1971 -18.7791 9.3
      vertex 20.4453 -18.2812 26.8
      vertex 20.1971 -18.7791 34.7709
    endloop
  endfacet
  facet normal 0.894933 -0.4462 2.32976e-06
    outer loop
      vertex 20.4453 -18.2812 26.8
      vertex 20.1971 -18.7791 9.3
      vertex 20.2852 -18.6024 9.3
    endloop
  endfacet
  facet normal 0.894984 -0.446098 0
    outer loop
      vertex 20.4455 -18.2807 26.7751
      vertex 20.2855 -18.6017 9.3
      vertex 20.4455 -18.2807 9.3
    endloop
  endfacet
  facet normal -0.686368 -0.727255 -0
    outer loop
      vertex -19.5784 -19.5784 26.8
      vertex -19.5784 -19.5784 9.3
      vertex -19.4699 -19.6808 9.3
    endloop
  endfacet
  facet normal -0.686307 -0.727312 0
    outer loop
      vertex -19.5784 -19.5784 26.8
      vertex -19.4099 -19.7374 33.8126
      vertex -19.5784 -19.5784 33.9716
    endloop
  endfacet
  facet normal -0.685516 -0.728057 1.43771e-05
    outer loop
      vertex -19.4099 -19.7374 9.3
      vertex -19.5784 -19.5784 26.8
      vertex -19.4698 -19.681 9.3
    endloop
  endfacet
  facet normal -0.686307 -0.727312 0
    outer loop
      vertex -19.5784 -19.5784 26.8
      vertex -19.4099 -19.7374 9.3
      vertex -19.4099 -19.7374 33.8126
    endloop
  endfacet
  facet normal -0.265046 -0.964236 0
    outer loop
      vertex -18.0719 -20.5252 9.3
      vertex -17.5433 -20.6705 32.8795
      vertex -18.0719 -20.5252 33.0248
    endloop
  endfacet
  facet normal -0.265046 -0.964236 -0
    outer loop
      vertex -17.5433 -20.6705 32.8795
      vertex -18.0719 -20.5252 9.3
      vertex -17.5433 -20.6705 9.3
    endloop
  endfacet
  facet normal -0.61185 -0.790974 -2.68387e-06
    outer loop
      vertex -19.4099 -19.7374 33.8126
      vertex -18.9724 -20.0758 26.8
      vertex -18.9723 -20.0759 33.4741
    endloop
  endfacet
  facet normal -0.611823 -0.790995 0
    outer loop
      vertex -19.4099 -19.7374 9.3
      vertex -18.9724 -20.0758 26.8
      vertex -19.4099 -19.7374 33.8126
    endloop
  endfacet
  facet normal -0.61207 -0.790803 9.8874e-06
    outer loop
      vertex -18.9724 -20.0758 26.8
      vertex -19.4099 -19.7374 9.3
      vertex -19.2546 -19.8576 9.3
    endloop
  endfacet
  facet normal -0.707107 -0.707107 -0
    outer loop
      vertex -18.9723 -20.0759 33.4741
      vertex -18.9724 -20.0758 26.8
      vertex -18.9723 -20.0759 26.8
    endloop
  endfacet
  facet normal -0.611879 -0.790952 -0
    outer loop
      vertex -18.9723 -20.0759 26.7942
      vertex -19.2541 -19.8579 9.3
      vertex -18.9723 -20.0759 9.3
    endloop
  endfacet
  facet normal -0.447214 0.894427 0
    outer loop
      vertex -18.2809 20.4454 26.8
      vertex -18.2807 20.4455 33.1045
      vertex -18.2807 20.4455 26.8
    endloop
  endfacet
  facet normal -0.410017 0.912078 -1.45996e-06
    outer loop
      vertex -18.2807 20.4455 33.1045
      vertex -18.2809 20.4454 26.8
      vertex -18.4987 20.3475 33.2025
    endloop
  endfacet
  facet normal -0.40953 0.912297 -6.75076e-06
    outer loop
      vertex -18.4987 20.3475 9.3
      vertex -18.2809 20.4454 26.8
      vertex -18.4214 20.3822 9.3
    endloop
  endfacet
  facet normal -0.409982 0.912094 0
    outer loop
      vertex -18.2809 20.4454 26.8
      vertex -18.4987 20.3475 9.3
      vertex -18.4987 20.3475 33.2025
    endloop
  endfacet
  facet normal -0.41023 0.911982 0
    outer loop
      vertex -18.2807 20.4455 9.3
      vertex -18.4212 20.3823 9.3
      vertex -18.2807 20.4455 26.7772
    endloop
  endfacet
  facet normal -0.999503 -0.0315213 -0
    outer loop
      vertex -20.7421 -17.0005 36.5495
      vertex -20.75 -16.75 30.8
      vertex -20.7421 -17.0005 30.5495
    endloop
  endfacet
  facet normal -0.999503 -0.0315213 0
    outer loop
      vertex -20.75 -16.75 30.8
      vertex -20.7421 -17.0005 36.5495
      vertex -20.75 -16.75 36.8
    endloop
  endfacet
  facet normal 0.129147 0.991625 -0
    outer loop
      vertex 17.5303 20.6731 26.8
      vertex 17.0005 20.7421 32.8079
      vertex 17.5303 20.6731 32.8769
    endloop
  endfacet
  facet normal 0.242523 0.970092 0.0102452
    outer loop
      vertex 17.5299 20.6732 26.8
      vertex 17.0005 20.7421 32.8079
      vertex 17.5303 20.6731 26.8
    endloop
  endfacet
  facet normal 0.128999 0.991645 1.85042e-06
    outer loop
      vertex 17.0005 20.7421 9.3
      vertex 17.5299 20.6732 26.8
      vertex 17.1873 20.7178 9.3
    endloop
  endfacet
  facet normal 0.129059 0.991637 0
    outer loop
      vertex 17.5299 20.6732 26.8
      vertex 17.0005 20.7421 9.3
      vertex 17.0005 20.7421 32.8079
    endloop
  endfacet
  facet normal 0.129263 0.99161 -0
    outer loop
      vertex 17.5303 20.6731 9.3
      vertex 17.1943 20.7169 9.3
      vertex 17.5303 20.6731 26.3526
    endloop
  endfacet
  facet normal 0.196115 0.980581 6.45444e-06
    outer loop
      vertex 17.5433 20.6705 32.8795
      vertex 17.5305 20.6731 26.8
      vertex 17.5303 20.6731 32.8769
    endloop
  endfacet
  facet normal 0.0361758 0.999345 0.000351221
    outer loop
      vertex 17.5433 20.6705 32.8795
      vertex 17.5306 20.6731 26.7897
      vertex 17.5305 20.6731 26.8
    endloop
  endfacet
  facet normal 0.200565 0.97968 -0
    outer loop
      vertex 17.5433 20.6705 9.3
      vertex 17.5306 20.6731 26.7897
      vertex 17.5433 20.6705 32.8795
    endloop
  endfacet
  facet normal 0.196116 0.980581 -3.36397e-06
    outer loop
      vertex 17.5306 20.6731 26.7897
      vertex 17.5433 20.6705 9.3
      vertex 17.5388 20.6714 9.3
    endloop
  endfacet
  facet normal 0 1 0
    outer loop
      vertex 17.5303 20.6731 32.8769
      vertex 17.5305 20.6731 26.8
      vertex 17.5303 20.6731 26.8
    endloop
  endfacet
  facet normal 0.189286 0.981922 0
    outer loop
      vertex 17.5386 20.6715 9.3
      vertex 17.5303 20.6731 9.3
      vertex 17.5303 20.6731 26.3526
    endloop
  endfacet
  facet normal 0.531417 0.84711 -0
    outer loop
      vertex 18.9723 20.0759 26.8
      vertex 18.7791 20.1971 33.3529
      vertex 18.9723 20.0759 33.4741
    endloop
  endfacet
  facet normal 0 0.999829 -0.0184925
    outer loop
      vertex 18.9722 20.0759 26.8
      vertex 18.7791 20.1971 33.3529
      vertex 18.9723 20.0759 26.8
    endloop
  endfacet
  facet normal 0.531109 0.847304 7.77783e-06
    outer loop
      vertex 18.7791 20.1971 9.3
      vertex 18.9722 20.0759 26.8
      vertex 18.8477 20.1541 9.3
    endloop
  endfacet
  facet normal 0.531614 0.846986 0
    outer loop
      vertex 18.9722 20.0759 26.8
      vertex 18.7791 20.1971 9.3
      vertex 18.7791 20.1971 33.3529
    endloop
  endfacet
  facet normal 0.531405 0.847118 -0
    outer loop
      vertex 18.9723 20.0759 9.3
      vertex 18.8478 20.154 9.3
      vertex 18.9723 20.0759 26.7942
    endloop
  endfacet
  facet normal 0.61185 0.790974 -2.68387e-06
    outer loop
      vertex 19.4099 19.7374 33.8126
      vertex 18.9724 20.0758 26.8
      vertex 18.9723 20.0759 33.4741
    endloop
  endfacet
  facet normal 0.611823 0.790995 -0
    outer loop
      vertex 19.4099 19.7374 9.3
      vertex 18.9724 20.0758 26.8
      vertex 19.4099 19.7374 33.8126
    endloop
  endfacet
  facet normal 0.611896 0.790938 2.92106e-06
    outer loop
      vertex 18.9724 20.0758 26.8
      vertex 19.4099 19.7374 9.3
      vertex 19.2544 19.8577 9.3
    endloop
  endfacet
  facet normal 0.707107 0.707107 0
    outer loop
      vertex 18.9723 20.0759 33.4741
      vertex 18.9724 20.0758 26.8
      vertex 18.9723 20.0759 26.8
    endloop
  endfacet
  facet normal 0.611919 0.790921 0
    outer loop
      vertex 19.2542 19.8578 9.3
      vertex 18.9723 20.0759 9.3
      vertex 18.9723 20.0759 26.7942
    endloop
  endfacet
  facet normal 0.356609 0.934254 -0
    outer loop
      vertex 18.2807 20.4455 26.8
      vertex 18.0719 20.5252 33.0248
      vertex 18.2807 20.4455 33.1045
    endloop
  endfacet
  facet normal 0.447211 0.894422 0.00354906
    outer loop
      vertex 18.2805 20.4456 26.8
      vertex 18.0719 20.5252 33.0248
      vertex 18.2807 20.4455 26.8
    endloop
  endfacet
  facet normal 0.356521 0.934287 -5.77947e-08
    outer loop
      vertex 18.0719 20.5252 9.3
      vertex 18.2805 20.4456 26.8
      vertex 18.1458 20.497 9.3
    endloop
  endfacet
  facet normal 0.356517 0.934289 0
    outer loop
      vertex 18.2805 20.4456 26.8
      vertex 18.0719 20.5252 9.3
      vertex 18.0719 20.5252 33.0248
    endloop
  endfacet
  facet normal 0.356746 0.934202 -0
    outer loop
      vertex 18.2807 20.4455 9.3
      vertex 18.1461 20.4969 9.3
      vertex 18.2807 20.4455 26.7751
    endloop
  endfacet
  facet normal 1 0 0
    outer loop
      vertex 20.0759 18.9723 34.5777
      vertex 20.0759 18.9722 26.8
      vertex 20.0759 18.9723 26.8
    endloop
  endfacet
  facet normal 0.867478 0.497475 -6.39617e-06
    outer loop
      vertex 20.3475 18.4987 35.0513
      vertex 20.0759 18.9722 26.8
      vertex 20.0759 18.9723 34.5777
    endloop
  endfacet
  facet normal 0.86743 0.497559 0
    outer loop
      vertex 20.0759 18.9722 26.8
      vertex 20.3475 18.4987 35.0513
      vertex 20.3475 18.4987 9.3
    endloop
  endfacet
  facet normal 0.86748 0.497472 3.11399e-06
    outer loop
      vertex 20.0759 18.9722 26.8
      vertex 20.3475 18.4987 9.3
      vertex 20.2511 18.6668 9.3
    endloop
  endfacet
  facet normal 0.867526 0.497393 0
    outer loop
      vertex 20.251 18.6669 9.3
      vertex 20.0759 18.9723 9.3
      vertex 20.0759 18.9723 26.7949
    endloop
  endfacet
  facet normal 0.81471 0.579869 0
    outer loop
      vertex 20.0759 18.9723 26.8
      vertex 19.9396 19.1638 9.3
      vertex 19.9396 19.1638 34.3862
    endloop
  endfacet
  facet normal 0.814704 0.579877 1.36925e-07
    outer loop
      vertex 19.9396 19.1638 9.3
      vertex 20.0759 18.9723 26.8
      vertex 19.988 19.0958 9.3
    endloop
  endfacet
  facet normal 0.81471 0.579869 -0
    outer loop
      vertex 20.0759 18.9723 26.8
      vertex 19.9396 19.1638 34.3862
      vertex 20.0759 18.9723 34.5777
    endloop
  endfacet
  facet normal 0.814581 0.58005 -0
    outer loop
      vertex 20.0759 18.9723 9.3
      vertex 19.9881 19.0956 9.3
      vertex 20.0759 18.9723 26.7949
    endloop
  endfacet
  facet normal 0.970143 0.242536 0
    outer loop
      vertex 20.4455 18.2807 35.2693
      vertex 20.4456 18.2803 26.8
      vertex 20.4455 18.2807 26.8
    endloop
  endfacet
  facet normal 0.947644 0.319329 -3.89255e-06
    outer loop
      vertex 20.6182 17.7682 35.7818
      vertex 20.4456 18.2803 26.8
      vertex 20.4455 18.2807 35.2693
    endloop
  endfacet
  facet normal 0.947623 0.31939 0
    outer loop
      vertex 20.4456 18.2803 26.8
      vertex 20.6182 17.7682 35.7818
      vertex 20.6182 17.7682 9.3
    endloop
  endfacet
  facet normal 0.947686 0.319204 6.06913e-06
    outer loop
      vertex 20.4456 18.2803 26.8
      vertex 20.6182 17.7682 9.3
      vertex 20.5571 17.9496 9.3
    endloop
  endfacet
  facet normal 0.947589 0.319492 0
    outer loop
      vertex 20.557 17.95 9.3
      vertex 20.4455 18.2807 9.3
      vertex 20.4455 18.2807 26.7772
    endloop
  endfacet
  facet normal 0.974391 0.22486 0
    outer loop
      vertex 20.6182 17.7682 35.7818
      vertex 20.6224 17.75 29.8
      vertex 20.6182 17.7682 9.3
    endloop
  endfacet
  facet normal 0.974391 0.22486 -0
    outer loop
      vertex 20.6731 17.5303 30.0196
      vertex 20.6182 17.7682 35.7818
      vertex 20.6731 17.5303 36.0196
    endloop
  endfacet
  facet normal 0.974391 0.22486 -4.80534e-16
    outer loop
      vertex 20.6182 17.7682 35.7818
      vertex 20.6731 17.5303 30.0196
      vertex 20.6224 17.75 29.8
    endloop
  endfacet
  facet normal 0.974391 0.22486 0
    outer loop
      vertex 20.6182 17.7682 9.3
      vertex 20.6224 17.75 29.8
      vertex 20.6224 17.75 9.3
    endloop
  endfacet
  facet normal 0.991625 0.129147 -0
    outer loop
      vertex 20.7421 17.0005 30.5495
      vertex 20.6731 17.5303 36.0196
      vertex 20.7421 17.0005 36.5495
    endloop
  endfacet
  facet normal 0.991625 0.129147 0
    outer loop
      vertex 20.6731 17.5303 36.0196
      vertex 20.7421 17.0005 30.5495
      vertex 20.6731 17.5303 30.0196
    endloop
  endfacet
  facet normal 0.964236 -0.265046 0
    outer loop
      vertex 20.5252 -18.0719 35.4781
      vertex 20.6705 -17.5433 30.0067
      vertex 20.6705 -17.5433 36.0067
    endloop
  endfacet
  facet normal 0.964254 -0.264979 7.02082e-06
    outer loop
      vertex 20.6705 -17.5433 30.0067
      vertex 20.5252 -18.0719 35.4781
      vertex 20.6137 -17.75 29.8
    endloop
  endfacet
  facet normal 0.964223 -0.265094 0
    outer loop
      vertex 20.5252 -18.0719 9.3
      vertex 20.6137 -17.75 29.8
      vertex 20.5252 -18.0719 35.4781
    endloop
  endfacet
  facet normal 0.964223 -0.265094 0
    outer loop
      vertex 20.6137 -17.75 29.8
      vertex 20.5252 -18.0719 9.3
      vertex 20.6137 -17.75 9.3
    endloop
  endfacet
  facet normal 0.847118 -0.531405 0
    outer loop
      vertex 20.0759 -18.9723 26.7942
      vertex 20.0759 -18.9723 9.3
      vertex 20.154 -18.8478 9.3
    endloop
  endfacet
  facet normal 0.846986 -0.531614 0
    outer loop
      vertex 20.0759 -18.9722 26.8
      vertex 20.1971 -18.7791 9.3
      vertex 20.1971 -18.7791 34.7709
    endloop
  endfacet
  facet normal 0.847304 -0.531109 7.77783e-06
    outer loop
      vertex 20.1971 -18.7791 9.3
      vertex 20.0759 -18.9722 26.8
      vertex 20.1541 -18.8477 9.3
    endloop
  endfacet
  facet normal 0.847113 -0.531412 -6.83251e-06
    outer loop
      vertex 20.0759 -18.9723 34.5777
      vertex 20.0759 -18.9722 26.8
      vertex 20.1971 -18.7791 34.7709
    endloop
  endfacet
  facet normal 1 0 0
    outer loop
      vertex 20.0759 -18.9722 26.8
      vertex 20.0759 -18.9723 34.5777
      vertex 20.0759 -18.9723 26.8
    endloop
  endfacet
  facet normal -0.196115 -0.980581 6.45444e-06
    outer loop
      vertex -17.5433 -20.6705 32.8795
      vertex -17.5305 -20.6731 26.8
      vertex -17.5303 -20.6731 32.8769
    endloop
  endfacet
  facet normal -0.0361758 -0.999345 0.000351221
    outer loop
      vertex -17.5433 -20.6705 32.8795
      vertex -17.5306 -20.6731 26.7897
      vertex -17.5305 -20.6731 26.8
    endloop
  endfacet
  facet normal -0.200565 -0.97968 0
    outer loop
      vertex -17.5433 -20.6705 9.3
      vertex -17.5306 -20.6731 26.7897
      vertex -17.5433 -20.6705 32.8795
    endloop
  endfacet
  facet normal -0.196116 -0.980581 -3.36397e-06
    outer loop
      vertex -17.5306 -20.6731 26.7897
      vertex -17.5433 -20.6705 9.3
      vertex -17.5388 -20.6714 9.3
    endloop
  endfacet
  facet normal 0 -1 -0
    outer loop
      vertex -17.5303 -20.6731 32.8769
      vertex -17.5305 -20.6731 26.8
      vertex -17.5303 -20.6731 26.8
    endloop
  endfacet
  facet normal -0.189286 -0.981922 -0
    outer loop
      vertex -17.5303 -20.6731 26.3526
      vertex -17.5386 -20.6715 9.3
      vertex -17.5303 -20.6731 9.3
    endloop
  endfacet
  facet normal -0.446061 -0.895002 6.98391e-06
    outer loop
      vertex -18.7791 -20.1971 33.3529
      vertex -18.2812 -20.4453 26.8
      vertex -18.2807 -20.4455 33.1045
    endloop
  endfacet
  facet normal -0.446135 -0.894966 0
    outer loop
      vertex -18.7791 -20.1971 9.3
      vertex -18.2812 -20.4453 26.8
      vertex -18.7791 -20.1971 33.3529
    endloop
  endfacet
  facet normal -0.4462 -0.894933 2.32976e-06
    outer loop
      vertex -18.2812 -20.4453 26.8
      vertex -18.7791 -20.1971 9.3
      vertex -18.6024 -20.2852 9.3
    endloop
  endfacet
  facet normal -0.371391 -0.928477 -0
    outer loop
      vertex -18.2807 -20.4455 33.1045
      vertex -18.2812 -20.4453 26.8
      vertex -18.2807 -20.4455 26.8
    endloop
  endfacet
  facet normal -0.446098 -0.894984 -0
    outer loop
      vertex -18.2807 -20.4455 26.7751
      vertex -18.6017 -20.2855 9.3
      vertex -18.2807 -20.4455 9.3
    endloop
  endfacet
  facet normal -0.356746 -0.934202 -0
    outer loop
      vertex -18.2807 -20.4455 26.7751
      vertex -18.2807 -20.4455 9.3
      vertex -18.1461 -20.4969 9.3
    endloop
  endfacet
  facet normal -0.356609 -0.934254 0
    outer loop
      vertex -18.2807 -20.4455 26.8
      vertex -18.0719 -20.5252 33.0248
      vertex -18.2807 -20.4455 33.1045
    endloop
  endfacet
  facet normal -0.447211 -0.894422 0.00354906
    outer loop
      vertex -18.2805 -20.4456 26.8
      vertex -18.0719 -20.5252 33.0248
      vertex -18.2807 -20.4455 26.8
    endloop
  endfacet
  facet normal -0.356521 -0.934287 -5.77947e-08
    outer loop
      vertex -18.0719 -20.5252 9.3
      vertex -18.2805 -20.4456 26.8
      vertex -18.1458 -20.497 9.3
    endloop
  endfacet
  facet normal -0.356517 -0.934289 0
    outer loop
      vertex -18.2805 -20.4456 26.8
      vertex -18.0719 -20.5252 9.3
      vertex -18.0719 -20.5252 33.0248
    endloop
  endfacet
  facet normal -0.497559 0.86743 0
    outer loop
      vertex -18.4987 20.3475 9.3
      vertex -18.9722 20.0759 26.8
      vertex -18.4987 20.3475 33.2025
    endloop
  endfacet
  facet normal -0.497472 0.86748 3.11399e-06
    outer loop
      vertex -18.9722 20.0759 26.8
      vertex -18.4987 20.3475 9.3
      vertex -18.6668 20.2511 9.3
    endloop
  endfacet
  facet normal 0 0.999101 -0.0423828
    outer loop
      vertex -18.9723 20.0759 26.8
      vertex -18.4987 20.3475 33.2025
      vertex -18.9722 20.0759 26.8
    endloop
  endfacet
  facet normal -0.49748 0.867476 0
    outer loop
      vertex -18.4987 20.3475 33.2025
      vertex -18.9723 20.0759 26.8
      vertex -18.9723 20.0759 33.4741
    endloop
  endfacet
  facet normal -0.497393 0.867526 0
    outer loop
      vertex -18.6669 20.251 9.3
      vertex -18.9723 20.0759 9.3
      vertex -18.9723 20.0759 26.7949
    endloop
  endfacet
  facet normal -0.728057 0.685516 1.43771e-05
    outer loop
      vertex -19.7374 19.4099 9.3
      vertex -19.5784 19.5784 26.8
      vertex -19.681 19.4698 9.3
    endloop
  endfacet
  facet normal -0.727312 0.686307 0
    outer loop
      vertex -19.7374 19.4099 34.1401
      vertex -19.5784 19.5784 26.8
      vertex -19.7374 19.4099 9.3
    endloop
  endfacet
  facet normal -0.727312 0.686307 0
    outer loop
      vertex -19.5784 19.5784 26.8
      vertex -19.7374 19.4099 34.1401
      vertex -19.5784 19.5784 33.9716
    endloop
  endfacet
  facet normal -0.727255 0.686368 0
    outer loop
      vertex -19.5784 19.5784 9.3
      vertex -19.6808 19.4699 9.3
      vertex -19.5784 19.5784 26.8
    endloop
  endfacet
  facet normal -0.579869 0.81471 0
    outer loop
      vertex -18.9723 20.0759 33.4741
      vertex -18.9723 20.0759 26.8
      vertex -19.1638 19.9396 33.6104
    endloop
  endfacet
  facet normal -0.579877 0.814704 1.36925e-07
    outer loop
      vertex -19.1638 19.9396 9.3
      vertex -18.9723 20.0759 26.8
      vertex -19.0958 19.988 9.3
    endloop
  endfacet
  facet normal -0.579869 0.81471 0
    outer loop
      vertex -18.9723 20.0759 26.8
      vertex -19.1638 19.9396 9.3
      vertex -19.1638 19.9396 33.6104
    endloop
  endfacet
  facet normal -0.58005 0.814581 0
    outer loop
      vertex -18.9723 20.0759 9.3
      vertex -19.0956 19.9881 9.3
      vertex -18.9723 20.0759 26.7949
    endloop
  endfacet
  facet normal -0.894427 0.447214 0
    outer loop
      vertex -20.4456 18.2805 26.8
      vertex -20.4455 18.2807 35.2693
      vertex -20.4455 18.2807 26.8
    endloop
  endfacet
  facet normal -0.934287 0.356521 -5.77947e-08
    outer loop
      vertex -20.5252 18.0719 9.3
      vertex -20.4456 18.2805 26.8
      vertex -20.497 18.1458 9.3
    endloop
  endfacet
  facet normal -0.934289 0.356517 0
    outer loop
      vertex -20.5252 18.0719 35.4781
      vertex -20.4456 18.2805 26.8
      vertex -20.5252 18.0719 9.3
    endloop
  endfacet
  facet normal -0.934253 0.356612 2.60978e-06
    outer loop
      vertex -20.4456 18.2805 26.8
      vertex -20.5252 18.0719 35.4781
      vertex -20.4455 18.2807 35.2693
    endloop
  endfacet
  facet normal -0.934202 0.356746 0
    outer loop
      vertex -20.4455 18.2807 9.3
      vertex -20.4969 18.1461 9.3
      vertex -20.4455 18.2807 26.7751
    endloop
  endfacet
  facet normal -0.86748 -0.497472 3.11399e-06
    outer loop
      vertex -20.0759 -18.9722 26.8
      vertex -20.3475 -18.4987 9.3
      vertex -20.2511 -18.6668 9.3
    endloop
  endfacet
  facet normal -0.86743 -0.497559 0
    outer loop
      vertex -20.3475 -18.4987 9.3
      vertex -20.0759 -18.9722 26.8
      vertex -20.3475 -18.4987 35.0513
    endloop
  endfacet
  facet normal -1 0 0
    outer loop
      vertex -20.0759 -18.9723 34.5777
      vertex -20.0759 -18.9722 26.8
      vertex -20.0759 -18.9723 26.8
    endloop
  endfacet
  facet normal -0.867478 -0.497475 -6.39617e-06
    outer loop
      vertex -20.0759 -18.9722 26.8
      vertex -20.0759 -18.9723 34.5777
      vertex -20.3475 -18.4987 35.0513
    endloop
  endfacet
  facet normal -0.867526 -0.497393 -0
    outer loop
      vertex -20.0759 -18.9723 26.7949
      vertex -20.251 -18.6669 9.3
      vertex -20.0759 -18.9723 9.3
    endloop
  endfacet
  facet normal 0.790975 -0.611849 0
    outer loop
      vertex 19.7374 -19.4099 34.1401
      vertex 20.0759 -18.9723 26.8
      vertex 20.0759 -18.9723 34.5777
    endloop
  endfacet
  facet normal 0.707075 -0.707075 -0.00954634
    outer loop
      vertex 20.0759 -18.9723 26.8
      vertex 19.7374 -19.4099 34.1401
      vertex 20.0758 -18.9724 26.8
    endloop
  endfacet
  facet normal 0.790995 -0.611823 0
    outer loop
      vertex 19.7374 -19.4099 9.3
      vertex 20.0758 -18.9724 26.8
      vertex 19.7374 -19.4099 34.1401
    endloop
  endfacet
  facet normal 0.790803 -0.61207 9.8874e-06
    outer loop
      vertex 20.0758 -18.9724 26.8
      vertex 19.7374 -19.4099 9.3
      vertex 19.8576 -19.2546 9.3
    endloop
  endfacet
  facet normal 0.790952 -0.611879 0
    outer loop
      vertex 20.0759 -18.9723 26.7942
      vertex 19.8579 -19.2541 9.3
      vertex 20.0759 -18.9723 9.3
    endloop
  endfacet
  facet normal -0.999503 0.0315213 0
    outer loop
      vertex -20.75 16.75 30.8
      vertex -20.7421 17.0005 36.5495
      vertex -20.7421 17.0005 30.5495
    endloop
  endfacet
  facet normal -0.999503 0.0315213 0
    outer loop
      vertex -20.7421 17.0005 36.5495
      vertex -20.75 16.75 30.8
      vertex -20.75 16.75 36.8
    endloop
  endfacet
  facet normal -0.991625 0.129147 0
    outer loop
      vertex -20.7421 17.0005 30.5495
      vertex -20.6731 17.5303 36.0196
      vertex -20.6731 17.5303 30.0196
    endloop
  endfacet
  facet normal -0.991625 0.129147 0
    outer loop
      vertex -20.6731 17.5303 36.0196
      vertex -20.7421 17.0005 30.5495
      vertex -20.7421 17.0005 36.5495
    endloop
  endfacet
  facet normal -0.894933 0.4462 2.32976e-06
    outer loop
      vertex -20.4453 18.2812 26.8
      vertex -20.1971 18.7791 9.3
      vertex -20.2852 18.6024 9.3
    endloop
  endfacet
  facet normal -0.894966 0.446135 0
    outer loop
      vertex -20.1971 18.7791 9.3
      vertex -20.4453 18.2812 26.8
      vertex -20.1971 18.7791 34.7709
    endloop
  endfacet
  facet normal -0.928462 0.371385 0.00571225
    outer loop
      vertex -20.4455 18.2807 26.8
      vertex -20.1971 18.7791 34.7709
      vertex -20.4453 18.2812 26.8
    endloop
  endfacet
  facet normal -0.895001 0.446064 0
    outer loop
      vertex -20.1971 18.7791 34.7709
      vertex -20.4455 18.2807 26.8
      vertex -20.4455 18.2807 35.2693
    endloop
  endfacet
  facet normal -0.894984 0.446098 0
    outer loop
      vertex -20.2855 18.6017 9.3
      vertex -20.4455 18.2807 9.3
      vertex -20.4455 18.2807 26.7751
    endloop
  endfacet
  facet normal -0.814581 -0.58005 -0
    outer loop
      vertex -20.0759 -18.9723 26.7949
      vertex -20.0759 -18.9723 9.3
      vertex -19.9881 -19.0956 9.3
    endloop
  endfacet
  facet normal -0.814704 -0.579877 1.36925e-07
    outer loop
      vertex -19.9396 -19.1638 9.3
      vertex -20.0759 -18.9723 26.8
      vertex -19.988 -19.0958 9.3
    endloop
  endfacet
  facet normal -0.81471 -0.579869 0
    outer loop
      vertex -20.0759 -18.9723 26.8
      vertex -19.9396 -19.1638 9.3
      vertex -19.9396 -19.1638 34.3862
    endloop
  endfacet
  facet normal -0.81471 -0.579869 0
    outer loop
      vertex -20.0759 -18.9723 26.8
      vertex -19.9396 -19.1638 34.3862
      vertex -20.0759 -18.9723 34.5777
    endloop
  endfacet
  facet normal -0.947686 -0.319204 6.06913e-06
    outer loop
      vertex -20.4456 -18.2803 26.8
      vertex -20.6182 -17.7682 9.3
      vertex -20.5571 -17.9496 9.3
    endloop
  endfacet
  facet normal -0.947623 -0.31939 0
    outer loop
      vertex -20.6182 -17.7682 9.3
      vertex -20.4456 -18.2803 26.8
      vertex -20.6182 -17.7682 35.7818
    endloop
  endfacet
  facet normal -0.970143 -0.242536 -0
    outer loop
      vertex -20.4455 -18.2807 35.2693
      vertex -20.4456 -18.2803 26.8
      vertex -20.4455 -18.2807 26.8
    endloop
  endfacet
  facet normal -0.947644 -0.319329 -3.89255e-06
    outer loop
      vertex -20.4456 -18.2803 26.8
      vertex -20.4455 -18.2807 35.2693
      vertex -20.6182 -17.7682 35.7818
    endloop
  endfacet
  facet normal -0.947589 -0.319492 -0
    outer loop
      vertex -20.4455 -18.2807 26.7772
      vertex -20.557 -17.95 9.3
      vertex -20.4455 -18.2807 9.3
    endloop
  endfacet
  facet normal -0.991625 -0.129147 -0
    outer loop
      vertex -20.6731 -17.5303 36.0196
      vertex -20.7421 -17.0005 30.5495
      vertex -20.6731 -17.5303 30.0196
    endloop
  endfacet
  facet normal -0.991625 -0.129147 0
    outer loop
      vertex -20.7421 -17.0005 30.5495
      vertex -20.6731 -17.5303 36.0196
      vertex -20.7421 -17.0005 36.5495
    endloop
  endfacet
  facet normal -0.974391 -0.22486 0
    outer loop
      vertex -20.6224 -17.75 9.3
      vertex -20.6182 -17.7682 9.3
      vertex -20.6224 -17.75 29.8
    endloop
  endfacet
  facet normal -0.974391 -0.22486 -4.80534e-16
    outer loop
      vertex -20.6182 -17.7682 35.7818
      vertex -20.6731 -17.5303 30.0196
      vertex -20.6224 -17.75 29.8
    endloop
  endfacet
  facet normal -0.974391 -0.22486 0
    outer loop
      vertex -20.6731 -17.5303 30.0196
      vertex -20.6182 -17.7682 35.7818
      vertex -20.6731 -17.5303 36.0196
    endloop
  endfacet
  facet normal -0.974391 -0.22486 -0
    outer loop
      vertex -20.6182 -17.7682 35.7818
      vertex -20.6224 -17.75 29.8
      vertex -20.6182 -17.7682 9.3
    endloop
  endfacet
  facet normal 0.727255 -0.686368 0
    outer loop
      vertex 19.5784 -19.5784 26.8
      vertex 19.5784 -19.5784 9.3
      vertex 19.6808 -19.4699 9.3
    endloop
  endfacet
  facet normal 0.727312 -0.686307 0
    outer loop
      vertex 19.5784 -19.5784 26.8
      vertex 19.7374 -19.4099 9.3
      vertex 19.7374 -19.4099 34.1401
    endloop
  endfacet
  facet normal 0.727312 -0.686307 0
    outer loop
      vertex 19.5784 -19.5784 26.8
      vertex 19.7374 -19.4099 34.1401
      vertex 19.5784 -19.5784 33.9716
    endloop
  endfacet
  facet normal 0.728057 -0.685516 1.43771e-05
    outer loop
      vertex 19.7374 -19.4099 9.3
      vertex 19.5784 -19.5784 26.8
      vertex 19.681 -19.4698 9.3
    endloop
  endfacet
  facet normal -0.964223 0.265094 0
    outer loop
      vertex -20.6137 17.75 29.8
      vertex -20.5252 18.0719 9.3
      vertex -20.6137 17.75 9.3
    endloop
  endfacet
  facet normal -0.964223 0.265094 0
    outer loop
      vertex -20.5252 18.0719 9.3
      vertex -20.6137 17.75 29.8
      vertex -20.5252 18.0719 35.4781
    endloop
  endfacet
  facet normal -0.964254 0.264979 7.02082e-06
    outer loop
      vertex -20.6705 17.5433 30.0067
      vertex -20.5252 18.0719 35.4781
      vertex -20.6137 17.75 29.8
    endloop
  endfacet
  facet normal -0.964236 0.265046 0
    outer loop
      vertex -20.5252 18.0719 35.4781
      vertex -20.6705 17.5433 30.0067
      vertex -20.6705 17.5433 36.0067
    endloop
  endfacet
  facet normal -0.980581 0.196116 0
    outer loop
      vertex -20.6731 17.5303 30.0196
      vertex -20.6705 17.5433 36.0067
      vertex -20.6705 17.5433 30.0067
    endloop
  endfacet
  facet normal -0.980581 0.196116 0
    outer loop
      vertex -20.6705 17.5433 36.0067
      vertex -20.6731 17.5303 30.0196
      vertex -20.6731 17.5303 36.0196
    endloop
  endfacet
  facet normal -0.911982 -0.41023 -0
    outer loop
      vertex -20.4455 -18.2807 26.7772
      vertex -20.4455 -18.2807 9.3
      vertex -20.3823 -18.4212 9.3
    endloop
  endfacet
  facet normal -0.894427 -0.447213 -0.00119238
    outer loop
      vertex -20.3475 -18.4987 35.0513
      vertex -20.4455 -18.2807 26.8
      vertex -20.4454 -18.2809 26.8
    endloop
  endfacet
  facet normal -0.912297 -0.40953 -6.75076e-06
    outer loop
      vertex -20.3475 -18.4987 9.3
      vertex -20.4454 -18.2809 26.8
      vertex -20.3822 -18.4214 9.3
    endloop
  endfacet
  facet normal -0.912094 -0.409982 0
    outer loop
      vertex -20.4454 -18.2809 26.8
      vertex -20.3475 -18.4987 9.3
      vertex -20.3475 -18.4987 35.0513
    endloop
  endfacet
  facet normal -0.912078 -0.410017 0
    outer loop
      vertex -20.4455 -18.2807 26.8
      vertex -20.3475 -18.4987 35.0513
      vertex -20.4455 -18.2807 35.2693
    endloop
  endfacet
endsolid OpenSCAD_Model
