solid OpenSCAD_Model
  facet normal -0.997854 -0.0654722 0
    outer loop
      vertex 93.8 29.45 0
      vertex 93.7863 29.6588 3
      vertex 93.7863 29.6588 0
    endloop
  endfacet
  facet normal -0.997854 -0.0654722 0
    outer loop
      vertex 93.7863 29.6588 3
      vertex 93.8 29.45 0
      vertex 93.8 29.45 3
    endloop
  endfacet
  facet normal 0.0654722 -0.997854 0
    outer loop
      vertex 91.9912 31.0363 0
      vertex 92.2 31.05 3
      vertex 91.9912 31.0363 3
    endloop
  endfacet
  facet normal 0.0654722 -0.997854 0
    outer loop
      vertex 92.2 31.05 3
      vertex 91.9912 31.0363 0
      vertex 92.2 31.05 0
    endloop
  endfacet
  facet normal -0.659248 -0.751925 0
    outer loop
      vertex 93.174 30.7194 0
      vertex 93.3314 30.5814 3
      vertex 93.174 30.7194 3
    endloop
  endfacet
  facet normal -0.659248 -0.751925 -0
    outer loop
      vertex 93.3314 30.5814 3
      vertex 93.174 30.7194 0
      vertex 93.3314 30.5814 0
    endloop
  endfacet
  facet normal 0.751925 -0.659248 0
    outer loop
      vertex 90.9306 30.424 3
      vertex 91.0686 30.5814 0
      vertex 91.0686 30.5814 3
    endloop
  endfacet
  facet normal 0.751925 -0.659248 0
    outer loop
      vertex 91.0686 30.5814 0
      vertex 90.9306 30.424 3
      vertex 90.9306 30.424 0
    endloop
  endfacet
  facet normal 0.442429 -0.896803 0
    outer loop
      vertex 91.4 30.8356 0
      vertex 91.5877 30.9282 3
      vertex 91.4 30.8356 3
    endloop
  endfacet
  facet normal 0.442429 -0.896803 0
    outer loop
      vertex 91.5877 30.9282 3
      vertex 91.4 30.8356 0
      vertex 91.5877 30.9282 0
    endloop
  endfacet
  facet normal -0.896803 -0.442429 0
    outer loop
      vertex 93.6782 30.0623 0
      vertex 93.5856 30.25 3
      vertex 93.5856 30.25 0
    endloop
  endfacet
  facet normal -0.896803 -0.442429 0
    outer loop
      vertex 93.5856 30.25 3
      vertex 93.6782 30.0623 0
      vertex 93.6782 30.0623 3
    endloop
  endfacet
  facet normal -0.980819 -0.194922 0
    outer loop
      vertex 93.7863 29.6588 0
      vertex 93.7455 29.8641 3
      vertex 93.7455 29.8641 0
    endloop
  endfacet
  facet normal -0.980819 -0.194922 0
    outer loop
      vertex 93.7455 29.8641 3
      vertex 93.7863 29.6588 0
      vertex 93.7863 29.6588 3
    endloop
  endfacet
  facet normal -0.831609 -0.555362 0
    outer loop
      vertex 93.5856 30.25 0
      vertex 93.4694 30.424 3
      vertex 93.4694 30.424 0
    endloop
  endfacet
  facet normal -0.831609 -0.555362 0
    outer loop
      vertex 93.4694 30.424 3
      vertex 93.5856 30.25 0
      vertex 93.5856 30.25 3
    endloop
  endfacet
  facet normal -0.321526 -0.946901 0
    outer loop
      vertex 92.6141 30.9955 0
      vertex 92.8123 30.9282 3
      vertex 92.6141 30.9955 3
    endloop
  endfacet
  facet normal -0.321526 -0.946901 -0
    outer loop
      vertex 92.8123 30.9282 3
      vertex 92.6141 30.9955 0
      vertex 92.8123 30.9282 0
    endloop
  endfacet
  facet normal -0.194922 -0.980819 0
    outer loop
      vertex 92.4088 31.0363 0
      vertex 92.6141 30.9955 3
      vertex 92.4088 31.0363 3
    endloop
  endfacet
  facet normal -0.194922 -0.980819 -0
    outer loop
      vertex 92.6141 30.9955 3
      vertex 92.4088 31.0363 0
      vertex 92.6141 30.9955 0
    endloop
  endfacet
  facet normal -0.555362 -0.831609 0
    outer loop
      vertex 93 30.8356 0
      vertex 93.174 30.7194 3
      vertex 93 30.8356 3
    endloop
  endfacet
  facet normal -0.555362 -0.831609 -0
    outer loop
      vertex 93.174 30.7194 3
      vertex 93 30.8356 0
      vertex 93.174 30.7194 0
    endloop
  endfacet
  facet normal 0.946901 -0.321526 0
    outer loop
      vertex 90.6545 29.8641 3
      vertex 90.7218 30.0623 0
      vertex 90.7218 30.0623 3
    endloop
  endfacet
  facet normal 0.946901 -0.321526 0
    outer loop
      vertex 90.7218 30.0623 0
      vertex 90.6545 29.8641 3
      vertex 90.6545 29.8641 0
    endloop
  endfacet
  facet normal 0.831609 -0.555362 0
    outer loop
      vertex 90.8144 30.25 3
      vertex 90.9306 30.424 0
      vertex 90.9306 30.424 3
    endloop
  endfacet
  facet normal 0.831609 -0.555362 0
    outer loop
      vertex 90.9306 30.424 0
      vertex 90.8144 30.25 3
      vertex 90.8144 30.25 0
    endloop
  endfacet
  facet normal 0.980819 -0.194922 0
    outer loop
      vertex 90.6137 29.6588 3
      vertex 90.6545 29.8641 0
      vertex 90.6545 29.8641 3
    endloop
  endfacet
  facet normal 0.980819 -0.194922 0
    outer loop
      vertex 90.6545 29.8641 0
      vertex 90.6137 29.6588 3
      vertex 90.6137 29.6588 0
    endloop
  endfacet
  facet normal 0.321526 -0.946901 0
    outer loop
      vertex 91.5877 30.9282 0
      vertex 91.7859 30.9955 3
      vertex 91.5877 30.9282 3
    endloop
  endfacet
  facet normal 0.321526 -0.946901 0
    outer loop
      vertex 91.7859 30.9955 3
      vertex 91.5877 30.9282 0
      vertex 91.7859 30.9955 0
    endloop
  endfacet
  facet normal -0.194922 0.980819 0
    outer loop
      vertex 92.6141 27.9045 0
      vertex 92.4088 27.8637 3
      vertex 92.6141 27.9045 3
    endloop
  endfacet
  facet normal -0.194922 0.980819 0
    outer loop
      vertex 92.4088 27.8637 3
      vertex 92.6141 27.9045 0
      vertex 92.4088 27.8637 0
    endloop
  endfacet
  facet normal -0.980819 0.194922 0
    outer loop
      vertex 93.7455 29.0359 0
      vertex 93.7863 29.2412 3
      vertex 93.7863 29.2412 0
    endloop
  endfacet
  facet normal -0.980819 0.194922 0
    outer loop
      vertex 93.7863 29.2412 3
      vertex 93.7455 29.0359 0
      vertex 93.7455 29.0359 3
    endloop
  endfacet
  facet normal 0.555362 0.831609 -0
    outer loop
      vertex 91.4 28.0644 0
      vertex 91.226 28.1806 3
      vertex 91.4 28.0644 3
    endloop
  endfacet
  facet normal 0.555362 0.831609 0
    outer loop
      vertex 91.226 28.1806 3
      vertex 91.4 28.0644 0
      vertex 91.226 28.1806 0
    endloop
  endfacet
  facet normal 0.194922 0.980819 -0
    outer loop
      vertex 91.9912 27.8637 0
      vertex 91.7859 27.9045 3
      vertex 91.9912 27.8637 3
    endloop
  endfacet
  facet normal 0.194922 0.980819 0
    outer loop
      vertex 91.7859 27.9045 3
      vertex 91.9912 27.8637 0
      vertex 91.7859 27.9045 0
    endloop
  endfacet
  facet normal -0.946901 -0.321526 0
    outer loop
      vertex 93.7455 29.8641 0
      vertex 93.6782 30.0623 3
      vertex 93.6782 30.0623 0
    endloop
  endfacet
  facet normal -0.946901 -0.321526 0
    outer loop
      vertex 93.6782 30.0623 3
      vertex 93.7455 29.8641 0
      vertex 93.7455 29.8641 3
    endloop
  endfacet
  facet normal -0.751925 -0.659248 0
    outer loop
      vertex 93.4694 30.424 0
      vertex 93.3314 30.5814 3
      vertex 93.3314 30.5814 0
    endloop
  endfacet
  facet normal -0.751925 -0.659248 0
    outer loop
      vertex 93.3314 30.5814 3
      vertex 93.4694 30.424 0
      vertex 93.4694 30.424 3
    endloop
  endfacet
  facet normal -0.0654722 -0.997854 0
    outer loop
      vertex 92.2 31.05 0
      vertex 92.4088 31.0363 3
      vertex 92.2 31.05 3
    endloop
  endfacet
  facet normal -0.0654722 -0.997854 -0
    outer loop
      vertex 92.4088 31.0363 3
      vertex 92.2 31.05 0
      vertex 92.4088 31.0363 0
    endloop
  endfacet
  facet normal -0.442429 -0.896803 0
    outer loop
      vertex 92.8123 30.9282 0
      vertex 93 30.8356 3
      vertex 92.8123 30.9282 3
    endloop
  endfacet
  facet normal -0.442429 -0.896803 -0
    outer loop
      vertex 93 30.8356 3
      vertex 92.8123 30.9282 0
      vertex 93 30.8356 0
    endloop
  endfacet
  facet normal 0.896803 -0.442429 0
    outer loop
      vertex 90.7218 30.0623 3
      vertex 90.8144 30.25 0
      vertex 90.8144 30.25 3
    endloop
  endfacet
  facet normal 0.896803 -0.442429 0
    outer loop
      vertex 90.8144 30.25 0
      vertex 90.7218 30.0623 3
      vertex 90.7218 30.0623 0
    endloop
  endfacet
  facet normal 0.997854 -0.0654722 0
    outer loop
      vertex 90.6 29.45 3
      vertex 90.6137 29.6588 0
      vertex 90.6137 29.6588 3
    endloop
  endfacet
  facet normal 0.997854 -0.0654722 0
    outer loop
      vertex 90.6137 29.6588 0
      vertex 90.6 29.45 3
      vertex 90.6 29.45 0
    endloop
  endfacet
  facet normal 0.555362 -0.831609 0
    outer loop
      vertex 91.226 30.7194 0
      vertex 91.4 30.8356 3
      vertex 91.226 30.7194 3
    endloop
  endfacet
  facet normal 0.555362 -0.831609 0
    outer loop
      vertex 91.4 30.8356 3
      vertex 91.226 30.7194 0
      vertex 91.4 30.8356 0
    endloop
  endfacet
  facet normal 0.659248 -0.751925 0
    outer loop
      vertex 91.0686 30.5814 0
      vertex 91.226 30.7194 3
      vertex 91.0686 30.5814 3
    endloop
  endfacet
  facet normal 0.659248 -0.751925 0
    outer loop
      vertex 91.226 30.7194 3
      vertex 91.0686 30.5814 0
      vertex 91.226 30.7194 0
    endloop
  endfacet
  facet normal 0.194922 -0.980819 0
    outer loop
      vertex 91.7859 30.9955 0
      vertex 91.9912 31.0363 3
      vertex 91.7859 30.9955 3
    endloop
  endfacet
  facet normal 0.194922 -0.980819 0
    outer loop
      vertex 91.9912 31.0363 3
      vertex 91.7859 30.9955 0
      vertex 91.9912 31.0363 0
    endloop
  endfacet
  facet normal -0.997854 0.0654722 0
    outer loop
      vertex 93.7863 29.2412 0
      vertex 93.8 29.45 3
      vertex 93.8 29.45 0
    endloop
  endfacet
  facet normal -0.997854 0.0654722 0
    outer loop
      vertex 93.8 29.45 3
      vertex 93.7863 29.2412 0
      vertex 93.7863 29.2412 3
    endloop
  endfacet
  facet normal -0.321526 0.946901 0
    outer loop
      vertex 92.8123 27.9718 0
      vertex 92.6141 27.9045 3
      vertex 92.8123 27.9718 3
    endloop
  endfacet
  facet normal -0.321526 0.946901 0
    outer loop
      vertex 92.6141 27.9045 3
      vertex 92.8123 27.9718 0
      vertex 92.6141 27.9045 0
    endloop
  endfacet
  facet normal -0.751925 0.659248 0
    outer loop
      vertex 93.3314 28.3186 0
      vertex 93.4694 28.476 3
      vertex 93.4694 28.476 0
    endloop
  endfacet
  facet normal -0.751925 0.659248 0
    outer loop
      vertex 93.4694 28.476 3
      vertex 93.3314 28.3186 0
      vertex 93.3314 28.3186 3
    endloop
  endfacet
  facet normal -0.555362 0.831609 0
    outer loop
      vertex 93.174 28.1806 0
      vertex 93 28.0644 3
      vertex 93.174 28.1806 3
    endloop
  endfacet
  facet normal -0.555362 0.831609 0
    outer loop
      vertex 93 28.0644 3
      vertex 93.174 28.1806 0
      vertex 93 28.0644 0
    endloop
  endfacet
  facet normal -0.831609 0.555362 0
    outer loop
      vertex 93.4694 28.476 0
      vertex 93.5856 28.65 3
      vertex 93.5856 28.65 0
    endloop
  endfacet
  facet normal -0.831609 0.555362 0
    outer loop
      vertex 93.5856 28.65 3
      vertex 93.4694 28.476 0
      vertex 93.4694 28.476 3
    endloop
  endfacet
  facet normal -0.946901 0.321526 0
    outer loop
      vertex 93.6782 28.8377 0
      vertex 93.7455 29.0359 3
      vertex 93.7455 29.0359 0
    endloop
  endfacet
  facet normal -0.946901 0.321526 0
    outer loop
      vertex 93.7455 29.0359 3
      vertex 93.6782 28.8377 0
      vertex 93.6782 28.8377 3
    endloop
  endfacet
  facet normal 0.442429 0.896803 -0
    outer loop
      vertex 91.5877 27.9718 0
      vertex 91.4 28.0644 3
      vertex 91.5877 27.9718 3
    endloop
  endfacet
  facet normal 0.442429 0.896803 0
    outer loop
      vertex 91.4 28.0644 3
      vertex 91.5877 27.9718 0
      vertex 91.4 28.0644 0
    endloop
  endfacet
  facet normal 0.0654722 0.997854 -0
    outer loop
      vertex 92.2 27.85 0
      vertex 91.9912 27.8637 3
      vertex 92.2 27.85 3
    endloop
  endfacet
  facet normal 0.0654722 0.997854 0
    outer loop
      vertex 91.9912 27.8637 3
      vertex 92.2 27.85 0
      vertex 91.9912 27.8637 0
    endloop
  endfacet
  facet normal 0.831609 0.555362 0
    outer loop
      vertex 90.9306 28.476 3
      vertex 90.8144 28.65 0
      vertex 90.8144 28.65 3
    endloop
  endfacet
  facet normal 0.831609 0.555362 0
    outer loop
      vertex 90.8144 28.65 0
      vertex 90.9306 28.476 3
      vertex 90.9306 28.476 0
    endloop
  endfacet
  facet normal 0.659248 0.751925 -0
    outer loop
      vertex 91.226 28.1806 0
      vertex 91.0686 28.3186 3
      vertex 91.226 28.1806 3
    endloop
  endfacet
  facet normal 0.659248 0.751925 0
    outer loop
      vertex 91.0686 28.3186 3
      vertex 91.226 28.1806 0
      vertex 91.0686 28.3186 0
    endloop
  endfacet
  facet normal 0.896803 0.442429 0
    outer loop
      vertex 90.8144 28.65 3
      vertex 90.7218 28.8377 0
      vertex 90.7218 28.8377 3
    endloop
  endfacet
  facet normal 0.896803 0.442429 0
    outer loop
      vertex 90.7218 28.8377 0
      vertex 90.8144 28.65 3
      vertex 90.8144 28.65 0
    endloop
  endfacet
  facet normal 0.980819 0.194922 0
    outer loop
      vertex 90.6545 29.0359 3
      vertex 90.6137 29.2412 0
      vertex 90.6137 29.2412 3
    endloop
  endfacet
  facet normal 0.980819 0.194922 0
    outer loop
      vertex 90.6137 29.2412 0
      vertex 90.6545 29.0359 3
      vertex 90.6545 29.0359 0
    endloop
  endfacet
  facet normal 0.997854 0.0654722 0
    outer loop
      vertex 90.6137 29.2412 3
      vertex 90.6 29.45 0
      vertex 90.6 29.45 3
    endloop
  endfacet
  facet normal 0.997854 0.0654722 0
    outer loop
      vertex 90.6 29.45 0
      vertex 90.6137 29.2412 3
      vertex 90.6137 29.2412 0
    endloop
  endfacet
  facet normal -0.442429 0.896803 0
    outer loop
      vertex 93 28.0644 0
      vertex 92.8123 27.9718 3
      vertex 93 28.0644 3
    endloop
  endfacet
  facet normal -0.442429 0.896803 0
    outer loop
      vertex 92.8123 27.9718 3
      vertex 93 28.0644 0
      vertex 92.8123 27.9718 0
    endloop
  endfacet
  facet normal -0.659248 0.751925 0
    outer loop
      vertex 93.3314 28.3186 0
      vertex 93.174 28.1806 3
      vertex 93.3314 28.3186 3
    endloop
  endfacet
  facet normal -0.659248 0.751925 0
    outer loop
      vertex 93.174 28.1806 3
      vertex 93.3314 28.3186 0
      vertex 93.174 28.1806 0
    endloop
  endfacet
  facet normal -0.896803 0.442429 0
    outer loop
      vertex 93.5856 28.65 0
      vertex 93.6782 28.8377 3
      vertex 93.6782 28.8377 0
    endloop
  endfacet
  facet normal -0.896803 0.442429 0
    outer loop
      vertex 93.6782 28.8377 3
      vertex 93.5856 28.65 0
      vertex 93.5856 28.65 3
    endloop
  endfacet
  facet normal 0.321526 0.946901 -0
    outer loop
      vertex 91.7859 27.9045 0
      vertex 91.5877 27.9718 3
      vertex 91.7859 27.9045 3
    endloop
  endfacet
  facet normal 0.321526 0.946901 0
    outer loop
      vertex 91.5877 27.9718 3
      vertex 91.7859 27.9045 0
      vertex 91.5877 27.9718 0
    endloop
  endfacet
  facet normal -0.0654722 0.997854 0
    outer loop
      vertex 92.4088 27.8637 0
      vertex 92.2 27.85 3
      vertex 92.4088 27.8637 3
    endloop
  endfacet
  facet normal -0.0654722 0.997854 0
    outer loop
      vertex 92.2 27.85 3
      vertex 92.4088 27.8637 0
      vertex 92.2 27.85 0
    endloop
  endfacet
  facet normal 0.751925 0.659248 0
    outer loop
      vertex 91.0686 28.3186 3
      vertex 90.9306 28.476 0
      vertex 90.9306 28.476 3
    endloop
  endfacet
  facet normal 0.751925 0.659248 0
    outer loop
      vertex 90.9306 28.476 0
      vertex 91.0686 28.3186 3
      vertex 91.0686 28.3186 0
    endloop
  endfacet
  facet normal 0.946901 0.321526 0
    outer loop
      vertex 90.7218 28.8377 3
      vertex 90.6545 29.0359 0
      vertex 90.6545 29.0359 3
    endloop
  endfacet
  facet normal 0.946901 0.321526 0
    outer loop
      vertex 90.6545 29.0359 0
      vertex 90.7218 28.8377 3
      vertex 90.7218 28.8377 0
    endloop
  endfacet
  facet normal -0.997854 -0.0654722 0
    outer loop
      vertex 93.8 59.45 0
      vertex 93.7863 59.6588 3
      vertex 93.7863 59.6588 0
    endloop
  endfacet
  facet normal -0.997854 -0.0654722 0
    outer loop
      vertex 93.7863 59.6588 3
      vertex 93.8 59.45 0
      vertex 93.8 59.45 3
    endloop
  endfacet
  facet normal 0.0654722 -0.997854 0
    outer loop
      vertex 91.9912 61.0363 0
      vertex 92.2 61.05 3
      vertex 91.9912 61.0363 3
    endloop
  endfacet
  facet normal 0.0654722 -0.997854 0
    outer loop
      vertex 92.2 61.05 3
      vertex 91.9912 61.0363 0
      vertex 92.2 61.05 0
    endloop
  endfacet
  facet normal -0.0654722 0.997854 0
    outer loop
      vertex 92.4088 57.8637 0
      vertex 92.2 57.85 3
      vertex 92.4088 57.8637 3
    endloop
  endfacet
  facet normal -0.0654722 0.997854 0
    outer loop
      vertex 92.2 57.85 3
      vertex 92.4088 57.8637 0
      vertex 92.2 57.85 0
    endloop
  endfacet
  facet normal -0.659248 -0.751925 0
    outer loop
      vertex 93.174 60.7194 0
      vertex 93.3314 60.5814 3
      vertex 93.174 60.7194 3
    endloop
  endfacet
  facet normal -0.659248 -0.751925 -0
    outer loop
      vertex 93.3314 60.5814 3
      vertex 93.174 60.7194 0
      vertex 93.3314 60.5814 0
    endloop
  endfacet
  facet normal 0.751925 -0.659248 0
    outer loop
      vertex 90.9306 60.424 3
      vertex 91.0686 60.5814 0
      vertex 91.0686 60.5814 3
    endloop
  endfacet
  facet normal 0.751925 -0.659248 0
    outer loop
      vertex 91.0686 60.5814 0
      vertex 90.9306 60.424 3
      vertex 90.9306 60.424 0
    endloop
  endfacet
  facet normal 0.442429 -0.896803 0
    outer loop
      vertex 91.4 60.8356 0
      vertex 91.5877 60.9282 3
      vertex 91.4 60.8356 3
    endloop
  endfacet
  facet normal 0.442429 -0.896803 0
    outer loop
      vertex 91.5877 60.9282 3
      vertex 91.4 60.8356 0
      vertex 91.5877 60.9282 0
    endloop
  endfacet
  facet normal -0.896803 -0.442429 0
    outer loop
      vertex 93.6782 60.0623 0
      vertex 93.5856 60.25 3
      vertex 93.5856 60.25 0
    endloop
  endfacet
  facet normal -0.896803 -0.442429 0
    outer loop
      vertex 93.5856 60.25 3
      vertex 93.6782 60.0623 0
      vertex 93.6782 60.0623 3
    endloop
  endfacet
  facet normal -0.980819 -0.194922 0
    outer loop
      vertex 93.7863 59.6588 0
      vertex 93.7455 59.8641 3
      vertex 93.7455 59.8641 0
    endloop
  endfacet
  facet normal -0.980819 -0.194922 0
    outer loop
      vertex 93.7455 59.8641 3
      vertex 93.7863 59.6588 0
      vertex 93.7863 59.6588 3
    endloop
  endfacet
  facet normal -0.831609 -0.555362 0
    outer loop
      vertex 93.5856 60.25 0
      vertex 93.4694 60.424 3
      vertex 93.4694 60.424 0
    endloop
  endfacet
  facet normal -0.831609 -0.555362 0
    outer loop
      vertex 93.4694 60.424 3
      vertex 93.5856 60.25 0
      vertex 93.5856 60.25 3
    endloop
  endfacet
  facet normal -0.321526 -0.946901 0
    outer loop
      vertex 92.6141 60.9955 0
      vertex 92.8123 60.9282 3
      vertex 92.6141 60.9955 3
    endloop
  endfacet
  facet normal -0.321526 -0.946901 -0
    outer loop
      vertex 92.8123 60.9282 3
      vertex 92.6141 60.9955 0
      vertex 92.8123 60.9282 0
    endloop
  endfacet
  facet normal -0.194922 -0.980819 0
    outer loop
      vertex 92.4088 61.0363 0
      vertex 92.6141 60.9955 3
      vertex 92.4088 61.0363 3
    endloop
  endfacet
  facet normal -0.194922 -0.980819 -0
    outer loop
      vertex 92.6141 60.9955 3
      vertex 92.4088 61.0363 0
      vertex 92.6141 60.9955 0
    endloop
  endfacet
  facet normal -0.555362 -0.831609 0
    outer loop
      vertex 93 60.8356 0
      vertex 93.174 60.7194 3
      vertex 93 60.8356 3
    endloop
  endfacet
  facet normal -0.555362 -0.831609 -0
    outer loop
      vertex 93.174 60.7194 3
      vertex 93 60.8356 0
      vertex 93.174 60.7194 0
    endloop
  endfacet
  facet normal 0.896803 -0.442429 0
    outer loop
      vertex 90.7218 60.0623 3
      vertex 90.8144 60.25 0
      vertex 90.8144 60.25 3
    endloop
  endfacet
  facet normal 0.896803 -0.442429 0
    outer loop
      vertex 90.8144 60.25 0
      vertex 90.7218 60.0623 3
      vertex 90.7218 60.0623 0
    endloop
  endfacet
  facet normal 0.831609 -0.555362 0
    outer loop
      vertex 90.8144 60.25 3
      vertex 90.9306 60.424 0
      vertex 90.9306 60.424 3
    endloop
  endfacet
  facet normal 0.831609 -0.555362 0
    outer loop
      vertex 90.9306 60.424 0
      vertex 90.8144 60.25 3
      vertex 90.8144 60.25 0
    endloop
  endfacet
  facet normal 0.980819 -0.194922 0
    outer loop
      vertex 90.6137 59.6588 3
      vertex 90.6545 59.8641 0
      vertex 90.6545 59.8641 3
    endloop
  endfacet
  facet normal 0.980819 -0.194922 0
    outer loop
      vertex 90.6545 59.8641 0
      vertex 90.6137 59.6588 3
      vertex 90.6137 59.6588 0
    endloop
  endfacet
  facet normal 0.659248 -0.751925 0
    outer loop
      vertex 91.0686 60.5814 0
      vertex 91.226 60.7194 3
      vertex 91.0686 60.5814 3
    endloop
  endfacet
  facet normal 0.659248 -0.751925 0
    outer loop
      vertex 91.226 60.7194 3
      vertex 91.0686 60.5814 0
      vertex 91.226 60.7194 0
    endloop
  endfacet
  facet normal 0.321526 -0.946901 0
    outer loop
      vertex 91.5877 60.9282 0
      vertex 91.7859 60.9955 3
      vertex 91.5877 60.9282 3
    endloop
  endfacet
  facet normal 0.321526 -0.946901 0
    outer loop
      vertex 91.7859 60.9955 3
      vertex 91.5877 60.9282 0
      vertex 91.7859 60.9955 0
    endloop
  endfacet
  facet normal -0.321526 0.946901 0
    outer loop
      vertex 92.8123 57.9718 0
      vertex 92.6141 57.9045 3
      vertex 92.8123 57.9718 3
    endloop
  endfacet
  facet normal -0.321526 0.946901 0
    outer loop
      vertex 92.6141 57.9045 3
      vertex 92.8123 57.9718 0
      vertex 92.6141 57.9045 0
    endloop
  endfacet
  facet normal -0.194922 0.980819 0
    outer loop
      vertex 92.6141 57.9045 0
      vertex 92.4088 57.8637 3
      vertex 92.6141 57.9045 3
    endloop
  endfacet
  facet normal -0.194922 0.980819 0
    outer loop
      vertex 92.4088 57.8637 3
      vertex 92.6141 57.9045 0
      vertex 92.4088 57.8637 0
    endloop
  endfacet
  facet normal -0.980819 0.194922 0
    outer loop
      vertex 93.7455 59.0359 0
      vertex 93.7863 59.2412 3
      vertex 93.7863 59.2412 0
    endloop
  endfacet
  facet normal -0.980819 0.194922 0
    outer loop
      vertex 93.7863 59.2412 3
      vertex 93.7455 59.0359 0
      vertex 93.7455 59.0359 3
    endloop
  endfacet
  facet normal 0.321526 0.946901 -0
    outer loop
      vertex 91.7859 57.9045 0
      vertex 91.5877 57.9718 3
      vertex 91.7859 57.9045 3
    endloop
  endfacet
  facet normal 0.321526 0.946901 0
    outer loop
      vertex 91.5877 57.9718 3
      vertex 91.7859 57.9045 0
      vertex 91.5877 57.9718 0
    endloop
  endfacet
  facet normal 0.555362 0.831609 -0
    outer loop
      vertex 91.4 58.0644 0
      vertex 91.226 58.1806 3
      vertex 91.4 58.0644 3
    endloop
  endfacet
  facet normal 0.555362 0.831609 0
    outer loop
      vertex 91.226 58.1806 3
      vertex 91.4 58.0644 0
      vertex 91.226 58.1806 0
    endloop
  endfacet
  facet normal 0.194922 0.980819 -0
    outer loop
      vertex 91.9912 57.8637 0
      vertex 91.7859 57.9045 3
      vertex 91.9912 57.8637 3
    endloop
  endfacet
  facet normal 0.194922 0.980819 0
    outer loop
      vertex 91.7859 57.9045 3
      vertex 91.9912 57.8637 0
      vertex 91.7859 57.9045 0
    endloop
  endfacet
  facet normal 0.659248 0.751925 -0
    outer loop
      vertex 91.226 58.1806 0
      vertex 91.0686 58.3186 3
      vertex 91.226 58.1806 3
    endloop
  endfacet
  facet normal 0.659248 0.751925 0
    outer loop
      vertex 91.0686 58.3186 3
      vertex 91.226 58.1806 0
      vertex 91.0686 58.3186 0
    endloop
  endfacet
  facet normal -0.946901 -0.321526 0
    outer loop
      vertex 93.7455 59.8641 0
      vertex 93.6782 60.0623 3
      vertex 93.6782 60.0623 0
    endloop
  endfacet
  facet normal -0.946901 -0.321526 0
    outer loop
      vertex 93.6782 60.0623 3
      vertex 93.7455 59.8641 0
      vertex 93.7455 59.8641 3
    endloop
  endfacet
  facet normal -0.751925 -0.659248 0
    outer loop
      vertex 93.4694 60.424 0
      vertex 93.3314 60.5814 3
      vertex 93.3314 60.5814 0
    endloop
  endfacet
  facet normal -0.751925 -0.659248 0
    outer loop
      vertex 93.3314 60.5814 3
      vertex 93.4694 60.424 0
      vertex 93.4694 60.424 3
    endloop
  endfacet
  facet normal -0.0654722 -0.997854 0
    outer loop
      vertex 92.2 61.05 0
      vertex 92.4088 61.0363 3
      vertex 92.2 61.05 3
    endloop
  endfacet
  facet normal -0.0654722 -0.997854 -0
    outer loop
      vertex 92.4088 61.0363 3
      vertex 92.2 61.05 0
      vertex 92.4088 61.0363 0
    endloop
  endfacet
  facet normal -0.442429 -0.896803 0
    outer loop
      vertex 92.8123 60.9282 0
      vertex 93 60.8356 3
      vertex 92.8123 60.9282 3
    endloop
  endfacet
  facet normal -0.442429 -0.896803 -0
    outer loop
      vertex 93 60.8356 3
      vertex 92.8123 60.9282 0
      vertex 93 60.8356 0
    endloop
  endfacet
  facet normal 0.946901 -0.321526 0
    outer loop
      vertex 90.6545 59.8641 3
      vertex 90.7218 60.0623 0
      vertex 90.7218 60.0623 3
    endloop
  endfacet
  facet normal 0.946901 -0.321526 0
    outer loop
      vertex 90.7218 60.0623 0
      vertex 90.6545 59.8641 3
      vertex 90.6545 59.8641 0
    endloop
  endfacet
  facet normal 0.997854 -0.0654722 0
    outer loop
      vertex 90.6 59.45 3
      vertex 90.6137 59.6588 0
      vertex 90.6137 59.6588 3
    endloop
  endfacet
  facet normal 0.997854 -0.0654722 0
    outer loop
      vertex 90.6137 59.6588 0
      vertex 90.6 59.45 3
      vertex 90.6 59.45 0
    endloop
  endfacet
  facet normal 0.555362 -0.831609 0
    outer loop
      vertex 91.226 60.7194 0
      vertex 91.4 60.8356 3
      vertex 91.226 60.7194 3
    endloop
  endfacet
  facet normal 0.555362 -0.831609 0
    outer loop
      vertex 91.4 60.8356 3
      vertex 91.226 60.7194 0
      vertex 91.4 60.8356 0
    endloop
  endfacet
  facet normal 0.194922 -0.980819 0
    outer loop
      vertex 91.7859 60.9955 0
      vertex 91.9912 61.0363 3
      vertex 91.7859 60.9955 3
    endloop
  endfacet
  facet normal 0.194922 -0.980819 0
    outer loop
      vertex 91.9912 61.0363 3
      vertex 91.7859 60.9955 0
      vertex 91.9912 61.0363 0
    endloop
  endfacet
  facet normal -0.555362 0.831609 0
    outer loop
      vertex 93.174 58.1806 0
      vertex 93 58.0644 3
      vertex 93.174 58.1806 3
    endloop
  endfacet
  facet normal -0.555362 0.831609 0
    outer loop
      vertex 93 58.0644 3
      vertex 93.174 58.1806 0
      vertex 93 58.0644 0
    endloop
  endfacet
  facet normal -0.751925 0.659248 0
    outer loop
      vertex 93.3314 58.3186 0
      vertex 93.4694 58.476 3
      vertex 93.4694 58.476 0
    endloop
  endfacet
  facet normal -0.751925 0.659248 0
    outer loop
      vertex 93.4694 58.476 3
      vertex 93.3314 58.3186 0
      vertex 93.3314 58.3186 3
    endloop
  endfacet
  facet normal -0.946901 0.321526 0
    outer loop
      vertex 93.6782 58.8377 0
      vertex 93.7455 59.0359 3
      vertex 93.7455 59.0359 0
    endloop
  endfacet
  facet normal -0.946901 0.321526 0
    outer loop
      vertex 93.7455 59.0359 3
      vertex 93.6782 58.8377 0
      vertex 93.6782 58.8377 3
    endloop
  endfacet
  facet normal -0.831609 0.555362 0
    outer loop
      vertex 93.4694 58.476 0
      vertex 93.5856 58.65 3
      vertex 93.5856 58.65 0
    endloop
  endfacet
  facet normal -0.831609 0.555362 0
    outer loop
      vertex 93.5856 58.65 3
      vertex 93.4694 58.476 0
      vertex 93.4694 58.476 3
    endloop
  endfacet
  facet normal -0.896803 0.442429 0
    outer loop
      vertex 93.5856 58.65 0
      vertex 93.6782 58.8377 3
      vertex 93.6782 58.8377 0
    endloop
  endfacet
  facet normal -0.896803 0.442429 0
    outer loop
      vertex 93.6782 58.8377 3
      vertex 93.5856 58.65 0
      vertex 93.5856 58.65 3
    endloop
  endfacet
  facet normal -0.997854 0.0654722 0
    outer loop
      vertex 93.7863 59.2412 0
      vertex 93.8 59.45 3
      vertex 93.8 59.45 0
    endloop
  endfacet
  facet normal -0.997854 0.0654722 0
    outer loop
      vertex 93.8 59.45 3
      vertex 93.7863 59.2412 0
      vertex 93.7863 59.2412 3
    endloop
  endfacet
  facet normal 0.442429 0.896803 -0
    outer loop
      vertex 91.5877 57.9718 0
      vertex 91.4 58.0644 3
      vertex 91.5877 57.9718 3
    endloop
  endfacet
  facet normal 0.442429 0.896803 0
    outer loop
      vertex 91.4 58.0644 3
      vertex 91.5877 57.9718 0
      vertex 91.4 58.0644 0
    endloop
  endfacet
  facet normal 0.0654722 0.997854 -0
    outer loop
      vertex 92.2 57.85 0
      vertex 91.9912 57.8637 3
      vertex 92.2 57.85 3
    endloop
  endfacet
  facet normal 0.0654722 0.997854 0
    outer loop
      vertex 91.9912 57.8637 3
      vertex 92.2 57.85 0
      vertex 91.9912 57.8637 0
    endloop
  endfacet
  facet normal 0.831609 0.555362 0
    outer loop
      vertex 90.9306 58.476 3
      vertex 90.8144 58.65 0
      vertex 90.8144 58.65 3
    endloop
  endfacet
  facet normal 0.831609 0.555362 0
    outer loop
      vertex 90.8144 58.65 0
      vertex 90.9306 58.476 3
      vertex 90.9306 58.476 0
    endloop
  endfacet
  facet normal 0.896803 0.442429 0
    outer loop
      vertex 90.8144 58.65 3
      vertex 90.7218 58.8377 0
      vertex 90.7218 58.8377 3
    endloop
  endfacet
  facet normal 0.896803 0.442429 0
    outer loop
      vertex 90.7218 58.8377 0
      vertex 90.8144 58.65 3
      vertex 90.8144 58.65 0
    endloop
  endfacet
  facet normal 0.980819 0.194922 0
    outer loop
      vertex 90.6545 59.0359 3
      vertex 90.6137 59.2412 0
      vertex 90.6137 59.2412 3
    endloop
  endfacet
  facet normal 0.980819 0.194922 0
    outer loop
      vertex 90.6137 59.2412 0
      vertex 90.6545 59.0359 3
      vertex 90.6545 59.0359 0
    endloop
  endfacet
  facet normal 0.997854 0.0654722 0
    outer loop
      vertex 90.6137 59.2412 3
      vertex 90.6 59.45 0
      vertex 90.6 59.45 3
    endloop
  endfacet
  facet normal 0.997854 0.0654722 0
    outer loop
      vertex 90.6 59.45 0
      vertex 90.6137 59.2412 3
      vertex 90.6137 59.2412 0
    endloop
  endfacet
  facet normal -0.442429 0.896803 0
    outer loop
      vertex 93 58.0644 0
      vertex 92.8123 57.9718 3
      vertex 93 58.0644 3
    endloop
  endfacet
  facet normal -0.442429 0.896803 0
    outer loop
      vertex 92.8123 57.9718 3
      vertex 93 58.0644 0
      vertex 92.8123 57.9718 0
    endloop
  endfacet
  facet normal -0.659248 0.751925 0
    outer loop
      vertex 93.3314 58.3186 0
      vertex 93.174 58.1806 3
      vertex 93.3314 58.3186 3
    endloop
  endfacet
  facet normal -0.659248 0.751925 0
    outer loop
      vertex 93.174 58.1806 3
      vertex 93.3314 58.3186 0
      vertex 93.174 58.1806 0
    endloop
  endfacet
  facet normal 0.751925 0.659248 0
    outer loop
      vertex 91.0686 58.3186 3
      vertex 90.9306 58.476 0
      vertex 90.9306 58.476 3
    endloop
  endfacet
  facet normal 0.751925 0.659248 0
    outer loop
      vertex 90.9306 58.476 0
      vertex 91.0686 58.3186 3
      vertex 91.0686 58.3186 0
    endloop
  endfacet
  facet normal 0.946901 0.321526 0
    outer loop
      vertex 90.7218 58.8377 3
      vertex 90.6545 59.0359 0
      vertex 90.6545 59.0359 3
    endloop
  endfacet
  facet normal 0.946901 0.321526 0
    outer loop
      vertex 90.6545 59.0359 0
      vertex 90.7218 58.8377 3
      vertex 90.7218 58.8377 0
    endloop
  endfacet
  facet normal -0.997772 -0.066722 0
    outer loop
      vertex -118.75 50.8 0
      vertex -118.774 51.1589 3
      vertex -118.774 51.1589 0
    endloop
  endfacet
  facet normal -0.997772 -0.066722 0
    outer loop
      vertex -118.774 51.1589 3
      vertex -118.75 50.8 0
      vertex -118.75 50.8 3
    endloop
  endfacet
  facet normal 0.997772 -0.066722 0
    outer loop
      vertex -124.25 50.8 3
      vertex -124.226 51.1589 0
      vertex -124.226 51.1589 3
    endloop
  endfacet
  facet normal 0.997772 -0.066722 0
    outer loop
      vertex -124.226 51.1589 0
      vertex -124.25 50.8 3
      vertex -124.25 50.8 0
    endloop
  endfacet
  facet normal 0.0653198 -0.997864 0
    outer loop
      vertex -121.859 53.5265 0
      vertex -121.5 53.55 3
      vertex -121.859 53.5265 3
    endloop
  endfacet
  facet normal 0.0653198 -0.997864 0
    outer loop
      vertex -121.5 53.55 3
      vertex -121.859 53.5265 0
      vertex -121.5 53.55 0
    endloop
  endfacet
  facet normal 0.0653198 0.997864 -0
    outer loop
      vertex -121.5 48.05 0
      vertex -121.859 48.0735 3
      vertex -121.5 48.05 3
    endloop
  endfacet
  facet normal 0.0653198 0.997864 0
    outer loop
      vertex -121.859 48.0735 3
      vertex -121.5 48.05 0
      vertex -121.859 48.0735 0
    endloop
  endfacet
  facet normal -0.658623 -0.752473 0
    outer loop
      vertex -119.826 52.9817 0
      vertex -119.555 52.7445 3
      vertex -119.826 52.9817 3
    endloop
  endfacet
  facet normal -0.658623 -0.752473 -0
    outer loop
      vertex -119.555 52.7445 3
      vertex -119.826 52.9817 0
      vertex -119.555 52.7445 0
    endloop
  endfacet
  facet normal 0.658623 -0.752473 0
    outer loop
      vertex -123.445 52.7445 0
      vertex -123.174 52.9817 3
      vertex -123.445 52.7445 3
    endloop
  endfacet
  facet normal 0.658623 -0.752473 0
    outer loop
      vertex -123.174 52.9817 3
      vertex -123.445 52.7445 0
      vertex -123.174 52.9817 0
    endloop
  endfacet
  facet normal 0.321903 -0.946773 0
    outer loop
      vertex -122.552 53.3407 0
      vertex -122.212 53.4563 3
      vertex -122.552 53.3407 3
    endloop
  endfacet
  facet normal 0.321903 -0.946773 0
    outer loop
      vertex -122.212 53.4563 3
      vertex -122.552 53.3407 0
      vertex -122.212 53.4563 0
    endloop
  endfacet
  facet normal -0.896971 -0.44209 0
    outer loop
      vertex -118.959 51.8524 0
      vertex -119.118 52.175 3
      vertex -119.118 52.175 0
    endloop
  endfacet
  facet normal -0.896971 -0.44209 0
    outer loop
      vertex -119.118 52.175 3
      vertex -118.959 51.8524 0
      vertex -118.959 51.8524 3
    endloop
  endfacet
  facet normal -0.321903 -0.946773 0
    outer loop
      vertex -120.788 53.4563 0
      vertex -120.448 53.3407 3
      vertex -120.788 53.4563 3
    endloop
  endfacet
  facet normal -0.321903 -0.946773 -0
    outer loop
      vertex -120.448 53.3407 3
      vertex -120.788 53.4563 0
      vertex -120.448 53.3407 0
    endloop
  endfacet
  facet normal -0.195047 -0.980794 0
    outer loop
      vertex -121.141 53.5265 0
      vertex -120.788 53.4563 3
      vertex -121.141 53.5265 3
    endloop
  endfacet
  facet normal -0.195047 -0.980794 -0
    outer loop
      vertex -120.788 53.4563 3
      vertex -121.141 53.5265 0
      vertex -120.788 53.4563 0
    endloop
  endfacet
  facet normal -0.441873 -0.897078 0
    outer loop
      vertex -120.448 53.3407 0
      vertex -120.125 53.1816 3
      vertex -120.448 53.3407 3
    endloop
  endfacet
  facet normal -0.441873 -0.897078 -0
    outer loop
      vertex -120.125 53.1816 3
      vertex -120.448 53.3407 0
      vertex -120.125 53.1816 0
    endloop
  endfacet
  facet normal 0.83128 -0.555854 0
    outer loop
      vertex -123.882 52.175 3
      vertex -123.682 52.4741 0
      vertex -123.682 52.4741 3
    endloop
  endfacet
  facet normal 0.83128 -0.555854 0
    outer loop
      vertex -123.682 52.4741 0
      vertex -123.882 52.175 3
      vertex -123.882 52.175 0
    endloop
  endfacet
  facet normal 0.752025 -0.659134 0
    outer loop
      vertex -123.682 52.4741 3
      vertex -123.445 52.7445 0
      vertex -123.445 52.7445 3
    endloop
  endfacet
  facet normal 0.752025 -0.659134 0
    outer loop
      vertex -123.445 52.7445 0
      vertex -123.682 52.4741 3
      vertex -123.682 52.4741 0
    endloop
  endfacet
  facet normal 0.947452 -0.319897 0
    outer loop
      vertex -124.156 51.5118 3
      vertex -124.041 51.8524 0
      vertex -124.041 51.8524 3
    endloop
  endfacet
  facet normal 0.947452 -0.319897 0
    outer loop
      vertex -124.041 51.8524 0
      vertex -124.156 51.5118 3
      vertex -124.156 51.5118 0
    endloop
  endfacet
  facet normal 0.441873 -0.897078 0
    outer loop
      vertex -122.875 53.1816 0
      vertex -122.552 53.3407 3
      vertex -122.875 53.1816 3
    endloop
  endfacet
  facet normal 0.441873 -0.897078 0
    outer loop
      vertex -122.552 53.3407 3
      vertex -122.875 53.1816 0
      vertex -122.552 53.3407 0
    endloop
  endfacet
  facet normal 0.195047 -0.980794 0
    outer loop
      vertex -122.212 53.4563 0
      vertex -121.859 53.5265 3
      vertex -122.212 53.4563 3
    endloop
  endfacet
  facet normal 0.195047 -0.980794 0
    outer loop
      vertex -121.859 53.5265 3
      vertex -122.212 53.4563 0
      vertex -121.859 53.5265 0
    endloop
  endfacet
  facet normal 0.441873 0.897078 -0
    outer loop
      vertex -122.552 48.2593 0
      vertex -122.875 48.4184 3
      vertex -122.552 48.2593 3
    endloop
  endfacet
  facet normal 0.441873 0.897078 0
    outer loop
      vertex -122.875 48.4184 3
      vertex -122.552 48.2593 0
      vertex -122.875 48.4184 0
    endloop
  endfacet
  facet normal 0.321903 0.946773 -0
    outer loop
      vertex -122.212 48.1437 0
      vertex -122.552 48.2593 3
      vertex -122.212 48.1437 3
    endloop
  endfacet
  facet normal 0.321903 0.946773 0
    outer loop
      vertex -122.552 48.2593 3
      vertex -122.212 48.1437 0
      vertex -122.552 48.2593 0
    endloop
  endfacet
  facet normal 0.896971 0.44209 0
    outer loop
      vertex -123.882 49.425 3
      vertex -124.041 49.7476 0
      vertex -124.041 49.7476 3
    endloop
  endfacet
  facet normal 0.896971 0.44209 0
    outer loop
      vertex -124.041 49.7476 0
      vertex -123.882 49.425 3
      vertex -123.882 49.425 0
    endloop
  endfacet
  facet normal 0.83128 0.555854 0
    outer loop
      vertex -123.682 49.1259 3
      vertex -123.882 49.425 0
      vertex -123.882 49.425 3
    endloop
  endfacet
  facet normal 0.83128 0.555854 0
    outer loop
      vertex -123.882 49.425 0
      vertex -123.682 49.1259 3
      vertex -123.682 49.1259 0
    endloop
  endfacet
  facet normal -0.947452 -0.319897 0
    outer loop
      vertex -118.844 51.5118 0
      vertex -118.959 51.8524 3
      vertex -118.959 51.8524 0
    endloop
  endfacet
  facet normal -0.947452 -0.319897 0
    outer loop
      vertex -118.959 51.8524 3
      vertex -118.844 51.5118 0
      vertex -118.844 51.5118 3
    endloop
  endfacet
  facet normal -0.980889 -0.194566 0
    outer loop
      vertex -118.774 51.1589 0
      vertex -118.844 51.5118 3
      vertex -118.844 51.5118 0
    endloop
  endfacet
  facet normal -0.980889 -0.194566 0
    outer loop
      vertex -118.844 51.5118 3
      vertex -118.774 51.1589 0
      vertex -118.774 51.1589 3
    endloop
  endfacet
  facet normal -0.752025 -0.659134 0
    outer loop
      vertex -119.318 52.4741 0
      vertex -119.555 52.7445 3
      vertex -119.555 52.7445 0
    endloop
  endfacet
  facet normal -0.752025 -0.659134 0
    outer loop
      vertex -119.555 52.7445 3
      vertex -119.318 52.4741 0
      vertex -119.318 52.4741 3
    endloop
  endfacet
  facet normal -0.83128 -0.555854 0
    outer loop
      vertex -119.118 52.175 0
      vertex -119.318 52.4741 3
      vertex -119.318 52.4741 0
    endloop
  endfacet
  facet normal -0.83128 -0.555854 0
    outer loop
      vertex -119.318 52.4741 3
      vertex -119.118 52.175 0
      vertex -119.118 52.175 3
    endloop
  endfacet
  facet normal -0.0653198 -0.997864 0
    outer loop
      vertex -121.5 53.55 0
      vertex -121.141 53.5265 3
      vertex -121.5 53.55 3
    endloop
  endfacet
  facet normal -0.0653198 -0.997864 -0
    outer loop
      vertex -121.141 53.5265 3
      vertex -121.5 53.55 0
      vertex -121.141 53.5265 0
    endloop
  endfacet
  facet normal -0.55579 -0.831322 0
    outer loop
      vertex -120.125 53.1816 0
      vertex -119.826 52.9817 3
      vertex -120.125 53.1816 3
    endloop
  endfacet
  facet normal -0.55579 -0.831322 -0
    outer loop
      vertex -119.826 52.9817 3
      vertex -120.125 53.1816 0
      vertex -119.826 52.9817 0
    endloop
  endfacet
  facet normal 0.896971 -0.44209 0
    outer loop
      vertex -124.041 51.8524 3
      vertex -123.882 52.175 0
      vertex -123.882 52.175 3
    endloop
  endfacet
  facet normal 0.896971 -0.44209 0
    outer loop
      vertex -123.882 52.175 0
      vertex -124.041 51.8524 3
      vertex -124.041 51.8524 0
    endloop
  endfacet
  facet normal 0.980889 -0.194566 0
    outer loop
      vertex -124.226 51.1589 3
      vertex -124.156 51.5118 0
      vertex -124.156 51.5118 3
    endloop
  endfacet
  facet normal 0.980889 -0.194566 0
    outer loop
      vertex -124.156 51.5118 0
      vertex -124.226 51.1589 3
      vertex -124.226 51.1589 0
    endloop
  endfacet
  facet normal 0.55579 -0.831322 0
    outer loop
      vertex -123.174 52.9817 0
      vertex -122.875 53.1816 3
      vertex -123.174 52.9817 3
    endloop
  endfacet
  facet normal 0.55579 -0.831322 0
    outer loop
      vertex -122.875 53.1816 3
      vertex -123.174 52.9817 0
      vertex -122.875 53.1816 0
    endloop
  endfacet
  facet normal -0.997772 0.066722 0
    outer loop
      vertex -118.774 50.4411 0
      vertex -118.75 50.8 3
      vertex -118.75 50.8 0
    endloop
  endfacet
  facet normal -0.997772 0.066722 0
    outer loop
      vertex -118.75 50.8 3
      vertex -118.774 50.4411 0
      vertex -118.774 50.4411 3
    endloop
  endfacet
  facet normal -0.0653198 0.997864 0
    outer loop
      vertex -121.141 48.0735 0
      vertex -121.5 48.05 3
      vertex -121.141 48.0735 3
    endloop
  endfacet
  facet normal -0.0653198 0.997864 0
    outer loop
      vertex -121.5 48.05 3
      vertex -121.141 48.0735 0
      vertex -121.5 48.05 0
    endloop
  endfacet
  facet normal -0.321903 0.946773 0
    outer loop
      vertex -120.448 48.2593 0
      vertex -120.788 48.1437 3
      vertex -120.448 48.2593 3
    endloop
  endfacet
  facet normal -0.321903 0.946773 0
    outer loop
      vertex -120.788 48.1437 3
      vertex -120.448 48.2593 0
      vertex -120.788 48.1437 0
    endloop
  endfacet
  facet normal -0.441873 0.897078 0
    outer loop
      vertex -120.125 48.4184 0
      vertex -120.448 48.2593 3
      vertex -120.125 48.4184 3
    endloop
  endfacet
  facet normal -0.441873 0.897078 0
    outer loop
      vertex -120.448 48.2593 3
      vertex -120.125 48.4184 0
      vertex -120.448 48.2593 0
    endloop
  endfacet
  facet normal -0.658623 0.752473 0
    outer loop
      vertex -119.555 48.8555 0
      vertex -119.826 48.6183 3
      vertex -119.555 48.8555 3
    endloop
  endfacet
  facet normal -0.658623 0.752473 0
    outer loop
      vertex -119.826 48.6183 3
      vertex -119.555 48.8555 0
      vertex -119.826 48.6183 0
    endloop
  endfacet
  facet normal -0.896971 0.44209 0
    outer loop
      vertex -119.118 49.425 0
      vertex -118.959 49.7476 3
      vertex -118.959 49.7476 0
    endloop
  endfacet
  facet normal -0.896971 0.44209 0
    outer loop
      vertex -118.959 49.7476 3
      vertex -119.118 49.425 0
      vertex -119.118 49.425 3
    endloop
  endfacet
  facet normal -0.752025 0.659134 0
    outer loop
      vertex -119.555 48.8555 0
      vertex -119.318 49.1259 3
      vertex -119.318 49.1259 0
    endloop
  endfacet
  facet normal -0.752025 0.659134 0
    outer loop
      vertex -119.318 49.1259 3
      vertex -119.555 48.8555 0
      vertex -119.555 48.8555 3
    endloop
  endfacet
  facet normal -0.83128 0.555854 0
    outer loop
      vertex -119.318 49.1259 0
      vertex -119.118 49.425 3
      vertex -119.118 49.425 0
    endloop
  endfacet
  facet normal -0.83128 0.555854 0
    outer loop
      vertex -119.118 49.425 3
      vertex -119.318 49.1259 0
      vertex -119.318 49.1259 3
    endloop
  endfacet
  facet normal -0.980889 0.194566 0
    outer loop
      vertex -118.844 50.0882 0
      vertex -118.774 50.4411 3
      vertex -118.774 50.4411 0
    endloop
  endfacet
  facet normal -0.980889 0.194566 0
    outer loop
      vertex -118.774 50.4411 3
      vertex -118.844 50.0882 0
      vertex -118.844 50.0882 3
    endloop
  endfacet
  facet normal -0.947452 0.319897 0
    outer loop
      vertex -118.959 49.7476 0
      vertex -118.844 50.0882 3
      vertex -118.844 50.0882 0
    endloop
  endfacet
  facet normal -0.947452 0.319897 0
    outer loop
      vertex -118.844 50.0882 3
      vertex -118.959 49.7476 0
      vertex -118.959 49.7476 3
    endloop
  endfacet
  facet normal 0.658623 0.752473 -0
    outer loop
      vertex -123.174 48.6183 0
      vertex -123.445 48.8555 3
      vertex -123.174 48.6183 3
    endloop
  endfacet
  facet normal 0.658623 0.752473 0
    outer loop
      vertex -123.445 48.8555 3
      vertex -123.174 48.6183 0
      vertex -123.445 48.8555 0
    endloop
  endfacet
  facet normal 0.55579 0.831322 -0
    outer loop
      vertex -122.875 48.4184 0
      vertex -123.174 48.6183 3
      vertex -122.875 48.4184 3
    endloop
  endfacet
  facet normal 0.55579 0.831322 0
    outer loop
      vertex -123.174 48.6183 3
      vertex -122.875 48.4184 0
      vertex -123.174 48.6183 0
    endloop
  endfacet
  facet normal 0.195047 0.980794 -0
    outer loop
      vertex -121.859 48.0735 0
      vertex -122.212 48.1437 3
      vertex -121.859 48.0735 3
    endloop
  endfacet
  facet normal 0.195047 0.980794 0
    outer loop
      vertex -122.212 48.1437 3
      vertex -121.859 48.0735 0
      vertex -122.212 48.1437 0
    endloop
  endfacet
  facet normal 0.752025 0.659134 0
    outer loop
      vertex -123.445 48.8555 3
      vertex -123.682 49.1259 0
      vertex -123.682 49.1259 3
    endloop
  endfacet
  facet normal 0.752025 0.659134 0
    outer loop
      vertex -123.682 49.1259 0
      vertex -123.445 48.8555 3
      vertex -123.445 48.8555 0
    endloop
  endfacet
  facet normal 0.947452 0.319897 0
    outer loop
      vertex -124.041 49.7476 3
      vertex -124.156 50.0882 0
      vertex -124.156 50.0882 3
    endloop
  endfacet
  facet normal 0.947452 0.319897 0
    outer loop
      vertex -124.156 50.0882 0
      vertex -124.041 49.7476 3
      vertex -124.041 49.7476 0
    endloop
  endfacet
  facet normal 0.997772 0.066722 0
    outer loop
      vertex -124.226 50.4411 3
      vertex -124.25 50.8 0
      vertex -124.25 50.8 3
    endloop
  endfacet
  facet normal 0.997772 0.066722 0
    outer loop
      vertex -124.25 50.8 0
      vertex -124.226 50.4411 3
      vertex -124.226 50.4411 0
    endloop
  endfacet
  facet normal -0.195047 0.980794 0
    outer loop
      vertex -120.788 48.1437 0
      vertex -121.141 48.0735 3
      vertex -120.788 48.1437 3
    endloop
  endfacet
  facet normal -0.195047 0.980794 0
    outer loop
      vertex -121.141 48.0735 3
      vertex -120.788 48.1437 0
      vertex -121.141 48.0735 0
    endloop
  endfacet
  facet normal -0.55579 0.831322 0
    outer loop
      vertex -119.826 48.6183 0
      vertex -120.125 48.4184 3
      vertex -119.826 48.6183 3
    endloop
  endfacet
  facet normal -0.55579 0.831322 0
    outer loop
      vertex -120.125 48.4184 3
      vertex -119.826 48.6183 0
      vertex -120.125 48.4184 0
    endloop
  endfacet
  facet normal 0.980889 0.194566 0
    outer loop
      vertex -124.156 50.0882 3
      vertex -124.226 50.4411 0
      vertex -124.226 50.4411 3
    endloop
  endfacet
  facet normal 0.980889 0.194566 0
    outer loop
      vertex -124.226 50.4411 0
      vertex -124.156 50.0882 3
      vertex -124.156 50.0882 0
    endloop
  endfacet
  facet normal -0.997773 -0.0667035 0
    outer loop
      vertex -118.75 82.55 0
      vertex -118.774 82.909 3
      vertex -118.774 82.909 0
    endloop
  endfacet
  facet normal -0.997773 -0.0667035 0
    outer loop
      vertex -118.774 82.909 3
      vertex -118.75 82.55 0
      vertex -118.75 82.55 3
    endloop
  endfacet
  facet normal 0.997773 -0.0667035 0
    outer loop
      vertex -124.25 82.55 3
      vertex -124.226 82.909 0
      vertex -124.226 82.909 3
    endloop
  endfacet
  facet normal 0.997773 -0.0667035 0
    outer loop
      vertex -124.226 82.909 0
      vertex -124.25 82.55 3
      vertex -124.25 82.55 0
    endloop
  endfacet
  facet normal 0.0653198 -0.997864 0
    outer loop
      vertex -121.859 85.2765 0
      vertex -121.5 85.3 3
      vertex -121.859 85.2765 3
    endloop
  endfacet
  facet normal 0.0653198 -0.997864 0
    outer loop
      vertex -121.5 85.3 3
      vertex -121.859 85.2765 0
      vertex -121.5 85.3 0
    endloop
  endfacet
  facet normal 0.0653198 0.997864 -0
    outer loop
      vertex -121.5 79.8 0
      vertex -121.859 79.8235 3
      vertex -121.5 79.8 3
    endloop
  endfacet
  facet normal 0.0653198 0.997864 0
    outer loop
      vertex -121.859 79.8235 3
      vertex -121.5 79.8 0
      vertex -121.859 79.8235 0
    endloop
  endfacet
  facet normal 0.752025 0.659134 0
    outer loop
      vertex -123.445 80.6055 3
      vertex -123.682 80.8759 0
      vertex -123.682 80.8759 3
    endloop
  endfacet
  facet normal 0.752025 0.659134 0
    outer loop
      vertex -123.682 80.8759 0
      vertex -123.445 80.6055 3
      vertex -123.445 80.6055 0
    endloop
  endfacet
  facet normal -0.658623 -0.752473 0
    outer loop
      vertex -119.826 84.7317 0
      vertex -119.555 84.4945 3
      vertex -119.826 84.7317 3
    endloop
  endfacet
  facet normal -0.658623 -0.752473 -0
    outer loop
      vertex -119.555 84.4945 3
      vertex -119.826 84.7317 0
      vertex -119.555 84.4945 0
    endloop
  endfacet
  facet normal 0.658623 -0.752473 0
    outer loop
      vertex -123.445 84.4945 0
      vertex -123.174 84.7317 3
      vertex -123.445 84.4945 3
    endloop
  endfacet
  facet normal 0.658623 -0.752473 0
    outer loop
      vertex -123.174 84.7317 3
      vertex -123.445 84.4945 0
      vertex -123.174 84.7317 0
    endloop
  endfacet
  facet normal 0.321903 -0.946773 0
    outer loop
      vertex -122.552 85.0907 0
      vertex -122.212 85.2063 3
      vertex -122.552 85.0907 3
    endloop
  endfacet
  facet normal 0.321903 -0.946773 0
    outer loop
      vertex -122.212 85.2063 3
      vertex -122.552 85.0907 0
      vertex -122.212 85.2063 0
    endloop
  endfacet
  facet normal -0.896971 -0.44209 0
    outer loop
      vertex -118.959 83.6024 0
      vertex -119.118 83.925 3
      vertex -119.118 83.925 0
    endloop
  endfacet
  facet normal -0.896971 -0.44209 0
    outer loop
      vertex -119.118 83.925 3
      vertex -118.959 83.6024 0
      vertex -118.959 83.6024 3
    endloop
  endfacet
  facet normal -0.321903 -0.946773 0
    outer loop
      vertex -120.788 85.2063 0
      vertex -120.448 85.0907 3
      vertex -120.788 85.2063 3
    endloop
  endfacet
  facet normal -0.321903 -0.946773 -0
    outer loop
      vertex -120.448 85.0907 3
      vertex -120.788 85.2063 0
      vertex -120.448 85.0907 0
    endloop
  endfacet
  facet normal -0.195047 -0.980794 0
    outer loop
      vertex -121.141 85.2765 0
      vertex -120.788 85.2063 3
      vertex -121.141 85.2765 3
    endloop
  endfacet
  facet normal -0.195047 -0.980794 -0
    outer loop
      vertex -120.788 85.2063 3
      vertex -121.141 85.2765 0
      vertex -120.788 85.2063 0
    endloop
  endfacet
  facet normal -0.441873 -0.897078 0
    outer loop
      vertex -120.448 85.0907 0
      vertex -120.125 84.9316 3
      vertex -120.448 85.0907 3
    endloop
  endfacet
  facet normal -0.441873 -0.897078 -0
    outer loop
      vertex -120.125 84.9316 3
      vertex -120.448 85.0907 0
      vertex -120.125 84.9316 0
    endloop
  endfacet
  facet normal 0.896971 -0.44209 0
    outer loop
      vertex -124.041 83.6024 3
      vertex -123.882 83.925 0
      vertex -123.882 83.925 3
    endloop
  endfacet
  facet normal 0.896971 -0.44209 0
    outer loop
      vertex -123.882 83.925 0
      vertex -124.041 83.6024 3
      vertex -124.041 83.6024 0
    endloop
  endfacet
  facet normal 0.752025 -0.659134 0
    outer loop
      vertex -123.682 84.2241 3
      vertex -123.445 84.4945 0
      vertex -123.445 84.4945 3
    endloop
  endfacet
  facet normal 0.752025 -0.659134 0
    outer loop
      vertex -123.445 84.4945 0
      vertex -123.682 84.2241 3
      vertex -123.682 84.2241 0
    endloop
  endfacet
  facet normal 0.947481 -0.319813 0
    outer loop
      vertex -124.156 83.2617 3
      vertex -124.041 83.6024 0
      vertex -124.041 83.6024 3
    endloop
  endfacet
  facet normal 0.947481 -0.319813 0
    outer loop
      vertex -124.041 83.6024 0
      vertex -124.156 83.2617 3
      vertex -124.156 83.2617 0
    endloop
  endfacet
  facet normal 0.441873 -0.897078 0
    outer loop
      vertex -122.875 84.9316 0
      vertex -122.552 85.0907 3
      vertex -122.875 84.9316 3
    endloop
  endfacet
  facet normal 0.441873 -0.897078 0
    outer loop
      vertex -122.552 85.0907 3
      vertex -122.875 84.9316 0
      vertex -122.552 85.0907 0
    endloop
  endfacet
  facet normal 0.195047 -0.980794 0
    outer loop
      vertex -122.212 85.2063 0
      vertex -121.859 85.2765 3
      vertex -122.212 85.2063 3
    endloop
  endfacet
  facet normal 0.195047 -0.980794 0
    outer loop
      vertex -121.859 85.2765 3
      vertex -122.212 85.2063 0
      vertex -121.859 85.2765 0
    endloop
  endfacet
  facet normal 0.321903 0.946773 -0
    outer loop
      vertex -122.212 79.8937 0
      vertex -122.552 80.0093 3
      vertex -122.212 79.8937 3
    endloop
  endfacet
  facet normal 0.321903 0.946773 0
    outer loop
      vertex -122.552 80.0093 3
      vertex -122.212 79.8937 0
      vertex -122.552 80.0093 0
    endloop
  endfacet
  facet normal 0.896971 0.44209 0
    outer loop
      vertex -123.882 81.175 3
      vertex -124.041 81.4976 0
      vertex -124.041 81.4976 3
    endloop
  endfacet
  facet normal 0.896971 0.44209 0
    outer loop
      vertex -124.041 81.4976 0
      vertex -123.882 81.175 3
      vertex -123.882 81.175 0
    endloop
  endfacet
  facet normal -0.947481 -0.319813 0
    outer loop
      vertex -118.844 83.2617 0
      vertex -118.959 83.6024 3
      vertex -118.959 83.6024 0
    endloop
  endfacet
  facet normal -0.947481 -0.319813 0
    outer loop
      vertex -118.959 83.6024 3
      vertex -118.844 83.2617 0
      vertex -118.844 83.2617 3
    endloop
  endfacet
  facet normal -0.980868 -0.194672 0
    outer loop
      vertex -118.774 82.909 0
      vertex -118.844 83.2617 3
      vertex -118.844 83.2617 0
    endloop
  endfacet
  facet normal -0.980868 -0.194672 0
    outer loop
      vertex -118.844 83.2617 3
      vertex -118.774 82.909 0
      vertex -118.774 82.909 3
    endloop
  endfacet
  facet normal -0.752025 -0.659134 0
    outer loop
      vertex -119.318 84.2241 0
      vertex -119.555 84.4945 3
      vertex -119.555 84.4945 0
    endloop
  endfacet
  facet normal -0.752025 -0.659134 0
    outer loop
      vertex -119.555 84.4945 3
      vertex -119.318 84.2241 0
      vertex -119.318 84.2241 3
    endloop
  endfacet
  facet normal -0.83128 -0.555854 0
    outer loop
      vertex -119.118 83.925 0
      vertex -119.318 84.2241 3
      vertex -119.318 84.2241 0
    endloop
  endfacet
  facet normal -0.83128 -0.555854 0
    outer loop
      vertex -119.318 84.2241 3
      vertex -119.118 83.925 0
      vertex -119.118 83.925 3
    endloop
  endfacet
  facet normal -0.0653198 -0.997864 0
    outer loop
      vertex -121.5 85.3 0
      vertex -121.141 85.2765 3
      vertex -121.5 85.3 3
    endloop
  endfacet
  facet normal -0.0653198 -0.997864 -0
    outer loop
      vertex -121.141 85.2765 3
      vertex -121.5 85.3 0
      vertex -121.141 85.2765 0
    endloop
  endfacet
  facet normal -0.55579 -0.831322 0
    outer loop
      vertex -120.125 84.9316 0
      vertex -119.826 84.7317 3
      vertex -120.125 84.9316 3
    endloop
  endfacet
  facet normal -0.55579 -0.831322 -0
    outer loop
      vertex -119.826 84.7317 3
      vertex -120.125 84.9316 0
      vertex -119.826 84.7317 0
    endloop
  endfacet
  facet normal 0.83128 -0.555854 0
    outer loop
      vertex -123.882 83.925 3
      vertex -123.682 84.2241 0
      vertex -123.682 84.2241 3
    endloop
  endfacet
  facet normal 0.83128 -0.555854 0
    outer loop
      vertex -123.682 84.2241 0
      vertex -123.882 83.925 3
      vertex -123.882 83.925 0
    endloop
  endfacet
  facet normal 0.980868 -0.194672 0
    outer loop
      vertex -124.226 82.909 3
      vertex -124.156 83.2617 0
      vertex -124.156 83.2617 3
    endloop
  endfacet
  facet normal 0.980868 -0.194672 0
    outer loop
      vertex -124.156 83.2617 0
      vertex -124.226 82.909 3
      vertex -124.226 82.909 0
    endloop
  endfacet
  facet normal 0.55579 -0.831322 0
    outer loop
      vertex -123.174 84.7317 0
      vertex -122.875 84.9316 3
      vertex -123.174 84.7317 3
    endloop
  endfacet
  facet normal 0.55579 -0.831322 0
    outer loop
      vertex -122.875 84.9316 3
      vertex -123.174 84.7317 0
      vertex -122.875 84.9316 0
    endloop
  endfacet
  facet normal -0.997772 0.066722 0
    outer loop
      vertex -118.774 82.1911 0
      vertex -118.75 82.55 3
      vertex -118.75 82.55 0
    endloop
  endfacet
  facet normal -0.997772 0.066722 0
    outer loop
      vertex -118.75 82.55 3
      vertex -118.774 82.1911 0
      vertex -118.774 82.1911 3
    endloop
  endfacet
  facet normal -0.0653198 0.997864 0
    outer loop
      vertex -121.141 79.8235 0
      vertex -121.5 79.8 3
      vertex -121.141 79.8235 3
    endloop
  endfacet
  facet normal -0.0653198 0.997864 0
    outer loop
      vertex -121.5 79.8 3
      vertex -121.141 79.8235 0
      vertex -121.5 79.8 0
    endloop
  endfacet
  facet normal -0.321903 0.946773 0
    outer loop
      vertex -120.448 80.0093 0
      vertex -120.788 79.8937 3
      vertex -120.448 80.0093 3
    endloop
  endfacet
  facet normal -0.321903 0.946773 0
    outer loop
      vertex -120.788 79.8937 3
      vertex -120.448 80.0093 0
      vertex -120.788 79.8937 0
    endloop
  endfacet
  facet normal -0.658623 0.752473 0
    outer loop
      vertex -119.555 80.6055 0
      vertex -119.826 80.3683 3
      vertex -119.555 80.6055 3
    endloop
  endfacet
  facet normal -0.658623 0.752473 0
    outer loop
      vertex -119.826 80.3683 3
      vertex -119.555 80.6055 0
      vertex -119.826 80.3683 0
    endloop
  endfacet
  facet normal -0.441873 0.897078 0
    outer loop
      vertex -120.125 80.1684 0
      vertex -120.448 80.0093 3
      vertex -120.125 80.1684 3
    endloop
  endfacet
  facet normal -0.441873 0.897078 0
    outer loop
      vertex -120.448 80.0093 3
      vertex -120.125 80.1684 0
      vertex -120.448 80.0093 0
    endloop
  endfacet
  facet normal -0.752025 0.659134 0
    outer loop
      vertex -119.555 80.6055 0
      vertex -119.318 80.8759 3
      vertex -119.318 80.8759 0
    endloop
  endfacet
  facet normal -0.752025 0.659134 0
    outer loop
      vertex -119.318 80.8759 3
      vertex -119.555 80.6055 0
      vertex -119.555 80.6055 3
    endloop
  endfacet
  facet normal -0.896971 0.44209 0
    outer loop
      vertex -119.118 81.175 0
      vertex -118.959 81.4976 3
      vertex -118.959 81.4976 0
    endloop
  endfacet
  facet normal -0.896971 0.44209 0
    outer loop
      vertex -118.959 81.4976 3
      vertex -119.118 81.175 0
      vertex -119.118 81.175 3
    endloop
  endfacet
  facet normal -0.947452 0.319897 0
    outer loop
      vertex -118.959 81.4976 0
      vertex -118.844 81.8382 3
      vertex -118.844 81.8382 0
    endloop
  endfacet
  facet normal -0.947452 0.319897 0
    outer loop
      vertex -118.844 81.8382 3
      vertex -118.959 81.4976 0
      vertex -118.959 81.4976 3
    endloop
  endfacet
  facet normal 0.658623 0.752473 -0
    outer loop
      vertex -123.174 80.3683 0
      vertex -123.445 80.6055 3
      vertex -123.174 80.3683 3
    endloop
  endfacet
  facet normal 0.658623 0.752473 0
    outer loop
      vertex -123.445 80.6055 3
      vertex -123.174 80.3683 0
      vertex -123.445 80.6055 0
    endloop
  endfacet
  facet normal 0.441873 0.897078 -0
    outer loop
      vertex -122.552 80.0093 0
      vertex -122.875 80.1684 3
      vertex -122.552 80.0093 3
    endloop
  endfacet
  facet normal 0.441873 0.897078 0
    outer loop
      vertex -122.875 80.1684 3
      vertex -122.552 80.0093 0
      vertex -122.875 80.1684 0
    endloop
  endfacet
  facet normal 0.195047 0.980794 -0
    outer loop
      vertex -121.859 79.8235 0
      vertex -122.212 79.8937 3
      vertex -121.859 79.8235 3
    endloop
  endfacet
  facet normal 0.195047 0.980794 0
    outer loop
      vertex -122.212 79.8937 3
      vertex -121.859 79.8235 0
      vertex -122.212 79.8937 0
    endloop
  endfacet
  facet normal 0.83128 0.555854 0
    outer loop
      vertex -123.682 80.8759 3
      vertex -123.882 81.175 0
      vertex -123.882 81.175 3
    endloop
  endfacet
  facet normal 0.83128 0.555854 0
    outer loop
      vertex -123.882 81.175 0
      vertex -123.682 80.8759 3
      vertex -123.682 80.8759 0
    endloop
  endfacet
  facet normal 0.947452 0.319897 0
    outer loop
      vertex -124.041 81.4976 3
      vertex -124.156 81.8382 0
      vertex -124.156 81.8382 3
    endloop
  endfacet
  facet normal 0.947452 0.319897 0
    outer loop
      vertex -124.156 81.8382 0
      vertex -124.041 81.4976 3
      vertex -124.041 81.4976 0
    endloop
  endfacet
  facet normal 0.997772 0.066722 0
    outer loop
      vertex -124.226 82.1911 3
      vertex -124.25 82.55 0
      vertex -124.25 82.55 3
    endloop
  endfacet
  facet normal 0.997772 0.066722 0
    outer loop
      vertex -124.25 82.55 0
      vertex -124.226 82.1911 3
      vertex -124.226 82.1911 0
    endloop
  endfacet
  facet normal -0.195047 0.980794 0
    outer loop
      vertex -120.788 79.8937 0
      vertex -121.141 79.8235 3
      vertex -120.788 79.8937 3
    endloop
  endfacet
  facet normal -0.195047 0.980794 0
    outer loop
      vertex -121.141 79.8235 3
      vertex -120.788 79.8937 0
      vertex -121.141 79.8235 0
    endloop
  endfacet
  facet normal -0.55579 0.831322 0
    outer loop
      vertex -119.826 80.3683 0
      vertex -120.125 80.1684 3
      vertex -119.826 80.3683 3
    endloop
  endfacet
  facet normal -0.55579 0.831322 0
    outer loop
      vertex -120.125 80.1684 3
      vertex -119.826 80.3683 0
      vertex -120.125 80.1684 0
    endloop
  endfacet
  facet normal -0.83128 0.555854 0
    outer loop
      vertex -119.318 80.8759 0
      vertex -119.118 81.175 3
      vertex -119.118 81.175 0
    endloop
  endfacet
  facet normal -0.83128 0.555854 0
    outer loop
      vertex -119.118 81.175 3
      vertex -119.318 80.8759 0
      vertex -119.318 80.8759 3
    endloop
  endfacet
  facet normal -0.980889 0.194566 0
    outer loop
      vertex -118.844 81.8382 0
      vertex -118.774 82.1911 3
      vertex -118.774 82.1911 0
    endloop
  endfacet
  facet normal -0.980889 0.194566 0
    outer loop
      vertex -118.774 82.1911 3
      vertex -118.844 81.8382 0
      vertex -118.844 81.8382 3
    endloop
  endfacet
  facet normal 0.55579 0.831322 -0
    outer loop
      vertex -122.875 80.1684 0
      vertex -123.174 80.3683 3
      vertex -122.875 80.1684 3
    endloop
  endfacet
  facet normal 0.55579 0.831322 0
    outer loop
      vertex -123.174 80.3683 3
      vertex -122.875 80.1684 0
      vertex -123.174 80.3683 0
    endloop
  endfacet
  facet normal 0.980889 0.194566 0
    outer loop
      vertex -124.156 81.8382 3
      vertex -124.226 82.1911 0
      vertex -124.226 82.1911 3
    endloop
  endfacet
  facet normal 0.980889 0.194566 0
    outer loop
      vertex -124.226 82.1911 0
      vertex -124.156 81.8382 3
      vertex -124.156 81.8382 0
    endloop
  endfacet
  facet normal -0.997772 -0.066722 0
    outer loop
      vertex 124.25 50.8 0
      vertex 124.226 51.1589 3
      vertex 124.226 51.1589 0
    endloop
  endfacet
  facet normal -0.997772 -0.066722 0
    outer loop
      vertex 124.226 51.1589 3
      vertex 124.25 50.8 0
      vertex 124.25 50.8 3
    endloop
  endfacet
  facet normal 0.0653198 -0.997864 0
    outer loop
      vertex 121.141 53.5265 0
      vertex 121.5 53.55 3
      vertex 121.141 53.5265 3
    endloop
  endfacet
  facet normal 0.0653198 -0.997864 0
    outer loop
      vertex 121.5 53.55 3
      vertex 121.141 53.5265 0
      vertex 121.5 53.55 0
    endloop
  endfacet
  facet normal -0.0653198 0.997864 0
    outer loop
      vertex 121.859 48.0735 0
      vertex 121.5 48.05 3
      vertex 121.859 48.0735 3
    endloop
  endfacet
  facet normal -0.0653198 0.997864 0
    outer loop
      vertex 121.5 48.05 3
      vertex 121.859 48.0735 0
      vertex 121.5 48.05 0
    endloop
  endfacet
  facet normal -0.658623 -0.752473 0
    outer loop
      vertex 123.174 52.9817 0
      vertex 123.445 52.7445 3
      vertex 123.174 52.9817 3
    endloop
  endfacet
  facet normal -0.658623 -0.752473 -0
    outer loop
      vertex 123.445 52.7445 3
      vertex 123.174 52.9817 0
      vertex 123.445 52.7445 0
    endloop
  endfacet
  facet normal 0.752025 -0.659134 0
    outer loop
      vertex 119.318 52.4741 3
      vertex 119.555 52.7445 0
      vertex 119.555 52.7445 3
    endloop
  endfacet
  facet normal 0.752025 -0.659134 0
    outer loop
      vertex 119.555 52.7445 0
      vertex 119.318 52.4741 3
      vertex 119.318 52.4741 0
    endloop
  endfacet
  facet normal 0.441873 -0.897078 0
    outer loop
      vertex 120.125 53.1816 0
      vertex 120.448 53.3407 3
      vertex 120.125 53.1816 3
    endloop
  endfacet
  facet normal 0.441873 -0.897078 0
    outer loop
      vertex 120.448 53.3407 3
      vertex 120.125 53.1816 0
      vertex 120.448 53.3407 0
    endloop
  endfacet
  facet normal -0.896971 -0.44209 0
    outer loop
      vertex 124.041 51.8524 0
      vertex 123.882 52.175 3
      vertex 123.882 52.175 0
    endloop
  endfacet
  facet normal -0.896971 -0.44209 0
    outer loop
      vertex 123.882 52.175 3
      vertex 124.041 51.8524 0
      vertex 124.041 51.8524 3
    endloop
  endfacet
  facet normal -0.321903 -0.946773 0
    outer loop
      vertex 122.212 53.4563 0
      vertex 122.552 53.3407 3
      vertex 122.212 53.4563 3
    endloop
  endfacet
  facet normal -0.321903 -0.946773 -0
    outer loop
      vertex 122.552 53.3407 3
      vertex 122.212 53.4563 0
      vertex 122.552 53.3407 0
    endloop
  endfacet
  facet normal -0.195047 -0.980794 0
    outer loop
      vertex 121.859 53.5265 0
      vertex 122.212 53.4563 3
      vertex 121.859 53.5265 3
    endloop
  endfacet
  facet normal -0.195047 -0.980794 -0
    outer loop
      vertex 122.212 53.4563 3
      vertex 121.859 53.5265 0
      vertex 122.212 53.4563 0
    endloop
  endfacet
  facet normal -0.441873 -0.897078 0
    outer loop
      vertex 122.552 53.3407 0
      vertex 122.875 53.1816 3
      vertex 122.552 53.3407 3
    endloop
  endfacet
  facet normal -0.441873 -0.897078 -0
    outer loop
      vertex 122.875 53.1816 3
      vertex 122.552 53.3407 0
      vertex 122.875 53.1816 0
    endloop
  endfacet
  facet normal 0.947452 -0.319897 0
    outer loop
      vertex 118.844 51.5118 3
      vertex 118.959 51.8524 0
      vertex 118.959 51.8524 3
    endloop
  endfacet
  facet normal 0.947452 -0.319897 0
    outer loop
      vertex 118.959 51.8524 0
      vertex 118.844 51.5118 3
      vertex 118.844 51.5118 0
    endloop
  endfacet
  facet normal 0.980889 -0.194566 0
    outer loop
      vertex 118.774 51.1589 3
      vertex 118.844 51.5118 0
      vertex 118.844 51.5118 3
    endloop
  endfacet
  facet normal 0.980889 -0.194566 0
    outer loop
      vertex 118.844 51.5118 0
      vertex 118.774 51.1589 3
      vertex 118.774 51.1589 0
    endloop
  endfacet
  facet normal 0.321903 -0.946773 0
    outer loop
      vertex 120.448 53.3407 0
      vertex 120.788 53.4563 3
      vertex 120.448 53.3407 3
    endloop
  endfacet
  facet normal 0.321903 -0.946773 0
    outer loop
      vertex 120.788 53.4563 3
      vertex 120.448 53.3407 0
      vertex 120.788 53.4563 0
    endloop
  endfacet
  facet normal 0.752025 0.659134 0
    outer loop
      vertex 119.555 48.8555 3
      vertex 119.318 49.1259 0
      vertex 119.318 49.1259 3
    endloop
  endfacet
  facet normal 0.752025 0.659134 0
    outer loop
      vertex 119.318 49.1259 0
      vertex 119.555 48.8555 3
      vertex 119.555 48.8555 0
    endloop
  endfacet
  facet normal 0.896971 0.44209 0
    outer loop
      vertex 119.118 49.425 3
      vertex 118.959 49.7476 0
      vertex 118.959 49.7476 3
    endloop
  endfacet
  facet normal 0.896971 0.44209 0
    outer loop
      vertex 118.959 49.7476 0
      vertex 119.118 49.425 3
      vertex 119.118 49.425 0
    endloop
  endfacet
  facet normal -0.195047 0.980794 0
    outer loop
      vertex 122.212 48.1437 0
      vertex 121.859 48.0735 3
      vertex 122.212 48.1437 3
    endloop
  endfacet
  facet normal -0.195047 0.980794 0
    outer loop
      vertex 121.859 48.0735 3
      vertex 122.212 48.1437 0
      vertex 121.859 48.0735 0
    endloop
  endfacet
  facet normal -0.947452 -0.319897 0
    outer loop
      vertex 124.156 51.5118 0
      vertex 124.041 51.8524 3
      vertex 124.041 51.8524 0
    endloop
  endfacet
  facet normal -0.947452 -0.319897 0
    outer loop
      vertex 124.041 51.8524 3
      vertex 124.156 51.5118 0
      vertex 124.156 51.5118 3
    endloop
  endfacet
  facet normal -0.980889 -0.194566 0
    outer loop
      vertex 124.226 51.1589 0
      vertex 124.156 51.5118 3
      vertex 124.156 51.5118 0
    endloop
  endfacet
  facet normal -0.980889 -0.194566 0
    outer loop
      vertex 124.156 51.5118 3
      vertex 124.226 51.1589 0
      vertex 124.226 51.1589 3
    endloop
  endfacet
  facet normal -0.752025 -0.659134 0
    outer loop
      vertex 123.682 52.4741 0
      vertex 123.445 52.7445 3
      vertex 123.445 52.7445 0
    endloop
  endfacet
  facet normal -0.752025 -0.659134 0
    outer loop
      vertex 123.445 52.7445 3
      vertex 123.682 52.4741 0
      vertex 123.682 52.4741 3
    endloop
  endfacet
  facet normal -0.83128 -0.555854 0
    outer loop
      vertex 123.882 52.175 0
      vertex 123.682 52.4741 3
      vertex 123.682 52.4741 0
    endloop
  endfacet
  facet normal -0.83128 -0.555854 0
    outer loop
      vertex 123.682 52.4741 3
      vertex 123.882 52.175 0
      vertex 123.882 52.175 3
    endloop
  endfacet
  facet normal -0.0653198 -0.997864 0
    outer loop
      vertex 121.5 53.55 0
      vertex 121.859 53.5265 3
      vertex 121.5 53.55 3
    endloop
  endfacet
  facet normal -0.0653198 -0.997864 -0
    outer loop
      vertex 121.859 53.5265 3
      vertex 121.5 53.55 0
      vertex 121.859 53.5265 0
    endloop
  endfacet
  facet normal -0.55579 -0.831322 0
    outer loop
      vertex 122.875 53.1816 0
      vertex 123.174 52.9817 3
      vertex 122.875 53.1816 3
    endloop
  endfacet
  facet normal -0.55579 -0.831322 -0
    outer loop
      vertex 123.174 52.9817 3
      vertex 122.875 53.1816 0
      vertex 123.174 52.9817 0
    endloop
  endfacet
  facet normal 0.896971 -0.44209 0
    outer loop
      vertex 118.959 51.8524 3
      vertex 119.118 52.175 0
      vertex 119.118 52.175 3
    endloop
  endfacet
  facet normal 0.896971 -0.44209 0
    outer loop
      vertex 119.118 52.175 0
      vertex 118.959 51.8524 3
      vertex 118.959 51.8524 0
    endloop
  endfacet
  facet normal 0.83128 -0.555854 0
    outer loop
      vertex 119.118 52.175 3
      vertex 119.318 52.4741 0
      vertex 119.318 52.4741 3
    endloop
  endfacet
  facet normal 0.83128 -0.555854 0
    outer loop
      vertex 119.318 52.4741 0
      vertex 119.118 52.175 3
      vertex 119.118 52.175 0
    endloop
  endfacet
  facet normal 0.997772 -0.066722 0
    outer loop
      vertex 118.75 50.8 3
      vertex 118.774 51.1589 0
      vertex 118.774 51.1589 3
    endloop
  endfacet
  facet normal 0.997772 -0.066722 0
    outer loop
      vertex 118.774 51.1589 0
      vertex 118.75 50.8 3
      vertex 118.75 50.8 0
    endloop
  endfacet
  facet normal 0.55579 -0.831322 0
    outer loop
      vertex 119.826 52.9817 0
      vertex 120.125 53.1816 3
      vertex 119.826 52.9817 3
    endloop
  endfacet
  facet normal 0.55579 -0.831322 0
    outer loop
      vertex 120.125 53.1816 3
      vertex 119.826 52.9817 0
      vertex 120.125 53.1816 0
    endloop
  endfacet
  facet normal 0.658623 -0.752473 0
    outer loop
      vertex 119.555 52.7445 0
      vertex 119.826 52.9817 3
      vertex 119.555 52.7445 3
    endloop
  endfacet
  facet normal 0.658623 -0.752473 0
    outer loop
      vertex 119.826 52.9817 3
      vertex 119.555 52.7445 0
      vertex 119.826 52.9817 0
    endloop
  endfacet
  facet normal 0.195047 -0.980794 0
    outer loop
      vertex 120.788 53.4563 0
      vertex 121.141 53.5265 3
      vertex 120.788 53.4563 3
    endloop
  endfacet
  facet normal 0.195047 -0.980794 0
    outer loop
      vertex 121.141 53.5265 3
      vertex 120.788 53.4563 0
      vertex 121.141 53.5265 0
    endloop
  endfacet
  facet normal -0.752025 0.659134 0
    outer loop
      vertex 123.445 48.8555 0
      vertex 123.682 49.1259 3
      vertex 123.682 49.1259 0
    endloop
  endfacet
  facet normal -0.752025 0.659134 0
    outer loop
      vertex 123.682 49.1259 3
      vertex 123.445 48.8555 0
      vertex 123.445 48.8555 3
    endloop
  endfacet
  facet normal -0.947452 0.319897 0
    outer loop
      vertex 124.041 49.7476 0
      vertex 124.156 50.0882 3
      vertex 124.156 50.0882 0
    endloop
  endfacet
  facet normal -0.947452 0.319897 0
    outer loop
      vertex 124.156 50.0882 3
      vertex 124.041 49.7476 0
      vertex 124.041 49.7476 3
    endloop
  endfacet
  facet normal -0.980889 0.194566 0
    outer loop
      vertex 124.156 50.0882 0
      vertex 124.226 50.4411 3
      vertex 124.226 50.4411 0
    endloop
  endfacet
  facet normal -0.980889 0.194566 0
    outer loop
      vertex 124.226 50.4411 3
      vertex 124.156 50.0882 0
      vertex 124.156 50.0882 3
    endloop
  endfacet
  facet normal 0.980889 0.194566 0
    outer loop
      vertex 118.844 50.0882 3
      vertex 118.774 50.4411 0
      vertex 118.774 50.4411 3
    endloop
  endfacet
  facet normal 0.980889 0.194566 0
    outer loop
      vertex 118.774 50.4411 0
      vertex 118.844 50.0882 3
      vertex 118.844 50.0882 0
    endloop
  endfacet
  facet normal 0.997772 0.066722 0
    outer loop
      vertex 118.774 50.4411 3
      vertex 118.75 50.8 0
      vertex 118.75 50.8 3
    endloop
  endfacet
  facet normal 0.997772 0.066722 0
    outer loop
      vertex 118.75 50.8 0
      vertex 118.774 50.4411 3
      vertex 118.774 50.4411 0
    endloop
  endfacet
  facet normal -0.83128 0.555854 0
    outer loop
      vertex 123.682 49.1259 0
      vertex 123.882 49.425 3
      vertex 123.882 49.425 0
    endloop
  endfacet
  facet normal -0.83128 0.555854 0
    outer loop
      vertex 123.882 49.425 3
      vertex 123.682 49.1259 0
      vertex 123.682 49.1259 3
    endloop
  endfacet
  facet normal -0.997772 0.066722 0
    outer loop
      vertex 124.226 50.4411 0
      vertex 124.25 50.8 3
      vertex 124.25 50.8 0
    endloop
  endfacet
  facet normal -0.997772 0.066722 0
    outer loop
      vertex 124.25 50.8 3
      vertex 124.226 50.4411 0
      vertex 124.226 50.4411 3
    endloop
  endfacet
  facet normal 0.658623 0.752473 -0
    outer loop
      vertex 119.826 48.6183 0
      vertex 119.555 48.8555 3
      vertex 119.826 48.6183 3
    endloop
  endfacet
  facet normal 0.658623 0.752473 0
    outer loop
      vertex 119.555 48.8555 3
      vertex 119.826 48.6183 0
      vertex 119.555 48.8555 0
    endloop
  endfacet
  facet normal 0.83128 0.555854 0
    outer loop
      vertex 119.318 49.1259 3
      vertex 119.118 49.425 0
      vertex 119.118 49.425 3
    endloop
  endfacet
  facet normal 0.83128 0.555854 0
    outer loop
      vertex 119.118 49.425 0
      vertex 119.318 49.1259 3
      vertex 119.318 49.1259 0
    endloop
  endfacet
  facet normal -0.441873 0.897078 0
    outer loop
      vertex 122.875 48.4184 0
      vertex 122.552 48.2593 3
      vertex 122.875 48.4184 3
    endloop
  endfacet
  facet normal -0.441873 0.897078 0
    outer loop
      vertex 122.552 48.2593 3
      vertex 122.875 48.4184 0
      vertex 122.552 48.2593 0
    endloop
  endfacet
  facet normal -0.321903 0.946773 0
    outer loop
      vertex 122.552 48.2593 0
      vertex 122.212 48.1437 3
      vertex 122.552 48.2593 3
    endloop
  endfacet
  facet normal -0.321903 0.946773 0
    outer loop
      vertex 122.212 48.1437 3
      vertex 122.552 48.2593 0
      vertex 122.212 48.1437 0
    endloop
  endfacet
  facet normal -0.896971 0.44209 0
    outer loop
      vertex 123.882 49.425 0
      vertex 124.041 49.7476 3
      vertex 124.041 49.7476 0
    endloop
  endfacet
  facet normal -0.896971 0.44209 0
    outer loop
      vertex 124.041 49.7476 3
      vertex 123.882 49.425 0
      vertex 123.882 49.425 3
    endloop
  endfacet
  facet normal -0.658623 0.752473 0
    outer loop
      vertex 123.445 48.8555 0
      vertex 123.174 48.6183 3
      vertex 123.445 48.8555 3
    endloop
  endfacet
  facet normal -0.658623 0.752473 0
    outer loop
      vertex 123.174 48.6183 3
      vertex 123.445 48.8555 0
      vertex 123.174 48.6183 0
    endloop
  endfacet
  facet normal -0.55579 0.831322 0
    outer loop
      vertex 123.174 48.6183 0
      vertex 122.875 48.4184 3
      vertex 123.174 48.6183 3
    endloop
  endfacet
  facet normal -0.55579 0.831322 0
    outer loop
      vertex 122.875 48.4184 3
      vertex 123.174 48.6183 0
      vertex 122.875 48.4184 0
    endloop
  endfacet
  facet normal 0.0653198 0.997864 -0
    outer loop
      vertex 121.5 48.05 0
      vertex 121.141 48.0735 3
      vertex 121.5 48.05 3
    endloop
  endfacet
  facet normal 0.0653198 0.997864 0
    outer loop
      vertex 121.141 48.0735 3
      vertex 121.5 48.05 0
      vertex 121.141 48.0735 0
    endloop
  endfacet
  facet normal 0.321903 0.946773 -0
    outer loop
      vertex 120.788 48.1437 0
      vertex 120.448 48.2593 3
      vertex 120.788 48.1437 3
    endloop
  endfacet
  facet normal 0.321903 0.946773 0
    outer loop
      vertex 120.448 48.2593 3
      vertex 120.788 48.1437 0
      vertex 120.448 48.2593 0
    endloop
  endfacet
  facet normal 0.55579 0.831322 -0
    outer loop
      vertex 120.125 48.4184 0
      vertex 119.826 48.6183 3
      vertex 120.125 48.4184 3
    endloop
  endfacet
  facet normal 0.55579 0.831322 0
    outer loop
      vertex 119.826 48.6183 3
      vertex 120.125 48.4184 0
      vertex 119.826 48.6183 0
    endloop
  endfacet
  facet normal 0.195047 0.980794 -0
    outer loop
      vertex 121.141 48.0735 0
      vertex 120.788 48.1437 3
      vertex 121.141 48.0735 3
    endloop
  endfacet
  facet normal 0.195047 0.980794 0
    outer loop
      vertex 120.788 48.1437 3
      vertex 121.141 48.0735 0
      vertex 120.788 48.1437 0
    endloop
  endfacet
  facet normal 0.947452 0.319897 0
    outer loop
      vertex 118.959 49.7476 3
      vertex 118.844 50.0882 0
      vertex 118.844 50.0882 3
    endloop
  endfacet
  facet normal 0.947452 0.319897 0
    outer loop
      vertex 118.844 50.0882 0
      vertex 118.959 49.7476 3
      vertex 118.959 49.7476 0
    endloop
  endfacet
  facet normal 0.441873 0.897078 -0
    outer loop
      vertex 120.448 48.2593 0
      vertex 120.125 48.4184 3
      vertex 120.448 48.2593 3
    endloop
  endfacet
  facet normal 0.441873 0.897078 0
    outer loop
      vertex 120.125 48.4184 3
      vertex 120.448 48.2593 0
      vertex 120.125 48.4184 0
    endloop
  endfacet
  facet normal -0.997773 -0.0667035 0
    outer loop
      vertex 124.25 82.55 0
      vertex 124.226 82.909 3
      vertex 124.226 82.909 0
    endloop
  endfacet
  facet normal -0.997773 -0.0667035 0
    outer loop
      vertex 124.226 82.909 3
      vertex 124.25 82.55 0
      vertex 124.25 82.55 3
    endloop
  endfacet
  facet normal 0.0653198 -0.997864 0
    outer loop
      vertex 121.141 85.2765 0
      vertex 121.5 85.3 3
      vertex 121.141 85.2765 3
    endloop
  endfacet
  facet normal 0.0653198 -0.997864 0
    outer loop
      vertex 121.5 85.3 3
      vertex 121.141 85.2765 0
      vertex 121.5 85.3 0
    endloop
  endfacet
  facet normal -0.0653198 0.997864 0
    outer loop
      vertex 121.859 79.8235 0
      vertex 121.5 79.8 3
      vertex 121.859 79.8235 3
    endloop
  endfacet
  facet normal -0.0653198 0.997864 0
    outer loop
      vertex 121.5 79.8 3
      vertex 121.859 79.8235 0
      vertex 121.5 79.8 0
    endloop
  endfacet
  facet normal -0.658623 -0.752473 0
    outer loop
      vertex 123.174 84.7317 0
      vertex 123.445 84.4945 3
      vertex 123.174 84.7317 3
    endloop
  endfacet
  facet normal -0.658623 -0.752473 -0
    outer loop
      vertex 123.445 84.4945 3
      vertex 123.174 84.7317 0
      vertex 123.445 84.4945 0
    endloop
  endfacet
  facet normal 0.752025 -0.659134 0
    outer loop
      vertex 119.318 84.2241 3
      vertex 119.555 84.4945 0
      vertex 119.555 84.4945 3
    endloop
  endfacet
  facet normal 0.752025 -0.659134 0
    outer loop
      vertex 119.555 84.4945 0
      vertex 119.318 84.2241 3
      vertex 119.318 84.2241 0
    endloop
  endfacet
  facet normal 0.441873 -0.897078 0
    outer loop
      vertex 120.125 84.9316 0
      vertex 120.448 85.0907 3
      vertex 120.125 84.9316 3
    endloop
  endfacet
  facet normal 0.441873 -0.897078 0
    outer loop
      vertex 120.448 85.0907 3
      vertex 120.125 84.9316 0
      vertex 120.448 85.0907 0
    endloop
  endfacet
  facet normal -0.896971 -0.44209 0
    outer loop
      vertex 124.041 83.6024 0
      vertex 123.882 83.925 3
      vertex 123.882 83.925 0
    endloop
  endfacet
  facet normal -0.896971 -0.44209 0
    outer loop
      vertex 123.882 83.925 3
      vertex 124.041 83.6024 0
      vertex 124.041 83.6024 3
    endloop
  endfacet
  facet normal -0.321903 -0.946773 0
    outer loop
      vertex 122.212 85.2063 0
      vertex 122.552 85.0907 3
      vertex 122.212 85.2063 3
    endloop
  endfacet
  facet normal -0.321903 -0.946773 -0
    outer loop
      vertex 122.552 85.0907 3
      vertex 122.212 85.2063 0
      vertex 122.552 85.0907 0
    endloop
  endfacet
  facet normal -0.195047 -0.980794 0
    outer loop
      vertex 121.859 85.2765 0
      vertex 122.212 85.2063 3
      vertex 121.859 85.2765 3
    endloop
  endfacet
  facet normal -0.195047 -0.980794 -0
    outer loop
      vertex 122.212 85.2063 3
      vertex 121.859 85.2765 0
      vertex 122.212 85.2063 0
    endloop
  endfacet
  facet normal -0.441873 -0.897078 0
    outer loop
      vertex 122.552 85.0907 0
      vertex 122.875 84.9316 3
      vertex 122.552 85.0907 3
    endloop
  endfacet
  facet normal -0.441873 -0.897078 -0
    outer loop
      vertex 122.875 84.9316 3
      vertex 122.552 85.0907 0
      vertex 122.875 84.9316 0
    endloop
  endfacet
  facet normal 0.947481 -0.319813 0
    outer loop
      vertex 118.844 83.2617 3
      vertex 118.959 83.6024 0
      vertex 118.959 83.6024 3
    endloop
  endfacet
  facet normal 0.947481 -0.319813 0
    outer loop
      vertex 118.959 83.6024 0
      vertex 118.844 83.2617 3
      vertex 118.844 83.2617 0
    endloop
  endfacet
  facet normal 0.896971 -0.44209 0
    outer loop
      vertex 118.959 83.6024 3
      vertex 119.118 83.925 0
      vertex 119.118 83.925 3
    endloop
  endfacet
  facet normal 0.896971 -0.44209 0
    outer loop
      vertex 119.118 83.925 0
      vertex 118.959 83.6024 3
      vertex 118.959 83.6024 0
    endloop
  endfacet
  facet normal 0.980868 -0.194672 0
    outer loop
      vertex 118.774 82.909 3
      vertex 118.844 83.2617 0
      vertex 118.844 83.2617 3
    endloop
  endfacet
  facet normal 0.980868 -0.194672 0
    outer loop
      vertex 118.844 83.2617 0
      vertex 118.774 82.909 3
      vertex 118.774 82.909 0
    endloop
  endfacet
  facet normal 0.658623 -0.752473 0
    outer loop
      vertex 119.555 84.4945 0
      vertex 119.826 84.7317 3
      vertex 119.555 84.4945 3
    endloop
  endfacet
  facet normal 0.658623 -0.752473 0
    outer loop
      vertex 119.826 84.7317 3
      vertex 119.555 84.4945 0
      vertex 119.826 84.7317 0
    endloop
  endfacet
  facet normal 0.321903 -0.946773 0
    outer loop
      vertex 120.448 85.0907 0
      vertex 120.788 85.2063 3
      vertex 120.448 85.0907 3
    endloop
  endfacet
  facet normal 0.321903 -0.946773 0
    outer loop
      vertex 120.788 85.2063 3
      vertex 120.448 85.0907 0
      vertex 120.788 85.2063 0
    endloop
  endfacet
  facet normal 0.896971 0.44209 0
    outer loop
      vertex 119.118 81.175 3
      vertex 118.959 81.4976 0
      vertex 118.959 81.4976 3
    endloop
  endfacet
  facet normal 0.896971 0.44209 0
    outer loop
      vertex 118.959 81.4976 0
      vertex 119.118 81.175 3
      vertex 119.118 81.175 0
    endloop
  endfacet
  facet normal -0.195047 0.980794 0
    outer loop
      vertex 122.212 79.8937 0
      vertex 121.859 79.8235 3
      vertex 122.212 79.8937 3
    endloop
  endfacet
  facet normal -0.195047 0.980794 0
    outer loop
      vertex 121.859 79.8235 3
      vertex 122.212 79.8937 0
      vertex 121.859 79.8235 0
    endloop
  endfacet
  facet normal -0.947481 -0.319813 0
    outer loop
      vertex 124.156 83.2617 0
      vertex 124.041 83.6024 3
      vertex 124.041 83.6024 0
    endloop
  endfacet
  facet normal -0.947481 -0.319813 0
    outer loop
      vertex 124.041 83.6024 3
      vertex 124.156 83.2617 0
      vertex 124.156 83.2617 3
    endloop
  endfacet
  facet normal -0.980868 -0.194672 0
    outer loop
      vertex 124.226 82.909 0
      vertex 124.156 83.2617 3
      vertex 124.156 83.2617 0
    endloop
  endfacet
  facet normal -0.980868 -0.194672 0
    outer loop
      vertex 124.156 83.2617 3
      vertex 124.226 82.909 0
      vertex 124.226 82.909 3
    endloop
  endfacet
  facet normal -0.752025 -0.659134 0
    outer loop
      vertex 123.682 84.2241 0
      vertex 123.445 84.4945 3
      vertex 123.445 84.4945 0
    endloop
  endfacet
  facet normal -0.752025 -0.659134 0
    outer loop
      vertex 123.445 84.4945 3
      vertex 123.682 84.2241 0
      vertex 123.682 84.2241 3
    endloop
  endfacet
  facet normal -0.83128 -0.555854 0
    outer loop
      vertex 123.882 83.925 0
      vertex 123.682 84.2241 3
      vertex 123.682 84.2241 0
    endloop
  endfacet
  facet normal -0.83128 -0.555854 0
    outer loop
      vertex 123.682 84.2241 3
      vertex 123.882 83.925 0
      vertex 123.882 83.925 3
    endloop
  endfacet
  facet normal -0.0653198 -0.997864 0
    outer loop
      vertex 121.5 85.3 0
      vertex 121.859 85.2765 3
      vertex 121.5 85.3 3
    endloop
  endfacet
  facet normal -0.0653198 -0.997864 -0
    outer loop
      vertex 121.859 85.2765 3
      vertex 121.5 85.3 0
      vertex 121.859 85.2765 0
    endloop
  endfacet
  facet normal -0.55579 -0.831322 0
    outer loop
      vertex 122.875 84.9316 0
      vertex 123.174 84.7317 3
      vertex 122.875 84.9316 3
    endloop
  endfacet
  facet normal -0.55579 -0.831322 -0
    outer loop
      vertex 123.174 84.7317 3
      vertex 122.875 84.9316 0
      vertex 123.174 84.7317 0
    endloop
  endfacet
  facet normal 0.83128 -0.555854 0
    outer loop
      vertex 119.118 83.925 3
      vertex 119.318 84.2241 0
      vertex 119.318 84.2241 3
    endloop
  endfacet
  facet normal 0.83128 -0.555854 0
    outer loop
      vertex 119.318 84.2241 0
      vertex 119.118 83.925 3
      vertex 119.118 83.925 0
    endloop
  endfacet
  facet normal 0.997773 -0.0667035 0
    outer loop
      vertex 118.75 82.55 3
      vertex 118.774 82.909 0
      vertex 118.774 82.909 3
    endloop
  endfacet
  facet normal 0.997773 -0.0667035 0
    outer loop
      vertex 118.774 82.909 0
      vertex 118.75 82.55 3
      vertex 118.75 82.55 0
    endloop
  endfacet
  facet normal 0.195047 -0.980794 0
    outer loop
      vertex 120.788 85.2063 0
      vertex 121.141 85.2765 3
      vertex 120.788 85.2063 3
    endloop
  endfacet
  facet normal 0.195047 -0.980794 0
    outer loop
      vertex 121.141 85.2765 3
      vertex 120.788 85.2063 0
      vertex 121.141 85.2765 0
    endloop
  endfacet
  facet normal -0.752025 0.659134 0
    outer loop
      vertex 123.445 80.6055 0
      vertex 123.682 80.8759 3
      vertex 123.682 80.8759 0
    endloop
  endfacet
  facet normal -0.752025 0.659134 0
    outer loop
      vertex 123.682 80.8759 3
      vertex 123.445 80.6055 0
      vertex 123.445 80.6055 3
    endloop
  endfacet
  facet normal -0.947452 0.319897 0
    outer loop
      vertex 124.041 81.4976 0
      vertex 124.156 81.8382 3
      vertex 124.156 81.8382 0
    endloop
  endfacet
  facet normal -0.947452 0.319897 0
    outer loop
      vertex 124.156 81.8382 3
      vertex 124.041 81.4976 0
      vertex 124.041 81.4976 3
    endloop
  endfacet
  facet normal -0.980889 0.194566 0
    outer loop
      vertex 124.156 81.8382 0
      vertex 124.226 82.1911 3
      vertex 124.226 82.1911 0
    endloop
  endfacet
  facet normal -0.980889 0.194566 0
    outer loop
      vertex 124.226 82.1911 3
      vertex 124.156 81.8382 0
      vertex 124.156 81.8382 3
    endloop
  endfacet
  facet normal 0.980889 0.194566 0
    outer loop
      vertex 118.844 81.8382 3
      vertex 118.774 82.1911 0
      vertex 118.774 82.1911 3
    endloop
  endfacet
  facet normal 0.980889 0.194566 0
    outer loop
      vertex 118.774 82.1911 0
      vertex 118.844 81.8382 3
      vertex 118.844 81.8382 0
    endloop
  endfacet
  facet normal -0.441873 0.897078 0
    outer loop
      vertex 122.875 80.1684 0
      vertex 122.552 80.0093 3
      vertex 122.875 80.1684 3
    endloop
  endfacet
  facet normal -0.441873 0.897078 0
    outer loop
      vertex 122.552 80.0093 3
      vertex 122.875 80.1684 0
      vertex 122.552 80.0093 0
    endloop
  endfacet
  facet normal 0.997772 0.066722 0
    outer loop
      vertex 118.774 82.1911 3
      vertex 118.75 82.55 0
      vertex 118.75 82.55 3
    endloop
  endfacet
  facet normal 0.997772 0.066722 0
    outer loop
      vertex 118.75 82.55 0
      vertex 118.774 82.1911 3
      vertex 118.774 82.1911 0
    endloop
  endfacet
  facet normal 0.55579 -0.831322 0
    outer loop
      vertex 119.826 84.7317 0
      vertex 120.125 84.9316 3
      vertex 119.826 84.7317 3
    endloop
  endfacet
  facet normal 0.55579 -0.831322 0
    outer loop
      vertex 120.125 84.9316 3
      vertex 119.826 84.7317 0
      vertex 120.125 84.9316 0
    endloop
  endfacet
  facet normal -0.83128 0.555854 0
    outer loop
      vertex 123.682 80.8759 0
      vertex 123.882 81.175 3
      vertex 123.882 81.175 0
    endloop
  endfacet
  facet normal -0.83128 0.555854 0
    outer loop
      vertex 123.882 81.175 3
      vertex 123.682 80.8759 0
      vertex 123.682 80.8759 3
    endloop
  endfacet
  facet normal -0.55579 0.831322 0
    outer loop
      vertex 123.174 80.3683 0
      vertex 122.875 80.1684 3
      vertex 123.174 80.3683 3
    endloop
  endfacet
  facet normal -0.55579 0.831322 0
    outer loop
      vertex 122.875 80.1684 3
      vertex 123.174 80.3683 0
      vertex 122.875 80.1684 0
    endloop
  endfacet
  facet normal -0.997772 0.066722 0
    outer loop
      vertex 124.226 82.1911 0
      vertex 124.25 82.55 3
      vertex 124.25 82.55 0
    endloop
  endfacet
  facet normal -0.997772 0.066722 0
    outer loop
      vertex 124.25 82.55 3
      vertex 124.226 82.1911 0
      vertex 124.226 82.1911 3
    endloop
  endfacet
  facet normal 0.321903 0.946773 -0
    outer loop
      vertex 120.788 79.8937 0
      vertex 120.448 80.0093 3
      vertex 120.788 79.8937 3
    endloop
  endfacet
  facet normal 0.321903 0.946773 0
    outer loop
      vertex 120.448 80.0093 3
      vertex 120.788 79.8937 0
      vertex 120.448 80.0093 0
    endloop
  endfacet
  facet normal 0.658623 0.752473 -0
    outer loop
      vertex 119.826 80.3683 0
      vertex 119.555 80.6055 3
      vertex 119.826 80.3683 3
    endloop
  endfacet
  facet normal 0.658623 0.752473 0
    outer loop
      vertex 119.555 80.6055 3
      vertex 119.826 80.3683 0
      vertex 119.555 80.6055 0
    endloop
  endfacet
  facet normal -0.321903 0.946773 0
    outer loop
      vertex 122.552 80.0093 0
      vertex 122.212 79.8937 3
      vertex 122.552 80.0093 3
    endloop
  endfacet
  facet normal -0.321903 0.946773 0
    outer loop
      vertex 122.212 79.8937 3
      vertex 122.552 80.0093 0
      vertex 122.212 79.8937 0
    endloop
  endfacet
  facet normal -0.896971 0.44209 0
    outer loop
      vertex 123.882 81.175 0
      vertex 124.041 81.4976 3
      vertex 124.041 81.4976 0
    endloop
  endfacet
  facet normal -0.896971 0.44209 0
    outer loop
      vertex 124.041 81.4976 3
      vertex 123.882 81.175 0
      vertex 123.882 81.175 3
    endloop
  endfacet
  facet normal -0.658623 0.752473 0
    outer loop
      vertex 123.445 80.6055 0
      vertex 123.174 80.3683 3
      vertex 123.445 80.6055 3
    endloop
  endfacet
  facet normal -0.658623 0.752473 0
    outer loop
      vertex 123.174 80.3683 3
      vertex 123.445 80.6055 0
      vertex 123.174 80.3683 0
    endloop
  endfacet
  facet normal 0.55579 0.831322 -0
    outer loop
      vertex 120.125 80.1684 0
      vertex 119.826 80.3683 3
      vertex 120.125 80.1684 3
    endloop
  endfacet
  facet normal 0.55579 0.831322 0
    outer loop
      vertex 119.826 80.3683 3
      vertex 120.125 80.1684 0
      vertex 119.826 80.3683 0
    endloop
  endfacet
  facet normal 0.195047 0.980794 -0
    outer loop
      vertex 121.141 79.8235 0
      vertex 120.788 79.8937 3
      vertex 121.141 79.8235 3
    endloop
  endfacet
  facet normal 0.195047 0.980794 0
    outer loop
      vertex 120.788 79.8937 3
      vertex 121.141 79.8235 0
      vertex 120.788 79.8937 0
    endloop
  endfacet
  facet normal 0.752025 0.659134 0
    outer loop
      vertex 119.555 80.6055 3
      vertex 119.318 80.8759 0
      vertex 119.318 80.8759 3
    endloop
  endfacet
  facet normal 0.752025 0.659134 0
    outer loop
      vertex 119.318 80.8759 0
      vertex 119.555 80.6055 3
      vertex 119.555 80.6055 0
    endloop
  endfacet
  facet normal 0.83128 0.555854 0
    outer loop
      vertex 119.318 80.8759 3
      vertex 119.118 81.175 0
      vertex 119.118 81.175 3
    endloop
  endfacet
  facet normal 0.83128 0.555854 0
    outer loop
      vertex 119.118 81.175 0
      vertex 119.318 80.8759 3
      vertex 119.318 80.8759 0
    endloop
  endfacet
  facet normal 0.947452 0.319897 0
    outer loop
      vertex 118.959 81.4976 3
      vertex 118.844 81.8382 0
      vertex 118.844 81.8382 3
    endloop
  endfacet
  facet normal 0.947452 0.319897 0
    outer loop
      vertex 118.844 81.8382 0
      vertex 118.959 81.4976 3
      vertex 118.959 81.4976 0
    endloop
  endfacet
  facet normal 0.441873 0.897078 -0
    outer loop
      vertex 120.448 80.0093 0
      vertex 120.125 80.1684 3
      vertex 120.448 80.0093 3
    endloop
  endfacet
  facet normal 0.441873 0.897078 0
    outer loop
      vertex 120.125 80.1684 3
      vertex 120.448 80.0093 0
      vertex 120.125 80.1684 0
    endloop
  endfacet
  facet normal 0.0653198 0.997864 -0
    outer loop
      vertex 121.5 79.8 0
      vertex 121.141 79.8235 3
      vertex 121.5 79.8 3
    endloop
  endfacet
  facet normal 0.0653198 0.997864 0
    outer loop
      vertex 121.141 79.8235 3
      vertex 121.5 79.8 0
      vertex 121.141 79.8235 0
    endloop
  endfacet
  facet normal -1 0 0
    outer loop
      vertex -126.5 0 0
      vertex -126.5 88.9 3
      vertex -126.5 88.9 0
    endloop
  endfacet
  facet normal -1 -0 0
    outer loop
      vertex -126.5 88.9 3
      vertex -126.5 0 0
      vertex -126.5 0 3
    endloop
  endfacet
  facet normal -0 0 1
    outer loop
      vertex -118.844 81.8382 3
      vertex -85.9 77.4 3
      vertex -118.774 82.1911 3
    endloop
  endfacet
  facet normal 0 0 1
    outer loop
      vertex -85.9 77.4 3
      vertex -118.774 51.1589 3
      vertex -118.75 50.8 3
    endloop
  endfacet
  facet normal -0 0 1
    outer loop
      vertex -118.959 81.4976 3
      vertex -85.9 77.4 3
      vertex -118.844 81.8382 3
    endloop
  endfacet
  facet normal 0 0 1
    outer loop
      vertex -85.9 77.4 3
      vertex -118.844 51.5118 3
      vertex -118.774 51.1589 3
    endloop
  endfacet
  facet normal -0 0 1
    outer loop
      vertex -119.118 81.175 3
      vertex -85.9 77.4 3
      vertex -118.959 81.4976 3
    endloop
  endfacet
  facet normal 0 0 1
    outer loop
      vertex -85.9 77.4 3
      vertex -118.959 51.8524 3
      vertex -118.844 51.5118 3
    endloop
  endfacet
  facet normal -0 0 1
    outer loop
      vertex -119.318 80.8759 3
      vertex -85.9 77.4 3
      vertex -119.118 81.175 3
    endloop
  endfacet
  facet normal 0 0 1
    outer loop
      vertex -85.9 77.4 3
      vertex -119.118 52.175 3
      vertex -118.959 51.8524 3
    endloop
  endfacet
  facet normal -0 0 1
    outer loop
      vertex -119.555 80.6055 3
      vertex -85.9 77.4 3
      vertex -119.318 80.8759 3
    endloop
  endfacet
  facet normal 0 0 1
    outer loop
      vertex -85.9 77.4 3
      vertex -119.318 52.4741 3
      vertex -119.118 52.175 3
    endloop
  endfacet
  facet normal 0 0 1
    outer loop
      vertex -119.555 52.7445 3
      vertex -85.9 77.4 3
      vertex -119.555 80.6055 3
    endloop
  endfacet
  facet normal 0 0 1
    outer loop
      vertex -85.9 77.4 3
      vertex -119.555 52.7445 3
      vertex -119.318 52.4741 3
    endloop
  endfacet
  facet normal -0 0 1
    outer loop
      vertex -119.826 80.3683 3
      vertex -119.555 52.7445 3
      vertex -119.555 80.6055 3
    endloop
  endfacet
  facet normal 0 0 1
    outer loop
      vertex -119.826 80.3683 3
      vertex -119.826 52.9817 3
      vertex -119.555 52.7445 3
    endloop
  endfacet
  facet normal -0 0 1
    outer loop
      vertex -120.125 80.1684 3
      vertex -119.826 52.9817 3
      vertex -119.826 80.3683 3
    endloop
  endfacet
  facet normal 0 0 1
    outer loop
      vertex -120.125 80.1684 3
      vertex -120.125 53.1816 3
      vertex -119.826 52.9817 3
    endloop
  endfacet
  facet normal -0 0 1
    outer loop
      vertex -120.448 80.0093 3
      vertex -120.125 53.1816 3
      vertex -120.125 80.1684 3
    endloop
  endfacet
  facet normal 0 0 1
    outer loop
      vertex -120.448 80.0093 3
      vertex -120.448 53.3407 3
      vertex -120.125 53.1816 3
    endloop
  endfacet
  facet normal -0 0 1
    outer loop
      vertex -120.788 79.8937 3
      vertex -120.448 53.3407 3
      vertex -120.448 80.0093 3
    endloop
  endfacet
  facet normal 0 0 1
    outer loop
      vertex -120.788 79.8937 3
      vertex -120.788 53.4563 3
      vertex -120.448 53.3407 3
    endloop
  endfacet
  facet normal -0 0 1
    outer loop
      vertex -121.141 79.8235 3
      vertex -120.788 53.4563 3
      vertex -120.788 79.8937 3
    endloop
  endfacet
  facet normal 0 0 1
    outer loop
      vertex -121.141 79.8235 3
      vertex -121.141 53.5265 3
      vertex -120.788 53.4563 3
    endloop
  endfacet
  facet normal -0 0 1
    outer loop
      vertex -121.5 79.8 3
      vertex -121.141 53.5265 3
      vertex -121.141 79.8235 3
    endloop
  endfacet
  facet normal 0 0 1
    outer loop
      vertex -121.5 79.8 3
      vertex -121.5 53.55 3
      vertex -121.141 53.5265 3
    endloop
  endfacet
  facet normal 0 0 1
    outer loop
      vertex -121.859 79.8235 3
      vertex -121.5 53.55 3
      vertex -121.5 79.8 3
    endloop
  endfacet
  facet normal 0 0 1
    outer loop
      vertex -121.859 79.8235 3
      vertex -121.859 53.5265 3
      vertex -121.5 53.55 3
    endloop
  endfacet
  facet normal 0 0 1
    outer loop
      vertex -122.212 79.8937 3
      vertex -121.859 53.5265 3
      vertex -121.859 79.8235 3
    endloop
  endfacet
  facet normal 0 0 1
    outer loop
      vertex -122.212 79.8937 3
      vertex -122.212 53.4563 3
      vertex -121.859 53.5265 3
    endloop
  endfacet
  facet normal 0 0 1
    outer loop
      vertex -122.552 80.0093 3
      vertex -122.212 53.4563 3
      vertex -122.212 79.8937 3
    endloop
  endfacet
  facet normal 0 0 1
    outer loop
      vertex -122.552 80.0093 3
      vertex -122.552 53.3407 3
      vertex -122.212 53.4563 3
    endloop
  endfacet
  facet normal 0 0 1
    outer loop
      vertex -122.875 80.1684 3
      vertex -122.552 53.3407 3
      vertex -122.552 80.0093 3
    endloop
  endfacet
  facet normal 0 0 1
    outer loop
      vertex -122.875 80.1684 3
      vertex -122.875 53.1816 3
      vertex -122.552 53.3407 3
    endloop
  endfacet
  facet normal 0 0 1
    outer loop
      vertex -123.174 80.3683 3
      vertex -122.875 53.1816 3
      vertex -122.875 80.1684 3
    endloop
  endfacet
  facet normal 0 0 1
    outer loop
      vertex -123.174 80.3683 3
      vertex -123.174 52.9817 3
      vertex -122.875 53.1816 3
    endloop
  endfacet
  facet normal 0 0 1
    outer loop
      vertex -123.445 80.6055 3
      vertex -123.174 52.9817 3
      vertex -123.174 80.3683 3
    endloop
  endfacet
  facet normal 0 0 1
    outer loop
      vertex -123.445 80.6055 3
      vertex -123.445 52.7445 3
      vertex -123.174 52.9817 3
    endloop
  endfacet
  facet normal 0 0 1
    outer loop
      vertex -123.682 80.8759 3
      vertex -123.445 52.7445 3
      vertex -123.445 80.6055 3
    endloop
  endfacet
  facet normal 0 0 1
    outer loop
      vertex -123.682 80.8759 3
      vertex -123.682 52.4741 3
      vertex -123.445 52.7445 3
    endloop
  endfacet
  facet normal 0 0 1
    outer loop
      vertex -123.882 81.175 3
      vertex -123.682 52.4741 3
      vertex -123.682 80.8759 3
    endloop
  endfacet
  facet normal 0 0 1
    outer loop
      vertex -123.882 81.175 3
      vertex -123.882 52.175 3
      vertex -123.682 52.4741 3
    endloop
  endfacet
  facet normal 0 0 1
    outer loop
      vertex -124.041 81.4976 3
      vertex -123.882 52.175 3
      vertex -123.882 81.175 3
    endloop
  endfacet
  facet normal 0 0 1
    outer loop
      vertex -124.041 81.4976 3
      vertex -124.041 51.8524 3
      vertex -123.882 52.175 3
    endloop
  endfacet
  facet normal 0 0 1
    outer loop
      vertex -124.156 81.8382 3
      vertex -124.041 51.8524 3
      vertex -124.041 81.4976 3
    endloop
  endfacet
  facet normal 0 0 1
    outer loop
      vertex -124.156 81.8382 3
      vertex -124.156 51.5118 3
      vertex -124.041 51.8524 3
    endloop
  endfacet
  facet normal 0 0 1
    outer loop
      vertex -126.5 88.9 3
      vertex -124.156 81.8382 3
      vertex -124.226 82.1911 3
    endloop
  endfacet
  facet normal 0 0 1
    outer loop
      vertex -124.156 81.8382 3
      vertex -126.5 88.9 3
      vertex -124.156 51.5118 3
    endloop
  endfacet
  facet normal 0 0 1
    outer loop
      vertex -126.5 88.9 3
      vertex -124.226 82.1911 3
      vertex -124.25 82.55 3
    endloop
  endfacet
  facet normal 0 0 1
    outer loop
      vertex -124.156 51.5118 3
      vertex -126.5 88.9 3
      vertex -124.226 51.1589 3
    endloop
  endfacet
  facet normal 0 0 1
    outer loop
      vertex 100.9 32.75 3
      vertex 93.7863 29.6588 3
      vertex 93.8 29.45 3
    endloop
  endfacet
  facet normal 0 0 1
    outer loop
      vertex 100.9 32.75 3
      vertex 93.7455 29.8641 3
      vertex 93.7863 29.6588 3
    endloop
  endfacet
  facet normal 0 0 1
    outer loop
      vertex 100.9 32.75 3
      vertex 93.6782 30.0623 3
      vertex 93.7455 29.8641 3
    endloop
  endfacet
  facet normal 0 0 1
    outer loop
      vertex 100.9 32.75 3
      vertex 93.5856 30.25 3
      vertex 93.6782 30.0623 3
    endloop
  endfacet
  facet normal 0 0 1
    outer loop
      vertex 100.9 32.75 3
      vertex 93.4694 30.424 3
      vertex 93.5856 30.25 3
    endloop
  endfacet
  facet normal 0 0 1
    outer loop
      vertex 100.9 32.75 3
      vertex 93.3314 30.5814 3
      vertex 93.4694 30.424 3
    endloop
  endfacet
  facet normal 0 0 1
    outer loop
      vertex 100.9 32.75 3
      vertex 93.174 30.7194 3
      vertex 93.3314 30.5814 3
    endloop
  endfacet
  facet normal 0 0 1
    outer loop
      vertex 100.9 32.75 3
      vertex 93 30.8356 3
      vertex 93.174 30.7194 3
    endloop
  endfacet
  facet normal 0 0 1
    outer loop
      vertex 100.9 32.75 3
      vertex 92.8123 30.9282 3
      vertex 93 30.8356 3
    endloop
  endfacet
  facet normal 0 0 1
    outer loop
      vertex 100.9 32.75 3
      vertex 92.6141 30.9955 3
      vertex 92.8123 30.9282 3
    endloop
  endfacet
  facet normal 0 0 1
    outer loop
      vertex 100.9 32.75 3
      vertex 92.4088 31.0363 3
      vertex 92.6141 30.9955 3
    endloop
  endfacet
  facet normal 0 0 1
    outer loop
      vertex 100.9 32.75 3
      vertex 92.2 31.05 3
      vertex 92.4088 31.0363 3
    endloop
  endfacet
  facet normal -0 0 1
    outer loop
      vertex 83.5 32.75 3
      vertex 92.2 31.05 3
      vertex 100.9 32.75 3
    endloop
  endfacet
  facet normal 0 0 1
    outer loop
      vertex 90.6137 29.6588 3
      vertex 83.5 32.75 3
      vertex 90.6 29.45 3
    endloop
  endfacet
  facet normal 0 0 1
    outer loop
      vertex 90.6545 29.8641 3
      vertex 83.5 32.75 3
      vertex 90.6137 29.6588 3
    endloop
  endfacet
  facet normal 0 0 1
    outer loop
      vertex 90.7218 30.0623 3
      vertex 83.5 32.75 3
      vertex 90.6545 29.8641 3
    endloop
  endfacet
  facet normal 0 0 1
    outer loop
      vertex 90.8144 30.25 3
      vertex 83.5 32.75 3
      vertex 90.7218 30.0623 3
    endloop
  endfacet
  facet normal 0 0 1
    outer loop
      vertex 90.9306 30.424 3
      vertex 83.5 32.75 3
      vertex 90.8144 30.25 3
    endloop
  endfacet
  facet normal 0 0 1
    outer loop
      vertex 91.0686 30.5814 3
      vertex 83.5 32.75 3
      vertex 90.9306 30.424 3
    endloop
  endfacet
  facet normal 0 0 1
    outer loop
      vertex 91.226 30.7194 3
      vertex 83.5 32.75 3
      vertex 91.0686 30.5814 3
    endloop
  endfacet
  facet normal 0 0 1
    outer loop
      vertex 91.4 30.8356 3
      vertex 83.5 32.75 3
      vertex 91.226 30.7194 3
    endloop
  endfacet
  facet normal 0 0 1
    outer loop
      vertex 91.5877 30.9282 3
      vertex 83.5 32.75 3
      vertex 91.4 30.8356 3
    endloop
  endfacet
  facet normal 0 0 1
    outer loop
      vertex 91.7859 30.9955 3
      vertex 83.5 32.75 3
      vertex 91.5877 30.9282 3
    endloop
  endfacet
  facet normal 0 0 1
    outer loop
      vertex 91.9912 31.0363 3
      vertex 83.5 32.75 3
      vertex 91.7859 30.9955 3
    endloop
  endfacet
  facet normal 0 0 1
    outer loop
      vertex 92.2 31.05 3
      vertex 83.5 32.75 3
      vertex 91.9912 31.0363 3
    endloop
  endfacet
  facet normal 0 0 1
    outer loop
      vertex 124.156 81.8382 3
      vertex 126.5 88.9 3
      vertex 124.226 82.1911 3
    endloop
  endfacet
  facet normal 0 0 1
    outer loop
      vertex 126.5 88.9 3
      vertex 124.226 51.1589 3
      vertex 124.25 50.8 3
    endloop
  endfacet
  facet normal 0 0 1
    outer loop
      vertex 124.156 51.5118 3
      vertex 126.5 88.9 3
      vertex 124.156 81.8382 3
    endloop
  endfacet
  facet normal 0 0 1
    outer loop
      vertex 126.5 88.9 3
      vertex 124.156 51.5118 3
      vertex 124.226 51.1589 3
    endloop
  endfacet
  facet normal -0 0 1
    outer loop
      vertex 124.041 81.4976 3
      vertex 124.156 51.5118 3
      vertex 124.156 81.8382 3
    endloop
  endfacet
  facet normal 0 0 1
    outer loop
      vertex 124.041 81.4976 3
      vertex 124.041 51.8524 3
      vertex 124.156 51.5118 3
    endloop
  endfacet
  facet normal -0 0 1
    outer loop
      vertex 123.882 81.175 3
      vertex 124.041 51.8524 3
      vertex 124.041 81.4976 3
    endloop
  endfacet
  facet normal 0 0 1
    outer loop
      vertex 123.882 81.175 3
      vertex 123.882 52.175 3
      vertex 124.041 51.8524 3
    endloop
  endfacet
  facet normal -0 0 1
    outer loop
      vertex 123.682 80.8759 3
      vertex 123.882 52.175 3
      vertex 123.882 81.175 3
    endloop
  endfacet
  facet normal 0 0 1
    outer loop
      vertex 123.682 80.8759 3
      vertex 123.682 52.4741 3
      vertex 123.882 52.175 3
    endloop
  endfacet
  facet normal -0 0 1
    outer loop
      vertex 123.445 80.6055 3
      vertex 123.682 52.4741 3
      vertex 123.682 80.8759 3
    endloop
  endfacet
  facet normal 0 0 1
    outer loop
      vertex 123.445 80.6055 3
      vertex 123.445 52.7445 3
      vertex 123.682 52.4741 3
    endloop
  endfacet
  facet normal -0 0 1
    outer loop
      vertex 123.174 80.3683 3
      vertex 123.445 52.7445 3
      vertex 123.445 80.6055 3
    endloop
  endfacet
  facet normal 0 0 1
    outer loop
      vertex 123.174 80.3683 3
      vertex 123.174 52.9817 3
      vertex 123.445 52.7445 3
    endloop
  endfacet
  facet normal -0 0 1
    outer loop
      vertex 122.875 80.1684 3
      vertex 123.174 52.9817 3
      vertex 123.174 80.3683 3
    endloop
  endfacet
  facet normal 0 0 1
    outer loop
      vertex 122.875 80.1684 3
      vertex 122.875 53.1816 3
      vertex 123.174 52.9817 3
    endloop
  endfacet
  facet normal -0 0 1
    outer loop
      vertex 122.552 80.0093 3
      vertex 122.875 53.1816 3
      vertex 122.875 80.1684 3
    endloop
  endfacet
  facet normal 0 0 1
    outer loop
      vertex 122.552 80.0093 3
      vertex 122.552 53.3407 3
      vertex 122.875 53.1816 3
    endloop
  endfacet
  facet normal -0 0 1
    outer loop
      vertex 122.212 79.8937 3
      vertex 122.552 53.3407 3
      vertex 122.552 80.0093 3
    endloop
  endfacet
  facet normal 0 0 1
    outer loop
      vertex 122.212 79.8937 3
      vertex 122.212 53.4563 3
      vertex 122.552 53.3407 3
    endloop
  endfacet
  facet normal -0 0 1
    outer loop
      vertex 121.859 79.8235 3
      vertex 122.212 53.4563 3
      vertex 122.212 79.8937 3
    endloop
  endfacet
  facet normal 0 0 1
    outer loop
      vertex 121.859 79.8235 3
      vertex 121.859 53.5265 3
      vertex 122.212 53.4563 3
    endloop
  endfacet
  facet normal -0 0 1
    outer loop
      vertex 121.5 79.8 3
      vertex 121.859 53.5265 3
      vertex 121.859 79.8235 3
    endloop
  endfacet
  facet normal 0 0 1
    outer loop
      vertex 121.5 79.8 3
      vertex 121.5 53.55 3
      vertex 121.859 53.5265 3
    endloop
  endfacet
  facet normal 0 0 1
    outer loop
      vertex 121.141 79.8235 3
      vertex 121.5 53.55 3
      vertex 121.5 79.8 3
    endloop
  endfacet
  facet normal 0 0 1
    outer loop
      vertex 121.141 79.8235 3
      vertex 121.141 53.5265 3
      vertex 121.5 53.55 3
    endloop
  endfacet
  facet normal 0 0 1
    outer loop
      vertex 120.788 79.8937 3
      vertex 121.141 53.5265 3
      vertex 121.141 79.8235 3
    endloop
  endfacet
  facet normal 0 0 1
    outer loop
      vertex 120.788 79.8937 3
      vertex 120.788 53.4563 3
      vertex 121.141 53.5265 3
    endloop
  endfacet
  facet normal 0 0 1
    outer loop
      vertex 120.448 80.0093 3
      vertex 120.788 53.4563 3
      vertex 120.788 79.8937 3
    endloop
  endfacet
  facet normal 0 0 1
    outer loop
      vertex 120.448 80.0093 3
      vertex 120.448 53.3407 3
      vertex 120.788 53.4563 3
    endloop
  endfacet
  facet normal 0 0 1
    outer loop
      vertex 120.125 80.1684 3
      vertex 120.448 53.3407 3
      vertex 120.448 80.0093 3
    endloop
  endfacet
  facet normal 0 0 1
    outer loop
      vertex 120.125 80.1684 3
      vertex 120.125 53.1816 3
      vertex 120.448 53.3407 3
    endloop
  endfacet
  facet normal 0 0 1
    outer loop
      vertex 100.9 56.15 3
      vertex 120.125 80.1684 3
      vertex 119.826 80.3683 3
    endloop
  endfacet
  facet normal 0 0 1
    outer loop
      vertex 120.125 80.1684 3
      vertex 100.9 56.15 3
      vertex 120.125 53.1816 3
    endloop
  endfacet
  facet normal 0 0 1
    outer loop
      vertex 100.9 56.15 3
      vertex 119.826 80.3683 3
      vertex 119.555 80.6055 3
    endloop
  endfacet
  facet normal 0 0 1
    outer loop
      vertex 120.125 53.1816 3
      vertex 100.9 56.15 3
      vertex 119.826 52.9817 3
    endloop
  endfacet
  facet normal 0 0 1
    outer loop
      vertex 100.9 56.15 3
      vertex 119.555 80.6055 3
      vertex 119.318 80.8759 3
    endloop
  endfacet
  facet normal 0 0 1
    outer loop
      vertex 119.826 52.9817 3
      vertex 100.9 56.15 3
      vertex 119.555 52.7445 3
    endloop
  endfacet
  facet normal 0 0 1
    outer loop
      vertex 100.9 56.15 3
      vertex 119.318 80.8759 3
      vertex 119.118 81.175 3
    endloop
  endfacet
  facet normal 0 0 1
    outer loop
      vertex 119.555 52.7445 3
      vertex 100.9 56.15 3
      vertex 119.318 52.4741 3
    endloop
  endfacet
  facet normal 0 0 1
    outer loop
      vertex 93.174 60.7194 3
      vertex 119.118 81.175 3
      vertex 118.959 81.4976 3
    endloop
  endfacet
  facet normal 0 0 1
    outer loop
      vertex 119.318 52.4741 3
      vertex 100.9 56.15 3
      vertex 119.118 52.175 3
    endloop
  endfacet
  facet normal 0 0 1
    outer loop
      vertex 93 60.8356 3
      vertex 118.959 81.4976 3
      vertex 118.844 81.8382 3
    endloop
  endfacet
  facet normal 0 0 1
    outer loop
      vertex 119.118 52.175 3
      vertex 100.9 56.15 3
      vertex 118.959 51.8524 3
    endloop
  endfacet
  facet normal 0 0 1
    outer loop
      vertex 92.8123 60.9282 3
      vertex 118.844 81.8382 3
      vertex 118.774 82.1911 3
    endloop
  endfacet
  facet normal 0 0 1
    outer loop
      vertex 118.959 51.8524 3
      vertex 100.9 56.15 3
      vertex 118.844 51.5118 3
    endloop
  endfacet
  facet normal 0 0 1
    outer loop
      vertex 92.6141 60.9955 3
      vertex 118.774 82.1911 3
      vertex 118.75 82.55 3
    endloop
  endfacet
  facet normal 0 0 1
    outer loop
      vertex 118.844 51.5118 3
      vertex 100.9 56.15 3
      vertex 118.774 51.1589 3
    endloop
  endfacet
  facet normal 0 0 1
    outer loop
      vertex 124.226 82.1911 3
      vertex 126.5 88.9 3
      vertex 124.25 82.55 3
    endloop
  endfacet
  facet normal 0 0 1
    outer loop
      vertex 126.5 88.9 3
      vertex 124.226 82.909 3
      vertex 124.25 82.55 3
    endloop
  endfacet
  facet normal 0 0 1
    outer loop
      vertex 126.5 88.9 3
      vertex 124.156 83.2617 3
      vertex 124.226 82.909 3
    endloop
  endfacet
  facet normal 0 0 1
    outer loop
      vertex 126.5 88.9 3
      vertex 124.041 83.6024 3
      vertex 124.156 83.2617 3
    endloop
  endfacet
  facet normal 0 0 1
    outer loop
      vertex 126.5 88.9 3
      vertex 123.882 83.925 3
      vertex 124.041 83.6024 3
    endloop
  endfacet
  facet normal 0 0 1
    outer loop
      vertex 126.5 88.9 3
      vertex 123.682 84.2241 3
      vertex 123.882 83.925 3
    endloop
  endfacet
  facet normal 0 0 1
    outer loop
      vertex 126.5 88.9 3
      vertex 123.445 84.4945 3
      vertex 123.682 84.2241 3
    endloop
  endfacet
  facet normal 0 0 1
    outer loop
      vertex 126.5 88.9 3
      vertex 123.174 84.7317 3
      vertex 123.445 84.4945 3
    endloop
  endfacet
  facet normal 0 0 1
    outer loop
      vertex 126.5 88.9 3
      vertex 122.875 84.9316 3
      vertex 123.174 84.7317 3
    endloop
  endfacet
  facet normal 0 0 1
    outer loop
      vertex 126.5 88.9 3
      vertex 122.552 85.0907 3
      vertex 122.875 84.9316 3
    endloop
  endfacet
  facet normal 0 0 1
    outer loop
      vertex 126.5 88.9 3
      vertex 122.212 85.2063 3
      vertex 122.552 85.0907 3
    endloop
  endfacet
  facet normal 0 0 1
    outer loop
      vertex 126.5 88.9 3
      vertex 121.859 85.2765 3
      vertex 122.212 85.2063 3
    endloop
  endfacet
  facet normal 0 0 1
    outer loop
      vertex 126.5 88.9 3
      vertex 121.5 85.3 3
      vertex 121.859 85.2765 3
    endloop
  endfacet
  facet normal 0 0 1
    outer loop
      vertex 126.5 88.9 3
      vertex 121.141 85.2765 3
      vertex 121.5 85.3 3
    endloop
  endfacet
  facet normal 0 0 1
    outer loop
      vertex 126.5 88.9 3
      vertex 120.788 85.2063 3
      vertex 121.141 85.2765 3
    endloop
  endfacet
  facet normal 0 0 1
    outer loop
      vertex 126.5 88.9 3
      vertex 120.448 85.0907 3
      vertex 120.788 85.2063 3
    endloop
  endfacet
  facet normal 0 0 1
    outer loop
      vertex 126.5 88.9 3
      vertex 120.125 84.9316 3
      vertex 120.448 85.0907 3
    endloop
  endfacet
  facet normal 0 0 1
    outer loop
      vertex 118.774 51.1589 3
      vertex 100.9 56.15 3
      vertex 118.75 50.8 3
    endloop
  endfacet
  facet normal 0 0 1
    outer loop
      vertex 92.4088 61.0363 3
      vertex 118.75 82.55 3
      vertex 118.774 82.909 3
    endloop
  endfacet
  facet normal 0 0 1
    outer loop
      vertex 92.2 61.05 3
      vertex 118.774 82.909 3
      vertex 118.844 83.2617 3
    endloop
  endfacet
  facet normal 0 0 1
    outer loop
      vertex 91.9912 61.0363 3
      vertex 118.844 83.2617 3
      vertex 118.959 83.6024 3
    endloop
  endfacet
  facet normal 0 0 1
    outer loop
      vertex 91.7859 60.9955 3
      vertex 118.959 83.6024 3
      vertex 119.118 83.925 3
    endloop
  endfacet
  facet normal 0 0 1
    outer loop
      vertex 119.118 81.175 3
      vertex 93.3314 60.5814 3
      vertex 100.9 56.15 3
    endloop
  endfacet
  facet normal 0 0 1
    outer loop
      vertex 57.0764 61.6978 3
      vertex 119.118 83.925 3
      vertex 119.318 84.2241 3
    endloop
  endfacet
  facet normal 0 0 1
    outer loop
      vertex 56.6916 61.7743 3
      vertex 119.318 84.2241 3
      vertex 119.555 84.4945 3
    endloop
  endfacet
  facet normal 0 0 1
    outer loop
      vertex 100.9 56.15 3
      vertex 93.7863 59.6588 3
      vertex 93.8 59.45 3
    endloop
  endfacet
  facet normal 0 0 1
    outer loop
      vertex 100.9 56.15 3
      vertex 93.7455 59.8641 3
      vertex 93.7863 59.6588 3
    endloop
  endfacet
  facet normal 0 0 1
    outer loop
      vertex 100.9 56.15 3
      vertex 93.6782 60.0623 3
      vertex 93.7455 59.8641 3
    endloop
  endfacet
  facet normal 0 0 1
    outer loop
      vertex 100.9 56.15 3
      vertex 93.5856 60.25 3
      vertex 93.6782 60.0623 3
    endloop
  endfacet
  facet normal 0 0 1
    outer loop
      vertex 100.9 56.15 3
      vertex 93.4694 60.424 3
      vertex 93.5856 60.25 3
    endloop
  endfacet
  facet normal 0 0 1
    outer loop
      vertex 100.9 56.15 3
      vertex 93.3314 60.5814 3
      vertex 93.4694 60.424 3
    endloop
  endfacet
  facet normal 0 0 1
    outer loop
      vertex 119.118 81.175 3
      vertex 93.174 60.7194 3
      vertex 93.3314 60.5814 3
    endloop
  endfacet
  facet normal 0 0 1
    outer loop
      vertex 118.959 81.4976 3
      vertex 93 60.8356 3
      vertex 93.174 60.7194 3
    endloop
  endfacet
  facet normal 0 0 1
    outer loop
      vertex 118.844 81.8382 3
      vertex 92.8123 60.9282 3
      vertex 93 60.8356 3
    endloop
  endfacet
  facet normal 0 0 1
    outer loop
      vertex 118.774 82.1911 3
      vertex 92.6141 60.9955 3
      vertex 92.8123 60.9282 3
    endloop
  endfacet
  facet normal 0 0 1
    outer loop
      vertex 56.3 61.8 3
      vertex 119.555 84.4945 3
      vertex 119.826 84.7317 3
    endloop
  endfacet
  facet normal 0 0 1
    outer loop
      vertex 118.75 82.55 3
      vertex 92.4088 61.0363 3
      vertex 92.6141 60.9955 3
    endloop
  endfacet
  facet normal 0 0 1
    outer loop
      vertex 118.774 82.909 3
      vertex 92.2 61.05 3
      vertex 92.4088 61.0363 3
    endloop
  endfacet
  facet normal 0 0 1
    outer loop
      vertex 118.844 83.2617 3
      vertex 91.9912 61.0363 3
      vertex 92.2 61.05 3
    endloop
  endfacet
  facet normal 0 0 1
    outer loop
      vertex 118.959 83.6024 3
      vertex 91.7859 60.9955 3
      vertex 91.9912 61.0363 3
    endloop
  endfacet
  facet normal 0 0 1
    outer loop
      vertex 119.118 83.925 3
      vertex 91.5877 60.9282 3
      vertex 91.7859 60.9955 3
    endloop
  endfacet
  facet normal 0 0 1
    outer loop
      vertex 119.118 83.925 3
      vertex 57.448 61.5716 3
      vertex 91.5877 60.9282 3
    endloop
  endfacet
  facet normal -0 -0 1
    outer loop
      vertex 57.8 61.3981 3
      vertex 91.5877 60.9282 3
      vertex 57.448 61.5716 3
    endloop
  endfacet
  facet normal 0 0 1
    outer loop
      vertex 90.6137 59.6588 3
      vertex 83.5 56.15 3
      vertex 90.6 59.45 3
    endloop
  endfacet
  facet normal 0 0 1
    outer loop
      vertex 90.6545 59.8641 3
      vertex 83.5 56.15 3
      vertex 90.6137 59.6588 3
    endloop
  endfacet
  facet normal 0 0 1
    outer loop
      vertex 90.7218 60.0623 3
      vertex 83.5 56.15 3
      vertex 90.6545 59.8641 3
    endloop
  endfacet
  facet normal 0 0 1
    outer loop
      vertex 90.8144 60.25 3
      vertex 83.5 56.15 3
      vertex 90.7218 60.0623 3
    endloop
  endfacet
  facet normal 0 0 1
    outer loop
      vertex 90.9306 60.424 3
      vertex 83.5 56.15 3
      vertex 90.8144 60.25 3
    endloop
  endfacet
  facet normal 0 0 1
    outer loop
      vertex 91.0686 60.5814 3
      vertex 83.5 56.15 3
      vertex 90.9306 60.424 3
    endloop
  endfacet
  facet normal 0 0 1
    outer loop
      vertex 91.226 60.7194 3
      vertex 83.5 56.15 3
      vertex 91.0686 60.5814 3
    endloop
  endfacet
  facet normal 0 0 1
    outer loop
      vertex 91.5877 60.9282 3
      vertex 57.8 61.3981 3
      vertex 91.4 60.8356 3
    endloop
  endfacet
  facet normal 0 0 1
    outer loop
      vertex 83.5 56.15 3
      vertex 59.3 58.8 3
      vertex 83.5 32.75 3
    endloop
  endfacet
  facet normal 0 0 1
    outer loop
      vertex 91.4 60.8356 3
      vertex 58.1263 61.1801 3
      vertex 91.226 60.7194 3
    endloop
  endfacet
  facet normal 0 0 1
    outer loop
      vertex 56.3 61.8 3
      vertex 119.826 84.7317 3
      vertex 120.125 84.9316 3
    endloop
  endfacet
  facet normal 0 0 1
    outer loop
      vertex 8.3 61.8 3
      vertex 120.125 84.9316 3
      vertex 126.5 88.9 3
    endloop
  endfacet
  facet normal 0 0 1
    outer loop
      vertex 83.5 56.15 3
      vertex 59.2743 59.1916 3
      vertex 59.3 58.8 3
    endloop
  endfacet
  facet normal 0 0 1
    outer loop
      vertex 83.5 56.15 3
      vertex 59.1978 59.5765 3
      vertex 59.2743 59.1916 3
    endloop
  endfacet
  facet normal 0 0 1
    outer loop
      vertex 83.5 56.15 3
      vertex 59.0716 59.948 3
      vertex 59.1978 59.5765 3
    endloop
  endfacet
  facet normal 0 0 1
    outer loop
      vertex 83.5 56.15 3
      vertex 58.8981 60.3 3
      vertex 59.0716 59.948 3
    endloop
  endfacet
  facet normal 0 0 1
    outer loop
      vertex 83.5 56.15 3
      vertex 58.68 60.6263 3
      vertex 58.8981 60.3 3
    endloop
  endfacet
  facet normal 0 0 1
    outer loop
      vertex 83.5 56.15 3
      vertex 58.4213 60.9213 3
      vertex 58.68 60.6263 3
    endloop
  endfacet
  facet normal 0 0 1
    outer loop
      vertex 91.226 60.7194 3
      vertex 58.4213 60.9213 3
      vertex 83.5 56.15 3
    endloop
  endfacet
  facet normal -0 -0 1
    outer loop
      vertex 58.4213 60.9213 3
      vertex 91.226 60.7194 3
      vertex 58.1263 61.1801 3
    endloop
  endfacet
  facet normal -0 -0 1
    outer loop
      vertex 58.1263 61.1801 3
      vertex 91.4 60.8356 3
      vertex 57.8 61.3981 3
    endloop
  endfacet
  facet normal 0 0 1
    outer loop
      vertex 119.118 83.925 3
      vertex 57.0764 61.6978 3
      vertex 57.448 61.5716 3
    endloop
  endfacet
  facet normal 0 0 1
    outer loop
      vertex 119.318 84.2241 3
      vertex 56.6916 61.7743 3
      vertex 57.0764 61.6978 3
    endloop
  endfacet
  facet normal 0 0 1
    outer loop
      vertex 119.555 84.4945 3
      vertex 56.3 61.8 3
      vertex 56.6916 61.7743 3
    endloop
  endfacet
  facet normal 0 0 1
    outer loop
      vertex 120.125 84.9316 3
      vertex 8.3 61.8 3
      vertex 56.3 61.8 3
    endloop
  endfacet
  facet normal -0 0 1
    outer loop
      vertex -20.6 65.2 3
      vertex 8.3 61.8 3
      vertex 126.5 88.9 3
    endloop
  endfacet
  facet normal 0 0 1
    outer loop
      vertex 8.3 61.8 3
      vertex -20.6 65.2 3
      vertex 7.90843 61.7743 3
    endloop
  endfacet
  facet normal 0 0 1
    outer loop
      vertex 5.3 58.8 3
      vertex -20.6 65.2 3
      vertex 5.3 30.1 3
    endloop
  endfacet
  facet normal 0 0 1
    outer loop
      vertex 5.32568 59.1916 3
      vertex -20.6 65.2 3
      vertex 5.3 58.8 3
    endloop
  endfacet
  facet normal 0 0 1
    outer loop
      vertex 5.40223 59.5765 3
      vertex -20.6 65.2 3
      vertex 5.32568 59.1916 3
    endloop
  endfacet
  facet normal 0 0 1
    outer loop
      vertex 5.52836 59.948 3
      vertex -20.6 65.2 3
      vertex 5.40223 59.5765 3
    endloop
  endfacet
  facet normal 0 0 1
    outer loop
      vertex 5.70193 60.3 3
      vertex -20.6 65.2 3
      vertex 5.52836 59.948 3
    endloop
  endfacet
  facet normal 0 0 1
    outer loop
      vertex 5.91995 60.6263 3
      vertex -20.6 65.2 3
      vertex 5.70193 60.3 3
    endloop
  endfacet
  facet normal 0 0 1
    outer loop
      vertex 6.17869 60.9213 3
      vertex -20.6 65.2 3
      vertex 5.91995 60.6263 3
    endloop
  endfacet
  facet normal 0 0 1
    outer loop
      vertex 6.47372 61.1801 3
      vertex -20.6 65.2 3
      vertex 6.17869 60.9213 3
    endloop
  endfacet
  facet normal 0 0 1
    outer loop
      vertex 6.8 61.3981 3
      vertex -20.6 65.2 3
      vertex 6.47372 61.1801 3
    endloop
  endfacet
  facet normal 0 0 1
    outer loop
      vertex 7.15196 61.5716 3
      vertex -20.6 65.2 3
      vertex 6.8 61.3981 3
    endloop
  endfacet
  facet normal 0 0 1
    outer loop
      vertex 7.52356 61.6978 3
      vertex -20.6 65.2 3
      vertex 7.15196 61.5716 3
    endloop
  endfacet
  facet normal 0 0 1
    outer loop
      vertex 7.90843 61.7743 3
      vertex -20.6 65.2 3
      vertex 7.52356 61.6978 3
    endloop
  endfacet
  facet normal -0 0 1
    outer loop
      vertex -72.1 77.4 3
      vertex -20.6 65.2 3
      vertex 126.5 88.9 3
    endloop
  endfacet
  facet normal 0 0 1
    outer loop
      vertex -62.1 65.2 3
      vertex -72.1 77.4 3
      vertex -62.1 23.7 3
    endloop
  endfacet
  facet normal 0 0 1
    outer loop
      vertex -20.6 65.2 3
      vertex -72.1 77.4 3
      vertex -62.1 65.2 3
    endloop
  endfacet
  facet normal -0 0 1
    outer loop
      vertex -126.5 88.9 3
      vertex -72.1 77.4 3
      vertex 126.5 88.9 3
    endloop
  endfacet
  facet normal -0 0 1
    outer loop
      vertex -118.774 82.1911 3
      vertex -85.9 77.4 3
      vertex -118.75 82.55 3
    endloop
  endfacet
  facet normal 0 0 1
    outer loop
      vertex -72.1 77.4 3
      vertex -126.5 88.9 3
      vertex -85.9 77.4 3
    endloop
  endfacet
  facet normal 0 0 1
    outer loop
      vertex -85.9 77.4 3
      vertex -118.774 82.909 3
      vertex -118.75 82.55 3
    endloop
  endfacet
  facet normal 0 0 1
    outer loop
      vertex -85.9 77.4 3
      vertex -118.844 83.2617 3
      vertex -118.774 82.909 3
    endloop
  endfacet
  facet normal 0 0 1
    outer loop
      vertex -85.9 77.4 3
      vertex -118.959 83.6024 3
      vertex -118.844 83.2617 3
    endloop
  endfacet
  facet normal 0 0 1
    outer loop
      vertex -85.9 77.4 3
      vertex -119.118 83.925 3
      vertex -118.959 83.6024 3
    endloop
  endfacet
  facet normal 0 0 1
    outer loop
      vertex -85.9 77.4 3
      vertex -119.318 84.2241 3
      vertex -119.118 83.925 3
    endloop
  endfacet
  facet normal 0 0 1
    outer loop
      vertex -85.9 77.4 3
      vertex -119.555 84.4945 3
      vertex -119.318 84.2241 3
    endloop
  endfacet
  facet normal 0 0 1
    outer loop
      vertex -85.9 77.4 3
      vertex -119.826 84.7317 3
      vertex -119.555 84.4945 3
    endloop
  endfacet
  facet normal 0 0 1
    outer loop
      vertex -85.9 77.4 3
      vertex -120.125 84.9316 3
      vertex -119.826 84.7317 3
    endloop
  endfacet
  facet normal 0 0 1
    outer loop
      vertex -85.9 77.4 3
      vertex -126.5 88.9 3
      vertex -120.125 84.9316 3
    endloop
  endfacet
  facet normal 0 0 1
    outer loop
      vertex -120.125 84.9316 3
      vertex -126.5 88.9 3
      vertex -120.448 85.0907 3
    endloop
  endfacet
  facet normal 0 0 1
    outer loop
      vertex -120.448 85.0907 3
      vertex -126.5 88.9 3
      vertex -120.788 85.2063 3
    endloop
  endfacet
  facet normal 0 0 1
    outer loop
      vertex -120.788 85.2063 3
      vertex -126.5 88.9 3
      vertex -121.141 85.2765 3
    endloop
  endfacet
  facet normal 0 0 1
    outer loop
      vertex -124.226 51.1589 3
      vertex -126.5 88.9 3
      vertex -124.25 50.8 3
    endloop
  endfacet
  facet normal 0 0 1
    outer loop
      vertex -124.226 82.909 3
      vertex -126.5 88.9 3
      vertex -124.25 82.55 3
    endloop
  endfacet
  facet normal 0 0 1
    outer loop
      vertex -124.156 83.2617 3
      vertex -126.5 88.9 3
      vertex -124.226 82.909 3
    endloop
  endfacet
  facet normal 0 0 1
    outer loop
      vertex -124.041 83.6024 3
      vertex -126.5 88.9 3
      vertex -124.156 83.2617 3
    endloop
  endfacet
  facet normal 0 0 1
    outer loop
      vertex -123.882 83.925 3
      vertex -126.5 88.9 3
      vertex -124.041 83.6024 3
    endloop
  endfacet
  facet normal 0 0 1
    outer loop
      vertex -123.682 84.2241 3
      vertex -126.5 88.9 3
      vertex -123.882 83.925 3
    endloop
  endfacet
  facet normal 0 0 1
    outer loop
      vertex -123.445 84.4945 3
      vertex -126.5 88.9 3
      vertex -123.682 84.2241 3
    endloop
  endfacet
  facet normal 0 0 1
    outer loop
      vertex -123.174 84.7317 3
      vertex -126.5 88.9 3
      vertex -123.445 84.4945 3
    endloop
  endfacet
  facet normal 0 0 1
    outer loop
      vertex -122.875 84.9316 3
      vertex -126.5 88.9 3
      vertex -123.174 84.7317 3
    endloop
  endfacet
  facet normal 0 0 1
    outer loop
      vertex -122.552 85.0907 3
      vertex -126.5 88.9 3
      vertex -122.875 84.9316 3
    endloop
  endfacet
  facet normal 0 0 1
    outer loop
      vertex -122.212 85.2063 3
      vertex -126.5 88.9 3
      vertex -122.552 85.0907 3
    endloop
  endfacet
  facet normal 0 0 1
    outer loop
      vertex -121.859 85.2765 3
      vertex -126.5 88.9 3
      vertex -122.212 85.2063 3
    endloop
  endfacet
  facet normal 0 0 1
    outer loop
      vertex -121.5 85.3 3
      vertex -126.5 88.9 3
      vertex -121.859 85.2765 3
    endloop
  endfacet
  facet normal 0 0 1
    outer loop
      vertex -121.141 85.2765 3
      vertex -126.5 88.9 3
      vertex -121.5 85.3 3
    endloop
  endfacet
  facet normal 0 0 1
    outer loop
      vertex 126.5 88.9 3
      vertex 124.25 50.8 3
      vertex 126.5 0 3
    endloop
  endfacet
  facet normal -0 0 1
    outer loop
      vertex 124.226 50.4411 3
      vertex 126.5 0 3
      vertex 124.25 50.8 3
    endloop
  endfacet
  facet normal -0 0 1
    outer loop
      vertex 124.156 50.0882 3
      vertex 126.5 0 3
      vertex 124.226 50.4411 3
    endloop
  endfacet
  facet normal -0 0 1
    outer loop
      vertex 124.041 49.7476 3
      vertex 126.5 0 3
      vertex 124.156 50.0882 3
    endloop
  endfacet
  facet normal -0 0 1
    outer loop
      vertex 123.882 49.425 3
      vertex 126.5 0 3
      vertex 124.041 49.7476 3
    endloop
  endfacet
  facet normal -0 0 1
    outer loop
      vertex 123.682 49.1259 3
      vertex 126.5 0 3
      vertex 123.882 49.425 3
    endloop
  endfacet
  facet normal -0 0 1
    outer loop
      vertex 123.445 48.8555 3
      vertex 126.5 0 3
      vertex 123.682 49.1259 3
    endloop
  endfacet
  facet normal -0 0 1
    outer loop
      vertex 123.174 48.6183 3
      vertex 126.5 0 3
      vertex 123.445 48.8555 3
    endloop
  endfacet
  facet normal -0 0 1
    outer loop
      vertex 122.875 48.4184 3
      vertex 126.5 0 3
      vertex 123.174 48.6183 3
    endloop
  endfacet
  facet normal -0 0 1
    outer loop
      vertex 122.552 48.2593 3
      vertex 126.5 0 3
      vertex 122.875 48.4184 3
    endloop
  endfacet
  facet normal -0 0 1
    outer loop
      vertex 122.212 48.1437 3
      vertex 126.5 0 3
      vertex 122.552 48.2593 3
    endloop
  endfacet
  facet normal -0 0 1
    outer loop
      vertex 121.859 48.0735 3
      vertex 126.5 0 3
      vertex 122.212 48.1437 3
    endloop
  endfacet
  facet normal -0 0 1
    outer loop
      vertex 121.5 48.05 3
      vertex 126.5 0 3
      vertex 121.859 48.0735 3
    endloop
  endfacet
  facet normal 0 0 1
    outer loop
      vertex 100.9 32.75 3
      vertex 121.5 48.05 3
      vertex 121.141 48.0735 3
    endloop
  endfacet
  facet normal 0 0 1
    outer loop
      vertex 100.9 32.75 3
      vertex 121.141 48.0735 3
      vertex 120.788 48.1437 3
    endloop
  endfacet
  facet normal 0 0 1
    outer loop
      vertex 100.9 32.75 3
      vertex 120.788 48.1437 3
      vertex 120.448 48.2593 3
    endloop
  endfacet
  facet normal 0 0 1
    outer loop
      vertex 100.9 32.75 3
      vertex 120.448 48.2593 3
      vertex 120.125 48.4184 3
    endloop
  endfacet
  facet normal 0 0 1
    outer loop
      vertex 100.9 32.75 3
      vertex 120.125 48.4184 3
      vertex 119.826 48.6183 3
    endloop
  endfacet
  facet normal 0 0 1
    outer loop
      vertex 100.9 32.75 3
      vertex 119.826 48.6183 3
      vertex 119.555 48.8555 3
    endloop
  endfacet
  facet normal 0 0 1
    outer loop
      vertex 100.9 32.75 3
      vertex 119.555 48.8555 3
      vertex 119.318 49.1259 3
    endloop
  endfacet
  facet normal 0 0 1
    outer loop
      vertex 100.9 32.75 3
      vertex 119.318 49.1259 3
      vertex 119.118 49.425 3
    endloop
  endfacet
  facet normal 0 0 1
    outer loop
      vertex 100.9 32.75 3
      vertex 119.118 49.425 3
      vertex 118.959 49.7476 3
    endloop
  endfacet
  facet normal 0 0 1
    outer loop
      vertex 100.9 56.15 3
      vertex 118.959 49.7476 3
      vertex 118.844 50.0882 3
    endloop
  endfacet
  facet normal 0 0 1
    outer loop
      vertex 100.9 56.15 3
      vertex 118.844 50.0882 3
      vertex 118.774 50.4411 3
    endloop
  endfacet
  facet normal 0 0 1
    outer loop
      vertex 100.9 56.15 3
      vertex 118.774 50.4411 3
      vertex 118.75 50.8 3
    endloop
  endfacet
  facet normal 0 0 1
    outer loop
      vertex 118.959 49.7476 3
      vertex 100.9 56.15 3
      vertex 100.9 32.75 3
    endloop
  endfacet
  facet normal 0 0 1
    outer loop
      vertex 121.5 48.05 3
      vertex 100.9 32.75 3
      vertex 126.5 0 3
    endloop
  endfacet
  facet normal 0 0 1
    outer loop
      vertex 93.7863 29.2412 3
      vertex 100.9 32.75 3
      vertex 93.8 29.45 3
    endloop
  endfacet
  facet normal 0 0 1
    outer loop
      vertex 93.7455 29.0359 3
      vertex 100.9 32.75 3
      vertex 93.7863 29.2412 3
    endloop
  endfacet
  facet normal 0 0 1
    outer loop
      vertex 93.6782 28.8377 3
      vertex 100.9 32.75 3
      vertex 93.7455 29.0359 3
    endloop
  endfacet
  facet normal 0 0 1
    outer loop
      vertex 93.5856 28.65 3
      vertex 100.9 32.75 3
      vertex 93.6782 28.8377 3
    endloop
  endfacet
  facet normal 0 0 1
    outer loop
      vertex 93.4694 28.476 3
      vertex 100.9 32.75 3
      vertex 93.5856 28.65 3
    endloop
  endfacet
  facet normal 0 0 1
    outer loop
      vertex 93.3314 28.3186 3
      vertex 100.9 32.75 3
      vertex 93.4694 28.476 3
    endloop
  endfacet
  facet normal 0 0 1
    outer loop
      vertex 100.9 32.75 3
      vertex 93.3314 28.3186 3
      vertex 126.5 0 3
    endloop
  endfacet
  facet normal -0 0 1
    outer loop
      vertex 93.174 28.1806 3
      vertex 126.5 0 3
      vertex 93.3314 28.3186 3
    endloop
  endfacet
  facet normal -0 0 1
    outer loop
      vertex 93 28.0644 3
      vertex 126.5 0 3
      vertex 93.174 28.1806 3
    endloop
  endfacet
  facet normal -0 0 1
    outer loop
      vertex 92.8123 27.9718 3
      vertex 126.5 0 3
      vertex 93 28.0644 3
    endloop
  endfacet
  facet normal -0 0 1
    outer loop
      vertex 92.6141 27.9045 3
      vertex 126.5 0 3
      vertex 92.8123 27.9718 3
    endloop
  endfacet
  facet normal -0 0 1
    outer loop
      vertex 92.4088 27.8637 3
      vertex 126.5 0 3
      vertex 92.6141 27.9045 3
    endloop
  endfacet
  facet normal -0 0 1
    outer loop
      vertex 92.2 27.85 3
      vertex 126.5 0 3
      vertex 92.4088 27.8637 3
    endloop
  endfacet
  facet normal 0 0 1
    outer loop
      vertex 91.9912 27.8637 3
      vertex 126.5 0 3
      vertex 92.2 27.85 3
    endloop
  endfacet
  facet normal 0 0 1
    outer loop
      vertex 91.7859 27.9045 3
      vertex 126.5 0 3
      vertex 91.9912 27.8637 3
    endloop
  endfacet
  facet normal 0 0 1
    outer loop
      vertex 57.448 27.3284 3
      vertex 91.7859 27.9045 3
      vertex 91.5877 27.9718 3
    endloop
  endfacet
  facet normal 0 0 1
    outer loop
      vertex 57.8 27.5019 3
      vertex 91.5877 27.9718 3
      vertex 91.4 28.0644 3
    endloop
  endfacet
  facet normal 0 0 1
    outer loop
      vertex 58.1263 27.7199 3
      vertex 91.4 28.0644 3
      vertex 91.226 28.1806 3
    endloop
  endfacet
  facet normal 0 0 1
    outer loop
      vertex 83.5 32.75 3
      vertex 90.6137 29.2412 3
      vertex 90.6 29.45 3
    endloop
  endfacet
  facet normal 0 0 1
    outer loop
      vertex 83.5 32.75 3
      vertex 90.6545 29.0359 3
      vertex 90.6137 29.2412 3
    endloop
  endfacet
  facet normal 0 0 1
    outer loop
      vertex 83.5 32.75 3
      vertex 90.7218 28.8377 3
      vertex 90.6545 29.0359 3
    endloop
  endfacet
  facet normal 0 0 1
    outer loop
      vertex 83.5 32.75 3
      vertex 90.8144 28.65 3
      vertex 90.7218 28.8377 3
    endloop
  endfacet
  facet normal 0 0 1
    outer loop
      vertex 83.5 32.75 3
      vertex 90.9306 28.476 3
      vertex 90.8144 28.65 3
    endloop
  endfacet
  facet normal 0 0 1
    outer loop
      vertex 83.5 32.75 3
      vertex 91.0686 28.3186 3
      vertex 90.9306 28.476 3
    endloop
  endfacet
  facet normal 0 0 1
    outer loop
      vertex 83.5 32.75 3
      vertex 91.226 28.1806 3
      vertex 91.0686 28.3186 3
    endloop
  endfacet
  facet normal 0 0 1
    outer loop
      vertex 58.4213 27.9787 3
      vertex 91.226 28.1806 3
      vertex 83.5 32.75 3
    endloop
  endfacet
  facet normal 0 0 1
    outer loop
      vertex 59.3 30.1 3
      vertex 83.5 32.75 3
      vertex 59.3 58.8 3
    endloop
  endfacet
  facet normal 0 0 1
    outer loop
      vertex 59.2743 29.7084 3
      vertex 83.5 32.75 3
      vertex 59.3 30.1 3
    endloop
  endfacet
  facet normal 0 0 1
    outer loop
      vertex 59.1978 29.3236 3
      vertex 83.5 32.75 3
      vertex 59.2743 29.7084 3
    endloop
  endfacet
  facet normal 0 0 1
    outer loop
      vertex 59.0716 28.952 3
      vertex 83.5 32.75 3
      vertex 59.1978 29.3236 3
    endloop
  endfacet
  facet normal 0 0 1
    outer loop
      vertex 58.8981 28.6 3
      vertex 83.5 32.75 3
      vertex 59.0716 28.952 3
    endloop
  endfacet
  facet normal 0 0 1
    outer loop
      vertex 58.68 28.2737 3
      vertex 83.5 32.75 3
      vertex 58.8981 28.6 3
    endloop
  endfacet
  facet normal 0 0 1
    outer loop
      vertex 58.4213 27.9787 3
      vertex 83.5 32.75 3
      vertex 58.68 28.2737 3
    endloop
  endfacet
  facet normal 0 0 1
    outer loop
      vertex 91.226 28.1806 3
      vertex 58.4213 27.9787 3
      vertex 58.1263 27.7199 3
    endloop
  endfacet
  facet normal 0 0 1
    outer loop
      vertex 91.4 28.0644 3
      vertex 58.1263 27.7199 3
      vertex 57.8 27.5019 3
    endloop
  endfacet
  facet normal 0 0 1
    outer loop
      vertex 91.5877 27.9718 3
      vertex 57.8 27.5019 3
      vertex 57.448 27.3284 3
    endloop
  endfacet
  facet normal 0 0 1
    outer loop
      vertex 91.7859 27.9045 3
      vertex 57.448 27.3284 3
      vertex 126.5 0 3
    endloop
  endfacet
  facet normal -0 0 1
    outer loop
      vertex 57.0764 27.2022 3
      vertex 126.5 0 3
      vertex 57.448 27.3284 3
    endloop
  endfacet
  facet normal -0 0 1
    outer loop
      vertex 56.6916 27.1257 3
      vertex 126.5 0 3
      vertex 57.0764 27.2022 3
    endloop
  endfacet
  facet normal -0 0 1
    outer loop
      vertex 56.3 27.1 3
      vertex 126.5 0 3
      vertex 56.6916 27.1257 3
    endloop
  endfacet
  facet normal -0 0 1
    outer loop
      vertex 8.3 27.1 3
      vertex 126.5 0 3
      vertex 56.3 27.1 3
    endloop
  endfacet
  facet normal 0 0 1
    outer loop
      vertex -20.6 23.7 3
      vertex 8.3 27.1 3
      vertex 7.90843 27.1257 3
    endloop
  endfacet
  facet normal 0 0 1
    outer loop
      vertex -20.6 23.7 3
      vertex 7.90843 27.1257 3
      vertex 7.52356 27.2022 3
    endloop
  endfacet
  facet normal 0 0 1
    outer loop
      vertex -20.6 23.7 3
      vertex 5.3 30.1 3
      vertex -20.6 65.2 3
    endloop
  endfacet
  facet normal 0 0 1
    outer loop
      vertex 5.3 30.1 3
      vertex -20.6 23.7 3
      vertex 5.32568 29.7084 3
    endloop
  endfacet
  facet normal 0 0 1
    outer loop
      vertex 5.32568 29.7084 3
      vertex -20.6 23.7 3
      vertex 5.40223 29.3236 3
    endloop
  endfacet
  facet normal 0 0 1
    outer loop
      vertex 5.40223 29.3236 3
      vertex -20.6 23.7 3
      vertex 5.52836 28.952 3
    endloop
  endfacet
  facet normal 0 0 1
    outer loop
      vertex 5.52836 28.952 3
      vertex -20.6 23.7 3
      vertex 5.70193 28.6 3
    endloop
  endfacet
  facet normal 0 0 1
    outer loop
      vertex 5.70193 28.6 3
      vertex -20.6 23.7 3
      vertex 5.91995 28.2737 3
    endloop
  endfacet
  facet normal 0 0 1
    outer loop
      vertex -20.6 23.7 3
      vertex 6.17869 27.9787 3
      vertex 5.91995 28.2737 3
    endloop
  endfacet
  facet normal 0 0 1
    outer loop
      vertex -20.6 23.7 3
      vertex 6.47372 27.7199 3
      vertex 6.17869 27.9787 3
    endloop
  endfacet
  facet normal 0 0 1
    outer loop
      vertex -20.6 23.7 3
      vertex 6.8 27.5019 3
      vertex 6.47372 27.7199 3
    endloop
  endfacet
  facet normal 0 0 1
    outer loop
      vertex -20.6 23.7 3
      vertex 7.15196 27.3284 3
      vertex 6.8 27.5019 3
    endloop
  endfacet
  facet normal 0 0 1
    outer loop
      vertex -20.6 23.7 3
      vertex 7.52356 27.2022 3
      vertex 7.15196 27.3284 3
    endloop
  endfacet
  facet normal 0 0 1
    outer loop
      vertex 8.3 27.1 3
      vertex -20.6 23.7 3
      vertex 126.5 0 3
    endloop
  endfacet
  facet normal 0 0 1
    outer loop
      vertex -72.1 11.5 3
      vertex -20.6 23.7 3
      vertex -62.1 23.7 3
    endloop
  endfacet
  facet normal 0 0 1
    outer loop
      vertex -72.1 11.5 3
      vertex -62.1 23.7 3
      vertex -72.1 77.4 3
    endloop
  endfacet
  facet normal 0 0 1
    outer loop
      vertex -20.6 23.7 3
      vertex -72.1 11.5 3
      vertex 126.5 0 3
    endloop
  endfacet
  facet normal 0 0 1
    outer loop
      vertex -126.5 0 3
      vertex -72.1 11.5 3
      vertex -85.9 11.5 3
    endloop
  endfacet
  facet normal 0 0 1
    outer loop
      vertex -118.774 50.4411 3
      vertex -85.9 77.4 3
      vertex -118.75 50.8 3
    endloop
  endfacet
  facet normal 0 0 1
    outer loop
      vertex -85.9 77.4 3
      vertex -118.774 50.4411 3
      vertex -85.9 11.5 3
    endloop
  endfacet
  facet normal -0 0 1
    outer loop
      vertex -118.844 50.0882 3
      vertex -85.9 11.5 3
      vertex -118.774 50.4411 3
    endloop
  endfacet
  facet normal -0 0 1
    outer loop
      vertex -118.959 49.7476 3
      vertex -85.9 11.5 3
      vertex -118.844 50.0882 3
    endloop
  endfacet
  facet normal -0 0 1
    outer loop
      vertex -119.118 49.425 3
      vertex -85.9 11.5 3
      vertex -118.959 49.7476 3
    endloop
  endfacet
  facet normal -0 0 1
    outer loop
      vertex -119.318 49.1259 3
      vertex -85.9 11.5 3
      vertex -119.118 49.425 3
    endloop
  endfacet
  facet normal -0 0 1
    outer loop
      vertex -119.555 48.8555 3
      vertex -85.9 11.5 3
      vertex -119.318 49.1259 3
    endloop
  endfacet
  facet normal -0 0 1
    outer loop
      vertex -119.826 48.6183 3
      vertex -85.9 11.5 3
      vertex -119.555 48.8555 3
    endloop
  endfacet
  facet normal -0 0 1
    outer loop
      vertex -120.125 48.4184 3
      vertex -85.9 11.5 3
      vertex -119.826 48.6183 3
    endloop
  endfacet
  facet normal -0 0 1
    outer loop
      vertex -120.448 48.2593 3
      vertex -85.9 11.5 3
      vertex -120.125 48.4184 3
    endloop
  endfacet
  facet normal 0 0 1
    outer loop
      vertex -126.5 0 3
      vertex -120.448 48.2593 3
      vertex -120.788 48.1437 3
    endloop
  endfacet
  facet normal 0 0 1
    outer loop
      vertex -126.5 0 3
      vertex -120.788 48.1437 3
      vertex -121.141 48.0735 3
    endloop
  endfacet
  facet normal 0 0 1
    outer loop
      vertex -126.5 0 3
      vertex -121.141 48.0735 3
      vertex -121.5 48.05 3
    endloop
  endfacet
  facet normal 0 0 1
    outer loop
      vertex -126.5 0 3
      vertex -121.5 48.05 3
      vertex -121.859 48.0735 3
    endloop
  endfacet
  facet normal 0 0 1
    outer loop
      vertex -126.5 0 3
      vertex -121.859 48.0735 3
      vertex -122.212 48.1437 3
    endloop
  endfacet
  facet normal 0 0 1
    outer loop
      vertex -126.5 0 3
      vertex -122.212 48.1437 3
      vertex -122.552 48.2593 3
    endloop
  endfacet
  facet normal 0 0 1
    outer loop
      vertex -126.5 0 3
      vertex -122.552 48.2593 3
      vertex -122.875 48.4184 3
    endloop
  endfacet
  facet normal 0 0 1
    outer loop
      vertex -126.5 0 3
      vertex -122.875 48.4184 3
      vertex -123.174 48.6183 3
    endloop
  endfacet
  facet normal 0 0 1
    outer loop
      vertex -126.5 0 3
      vertex -123.174 48.6183 3
      vertex -123.445 48.8555 3
    endloop
  endfacet
  facet normal 0 0 1
    outer loop
      vertex -72.1 11.5 3
      vertex -126.5 0 3
      vertex 126.5 0 3
    endloop
  endfacet
  facet normal 0 0 1
    outer loop
      vertex -120.448 48.2593 3
      vertex -126.5 0 3
      vertex -85.9 11.5 3
    endloop
  endfacet
  facet normal 0 0 1
    outer loop
      vertex -123.682 49.1259 3
      vertex -126.5 0 3
      vertex -123.445 48.8555 3
    endloop
  endfacet
  facet normal 0 0 1
    outer loop
      vertex -123.882 49.425 3
      vertex -126.5 0 3
      vertex -123.682 49.1259 3
    endloop
  endfacet
  facet normal 0 0 1
    outer loop
      vertex -124.041 49.7476 3
      vertex -126.5 0 3
      vertex -123.882 49.425 3
    endloop
  endfacet
  facet normal 0 0 1
    outer loop
      vertex -124.156 50.0882 3
      vertex -126.5 0 3
      vertex -124.041 49.7476 3
    endloop
  endfacet
  facet normal 0 0 1
    outer loop
      vertex -124.226 50.4411 3
      vertex -126.5 0 3
      vertex -124.156 50.0882 3
    endloop
  endfacet
  facet normal 0 0 1
    outer loop
      vertex -124.25 50.8 3
      vertex -126.5 0 3
      vertex -124.226 50.4411 3
    endloop
  endfacet
  facet normal 0 0 1
    outer loop
      vertex -126.5 0 3
      vertex -124.25 50.8 3
      vertex -126.5 88.9 3
    endloop
  endfacet
  facet normal -0 0 1
    outer loop
      vertex 93.7863 59.2412 3
      vertex 100.9 56.15 3
      vertex 93.8 59.45 3
    endloop
  endfacet
  facet normal -0 0 1
    outer loop
      vertex 93.7455 59.0359 3
      vertex 100.9 56.15 3
      vertex 93.7863 59.2412 3
    endloop
  endfacet
  facet normal -0 0 1
    outer loop
      vertex 93.6782 58.8377 3
      vertex 100.9 56.15 3
      vertex 93.7455 59.0359 3
    endloop
  endfacet
  facet normal -0 0 1
    outer loop
      vertex 93.5856 58.65 3
      vertex 100.9 56.15 3
      vertex 93.6782 58.8377 3
    endloop
  endfacet
  facet normal -0 0 1
    outer loop
      vertex 93.4694 58.476 3
      vertex 100.9 56.15 3
      vertex 93.5856 58.65 3
    endloop
  endfacet
  facet normal -0 0 1
    outer loop
      vertex 93.3314 58.3186 3
      vertex 100.9 56.15 3
      vertex 93.4694 58.476 3
    endloop
  endfacet
  facet normal -0 0 1
    outer loop
      vertex 93.174 58.1806 3
      vertex 100.9 56.15 3
      vertex 93.3314 58.3186 3
    endloop
  endfacet
  facet normal -0 0 1
    outer loop
      vertex 93 58.0644 3
      vertex 100.9 56.15 3
      vertex 93.174 58.1806 3
    endloop
  endfacet
  facet normal -0 0 1
    outer loop
      vertex 92.8123 57.9718 3
      vertex 100.9 56.15 3
      vertex 93 58.0644 3
    endloop
  endfacet
  facet normal -0 0 1
    outer loop
      vertex 92.6141 57.9045 3
      vertex 100.9 56.15 3
      vertex 92.8123 57.9718 3
    endloop
  endfacet
  facet normal -0 0 1
    outer loop
      vertex 92.4088 57.8637 3
      vertex 100.9 56.15 3
      vertex 92.6141 57.9045 3
    endloop
  endfacet
  facet normal -0 0 1
    outer loop
      vertex 92.2 57.85 3
      vertex 100.9 56.15 3
      vertex 92.4088 57.8637 3
    endloop
  endfacet
  facet normal 0 0 1
    outer loop
      vertex 83.5 56.15 3
      vertex 92.2 57.85 3
      vertex 91.9912 57.8637 3
    endloop
  endfacet
  facet normal 0 0 1
    outer loop
      vertex 92.2 57.85 3
      vertex 83.5 56.15 3
      vertex 100.9 56.15 3
    endloop
  endfacet
  facet normal 0 0 1
    outer loop
      vertex 91.7859 57.9045 3
      vertex 83.5 56.15 3
      vertex 91.9912 57.8637 3
    endloop
  endfacet
  facet normal 0 0 1
    outer loop
      vertex 91.5877 57.9718 3
      vertex 83.5 56.15 3
      vertex 91.7859 57.9045 3
    endloop
  endfacet
  facet normal 0 0 1
    outer loop
      vertex 91.4 58.0644 3
      vertex 83.5 56.15 3
      vertex 91.5877 57.9718 3
    endloop
  endfacet
  facet normal 0 0 1
    outer loop
      vertex 91.226 58.1806 3
      vertex 83.5 56.15 3
      vertex 91.4 58.0644 3
    endloop
  endfacet
  facet normal 0 0 1
    outer loop
      vertex 91.0686 58.3186 3
      vertex 83.5 56.15 3
      vertex 91.226 58.1806 3
    endloop
  endfacet
  facet normal 0 0 1
    outer loop
      vertex 90.9306 58.476 3
      vertex 83.5 56.15 3
      vertex 91.0686 58.3186 3
    endloop
  endfacet
  facet normal 0 0 1
    outer loop
      vertex 90.8144 58.65 3
      vertex 83.5 56.15 3
      vertex 90.9306 58.476 3
    endloop
  endfacet
  facet normal 0 0 1
    outer loop
      vertex 90.7218 58.8377 3
      vertex 83.5 56.15 3
      vertex 90.8144 58.65 3
    endloop
  endfacet
  facet normal 0 0 1
    outer loop
      vertex 90.6545 59.0359 3
      vertex 83.5 56.15 3
      vertex 90.7218 58.8377 3
    endloop
  endfacet
  facet normal 0 0 1
    outer loop
      vertex 90.6137 59.2412 3
      vertex 83.5 56.15 3
      vertex 90.6545 59.0359 3
    endloop
  endfacet
  facet normal 0 0 1
    outer loop
      vertex 83.5 56.15 3
      vertex 90.6137 59.2412 3
      vertex 90.6 59.45 3
    endloop
  endfacet
  facet normal 1 -0 0
    outer loop
      vertex 126.5 0 3
      vertex 126.5 88.9 0
      vertex 126.5 88.9 3
    endloop
  endfacet
  facet normal 1 0 0
    outer loop
      vertex 126.5 88.9 0
      vertex 126.5 0 3
      vertex 126.5 0 0
    endloop
  endfacet
  facet normal 0 1 -0
    outer loop
      vertex 126.5 88.9 0
      vertex -126.5 88.9 3
      vertex 126.5 88.9 3
    endloop
  endfacet
  facet normal 0 1 0
    outer loop
      vertex -126.5 88.9 3
      vertex 126.5 88.9 0
      vertex -126.5 88.9 0
    endloop
  endfacet
  facet normal 0 0 -1
    outer loop
      vertex -118.844 51.5118 0
      vertex -88.4 79.9 0
      vertex -118.774 51.1589 0
    endloop
  endfacet
  facet normal 0 0 -1
    outer loop
      vertex -88.4 79.9 0
      vertex -118.774 82.1911 0
      vertex -118.75 82.55 0
    endloop
  endfacet
  facet normal 0 0 -1
    outer loop
      vertex -118.959 51.8524 0
      vertex -88.4 79.9 0
      vertex -118.844 51.5118 0
    endloop
  endfacet
  facet normal 0 0 -1
    outer loop
      vertex -88.4 79.9 0
      vertex -118.844 81.8382 0
      vertex -118.774 82.1911 0
    endloop
  endfacet
  facet normal 0 0 -1
    outer loop
      vertex -119.118 52.175 0
      vertex -88.4 79.9 0
      vertex -118.959 51.8524 0
    endloop
  endfacet
  facet normal 0 0 -1
    outer loop
      vertex -88.4 79.9 0
      vertex -118.959 81.4976 0
      vertex -118.844 81.8382 0
    endloop
  endfacet
  facet normal 0 0 -1
    outer loop
      vertex -119.318 52.4741 0
      vertex -88.4 79.9 0
      vertex -119.118 52.175 0
    endloop
  endfacet
  facet normal 0 0 -1
    outer loop
      vertex -88.4 79.9 0
      vertex -119.118 81.175 0
      vertex -118.959 81.4976 0
    endloop
  endfacet
  facet normal 0 0 -1
    outer loop
      vertex -119.555 52.7445 0
      vertex -88.4 79.9 0
      vertex -119.318 52.4741 0
    endloop
  endfacet
  facet normal 0 0 -1
    outer loop
      vertex -88.4 79.9 0
      vertex -119.318 80.8759 0
      vertex -119.118 81.175 0
    endloop
  endfacet
  facet normal 0 0 -1
    outer loop
      vertex -119.555 80.6055 0
      vertex -88.4 79.9 0
      vertex -119.555 52.7445 0
    endloop
  endfacet
  facet normal 0 0 -1
    outer loop
      vertex -88.4 79.9 0
      vertex -119.555 80.6055 0
      vertex -119.318 80.8759 0
    endloop
  endfacet
  facet normal 0 0 -1
    outer loop
      vertex -119.826 52.9817 0
      vertex -119.555 80.6055 0
      vertex -119.555 52.7445 0
    endloop
  endfacet
  facet normal 0 0 -1
    outer loop
      vertex -119.826 52.9817 0
      vertex -119.826 80.3683 0
      vertex -119.555 80.6055 0
    endloop
  endfacet
  facet normal 0 0 -1
    outer loop
      vertex -120.125 53.1816 0
      vertex -119.826 80.3683 0
      vertex -119.826 52.9817 0
    endloop
  endfacet
  facet normal 0 0 -1
    outer loop
      vertex -120.125 53.1816 0
      vertex -120.125 80.1684 0
      vertex -119.826 80.3683 0
    endloop
  endfacet
  facet normal 0 0 -1
    outer loop
      vertex -120.448 53.3407 0
      vertex -120.125 80.1684 0
      vertex -120.125 53.1816 0
    endloop
  endfacet
  facet normal 0 0 -1
    outer loop
      vertex -120.448 53.3407 0
      vertex -120.448 80.0093 0
      vertex -120.125 80.1684 0
    endloop
  endfacet
  facet normal 0 0 -1
    outer loop
      vertex -120.788 53.4563 0
      vertex -120.448 80.0093 0
      vertex -120.448 53.3407 0
    endloop
  endfacet
  facet normal 0 0 -1
    outer loop
      vertex -120.788 53.4563 0
      vertex -120.788 79.8937 0
      vertex -120.448 80.0093 0
    endloop
  endfacet
  facet normal 0 0 -1
    outer loop
      vertex -121.141 53.5265 0
      vertex -120.788 79.8937 0
      vertex -120.788 53.4563 0
    endloop
  endfacet
  facet normal 0 0 -1
    outer loop
      vertex -121.141 53.5265 0
      vertex -121.141 79.8235 0
      vertex -120.788 79.8937 0
    endloop
  endfacet
  facet normal 0 0 -1
    outer loop
      vertex -121.5 53.55 0
      vertex -121.141 79.8235 0
      vertex -121.141 53.5265 0
    endloop
  endfacet
  facet normal 0 0 -1
    outer loop
      vertex -121.5 53.55 0
      vertex -121.5 79.8 0
      vertex -121.141 79.8235 0
    endloop
  endfacet
  facet normal 0 0 -1
    outer loop
      vertex -121.859 53.5265 0
      vertex -121.5 79.8 0
      vertex -121.5 53.55 0
    endloop
  endfacet
  facet normal 0 0 -1
    outer loop
      vertex -121.859 53.5265 0
      vertex -121.859 79.8235 0
      vertex -121.5 79.8 0
    endloop
  endfacet
  facet normal 0 0 -1
    outer loop
      vertex -122.212 53.4563 0
      vertex -121.859 79.8235 0
      vertex -121.859 53.5265 0
    endloop
  endfacet
  facet normal 0 0 -1
    outer loop
      vertex -122.212 53.4563 0
      vertex -122.212 79.8937 0
      vertex -121.859 79.8235 0
    endloop
  endfacet
  facet normal 0 0 -1
    outer loop
      vertex -122.552 53.3407 0
      vertex -122.212 79.8937 0
      vertex -122.212 53.4563 0
    endloop
  endfacet
  facet normal 0 0 -1
    outer loop
      vertex -122.552 53.3407 0
      vertex -122.552 80.0093 0
      vertex -122.212 79.8937 0
    endloop
  endfacet
  facet normal 0 0 -1
    outer loop
      vertex -122.875 53.1816 0
      vertex -122.552 80.0093 0
      vertex -122.552 53.3407 0
    endloop
  endfacet
  facet normal 0 0 -1
    outer loop
      vertex -122.875 53.1816 0
      vertex -122.875 80.1684 0
      vertex -122.552 80.0093 0
    endloop
  endfacet
  facet normal 0 0 -1
    outer loop
      vertex -123.174 52.9817 0
      vertex -122.875 80.1684 0
      vertex -122.875 53.1816 0
    endloop
  endfacet
  facet normal 0 0 -1
    outer loop
      vertex -123.174 52.9817 0
      vertex -123.174 80.3683 0
      vertex -122.875 80.1684 0
    endloop
  endfacet
  facet normal 0 0 -1
    outer loop
      vertex -123.445 52.7445 0
      vertex -123.174 80.3683 0
      vertex -123.174 52.9817 0
    endloop
  endfacet
  facet normal 0 0 -1
    outer loop
      vertex -123.445 52.7445 0
      vertex -123.445 80.6055 0
      vertex -123.174 80.3683 0
    endloop
  endfacet
  facet normal 0 0 -1
    outer loop
      vertex -123.682 52.4741 0
      vertex -123.445 80.6055 0
      vertex -123.445 52.7445 0
    endloop
  endfacet
  facet normal 0 0 -1
    outer loop
      vertex -123.682 52.4741 0
      vertex -123.682 80.8759 0
      vertex -123.445 80.6055 0
    endloop
  endfacet
  facet normal 0 0 -1
    outer loop
      vertex -123.882 52.175 0
      vertex -123.682 80.8759 0
      vertex -123.682 52.4741 0
    endloop
  endfacet
  facet normal 0 0 -1
    outer loop
      vertex -123.882 52.175 0
      vertex -123.882 81.175 0
      vertex -123.682 80.8759 0
    endloop
  endfacet
  facet normal 0 0 -1
    outer loop
      vertex -124.041 51.8524 0
      vertex -123.882 81.175 0
      vertex -123.882 52.175 0
    endloop
  endfacet
  facet normal 0 0 -1
    outer loop
      vertex -124.041 51.8524 0
      vertex -124.041 81.4976 0
      vertex -123.882 81.175 0
    endloop
  endfacet
  facet normal 0 0 -1
    outer loop
      vertex -124.156 51.5118 0
      vertex -124.041 81.4976 0
      vertex -124.041 51.8524 0
    endloop
  endfacet
  facet normal 0 0 -1
    outer loop
      vertex -124.156 51.5118 0
      vertex -124.156 81.8382 0
      vertex -124.041 81.4976 0
    endloop
  endfacet
  facet normal 0 0 -1
    outer loop
      vertex -126.5 88.9 0
      vertex -124.156 51.5118 0
      vertex -124.226 51.1589 0
    endloop
  endfacet
  facet normal 0 0 -1
    outer loop
      vertex -124.156 51.5118 0
      vertex -126.5 88.9 0
      vertex -124.156 81.8382 0
    endloop
  endfacet
  facet normal 0 0 -1
    outer loop
      vertex -126.5 88.9 0
      vertex -124.226 51.1589 0
      vertex -124.25 50.8 0
    endloop
  endfacet
  facet normal 0 0 -1
    outer loop
      vertex -124.156 81.8382 0
      vertex -126.5 88.9 0
      vertex -124.226 82.1911 0
    endloop
  endfacet
  facet normal 0 0 -1
    outer loop
      vertex -13.1 23.8 0
      vertex -10.6 65.1 0
      vertex -10.6 23.8 0
    endloop
  endfacet
  facet normal -0 0 -1
    outer loop
      vertex -10.6 65.1 0
      vertex -13.1 23.8 0
      vertex -13.1 65.1 0
    endloop
  endfacet
  facet normal -0 0 -1
    outer loop
      vertex 83.5 32.75 0
      vertex 59.3 30.1 0
      vertex 83.5 56.15 0
    endloop
  endfacet
  facet normal 0 0 -1
    outer loop
      vertex 83.5 56.15 0
      vertex 75.2 65.1 0
      vertex 77.7 65.1 0
    endloop
  endfacet
  facet normal 0 0 -1
    outer loop
      vertex 100.9 56.15 0
      vertex 93.7863 59.2412 0
      vertex 93.8 59.45 0
    endloop
  endfacet
  facet normal 0 0 -1
    outer loop
      vertex 100.9 56.15 0
      vertex 93.7455 59.0359 0
      vertex 93.7863 59.2412 0
    endloop
  endfacet
  facet normal 0 0 -1
    outer loop
      vertex 100.9 56.15 0
      vertex 93.6782 58.8377 0
      vertex 93.7455 59.0359 0
    endloop
  endfacet
  facet normal 0 0 -1
    outer loop
      vertex 100.9 56.15 0
      vertex 93.5856 58.65 0
      vertex 93.6782 58.8377 0
    endloop
  endfacet
  facet normal 0 0 -1
    outer loop
      vertex 100.9 56.15 0
      vertex 93.4694 58.476 0
      vertex 93.5856 58.65 0
    endloop
  endfacet
  facet normal 0 0 -1
    outer loop
      vertex 100.9 56.15 0
      vertex 93.3314 58.3186 0
      vertex 93.4694 58.476 0
    endloop
  endfacet
  facet normal 0 0 -1
    outer loop
      vertex 100.9 56.15 0
      vertex 93.174 58.1806 0
      vertex 93.3314 58.3186 0
    endloop
  endfacet
  facet normal 0 0 -1
    outer loop
      vertex 100.9 56.15 0
      vertex 93 58.0644 0
      vertex 93.174 58.1806 0
    endloop
  endfacet
  facet normal 0 0 -1
    outer loop
      vertex 100.9 56.15 0
      vertex 92.8123 57.9718 0
      vertex 93 58.0644 0
    endloop
  endfacet
  facet normal 0 0 -1
    outer loop
      vertex 100.9 56.15 0
      vertex 92.6141 57.9045 0
      vertex 92.8123 57.9718 0
    endloop
  endfacet
  facet normal 0 0 -1
    outer loop
      vertex 100.9 56.15 0
      vertex 92.4088 57.8637 0
      vertex 92.6141 57.9045 0
    endloop
  endfacet
  facet normal 0 0 -1
    outer loop
      vertex 100.9 56.15 0
      vertex 92.2 57.85 0
      vertex 92.4088 57.8637 0
    endloop
  endfacet
  facet normal 0 0 -1
    outer loop
      vertex 83.5 56.15 0
      vertex 92.2 57.85 0
      vertex 100.9 56.15 0
    endloop
  endfacet
  facet normal -0 0 -1
    outer loop
      vertex 90.6137 59.2412 0
      vertex 83.5 56.15 0
      vertex 90.6 59.45 0
    endloop
  endfacet
  facet normal -0 0 -1
    outer loop
      vertex 90.6545 59.0359 0
      vertex 83.5 56.15 0
      vertex 90.6137 59.2412 0
    endloop
  endfacet
  facet normal -0 0 -1
    outer loop
      vertex 90.7218 58.8377 0
      vertex 83.5 56.15 0
      vertex 90.6545 59.0359 0
    endloop
  endfacet
  facet normal -0 0 -1
    outer loop
      vertex 90.8144 58.65 0
      vertex 83.5 56.15 0
      vertex 90.7218 58.8377 0
    endloop
  endfacet
  facet normal -0 0 -1
    outer loop
      vertex 90.9306 58.476 0
      vertex 83.5 56.15 0
      vertex 90.8144 58.65 0
    endloop
  endfacet
  facet normal -0 0 -1
    outer loop
      vertex 91.0686 58.3186 0
      vertex 83.5 56.15 0
      vertex 90.9306 58.476 0
    endloop
  endfacet
  facet normal -0 0 -1
    outer loop
      vertex 91.226 58.1806 0
      vertex 83.5 56.15 0
      vertex 91.0686 58.3186 0
    endloop
  endfacet
  facet normal -0 0 -1
    outer loop
      vertex 91.4 58.0644 0
      vertex 83.5 56.15 0
      vertex 91.226 58.1806 0
    endloop
  endfacet
  facet normal -0 0 -1
    outer loop
      vertex 91.5877 57.9718 0
      vertex 83.5 56.15 0
      vertex 91.4 58.0644 0
    endloop
  endfacet
  facet normal -0 0 -1
    outer loop
      vertex 91.7859 57.9045 0
      vertex 83.5 56.15 0
      vertex 91.5877 57.9718 0
    endloop
  endfacet
  facet normal -0 0 -1
    outer loop
      vertex 91.9912 57.8637 0
      vertex 83.5 56.15 0
      vertex 91.7859 57.9045 0
    endloop
  endfacet
  facet normal -0 0 -1
    outer loop
      vertex 92.2 57.85 0
      vertex 83.5 56.15 0
      vertex 91.9912 57.8637 0
    endloop
  endfacet
  facet normal 0 0 -1
    outer loop
      vertex 124.156 51.5118 0
      vertex 126.5 88.9 0
      vertex 124.226 51.1589 0
    endloop
  endfacet
  facet normal 0 0 -1
    outer loop
      vertex 126.5 88.9 0
      vertex 124.226 82.1911 0
      vertex 124.25 82.55 0
    endloop
  endfacet
  facet normal 0 0 -1
    outer loop
      vertex 124.156 81.8382 0
      vertex 126.5 88.9 0
      vertex 124.156 51.5118 0
    endloop
  endfacet
  facet normal 0 0 -1
    outer loop
      vertex 126.5 88.9 0
      vertex 124.156 81.8382 0
      vertex 124.226 82.1911 0
    endloop
  endfacet
  facet normal 0 0 -1
    outer loop
      vertex 124.041 51.8524 0
      vertex 124.156 81.8382 0
      vertex 124.156 51.5118 0
    endloop
  endfacet
  facet normal 0 0 -1
    outer loop
      vertex 124.041 51.8524 0
      vertex 124.041 81.4976 0
      vertex 124.156 81.8382 0
    endloop
  endfacet
  facet normal 0 0 -1
    outer loop
      vertex 123.882 52.175 0
      vertex 124.041 81.4976 0
      vertex 124.041 51.8524 0
    endloop
  endfacet
  facet normal 0 0 -1
    outer loop
      vertex 123.882 52.175 0
      vertex 123.882 81.175 0
      vertex 124.041 81.4976 0
    endloop
  endfacet
  facet normal 0 0 -1
    outer loop
      vertex 123.682 52.4741 0
      vertex 123.882 81.175 0
      vertex 123.882 52.175 0
    endloop
  endfacet
  facet normal 0 0 -1
    outer loop
      vertex 123.682 52.4741 0
      vertex 123.682 80.8759 0
      vertex 123.882 81.175 0
    endloop
  endfacet
  facet normal 0 0 -1
    outer loop
      vertex 123.445 52.7445 0
      vertex 123.682 80.8759 0
      vertex 123.682 52.4741 0
    endloop
  endfacet
  facet normal 0 0 -1
    outer loop
      vertex 123.445 52.7445 0
      vertex 123.445 80.6055 0
      vertex 123.682 80.8759 0
    endloop
  endfacet
  facet normal 0 0 -1
    outer loop
      vertex 123.174 52.9817 0
      vertex 123.445 80.6055 0
      vertex 123.445 52.7445 0
    endloop
  endfacet
  facet normal 0 0 -1
    outer loop
      vertex 123.174 52.9817 0
      vertex 123.174 80.3683 0
      vertex 123.445 80.6055 0
    endloop
  endfacet
  facet normal 0 0 -1
    outer loop
      vertex 122.875 53.1816 0
      vertex 123.174 80.3683 0
      vertex 123.174 52.9817 0
    endloop
  endfacet
  facet normal 0 0 -1
    outer loop
      vertex 122.875 53.1816 0
      vertex 122.875 80.1684 0
      vertex 123.174 80.3683 0
    endloop
  endfacet
  facet normal 0 0 -1
    outer loop
      vertex 122.552 53.3407 0
      vertex 122.875 80.1684 0
      vertex 122.875 53.1816 0
    endloop
  endfacet
  facet normal 0 0 -1
    outer loop
      vertex 122.552 53.3407 0
      vertex 122.552 80.0093 0
      vertex 122.875 80.1684 0
    endloop
  endfacet
  facet normal 0 0 -1
    outer loop
      vertex 122.212 53.4563 0
      vertex 122.552 80.0093 0
      vertex 122.552 53.3407 0
    endloop
  endfacet
  facet normal 0 0 -1
    outer loop
      vertex 122.212 53.4563 0
      vertex 122.212 79.8937 0
      vertex 122.552 80.0093 0
    endloop
  endfacet
  facet normal 0 0 -1
    outer loop
      vertex 121.859 53.5265 0
      vertex 122.212 79.8937 0
      vertex 122.212 53.4563 0
    endloop
  endfacet
  facet normal 0 0 -1
    outer loop
      vertex 121.859 53.5265 0
      vertex 121.859 79.8235 0
      vertex 122.212 79.8937 0
    endloop
  endfacet
  facet normal 0 0 -1
    outer loop
      vertex 121.5 53.55 0
      vertex 121.859 79.8235 0
      vertex 121.859 53.5265 0
    endloop
  endfacet
  facet normal 0 0 -1
    outer loop
      vertex 121.5 53.55 0
      vertex 121.5 79.8 0
      vertex 121.859 79.8235 0
    endloop
  endfacet
  facet normal 0 0 -1
    outer loop
      vertex 121.141 53.5265 0
      vertex 121.5 79.8 0
      vertex 121.5 53.55 0
    endloop
  endfacet
  facet normal 0 0 -1
    outer loop
      vertex 121.141 53.5265 0
      vertex 121.141 79.8235 0
      vertex 121.5 79.8 0
    endloop
  endfacet
  facet normal 0 0 -1
    outer loop
      vertex 120.788 53.4563 0
      vertex 121.141 79.8235 0
      vertex 121.141 53.5265 0
    endloop
  endfacet
  facet normal 0 0 -1
    outer loop
      vertex 120.788 53.4563 0
      vertex 120.788 79.8937 0
      vertex 121.141 79.8235 0
    endloop
  endfacet
  facet normal 0 0 -1
    outer loop
      vertex 120.448 53.3407 0
      vertex 120.788 79.8937 0
      vertex 120.788 53.4563 0
    endloop
  endfacet
  facet normal 0 0 -1
    outer loop
      vertex 120.448 53.3407 0
      vertex 120.448 80.0093 0
      vertex 120.788 79.8937 0
    endloop
  endfacet
  facet normal 0 0 -1
    outer loop
      vertex 120.125 53.1816 0
      vertex 120.448 80.0093 0
      vertex 120.448 53.3407 0
    endloop
  endfacet
  facet normal 0 0 -1
    outer loop
      vertex 120.125 53.1816 0
      vertex 120.125 80.1684 0
      vertex 120.448 80.0093 0
    endloop
  endfacet
  facet normal 0 0 -1
    outer loop
      vertex 100.9 56.15 0
      vertex 120.125 53.1816 0
      vertex 119.826 52.9817 0
    endloop
  endfacet
  facet normal 0 0 -1
    outer loop
      vertex 120.125 53.1816 0
      vertex 100.9 56.15 0
      vertex 120.125 80.1684 0
    endloop
  endfacet
  facet normal 0 0 -1
    outer loop
      vertex 100.9 56.15 0
      vertex 119.826 52.9817 0
      vertex 119.555 52.7445 0
    endloop
  endfacet
  facet normal -0 0 -1
    outer loop
      vertex 120.125 80.1684 0
      vertex 100.9 56.15 0
      vertex 119.826 80.3683 0
    endloop
  endfacet
  facet normal 0 0 -1
    outer loop
      vertex 100.9 56.15 0
      vertex 119.555 52.7445 0
      vertex 119.318 52.4741 0
    endloop
  endfacet
  facet normal -0 0 -1
    outer loop
      vertex 119.826 80.3683 0
      vertex 100.9 56.15 0
      vertex 119.555 80.6055 0
    endloop
  endfacet
  facet normal 0 0 -1
    outer loop
      vertex 100.9 56.15 0
      vertex 119.318 52.4741 0
      vertex 119.118 52.175 0
    endloop
  endfacet
  facet normal -0 0 -1
    outer loop
      vertex 119.555 80.6055 0
      vertex 100.9 56.15 0
      vertex 119.318 80.8759 0
    endloop
  endfacet
  facet normal 0 0 -1
    outer loop
      vertex 100.9 56.15 0
      vertex 119.118 52.175 0
      vertex 118.959 51.8524 0
    endloop
  endfacet
  facet normal -0 0 -1
    outer loop
      vertex 119.318 80.8759 0
      vertex 100.9 56.15 0
      vertex 119.118 81.175 0
    endloop
  endfacet
  facet normal 0 0 -1
    outer loop
      vertex 100.9 56.15 0
      vertex 118.959 51.8524 0
      vertex 118.844 51.5118 0
    endloop
  endfacet
  facet normal 0 0 -1
    outer loop
      vertex 93.3314 60.5814 0
      vertex 119.118 81.175 0
      vertex 100.9 56.15 0
    endloop
  endfacet
  facet normal 0 0 -1
    outer loop
      vertex 100.9 56.15 0
      vertex 118.844 51.5118 0
      vertex 118.774 51.1589 0
    endloop
  endfacet
  facet normal 0 0 -1
    outer loop
      vertex 93.174 60.7194 0
      vertex 119.118 81.175 0
      vertex 93.3314 60.5814 0
    endloop
  endfacet
  facet normal 0 0 -1
    outer loop
      vertex 100.9 56.15 0
      vertex 118.774 51.1589 0
      vertex 118.75 50.8 0
    endloop
  endfacet
  facet normal -0 0 -1
    outer loop
      vertex 119.118 81.175 0
      vertex 93.174 60.7194 0
      vertex 118.959 81.4976 0
    endloop
  endfacet
  facet normal 0 0 -1
    outer loop
      vertex 126.5 0 0
      vertex 124.25 50.8 0
      vertex 126.5 88.9 0
    endloop
  endfacet
  facet normal 0 0 -1
    outer loop
      vertex 126.5 0 0
      vertex 124.226 50.4411 0
      vertex 124.25 50.8 0
    endloop
  endfacet
  facet normal 0 0 -1
    outer loop
      vertex 126.5 0 0
      vertex 124.156 50.0882 0
      vertex 124.226 50.4411 0
    endloop
  endfacet
  facet normal 0 0 -1
    outer loop
      vertex 126.5 0 0
      vertex 124.041 49.7476 0
      vertex 124.156 50.0882 0
    endloop
  endfacet
  facet normal 0 0 -1
    outer loop
      vertex 126.5 0 0
      vertex 123.882 49.425 0
      vertex 124.041 49.7476 0
    endloop
  endfacet
  facet normal 0 0 -1
    outer loop
      vertex 126.5 0 0
      vertex 123.682 49.1259 0
      vertex 123.882 49.425 0
    endloop
  endfacet
  facet normal 0 0 -1
    outer loop
      vertex 126.5 0 0
      vertex 123.445 48.8555 0
      vertex 123.682 49.1259 0
    endloop
  endfacet
  facet normal 0 0 -1
    outer loop
      vertex 126.5 0 0
      vertex 123.174 48.6183 0
      vertex 123.445 48.8555 0
    endloop
  endfacet
  facet normal 0 0 -1
    outer loop
      vertex 126.5 0 0
      vertex 122.875 48.4184 0
      vertex 123.174 48.6183 0
    endloop
  endfacet
  facet normal 0 0 -1
    outer loop
      vertex 126.5 0 0
      vertex 122.552 48.2593 0
      vertex 122.875 48.4184 0
    endloop
  endfacet
  facet normal 0 0 -1
    outer loop
      vertex 126.5 0 0
      vertex 122.212 48.1437 0
      vertex 122.552 48.2593 0
    endloop
  endfacet
  facet normal 0 0 -1
    outer loop
      vertex 126.5 0 0
      vertex 121.859 48.0735 0
      vertex 122.212 48.1437 0
    endloop
  endfacet
  facet normal 0 0 -1
    outer loop
      vertex 126.5 0 0
      vertex 121.5 48.05 0
      vertex 121.859 48.0735 0
    endloop
  endfacet
  facet normal 0 0 -1
    outer loop
      vertex 100.9 32.75 0
      vertex 121.5 48.05 0
      vertex 126.5 0 0
    endloop
  endfacet
  facet normal -0 0 -1
    outer loop
      vertex 121.5 48.05 0
      vertex 100.9 32.75 0
      vertex 121.141 48.0735 0
    endloop
  endfacet
  facet normal -0 0 -1
    outer loop
      vertex 121.141 48.0735 0
      vertex 100.9 32.75 0
      vertex 120.788 48.1437 0
    endloop
  endfacet
  facet normal -0 0 -1
    outer loop
      vertex 120.788 48.1437 0
      vertex 100.9 32.75 0
      vertex 120.448 48.2593 0
    endloop
  endfacet
  facet normal -0 0 -1
    outer loop
      vertex 120.448 48.2593 0
      vertex 100.9 32.75 0
      vertex 120.125 48.4184 0
    endloop
  endfacet
  facet normal -0 0 -1
    outer loop
      vertex 120.125 48.4184 0
      vertex 100.9 32.75 0
      vertex 119.826 48.6183 0
    endloop
  endfacet
  facet normal -0 0 -1
    outer loop
      vertex 119.826 48.6183 0
      vertex 100.9 32.75 0
      vertex 119.555 48.8555 0
    endloop
  endfacet
  facet normal -0 0 -1
    outer loop
      vertex 119.555 48.8555 0
      vertex 100.9 32.75 0
      vertex 119.318 49.1259 0
    endloop
  endfacet
  facet normal -0 0 -1
    outer loop
      vertex 119.318 49.1259 0
      vertex 100.9 32.75 0
      vertex 119.118 49.425 0
    endloop
  endfacet
  facet normal -0 0 -1
    outer loop
      vertex 119.118 49.425 0
      vertex 100.9 32.75 0
      vertex 118.959 49.7476 0
    endloop
  endfacet
  facet normal 0 0 -1
    outer loop
      vertex 100.9 56.15 0
      vertex 118.959 49.7476 0
      vertex 100.9 32.75 0
    endloop
  endfacet
  facet normal 0 0 -1
    outer loop
      vertex 118.774 50.4411 0
      vertex 100.9 56.15 0
      vertex 118.75 50.8 0
    endloop
  endfacet
  facet normal 0 0 -1
    outer loop
      vertex 118.844 50.0882 0
      vertex 100.9 56.15 0
      vertex 118.774 50.4411 0
    endloop
  endfacet
  facet normal 0 0 -1
    outer loop
      vertex 118.959 49.7476 0
      vertex 100.9 56.15 0
      vertex 118.844 50.0882 0
    endloop
  endfacet
  facet normal 0 0 -1
    outer loop
      vertex 93.3314 28.3186 0
      vertex 100.9 32.75 0
      vertex 126.5 0 0
    endloop
  endfacet
  facet normal 0 0 -1
    outer loop
      vertex 100.9 32.75 0
      vertex 93.7863 29.2412 0
      vertex 93.8 29.45 0
    endloop
  endfacet
  facet normal 0 0 -1
    outer loop
      vertex 100.9 32.75 0
      vertex 93.7455 29.0359 0
      vertex 93.7863 29.2412 0
    endloop
  endfacet
  facet normal 0 0 -1
    outer loop
      vertex 100.9 32.75 0
      vertex 93.6782 28.8377 0
      vertex 93.7455 29.0359 0
    endloop
  endfacet
  facet normal 0 0 -1
    outer loop
      vertex 100.9 32.75 0
      vertex 93.5856 28.65 0
      vertex 93.6782 28.8377 0
    endloop
  endfacet
  facet normal 0 0 -1
    outer loop
      vertex 100.9 32.75 0
      vertex 93.4694 28.476 0
      vertex 93.5856 28.65 0
    endloop
  endfacet
  facet normal 0 0 -1
    outer loop
      vertex 100.9 32.75 0
      vertex 93.3314 28.3186 0
      vertex 93.4694 28.476 0
    endloop
  endfacet
  facet normal 0 0 -1
    outer loop
      vertex 126.5 0 0
      vertex 93.174 28.1806 0
      vertex 93.3314 28.3186 0
    endloop
  endfacet
  facet normal 0 0 -1
    outer loop
      vertex 126.5 0 0
      vertex 93 28.0644 0
      vertex 93.174 28.1806 0
    endloop
  endfacet
  facet normal 0 0 -1
    outer loop
      vertex 126.5 0 0
      vertex 92.8123 27.9718 0
      vertex 93 28.0644 0
    endloop
  endfacet
  facet normal 0 0 -1
    outer loop
      vertex 126.5 0 0
      vertex 92.6141 27.9045 0
      vertex 92.8123 27.9718 0
    endloop
  endfacet
  facet normal 0 0 -1
    outer loop
      vertex 77.7 15.8 0
      vertex 92.6141 27.9045 0
      vertex 126.5 0 0
    endloop
  endfacet
  facet normal 0 0 -1
    outer loop
      vertex 92.6141 27.9045 0
      vertex 77.7 15.8 0
      vertex 92.4088 27.8637 0
    endloop
  endfacet
  facet normal 0 0 -1
    outer loop
      vertex 92.4088 27.8637 0
      vertex 77.7 15.8 0
      vertex 92.2 27.85 0
    endloop
  endfacet
  facet normal -0 0 -1
    outer loop
      vertex 92.2 27.85 0
      vertex 77.7 15.8 0
      vertex 91.9912 27.8637 0
    endloop
  endfacet
  facet normal -0 0 -1
    outer loop
      vertex 91.9912 27.8637 0
      vertex 77.7 15.8 0
      vertex 91.7859 27.9045 0
    endloop
  endfacet
  facet normal -0 0 -1
    outer loop
      vertex 91.7859 27.9045 0
      vertex 77.7 15.8 0
      vertex 91.5877 27.9718 0
    endloop
  endfacet
  facet normal -0 0 -1
    outer loop
      vertex 91.5877 27.9718 0
      vertex 77.7 15.8 0
      vertex 91.4 28.0644 0
    endloop
  endfacet
  facet normal 0 0 -1
    outer loop
      vertex 90.6137 29.2412 0
      vertex 83.5 32.75 0
      vertex 90.6 29.45 0
    endloop
  endfacet
  facet normal 0 0 -1
    outer loop
      vertex 90.6545 29.0359 0
      vertex 83.5 32.75 0
      vertex 90.6137 29.2412 0
    endloop
  endfacet
  facet normal 0 0 -1
    outer loop
      vertex 90.7218 28.8377 0
      vertex 83.5 32.75 0
      vertex 90.6545 29.0359 0
    endloop
  endfacet
  facet normal 0 0 -1
    outer loop
      vertex 77.7 23.8 0
      vertex 90.7218 28.8377 0
      vertex 90.8144 28.65 0
    endloop
  endfacet
  facet normal 0 0 -1
    outer loop
      vertex 77.7 23.8 0
      vertex 90.8144 28.65 0
      vertex 90.9306 28.476 0
    endloop
  endfacet
  facet normal 0 0 -1
    outer loop
      vertex 77.7 23.8 0
      vertex 90.9306 28.476 0
      vertex 91.0686 28.3186 0
    endloop
  endfacet
  facet normal 0 0 -1
    outer loop
      vertex 77.7 23.8 0
      vertex 91.0686 28.3186 0
      vertex 91.226 28.1806 0
    endloop
  endfacet
  facet normal 0 0 -1
    outer loop
      vertex 77.7 23.8 0
      vertex 91.4 28.0644 0
      vertex 77.7 15.8 0
    endloop
  endfacet
  facet normal -0 0 -1
    outer loop
      vertex 90.7218 28.8377 0
      vertex 77.7 23.8 0
      vertex 83.5 32.75 0
    endloop
  endfacet
  facet normal -0 0 -1
    outer loop
      vertex 91.4 28.0644 0
      vertex 77.7 23.8 0
      vertex 91.226 28.1806 0
    endloop
  endfacet
  facet normal 0 0 -1
    outer loop
      vertex 126.5 0 0
      vertex 75.2 15.8 0
      vertex 77.7 15.8 0
    endloop
  endfacet
  facet normal 0 0 -1
    outer loop
      vertex 58.4213 27.9787 0
      vertex 75.2 23.8 0
      vertex 75.2 15.8 0
    endloop
  endfacet
  facet normal 0 0 -1
    outer loop
      vertex 59.3 58.8 0
      vertex 83.5 56.15 0
      vertex 59.3 30.1 0
    endloop
  endfacet
  facet normal 0 0 -1
    outer loop
      vertex 83.5 56.15 0
      vertex 59.3 58.8 0
      vertex 75.2 65.1 0
    endloop
  endfacet
  facet normal 0 0 -1
    outer loop
      vertex 75.2 23.8 0
      vertex 59.2743 29.7084 0
      vertex 59.3 30.1 0
    endloop
  endfacet
  facet normal 0 0 -1
    outer loop
      vertex 75.2 23.8 0
      vertex 59.1978 29.3236 0
      vertex 59.2743 29.7084 0
    endloop
  endfacet
  facet normal 0 0 -1
    outer loop
      vertex 75.2 23.8 0
      vertex 59.0716 28.952 0
      vertex 59.1978 29.3236 0
    endloop
  endfacet
  facet normal 0 0 -1
    outer loop
      vertex 75.2 23.8 0
      vertex 58.8981 28.6 0
      vertex 59.0716 28.952 0
    endloop
  endfacet
  facet normal 0 0 -1
    outer loop
      vertex 75.2 23.8 0
      vertex 58.68 28.2737 0
      vertex 58.8981 28.6 0
    endloop
  endfacet
  facet normal 0 0 -1
    outer loop
      vertex 75.2 23.8 0
      vertex 58.4213 27.9787 0
      vertex 58.68 28.2737 0
    endloop
  endfacet
  facet normal 0 0 -1
    outer loop
      vertex 75.2 15.8 0
      vertex 58.1263 27.7199 0
      vertex 58.4213 27.9787 0
    endloop
  endfacet
  facet normal 0 0 -1
    outer loop
      vertex 75.2 15.8 0
      vertex 57.8 27.5019 0
      vertex 58.1263 27.7199 0
    endloop
  endfacet
  facet normal 0 0 -1
    outer loop
      vertex 75.2 15.8 0
      vertex 57.448 27.3284 0
      vertex 57.8 27.5019 0
    endloop
  endfacet
  facet normal 0 0 -1
    outer loop
      vertex 75.2 15.8 0
      vertex 57.0764 27.2022 0
      vertex 57.448 27.3284 0
    endloop
  endfacet
  facet normal 0 0 -1
    outer loop
      vertex 75.2 15.8 0
      vertex 56.6916 27.1257 0
      vertex 57.0764 27.2022 0
    endloop
  endfacet
  facet normal 0 0 -1
    outer loop
      vertex 75.2 15.8 0
      vertex 56.3 27.1 0
      vertex 56.6916 27.1257 0
    endloop
  endfacet
  facet normal 0 0 -1
    outer loop
      vertex 75.2 15.8 0
      vertex 8.3 27.1 0
      vertex 56.3 27.1 0
    endloop
  endfacet
  facet normal 0 0 -1
    outer loop
      vertex -10.6 15.8 0
      vertex 75.2 15.8 0
      vertex 126.5 0 0
    endloop
  endfacet
  facet normal 0 0 -1
    outer loop
      vertex 75.2 15.8 0
      vertex -10.6 15.8 0
      vertex 8.3 27.1 0
    endloop
  endfacet
  facet normal -0 0 -1
    outer loop
      vertex 8.3 27.1 0
      vertex -10.6 15.8 0
      vertex 7.90843 27.1257 0
    endloop
  endfacet
  facet normal -0 0 -1
    outer loop
      vertex 5.32568 29.7084 0
      vertex -10.6 23.8 0
      vertex 5.3 30.1 0
    endloop
  endfacet
  facet normal -0 0 -1
    outer loop
      vertex 5.40223 29.3236 0
      vertex -10.6 23.8 0
      vertex 5.32568 29.7084 0
    endloop
  endfacet
  facet normal -0 0 -1
    outer loop
      vertex 5.52836 28.952 0
      vertex -10.6 23.8 0
      vertex 5.40223 29.3236 0
    endloop
  endfacet
  facet normal -0 0 -1
    outer loop
      vertex 5.70193 28.6 0
      vertex -10.6 23.8 0
      vertex 5.52836 28.952 0
    endloop
  endfacet
  facet normal -0 0 -1
    outer loop
      vertex 5.91995 28.2737 0
      vertex -10.6 23.8 0
      vertex 5.70193 28.6 0
    endloop
  endfacet
  facet normal -0 0 -1
    outer loop
      vertex 6.17869 27.9787 0
      vertex -10.6 23.8 0
      vertex 5.91995 28.2737 0
    endloop
  endfacet
  facet normal 0 0 -1
    outer loop
      vertex -10.6 23.8 0
      vertex 6.17869 27.9787 0
      vertex -10.6 15.8 0
    endloop
  endfacet
  facet normal -0 0 -1
    outer loop
      vertex 6.47372 27.7199 0
      vertex -10.6 15.8 0
      vertex 6.17869 27.9787 0
    endloop
  endfacet
  facet normal -0 0 -1
    outer loop
      vertex 6.8 27.5019 0
      vertex -10.6 15.8 0
      vertex 6.47372 27.7199 0
    endloop
  endfacet
  facet normal -0 0 -1
    outer loop
      vertex 7.15196 27.3284 0
      vertex -10.6 15.8 0
      vertex 6.8 27.5019 0
    endloop
  endfacet
  facet normal -0 0 -1
    outer loop
      vertex 7.52356 27.2022 0
      vertex -10.6 15.8 0
      vertex 7.15196 27.3284 0
    endloop
  endfacet
  facet normal -0 0 -1
    outer loop
      vertex 7.90843 27.1257 0
      vertex -10.6 15.8 0
      vertex 7.52356 27.2022 0
    endloop
  endfacet
  facet normal 0 0 -1
    outer loop
      vertex -69.6 9 0
      vertex -10.6 15.8 0
      vertex 126.5 0 0
    endloop
  endfacet
  facet normal 0 0 -1
    outer loop
      vertex -18.1 21.2 0
      vertex -13.1 23.8 0
      vertex -13.1 15.8 0
    endloop
  endfacet
  facet normal -0 0 -1
    outer loop
      vertex -13.1 23.8 0
      vertex -18.1 21.2 0
      vertex -13.1 65.1 0
    endloop
  endfacet
  facet normal 0 0 -1
    outer loop
      vertex -18.1 67.7 0
      vertex -13.1 65.1 0
      vertex -18.1 21.2 0
    endloop
  endfacet
  facet normal 0 0 -1
    outer loop
      vertex -69.6 9 0
      vertex -18.1 21.2 0
      vertex -13.1 15.8 0
    endloop
  endfacet
  facet normal -0 0 -1
    outer loop
      vertex -10.6 15.8 0
      vertex -69.6 9 0
      vertex -13.1 15.8 0
    endloop
  endfacet
  facet normal -0 0 -1
    outer loop
      vertex -64.6 21.2 0
      vertex -69.6 9 0
      vertex -64.6 67.7 0
    endloop
  endfacet
  facet normal -0 0 -1
    outer loop
      vertex -18.1 21.2 0
      vertex -69.6 9 0
      vertex -64.6 21.2 0
    endloop
  endfacet
  facet normal 0 0 -1
    outer loop
      vertex -126.5 0 0
      vertex -69.6 9 0
      vertex 126.5 0 0
    endloop
  endfacet
  facet normal 0 0 -1
    outer loop
      vertex -118.774 50.4411 0
      vertex -88.4 79.9 0
      vertex -88.4 9 0
    endloop
  endfacet
  facet normal 0 0 -1
    outer loop
      vertex -88.4 79.9 0
      vertex -118.774 50.4411 0
      vertex -118.75 50.8 0
    endloop
  endfacet
  facet normal 0 0 -1
    outer loop
      vertex -88.4 9 0
      vertex -118.844 50.0882 0
      vertex -118.774 50.4411 0
    endloop
  endfacet
  facet normal 0 0 -1
    outer loop
      vertex -88.4 9 0
      vertex -118.959 49.7476 0
      vertex -118.844 50.0882 0
    endloop
  endfacet
  facet normal 0 0 -1
    outer loop
      vertex -88.4 9 0
      vertex -119.118 49.425 0
      vertex -118.959 49.7476 0
    endloop
  endfacet
  facet normal 0 0 -1
    outer loop
      vertex -88.4 9 0
      vertex -119.318 49.1259 0
      vertex -119.118 49.425 0
    endloop
  endfacet
  facet normal 0 0 -1
    outer loop
      vertex -88.4 9 0
      vertex -119.555 48.8555 0
      vertex -119.318 49.1259 0
    endloop
  endfacet
  facet normal 0 0 -1
    outer loop
      vertex -88.4 9 0
      vertex -119.826 48.6183 0
      vertex -119.555 48.8555 0
    endloop
  endfacet
  facet normal 0 0 -1
    outer loop
      vertex -88.4 9 0
      vertex -120.125 48.4184 0
      vertex -119.826 48.6183 0
    endloop
  endfacet
  facet normal 0 0 -1
    outer loop
      vertex -88.4 9 0
      vertex -120.448 48.2593 0
      vertex -120.125 48.4184 0
    endloop
  endfacet
  facet normal 0 0 -1
    outer loop
      vertex -88.4 9 0
      vertex -120.788 48.1437 0
      vertex -120.448 48.2593 0
    endloop
  endfacet
  facet normal 0 0 -1
    outer loop
      vertex -126.5 0 0
      vertex -120.788 48.1437 0
      vertex -88.4 9 0
    endloop
  endfacet
  facet normal 0 0 -1
    outer loop
      vertex -120.788 48.1437 0
      vertex -126.5 0 0
      vertex -121.141 48.0735 0
    endloop
  endfacet
  facet normal 0 0 -1
    outer loop
      vertex -121.141 48.0735 0
      vertex -126.5 0 0
      vertex -121.5 48.05 0
    endloop
  endfacet
  facet normal -0 0 -1
    outer loop
      vertex -121.5 48.05 0
      vertex -126.5 0 0
      vertex -121.859 48.0735 0
    endloop
  endfacet
  facet normal -0 0 -1
    outer loop
      vertex -121.859 48.0735 0
      vertex -126.5 0 0
      vertex -122.212 48.1437 0
    endloop
  endfacet
  facet normal -0 0 -1
    outer loop
      vertex -122.212 48.1437 0
      vertex -126.5 0 0
      vertex -122.552 48.2593 0
    endloop
  endfacet
  facet normal -0 0 -1
    outer loop
      vertex -122.552 48.2593 0
      vertex -126.5 0 0
      vertex -122.875 48.4184 0
    endloop
  endfacet
  facet normal -0 0 -1
    outer loop
      vertex -122.875 48.4184 0
      vertex -126.5 0 0
      vertex -123.174 48.6183 0
    endloop
  endfacet
  facet normal 0 0 -1
    outer loop
      vertex -126.5 88.9 0
      vertex -124.25 50.8 0
      vertex -126.5 0 0
    endloop
  endfacet
  facet normal -0 0 -1
    outer loop
      vertex -124.226 50.4411 0
      vertex -126.5 0 0
      vertex -124.25 50.8 0
    endloop
  endfacet
  facet normal -0 0 -1
    outer loop
      vertex -124.156 50.0882 0
      vertex -126.5 0 0
      vertex -124.226 50.4411 0
    endloop
  endfacet
  facet normal -0 0 -1
    outer loop
      vertex -124.041 49.7476 0
      vertex -126.5 0 0
      vertex -124.156 50.0882 0
    endloop
  endfacet
  facet normal -0 0 -1
    outer loop
      vertex -123.882 49.425 0
      vertex -126.5 0 0
      vertex -124.041 49.7476 0
    endloop
  endfacet
  facet normal -0 0 -1
    outer loop
      vertex -123.682 49.1259 0
      vertex -126.5 0 0
      vertex -123.882 49.425 0
    endloop
  endfacet
  facet normal -0 0 -1
    outer loop
      vertex -123.445 48.8555 0
      vertex -126.5 0 0
      vertex -123.682 49.1259 0
    endloop
  endfacet
  facet normal -0 0 -1
    outer loop
      vertex -123.174 48.6183 0
      vertex -126.5 0 0
      vertex -123.445 48.8555 0
    endloop
  endfacet
  facet normal -0 0 -1
    outer loop
      vertex -69.6 9 0
      vertex -126.5 0 0
      vertex -88.4 9 0
    endloop
  endfacet
  facet normal 0 0 -1
    outer loop
      vertex 124.226 51.1589 0
      vertex 126.5 88.9 0
      vertex 124.25 50.8 0
    endloop
  endfacet
  facet normal 0 0 -1
    outer loop
      vertex 124.226 82.909 0
      vertex 126.5 88.9 0
      vertex 124.25 82.55 0
    endloop
  endfacet
  facet normal 0 0 -1
    outer loop
      vertex 124.156 83.2617 0
      vertex 126.5 88.9 0
      vertex 124.226 82.909 0
    endloop
  endfacet
  facet normal 0 0 -1
    outer loop
      vertex 124.041 83.6024 0
      vertex 126.5 88.9 0
      vertex 124.156 83.2617 0
    endloop
  endfacet
  facet normal 0 0 -1
    outer loop
      vertex 123.882 83.925 0
      vertex 126.5 88.9 0
      vertex 124.041 83.6024 0
    endloop
  endfacet
  facet normal 0 0 -1
    outer loop
      vertex 123.682 84.2241 0
      vertex 126.5 88.9 0
      vertex 123.882 83.925 0
    endloop
  endfacet
  facet normal 0 0 -1
    outer loop
      vertex 123.445 84.4945 0
      vertex 126.5 88.9 0
      vertex 123.682 84.2241 0
    endloop
  endfacet
  facet normal 0 0 -1
    outer loop
      vertex 123.174 84.7317 0
      vertex 126.5 88.9 0
      vertex 123.445 84.4945 0
    endloop
  endfacet
  facet normal 0 0 -1
    outer loop
      vertex 122.875 84.9316 0
      vertex 126.5 88.9 0
      vertex 123.174 84.7317 0
    endloop
  endfacet
  facet normal 0 0 -1
    outer loop
      vertex 122.552 85.0907 0
      vertex 126.5 88.9 0
      vertex 122.875 84.9316 0
    endloop
  endfacet
  facet normal 0 0 -1
    outer loop
      vertex 122.212 85.2063 0
      vertex 126.5 88.9 0
      vertex 122.552 85.0907 0
    endloop
  endfacet
  facet normal 0 0 -1
    outer loop
      vertex 121.859 85.2765 0
      vertex 126.5 88.9 0
      vertex 122.212 85.2063 0
    endloop
  endfacet
  facet normal 0 0 -1
    outer loop
      vertex 121.5 85.3 0
      vertex 126.5 88.9 0
      vertex 121.859 85.2765 0
    endloop
  endfacet
  facet normal 0 0 -1
    outer loop
      vertex 121.141 85.2765 0
      vertex 126.5 88.9 0
      vertex 121.5 85.3 0
    endloop
  endfacet
  facet normal 0 0 -1
    outer loop
      vertex 120.788 85.2063 0
      vertex 126.5 88.9 0
      vertex 121.141 85.2765 0
    endloop
  endfacet
  facet normal 0 0 -1
    outer loop
      vertex 120.448 85.0907 0
      vertex 126.5 88.9 0
      vertex 120.788 85.2063 0
    endloop
  endfacet
  facet normal 0 0 -1
    outer loop
      vertex 120.125 84.9316 0
      vertex 126.5 88.9 0
      vertex 120.448 85.0907 0
    endloop
  endfacet
  facet normal 0 0 -1
    outer loop
      vertex 93 60.8356 0
      vertex 118.959 81.4976 0
      vertex 93.174 60.7194 0
    endloop
  endfacet
  facet normal -0 0 -1
    outer loop
      vertex 118.959 81.4976 0
      vertex 93 60.8356 0
      vertex 118.844 81.8382 0
    endloop
  endfacet
  facet normal 0 0 -1
    outer loop
      vertex 92.8123 60.9282 0
      vertex 118.844 81.8382 0
      vertex 93 60.8356 0
    endloop
  endfacet
  facet normal -0 0 -1
    outer loop
      vertex 118.844 81.8382 0
      vertex 92.8123 60.9282 0
      vertex 118.774 82.1911 0
    endloop
  endfacet
  facet normal 0 0 -1
    outer loop
      vertex 92.6141 60.9955 0
      vertex 118.774 82.1911 0
      vertex 92.8123 60.9282 0
    endloop
  endfacet
  facet normal 0 0 -1
    outer loop
      vertex 93.7863 59.6588 0
      vertex 100.9 56.15 0
      vertex 93.8 59.45 0
    endloop
  endfacet
  facet normal 0 0 -1
    outer loop
      vertex 93.7455 59.8641 0
      vertex 100.9 56.15 0
      vertex 93.7863 59.6588 0
    endloop
  endfacet
  facet normal 0 0 -1
    outer loop
      vertex 93.6782 60.0623 0
      vertex 100.9 56.15 0
      vertex 93.7455 59.8641 0
    endloop
  endfacet
  facet normal 0 0 -1
    outer loop
      vertex 93.5856 60.25 0
      vertex 100.9 56.15 0
      vertex 93.6782 60.0623 0
    endloop
  endfacet
  facet normal 0 0 -1
    outer loop
      vertex 93.4694 60.424 0
      vertex 100.9 56.15 0
      vertex 93.5856 60.25 0
    endloop
  endfacet
  facet normal 0 0 -1
    outer loop
      vertex 93.3314 60.5814 0
      vertex 100.9 56.15 0
      vertex 93.4694 60.424 0
    endloop
  endfacet
  facet normal -0 0 -1
    outer loop
      vertex 118.774 82.1911 0
      vertex 92.6141 60.9955 0
      vertex 118.75 82.55 0
    endloop
  endfacet
  facet normal 0 0 -1
    outer loop
      vertex 77.7 73.1 0
      vertex 118.75 82.55 0
      vertex 92.6141 60.9955 0
    endloop
  endfacet
  facet normal -0 0 -1
    outer loop
      vertex 118.75 82.55 0
      vertex 77.7 73.1 0
      vertex 118.774 82.909 0
    endloop
  endfacet
  facet normal -0 0 -1
    outer loop
      vertex 118.774 82.909 0
      vertex 77.7 73.1 0
      vertex 118.844 83.2617 0
    endloop
  endfacet
  facet normal -0 0 -1
    outer loop
      vertex 118.844 83.2617 0
      vertex 77.7 73.1 0
      vertex 118.959 83.6024 0
    endloop
  endfacet
  facet normal -0 0 -1
    outer loop
      vertex 118.959 83.6024 0
      vertex 77.7 73.1 0
      vertex 119.118 83.925 0
    endloop
  endfacet
  facet normal -0 0 -1
    outer loop
      vertex 119.118 83.925 0
      vertex 77.7 73.1 0
      vertex 119.318 84.2241 0
    endloop
  endfacet
  facet normal -0 0 -1
    outer loop
      vertex 119.318 84.2241 0
      vertex 77.7 73.1 0
      vertex 119.555 84.4945 0
    endloop
  endfacet
  facet normal 0 0 -1
    outer loop
      vertex 77.7 73.1 0
      vertex 92.6141 60.9955 0
      vertex 92.4088 61.0363 0
    endloop
  endfacet
  facet normal 0 0 -1
    outer loop
      vertex 77.7 73.1 0
      vertex 92.4088 61.0363 0
      vertex 92.2 61.05 0
    endloop
  endfacet
  facet normal 0 0 -1
    outer loop
      vertex 77.7 73.1 0
      vertex 92.2 61.05 0
      vertex 91.9912 61.0363 0
    endloop
  endfacet
  facet normal 0 0 -1
    outer loop
      vertex 77.7 73.1 0
      vertex 91.9912 61.0363 0
      vertex 91.7859 60.9955 0
    endloop
  endfacet
  facet normal 0 0 -1
    outer loop
      vertex 77.7 73.1 0
      vertex 91.7859 60.9955 0
      vertex 91.5877 60.9282 0
    endloop
  endfacet
  facet normal 0 0 -1
    outer loop
      vertex 77.7 73.1 0
      vertex 91.5877 60.9282 0
      vertex 91.4 60.8356 0
    endloop
  endfacet
  facet normal 0 0 -1
    outer loop
      vertex 77.7 65.1 0
      vertex 91.4 60.8356 0
      vertex 91.226 60.7194 0
    endloop
  endfacet
  facet normal 0 0 -1
    outer loop
      vertex 83.5 56.15 0
      vertex 90.6137 59.6588 0
      vertex 90.6 59.45 0
    endloop
  endfacet
  facet normal 0 0 -1
    outer loop
      vertex 83.5 56.15 0
      vertex 90.6545 59.8641 0
      vertex 90.6137 59.6588 0
    endloop
  endfacet
  facet normal 0 0 -1
    outer loop
      vertex 83.5 56.15 0
      vertex 90.7218 60.0623 0
      vertex 90.6545 59.8641 0
    endloop
  endfacet
  facet normal 0 0 -1
    outer loop
      vertex 77.7 65.1 0
      vertex 90.7218 60.0623 0
      vertex 83.5 56.15 0
    endloop
  endfacet
  facet normal 0 0 -1
    outer loop
      vertex 90.7218 60.0623 0
      vertex 77.7 65.1 0
      vertex 90.8144 60.25 0
    endloop
  endfacet
  facet normal 0 0 -1
    outer loop
      vertex 90.8144 60.25 0
      vertex 77.7 65.1 0
      vertex 90.9306 60.424 0
    endloop
  endfacet
  facet normal 0 0 -1
    outer loop
      vertex 90.9306 60.424 0
      vertex 77.7 65.1 0
      vertex 91.0686 60.5814 0
    endloop
  endfacet
  facet normal 0 0 -1
    outer loop
      vertex 91.0686 60.5814 0
      vertex 77.7 65.1 0
      vertex 91.226 60.7194 0
    endloop
  endfacet
  facet normal 0 0 -1
    outer loop
      vertex 75.2 23.8 0
      vertex 83.5 32.75 0
      vertex 77.7 23.8 0
    endloop
  endfacet
  facet normal 0 0 -1
    outer loop
      vertex 59.3 30.1 0
      vertex 83.5 32.75 0
      vertex 75.2 23.8 0
    endloop
  endfacet
  facet normal 0 0 -1
    outer loop
      vertex 91.4 60.8356 0
      vertex 77.7 65.1 0
      vertex 77.7 73.1 0
    endloop
  endfacet
  facet normal -0 0 -1
    outer loop
      vertex 119.555 84.4945 0
      vertex 77.7 73.1 0
      vertex 119.826 84.7317 0
    endloop
  endfacet
  facet normal -0 0 -1
    outer loop
      vertex 119.826 84.7317 0
      vertex 77.7 73.1 0
      vertex 120.125 84.9316 0
    endloop
  endfacet
  facet normal 0 0 -1
    outer loop
      vertex 75.2 73.1 0
      vertex 120.125 84.9316 0
      vertex 77.7 73.1 0
    endloop
  endfacet
  facet normal -0 0 -1
    outer loop
      vertex 120.125 84.9316 0
      vertex 75.2 73.1 0
      vertex 126.5 88.9 0
    endloop
  endfacet
  facet normal 0 0 -1
    outer loop
      vertex 59.2743 59.1916 0
      vertex 75.2 65.1 0
      vertex 59.3 58.8 0
    endloop
  endfacet
  facet normal 0 0 -1
    outer loop
      vertex 59.1978 59.5765 0
      vertex 75.2 65.1 0
      vertex 59.2743 59.1916 0
    endloop
  endfacet
  facet normal 0 0 -1
    outer loop
      vertex 59.0716 59.948 0
      vertex 75.2 65.1 0
      vertex 59.1978 59.5765 0
    endloop
  endfacet
  facet normal 0 0 -1
    outer loop
      vertex 58.8981 60.3 0
      vertex 75.2 65.1 0
      vertex 59.0716 59.948 0
    endloop
  endfacet
  facet normal 0 0 -1
    outer loop
      vertex 58.68 60.6263 0
      vertex 75.2 65.1 0
      vertex 58.8981 60.3 0
    endloop
  endfacet
  facet normal 0 0 -1
    outer loop
      vertex 58.4213 60.9213 0
      vertex 75.2 65.1 0
      vertex 58.68 60.6263 0
    endloop
  endfacet
  facet normal -0 0 -1
    outer loop
      vertex 75.2 65.1 0
      vertex 58.4213 60.9213 0
      vertex 75.2 73.1 0
    endloop
  endfacet
  facet normal 0 0 -1
    outer loop
      vertex 58.1263 61.1801 0
      vertex 75.2 73.1 0
      vertex 58.4213 60.9213 0
    endloop
  endfacet
  facet normal 0 0 -1
    outer loop
      vertex 57.8 61.3981 0
      vertex 75.2 73.1 0
      vertex 58.1263 61.1801 0
    endloop
  endfacet
  facet normal 0 0 -1
    outer loop
      vertex 57.448 61.5716 0
      vertex 75.2 73.1 0
      vertex 57.8 61.3981 0
    endloop
  endfacet
  facet normal 0 0 -1
    outer loop
      vertex 57.0764 61.6978 0
      vertex 75.2 73.1 0
      vertex 57.448 61.5716 0
    endloop
  endfacet
  facet normal 0 0 -1
    outer loop
      vertex 56.6916 61.7743 0
      vertex 75.2 73.1 0
      vertex 57.0764 61.6978 0
    endloop
  endfacet
  facet normal 0 0 -1
    outer loop
      vertex 56.3 61.8 0
      vertex 75.2 73.1 0
      vertex 56.6916 61.7743 0
    endloop
  endfacet
  facet normal 0 0 -1
    outer loop
      vertex 8.3 61.8 0
      vertex 75.2 73.1 0
      vertex 56.3 61.8 0
    endloop
  endfacet
  facet normal 0 0 -1
    outer loop
      vertex -10.6 73.1 0
      vertex 75.2 73.1 0
      vertex 8.3 61.8 0
    endloop
  endfacet
  facet normal 0 0 -1
    outer loop
      vertex -10.6 73.1 0
      vertex 8.3 61.8 0
      vertex 7.90843 61.7743 0
    endloop
  endfacet
  facet normal 0 0 -1
    outer loop
      vertex -10.6 73.1 0
      vertex 7.90843 61.7743 0
      vertex 7.52356 61.6978 0
    endloop
  endfacet
  facet normal -0 0 -1
    outer loop
      vertex 5.3 30.1 0
      vertex -10.6 23.8 0
      vertex 5.3 58.8 0
    endloop
  endfacet
  facet normal 0 0 -1
    outer loop
      vertex -10.6 65.1 0
      vertex 5.3 58.8 0
      vertex -10.6 23.8 0
    endloop
  endfacet
  facet normal 0 0 -1
    outer loop
      vertex 5.3 58.8 0
      vertex -10.6 65.1 0
      vertex 5.32568 59.1916 0
    endloop
  endfacet
  facet normal 0 0 -1
    outer loop
      vertex 5.32568 59.1916 0
      vertex -10.6 65.1 0
      vertex 5.40223 59.5765 0
    endloop
  endfacet
  facet normal 0 0 -1
    outer loop
      vertex 5.40223 59.5765 0
      vertex -10.6 65.1 0
      vertex 5.52836 59.948 0
    endloop
  endfacet
  facet normal 0 0 -1
    outer loop
      vertex -10.6 65.1 0
      vertex 5.70193 60.3 0
      vertex 5.52836 59.948 0
    endloop
  endfacet
  facet normal 0 0 -1
    outer loop
      vertex -10.6 65.1 0
      vertex 5.91995 60.6263 0
      vertex 5.70193 60.3 0
    endloop
  endfacet
  facet normal 0 0 -1
    outer loop
      vertex -10.6 65.1 0
      vertex 6.17869 60.9213 0
      vertex 5.91995 60.6263 0
    endloop
  endfacet
  facet normal 0 0 -1
    outer loop
      vertex -10.6 65.1 0
      vertex 6.47372 61.1801 0
      vertex 6.17869 60.9213 0
    endloop
  endfacet
  facet normal 0 0 -1
    outer loop
      vertex -10.6 73.1 0
      vertex 6.47372 61.1801 0
      vertex -10.6 65.1 0
    endloop
  endfacet
  facet normal 0 0 -1
    outer loop
      vertex 6.47372 61.1801 0
      vertex -10.6 73.1 0
      vertex 6.8 61.3981 0
    endloop
  endfacet
  facet normal 0 0 -1
    outer loop
      vertex 6.8 61.3981 0
      vertex -10.6 73.1 0
      vertex 7.15196 61.5716 0
    endloop
  endfacet
  facet normal 0 0 -1
    outer loop
      vertex 7.15196 61.5716 0
      vertex -10.6 73.1 0
      vertex 7.52356 61.6978 0
    endloop
  endfacet
  facet normal 0 0 -1
    outer loop
      vertex 75.2 73.1 0
      vertex -10.6 73.1 0
      vertex 126.5 88.9 0
    endloop
  endfacet
  facet normal 0 0 -1
    outer loop
      vertex -69.6 79.9 0
      vertex -10.6 73.1 0
      vertex -13.1 73.1 0
    endloop
  endfacet
  facet normal 0 0 -1
    outer loop
      vertex -13.1 65.1 0
      vertex -18.1 67.7 0
      vertex -13.1 73.1 0
    endloop
  endfacet
  facet normal 0 0 -1
    outer loop
      vertex -69.6 79.9 0
      vertex -18.1 67.7 0
      vertex -64.6 67.7 0
    endloop
  endfacet
  facet normal 0 0 -1
    outer loop
      vertex -18.1 67.7 0
      vertex -69.6 79.9 0
      vertex -13.1 73.1 0
    endloop
  endfacet
  facet normal 0 0 -1
    outer loop
      vertex -69.6 79.9 0
      vertex -64.6 67.7 0
      vertex -69.6 9 0
    endloop
  endfacet
  facet normal 0 0 -1
    outer loop
      vertex -10.6 73.1 0
      vertex -69.6 79.9 0
      vertex 126.5 88.9 0
    endloop
  endfacet
  facet normal 0 0 -1
    outer loop
      vertex -126.5 88.9 0
      vertex -69.6 79.9 0
      vertex -88.4 79.9 0
    endloop
  endfacet
  facet normal 0 0 -1
    outer loop
      vertex -118.774 51.1589 0
      vertex -88.4 79.9 0
      vertex -118.75 50.8 0
    endloop
  endfacet
  facet normal 0 0 -1
    outer loop
      vertex -118.774 82.909 0
      vertex -88.4 79.9 0
      vertex -118.75 82.55 0
    endloop
  endfacet
  facet normal 0 0 -1
    outer loop
      vertex -118.844 83.2617 0
      vertex -88.4 79.9 0
      vertex -118.774 82.909 0
    endloop
  endfacet
  facet normal 0 0 -1
    outer loop
      vertex -118.959 83.6024 0
      vertex -88.4 79.9 0
      vertex -118.844 83.2617 0
    endloop
  endfacet
  facet normal 0 0 -1
    outer loop
      vertex -119.118 83.925 0
      vertex -88.4 79.9 0
      vertex -118.959 83.6024 0
    endloop
  endfacet
  facet normal 0 0 -1
    outer loop
      vertex -119.318 84.2241 0
      vertex -88.4 79.9 0
      vertex -119.118 83.925 0
    endloop
  endfacet
  facet normal 0 0 -1
    outer loop
      vertex -119.555 84.4945 0
      vertex -88.4 79.9 0
      vertex -119.318 84.2241 0
    endloop
  endfacet
  facet normal 0 0 -1
    outer loop
      vertex -119.826 84.7317 0
      vertex -88.4 79.9 0
      vertex -119.555 84.4945 0
    endloop
  endfacet
  facet normal 0 0 -1
    outer loop
      vertex -120.125 84.9316 0
      vertex -88.4 79.9 0
      vertex -119.826 84.7317 0
    endloop
  endfacet
  facet normal 0 0 -1
    outer loop
      vertex -126.5 88.9 0
      vertex -88.4 79.9 0
      vertex -120.125 84.9316 0
    endloop
  endfacet
  facet normal 0 0 -1
    outer loop
      vertex -126.5 88.9 0
      vertex -120.125 84.9316 0
      vertex -120.448 85.0907 0
    endloop
  endfacet
  facet normal 0 0 -1
    outer loop
      vertex -126.5 88.9 0
      vertex -120.448 85.0907 0
      vertex -120.788 85.2063 0
    endloop
  endfacet
  facet normal 0 0 -1
    outer loop
      vertex -126.5 88.9 0
      vertex -120.788 85.2063 0
      vertex -121.141 85.2765 0
    endloop
  endfacet
  facet normal 0 0 -1
    outer loop
      vertex -126.5 88.9 0
      vertex -121.141 85.2765 0
      vertex -121.5 85.3 0
    endloop
  endfacet
  facet normal 0 0 -1
    outer loop
      vertex -69.6 79.9 0
      vertex -126.5 88.9 0
      vertex 126.5 88.9 0
    endloop
  endfacet
  facet normal 0 0 -1
    outer loop
      vertex -121.859 85.2765 0
      vertex -126.5 88.9 0
      vertex -121.5 85.3 0
    endloop
  endfacet
  facet normal 0 0 -1
    outer loop
      vertex -122.212 85.2063 0
      vertex -126.5 88.9 0
      vertex -121.859 85.2765 0
    endloop
  endfacet
  facet normal 0 0 -1
    outer loop
      vertex -122.552 85.0907 0
      vertex -126.5 88.9 0
      vertex -122.212 85.2063 0
    endloop
  endfacet
  facet normal 0 0 -1
    outer loop
      vertex -122.875 84.9316 0
      vertex -126.5 88.9 0
      vertex -122.552 85.0907 0
    endloop
  endfacet
  facet normal 0 0 -1
    outer loop
      vertex -123.174 84.7317 0
      vertex -126.5 88.9 0
      vertex -122.875 84.9316 0
    endloop
  endfacet
  facet normal 0 0 -1
    outer loop
      vertex -123.445 84.4945 0
      vertex -126.5 88.9 0
      vertex -123.174 84.7317 0
    endloop
  endfacet
  facet normal 0 0 -1
    outer loop
      vertex -123.682 84.2241 0
      vertex -126.5 88.9 0
      vertex -123.445 84.4945 0
    endloop
  endfacet
  facet normal 0 0 -1
    outer loop
      vertex -123.882 83.925 0
      vertex -126.5 88.9 0
      vertex -123.682 84.2241 0
    endloop
  endfacet
  facet normal 0 0 -1
    outer loop
      vertex -124.041 83.6024 0
      vertex -126.5 88.9 0
      vertex -123.882 83.925 0
    endloop
  endfacet
  facet normal 0 0 -1
    outer loop
      vertex -124.156 83.2617 0
      vertex -126.5 88.9 0
      vertex -124.041 83.6024 0
    endloop
  endfacet
  facet normal 0 0 -1
    outer loop
      vertex -124.226 82.909 0
      vertex -126.5 88.9 0
      vertex -124.156 83.2617 0
    endloop
  endfacet
  facet normal 0 0 -1
    outer loop
      vertex -124.25 82.55 0
      vertex -126.5 88.9 0
      vertex -124.226 82.909 0
    endloop
  endfacet
  facet normal 0 0 -1
    outer loop
      vertex -124.226 82.1911 0
      vertex -126.5 88.9 0
      vertex -124.25 82.55 0
    endloop
  endfacet
  facet normal 0 0 -1
    outer loop
      vertex 93.7863 29.6588 0
      vertex 100.9 32.75 0
      vertex 93.8 29.45 0
    endloop
  endfacet
  facet normal 0 0 -1
    outer loop
      vertex 93.7455 29.8641 0
      vertex 100.9 32.75 0
      vertex 93.7863 29.6588 0
    endloop
  endfacet
  facet normal 0 0 -1
    outer loop
      vertex 93.6782 30.0623 0
      vertex 100.9 32.75 0
      vertex 93.7455 29.8641 0
    endloop
  endfacet
  facet normal 0 0 -1
    outer loop
      vertex 93.5856 30.25 0
      vertex 100.9 32.75 0
      vertex 93.6782 30.0623 0
    endloop
  endfacet
  facet normal 0 0 -1
    outer loop
      vertex 93.4694 30.424 0
      vertex 100.9 32.75 0
      vertex 93.5856 30.25 0
    endloop
  endfacet
  facet normal 0 0 -1
    outer loop
      vertex 93.3314 30.5814 0
      vertex 100.9 32.75 0
      vertex 93.4694 30.424 0
    endloop
  endfacet
  facet normal 0 0 -1
    outer loop
      vertex 93.174 30.7194 0
      vertex 100.9 32.75 0
      vertex 93.3314 30.5814 0
    endloop
  endfacet
  facet normal 0 0 -1
    outer loop
      vertex 93 30.8356 0
      vertex 100.9 32.75 0
      vertex 93.174 30.7194 0
    endloop
  endfacet
  facet normal 0 0 -1
    outer loop
      vertex 92.8123 30.9282 0
      vertex 100.9 32.75 0
      vertex 93 30.8356 0
    endloop
  endfacet
  facet normal 0 0 -1
    outer loop
      vertex 92.6141 30.9955 0
      vertex 100.9 32.75 0
      vertex 92.8123 30.9282 0
    endloop
  endfacet
  facet normal 0 0 -1
    outer loop
      vertex 92.4088 31.0363 0
      vertex 100.9 32.75 0
      vertex 92.6141 30.9955 0
    endloop
  endfacet
  facet normal 0 0 -1
    outer loop
      vertex 92.2 31.05 0
      vertex 100.9 32.75 0
      vertex 92.4088 31.0363 0
    endloop
  endfacet
  facet normal 0 0 -1
    outer loop
      vertex 83.5 32.75 0
      vertex 92.2 31.05 0
      vertex 91.9912 31.0363 0
    endloop
  endfacet
  facet normal 0 0 -1
    outer loop
      vertex 92.2 31.05 0
      vertex 83.5 32.75 0
      vertex 100.9 32.75 0
    endloop
  endfacet
  facet normal 0 0 -1
    outer loop
      vertex 91.7859 30.9955 0
      vertex 83.5 32.75 0
      vertex 91.9912 31.0363 0
    endloop
  endfacet
  facet normal 0 0 -1
    outer loop
      vertex 91.5877 30.9282 0
      vertex 83.5 32.75 0
      vertex 91.7859 30.9955 0
    endloop
  endfacet
  facet normal 0 0 -1
    outer loop
      vertex 91.4 30.8356 0
      vertex 83.5 32.75 0
      vertex 91.5877 30.9282 0
    endloop
  endfacet
  facet normal 0 0 -1
    outer loop
      vertex 91.226 30.7194 0
      vertex 83.5 32.75 0
      vertex 91.4 30.8356 0
    endloop
  endfacet
  facet normal 0 0 -1
    outer loop
      vertex 91.0686 30.5814 0
      vertex 83.5 32.75 0
      vertex 91.226 30.7194 0
    endloop
  endfacet
  facet normal 0 0 -1
    outer loop
      vertex 90.9306 30.424 0
      vertex 83.5 32.75 0
      vertex 91.0686 30.5814 0
    endloop
  endfacet
  facet normal 0 0 -1
    outer loop
      vertex 90.8144 30.25 0
      vertex 83.5 32.75 0
      vertex 90.9306 30.424 0
    endloop
  endfacet
  facet normal 0 0 -1
    outer loop
      vertex 90.7218 30.0623 0
      vertex 83.5 32.75 0
      vertex 90.8144 30.25 0
    endloop
  endfacet
  facet normal 0 0 -1
    outer loop
      vertex 90.6545 29.8641 0
      vertex 83.5 32.75 0
      vertex 90.7218 30.0623 0
    endloop
  endfacet
  facet normal 0 0 -1
    outer loop
      vertex 90.6137 29.6588 0
      vertex 83.5 32.75 0
      vertex 90.6545 29.8641 0
    endloop
  endfacet
  facet normal 0 0 -1
    outer loop
      vertex 83.5 32.75 0
      vertex 90.6137 29.6588 0
      vertex 90.6 29.45 0
    endloop
  endfacet
  facet normal 0 -1 0
    outer loop
      vertex -126.5 0 0
      vertex 126.5 0 3
      vertex -126.5 0 3
    endloop
  endfacet
  facet normal 0 -1 -0
    outer loop
      vertex 126.5 0 3
      vertex -126.5 0 0
      vertex 126.5 0 0
    endloop
  endfacet
  facet normal 0.980781 0.195111 0
    outer loop
      vertex 5.40223 29.3236 3
      vertex 5.32568 29.7084 0
      vertex 5.32568 29.7084 3
    endloop
  endfacet
  facet normal 0.980781 0.195111 0
    outer loop
      vertex 5.32568 29.7084 0
      vertex 5.40223 29.3236 3
      vertex 5.40223 29.3236 0
    endloop
  endfacet
  facet normal 0.946939 0.321414 0
    outer loop
      vertex 5.52836 28.952 3
      vertex 5.40223 29.3236 0
      vertex 5.40223 29.3236 3
    endloop
  endfacet
  facet normal 0.946939 0.321414 0
    outer loop
      vertex 5.40223 29.3236 0
      vertex 5.52836 28.952 3
      vertex 5.52836 28.952 0
    endloop
  endfacet
  facet normal 0.89689 0.442253 0
    outer loop
      vertex 5.70193 28.6 3
      vertex 5.52836 28.952 0
      vertex 5.52836 28.952 3
    endloop
  endfacet
  facet normal 0.89689 0.442253 0
    outer loop
      vertex 5.52836 28.952 0
      vertex 5.70193 28.6 3
      vertex 5.70193 28.6 0
    endloop
  endfacet
  facet normal -0.946858 -0.321651 0
    outer loop
      vertex 59.1978 59.5765 0
      vertex 59.0716 59.948 3
      vertex 59.0716 59.948 0
    endloop
  endfacet
  facet normal -0.946858 -0.321651 0
    outer loop
      vertex 59.0716 59.948 3
      vertex 59.1978 59.5765 0
      vertex 59.1978 59.5765 3
    endloop
  endfacet
  facet normal 0.65944 -0.751757 0
    outer loop
      vertex 6.17869 60.9213 0
      vertex 6.47372 61.1801 3
      vertex 6.17869 60.9213 3
    endloop
  endfacet
  facet normal 0.65944 -0.751757 0
    outer loop
      vertex 6.47372 61.1801 3
      vertex 6.17869 60.9213 0
      vertex 6.47372 61.1801 0
    endloop
  endfacet
  facet normal 1 -0 0
    outer loop
      vertex 5.3 30.1 3
      vertex 5.3 58.8 0
      vertex 5.3 58.8 3
    endloop
  endfacet
  facet normal 1 0 0
    outer loop
      vertex 5.3 58.8 0
      vertex 5.3 30.1 3
      vertex 5.3 30.1 0
    endloop
  endfacet
  facet normal -0.997853 0.0654873 0
    outer loop
      vertex 59.2743 29.7084 0
      vertex 59.3 30.1 3
      vertex 59.3 30.1 0
    endloop
  endfacet
  facet normal -0.997853 0.0654873 0
    outer loop
      vertex 59.3 30.1 3
      vertex 59.2743 29.7084 0
      vertex 59.2743 29.7084 3
    endloop
  endfacet
  facet normal 0.997857 0.0654366 0
    outer loop
      vertex 5.32568 29.7084 3
      vertex 5.3 30.1 0
      vertex 5.3 30.1 3
    endloop
  endfacet
  facet normal 0.997857 0.0654366 0
    outer loop
      vertex 5.3 30.1 0
      vertex 5.32568 29.7084 3
      vertex 5.32568 29.7084 0
    endloop
  endfacet
  facet normal 0.997857 -0.0654366 0
    outer loop
      vertex 5.3 58.8 3
      vertex 5.32568 59.1916 0
      vertex 5.32568 59.1916 3
    endloop
  endfacet
  facet normal 0.997857 -0.0654366 0
    outer loop
      vertex 5.32568 59.1916 0
      vertex 5.3 58.8 3
      vertex 5.3 58.8 0
    endloop
  endfacet
  facet normal -1 0 0
    outer loop
      vertex 59.3 30.1 0
      vertex 59.3 58.8 3
      vertex 59.3 58.8 0
    endloop
  endfacet
  facet normal -1 -0 0
    outer loop
      vertex 59.3 58.8 3
      vertex 59.3 30.1 0
      vertex 59.3 30.1 3
    endloop
  endfacet
  facet normal 0 -1 0
    outer loop
      vertex 8.3 61.8 0
      vertex 56.3 61.8 3
      vertex 8.3 61.8 3
    endloop
  endfacet
  facet normal 0 -1 -0
    outer loop
      vertex 56.3 61.8 3
      vertex 8.3 61.8 0
      vertex 56.3 61.8 0
    endloop
  endfacet
  facet normal 0.89689 -0.442253 0
    outer loop
      vertex 5.52836 59.948 3
      vertex 5.70193 60.3 0
      vertex 5.70193 60.3 3
    endloop
  endfacet
  facet normal 0.89689 -0.442253 0
    outer loop
      vertex 5.70193 60.3 0
      vertex 5.52836 59.948 3
      vertex 5.52836 59.948 0
    endloop
  endfacet
  facet normal -0.997853 -0.0654873 0
    outer loop
      vertex 59.3 58.8 0
      vertex 59.2743 59.1916 3
      vertex 59.2743 59.1916 0
    endloop
  endfacet
  facet normal -0.997853 -0.0654873 0
    outer loop
      vertex 59.2743 59.1916 3
      vertex 59.3 58.8 0
      vertex 59.3 58.8 3
    endloop
  endfacet
  facet normal 0 1 -0
    outer loop
      vertex 56.3 27.1 0
      vertex 8.3 27.1 3
      vertex 56.3 27.1 3
    endloop
  endfacet
  facet normal 0 1 0
    outer loop
      vertex 8.3 27.1 3
      vertex 56.3 27.1 0
      vertex 8.3 27.1 0
    endloop
  endfacet
  facet normal -0.44211 0.896961 0
    outer loop
      vertex 57.8 27.5019 0
      vertex 57.448 27.3284 3
      vertex 57.8 27.5019 3
    endloop
  endfacet
  facet normal -0.44211 0.896961 0
    outer loop
      vertex 57.448 27.3284 3
      vertex 57.8 27.5019 0
      vertex 57.448 27.3284 0
    endloop
  endfacet
  facet normal -0.75185 0.659334 0
    outer loop
      vertex 58.4213 27.9787 0
      vertex 58.68 28.2737 3
      vertex 58.68 28.2737 0
    endloop
  endfacet
  facet normal -0.75185 0.659334 0
    outer loop
      vertex 58.68 28.2737 3
      vertex 58.4213 27.9787 0
      vertex 58.4213 27.9787 3
    endloop
  endfacet
  facet normal -0.0654873 -0.997853 0
    outer loop
      vertex 56.3 61.8 0
      vertex 56.6916 61.7743 3
      vertex 56.3 61.8 3
    endloop
  endfacet
  facet normal -0.0654873 -0.997853 -0
    outer loop
      vertex 56.6916 61.7743 3
      vertex 56.3 61.8 0
      vertex 56.6916 61.7743 0
    endloop
  endfacet
  facet normal -0.194989 -0.980806 0
    outer loop
      vertex 56.6916 61.7743 0
      vertex 57.0764 61.6978 3
      vertex 56.6916 61.7743 3
    endloop
  endfacet
  facet normal -0.194989 -0.980806 -0
    outer loop
      vertex 57.0764 61.6978 3
      vertex 56.6916 61.7743 0
      vertex 57.0764 61.6978 0
    endloop
  endfacet
  facet normal -0.75185 -0.659334 0
    outer loop
      vertex 58.68 60.6263 0
      vertex 58.4213 60.9213 3
      vertex 58.4213 60.9213 0
    endloop
  endfacet
  facet normal -0.75185 -0.659334 0
    outer loop
      vertex 58.4213 60.9213 3
      vertex 58.68 60.6263 0
      vertex 58.68 60.6263 3
    endloop
  endfacet
  facet normal 0.44215 -0.896941 0
    outer loop
      vertex 6.8 61.3981 0
      vertex 7.15196 61.5716 3
      vertex 6.8 61.3981 3
    endloop
  endfacet
  facet normal 0.44215 -0.896941 0
    outer loop
      vertex 7.15196 61.5716 3
      vertex 6.8 61.3981 0
      vertex 7.15196 61.5716 0
    endloop
  endfacet
  facet normal 0.980791 -0.195062 0
    outer loop
      vertex 5.32568 59.1916 3
      vertex 5.40223 59.5765 0
      vertex 5.40223 59.5765 3
    endloop
  endfacet
  facet normal 0.980791 -0.195062 0
    outer loop
      vertex 5.40223 59.5765 0
      vertex 5.32568 59.1916 3
      vertex 5.32568 59.1916 0
    endloop
  endfacet
  facet normal 0.946912 -0.321491 0
    outer loop
      vertex 5.40223 59.5765 3
      vertex 5.52836 59.948 0
      vertex 5.52836 59.948 3
    endloop
  endfacet
  facet normal 0.946912 -0.321491 0
    outer loop
      vertex 5.52836 59.948 0
      vertex 5.40223 59.5765 3
      vertex 5.40223 59.5765 0
    endloop
  endfacet
  facet normal 0.831477 -0.555558 0
    outer loop
      vertex 5.70193 60.3 3
      vertex 5.91995 60.6263 0
      vertex 5.91995 60.6263 3
    endloop
  endfacet
  facet normal 0.831477 -0.555558 0
    outer loop
      vertex 5.91995 60.6263 0
      vertex 5.70193 60.3 3
      vertex 5.70193 60.3 0
    endloop
  endfacet
  facet normal 0.751799 -0.659392 0
    outer loop
      vertex 5.91995 60.6263 3
      vertex 6.17869 60.9213 0
      vertex 6.17869 60.9213 3
    endloop
  endfacet
  facet normal 0.751799 -0.659392 0
    outer loop
      vertex 6.17869 60.9213 0
      vertex 5.91995 60.6263 3
      vertex 5.91995 60.6263 0
    endloop
  endfacet
  facet normal 0.555547 -0.831485 0
    outer loop
      vertex 6.47372 61.1801 0
      vertex 6.8 61.3981 3
      vertex 6.47372 61.1801 3
    endloop
  endfacet
  facet normal 0.555547 -0.831485 0
    outer loop
      vertex 6.8 61.3981 3
      vertex 6.47372 61.1801 0
      vertex 6.8 61.3981 0
    endloop
  endfacet
  facet normal -0.980815 -0.19494 0
    outer loop
      vertex 59.2743 59.1916 0
      vertex 59.1978 59.5765 3
      vertex 59.1978 59.5765 0
    endloop
  endfacet
  facet normal -0.980815 -0.19494 0
    outer loop
      vertex 59.1978 59.5765 3
      vertex 59.2743 59.1916 0
      vertex 59.2743 59.1916 3
    endloop
  endfacet
  facet normal 0.44215 0.896941 -0
    outer loop
      vertex 7.15196 27.3284 0
      vertex 6.8 27.5019 3
      vertex 7.15196 27.3284 3
    endloop
  endfacet
  facet normal 0.44215 0.896941 0
    outer loop
      vertex 6.8 27.5019 3
      vertex 7.15196 27.3284 0
      vertex 6.8 27.5019 0
    endloop
  endfacet
  facet normal 0.194955 0.980812 -0
    outer loop
      vertex 7.90843 27.1257 0
      vertex 7.52356 27.2022 3
      vertex 7.90843 27.1257 3
    endloop
  endfacet
  facet normal 0.194955 0.980812 0
    outer loop
      vertex 7.52356 27.2022 3
      vertex 7.90843 27.1257 0
      vertex 7.52356 27.2022 0
    endloop
  endfacet
  facet normal -0.555523 0.831501 0
    outer loop
      vertex 58.1263 27.7199 0
      vertex 57.8 27.5019 3
      vertex 58.1263 27.7199 3
    endloop
  endfacet
  facet normal -0.555523 0.831501 0
    outer loop
      vertex 57.8 27.5019 3
      vertex 58.1263 27.7199 0
      vertex 57.8 27.5019 0
    endloop
  endfacet
  facet normal -0.896961 0.44211 0
    outer loop
      vertex 58.8981 28.6 0
      vertex 59.0716 28.952 3
      vertex 59.0716 28.952 0
    endloop
  endfacet
  facet normal -0.896961 0.44211 0
    outer loop
      vertex 59.0716 28.952 3
      vertex 58.8981 28.6 0
      vertex 58.8981 28.6 3
    endloop
  endfacet
  facet normal -0.831383 0.555699 0
    outer loop
      vertex 58.68 28.2737 0
      vertex 58.8981 28.6 3
      vertex 58.8981 28.6 0
    endloop
  endfacet
  facet normal -0.831383 0.555699 0
    outer loop
      vertex 58.8981 28.6 3
      vertex 58.68 28.2737 0
      vertex 58.68 28.2737 3
    endloop
  endfacet
  facet normal -0.321574 0.946885 0
    outer loop
      vertex 57.448 27.3284 0
      vertex 57.0764 27.2022 3
      vertex 57.448 27.3284 3
    endloop
  endfacet
  facet normal -0.321574 0.946885 0
    outer loop
      vertex 57.0764 27.2022 3
      vertex 57.448 27.3284 0
      vertex 57.0764 27.2022 0
    endloop
  endfacet
  facet normal 0.0654923 0.997853 -0
    outer loop
      vertex 8.3 27.1 0
      vertex 7.90843 27.1257 3
      vertex 8.3 27.1 3
    endloop
  endfacet
  facet normal 0.0654923 0.997853 0
    outer loop
      vertex 7.90843 27.1257 3
      vertex 8.3 27.1 0
      vertex 7.90843 27.1257 0
    endloop
  endfacet
  facet normal 0.65944 0.751757 -0
    outer loop
      vertex 6.47372 27.7199 0
      vertex 6.17869 27.9787 3
      vertex 6.47372 27.7199 3
    endloop
  endfacet
  facet normal 0.65944 0.751757 0
    outer loop
      vertex 6.17869 27.9787 3
      vertex 6.47372 27.7199 0
      vertex 6.17869 27.9787 0
    endloop
  endfacet
  facet normal 0.555547 0.831485 -0
    outer loop
      vertex 6.8 27.5019 0
      vertex 6.47372 27.7199 3
      vertex 6.8 27.5019 3
    endloop
  endfacet
  facet normal 0.555547 0.831485 0
    outer loop
      vertex 6.47372 27.7199 3
      vertex 6.8 27.5019 0
      vertex 6.47372 27.7199 0
    endloop
  endfacet
  facet normal -0.980806 0.194989 0
    outer loop
      vertex 59.1978 29.3236 0
      vertex 59.2743 29.7084 3
      vertex 59.2743 29.7084 0
    endloop
  endfacet
  facet normal -0.980806 0.194989 0
    outer loop
      vertex 59.2743 29.7084 3
      vertex 59.1978 29.3236 0
      vertex 59.1978 29.3236 3
    endloop
  endfacet
  facet normal -0.659478 0.751724 0
    outer loop
      vertex 58.4213 27.9787 0
      vertex 58.1263 27.7199 3
      vertex 58.4213 27.9787 3
    endloop
  endfacet
  facet normal -0.659478 0.751724 0
    outer loop
      vertex 58.1263 27.7199 3
      vertex 58.4213 27.9787 0
      vertex 58.1263 27.7199 0
    endloop
  endfacet
  facet normal -0.555523 -0.831501 0
    outer loop
      vertex 57.8 61.3981 0
      vertex 58.1263 61.1801 3
      vertex 57.8 61.3981 3
    endloop
  endfacet
  facet normal -0.555523 -0.831501 -0
    outer loop
      vertex 58.1263 61.1801 3
      vertex 57.8 61.3981 0
      vertex 58.1263 61.1801 0
    endloop
  endfacet
  facet normal -0.321574 -0.946885 0
    outer loop
      vertex 57.0764 61.6978 0
      vertex 57.448 61.5716 3
      vertex 57.0764 61.6978 3
    endloop
  endfacet
  facet normal -0.321574 -0.946885 -0
    outer loop
      vertex 57.448 61.5716 3
      vertex 57.0764 61.6978 0
      vertex 57.448 61.5716 0
    endloop
  endfacet
  facet normal -0.659478 -0.751724 0
    outer loop
      vertex 58.1263 61.1801 0
      vertex 58.4213 60.9213 3
      vertex 58.1263 61.1801 3
    endloop
  endfacet
  facet normal -0.659478 -0.751724 -0
    outer loop
      vertex 58.4213 60.9213 3
      vertex 58.1263 61.1801 0
      vertex 58.4213 60.9213 0
    endloop
  endfacet
  facet normal -0.831383 -0.555699 0
    outer loop
      vertex 58.8981 60.3 0
      vertex 58.68 60.6263 3
      vertex 58.68 60.6263 0
    endloop
  endfacet
  facet normal -0.831383 -0.555699 0
    outer loop
      vertex 58.68 60.6263 3
      vertex 58.8981 60.3 0
      vertex 58.8981 60.3 3
    endloop
  endfacet
  facet normal -0.896961 -0.44211 0
    outer loop
      vertex 59.0716 59.948 0
      vertex 58.8981 60.3 3
      vertex 58.8981 60.3 0
    endloop
  endfacet
  facet normal -0.896961 -0.44211 0
    outer loop
      vertex 58.8981 60.3 3
      vertex 59.0716 59.948 0
      vertex 59.0716 59.948 3
    endloop
  endfacet
  facet normal 0.321574 -0.946885 0
    outer loop
      vertex 7.15196 61.5716 0
      vertex 7.52356 61.6978 3
      vertex 7.15196 61.5716 3
    endloop
  endfacet
  facet normal 0.321574 -0.946885 0
    outer loop
      vertex 7.52356 61.6978 3
      vertex 7.15196 61.5716 0
      vertex 7.52356 61.6978 0
    endloop
  endfacet
  facet normal 0.194955 -0.980812 0
    outer loop
      vertex 7.52356 61.6978 0
      vertex 7.90843 61.7743 3
      vertex 7.52356 61.6978 3
    endloop
  endfacet
  facet normal 0.194955 -0.980812 0
    outer loop
      vertex 7.90843 61.7743 3
      vertex 7.52356 61.6978 0
      vertex 7.90843 61.7743 0
    endloop
  endfacet
  facet normal 0.0654923 -0.997853 0
    outer loop
      vertex 7.90843 61.7743 0
      vertex 8.3 61.8 3
      vertex 7.90843 61.7743 3
    endloop
  endfacet
  facet normal 0.0654923 -0.997853 0
    outer loop
      vertex 8.3 61.8 3
      vertex 7.90843 61.7743 0
      vertex 8.3 61.8 0
    endloop
  endfacet
  facet normal -0.194989 0.980806 0
    outer loop
      vertex 57.0764 27.2022 0
      vertex 56.6916 27.1257 3
      vertex 57.0764 27.2022 3
    endloop
  endfacet
  facet normal -0.194989 0.980806 0
    outer loop
      vertex 56.6916 27.1257 3
      vertex 57.0764 27.2022 0
      vertex 56.6916 27.1257 0
    endloop
  endfacet
  facet normal -0.0654873 0.997853 0
    outer loop
      vertex 56.6916 27.1257 0
      vertex 56.3 27.1 3
      vertex 56.6916 27.1257 3
    endloop
  endfacet
  facet normal -0.0654873 0.997853 0
    outer loop
      vertex 56.3 27.1 3
      vertex 56.6916 27.1257 0
      vertex 56.3 27.1 0
    endloop
  endfacet
  facet normal 0.321574 0.946885 -0
    outer loop
      vertex 7.52356 27.2022 0
      vertex 7.15196 27.3284 3
      vertex 7.52356 27.2022 3
    endloop
  endfacet
  facet normal 0.321574 0.946885 0
    outer loop
      vertex 7.15196 27.3284 3
      vertex 7.52356 27.2022 0
      vertex 7.15196 27.3284 0
    endloop
  endfacet
  facet normal 0.751799 0.659392 0
    outer loop
      vertex 6.17869 27.9787 3
      vertex 5.91995 28.2737 0
      vertex 5.91995 28.2737 3
    endloop
  endfacet
  facet normal 0.751799 0.659392 0
    outer loop
      vertex 5.91995 28.2737 0
      vertex 6.17869 27.9787 3
      vertex 6.17869 27.9787 0
    endloop
  endfacet
  facet normal 0.831477 0.555558 0
    outer loop
      vertex 5.91995 28.2737 3
      vertex 5.70193 28.6 0
      vertex 5.70193 28.6 3
    endloop
  endfacet
  facet normal 0.831477 0.555558 0
    outer loop
      vertex 5.70193 28.6 0
      vertex 5.91995 28.2737 3
      vertex 5.91995 28.2737 0
    endloop
  endfacet
  facet normal -0.946885 0.321574 0
    outer loop
      vertex 59.0716 28.952 0
      vertex 59.1978 29.3236 3
      vertex 59.1978 29.3236 0
    endloop
  endfacet
  facet normal -0.946885 0.321574 0
    outer loop
      vertex 59.1978 29.3236 3
      vertex 59.0716 28.952 0
      vertex 59.0716 28.952 3
    endloop
  endfacet
  facet normal -0.44211 -0.896961 0
    outer loop
      vertex 57.448 61.5716 0
      vertex 57.8 61.3981 3
      vertex 57.448 61.5716 3
    endloop
  endfacet
  facet normal -0.44211 -0.896961 -0
    outer loop
      vertex 57.8 61.3981 3
      vertex 57.448 61.5716 0
      vertex 57.8 61.3981 0
    endloop
  endfacet
  facet normal 1 0 0
    outer loop
      vertex -85.9 11.5 0
      vertex -85.9 77.4 0
      vertex -85.9 77.4 3
    endloop
  endfacet
  facet normal 1 0 0
    outer loop
      vertex -85.9 11.5 0
      vertex -85.9 77.4 3
      vertex -85.9 11.5 3
    endloop
  endfacet
  facet normal 1 0 0
    outer loop
      vertex -85.9 77.4 0
      vertex -85.9 11.5 0
      vertex -85.9 77.4 -30
    endloop
  endfacet
  facet normal 1 0 0
    outer loop
      vertex -85.9 77.4 -30
      vertex -85.9 11.5 0
      vertex -85.9 11.5 -30
    endloop
  endfacet
  facet normal -1 0 0
    outer loop
      vertex -72.1 11.5 0
      vertex -72.1 77.4 3
      vertex -72.1 77.4 0
    endloop
  endfacet
  facet normal -1 -0 0
    outer loop
      vertex -72.1 77.4 3
      vertex -72.1 11.5 0
      vertex -72.1 11.5 3
    endloop
  endfacet
  facet normal 0 1 -0
    outer loop
      vertex -72.1 11.5 0
      vertex -85.9 11.5 3
      vertex -72.1 11.5 3
    endloop
  endfacet
  facet normal 0 1 0
    outer loop
      vertex -85.9 11.5 3
      vertex -72.1 11.5 0
      vertex -85.9 11.5 0
    endloop
  endfacet
  facet normal 0 -1 0
    outer loop
      vertex -85.9 77.4 0
      vertex -72.1 77.4 3
      vertex -85.9 77.4 3
    endloop
  endfacet
  facet normal 0 -1 -0
    outer loop
      vertex -72.1 77.4 3
      vertex -85.9 77.4 0
      vertex -72.1 77.4 0
    endloop
  endfacet
  facet normal 1 -0 0
    outer loop
      vertex -62.1 23.7 3
      vertex -62.1 65.2 -16.54
      vertex -62.1 65.2 3
    endloop
  endfacet
  facet normal 1 0 0
    outer loop
      vertex -62.1 65.2 -16.54
      vertex -62.1 23.7 3
      vertex -62.1 23.7 -16.54
    endloop
  endfacet
  facet normal -1 0 0
    outer loop
      vertex -20.6 23.7 -16.54
      vertex -20.6 65.2 3
      vertex -20.6 65.2 -16.54
    endloop
  endfacet
  facet normal -1 -0 0
    outer loop
      vertex -20.6 65.2 3
      vertex -20.6 23.7 -16.54
      vertex -20.6 23.7 3
    endloop
  endfacet
  facet normal 0 -1 0
    outer loop
      vertex -62.1 65.2 -16.54
      vertex -20.6 65.2 3
      vertex -62.1 65.2 3
    endloop
  endfacet
  facet normal 0 -1 -0
    outer loop
      vertex -20.6 65.2 3
      vertex -62.1 65.2 -16.54
      vertex -20.6 65.2 -16.54
    endloop
  endfacet
  facet normal 0 1 -0
    outer loop
      vertex -20.6 23.7 -16.54
      vertex -62.1 23.7 3
      vertex -20.6 23.7 3
    endloop
  endfacet
  facet normal 0 1 0
    outer loop
      vertex -62.1 23.7 3
      vertex -20.6 23.7 -16.54
      vertex -62.1 23.7 -16.54
    endloop
  endfacet
  facet normal 1 -0 0
    outer loop
      vertex 83.5 32.75 3
      vertex 83.5 56.15 0
      vertex 83.5 56.15 3
    endloop
  endfacet
  facet normal 1 0 0
    outer loop
      vertex 83.5 56.15 0
      vertex 83.5 32.75 3
      vertex 83.5 32.75 0
    endloop
  endfacet
  facet normal -1 0 0
    outer loop
      vertex 100.9 32.75 0
      vertex 100.9 56.15 3
      vertex 100.9 56.15 0
    endloop
  endfacet
  facet normal -1 -0 0
    outer loop
      vertex 100.9 56.15 3
      vertex 100.9 32.75 0
      vertex 100.9 32.75 3
    endloop
  endfacet
  facet normal 0 1 -0
    outer loop
      vertex 100.9 32.75 0
      vertex 83.5 32.75 3
      vertex 100.9 32.75 3
    endloop
  endfacet
  facet normal 0 1 0
    outer loop
      vertex 83.5 32.75 3
      vertex 100.9 32.75 0
      vertex 83.5 32.75 0
    endloop
  endfacet
  facet normal 0 -1 0
    outer loop
      vertex 83.5 56.15 0
      vertex 100.9 56.15 3
      vertex 83.5 56.15 3
    endloop
  endfacet
  facet normal 0 -1 -0
    outer loop
      vertex 100.9 56.15 3
      vertex 83.5 56.15 0
      vertex 100.9 56.15 0
    endloop
  endfacet
  facet normal 1 -0 0
    outer loop
      vertex -10.6 15.8 0
      vertex -10.6 23.8 -17
      vertex -10.6 23.8 0
    endloop
  endfacet
  facet normal 1 0 0
    outer loop
      vertex -10.6 23.8 -17
      vertex -10.6 15.8 0
      vertex -10.6 15.8 -17
    endloop
  endfacet
  facet normal -1 0 0
    outer loop
      vertex -13.1 15.8 -18.5
      vertex -13.1 23.8 0
      vertex -13.1 23.8 -18.5
    endloop
  endfacet
  facet normal -1 -0 0
    outer loop
      vertex -13.1 23.8 0
      vertex -13.1 15.8 -18.5
      vertex -13.1 15.8 0
    endloop
  endfacet
  facet normal 0 1 0
    outer loop
      vertex -9.1 23.8 -17
      vertex -9.1 23.8 -18.5
      vertex -10.6 23.8 -17
    endloop
  endfacet
  facet normal 0 1 -0
    outer loop
      vertex -10.6 23.8 -17
      vertex -13.1 23.8 0
      vertex -10.6 23.8 0
    endloop
  endfacet
  facet normal 0 1 0
    outer loop
      vertex -10.6 23.8 -17
      vertex -13.1 23.8 -18.5
      vertex -13.1 23.8 0
    endloop
  endfacet
  facet normal 0 1 0
    outer loop
      vertex -13.1 23.8 -18.5
      vertex -10.6 23.8 -17
      vertex -9.1 23.8 -18.5
    endloop
  endfacet
  facet normal 0 0 -1
    outer loop
      vertex -13.1 15.8 -18.5
      vertex -9.1 23.8 -18.5
      vertex -9.1 15.8 -18.5
    endloop
  endfacet
  facet normal -0 0 -1
    outer loop
      vertex -9.1 23.8 -18.5
      vertex -13.1 15.8 -18.5
      vertex -13.1 23.8 -18.5
    endloop
  endfacet
  facet normal 0 -1 0
    outer loop
      vertex -13.1 15.8 0
      vertex -10.6 15.8 -17
      vertex -10.6 15.8 0
    endloop
  endfacet
  facet normal 0 -1 0
    outer loop
      vertex -13.1 15.8 -18.5
      vertex -10.6 15.8 -17
      vertex -13.1 15.8 0
    endloop
  endfacet
  facet normal 0 -1 0
    outer loop
      vertex -9.1 15.8 -18.5
      vertex -10.6 15.8 -17
      vertex -13.1 15.8 -18.5
    endloop
  endfacet
  facet normal 0 -1 0
    outer loop
      vertex -10.6 15.8 -17
      vertex -9.1 15.8 -18.5
      vertex -9.1 15.8 -17
    endloop
  endfacet
  facet normal 1 -0 0
    outer loop
      vertex -9.1 15.8 -17
      vertex -9.1 23.8 -18.5
      vertex -9.1 23.8 -17
    endloop
  endfacet
  facet normal 1 0 0
    outer loop
      vertex -9.1 23.8 -18.5
      vertex -9.1 15.8 -17
      vertex -9.1 15.8 -18.5
    endloop
  endfacet
  facet normal -0 0 1
    outer loop
      vertex -10.6 23.8 -17
      vertex -9.1 15.8 -17
      vertex -9.1 23.8 -17
    endloop
  endfacet
  facet normal 0 0 1
    outer loop
      vertex -9.1 15.8 -17
      vertex -10.6 23.8 -17
      vertex -10.6 15.8 -17
    endloop
  endfacet
  facet normal 1 -0 0
    outer loop
      vertex -10.6 65.1 0
      vertex -10.6 73.1 -17
      vertex -10.6 73.1 0
    endloop
  endfacet
  facet normal 1 0 0
    outer loop
      vertex -10.6 73.1 -17
      vertex -10.6 65.1 0
      vertex -10.6 65.1 -17
    endloop
  endfacet
  facet normal -1 0 0
    outer loop
      vertex -13.1 65.1 -18.5
      vertex -13.1 73.1 0
      vertex -13.1 73.1 -18.5
    endloop
  endfacet
  facet normal -1 -0 0
    outer loop
      vertex -13.1 73.1 0
      vertex -13.1 65.1 -18.5
      vertex -13.1 65.1 0
    endloop
  endfacet
  facet normal 0 1 0
    outer loop
      vertex -9.1 73.1 -17
      vertex -9.1 73.1 -18.5
      vertex -10.6 73.1 -17
    endloop
  endfacet
  facet normal 0 1 -0
    outer loop
      vertex -10.6 73.1 -17
      vertex -13.1 73.1 0
      vertex -10.6 73.1 0
    endloop
  endfacet
  facet normal 0 1 0
    outer loop
      vertex -10.6 73.1 -17
      vertex -13.1 73.1 -18.5
      vertex -13.1 73.1 0
    endloop
  endfacet
  facet normal 0 1 0
    outer loop
      vertex -13.1 73.1 -18.5
      vertex -10.6 73.1 -17
      vertex -9.1 73.1 -18.5
    endloop
  endfacet
  facet normal 0 0 -1
    outer loop
      vertex -13.1 65.1 -18.5
      vertex -9.1 73.1 -18.5
      vertex -9.1 65.1 -18.5
    endloop
  endfacet
  facet normal -0 0 -1
    outer loop
      vertex -9.1 73.1 -18.5
      vertex -13.1 65.1 -18.5
      vertex -13.1 73.1 -18.5
    endloop
  endfacet
  facet normal 0 -1 0
    outer loop
      vertex -13.1 65.1 0
      vertex -10.6 65.1 -17
      vertex -10.6 65.1 0
    endloop
  endfacet
  facet normal 0 -1 0
    outer loop
      vertex -13.1 65.1 -18.5
      vertex -10.6 65.1 -17
      vertex -13.1 65.1 0
    endloop
  endfacet
  facet normal 0 -1 0
    outer loop
      vertex -9.1 65.1 -18.5
      vertex -10.6 65.1 -17
      vertex -13.1 65.1 -18.5
    endloop
  endfacet
  facet normal 0 -1 0
    outer loop
      vertex -10.6 65.1 -17
      vertex -9.1 65.1 -18.5
      vertex -9.1 65.1 -17
    endloop
  endfacet
  facet normal 1 -0 0
    outer loop
      vertex -9.1 65.1 -17
      vertex -9.1 73.1 -18.5
      vertex -9.1 73.1 -17
    endloop
  endfacet
  facet normal 1 0 0
    outer loop
      vertex -9.1 73.1 -18.5
      vertex -9.1 65.1 -17
      vertex -9.1 65.1 -18.5
    endloop
  endfacet
  facet normal -0 0 1
    outer loop
      vertex -10.6 73.1 -17
      vertex -9.1 65.1 -17
      vertex -9.1 73.1 -17
    endloop
  endfacet
  facet normal 0 0 1
    outer loop
      vertex -9.1 65.1 -17
      vertex -10.6 73.1 -17
      vertex -10.6 65.1 -17
    endloop
  endfacet
  facet normal -1 0 0
    outer loop
      vertex 75.2 15.8 -17
      vertex 75.2 23.8 0
      vertex 75.2 23.8 -17
    endloop
  endfacet
  facet normal -1 -0 0
    outer loop
      vertex 75.2 23.8 0
      vertex 75.2 15.8 -17
      vertex 75.2 15.8 0
    endloop
  endfacet
  facet normal 1 -0 0
    outer loop
      vertex 77.7 15.8 0
      vertex 77.7 23.8 -18.5
      vertex 77.7 23.8 0
    endloop
  endfacet
  facet normal 1 0 0
    outer loop
      vertex 77.7 23.8 -18.5
      vertex 77.7 15.8 0
      vertex 77.7 15.8 -18.5
    endloop
  endfacet
  facet normal 0 1 0
    outer loop
      vertex 77.7 23.8 0
      vertex 75.2 23.8 -17
      vertex 75.2 23.8 0
    endloop
  endfacet
  facet normal 0 1 -0
    outer loop
      vertex 77.7 23.8 -18.5
      vertex 75.2 23.8 -17
      vertex 77.7 23.8 0
    endloop
  endfacet
  facet normal 0 1 0
    outer loop
      vertex 73.7 23.8 -18.5
      vertex 75.2 23.8 -17
      vertex 77.7 23.8 -18.5
    endloop
  endfacet
  facet normal 0 1 0
    outer loop
      vertex 75.2 23.8 -17
      vertex 73.7 23.8 -18.5
      vertex 73.7 23.8 -17
    endloop
  endfacet
  facet normal 0 0 -1
    outer loop
      vertex 73.7 15.8 -18.5
      vertex 77.7 23.8 -18.5
      vertex 77.7 15.8 -18.5
    endloop
  endfacet
  facet normal -0 0 -1
    outer loop
      vertex 77.7 23.8 -18.5
      vertex 73.7 15.8 -18.5
      vertex 73.7 23.8 -18.5
    endloop
  endfacet
  facet normal 0 -1 0
    outer loop
      vertex 73.7 15.8 -17
      vertex 73.7 15.8 -18.5
      vertex 75.2 15.8 -17
    endloop
  endfacet
  facet normal 0 -1 0
    outer loop
      vertex 75.2 15.8 -17
      vertex 77.7 15.8 0
      vertex 75.2 15.8 0
    endloop
  endfacet
  facet normal 0 -1 0
    outer loop
      vertex 75.2 15.8 -17
      vertex 77.7 15.8 -18.5
      vertex 77.7 15.8 0
    endloop
  endfacet
  facet normal 0 -1 0
    outer loop
      vertex 77.7 15.8 -18.5
      vertex 75.2 15.8 -17
      vertex 73.7 15.8 -18.5
    endloop
  endfacet
  facet normal -1 0 0
    outer loop
      vertex 73.7 15.8 -18.5
      vertex 73.7 23.8 -17
      vertex 73.7 23.8 -18.5
    endloop
  endfacet
  facet normal -1 -0 0
    outer loop
      vertex 73.7 23.8 -17
      vertex 73.7 15.8 -18.5
      vertex 73.7 15.8 -17
    endloop
  endfacet
  facet normal -0 0 1
    outer loop
      vertex 73.7 23.8 -17
      vertex 75.2 15.8 -17
      vertex 75.2 23.8 -17
    endloop
  endfacet
  facet normal 0 0 1
    outer loop
      vertex 75.2 15.8 -17
      vertex 73.7 23.8 -17
      vertex 73.7 15.8 -17
    endloop
  endfacet
  facet normal -1 0 0
    outer loop
      vertex 75.2 65.1 -17
      vertex 75.2 73.1 0
      vertex 75.2 73.1 -17
    endloop
  endfacet
  facet normal -1 -0 0
    outer loop
      vertex 75.2 73.1 0
      vertex 75.2 65.1 -17
      vertex 75.2 65.1 0
    endloop
  endfacet
  facet normal 1 -0 0
    outer loop
      vertex 77.7 65.1 0
      vertex 77.7 73.1 -18.5
      vertex 77.7 73.1 0
    endloop
  endfacet
  facet normal 1 0 0
    outer loop
      vertex 77.7 73.1 -18.5
      vertex 77.7 65.1 0
      vertex 77.7 65.1 -18.5
    endloop
  endfacet
  facet normal 0 1 0
    outer loop
      vertex 77.7 73.1 0
      vertex 75.2 73.1 -17
      vertex 75.2 73.1 0
    endloop
  endfacet
  facet normal 0 1 -0
    outer loop
      vertex 77.7 73.1 -18.5
      vertex 75.2 73.1 -17
      vertex 77.7 73.1 0
    endloop
  endfacet
  facet normal 0 1 0
    outer loop
      vertex 73.7 73.1 -18.5
      vertex 75.2 73.1 -17
      vertex 77.7 73.1 -18.5
    endloop
  endfacet
  facet normal 0 1 0
    outer loop
      vertex 75.2 73.1 -17
      vertex 73.7 73.1 -18.5
      vertex 73.7 73.1 -17
    endloop
  endfacet
  facet normal 0 0 -1
    outer loop
      vertex 73.7 65.1 -18.5
      vertex 77.7 73.1 -18.5
      vertex 77.7 65.1 -18.5
    endloop
  endfacet
  facet normal -0 0 -1
    outer loop
      vertex 77.7 73.1 -18.5
      vertex 73.7 65.1 -18.5
      vertex 73.7 73.1 -18.5
    endloop
  endfacet
  facet normal 0 -1 0
    outer loop
      vertex 73.7 65.1 -17
      vertex 73.7 65.1 -18.5
      vertex 75.2 65.1 -17
    endloop
  endfacet
  facet normal 0 -1 0
    outer loop
      vertex 75.2 65.1 -17
      vertex 77.7 65.1 0
      vertex 75.2 65.1 0
    endloop
  endfacet
  facet normal 0 -1 0
    outer loop
      vertex 75.2 65.1 -17
      vertex 77.7 65.1 -18.5
      vertex 77.7 65.1 0
    endloop
  endfacet
  facet normal 0 -1 0
    outer loop
      vertex 77.7 65.1 -18.5
      vertex 75.2 65.1 -17
      vertex 73.7 65.1 -18.5
    endloop
  endfacet
  facet normal -1 0 0
    outer loop
      vertex 73.7 65.1 -18.5
      vertex 73.7 73.1 -17
      vertex 73.7 73.1 -18.5
    endloop
  endfacet
  facet normal -1 -0 0
    outer loop
      vertex 73.7 73.1 -17
      vertex 73.7 65.1 -18.5
      vertex 73.7 65.1 -17
    endloop
  endfacet
  facet normal -0 0 1
    outer loop
      vertex 73.7 73.1 -17
      vertex 75.2 65.1 -17
      vertex 75.2 73.1 -17
    endloop
  endfacet
  facet normal 0 0 1
    outer loop
      vertex 75.2 65.1 -17
      vertex 73.7 73.1 -17
      vertex 73.7 65.1 -17
    endloop
  endfacet
  facet normal -1 0 0
    outer loop
      vertex -88.4 9 -30
      vertex -88.4 79.9 0
      vertex -88.4 79.9 -30
    endloop
  endfacet
  facet normal -1 -0 0
    outer loop
      vertex -88.4 79.9 0
      vertex -88.4 9 -30
      vertex -88.4 9 0
    endloop
  endfacet
  facet normal 1 -0 0
    outer loop
      vertex -69.6 9 0
      vertex -69.6 79.9 -30
      vertex -69.6 79.9 0
    endloop
  endfacet
  facet normal 1 0 0
    outer loop
      vertex -69.6 79.9 -30
      vertex -69.6 9 0
      vertex -69.6 9 -30
    endloop
  endfacet
  facet normal 0 1 -0
    outer loop
      vertex -69.6 79.9 -30
      vertex -88.4 79.9 0
      vertex -69.6 79.9 0
    endloop
  endfacet
  facet normal 0 1 0
    outer loop
      vertex -88.4 79.9 0
      vertex -69.6 79.9 -30
      vertex -88.4 79.9 -30
    endloop
  endfacet
  facet normal 0 0 -1
    outer loop
      vertex -69.6 9 -30
      vertex -72.1 11.5 -30
      vertex -69.6 79.9 -30
    endloop
  endfacet
  facet normal 0 0 -1
    outer loop
      vertex -69.6 9 -30
      vertex -85.9 11.5 -30
      vertex -72.1 11.5 -30
    endloop
  endfacet
  facet normal -0 0 -1
    outer loop
      vertex -85.9 11.5 -30
      vertex -88.4 9 -30
      vertex -85.9 77.4 -30
    endloop
  endfacet
  facet normal 0 0 -1
    outer loop
      vertex -88.4 9 -30
      vertex -85.9 11.5 -30
      vertex -69.6 9 -30
    endloop
  endfacet
  facet normal 0 0 -1
    outer loop
      vertex -72.1 77.4 -30
      vertex -69.6 79.9 -30
      vertex -72.1 11.5 -30
    endloop
  endfacet
  facet normal 0 0 -1
    outer loop
      vertex -85.9 77.4 -30
      vertex -69.6 79.9 -30
      vertex -72.1 77.4 -30
    endloop
  endfacet
  facet normal 0 0 -1
    outer loop
      vertex -85.9 77.4 -30
      vertex -88.4 79.9 -30
      vertex -69.6 79.9 -30
    endloop
  endfacet
  facet normal 0 0 -1
    outer loop
      vertex -88.4 79.9 -30
      vertex -85.9 77.4 -30
      vertex -88.4 9 -30
    endloop
  endfacet
  facet normal 0 -1 0
    outer loop
      vertex -88.4 9 -30
      vertex -69.6 9 0
      vertex -88.4 9 0
    endloop
  endfacet
  facet normal 0 -1 -0
    outer loop
      vertex -69.6 9 0
      vertex -88.4 9 -30
      vertex -69.6 9 -30
    endloop
  endfacet
  facet normal -1 0 0
    outer loop
      vertex -72.1 11.5 -30
      vertex -72.1 77.4 0
      vertex -72.1 77.4 -30
    endloop
  endfacet
  facet normal -1 -0 0
    outer loop
      vertex -72.1 77.4 0
      vertex -72.1 11.5 -30
      vertex -72.1 11.5 0
    endloop
  endfacet
  facet normal 0 1 -0
    outer loop
      vertex -72.1 11.5 -30
      vertex -85.9 11.5 0
      vertex -72.1 11.5 0
    endloop
  endfacet
  facet normal 0 1 0
    outer loop
      vertex -85.9 11.5 0
      vertex -72.1 11.5 -30
      vertex -85.9 11.5 -30
    endloop
  endfacet
  facet normal 0 -1 0
    outer loop
      vertex -85.9 77.4 -30
      vertex -72.1 77.4 0
      vertex -85.9 77.4 0
    endloop
  endfacet
  facet normal 0 -1 -0
    outer loop
      vertex -72.1 77.4 0
      vertex -85.9 77.4 -30
      vertex -72.1 77.4 -30
    endloop
  endfacet
  facet normal -1 0 0
    outer loop
      vertex -64.6 21.2 -19.04
      vertex -64.6 67.7 0
      vertex -64.6 67.7 -19.04
    endloop
  endfacet
  facet normal -1 -0 0
    outer loop
      vertex -64.6 67.7 0
      vertex -64.6 21.2 -19.04
      vertex -64.6 21.2 0
    endloop
  endfacet
  facet normal 1 -0 0
    outer loop
      vertex -18.1 21.2 0
      vertex -18.1 67.7 -19.04
      vertex -18.1 67.7 0
    endloop
  endfacet
  facet normal 1 0 0
    outer loop
      vertex -18.1 67.7 -19.04
      vertex -18.1 21.2 0
      vertex -18.1 21.2 -19.04
    endloop
  endfacet
  facet normal 0 0 -1
    outer loop
      vertex -64.6 21.2 -19.04
      vertex -18.1 67.7 -19.04
      vertex -18.1 21.2 -19.04
    endloop
  endfacet
  facet normal -0 0 -1
    outer loop
      vertex -18.1 67.7 -19.04
      vertex -64.6 21.2 -19.04
      vertex -64.6 67.7 -19.04
    endloop
  endfacet
  facet normal 0 -1 0
    outer loop
      vertex -64.6 21.2 -19.04
      vertex -18.1 21.2 0
      vertex -64.6 21.2 0
    endloop
  endfacet
  facet normal 0 -1 -0
    outer loop
      vertex -18.1 21.2 0
      vertex -64.6 21.2 -19.04
      vertex -18.1 21.2 -19.04
    endloop
  endfacet
  facet normal 0 1 -0
    outer loop
      vertex -18.1 67.7 -19.04
      vertex -64.6 67.7 0
      vertex -18.1 67.7 0
    endloop
  endfacet
  facet normal 0 1 0
    outer loop
      vertex -64.6 67.7 0
      vertex -18.1 67.7 -19.04
      vertex -64.6 67.7 -19.04
    endloop
  endfacet
  facet normal -0 0 1
    outer loop
      vertex -62.1 65.2 -16.54
      vertex -20.6 23.7 -16.54
      vertex -20.6 65.2 -16.54
    endloop
  endfacet
  facet normal 0 0 1
    outer loop
      vertex -20.6 23.7 -16.54
      vertex -62.1 65.2 -16.54
      vertex -62.1 23.7 -16.54
    endloop
  endfacet
endsolid OpenSCAD_Model
