solid OpenSCAD_Model
  facet normal 0.29028467725440776 -0.9569403357322254 6.617985780373519e-15
    outer loop
      vertex 19.211733315717645 37.68851921597653 104
      vertex 19.282964043695873 37.710126821079655 104
      vertex 19.350375874836107 37.73057597649195 105.43939393939394
    endloop
  endfacet
  facet normal 0.2902846772544637 -0.9569403357322085 3.921579985356959e-15
    outer loop
      vertex 19.65007625712213 37.82148909353426 104
      vertex 19.350375874836107 37.73057597649195 105.43939393939394
      vertex 19.545969808538565 37.7899087476143 104
    endloop
  endfacet
  facet normal 0.22707626303437362 -0.9738769792773335 0
    outer loop
      vertex 18.765632254112898 37.58450303717739 104
      vertex 19.211733315717645 37.68851921597653 104
      vertex 18.765632254112898 37.58450303717739 109
    endloop
  endfacet
  facet normal 0.35225004792123327 -0.9359059267573258 0
    outer loop
      vertex 19.65007625712213 37.82148909353426 104
      vertex 20.078784026555628 37.98284327242099 104
      vertex 20.078784026555628 37.98284327242099 109
    endloop
  endfacet
  facet normal 0.41270702980440466 -0.9108638249211714 0
    outer loop
      vertex 20.078784026555628 37.98284327242099 104
      vertex 20.496020831533013 38.17189080927119 104
      vertex 20.078784026555628 37.98284327242099 109
    endloop
  endfacet
  facet normal 0.47139673682599803 -0.8819212643483547 -9.183379687774443e-16
    outer loop
      vertex 20.496020831533013 38.17189080927119 104
      vertex 20.900000000000002 38.38782217350894 104
      vertex 20.49602083153301 38.17189080927118 109
    endloop
  endfacet
  facet normal 0.5280678506503619 -0.8492021815265828 -8.315741072826225e-16
    outer loop
      vertex 20.900000000000002 38.38782217350894 104
      vertex 21.288991631137215 38.629712713882185 104
      vertex 20.9 38.38782217350893 109
    endloop
  endfacet
  facet normal 0.5824776968678076 -0.8128466845916112 0
    outer loop
      vertex 21.288991631137215 38.629712713882185 104
      vertex 21.66133000306105 38.896526617961364 104
      vertex 21.288991631137215 38.629712713882185 109
    endloop
  endfacet
  facet normal 0.634393284163653 -0.7730104533627308 -1.9698684525206684e-16
    outer loop
      vertex 21.66133000306105 38.896526617961364 104
      vertex 22.015420705700492 39.18712134764718 104
      vertex 21.661330003061043 38.89652661796136 109
    endloop
  endfacet
  facet normal -0.09801714032956839 -0.9951847266721963 -1.6992785281098657e-15
    outer loop
      vertex 16.942178095388996 37.464987537329776 104
      vertex 16.634779465700763 37.49526365975784 105.62837649679756
      vertex 16.68388374680527 37.490427310201014 104
    endloop
  endfacet
  facet normal 0.16289547339459204 -0.9866433320848784 4.2096056339989336e-16
    outer loop
      vertex 18.765632254112898 37.58450303717739 104
      vertex 18.387510226912294 37.522074837828384 107.88636363636364
      vertex 18.31368334554036 37.50988597038333 104
    endloop
  endfacet
  facet normal 0.09801714032956563 -0.9951847266721963 0
    outer loop
      vertex 18.31368334554036 37.50988597038333 104
      vertex 17.857821904611 37.464987537329776 109
      vertex 17.857821904611 37.464987537329776 104
    endloop
  endfacet
  facet normal 0.03271908282177119 -0.9994645874763658 0
    outer loop
      vertex 17.857821904611 37.464987537329776 104
      vertex 17.4 37.45 109
      vertex 17.4 37.45 104
    endloop
  endfacet
  facet normal -0.03271908282177119 -0.9994645874763658 0
    outer loop
      vertex 17.4 37.45 104
      vertex 17.4 37.45 109
      vertex 16.942178095388996 37.464987537329776 104
    endloop
  endfacet
  facet normal -0.1628954733945933 -0.9866433320848782 0
    outer loop
      vertex 16.48631665445964 37.50988597038333 104
      vertex 16.48631665445964 37.50988597038333 109
      vertex 16.034367745887103 37.58450303717739 104
    endloop
  endfacet
  facet normal -0.2270762630343719 -0.973876979277334 -1.6134738916262272e-16
    outer loop
      vertex 16.034367745887103 37.58450303717739 104
      vertex 16.0343677458871 37.58450303717739 109
      vertex 15.588266684282353 37.68851921597653 104
    endloop
  endfacet
  facet normal -0.29028467725445417 -0.9569403357322115 0
    outer loop
      vertex 15.588266684282353 37.68851921597653 104
      vertex 15.588266684282353 37.68851921597653 109
      vertex 15.149923742877867 37.82148909353426 104
    endloop
  endfacet
  facet normal -0.3522500479212346 -0.9359059267573253 0
    outer loop
      vertex 15.149923742877867 37.82148909353426 104
      vertex 15.149923742877867 37.82148909353426 109
      vertex 14.721215973444371 37.98284327242099 104
    endloop
  endfacet
  facet normal -0.41270702980439467 -0.9108638249211758 -1.466229910123199e-16
    outer loop
      vertex 14.721215973444371 37.98284327242099 104
      vertex 14.72121597344437 37.98284327242099 109
      vertex 14.30397916846699 38.17189080927118 104
    endloop
  endfacet
  facet normal -0.47139673682599653 -0.8819212643483557 0
    outer loop
      vertex 14.30397916846699 38.17189080927118 104
      vertex 14.30397916846699 38.17189080927118 109
      vertex 13.899999999999999 38.38782217350893 104
    endloop
  endfacet
  facet normal -0.5280678506503695 -0.849202181526578 0
    outer loop
      vertex 13.899999999999999 38.38782217350893 104
      vertex 13.899999999999999 38.38782217350893 109
      vertex 13.511008368862782 38.629712713882185 104
    endloop
  endfacet
  facet normal -0.5824776968678047 -0.8128466845916135 0
    outer loop
      vertex 13.511008368862782 38.629712713882185 104
      vertex 13.511008368862782 38.629712713882185 109
      vertex 13.138669996938955 38.89652661796136 104
    endloop
  endfacet
  facet normal -0.6343932841636494 -0.7730104533627337 -2.2538176983873706e-16
    outer loop
      vertex 13.138669996938955 38.89652661796136 104
      vertex 13.138669996938953 38.89652661796136 109
      vertex 12.784579294299517 39.187121347647164 104
    endloop
  endfacet
  facet normal 0.7298640726978354 -0.6835923020228715 -7.634693854389095e-16
    outer loop
      vertex 22.349747468305832 39.50025253169417 104
      vertex 22.66287865235284 39.83457929429952 104
      vertex 22.565957095385908 39.73109720111215 105.54761904761904
    endloop
  endfacet
  facet normal 0.6835923020228666 -0.72986407269784 -5.875907864123775e-16
    outer loop
      vertex 22.015420705700492 39.18712134764718 104
      vertex 22.349747468305832 39.50025253169417 104
      vertex 22.061010718783027 39.22982105456266 108.31818181818183
    endloop
  endfacet
  facet normal 0.7730104533627329 -0.6343932841636505 3.939736905041466e-16
    outer loop
      vertex 22.66287865235284 39.83457929429952 104
      vertex 22.953473382038645 40.188669996938955 104
      vertex 22.662878652352827 39.83457929429951 109
    endloop
  endfacet
  facet normal 0.812846684591616 -0.582477696867801 3.2737402154312883e-16
    outer loop
      vertex 22.953473382038645 40.188669996938955 104
      vertex 23.220287286117816 40.56100836886279 104
      vertex 22.953473382038638 40.18866999693895 109
    endloop
  endfacet
  facet normal 0.8492021815265814 -0.528067850650364 0
    outer loop
      vertex 23.220287286117816 40.56100836886279 104
      vertex 23.462177826491068 40.95 104
      vertex 23.220287286117816 40.56100836886279 109
    endloop
  endfacet
  facet normal -0.6835923020228656 -0.7298640726978409 -2.428607722119358e-16
    outer loop
      vertex 12.784579294299517 39.187121347647164 104
      vertex 12.784579294299515 39.187121347647164 109
      vertex 12.50390661372105 39.45 104
    endloop
  endfacet
  facet normal -0.68359230202289 -0.729864072697818 2.3361712108709e-15
    outer loop
      vertex 12.50390661372105 39.45 104
      vertex 12.784579294299515 39.187121347647164 109
      vertex 12.450252531694165 39.50025253169417 104
    endloop
  endfacet
  facet normal -0.7298640726978383 -0.6835923020228684 1.1990997866542552e-16
    outer loop
      vertex 12.323042988175068 39.636072779002596 104
      vertex 12.450252531694165 39.50025253169417 109
      vertex 12.137121347647158 39.83457929429952 104
    endloop
  endfacet
  facet normal 0.29028467725447066 -0.9569403357322064 0
    outer loop
      vertex 19.211733315717645 37.68851921597653 104
      vertex 19.350375874836107 37.73057597649195 105.43939393939394
      vertex 19.211733315717645 37.68851921597653 109
    endloop
  endfacet
  facet normal 0.2902846772544409 -0.9569403357322154 -1.2705355186251394e-15
    outer loop
      vertex 19.65007625712213 37.82148909353426 104
      vertex 19.211733315717645 37.68851921597653 109
      vertex 19.350375874836107 37.73057597649195 105.43939393939394
    endloop
  endfacet
  facet normal 0.22707626303437362 -0.9738769792773335 0
    outer loop
      vertex 19.211733315717645 37.68851921597653 104
      vertex 19.211733315717645 37.68851921597653 109
      vertex 18.765632254112898 37.58450303717739 109
    endloop
  endfacet
  facet normal 0.29028467725445417 -0.9569403357322115 0
    outer loop
      vertex 19.65007625712213 37.82148909353426 104
      vertex 19.65007625712213 37.82148909353426 109
      vertex 19.211733315717645 37.68851921597653 109
    endloop
  endfacet
  facet normal 0.35225004792123327 -0.9359059267573258 0
    outer loop
      vertex 19.65007625712213 37.82148909353426 104
      vertex 20.078784026555628 37.98284327242099 109
      vertex 19.65007625712213 37.82148909353426 109
    endloop
  endfacet
  facet normal 0.47139673682599803 -0.8819212643483547 -9.183379687774443e-16
    outer loop
      vertex 20.900000000000002 38.38782217350894 104
      vertex 20.9 38.38782217350893 109
      vertex 20.49602083153301 38.17189080927118 109
    endloop
  endfacet
  facet normal 0.5280678506503695 -0.849202181526578 0
    outer loop
      vertex 21.288991631137215 38.629712713882185 104
      vertex 21.288991631137215 38.629712713882185 109
      vertex 20.9 38.38782217350893 109
    endloop
  endfacet
  facet normal 0.41270702980439467 -0.9108638249211758 -1.0011693661041625e-15
    outer loop
      vertex 20.496020831533013 38.17189080927119 104
      vertex 20.49602083153301 38.17189080927118 109
      vertex 20.078784026555628 37.98284327242099 109
    endloop
  endfacet
  facet normal 0.5824776968678047 -0.8128466845916135 -3.273740215431199e-16
    outer loop
      vertex 21.66133000306105 38.896526617961364 104
      vertex 21.661330003061043 38.89652661796136 109
      vertex 21.288991631137215 38.629712713882185 109
    endloop
  endfacet
  facet normal 0.1628954733944879 -0.9866433320848956 -9.994736183647716e-15
    outer loop
      vertex 18.765632254112898 37.58450303717739 104
      vertex 18.40223132919485 37.52450530165176 108.02037617554859
      vertex 18.387510226912294 37.522074837828384 107.88636363636364
    endloop
  endfacet
  facet normal -0.09801714032955948 -0.9951847266721969 0
    outer loop
      vertex 16.942178095388996 37.464987537329776 104
      vertex 16.942178095388996 37.464987537329776 109
      vertex 16.634779465700763 37.49526365975784 105.62837649679756
    endloop
  endfacet
  facet normal 0.16289547339459545 -0.9866433320848779 0
    outer loop
      vertex 18.765632254112898 37.58450303717739 104
      vertex 18.765632254112898 37.58450303717739 109
      vertex 18.40223132919485 37.52450530165176 108.02037617554859
    endloop
  endfacet
  facet normal 0.09801714032956563 -0.9951847266721963 0
    outer loop
      vertex 18.31368334554036 37.50988597038333 104
      vertex 18.31368334554036 37.50988597038333 109
      vertex 17.857821904611 37.464987537329776 109
    endloop
  endfacet
  facet normal 0.03271908282177119 -0.9994645874763658 0
    outer loop
      vertex 17.857821904611 37.464987537329776 104
      vertex 17.857821904611 37.464987537329776 109
      vertex 17.4 37.45 109
    endloop
  endfacet
  facet normal -0.09801714032956724 -0.9951847266721963 7.12659127151463e-16
    outer loop
      vertex 16.634779465700763 37.49526365975784 105.62837649679756
      vertex 16.942178095388996 37.464987537329776 109
      vertex 16.60282588434002 37.49841081282835 106.41071428571429
    endloop
  endfacet
  facet normal -0.03271908282177119 -0.9994645874763658 0
    outer loop
      vertex 16.942178095388996 37.464987537329776 104
      vertex 17.4 37.45 109
      vertex 16.942178095388996 37.464987537329776 109
    endloop
  endfacet
  facet normal -0.162895473394592 -0.9866433320848783 -1.1574419530873003e-16
    outer loop
      vertex 16.034367745887103 37.58450303717739 104
      vertex 16.48631665445964 37.50988597038333 109
      vertex 16.0343677458871 37.58450303717739 109
    endloop
  endfacet
  facet normal -0.22707626303437362 -0.9738769792773335 0
    outer loop
      vertex 15.588266684282353 37.68851921597653 104
      vertex 16.0343677458871 37.58450303717739 109
      vertex 15.588266684282353 37.68851921597653 109
    endloop
  endfacet
  facet normal -0.29028467725445894 -0.9569403357322099 4.688629723385075e-16
    outer loop
      vertex 15.149923742877867 37.82148909353426 104
      vertex 15.588266684282353 37.68851921597653 109
      vertex 15.25407367786435 37.78989555615819 106.6984126984127
    endloop
  endfacet
  facet normal -0.2902846772544479 -0.9569403357322132 0
    outer loop
      vertex 15.149923742877867 37.82148909353426 104
      vertex 15.25407367786435 37.78989555615819 106.6984126984127
      vertex 15.149923742877867 37.82148909353426 109
    endloop
  endfacet
  facet normal -0.35225004792123327 -0.9359059267573258 -1.2514435636078975e-16
    outer loop
      vertex 14.721215973444371 37.98284327242099 104
      vertex 15.149923742877867 37.82148909353426 109
      vertex 14.72121597344437 37.98284327242099 109
    endloop
  endfacet
  facet normal -0.41270702980439616 -0.9108638249211752 0
    outer loop
      vertex 14.30397916846699 38.17189080927118 104
      vertex 14.72121597344437 37.98284327242099 109
      vertex 14.30397916846699 38.17189080927118 109
    endloop
  endfacet
  facet normal -0.47139673682599653 -0.8819212643483557 0
    outer loop
      vertex 13.899999999999999 38.38782217350893 104
      vertex 14.30397916846699 38.17189080927118 109
      vertex 13.899999999999999 38.38782217350893 109
    endloop
  endfacet
  facet normal -0.5280678506503695 -0.849202181526578 0
    outer loop
      vertex 13.511008368862782 38.629712713882185 104
      vertex 13.899999999999999 38.38782217350893 109
      vertex 13.511008368862782 38.629712713882185 109
    endloop
  endfacet
  facet normal -0.5824776968678028 -0.8128466845916147 -2.0693764812584548e-16
    outer loop
      vertex 13.138669996938955 38.89652661796136 104
      vertex 13.511008368862782 38.629712713882185 109
      vertex 13.138669996938953 38.89652661796136 109
    endloop
  endfacet
  facet normal 0.1628954733946043 -0.9866433320848764 -3.36708580773121e-15
    outer loop
      vertex 18.765632254112898 37.58450303717739 109
      vertex 18.420050227343076 37.527447213642475 109
      vertex 18.40223132919485 37.52450530165176 108.02037617554859
    endloop
  endfacet
  facet normal -0.09801714032956561 -0.9951847266721964 5.027636039169058e-16
    outer loop
      vertex 16.60282588434002 37.49841081282835 106.41071428571429
      vertex 16.942178095388996 37.464987537329776 109
      vertex 16.48631665445964 37.50988597038333 109
    endloop
  endfacet
  facet normal -0.2902846772544424 -0.9569403357322149 -2.1678536176315375e-15
    outer loop
      vertex 15.25407367786435 37.78989555615819 106.6984126984127
      vertex 15.588266684282353 37.68851921597653 109
      vertex 15.455850587399748 37.72868719982209 109
    endloop
  endfacet
  facet normal -0.29028467725459084 -0.9569403357321699 -7.042346917410519e-15
    outer loop
      vertex 15.25407367786435 37.78989555615819 106.6984126984127
      vertex 15.163621959796757 37.81733378486058 109
      vertex 15.149923742877867 37.82148909353426 109
    endloop
  endfacet
  facet normal 0.7298640726978423 -0.6835923020228644 1.3151228209545125e-16
    outer loop
      vertex 22.66287865235284 39.83457929429952 104
      vertex 22.662878652352827 39.83457929429951 109
      vertex 22.565957095385908 39.73109720111215 105.54761904761904
    endloop
  endfacet
  facet normal 0.6835923020228435 -0.7298640726978616 -1.3151228209556516e-16
    outer loop
      vertex 22.015420705700492 39.18712134764718 104
      vertex 22.061010718783027 39.22982105456266 108.31818181818183
      vertex 22.01542070570048 39.187121347647164 109
    endloop
  endfacet
  facet normal 0.6343932841636514 -0.7730104533627322 -3.939736905041423e-16
    outer loop
      vertex 22.015420705700492 39.18712134764718 104
      vertex 22.01542070570048 39.187121347647164 109
      vertex 21.661330003061043 38.89652661796136 109
    endloop
  endfacet
  facet normal 0.7730104533627314 -0.6343932841636521 1.96986845252069e-16
    outer loop
      vertex 22.953473382038645 40.188669996938955 104
      vertex 22.953473382038638 40.18866999693895 109
      vertex 22.662878652352827 39.83457929429951 109
    endloop
  endfacet
  facet normal 0.8128466845916168 -0.5824776968678002 4.337609316286576e-16
    outer loop
      vertex 23.220287286117816 40.56100836886279 104
      vertex 23.195273482610393 40.52610164649493 109
      vertex 22.953473382038638 40.18866999693895 109
    endloop
  endfacet
  facet normal 0.8492021815265814 -0.528067850650364 0
    outer loop
      vertex 23.220287286117816 40.56100836886279 109
      vertex 23.462177826491068 40.95 104
      vertex 23.462177826491068 40.95 109
    endloop
  endfacet
  facet normal 0.683592302022789 -0.7298640726979128 -6.97625200345495e-15
    outer loop
      vertex 22.061010718783027 39.22982105456266 108.31818181818183
      vertex 22.046763839694734 39.21647739615157 109
      vertex 22.01542070570048 39.187121347647164 109
    endloop
  endfacet
  facet normal 0.7298640726978819 -0.683592302022822 -2.2523809455486105e-15
    outer loop
      vertex 22.565957095385908 39.73109720111215 105.54761904761904
      vertex 22.662878652352827 39.83457929429951 109
      vertex 22.633522603848434 39.80323616030527 109
    endloop
  endfacet
  facet normal -0.6343932841636494 -0.7730104533627337 -2.2538176983873706e-16
    outer loop
      vertex 12.784579294299517 39.187121347647164 104
      vertex 13.138669996938953 38.89652661796136 109
      vertex 12.784579294299515 39.187121347647164 109
    endloop
  endfacet
  facet normal -0.6835923020228715 -0.7298640726978355 0
    outer loop
      vertex 12.450252531694165 39.50025253169417 104
      vertex 12.784579294299515 39.187121347647164 109
      vertex 12.450252531694165 39.50025253169417 109
    endloop
  endfacet
  facet normal -0.7298640726978355 -0.6835923020228715 -2.5448979514630136e-16
    outer loop
      vertex 12.450252531694165 39.50025253169417 109
      vertex 12.137121347647156 39.83457929429952 109
      vertex 12.137121347647158 39.83457929429952 104
    endloop
  endfacet
  facet normal -0.7730104533627309 -0.6343932841636528 -2.746284811517551e-16
    outer loop
      vertex 12.137121347647158 39.83457929429952 104
      vertex 12.137121347647156 39.83457929429952 109
      vertex 11.846526617961352 40.188669996938955 104
    endloop
  endfacet
  facet normal -0.812846684591616 -0.582477696867801 0
    outer loop
      vertex 11.846526617961352 40.188669996938955 104
      vertex 11.846526617961352 40.188669996938955 109
      vertex 11.57971271388218 40.56100836886279 104
    endloop
  endfacet
  facet normal -0.8492021815265814 -0.528067850650364 7.112479519110775e-16
    outer loop
      vertex 11.57971271388218 40.56100836886279 104
      vertex 11.54672764019492 40.614052682199684 108.31818181818181
      vertex 11.337822173508929 40.95 104
    endloop
  endfacet
  facet normal -0.7730104533627329 -0.6343932841636505 0
    outer loop
      vertex 11.846526617961352 40.188669996938955 104
      vertex 12.137121347647156 39.83457929429952 109
      vertex 11.846526617961352 40.188669996938955 109
    endloop
  endfacet
  facet normal -0.812846684591616 -0.582477696867801 0
    outer loop
      vertex 11.57971271388218 40.56100836886279 104
      vertex 11.846526617961352 40.188669996938955 109
      vertex 11.57971271388218 40.56100836886279 109
    endloop
  endfacet
  facet normal -0.8492021815266075 -0.5280678506503222 0
    outer loop
      vertex 11.57971271388218 40.56100836886279 104
      vertex 11.57971271388218 40.56100836886279 109
      vertex 11.54672764019492 40.614052682199684 108.31818181818181
    endloop
  endfacet
  facet normal -0.8492021815265773 -0.5280678506503705 0
    outer loop
      vertex 11.54672764019492 40.614052682199684 108.31818181818181
      vertex 11.337822173508929 40.95 109
      vertex 11.337822173508929 40.95 104
    endloop
  endfacet
  facet normal -0.8492021815265822 -0.5280678506503624 -5.493051489652067e-15
    outer loop
      vertex 11.54672764019492 40.614052682199684 108.31818181818181
      vertex 11.557035475722188 40.5974763342819 109
      vertex 11.337822173508929 40.95 109
    endloop
  endfacet
  facet normal 0.8819212643483515 -0.4713967368260041 0
    outer loop
      vertex 23.67810919072882 41.35397916846699 104
      vertex 23.462177826491068 40.95 109
      vertex 23.462177826491068 40.95 104
    endloop
  endfacet
  facet normal 0.9108638249211801 -0.4127070298043854 1.2944153481288086e-15
    outer loop
      vertex 23.67810919072882 41.35397916846699 104
      vertex 23.867156727579005 41.77121597344438 104
      vertex 23.67810919072881 41.35397916846699 109
    endloop
  endfacet
  facet normal 0.935905926757321 -0.3522500479212463 1.1225615023997269e-15
    outer loop
      vertex 23.867156727579005 41.77121597344438 104
      vertex 23.962960771293005 42.025761211545515 104
      vertex 24.013383952195106 42.159732389493485 109
    endloop
  endfacet
  facet normal 0.973876979277334 -0.2270762630343719 0
    outer loop
      vertex 24.161480784023475 42.63826668428236 104
      vertex 24.26549696282261 43.08436774588711 104
      vertex 24.161480784023475 42.63826668428236 109
    endloop
  endfacet
  facet normal 0.9866433320848781 -0.16289547339459454 -1.1158398710260968e-15
    outer loop
      vertex 24.26549696282261 43.08436774588711 104
      vertex 24.34011402961667 43.53631665445964 104
      vertex 24.317018270847083 43.39642770656814 105.54761904761905
    endloop
  endfacet
  facet normal 0.9951847266721973 -0.0980171403295572 0
    outer loop
      vertex 24.34011402961667 43.53631665445964 104
      vertex 24.385012462670222 43.992178095389 104
      vertex 24.34011402961667 43.53631665445964 109
    endloop
  endfacet
  facet normal 0.9994645874763656 -0.03271908282177894 0
    outer loop
      vertex 24.385012462670222 43.992178095389 104
      vertex 24.4 44.45 104
      vertex 24.385012462670222 43.992178095389 109
    endloop
  endfacet
  facet normal 0.881921264348358 -0.47139673682599204 1.2532854957901776e-15
    outer loop
      vertex 23.67810919072882 41.35397916846699 104
      vertex 23.67810919072881 41.35397916846699 109
      vertex 23.462177826491068 40.95 109
    endloop
  endfacet
  facet normal 0.9108638249211743 -0.4127070298043983 0
    outer loop
      vertex 23.867156727579005 41.77121597344438 104
      vertex 23.867156727579005 41.77121597344438 109
      vertex 23.67810919072881 41.35397916846699 109
    endloop
  endfacet
  facet normal 0.9359059267573256 -0.35225004792123366 0
    outer loop
      vertex 23.867156727579005 41.77121597344438 104
      vertex 24.013383952195106 42.159732389493485 109
      vertex 23.867156727579005 41.77121597344438 109
    endloop
  endfacet
  facet normal 0.9569403357322114 -0.2902846772544541 2.8301020322304195e-16
    outer loop
      vertex 24.12032344096989 42.50258910718097 105.54761904761904
      vertex 24.161480784023475 42.63826668428236 109
      vertex 24.02851090646574 42.19992374287787 109
    endloop
  endfacet
  facet normal 0.9866433320848773 -0.16289547339459878 -2.3148839061746967e-16
    outer loop
      vertex 24.26549696282261 43.08436774588711 104
      vertex 24.317018270847083 43.39642770656814 105.54761904761905
      vertex 24.26549696282261 43.0843677458871 109
    endloop
  endfacet
  facet normal 0.9738769792773332 -0.22707626303437534 -3.226947783252503e-16
    outer loop
      vertex 24.26549696282261 43.08436774588711 104
      vertex 24.26549696282261 43.0843677458871 109
      vertex 24.161480784023475 42.63826668428236 109
    endloop
  endfacet
  facet normal 0.9951847266721973 -0.0980171403295572 0
    outer loop
      vertex 24.385012462670222 43.992178095389 104
      vertex 24.385012462670222 43.992178095389 109
      vertex 24.34011402961667 43.53631665445964 109
    endloop
  endfacet
  facet normal 0.9994645874763656 -0.03271908282177894 0
    outer loop
      vertex 24.4 44.45 104
      vertex 24.4 44.45 109
      vertex 24.385012462670222 43.992178095389 109
    endloop
  endfacet
  facet normal 0.9994645874763656 0.03271908282177894 0
    outer loop
      vertex 24.4 44.45 104
      vertex 24.385012462670222 44.907821904611005 109
      vertex 24.4 44.45 109
    endloop
  endfacet
  facet normal 0.9866433320848776 -0.1628954733945968 -4.8416607875633537e-17
    outer loop
      vertex 24.317018270847083 43.39642770656814 105.54761904761905
      vertex 24.33311867960473 43.493946444280965 109
      vertex 24.26549696282261 43.0843677458871 109
    endloop
  endfacet
  facet normal -0.8819212643483533 -0.47139673682600114 0
    outer loop
      vertex 11.337822173508929 40.95 104
      vertex 11.337822173508929 40.95 109
      vertex 11.12189080927118 41.35397916846699 104
    endloop
  endfacet
  facet normal -0.9108638249211786 -0.41270702980438856 0
    outer loop
      vertex 11.12189080927118 41.35397916846699 104
      vertex 11.12189080927118 41.35397916846699 109
      vertex 10.932843272420993 41.77121597344438 104
    endloop
  endfacet
  facet normal -0.9359059267573234 -0.3522500479212392 0
    outer loop
      vertex 10.932843272420993 41.77121597344438 104
      vertex 10.932843272420993 41.77121597344438 109
      vertex 10.771489093534258 42.19992374287787 104
    endloop
  endfacet
  facet normal -0.973876979277334 -0.2270762630343719 0
    outer loop
      vertex 10.63851921597652 42.63826668428236 104
      vertex 10.63851921597652 42.63826668428236 109
      vertex 10.534503037177386 43.08436774588711 104
    endloop
  endfacet
  facet normal -0.9866433320848788 -0.16289547339459076 0
    outer loop
      vertex 10.534503037177386 43.08436774588711 104
      vertex 10.534503037177386 43.08436774588711 109
      vertex 10.459885970383326 43.53631665445964 104
    endloop
  endfacet
  facet normal -0.9951847266721975 -0.09801714032955477 4.053339970312649e-16
    outer loop
      vertex 10.44164598195532 43.721510364837194 104
      vertex 10.455676742284556 43.57905366454677 109
      vertex 10.414987537329775 43.992178095389 104
    endloop
  endfacet
  facet normal -0.9994645874763656 -0.03271908282177894 0
    outer loop
      vertex 10.414987537329775 43.992178095389 104
      vertex 10.414987537329775 43.992178095389 109
      vertex 10.399999999999999 44.45 104
    endloop
  endfacet
  facet normal -0.8819212643483533 -0.47139673682600114 0
    outer loop
      vertex 11.12189080927118 41.35397916846699 104
      vertex 11.337822173508929 40.95 109
      vertex 11.12189080927118 41.35397916846699 109
    endloop
  endfacet
  facet normal -0.9108638249211786 -0.41270702980438856 0
    outer loop
      vertex 10.932843272420993 41.77121597344438 104
      vertex 11.12189080927118 41.35397916846699 109
      vertex 10.932843272420993 41.77121597344438 109
    endloop
  endfacet
  facet normal -0.9359059267573234 -0.3522500479212392 0
    outer loop
      vertex 10.771489093534258 42.19992374287787 104
      vertex 10.932843272420993 41.77121597344438 109
      vertex 10.771489093534258 42.19992374287787 109
    endloop
  endfacet
  facet normal -0.973876979277334 -0.2270762630343719 0
    outer loop
      vertex 10.534503037177386 43.08436774588711 104
      vertex 10.63851921597652 42.63826668428236 109
      vertex 10.534503037177386 43.08436774588711 109
    endloop
  endfacet
  facet normal -0.9866433320848788 -0.16289547339459076 0
    outer loop
      vertex 10.459885970383326 43.53631665445964 104
      vertex 10.534503037177386 43.08436774588711 109
      vertex 10.459885970383326 43.53631665445964 109
    endloop
  endfacet
  facet normal -0.9951847266721969 -0.09801714032955962 0
    outer loop
      vertex 10.414987537329775 43.992178095389 104
      vertex 10.455676742284556 43.57905366454677 109
      vertex 10.414987537329775 43.992178095389 109
    endloop
  endfacet
  facet normal -0.9994645874763656 -0.03271908282177894 0
    outer loop
      vertex 10.399999999999999 44.45 104
      vertex 10.414987537329775 43.992178095389 109
      vertex 10.399999999999999 44.45 109
    endloop
  endfacet
  facet normal -0.9994645874763658 0.03271908282177507 0
    outer loop
      vertex 10.399999999999999 44.45 104
      vertex 10.399999999999999 44.45 109
      vertex 10.414987537329774 44.907821904611005 109
    endloop
  endfacet
  facet normal 0.9994645874763656 0.03271908282177894 0
    outer loop
      vertex 24.4 44.45 104
      vertex 24.385012462670222 44.907821904611005 104
      vertex 24.385012462670222 44.907821904611005 109
    endloop
  endfacet
  facet normal 0.995184726672198 0.0980171403295483 9.439721724724978e-16
    outer loop
      vertex 24.385012462670222 44.907821904611005 104
      vertex 24.35835401804468 45.17848963516281 104
      vertex 24.34432325771544 45.320946335453236 109
    endloop
  endfacet
  facet normal 0.986643332084878 0.1628954733945945 0
    outer loop
      vertex 24.34011402961667 45.363683345540366 104
      vertex 24.26549696282261 45.8156322541129 104
      vertex 24.26549696282261 45.8156322541129 109
    endloop
  endfacet
  facet normal 0.9738769792773339 0.2270762630343719 -3.71848497669907e-16
    outer loop
      vertex 24.26549696282261 45.8156322541129 104
      vertex 24.161480784023475 46.26173331571765 104
      vertex 24.175664808405177 46.200901352771545 108.31818181818181
    endloop
  endfacet
  facet normal 0.9359059267573222 0.3522500479212426 0
    outer loop
      vertex 24.02851090646574 46.700076257122134 104
      vertex 23.867156727579005 47.12878402655563 104
      vertex 23.867156727579005 47.12878402655563 109
    endloop
  endfacet
  facet normal 0.91086382492118 0.41270702980438534 3.071322771047528e-17
    outer loop
      vertex 23.867156727579005 47.12878402655563 104
      vertex 23.67810919072882 47.54602083153301 104
      vertex 23.69663416362836 47.5051353450904 108.9321426698748
    endloop
  endfacet
  facet normal 0.8819212643483516 0.4713967368260042 0
    outer loop
      vertex 23.67810919072882 47.54602083153301 104
      vertex 23.462177826491068 47.95 104
      vertex 23.67810919072882 47.54602083153301 108.99
    endloop
  endfacet
  facet normal 0.8492021815265814 0.5280678506503639 -6.04603648572488e-16
    outer loop
      vertex 23.462177826491068 47.95 104
      vertex 23.220287286117816 48.33899163113722 104
      vertex 23.46217782649107 47.95 108.99
    endloop
  endfacet
  facet normal 0.8128466845916159 0.582477696867801 0
    outer loop
      vertex 23.220287286117816 48.33899163113722 104
      vertex 22.953473382038645 48.71133000306105 104
      vertex 23.220287286117816 48.33899163113722 108.99
    endloop
  endfacet
  facet normal 0.9951847266721969 0.09801714032955962 0
    outer loop
      vertex 24.385012462670222 44.907821904611005 104
      vertex 24.34432325771544 45.320946335453236 109
      vertex 24.385012462670222 44.907821904611005 109
    endloop
  endfacet
  facet normal 0.986643332084878 0.1628954733945945 0
    outer loop
      vertex 24.34011402961667 45.363683345540366 104
      vertex 24.26549696282261 45.8156322541129 109
      vertex 24.34011402961667 45.363683345540366 109
    endloop
  endfacet
  facet normal 0.973876979277335 0.227076263034368 0
    outer loop
      vertex 24.26549696282261 45.8156322541129 104
      vertex 24.175664808405177 46.200901352771545 108.31818181818181
      vertex 24.26549696282261 45.8156322541129 109
    endloop
  endfacet
  facet normal 0.9738769792773347 0.2270762630343685 3.2253482247468866e-16
    outer loop
      vertex 24.175664808405177 46.200901352771545 108.31818181818181
      vertex 24.171232300785896 46.2199113411922 109
      vertex 24.26549696282261 45.8156322541129 109
    endloop
  endfacet
  facet normal 0.9359059267573222 0.3522500479212426 0
    outer loop
      vertex 24.02851090646574 46.700076257122134 104
      vertex 23.867156727579005 47.12878402655563 109
      vertex 24.02851090646574 46.700076257122134 109
    endloop
  endfacet
  facet normal 0.91086382492118 0.41270702980438567 0
    outer loop
      vertex 23.867156727579005 47.12878402655563 104
      vertex 23.69663416362836 47.5051353450904 108.9321426698748
      vertex 23.867156727579005 47.12878402655563 109
    endloop
  endfacet
  facet normal 0.9108638249210371 0.41270702980470064 3.1827485174829395e-15
    outer loop
      vertex 23.67810919072882 47.54602083153301 104
      vertex 23.694633819977202 47.50955019760724 108.99
      vertex 23.69663416362836 47.5051353450904 108.9321426698748
    endloop
  endfacet
  facet normal 0.9108638249212008 0.4127070298043399 0
    outer loop
      vertex 23.67810919072882 47.54602083153301 104
      vertex 23.67810919072882 47.54602083153301 108.99
      vertex 23.694633819977202 47.50955019760724 108.99
    endloop
  endfacet
  facet normal 0.8819212643483546 0.4713967368259981 -6.278985449850573e-16
    outer loop
      vertex 23.462177826491068 47.95 104
      vertex 23.46217782649107 47.95 108.99
      vertex 23.67810919072882 47.54602083153301 108.99
    endloop
  endfacet
  facet normal 0.8492021815265746 0.528067850650375 5.815828898308427e-16
    outer loop
      vertex 23.220287286117816 48.33899163113722 104
      vertex 23.24311570586554 48.30228054594864 108.99
      vertex 23.46217782649107 47.95 108.99
    endloop
  endfacet
  facet normal 0.9108638249211789 0.41270702980438795 1.5580317867806534e-14
    outer loop
      vertex 23.867156727579005 47.12878402655563 109
      vertex 23.69663416362836 47.5051353450904 108.9321426698748
      vertex 23.695949650853994 47.506646096976944 108.99007626992235
    endloop
  endfacet
  facet normal 0.9108638249211781 0.4127070298043897 9.701488991185515e-14
    outer loop
      vertex 23.867156727579005 47.12878402655563 109
      vertex 23.695949650853994 47.506646096976944 108.99007626992235
      vertex 23.694633819977202 47.50955019760724 109
    endloop
  endfacet
  facet normal 0.9108638249210528 0.41270702980466617 0
    outer loop
      vertex 23.694633819977202 47.50955019760724 108.99
      vertex 23.694633819977202 47.50955019760724 109
      vertex 23.695949650853994 47.506646096976944 108.99007626992235
    endloop
  endfacet
  facet normal -0.9866433320848788 0.16289547339459076 -7.610223681778867e-16
    outer loop
      vertex 10.459885970383326 45.363683345540366 104
      vertex 10.482981729152915 45.503572293431866 105.54761904761905
      vertex 10.534503037177386 45.8156322541129 104
    endloop
  endfacet
  facet normal -0.9994645874763656 0.03271908282177894 -3.548466340060772e-16
    outer loop
      vertex 10.399999999999999 44.45 104
      vertex 10.414987537329774 44.907821904611005 109
      vertex 10.414987537329775 44.907821904611005 104
    endloop
  endfacet
  facet normal -0.9951847266721973 0.0980171403295572 0
    outer loop
      vertex 10.414987537329775 44.907821904611005 104
      vertex 10.459885970383326 45.363683345540366 109
      vertex 10.459885970383326 45.363683345540366 104
    endloop
  endfacet
  facet normal -0.973876979277334 0.2270762630343719 0
    outer loop
      vertex 10.534503037177386 45.8156322541129 104
      vertex 10.63851921597652 46.26173331571765 109
      vertex 10.63851921597652 46.26173331571765 104
    endloop
  endfacet
  facet normal -0.9359059267573231 0.3522500479212406 2.8064037559993236e-16
    outer loop
      vertex 10.837039228706994 46.87423878845449 104
      vertex 10.78661604780489 46.74026761050652 109
      vertex 10.932843272420993 47.12878402655563 104
    endloop
  endfacet
  facet normal -0.9108638249211786 0.41270702980438856 6.483430495393813e-16
    outer loop
      vertex 10.932843272420993 47.12878402655563 104
      vertex 11.121890809271184 47.54602083153301 109
      vertex 11.12189080927118 47.54602083153301 104
    endloop
  endfacet
  facet normal -0.8819212643483533 0.47139673682600114 0
    outer loop
      vertex 11.12189080927118 47.54602083153301 104
      vertex 11.337822173508929 47.95 109
      vertex 11.337822173508929 47.95 104
    endloop
  endfacet
  facet normal -0.8492021815265814 0.528067850650364 0
    outer loop
      vertex 11.337822173508929 47.95 104
      vertex 11.57971271388218 48.33899163113722 109
      vertex 11.57971271388218 48.33899163113722 104
    endloop
  endfacet
  facet normal -0.9951847266721967 0.09801714032956103 -3.535606391381651e-16
    outer loop
      vertex 10.414987537329775 44.907821904611005 104
      vertex 10.414987537329774 44.907821904611005 109
      vertex 10.459885970383326 45.363683345540366 109
    endloop
  endfacet
  facet normal -0.9866433320848782 0.1628954733945933 -2.314883906174619e-16
    outer loop
      vertex 10.534503037177386 45.8156322541129 104
      vertex 10.482981729152915 45.503572293431866 105.54761904761905
      vertex 10.534503037177386 45.815632254112906 109
    endloop
  endfacet
  facet normal -0.9738769792773332 0.22707626303437534 -3.226947783252503e-16
    outer loop
      vertex 10.534503037177386 45.8156322541129 104
      vertex 10.534503037177386 45.815632254112906 109
      vertex 10.63851921597652 46.26173331571765 109
    endloop
  endfacet
  facet normal -0.9866433320848791 0.16289547339458849 2.1726952784190582e-16
    outer loop
      vertex 10.482981729152915 45.503572293431866 105.54761904761905
      vertex 10.466881320395268 45.40605355571904 109
      vertex 10.534503037177386 45.815632254112906 109
    endloop
  endfacet
  facet normal -0.9569403357322093 0.2902846772544612 9.543367317986276e-17
    outer loop
      vertex 10.679676559030106 46.39741089281904 105.54761904761904
      vertex 10.63851921597652 46.26173331571765 109
      vertex 10.771489093534258 46.700076257122134 109
    endloop
  endfacet
  facet normal -0.9359059267573242 0.35225004792123743 0
    outer loop
      vertex 10.932843272420993 47.12878402655563 104
      vertex 10.78661604780489 46.74026761050652 109
      vertex 10.932843272420993 47.12878402655563 109
    endloop
  endfacet
  facet normal -0.9108638249211757 0.412707029804395 0
    outer loop
      vertex 10.932843272420993 47.12878402655563 104
      vertex 10.932843272420993 47.12878402655563 109
      vertex 11.121890809271184 47.54602083153301 109
    endloop
  endfacet
  facet normal -0.8819212643483565 0.4713967368259951 6.266427478950877e-16
    outer loop
      vertex 11.12189080927118 47.54602083153301 104
      vertex 11.121890809271184 47.54602083153301 109
      vertex 11.337822173508929 47.95 109
    endloop
  endfacet
  facet normal -0.8492021815265814 0.528067850650364 0
    outer loop
      vertex 11.337822173508929 47.95 104
      vertex 11.337822173508929 47.95 109
      vertex 11.57971271388218 48.33899163113722 109
    endloop
  endfacet
  facet normal -0.8128466845916168 0.5824776968678002 4.337609316286576e-16
    outer loop
      vertex 11.57971271388218 48.33899163113722 104
      vertex 11.604726517389604 48.373898353505076 109
      vertex 11.84652661796136 48.71133000306106 109
    endloop
  endfacet
  facet normal 0.7730104533627291 0.6343932841636551 0
    outer loop
      vertex 22.953473382038645 48.71133000306105 104
      vertex 22.662878652352838 49.06542070570048 104
      vertex 22.953473382038645 48.71133000306105 108.99
    endloop
  endfacet
  facet normal 0.7298640726978394 0.6835923020228672 -5.196388927331983e-16
    outer loop
      vertex 22.662878652352838 49.06542070570048 104
      vertex 22.349747468305832 49.39974746830583 104
      vertex 22.66287865235284 49.06542070570048 108.99
    endloop
  endfacet
  facet normal 0.6835923020228649 0.7298640726978416 -4.857138947348096e-16
    outer loop
      vertex 22.213927220997405 49.52695701182493 104
      vertex 22.01542070570048 49.71287865235284 104
      vertex 22.015420705700482 49.71287865235284 108.99
    endloop
  endfacet
  facet normal 0.6343932841636514 0.7730104533627322 -4.516668734243246e-16
    outer loop
      vertex 22.01542070570048 49.71287865235284 104
      vertex 21.661330003061043 50.00347338203865 104
      vertex 22.015420705700482 49.71287865235284 108.99
    endloop
  endfacet
  facet normal 0.5824776968678048 0.8128466845916135 -4.1470470566301876e-16
    outer loop
      vertex 21.661330003061043 50.00347338203865 104
      vertex 21.288991631137215 50.27028728611782 104
      vertex 21.661330003061046 50.00347338203865 108.99
    endloop
  endfacet
  facet normal 0.5280678506503695 0.849202181526578 0
    outer loop
      vertex 21.288991631137215 50.27028728611782 104
      vertex 20.9 50.512177826491076 104
      vertex 21.288991631137215 50.27028728611782 108.99
    endloop
  endfacet
  facet normal -0.7298640726978354 0.6835923020228715 -7.634693854389095e-16
    outer loop
      vertex 12.450252531694165 49.39974746830583 104
      vertex 12.137121347647156 49.06542070570048 104
      vertex 12.234042904614089 49.168902798887856 105.54761904761904
    endloop
  endfacet
  facet normal -0.68359230202289 0.729864072697818 2.3662272147534446e-15
    outer loop
      vertex 12.450252531694165 49.39974746830583 104
      vertex 12.73898928121697 49.67017894543734 108.31818181818183
      vertex 12.50390661372105 49.45 104
    endloop
  endfacet
  facet normal -0.6835923020228644 0.7298640726978421 -2.590734186487672e-16
    outer loop
      vertex 12.50390661372105 49.45 104
      vertex 12.73898928121697 49.67017894543734 108.31818181818183
      vertex 12.784579294299503 49.71287865235283 104
    endloop
  endfacet
  facet normal -0.634393284163651 0.7730104533627322 -1.9389698677812924e-16
    outer loop
      vertex 12.784579294299503 49.71287865235283 104
      vertex 13.138669996938955 50.00347338203865 109
      vertex 13.138669996938948 50.00347338203864 104
    endloop
  endfacet
  facet normal -0.5824776968678076 0.8128466845916112 0
    outer loop
      vertex 13.138669996938948 50.00347338203864 104
      vertex 13.511008368862782 50.27028728611782 109
      vertex 13.511008368862782 50.27028728611782 104
    endloop
  endfacet
  facet normal -0.5280678506503619 0.8492021815265828 -8.301214746438975e-16
    outer loop
      vertex 13.511008368862782 50.27028728611782 104
      vertex 13.899999999999999 50.512177826491076 109
      vertex 13.899999999999995 50.51217782649107 104
    endloop
  endfacet
  facet normal 0.4713967368259981 0.8819212643483546 0
    outer loop
      vertex 20.9 50.512177826491076 104
      vertex 20.49602083153301 50.72810919072882 104
      vertex 20.9 50.512177826491076 108.99
    endloop
  endfacet
  facet normal 0.4127070298043918 0.9108638249211771 -2.969047610040153e-16
    outer loop
      vertex 20.49602083153301 50.72810919072882 104
      vertex 20.078784026555624 50.91715672757901 104
      vertex 20.078784026555628 50.91715672757901 109
    endloop
  endfacet
  facet normal 0.3522500479212358 0.9359059267573248 0
    outer loop
      vertex 20.078784026555624 50.91715672757901 104
      vertex 19.65007625712213 51.078510906465745 104
      vertex 19.65007625712213 51.078510906465745 109
    endloop
  endfacet
  facet normal 0.29028467725445417 0.9569403357322115 0
    outer loop
      vertex 19.65007625712213 51.078510906465745 104
      vertex 19.211733315717645 51.21148078402348 104
      vertex 19.211733315717645 51.21148078402348 109
    endloop
  endfacet
  facet normal 0.2270762630343719 0.973876979277334 -1.605709421756415e-16
    outer loop
      vertex 19.211733315717645 51.21148078402348 104
      vertex 18.765632254112894 51.315496962822614 104
      vertex 18.765632254112898 51.315496962822614 109
    endloop
  endfacet
  facet normal -0.29028467725440776 0.9569403357322254 6.61596193151102e-15
    outer loop
      vertex 15.517035956304124 51.18987317892035 104
      vertex 15.44962412516389 51.16942402350806 105.43939393939394
      vertex 15.588266684282353 51.21148078402348 104
    endloop
  endfacet
  facet normal 0.1628954733945933 0.9866433320848782 0
    outer loop
      vertex 18.765632254112894 51.315496962822614 104
      vertex 18.31368334554036 51.390114029616676 104
      vertex 18.31368334554036 51.390114029616676 109
    endloop
  endfacet
  facet normal -0.16289547339459204 0.9866433320848784 4.2096056339989336e-16
    outer loop
      vertex 16.0343677458871 51.315496962822614 104
      vertex 16.412489773087703 51.37792516217162 107.88636363636364
      vertex 16.48631665445964 51.390114029616676 104
    endloop
  endfacet
  facet normal -0.22707626303437362 0.9738769792773335 0
    outer loop
      vertex 15.588266684282353 51.21148078402348 104
      vertex 16.0343677458871 51.315496962822614 109
      vertex 16.0343677458871 51.315496962822614 104
    endloop
  endfacet
  facet normal -0.2902846772544637 0.9569403357322085 3.921579985356959e-15
    outer loop
      vertex 15.149923742877867 51.078510906465745 104
      vertex 15.44962412516389 51.16942402350806 105.43939393939394
      vertex 15.254030191461432 51.11009125238571 104
    endloop
  endfacet
  facet normal -0.47139673682599653 0.8819212643483557 -9.149514063593217e-16
    outer loop
      vertex 13.899999999999995 50.51217782649107 104
      vertex 14.30397916846699 50.72810919072882 109
      vertex 14.303979168466986 50.728109190728816 104
    endloop
  endfacet
  facet normal -0.4127070298044061 0.9108638249211706 0
    outer loop
      vertex 14.303979168466986 50.728109190728816 104
      vertex 14.72121597344437 50.91715672757901 109
      vertex 14.72121597344437 50.91715672757901 104
    endloop
  endfacet
  facet normal -0.35225004792123327 0.9359059267573258 0
    outer loop
      vertex 14.72121597344437 50.91715672757901 104
      vertex 14.72121597344437 50.91715672757901 109
      vertex 15.149923742877867 51.078510906465745 104
    endloop
  endfacet
  facet normal 0.09801714032956839 0.9951847266721963 -1.696200124979232e-15
    outer loop
      vertex 18.116116253194726 51.40957268979899 104
      vertex 17.857821904611 51.43501246267023 104
      vertex 18.165220534299234 51.40473634024217 105.62837649679756
    endloop
  endfacet
  facet normal 0.03271908282177119 0.9994645874763658 0
    outer loop
      vertex 17.857821904611 51.43501246267023 104
      vertex 17.4 51.45 104
      vertex 17.4 51.45 109
    endloop
  endfacet
  facet normal -0.03271908282177119 0.9994645874763658 0
    outer loop
      vertex 17.4 51.45 104
      vertex 16.942178095388996 51.43501246267023 104
      vertex 17.4 51.45 109
    endloop
  endfacet
  facet normal -0.09801714032956563 0.9951847266721963 0
    outer loop
      vertex 16.942178095388996 51.43501246267023 104
      vertex 16.48631665445964 51.390114029616676 104
      vertex 16.942178095388996 51.43501246267023 109
    endloop
  endfacet
  facet normal 0.8128466845916159 0.582477696867801 0
    outer loop
      vertex 23.220287286117816 48.33899163113722 108.99
      vertex 22.953473382038645 48.71133000306105 104
      vertex 22.953473382038645 48.71133000306105 108.99
    endloop
  endfacet
  facet normal 0.7730104533627329 0.6343932841636505 -5.503576776588297e-16
    outer loop
      vertex 22.662878652352838 49.06542070570048 104
      vertex 22.66287865235284 49.06542070570048 108.99
      vertex 22.953473382038645 48.71133000306105 108.99
    endloop
  endfacet
  facet normal 0.7298640726978364 0.6835923020228706 -1.0894203988185698e-16
    outer loop
      vertex 22.349747468305832 49.39974746830583 104
      vertex 22.379299223800267 49.368195380084956 108.99
      vertex 22.66287865235284 49.06542070570048 108.99
    endloop
  endfacet
  facet normal 0.6835923020228704 0.7298640726978367 -8.715363190548665e-17
    outer loop
      vertex 22.213927220997405 49.52695701182493 104
      vertex 22.015420705700482 49.71287865235284 108.99
      vertex 22.31819538008495 49.42929922380027 108.99
    endloop
  endfacet
  facet normal 0.6343932841636514 0.7730104533627321 -4.516668734243246e-16
    outer loop
      vertex 21.661330003061043 50.00347338203865 104
      vertex 21.661330003061046 50.00347338203865 108.99
      vertex 22.015420705700482 49.71287865235284 108.99
    endloop
  endfacet
  facet normal 0.582477696867801 0.8128466845916159 0
    outer loop
      vertex 21.288991631137215 50.27028728611782 104
      vertex 21.288991631137215 50.27028728611782 108.99
      vertex 21.661330003061046 50.00347338203865 108.99
    endloop
  endfacet
  facet normal 0.5280678506503695 0.849202181526578 0
    outer loop
      vertex 20.9 50.512177826491076 104
      vertex 20.9 50.512177826491076 108.99
      vertex 21.288991631137215 50.27028728611782 108.99
    endloop
  endfacet
  facet normal -0.6835923020228577 0.7298640726978483 -1.3151228209548707e-16
    outer loop
      vertex 12.784579294299503 49.71287865235283 104
      vertex 12.73898928121697 49.67017894543734 108.31818181818183
      vertex 12.784579294299517 49.71287865235284 109
    endloop
  endfacet
  facet normal -0.6343932841636494 0.7730104533627337 -3.9397369050415213e-16
    outer loop
      vertex 12.784579294299503 49.71287865235283 104
      vertex 12.784579294299517 49.71287865235284 109
      vertex 13.138669996938955 50.00347338203865 109
    endloop
  endfacet
  facet normal -0.5824776968678047 0.8128466845916135 -3.273740215431199e-16
    outer loop
      vertex 13.138669996938948 50.00347338203864 104
      vertex 13.138669996938955 50.00347338203865 109
      vertex 13.511008368862782 50.27028728611782 109
    endloop
  endfacet
  facet normal -0.5280678506503695 0.849202181526578 0
    outer loop
      vertex 13.511008368862782 50.27028728611782 104
      vertex 13.511008368862782 50.27028728611782 109
      vertex 13.899999999999999 50.512177826491076 109
    endloop
  endfacet
  facet normal -0.6835923020228303 0.729864072697874 -3.573292560156281e-15
    outer loop
      vertex 12.73898928121697 49.67017894543734 108.31818181818183
      vertex 12.753236160305265 49.68352260384844 109
      vertex 12.784579294299517 49.71287865235284 109
    endloop
  endfacet
  facet normal 0.2902846772544434 0.9569403357322147 0
    outer loop
      vertex 19.65007625712213 51.078510906465745 104
      vertex 19.545926322135646 51.11010444384181 106.6984126984127
      vertex 19.65007625712213 51.078510906465745 109
    endloop
  endfacet
  facet normal 0.2902846772544625 0.9569403357322087 8.098542249483411e-16
    outer loop
      vertex 19.65007625712213 51.078510906465745 104
      vertex 19.211733315717645 51.21148078402348 109
      vertex 19.545926322135646 51.11010444384181 106.6984126984127
    endloop
  endfacet
  facet normal 0.4713967368259981 0.8819212643483546 0
    outer loop
      vertex 20.49602083153301 50.72810919072882 104
      vertex 20.49602083153301 50.72810919072882 108.99
      vertex 20.9 50.512177826491076 108.99
    endloop
  endfacet
  facet normal 0.41270702980441343 0.9108638249211674 0
    outer loop
      vertex 20.49602083153301 50.72810919072882 104
      vertex 20.459550197607236 50.74463381997721 108.99
      vertex 20.49602083153301 50.72810919072882 108.99
    endloop
  endfacet
  facet normal 0.4127070298042474 0.9108638249212426 -1.4654579148911853e-15
    outer loop
      vertex 20.49602083153301 50.72810919072882 104
      vertex 20.456646096976936 50.745949650854 108.99007626992235
      vertex 20.459550197607236 50.74463381997721 108.99
    endloop
  endfacet
  facet normal 0.41270702980439405 0.9108638249211762 -6.873011762808529e-17
    outer loop
      vertex 20.49602083153301 50.72810919072882 104
      vertex 20.078784026555628 50.91715672757901 109
      vertex 20.456646096976936 50.745949650854 108.99007626992235
    endloop
  endfacet
  facet normal 0.35225004792123327 0.9359059267573258 -2.502887127215795e-16
    outer loop
      vertex 20.078784026555624 50.91715672757901 104
      vertex 19.65007625712213 51.078510906465745 109
      vertex 20.078784026555628 50.91715672757901 109
    endloop
  endfacet
  facet normal 0.22707626303437362 0.9738769792773335 0
    outer loop
      vertex 19.211733315717645 51.21148078402348 104
      vertex 18.765632254112898 51.315496962822614 109
      vertex 19.211733315717645 51.21148078402348 109
    endloop
  endfacet
  facet normal 0.29028467725459056 0.9569403357321699 -7.279285692201895e-15
    outer loop
      vertex 19.545926322135646 51.11010444384181 106.6984126984127
      vertex 19.63637804020324 51.082666215139426 109
      vertex 19.65007625712213 51.078510906465745 109
    endloop
  endfacet
  facet normal 0.2902846772544424 0.9569403357322149 -2.3966220898439108e-15
    outer loop
      vertex 19.545926322135646 51.11010444384181 106.6984126984127
      vertex 19.211733315717645 51.21148078402348 109
      vertex 19.34414941260025 51.171312800177915 109
    endloop
  endfacet
  facet normal 0.412707029804418 0.9108638249211654 1.09484208836382e-12
    outer loop
      vertex 20.456646096976936 50.745949650854 108.99007626992235
      vertex 20.078784026555628 50.91715672757901 109
      vertex 20.267844453811 50.831494562443766 109
    endloop
  endfacet
  facet normal -0.29028467725447066 0.9569403357322064 0
    outer loop
      vertex 15.588266684282353 51.21148078402348 104
      vertex 15.44962412516389 51.16942402350806 105.43939393939394
      vertex 15.588266684282353 51.21148078402348 109
    endloop
  endfacet
  facet normal -0.1628954733944879 0.9866433320848956 -9.994736183647716e-15
    outer loop
      vertex 16.0343677458871 51.315496962822614 104
      vertex 16.397768670805146 51.37549469834825 108.02037617554859
      vertex 16.412489773087703 51.37792516217162 107.88636363636364
    endloop
  endfacet
  facet normal 0.162895473394592 0.9866433320848783 -1.1574419530873003e-16
    outer loop
      vertex 18.765632254112894 51.315496962822614 104
      vertex 18.31368334554036 51.390114029616676 109
      vertex 18.765632254112898 51.315496962822614 109
    endloop
  endfacet
  facet normal -0.16289547339459545 0.9866433320848779 0
    outer loop
      vertex 16.0343677458871 51.315496962822614 104
      vertex 16.0343677458871 51.315496962822614 109
      vertex 16.397768670805146 51.37549469834825 108.02037617554859
    endloop
  endfacet
  facet normal -0.22707626303437362 0.9738769792773335 0
    outer loop
      vertex 15.588266684282353 51.21148078402348 104
      vertex 15.588266684282353 51.21148078402348 109
      vertex 16.0343677458871 51.315496962822614 109
    endloop
  endfacet
  facet normal -0.2902846772544409 0.9569403357322154 -1.2705355186251394e-15
    outer loop
      vertex 15.149923742877867 51.078510906465745 104
      vertex 15.588266684282353 51.21148078402348 109
      vertex 15.44962412516389 51.16942402350806 105.43939393939394
    endloop
  endfacet
  facet normal -0.47139673682599653 0.8819212643483557 -9.183379687774469e-16
    outer loop
      vertex 13.899999999999995 50.51217782649107 104
      vertex 13.899999999999999 50.512177826491076 109
      vertex 14.30397916846699 50.72810919072882 109
    endloop
  endfacet
  facet normal -0.41270702980439616 0.9108638249211752 -1.0011693661041607e-15
    outer loop
      vertex 14.303979168466986 50.728109190728816 104
      vertex 14.30397916846699 50.72810919072882 109
      vertex 14.72121597344437 50.91715672757901 109
    endloop
  endfacet
  facet normal -0.35225004792123327 0.9359059267573258 0
    outer loop
      vertex 15.149923742877867 51.078510906465745 104
      vertex 14.72121597344437 50.91715672757901 109
      vertex 15.149923742877867 51.078510906465745 109
    endloop
  endfacet
  facet normal -0.29028467725445417 0.9569403357322115 0
    outer loop
      vertex 15.149923742877867 51.078510906465745 104
      vertex 15.149923742877867 51.078510906465745 109
      vertex 15.588266684282353 51.21148078402348 109
    endloop
  endfacet
  facet normal 0.09801714032955948 0.9951847266721969 0
    outer loop
      vertex 17.857821904611 51.43501246267023 104
      vertex 17.857821904611 51.43501246267023 109
      vertex 18.165220534299234 51.40473634024217 105.62837649679756
    endloop
  endfacet
  facet normal 0.09801714032956724 0.9951847266721963 7.12659127151463e-16
    outer loop
      vertex 18.165220534299234 51.40473634024217 105.62837649679756
      vertex 17.857821904611 51.43501246267023 109
      vertex 18.197174115659976 51.40158918717166 106.41071428571429
    endloop
  endfacet
  facet normal 0.03271908282177119 0.9994645874763658 0
    outer loop
      vertex 17.857821904611 51.43501246267023 104
      vertex 17.4 51.45 109
      vertex 17.857821904611 51.43501246267023 109
    endloop
  endfacet
  facet normal -0.03271908282177119 0.9994645874763658 0
    outer loop
      vertex 16.942178095388996 51.43501246267023 104
      vertex 16.942178095388996 51.43501246267023 109
      vertex 17.4 51.45 109
    endloop
  endfacet
  facet normal -0.09801714032956563 0.9951847266721963 0
    outer loop
      vertex 16.48631665445964 51.390114029616676 104
      vertex 16.48631665445964 51.390114029616676 109
      vertex 16.942178095388996 51.43501246267023 109
    endloop
  endfacet
  facet normal -0.1628954733946043 0.9866433320848764 -3.3740373737757e-15
    outer loop
      vertex 16.397768670805146 51.37549469834825 108.02037617554859
      vertex 16.0343677458871 51.315496962822614 109
      vertex 16.37994977265692 51.37255278635753 109
    endloop
  endfacet
  facet normal 0.09801714032956561 0.9951847266721964 5.027636039169058e-16
    outer loop
      vertex 18.197174115659976 51.40158918717166 106.41071428571429
      vertex 17.857821904611 51.43501246267023 109
      vertex 18.31368334554036 51.390114029616676 109
    endloop
  endfacet
  facet normal -0.812846684591616 0.582477696867801 3.2720116518809975e-16
    outer loop
      vertex 11.57971271388218 48.33899163113722 104
      vertex 11.84652661796136 48.71133000306106 109
      vertex 11.846526617961352 48.71133000306105 104
    endloop
  endfacet
  facet normal -0.7730104533627329 0.6343932841636505 0
    outer loop
      vertex 11.846526617961352 48.71133000306105 104
      vertex 12.137121347647156 49.06542070570048 109
      vertex 12.137121347647156 49.06542070570048 104
    endloop
  endfacet
  facet normal -0.7298640726978413 0.6835923020228654 0
    outer loop
      vertex 12.234042904614089 49.168902798887856 105.54761904761904
      vertex 12.137121347647156 49.06542070570048 104
      vertex 12.137121347647156 49.06542070570048 109
    endloop
  endfacet
  facet normal -0.7730104533627341 0.6343932841636488 1.9698684525207757e-16
    outer loop
      vertex 11.846526617961352 48.71133000306105 104
      vertex 11.84652661796136 48.71133000306106 109
      vertex 12.137121347647156 49.06542070570048 109
    endloop
  endfacet
  facet normal -0.7298640726978713 0.6835923020228333 -1.8136054366746566e-15
    outer loop
      vertex 12.234042904614089 49.168902798887856 105.54761904761904
      vertex 12.137121347647156 49.06542070570048 109
      vertex 12.166477396151564 49.09676383969474 109
    endloop
  endfacet
  facet normal 0.35225004792125003 -0.9359059267573194 0
    outer loop
      vertex 23.694633819977202 47.50955019760724 108.99
      vertex 23.744862253554214 47.52845484136328 108.99
      vertex 23.694633819977202 47.50955019760724 109
    endloop
  endfacet
  facet normal 0 0 -1
    outer loop
      vertex 23.694633819977202 47.50955019760724 108.99
      vertex 23.67810919072882 47.54602083153301 108.99
      vertex 23.744862253554214 47.52845484136328 108.99
    endloop
  endfacet
  facet normal 0.35225004792125003 -0.9359059267573195 0
    outer loop
      vertex 23.694633819977202 47.50955019760724 109
      vertex 23.744862253554214 47.52845484136328 108.99
      vertex 23.694633819977202 47.50955019760724 110.5
    endloop
  endfacet
  facet normal 0 0 -1
    outer loop
      vertex 24.310057245163293 47.854770321913406 108.99
      vertex 24.66775319133893 48.18978913489132 108.99
      vertex 24.43651821039166 47.95855415394405 108.99
    endloop
  endfacet
  facet normal 0 0 -1
    outer loop
      vertex 23.893875398188996 47.59597181880977 108.99
      vertex 24.953217182102588 48.588153672641496 108.99
      vertex 24.038153672641492 47.6730901631804 108.99
    endloop
  endfacet
  facet normal 0 0 -1
    outer loop
      vertex 24.038153672641492 47.6730901631804 108.99
      vertex 24.866827703397853 48.44922809009249 108.99
      vertex 24.177079255190495 47.75947964188513 108.99
    endloop
  endfacet
  facet normal 0 0 -1
    outer loop
      vertex 24.177079255190495 47.75947964188513 108.99
      vertex 24.77153702336958 48.316250100119696 108.99
      vertex 24.310057245163293 47.854770321913406 108.99
    endloop
  endfacet
  facet normal 0 0 -1
    outer loop
      vertex 23.744862253554214 47.52845484136328 108.99
      vertex 25.030335526473213 48.73243194709399 108.99
      vertex 23.893875398188996 47.59597181880977 108.99
    endloop
  endfacet
  facet normal 0 0 -1
    outer loop
      vertex 23.744862253554214 47.52845484136328 108.99
      vertex 23.67810919072882 47.54602083153301 108.99
      vertex 25.097852503919707 48.88144509172877 108.99
    endloop
  endfacet
  facet normal 0 0 -1
    outer loop
      vertex 24.43651821039166 47.95855415394405 108.99
      vertex 24.66775319133893 48.18978913489132 108.99
      vertex 24.55592062560786 48.07038671967513 108.99
    endloop
  endfacet
  facet normal 0 0 -1
    outer loop
      vertex 24.310057245163293 47.854770321913406 108.99
      vertex 24.77153702336958 48.316250100119696 108.99
      vertex 24.66775319133893 48.18978913489132 108.99
    endloop
  endfacet
  facet normal 0 0 -1
    outer loop
      vertex 24.177079255190495 47.75947964188513 108.99
      vertex 24.866827703397853 48.44922809009249 108.99
      vertex 24.77153702336958 48.316250100119696 108.99
    endloop
  endfacet
  facet normal 0 0 -1
    outer loop
      vertex 24.038153672641492 47.6730901631804 108.99
      vertex 24.953217182102588 48.588153672641496 108.99
      vertex 24.866827703397853 48.44922809009249 108.99
    endloop
  endfacet
  facet normal 0 0 -1
    outer loop
      vertex 23.893875398188996 47.59597181880977 108.99
      vertex 25.030335526473213 48.73243194709399 108.99
      vertex 24.953217182102588 48.588153672641496 108.99
    endloop
  endfacet
  facet normal 0 0 -1
    outer loop
      vertex 23.744862253554214 47.52845484136328 108.99
      vertex 25.097852503919707 48.88144509172877 108.99
      vertex 25.030335526473213 48.73243194709399 108.99
    endloop
  endfacet
  facet normal 0 0 -1
    outer loop
      vertex 23.67810919072882 47.54602083153301 108.99
      vertex 25.155478996379255 49.034555009383595 108.99
      vertex 25.097852503919707 48.88144509172877 108.99
    endloop
  endfacet
  facet normal 0 0 -1
    outer loop
      vertex 23.67810919072882 47.54602083153301 108.99
      vertex 23.46217782649107 47.95 108.99
      vertex 25.282800980738 49.67464584956614 108.99
    endloop
  endfacet
  facet normal 0 0 -1
    outer loop
      vertex 23.67810919072882 47.54602083153301 108.99
      vertex 25.20296823836416 49.19110605988519 108.99
      vertex 25.155478996379255 49.034555009383595 108.99
    endloop
  endfacet
  facet normal 0 0 -1
    outer loop
      vertex 23.67810919072882 47.54602083153301 108.99
      vertex 25.240116873649566 49.35042786760118 108.99
      vertex 25.20296823836416 49.19110605988519 108.99
    endloop
  endfacet
  facet normal 0 0 -1
    outer loop
      vertex 23.67810919072882 47.54602083153301 108.99
      vertex 25.266765826076018 49.51183819209137 108.99
      vertex 25.240116873649566 49.35042786760118 108.99
    endloop
  endfacet
  facet normal 0 0 -1
    outer loop
      vertex 23.67810919072882 47.54602083153301 108.99
      vertex 25.282800980738 49.67464584956614 108.99
      vertex 25.266765826076018 49.51183819209137 108.99
    endloop
  endfacet
  facet normal 0 0 -1
    outer loop
      vertex 23.46217782649107 47.95 108.99
      vertex 23.24311570586554 48.30228054594864 108.99
      vertex 25.240116873649566 50.325879477681816 108.99
    endloop
  endfacet
  facet normal 0 0 -1
    outer loop
      vertex 23.24311570586554 48.30228054594864 108.99
      vertex 23.220287286117816 48.33899163113722 108.99
      vertex 25.240116873649566 50.325879477681816 108.99
    endloop
  endfacet
  facet normal 0 0 -1
    outer loop
      vertex 23.46217782649107 47.95 108.99
      vertex 25.288153672641492 49.838153672641496 108.99
      vertex 25.282800980738 49.67464584956614 108.99
    endloop
  endfacet
  facet normal 0 0 -1
    outer loop
      vertex 23.46217782649107 47.95 108.99
      vertex 25.282800980738 50.00166149571685 108.99
      vertex 25.288153672641492 49.838153672641496 108.99
    endloop
  endfacet
  facet normal 0 0 -1
    outer loop
      vertex 23.46217782649107 47.95 108.99
      vertex 25.266765826076018 50.164469153191625 108.99
      vertex 25.282800980738 50.00166149571685 108.99
    endloop
  endfacet
  facet normal 0 0 -1
    outer loop
      vertex 23.46217782649107 47.95 108.99
      vertex 25.240116873649566 50.325879477681816 108.99
      vertex 25.266765826076018 50.164469153191625 108.99
    endloop
  endfacet
  facet normal 0 0 -1
    outer loop
      vertex 23.220287286117816 48.33899163113722 108.99
      vertex 22.953473382038645 48.71133000306105 108.99
      vertex 25.097852503919707 50.79486225355422 108.99
    endloop
  endfacet
  facet normal 0 0 -1
    outer loop
      vertex 23.220287286117816 48.33899163113722 108.99
      vertex 25.20296823836416 50.4852012853978 108.99
      vertex 25.240116873649566 50.325879477681816 108.99
    endloop
  endfacet
  facet normal 0 0 -1
    outer loop
      vertex 23.220287286117816 48.33899163113722 108.99
      vertex 25.155478996379255 50.6417523358994 108.99
      vertex 25.20296823836416 50.4852012853978 108.99
    endloop
  endfacet
  facet normal 0 0 -1
    outer loop
      vertex 23.220287286117816 48.33899163113722 108.99
      vertex 25.097852503919707 50.79486225355422 108.99
      vertex 25.155478996379255 50.6417523358994 108.99
    endloop
  endfacet
  facet normal 0 0 -1
    outer loop
      vertex 22.953473382038645 48.71133000306105 108.99
      vertex 22.66287865235284 49.06542070570048 108.99
      vertex 24.866827703397853 51.2270792551905 108.99
    endloop
  endfacet
  facet normal 0 0 -1
    outer loop
      vertex 22.953473382038645 48.71133000306105 108.99
      vertex 25.030335526473213 50.943875398189 108.99
      vertex 25.097852503919707 50.79486225355422 108.99
    endloop
  endfacet
  facet normal 0 0 -1
    outer loop
      vertex 22.953473382038645 48.71133000306105 108.99
      vertex 24.953217182102588 51.088153672641496 108.99
      vertex 25.030335526473213 50.943875398189 108.99
    endloop
  endfacet
  facet normal 0 0 -1
    outer loop
      vertex 22.953473382038645 48.71133000306105 108.99
      vertex 24.866827703397853 51.2270792551905 108.99
      vertex 24.953217182102588 51.088153672641496 108.99
    endloop
  endfacet
  facet normal 0 0 -1
    outer loop
      vertex 22.66287865235284 49.06542070570048 108.99
      vertex 22.379299223800267 49.368195380084956 108.99
      vertex 24.667753191338935 51.486518210391665 108.99
    endloop
  endfacet
  facet normal 0 0 -1
    outer loop
      vertex 22.379299223800267 49.368195380084956 108.99
      vertex 22.349747468305832 49.39974746830583 108.99
      vertex 24.667753191338935 51.486518210391665 108.99
    endloop
  endfacet
  facet normal 0 0 -1
    outer loop
      vertex 22.349747468305832 49.39974746830583 108.99
      vertex 22.31819538008495 49.42929922380027 108.99
      vertex 24.177079255190495 51.91682770339786 108.99
    endloop
  endfacet
  facet normal 0 0 -1
    outer loop
      vertex 22.31819538008495 49.42929922380027 108.99
      vertex 22.015420705700482 49.71287865235284 108.99
      vertex 24.177079255190495 51.91682770339786 108.99
    endloop
  endfacet
  facet normal 0 0 -1
    outer loop
      vertex 22.66287865235284 49.06542070570048 108.99
      vertex 24.77153702336958 51.3600572451633 108.99
      vertex 24.866827703397853 51.2270792551905 108.99
    endloop
  endfacet
  facet normal 0 0 -1
    outer loop
      vertex 22.66287865235284 49.06542070570048 108.99
      vertex 24.667753191338935 51.486518210391665 108.99
      vertex 24.77153702336958 51.3600572451633 108.99
    endloop
  endfacet
  facet normal 0 0 -1
    outer loop
      vertex 22.349747468305832 49.39974746830583 108.99
      vertex 24.55592062560786 51.605920625607865 108.99
      vertex 24.667753191338935 51.486518210391665 108.99
    endloop
  endfacet
  facet normal 0 0 -1
    outer loop
      vertex 22.349747468305832 49.39974746830583 108.99
      vertex 24.436518210391664 51.717753191338936 108.99
      vertex 24.55592062560786 51.605920625607865 108.99
    endloop
  endfacet
  facet normal 0 0 -1
    outer loop
      vertex 22.015420705700482 49.71287865235284 108.99
      vertex 21.661330003061046 50.00347338203865 108.99
      vertex 23.744862253554217 52.14785250391971 108.99
    endloop
  endfacet
  facet normal 0 0 -1
    outer loop
      vertex 21.661330003061046 50.00347338203865 108.99
      vertex 21.288991631137215 50.27028728611782 108.99
      vertex 23.275879477681812 52.29011687364957 108.99
    endloop
  endfacet
  facet normal 0 0 -1
    outer loop
      vertex 22.349747468305832 49.39974746830583 108.99
      vertex 24.310057245163293 51.82153702336958 108.99
      vertex 24.436518210391664 51.717753191338936 108.99
    endloop
  endfacet
  facet normal 0 0 -1
    outer loop
      vertex 22.349747468305832 49.39974746830583 108.99
      vertex 24.177079255190495 51.91682770339786 108.99
      vertex 24.310057245163293 51.82153702336958 108.99
    endloop
  endfacet
  facet normal 0 0 -1
    outer loop
      vertex 22.015420705700482 49.71287865235284 108.99
      vertex 24.038153672641492 52.00321718210259 108.99
      vertex 24.177079255190495 51.91682770339786 108.99
    endloop
  endfacet
  facet normal 0 0 -1
    outer loop
      vertex 22.015420705700482 49.71287865235284 108.99
      vertex 23.893875398188996 52.08033552647322 108.99
      vertex 24.038153672641492 52.00321718210259 108.99
    endloop
  endfacet
  facet normal 0 0 -1
    outer loop
      vertex 22.015420705700482 49.71287865235284 108.99
      vertex 23.744862253554217 52.14785250391971 108.99
      vertex 23.893875398188996 52.08033552647322 108.99
    endloop
  endfacet
  facet normal 0 0 -1
    outer loop
      vertex 20.9 50.512177826491076 108.99
      vertex 20.49602083153301 50.72810919072882 108.99
      vertex 20.478454841363273 50.79486225355422 108.99
    endloop
  endfacet
  facet normal 0 0 -1
    outer loop
      vertex 20.49602083153301 50.72810919072882 108.99
      vertex 20.459550197607236 50.74463381997721 108.99
      vertex 20.478454841363273 50.79486225355422 108.99
    endloop
  endfacet
  facet normal -0.9359059267573194 0.35225004792125 0
    outer loop
      vertex 20.459550197607236 50.74463381997721 108.99
      vertex 20.459550197607236 50.74463381997721 110.5
      vertex 20.478454841363273 50.79486225355422 108.99
    endloop
  endfacet
  facet normal 0 0 -1
    outer loop
      vertex 21.288991631137215 50.27028728611782 108.99
      vertex 20.9 50.512177826491076 108.99
      vertex 22.788153672641492 52.338153672641496 108.99
    endloop
  endfacet
  facet normal 0 0 -1
    outer loop
      vertex 20.9 50.512177826491076 108.99
      vertex 20.478454841363273 50.79486225355422 108.99
      vertex 21.984555009383588 52.205478996379256 108.99
    endloop
  endfacet
  facet normal 0 0 -1
    outer loop
      vertex 20.478454841363273 50.79486225355422 108.99
      vertex 20.545971818809768 50.943875398189 108.99
      vertex 21.831445091728767 52.147852503919715 108.99
    endloop
  endfacet
  facet normal 0 0 -1
    outer loop
      vertex 20.545971818809768 50.943875398189 108.99
      vertex 20.623090163180393 51.088153672641496 108.99
      vertex 21.68243194709399 52.08033552647321 108.99
    endloop
  endfacet
  facet normal 0 0 -1
    outer loop
      vertex 21.661330003061046 50.00347338203865 108.99
      vertex 23.591752335899393 52.205478996379256 108.99
      vertex 23.744862253554217 52.14785250391971 108.99
    endloop
  endfacet
  facet normal 0 0 -1
    outer loop
      vertex 21.661330003061046 50.00347338203865 108.99
      vertex 23.435201285397792 52.25296823836417 108.99
      vertex 23.591752335899393 52.205478996379256 108.99
    endloop
  endfacet
  facet normal 0 0 -1
    outer loop
      vertex 21.661330003061046 50.00347338203865 108.99
      vertex 23.275879477681812 52.29011687364957 108.99
      vertex 23.435201285397792 52.25296823836417 108.99
    endloop
  endfacet
  facet normal 0 0 -1
    outer loop
      vertex 21.288991631137215 50.27028728611782 108.99
      vertex 23.11446915319162 52.31676582607602 108.99
      vertex 23.275879477681812 52.29011687364957 108.99
    endloop
  endfacet
  facet normal 0 0 -1
    outer loop
      vertex 21.288991631137215 50.27028728611782 108.99
      vertex 22.95166149571685 52.332800980738 108.99
      vertex 23.11446915319162 52.31676582607602 108.99
    endloop
  endfacet
  facet normal 0 0 -1
    outer loop
      vertex 21.288991631137215 50.27028728611782 108.99
      vertex 22.788153672641492 52.338153672641496 108.99
      vertex 22.95166149571685 52.332800980738 108.99
    endloop
  endfacet
  facet normal 0 0 -1
    outer loop
      vertex 20.9 50.512177826491076 108.99
      vertex 22.624645849566132 52.33280098073801 108.99
      vertex 22.788153672641492 52.338153672641496 108.99
    endloop
  endfacet
  facet normal 0 0 -1
    outer loop
      vertex 20.623090163180393 51.088153672641496 108.99
      vertex 20.709479641885128 51.2270792551905 108.99
      vertex 21.53815367264149 52.00321718210259 108.99
    endloop
  endfacet
  facet normal 0 0 -1
    outer loop
      vertex 20.709479641885128 51.2270792551905 108.99
      vertex 20.804770321913402 51.3600572451633 108.99
      vertex 21.399228090092485 51.91682770339786 108.99
    endloop
  endfacet
  facet normal 0 0 -1
    outer loop
      vertex 20.804770321913402 51.3600572451633 108.99
      vertex 20.908554153944046 51.486518210391665 108.99
      vertex 21.266250100119688 51.82153702336959 108.99
    endloop
  endfacet
  facet normal 0 0 -1
    outer loop
      vertex 20.908554153944046 51.486518210391665 108.99
      vertex 21.020386719675123 51.605920625607865 108.99
      vertex 21.139789134891316 51.717753191338936 108.99
    endloop
  endfacet
  facet normal 0 0 -1
    outer loop
      vertex 20.9 50.512177826491076 108.99
      vertex 21.984555009383588 52.205478996379256 108.99
      vertex 22.14110605988519 52.25296823836416 108.99
    endloop
  endfacet
  facet normal 0 0 -1
    outer loop
      vertex 20.9 50.512177826491076 108.99
      vertex 22.30042786760117 52.29011687364957 108.99
      vertex 22.461838192091363 52.31676582607602 108.99
    endloop
  endfacet
  facet normal 0 0 -1
    outer loop
      vertex 20.9 50.512177826491076 108.99
      vertex 22.461838192091363 52.31676582607602 108.99
      vertex 22.624645849566132 52.33280098073801 108.99
    endloop
  endfacet
  facet normal 0 0 -1
    outer loop
      vertex 20.9 50.512177826491076 108.99
      vertex 22.14110605988519 52.25296823836416 108.99
      vertex 22.30042786760117 52.29011687364957 108.99
    endloop
  endfacet
  facet normal 0 0 -1
    outer loop
      vertex 20.478454841363273 50.79486225355422 108.99
      vertex 21.831445091728767 52.147852503919715 108.99
      vertex 21.984555009383588 52.205478996379256 108.99
    endloop
  endfacet
  facet normal 0 0 -1
    outer loop
      vertex 20.545971818809768 50.943875398189 108.99
      vertex 21.68243194709399 52.08033552647321 108.99
      vertex 21.831445091728767 52.147852503919715 108.99
    endloop
  endfacet
  facet normal 0 0 -1
    outer loop
      vertex 20.623090163180393 51.088153672641496 108.99
      vertex 21.53815367264149 52.00321718210259 108.99
      vertex 21.68243194709399 52.08033552647321 108.99
    endloop
  endfacet
  facet normal 0 0 -1
    outer loop
      vertex 20.709479641885128 51.2270792551905 108.99
      vertex 21.399228090092485 51.91682770339786 108.99
      vertex 21.53815367264149 52.00321718210259 108.99
    endloop
  endfacet
  facet normal 0 0 -1
    outer loop
      vertex 20.908554153944046 51.486518210391665 108.99
      vertex 21.139789134891316 51.717753191338936 108.99
      vertex 21.266250100119688 51.82153702336959 108.99
    endloop
  endfacet
  facet normal 0 0 -1
    outer loop
      vertex 20.804770321913402 51.3600572451633 108.99
      vertex 21.266250100119688 51.82153702336959 108.99
      vertex 21.399228090092485 51.91682770339786 108.99
    endloop
  endfacet
  facet normal 0.41270702980437934 -0.9108638249211828 0
    outer loop
      vertex 23.744862253554214 47.52845484136328 108.99
      vertex 23.893875398188996 47.59597181880977 108.99
      vertex 23.744862253554214 47.52845484136328 117.5
    endloop
  endfacet
  facet normal 0.35225004792126596 -0.9359059267573134 6.039209382680611e-16
    outer loop
      vertex 23.744862253554214 47.52845484136328 108.99
      vertex 23.591752335899393 47.47082834890373 117.5
      vertex 23.694633819977202 47.50955019760724 110.5
    endloop
  endfacet
  facet normal 0.09801714032957379 -0.9951847266721956 0
    outer loop
      vertex 22.95166149571685 47.343506364544986 110.5
      vertex 23.11446915319162 47.35954151920697 110.5
      vertex 22.95166149571685 47.343506364544986 117.5
    endloop
  endfacet
  facet normal 0.03271908282176529 -0.9994645874763659 0
    outer loop
      vertex 22.95166149571685 47.343506364544986 110.5
      vertex 22.788153672641492 47.338153672641496 117.5
      vertex 22.788153672641492 47.338153672641496 110.5
    endloop
  endfacet
  facet normal -0.032719082821764583 -0.999464587476366 0
    outer loop
      vertex 22.788153672641492 47.338153672641496 110.5
      vertex 22.624645849566132 47.343506364544986 117.5
      vertex 22.624645849566132 47.343506364544986 110.5
    endloop
  endfacet
  facet normal 0.2270762630343724 -0.973876979277334 0
    outer loop
      vertex 23.275879477681812 47.38619047163342 110.5
      vertex 23.435201285397792 47.423339106918824 110.5
      vertex 23.275879477681812 47.38619047163342 117.5
    endloop
  endfacet
  facet normal 0.29028467725445783 -0.9569403357322103 0
    outer loop
      vertex 23.435201285397792 47.423339106918824 110.5
      vertex 23.591752335899393 47.47082834890373 110.5
      vertex 23.435201285397792 47.423339106918824 117.5
    endloop
  endfacet
  facet normal 0.16289547339458144 -0.9866433320848801 0
    outer loop
      vertex 23.275879477681812 47.38619047163342 110.5
      vertex 23.11446915319162 47.35954151920697 117.5
      vertex 23.11446915319162 47.35954151920697 110.5
    endloop
  endfacet
  facet normal 0.3522500479212299 -0.935905926757327 0
    outer loop
      vertex 23.694633819977202 47.50955019760724 110.5
      vertex 23.591752335899393 47.47082834890373 117.5
      vertex 23.591752335899393 47.47082834890373 110.5
    endloop
  endfacet
  facet normal -0.09801714032957592 -0.9951847266721955 0
    outer loop
      vertex 22.624645849566132 47.343506364544986 110.5
      vertex 22.461838192091363 47.35954151920697 117.5
      vertex 22.461838192091363 47.35954151920697 110.5
    endloop
  endfacet
  facet normal -0.16289547339457797 -0.9866433320848808 0
    outer loop
      vertex 22.461838192091363 47.35954151920697 110.5
      vertex 22.30042786760117 47.38619047163342 117.5
      vertex 22.30042786760117 47.38619047163342 110.5
    endloop
  endfacet
  facet normal -0.2270762630343724 -0.973876979277334 0
    outer loop
      vertex 22.30042786760117 47.38619047163342 110.5
      vertex 22.14110605988519 47.423339106918824 117.5
      vertex 22.14110605988519 47.423339106918824 110.5
    endloop
  endfacet
  facet normal -0.29028467725445783 -0.9569403357322103 0
    outer loop
      vertex 22.14110605988519 47.423339106918824 110.5
      vertex 21.984555009383588 47.47082834890373 117.5
      vertex 21.984555009383588 47.47082834890373 110.5
    endloop
  endfacet
  facet normal -0.35225004792123654 -0.9359059267573245 0
    outer loop
      vertex 21.984555009383588 47.47082834890373 110.5
      vertex 21.831445091728767 47.52845484136328 117.5
      vertex 21.831445091728767 47.52845484136328 110.5
    endloop
  endfacet
  facet normal -0.41270702980438756 -0.9108638249211791 0
    outer loop
      vertex 21.831445091728767 47.52845484136328 110.5
      vertex 21.68243194709399 47.59597181880977 117.5
      vertex 21.68243194709399 47.59597181880977 110.5
    endloop
  endfacet
  facet normal 0.5280678506503653 -0.8492021815265806 0
    outer loop
      vertex 24.038153672641492 47.6730901631804 108.99
      vertex 24.177079255190495 47.75947964188513 108.99
      vertex 24.038153672641492 47.6730901631804 117.5
    endloop
  endfacet
  facet normal 0.4713967368260029 -0.8819212643483523 0
    outer loop
      vertex 23.893875398188996 47.59597181880977 108.99
      vertex 24.038153672641492 47.6730901631804 108.99
      vertex 23.893875398188996 47.59597181880977 117.5
    endloop
  endfacet
  facet normal 0.5824776968678077 -0.8128466845916111 0
    outer loop
      vertex 24.177079255190495 47.75947964188513 108.99
      vertex 24.310057245163293 47.854770321913406 108.99
      vertex 24.177079255190495 47.75947964188513 117.5
    endloop
  endfacet
  facet normal 0.6835923020228706 -0.7298640726978364 0
    outer loop
      vertex 24.43651821039166 47.95855415394405 108.99
      vertex 24.55592062560786 48.07038671967513 108.99
      vertex 24.43651821039166 47.95855415394405 117.5
    endloop
  endfacet
  facet normal 0.6343932841636493 -0.7730104533627339 0
    outer loop
      vertex 24.310057245163293 47.854770321913406 108.99
      vertex 24.43651821039166 47.95855415394405 108.99
      vertex 24.310057245163293 47.854770321913406 117.5
    endloop
  endfacet
  facet normal 0.7298640726978377 -0.683592302022869 0
    outer loop
      vertex 24.55592062560786 48.07038671967513 108.99
      vertex 24.66775319133893 48.18978913489132 108.99
      vertex 24.55592062560786 48.07038671967513 117.5
    endloop
  endfacet
  facet normal 0.7730104533627408 -0.634393284163641 0
    outer loop
      vertex 24.66775319133893 48.18978913489132 108.99
      vertex 24.77153702336958 48.316250100119696 108.99
      vertex 24.66775319133893 48.18978913489132 117.5
    endloop
  endfacet
  facet normal 0.8128466845916141 -0.5824776968678037 0
    outer loop
      vertex 24.77153702336958 48.316250100119696 108.99
      vertex 24.866827703397853 48.44922809009249 108.99
      vertex 24.77153702336958 48.316250100119696 117.5
    endloop
  endfacet
  facet normal 0.8492021815265769 -0.5280678506503713 0
    outer loop
      vertex 24.866827703397853 48.44922809009249 108.99
      vertex 24.953217182102588 48.588153672641496 108.99
      vertex 24.866827703397853 48.44922809009249 117.5
    endloop
  endfacet
  facet normal -0.4713967368260029 -0.8819212643483522 0
    outer loop
      vertex 21.68243194709399 47.59597181880977 110.5
      vertex 21.538153672641492 47.6730901631804 117.5
      vertex 21.538153672641492 47.6730901631804 110.5
    endloop
  endfacet
  facet normal -0.5280678506503556 -0.8492021815265867 0
    outer loop
      vertex 21.538153672641492 47.6730901631804 110.5
      vertex 21.399228090092485 47.75947964188513 117.5
      vertex 21.399228090092485 47.75947964188513 110.5
    endloop
  endfacet
  facet normal -0.5824776968678078 -0.8128466845916112 0
    outer loop
      vertex 21.399228090092485 47.75947964188513 110.5
      vertex 21.266250100119688 47.854770321913406 117.5
      vertex 21.266250100119688 47.854770321913406 110.5
    endloop
  endfacet
  facet normal -0.6343932841636493 -0.7730104533627339 0
    outer loop
      vertex 21.266250100119688 47.854770321913406 110.5
      vertex 21.13978913489132 47.95855415394405 117.5
      vertex 21.13978913489132 47.95855415394405 110.5
    endloop
  endfacet
  facet normal -0.6835923020228813 -0.7298640726978262 0
    outer loop
      vertex 21.13978913489132 47.95855415394405 110.5
      vertex 21.020386719675123 48.07038671967513 117.5
      vertex 21.020386719675123 48.07038671967513 110.5
    endloop
  endfacet
  facet normal -0.7298640726978161 -0.6835923020228922 0
    outer loop
      vertex 21.020386719675123 48.07038671967513 110.5
      vertex 20.908554153944046 48.18978913489132 117.5
      vertex 20.908554153944046 48.18978913489132 110.5
    endloop
  endfacet
  facet normal -0.7730104533627514 -0.6343932841636281 0
    outer loop
      vertex 20.908554153944046 48.18978913489132 110.5
      vertex 20.804770321913402 48.316250100119696 117.5
      vertex 20.804770321913402 48.316250100119696 110.5
    endloop
  endfacet
  facet normal -0.8128466845916141 -0.5824776968678037 0
    outer loop
      vertex 20.804770321913402 48.316250100119696 110.5
      vertex 20.709479641885128 48.44922809009249 117.5
      vertex 20.709479641885128 48.44922809009249 110.5
    endloop
  endfacet
  facet normal 0.35225004792123654 -0.9359059267573245 0
    outer loop
      vertex 23.744862253554214 47.52845484136328 108.99
      vertex 23.744862253554214 47.52845484136328 117.5
      vertex 23.591752335899393 47.47082834890373 117.5
    endloop
  endfacet
  facet normal 0.41270702980437934 -0.9108638249211828 0
    outer loop
      vertex 23.893875398188996 47.59597181880977 108.99
      vertex 23.893875398188996 47.59597181880977 117.5
      vertex 23.744862253554214 47.52845484136328 117.5
    endloop
  endfacet
  facet normal 0.03271908282176529 -0.9994645874763659 0
    outer loop
      vertex 22.95166149571685 47.343506364544986 110.5
      vertex 22.95166149571685 47.343506364544986 117.5
      vertex 22.788153672641492 47.338153672641496 117.5
    endloop
  endfacet
  facet normal -0.032719082821764583 -0.999464587476366 0
    outer loop
      vertex 22.788153672641492 47.338153672641496 110.5
      vertex 22.788153672641492 47.338153672641496 117.5
      vertex 22.624645849566132 47.343506364544986 117.5
    endloop
  endfacet
  facet normal -0.09801714032957592 -0.9951847266721955 0
    outer loop
      vertex 22.624645849566132 47.343506364544986 110.5
      vertex 22.624645849566132 47.343506364544986 117.5
      vertex 22.461838192091363 47.35954151920697 117.5
    endloop
  endfacet
  facet normal 0.29028467725445783 -0.9569403357322103 0
    outer loop
      vertex 23.591752335899393 47.47082834890373 110.5
      vertex 23.591752335899393 47.47082834890373 117.5
      vertex 23.435201285397792 47.423339106918824 117.5
    endloop
  endfacet
  facet normal 0.2270762630343724 -0.973876979277334 0
    outer loop
      vertex 23.435201285397792 47.423339106918824 110.5
      vertex 23.435201285397792 47.423339106918824 117.5
      vertex 23.275879477681812 47.38619047163342 117.5
    endloop
  endfacet
  facet normal 0.16289547339458144 -0.9866433320848801 0
    outer loop
      vertex 23.275879477681812 47.38619047163342 110.5
      vertex 23.275879477681812 47.38619047163342 117.5
      vertex 23.11446915319162 47.35954151920697 117.5
    endloop
  endfacet
  facet normal 0.09801714032957379 -0.9951847266721956 0
    outer loop
      vertex 23.11446915319162 47.35954151920697 110.5
      vertex 23.11446915319162 47.35954151920697 117.5
      vertex 22.95166149571685 47.343506364544986 117.5
    endloop
  endfacet
  facet normal -0.16289547339457797 -0.9866433320848808 0
    outer loop
      vertex 22.461838192091363 47.35954151920697 110.5
      vertex 22.461838192091363 47.35954151920697 117.5
      vertex 22.30042786760117 47.38619047163342 117.5
    endloop
  endfacet
  facet normal -0.2270762630343724 -0.973876979277334 0
    outer loop
      vertex 22.30042786760117 47.38619047163342 110.5
      vertex 22.30042786760117 47.38619047163342 117.5
      vertex 22.14110605988519 47.423339106918824 117.5
    endloop
  endfacet
  facet normal -0.29028467725445783 -0.9569403357322103 0
    outer loop
      vertex 22.14110605988519 47.423339106918824 110.5
      vertex 22.14110605988519 47.423339106918824 117.5
      vertex 21.984555009383588 47.47082834890373 117.5
    endloop
  endfacet
  facet normal -0.35225004792123654 -0.9359059267573245 0
    outer loop
      vertex 21.984555009383588 47.47082834890373 110.5
      vertex 21.984555009383588 47.47082834890373 117.5
      vertex 21.831445091728767 47.52845484136328 117.5
    endloop
  endfacet
  facet normal -0.41270702980438756 -0.9108638249211791 0
    outer loop
      vertex 21.831445091728767 47.52845484136328 110.5
      vertex 21.831445091728767 47.52845484136328 117.5
      vertex 21.68243194709399 47.59597181880977 117.5
    endloop
  endfacet
  facet normal 0.4713967368260029 -0.8819212643483523 0
    outer loop
      vertex 24.038153672641492 47.6730901631804 108.99
      vertex 24.038153672641492 47.6730901631804 117.5
      vertex 23.893875398188996 47.59597181880977 117.5
    endloop
  endfacet
  facet normal 0.5280678506503653 -0.8492021815265806 0
    outer loop
      vertex 24.177079255190495 47.75947964188513 108.99
      vertex 24.177079255190495 47.75947964188513 117.5
      vertex 24.038153672641492 47.6730901631804 117.5
    endloop
  endfacet
  facet normal 0.5824776968678077 -0.8128466845916111 0
    outer loop
      vertex 24.310057245163293 47.854770321913406 108.99
      vertex 24.310057245163293 47.854770321913406 117.5
      vertex 24.177079255190495 47.75947964188513 117.5
    endloop
  endfacet
  facet normal 0.6835923020228706 -0.7298640726978364 0
    outer loop
      vertex 24.55592062560786 48.07038671967513 108.99
      vertex 24.55592062560786 48.07038671967513 117.5
      vertex 24.43651821039166 47.95855415394405 117.5
    endloop
  endfacet
  facet normal 0.6343932841636493 -0.7730104533627339 0
    outer loop
      vertex 24.43651821039166 47.95855415394405 108.99
      vertex 24.43651821039166 47.95855415394405 117.5
      vertex 24.310057245163293 47.854770321913406 117.5
    endloop
  endfacet
  facet normal 0.7298640726978377 -0.683592302022869 0
    outer loop
      vertex 24.66775319133893 48.18978913489132 108.99
      vertex 24.66775319133893 48.18978913489132 117.5
      vertex 24.55592062560786 48.07038671967513 117.5
    endloop
  endfacet
  facet normal 0.7730104533627408 -0.634393284163641 0
    outer loop
      vertex 24.77153702336958 48.316250100119696 108.99
      vertex 24.77153702336958 48.316250100119696 117.5
      vertex 24.66775319133893 48.18978913489132 117.5
    endloop
  endfacet
  facet normal 0.8128466845916141 -0.5824776968678037 0
    outer loop
      vertex 24.866827703397853 48.44922809009249 108.99
      vertex 24.866827703397853 48.44922809009249 117.5
      vertex 24.77153702336958 48.316250100119696 117.5
    endloop
  endfacet
  facet normal -0.4713967368260029 -0.8819212643483522 0
    outer loop
      vertex 21.68243194709399 47.59597181880977 110.5
      vertex 21.68243194709399 47.59597181880977 117.5
      vertex 21.538153672641492 47.6730901631804 117.5
    endloop
  endfacet
  facet normal -0.5280678506503556 -0.8492021815265867 0
    outer loop
      vertex 21.538153672641492 47.6730901631804 110.5
      vertex 21.538153672641492 47.6730901631804 117.5
      vertex 21.399228090092485 47.75947964188513 117.5
    endloop
  endfacet
  facet normal -0.5824776968678078 -0.8128466845916112 0
    outer loop
      vertex 21.399228090092485 47.75947964188513 110.5
      vertex 21.399228090092485 47.75947964188513 117.5
      vertex 21.266250100119688 47.854770321913406 117.5
    endloop
  endfacet
  facet normal -0.6343932841636493 -0.7730104533627339 0
    outer loop
      vertex 21.266250100119688 47.854770321913406 110.5
      vertex 21.266250100119688 47.854770321913406 117.5
      vertex 21.13978913489132 47.95855415394405 117.5
    endloop
  endfacet
  facet normal -0.6835923020228813 -0.7298640726978262 0
    outer loop
      vertex 21.13978913489132 47.95855415394405 110.5
      vertex 21.13978913489132 47.95855415394405 117.5
      vertex 21.020386719675123 48.07038671967513 117.5
    endloop
  endfacet
  facet normal -0.7298640726978161 -0.6835923020228922 0
    outer loop
      vertex 21.020386719675123 48.07038671967513 110.5
      vertex 21.020386719675123 48.07038671967513 117.5
      vertex 20.908554153944046 48.18978913489132 117.5
    endloop
  endfacet
  facet normal -0.7730104533627514 -0.6343932841636281 0
    outer loop
      vertex 20.908554153944046 48.18978913489132 110.5
      vertex 20.908554153944046 48.18978913489132 117.5
      vertex 20.804770321913402 48.316250100119696 117.5
    endloop
  endfacet
  facet normal -0.8128466845916141 -0.5824776968678037 0
    outer loop
      vertex 20.804770321913402 48.316250100119696 110.5
      vertex 20.804770321913402 48.316250100119696 117.5
      vertex 20.709479641885128 48.44922809009249 117.5
    endloop
  endfacet
  facet normal -0.8492021815265769 -0.5280678506503712 0
    outer loop
      vertex 20.709479641885128 48.44922809009249 110.5
      vertex 20.709479641885128 48.44922809009249 117.5
      vertex 20.623090163180393 48.588153672641496 117.5
    endloop
  endfacet
  facet normal 0.8819212643483523 -0.4713967368260029 0
    outer loop
      vertex 24.953217182102588 48.588153672641496 108.99
      vertex 25.030335526473213 48.73243194709399 108.99
      vertex 24.953217182102588 48.588153672641496 117.5
    endloop
  endfacet
  facet normal 0.9108638249211791 -0.41270702980438756 0
    outer loop
      vertex 25.030335526473213 48.73243194709399 108.99
      vertex 25.097852503919707 48.88144509172877 108.99
      vertex 25.030335526473213 48.73243194709399 117.5
    endloop
  endfacet
  facet normal 0.9359059267573273 -0.3522500479212294 0
    outer loop
      vertex 25.097852503919707 48.88144509172877 108.99
      vertex 25.155478996379255 49.034555009383595 108.99
      vertex 25.097852503919707 48.88144509172877 117.5
    endloop
  endfacet
  facet normal 0.9569403357322084 -0.29028467725446383 0
    outer loop
      vertex 25.155478996379255 49.034555009383595 108.99
      vertex 25.20296823836416 49.19110605988519 108.99
      vertex 25.155478996379255 49.034555009383595 117.5
    endloop
  endfacet
  facet normal 0.973876979277335 -0.22707626303436756 0
    outer loop
      vertex 25.20296823836416 49.19110605988519 108.99
      vertex 25.240116873649566 49.35042786760118 108.99
      vertex 25.20296823836416 49.19110605988519 117.5
    endloop
  endfacet
  facet normal 0.9866433320848766 -0.1628954733946026 0
    outer loop
      vertex 25.240116873649566 49.35042786760118 108.99
      vertex 25.266765826076018 49.51183819209137 108.99
      vertex 25.240116873649566 49.35042786760118 117.5
    endloop
  endfacet
  facet normal -0.8492021815265769 -0.5280678506503712 0
    outer loop
      vertex 20.709479641885128 48.44922809009249 110.5
      vertex 20.623090163180393 48.588153672641496 117.5
      vertex 20.623090163180393 48.588153672641496 110.5
    endloop
  endfacet
  facet normal -0.8819212643483522 -0.4713967368260029 0
    outer loop
      vertex 20.623090163180393 48.588153672641496 110.5
      vertex 20.545971818809768 48.73243194709399 117.5
      vertex 20.545971818809768 48.73243194709399 110.5
    endloop
  endfacet
  facet normal -0.9108638249211791 -0.41270702980438756 0
    outer loop
      vertex 20.545971818809768 48.73243194709399 110.5
      vertex 20.478454841363273 48.88144509172877 117.5
      vertex 20.478454841363273 48.88144509172877 110.5
    endloop
  endfacet
  facet normal -0.9359059267573219 -0.3522500479212437 0
    outer loop
      vertex 20.478454841363273 48.88144509172877 110.5
      vertex 20.420828348903726 49.03455500938359 117.5
      vertex 20.420828348903726 49.03455500938359 110.5
    endloop
  endfacet
  facet normal -0.9569403357322122 -0.2902846772544518 0
    outer loop
      vertex 20.420828348903726 49.03455500938359 110.5
      vertex 20.37333910691882 49.19110605988519 117.5
      vertex 20.37333910691882 49.19110605988519 110.5
    endloop
  endfacet
  facet normal -0.9738769792773351 -0.22707626303436762 0
    outer loop
      vertex 20.37333910691882 49.19110605988519 110.5
      vertex 20.336190471633415 49.35042786760118 117.5
      vertex 20.336190471633415 49.35042786760118 110.5
    endloop
  endfacet
  facet normal -0.9866433320848766 -0.16289547339460259 0
    outer loop
      vertex 20.336190471633415 49.35042786760118 110.5
      vertex 20.309541519206963 49.51183819209137 117.5
      vertex 20.309541519206963 49.51183819209137 110.5
    endloop
  endfacet
  facet normal 0.9951847266721977 -0.09801714032955229 0
    outer loop
      vertex 25.266765826076018 49.51183819209137 108.99
      vertex 25.282800980738 49.67464584956614 108.99
      vertex 25.266765826076018 49.51183819209137 117.5
    endloop
  endfacet
  facet normal 0.9994645874763654 -0.03271908282178699 0
    outer loop
      vertex 25.282800980738 49.67464584956614 108.99
      vertex 25.288153672641492 49.838153672641496 108.99
      vertex 25.282800980738 49.67464584956614 117.5
    endloop
  endfacet
  facet normal 0.9994645874763654 0.03271908282178699 0
    outer loop
      vertex 25.288153672641492 49.838153672641496 108.99
      vertex 25.282800980738 50.00166149571685 108.99
      vertex 25.282800980738 50.00166149571685 117.5
    endloop
  endfacet
  facet normal 0.9951847266721977 0.09801714032955229 0
    outer loop
      vertex 25.282800980738 50.00166149571685 108.99
      vertex 25.266765826076018 50.164469153191625 108.99
      vertex 25.266765826076018 50.164469153191625 117.5
    endloop
  endfacet
  facet normal 0.9866433320848766 0.1628954733946026 0
    outer loop
      vertex 25.266765826076018 50.164469153191625 108.99
      vertex 25.240116873649566 50.325879477681816 108.99
      vertex 25.240116873649566 50.325879477681816 117.5
    endloop
  endfacet
  facet normal 0.973876979277335 0.22707626303436756 0
    outer loop
      vertex 25.240116873649566 50.325879477681816 108.99
      vertex 25.20296823836416 50.4852012853978 108.99
      vertex 25.20296823836416 50.4852012853978 117.5
    endloop
  endfacet
  facet normal -0.9951847266721977 -0.09801714032955229 0
    outer loop
      vertex 20.309541519206963 49.51183819209137 110.5
      vertex 20.29350636454498 49.67464584956614 117.5
      vertex 20.29350636454498 49.67464584956614 110.5
    endloop
  endfacet
  facet normal -0.9994645874763659 -0.03271908282176529 0
    outer loop
      vertex 20.29350636454498 49.67464584956614 110.5
      vertex 20.288153672641492 49.838153672641496 117.5
      vertex 20.288153672641492 49.838153672641496 110.5
    endloop
  endfacet
  facet normal -0.9994645874763659 0.03271908282176529 0
    outer loop
      vertex 20.288153672641492 49.838153672641496 110.5
      vertex 20.29350636454498 50.00166149571685 117.5
      vertex 20.29350636454498 50.00166149571685 110.5
    endloop
  endfacet
  facet normal -0.9951847266721977 0.09801714032955229 0
    outer loop
      vertex 20.29350636454498 50.00166149571685 110.5
      vertex 20.309541519206963 50.164469153191625 117.5
      vertex 20.309541519206963 50.164469153191625 110.5
    endloop
  endfacet
  facet normal -0.9866433320848766 0.16289547339460259 0
    outer loop
      vertex 20.309541519206963 50.164469153191625 110.5
      vertex 20.336190471633415 50.325879477681816 117.5
      vertex 20.336190471633415 50.325879477681816 110.5
    endloop
  endfacet
  facet normal -0.9738769792773326 0.22707626303437717 0
    outer loop
      vertex 20.336190471633415 50.325879477681816 110.5
      vertex 20.37333910691882 50.48520128539779 117.5
      vertex 20.37333910691882 50.48520128539779 110.5
    endloop
  endfacet
  facet normal 0.9569403357322084 0.29028467725446383 0
    outer loop
      vertex 25.20296823836416 50.4852012853978 108.99
      vertex 25.155478996379255 50.6417523358994 108.99
      vertex 25.155478996379255 50.6417523358994 117.5
    endloop
  endfacet
  facet normal 0.9359059267573273 0.3522500479212294 0
    outer loop
      vertex 25.155478996379255 50.6417523358994 108.99
      vertex 25.097852503919707 50.79486225355422 108.99
      vertex 25.097852503919707 50.79486225355422 117.5
    endloop
  endfacet
  facet normal 0.9108638249211791 0.41270702980438756 0
    outer loop
      vertex 25.097852503919707 50.79486225355422 108.99
      vertex 25.030335526473213 50.943875398189 108.99
      vertex 25.030335526473213 50.943875398189 117.5
    endloop
  endfacet
  facet normal 0.8819212643483523 0.4713967368260029 0
    outer loop
      vertex 25.030335526473213 50.943875398189 108.99
      vertex 24.953217182102588 51.088153672641496 108.99
      vertex 24.953217182102588 51.088153672641496 117.5
    endloop
  endfacet
  facet normal 0.8492021815265769 0.5280678506503713 0
    outer loop
      vertex 24.953217182102588 51.088153672641496 108.99
      vertex 24.866827703397853 51.2270792551905 108.99
      vertex 24.866827703397853 51.2270792551905 117.5
    endloop
  endfacet
  facet normal 0.8128466845916141 0.5824776968678037 0
    outer loop
      vertex 24.866827703397853 51.2270792551905 108.99
      vertex 24.77153702336958 51.3600572451633 108.99
      vertex 24.77153702336958 51.3600572451633 117.5
    endloop
  endfacet
  facet normal -0.9108638249211791 0.41270702980438756 0
    outer loop
      vertex 20.478454841363273 50.79486225355422 108.99
      vertex 20.545971818809768 50.943875398189 117.5
      vertex 20.545971818809768 50.943875398189 108.99
    endloop
  endfacet
  facet normal -0.9359059267573194 0.35225004792125003 0
    outer loop
      vertex 20.478454841363273 50.79486225355422 108.99
      vertex 20.459550197607236 50.74463381997721 110.5
      vertex 20.478454841363273 50.79486225355422 117.5
    endloop
  endfacet
  facet normal -0.8819212643483523 0.4713967368260029 0
    outer loop
      vertex 20.545971818809768 50.943875398189 108.99
      vertex 20.623090163180393 51.088153672641496 117.5
      vertex 20.623090163180393 51.088153672641496 108.99
    endloop
  endfacet
  facet normal -0.8492021815265769 0.5280678506503713 0
    outer loop
      vertex 20.623090163180393 51.088153672641496 108.99
      vertex 20.709479641885128 51.2270792551905 117.5
      vertex 20.709479641885128 51.2270792551905 108.99
    endloop
  endfacet
  facet normal -0.8128466845916141 0.5824776968678037 0
    outer loop
      vertex 20.709479641885128 51.2270792551905 108.99
      vertex 20.804770321913402 51.3600572451633 117.5
      vertex 20.804770321913402 51.3600572451633 108.99
    endloop
  endfacet
  facet normal -0.9569403357322122 0.2902846772544518 0
    outer loop
      vertex 20.420828348903726 50.6417523358994 110.5
      vertex 20.37333910691882 50.48520128539779 110.5
      vertex 20.420828348903726 50.6417523358994 117.5
    endloop
  endfacet
  facet normal -0.9359059267573311 0.3522500479212193 2.5249060073415575e-16
    outer loop
      vertex 20.420828348903726 50.6417523358994 110.5
      vertex 20.478454841363273 50.79486225355422 117.5
      vertex 20.459550197607236 50.74463381997721 110.5
    endloop
  endfacet
  facet normal 0.7730104533627339 0.6343932841636493 0
    outer loop
      vertex 24.77153702336958 51.3600572451633 108.99
      vertex 24.667753191338935 51.486518210391665 108.99
      vertex 24.667753191338935 51.486518210391665 117.5
    endloop
  endfacet
  facet normal 0.7298640726978471 0.6835923020228589 0
    outer loop
      vertex 24.667753191338935 51.486518210391665 108.99
      vertex 24.55592062560786 51.605920625607865 108.99
      vertex 24.55592062560786 51.605920625607865 117.5
    endloop
  endfacet
  facet normal 0.6835923020228581 0.7298640726978478 0
    outer loop
      vertex 24.55592062560786 51.605920625607865 108.99
      vertex 24.436518210391664 51.717753191338936 108.99
      vertex 24.436518210391664 51.717753191338936 117.5
    endloop
  endfacet
  facet normal 0.6343932841636386 0.7730104533627427 0
    outer loop
      vertex 24.436518210391664 51.717753191338936 108.99
      vertex 24.310057245163293 51.82153702336958 108.99
      vertex 24.310057245163293 51.82153702336958 117.5
    endloop
  endfacet
  facet normal 0.5824776968678077 0.8128466845916111 0
    outer loop
      vertex 24.310057245163293 51.82153702336958 108.99
      vertex 24.177079255190495 51.91682770339786 108.99
      vertex 24.177079255190495 51.91682770339786 117.5
    endloop
  endfacet
  facet normal 0.5280678506503653 0.8492021815265806 0
    outer loop
      vertex 24.177079255190495 51.91682770339786 108.99
      vertex 24.038153672641492 52.00321718210259 108.99
      vertex 24.038153672641492 52.00321718210259 117.5
    endloop
  endfacet
  facet normal 0.47139673682603667 0.8819212643483342 0
    outer loop
      vertex 24.038153672641492 52.00321718210259 108.99
      vertex 23.893875398188996 52.08033552647322 108.99
      vertex 23.893875398188996 52.08033552647322 117.5
    endloop
  endfacet
  facet normal 0.41270702980435153 0.9108638249211953 0
    outer loop
      vertex 23.893875398188996 52.08033552647322 108.99
      vertex 23.744862253554217 52.14785250391971 108.99
      vertex 23.744862253554217 52.14785250391971 117.5
    endloop
  endfacet
  facet normal 0.3522500479212294 0.9359059267573273 0
    outer loop
      vertex 23.744862253554217 52.14785250391971 108.99
      vertex 23.591752335899393 52.205478996379256 108.99
      vertex 23.591752335899393 52.205478996379256 117.5
    endloop
  endfacet
  facet normal 0.29028467725449764 0.9569403357321982 0
    outer loop
      vertex 23.591752335899393 52.205478996379256 108.99
      vertex 23.435201285397792 52.25296823836417 108.99
      vertex 23.435201285397792 52.25296823836417 117.5
    endloop
  endfacet
  facet normal 0.2270762630343724 0.9738769792773339 0
    outer loop
      vertex 23.435201285397792 52.25296823836417 108.99
      vertex 23.275879477681812 52.29011687364957 108.99
      vertex 23.275879477681812 52.29011687364957 117.5
    endloop
  endfacet
  facet normal 0.16289547339458146 0.9866433320848802 0
    outer loop
      vertex 23.275879477681812 52.29011687364957 108.99
      vertex 23.11446915319162 52.31676582607602 108.99
      vertex 23.11446915319162 52.31676582607602 117.5
    endloop
  endfacet
  facet normal 0.09801714032953078 0.9951847266721998 0
    outer loop
      vertex 23.11446915319162 52.31676582607602 108.99
      vertex 22.95166149571685 52.332800980738 108.99
      vertex 22.95166149571685 52.332800980738 117.5
    endloop
  endfacet
  facet normal 0.03271908282180868 0.9994645874763646 0
    outer loop
      vertex 22.95166149571685 52.332800980738 108.99
      vertex 22.788153672641492 52.338153672641496 108.99
      vertex 22.788153672641492 52.338153672641496 117.5
    endloop
  endfacet
  facet normal -0.032719082821764583 0.999464587476366 0
    outer loop
      vertex 22.788153672641492 52.338153672641496 108.99
      vertex 22.624645849566132 52.33280098073801 108.99
      vertex 22.788153672641492 52.338153672641496 117.5
    endloop
  endfacet
  facet normal -0.09801714032957591 0.9951847266721954 0
    outer loop
      vertex 22.624645849566132 52.33280098073801 108.99
      vertex 22.461838192091363 52.31676582607602 108.99
      vertex 22.624645849566132 52.33280098073801 117.5
    endloop
  endfacet
  facet normal -0.2270762630344136 0.9738769792773242 0
    outer loop
      vertex 22.14110605988519 52.25296823836416 108.99
      vertex 22.30042786760117 52.29011687364957 117.5
      vertex 22.30042786760117 52.29011687364957 108.99
    endloop
  endfacet
  facet normal -0.29028467725445783 0.9569403357322103 0
    outer loop
      vertex 22.14110605988519 52.25296823836416 108.99
      vertex 21.984555009383588 52.205478996379256 108.99
      vertex 22.14110605988519 52.25296823836416 117.5
    endloop
  endfacet
  facet normal -0.16289547339457794 0.9866433320848808 0
    outer loop
      vertex 22.461838192091363 52.31676582607602 108.99
      vertex 22.30042786760117 52.29011687364957 108.99
      vertex 22.461838192091363 52.31676582607602 117.5
    endloop
  endfacet
  facet normal -0.7730104533627339 0.6343932841636493 0
    outer loop
      vertex 20.804770321913402 51.3600572451633 108.99
      vertex 20.908554153944046 51.486518210391665 117.5
      vertex 20.908554153944046 51.486518210391665 108.99
    endloop
  endfacet
  facet normal -0.7298640726978364 0.6835923020228706 0
    outer loop
      vertex 20.908554153944046 51.486518210391665 108.99
      vertex 21.020386719675123 51.605920625607865 117.5
      vertex 21.020386719675123 51.605920625607865 108.99
    endloop
  endfacet
  facet normal -0.6343932841636646 0.7730104533627215 0
    outer loop
      vertex 21.266250100119688 51.82153702336959 108.99
      vertex 21.139789134891316 51.717753191338936 108.99
      vertex 21.266250100119688 51.82153702336959 117.5
    endloop
  endfacet
  facet normal -0.683592302022869 0.7298640726978377 0
    outer loop
      vertex 21.020386719675123 51.605920625607865 108.99
      vertex 21.139789134891316 51.717753191338936 117.5
      vertex 21.139789134891316 51.717753191338936 108.99
    endloop
  endfacet
  facet normal -0.5824776968677791 0.8128466845916318 0
    outer loop
      vertex 21.266250100119688 51.82153702336959 108.99
      vertex 21.399228090092485 51.91682770339786 117.5
      vertex 21.399228090092485 51.91682770339786 108.99
    endloop
  endfacet
  facet normal -0.5280678506503653 0.8492021815265806 0
    outer loop
      vertex 21.399228090092485 51.91682770339786 108.99
      vertex 21.53815367264149 52.00321718210259 117.5
      vertex 21.53815367264149 52.00321718210259 108.99
    endloop
  endfacet
  facet normal -0.47139673682599387 0.8819212643483572 0
    outer loop
      vertex 21.68243194709399 52.08033552647321 108.99
      vertex 21.53815367264149 52.00321718210259 108.99
      vertex 21.68243194709399 52.08033552647321 117.5
    endloop
  endfacet
  facet normal -0.41270702980442364 0.9108638249211628 0
    outer loop
      vertex 21.68243194709399 52.08033552647321 108.99
      vertex 21.831445091728767 52.147852503919715 117.5
      vertex 21.831445091728767 52.147852503919715 108.99
    endloop
  endfacet
  facet normal -0.3522500479211985 0.9359059267573389 0
    outer loop
      vertex 21.831445091728767 52.147852503919715 108.99
      vertex 21.984555009383588 52.205478996379256 117.5
      vertex 21.984555009383588 52.205478996379256 108.99
    endloop
  endfacet
  facet normal 0.8492021815265769 -0.5280678506503713 0
    outer loop
      vertex 24.953217182102588 48.588153672641496 108.99
      vertex 24.953217182102588 48.588153672641496 117.5
      vertex 24.866827703397853 48.44922809009249 117.5
    endloop
  endfacet
  facet normal 0.8819212643483523 -0.4713967368260029 0
    outer loop
      vertex 25.030335526473213 48.73243194709399 108.99
      vertex 25.030335526473213 48.73243194709399 117.5
      vertex 24.953217182102588 48.588153672641496 117.5
    endloop
  endfacet
  facet normal 0.9108638249211791 -0.41270702980438756 0
    outer loop
      vertex 25.097852503919707 48.88144509172877 108.99
      vertex 25.097852503919707 48.88144509172877 117.5
      vertex 25.030335526473213 48.73243194709399 117.5
    endloop
  endfacet
  facet normal 0.9359059267573273 -0.3522500479212294 0
    outer loop
      vertex 25.155478996379255 49.034555009383595 108.99
      vertex 25.155478996379255 49.034555009383595 117.5
      vertex 25.097852503919707 48.88144509172877 117.5
    endloop
  endfacet
  facet normal 0.9569403357322084 -0.29028467725446383 0
    outer loop
      vertex 25.20296823836416 49.19110605988519 108.99
      vertex 25.20296823836416 49.19110605988519 117.5
      vertex 25.155478996379255 49.034555009383595 117.5
    endloop
  endfacet
  facet normal 0.973876979277335 -0.22707626303436756 0
    outer loop
      vertex 25.240116873649566 49.35042786760118 108.99
      vertex 25.240116873649566 49.35042786760118 117.5
      vertex 25.20296823836416 49.19110605988519 117.5
    endloop
  endfacet
  facet normal 0.9866433320848766 -0.1628954733946026 0
    outer loop
      vertex 25.266765826076018 49.51183819209137 108.99
      vertex 25.266765826076018 49.51183819209137 117.5
      vertex 25.240116873649566 49.35042786760118 117.5
    endloop
  endfacet
  facet normal -0.8819212643483522 -0.4713967368260029 0
    outer loop
      vertex 20.623090163180393 48.588153672641496 110.5
      vertex 20.623090163180393 48.588153672641496 117.5
      vertex 20.545971818809768 48.73243194709399 117.5
    endloop
  endfacet
  facet normal -0.9108638249211791 -0.41270702980438756 0
    outer loop
      vertex 20.545971818809768 48.73243194709399 110.5
      vertex 20.545971818809768 48.73243194709399 117.5
      vertex 20.478454841363273 48.88144509172877 117.5
    endloop
  endfacet
  facet normal -0.9359059267573219 -0.3522500479212437 0
    outer loop
      vertex 20.478454841363273 48.88144509172877 110.5
      vertex 20.478454841363273 48.88144509172877 117.5
      vertex 20.420828348903726 49.03455500938359 117.5
    endloop
  endfacet
  facet normal -0.9569403357322122 -0.2902846772544518 0
    outer loop
      vertex 20.420828348903726 49.03455500938359 110.5
      vertex 20.420828348903726 49.03455500938359 117.5
      vertex 20.37333910691882 49.19110605988519 117.5
    endloop
  endfacet
  facet normal -0.9738769792773351 -0.22707626303436762 0
    outer loop
      vertex 20.37333910691882 49.19110605988519 110.5
      vertex 20.37333910691882 49.19110605988519 117.5
      vertex 20.336190471633415 49.35042786760118 117.5
    endloop
  endfacet
  facet normal -0.9866433320848766 -0.16289547339460259 0
    outer loop
      vertex 20.336190471633415 49.35042786760118 110.5
      vertex 20.336190471633415 49.35042786760118 117.5
      vertex 20.309541519206963 49.51183819209137 117.5
    endloop
  endfacet
  facet normal 0.9951847266721977 -0.09801714032955229 0
    outer loop
      vertex 25.282800980738 49.67464584956614 108.99
      vertex 25.282800980738 49.67464584956614 117.5
      vertex 25.266765826076018 49.51183819209137 117.5
    endloop
  endfacet
  facet normal 0.9994645874763654 -0.03271908282178699 0
    outer loop
      vertex 25.288153672641492 49.838153672641496 108.99
      vertex 25.288153672641492 49.838153672641496 117.5
      vertex 25.282800980738 49.67464584956614 117.5
    endloop
  endfacet
  facet normal 0.9994645874763654 0.03271908282178699 0
    outer loop
      vertex 25.288153672641492 49.838153672641496 108.99
      vertex 25.282800980738 50.00166149571685 117.5
      vertex 25.288153672641492 49.838153672641496 117.5
    endloop
  endfacet
  facet normal 0.9951847266721977 0.09801714032955229 0
    outer loop
      vertex 25.282800980738 50.00166149571685 108.99
      vertex 25.266765826076018 50.164469153191625 117.5
      vertex 25.282800980738 50.00166149571685 117.5
    endloop
  endfacet
  facet normal 0.9866433320848766 0.1628954733946026 0
    outer loop
      vertex 25.266765826076018 50.164469153191625 108.99
      vertex 25.240116873649566 50.325879477681816 117.5
      vertex 25.266765826076018 50.164469153191625 117.5
    endloop
  endfacet
  facet normal 0.973876979277335 0.22707626303436756 0
    outer loop
      vertex 25.240116873649566 50.325879477681816 108.99
      vertex 25.20296823836416 50.4852012853978 117.5
      vertex 25.240116873649566 50.325879477681816 117.5
    endloop
  endfacet
  facet normal -0.9951847266721977 -0.09801714032955229 0
    outer loop
      vertex 20.309541519206963 49.51183819209137 110.5
      vertex 20.309541519206963 49.51183819209137 117.5
      vertex 20.29350636454498 49.67464584956614 117.5
    endloop
  endfacet
  facet normal -0.9994645874763659 -0.03271908282176529 0
    outer loop
      vertex 20.29350636454498 49.67464584956614 110.5
      vertex 20.29350636454498 49.67464584956614 117.5
      vertex 20.288153672641492 49.838153672641496 117.5
    endloop
  endfacet
  facet normal -0.9994645874763659 0.03271908282176529 0
    outer loop
      vertex 20.288153672641492 49.838153672641496 110.5
      vertex 20.288153672641492 49.838153672641496 117.5
      vertex 20.29350636454498 50.00166149571685 117.5
    endloop
  endfacet
  facet normal -0.9951847266721977 0.09801714032955229 0
    outer loop
      vertex 20.29350636454498 50.00166149571685 110.5
      vertex 20.29350636454498 50.00166149571685 117.5
      vertex 20.309541519206963 50.164469153191625 117.5
    endloop
  endfacet
  facet normal -0.9866433320848766 0.16289547339460259 0
    outer loop
      vertex 20.309541519206963 50.164469153191625 110.5
      vertex 20.309541519206963 50.164469153191625 117.5
      vertex 20.336190471633415 50.325879477681816 117.5
    endloop
  endfacet
  facet normal -0.9738769792773326 0.22707626303437717 0
    outer loop
      vertex 20.336190471633415 50.325879477681816 110.5
      vertex 20.336190471633415 50.325879477681816 117.5
      vertex 20.37333910691882 50.48520128539779 117.5
    endloop
  endfacet
  facet normal 0.9569403357322084 0.29028467725446383 0
    outer loop
      vertex 25.20296823836416 50.4852012853978 108.99
      vertex 25.155478996379255 50.6417523358994 117.5
      vertex 25.20296823836416 50.4852012853978 117.5
    endloop
  endfacet
  facet normal 0.9359059267573273 0.3522500479212294 0
    outer loop
      vertex 25.155478996379255 50.6417523358994 108.99
      vertex 25.097852503919707 50.79486225355422 117.5
      vertex 25.155478996379255 50.6417523358994 117.5
    endloop
  endfacet
  facet normal 0.9108638249211791 0.41270702980438756 0
    outer loop
      vertex 25.097852503919707 50.79486225355422 108.99
      vertex 25.030335526473213 50.943875398189 117.5
      vertex 25.097852503919707 50.79486225355422 117.5
    endloop
  endfacet
  facet normal 0.8819212643483523 0.4713967368260029 0
    outer loop
      vertex 25.030335526473213 50.943875398189 108.99
      vertex 24.953217182102588 51.088153672641496 117.5
      vertex 25.030335526473213 50.943875398189 117.5
    endloop
  endfacet
  facet normal 0.8492021815265769 0.5280678506503713 0
    outer loop
      vertex 24.953217182102588 51.088153672641496 108.99
      vertex 24.866827703397853 51.2270792551905 117.5
      vertex 24.953217182102588 51.088153672641496 117.5
    endloop
  endfacet
  facet normal 0.8128466845916141 0.5824776968678037 0
    outer loop
      vertex 24.866827703397853 51.2270792551905 108.99
      vertex 24.77153702336958 51.3600572451633 117.5
      vertex 24.866827703397853 51.2270792551905 117.5
    endloop
  endfacet
  facet normal -0.9108638249211791 0.41270702980438756 0
    outer loop
      vertex 20.478454841363273 50.79486225355422 108.99
      vertex 20.478454841363273 50.79486225355422 117.5
      vertex 20.545971818809768 50.943875398189 117.5
    endloop
  endfacet
  facet normal -0.9569403357322122 0.2902846772544518 0
    outer loop
      vertex 20.37333910691882 50.48520128539779 110.5
      vertex 20.37333910691882 50.48520128539779 117.5
      vertex 20.420828348903726 50.6417523358994 117.5
    endloop
  endfacet
  facet normal -0.9359059267573272 0.3522500479212293 0
    outer loop
      vertex 20.420828348903726 50.6417523358994 110.5
      vertex 20.420828348903726 50.6417523358994 117.5
      vertex 20.478454841363273 50.79486225355422 117.5
    endloop
  endfacet
  facet normal -0.8819212643483523 0.4713967368260029 0
    outer loop
      vertex 20.545971818809768 50.943875398189 108.99
      vertex 20.545971818809768 50.943875398189 117.5
      vertex 20.623090163180393 51.088153672641496 117.5
    endloop
  endfacet
  facet normal -0.8492021815265769 0.5280678506503713 0
    outer loop
      vertex 20.623090163180393 51.088153672641496 108.99
      vertex 20.623090163180393 51.088153672641496 117.5
      vertex 20.709479641885128 51.2270792551905 117.5
    endloop
  endfacet
  facet normal -0.8128466845916141 0.5824776968678037 0
    outer loop
      vertex 20.709479641885128 51.2270792551905 108.99
      vertex 20.709479641885128 51.2270792551905 117.5
      vertex 20.804770321913402 51.3600572451633 117.5
    endloop
  endfacet
  facet normal 0.7730104533627339 0.6343932841636493 0
    outer loop
      vertex 24.77153702336958 51.3600572451633 108.99
      vertex 24.667753191338935 51.486518210391665 117.5
      vertex 24.77153702336958 51.3600572451633 117.5
    endloop
  endfacet
  facet normal 0.7298640726978471 0.6835923020228589 0
    outer loop
      vertex 24.667753191338935 51.486518210391665 108.99
      vertex 24.55592062560786 51.605920625607865 117.5
      vertex 24.667753191338935 51.486518210391665 117.5
    endloop
  endfacet
  facet normal 0.6835923020228581 0.7298640726978478 0
    outer loop
      vertex 24.55592062560786 51.605920625607865 108.99
      vertex 24.436518210391664 51.717753191338936 117.5
      vertex 24.55592062560786 51.605920625607865 117.5
    endloop
  endfacet
  facet normal 0.6343932841636386 0.7730104533627427 0
    outer loop
      vertex 24.436518210391664 51.717753191338936 108.99
      vertex 24.310057245163293 51.82153702336958 117.5
      vertex 24.436518210391664 51.717753191338936 117.5
    endloop
  endfacet
  facet normal 0.5824776968678077 0.8128466845916111 0
    outer loop
      vertex 24.310057245163293 51.82153702336958 108.99
      vertex 24.177079255190495 51.91682770339786 117.5
      vertex 24.310057245163293 51.82153702336958 117.5
    endloop
  endfacet
  facet normal 0.5280678506503653 0.8492021815265806 0
    outer loop
      vertex 24.177079255190495 51.91682770339786 108.99
      vertex 24.038153672641492 52.00321718210259 117.5
      vertex 24.177079255190495 51.91682770339786 117.5
    endloop
  endfacet
  facet normal 0.47139673682603667 0.8819212643483342 0
    outer loop
      vertex 24.038153672641492 52.00321718210259 108.99
      vertex 23.893875398188996 52.08033552647322 117.5
      vertex 24.038153672641492 52.00321718210259 117.5
    endloop
  endfacet
  facet normal 0.41270702980435153 0.9108638249211953 0
    outer loop
      vertex 23.893875398188996 52.08033552647322 108.99
      vertex 23.744862253554217 52.14785250391971 117.5
      vertex 23.893875398188996 52.08033552647322 117.5
    endloop
  endfacet
  facet normal 0.3522500479212294 0.9359059267573273 0
    outer loop
      vertex 23.744862253554217 52.14785250391971 108.99
      vertex 23.591752335899393 52.205478996379256 117.5
      vertex 23.744862253554217 52.14785250391971 117.5
    endloop
  endfacet
  facet normal 0.29028467725449764 0.9569403357321982 0
    outer loop
      vertex 23.591752335899393 52.205478996379256 108.99
      vertex 23.435201285397792 52.25296823836417 117.5
      vertex 23.591752335899393 52.205478996379256 117.5
    endloop
  endfacet
  facet normal 0.2270762630343724 0.9738769792773339 0
    outer loop
      vertex 23.435201285397792 52.25296823836417 108.99
      vertex 23.275879477681812 52.29011687364957 117.5
      vertex 23.435201285397792 52.25296823836417 117.5
    endloop
  endfacet
  facet normal 0.16289547339458146 0.9866433320848802 0
    outer loop
      vertex 23.275879477681812 52.29011687364957 108.99
      vertex 23.11446915319162 52.31676582607602 117.5
      vertex 23.275879477681812 52.29011687364957 117.5
    endloop
  endfacet
  facet normal 0.09801714032953078 0.9951847266721998 0
    outer loop
      vertex 23.11446915319162 52.31676582607602 108.99
      vertex 22.95166149571685 52.332800980738 117.5
      vertex 23.11446915319162 52.31676582607602 117.5
    endloop
  endfacet
  facet normal 0.03271908282180868 0.9994645874763646 0
    outer loop
      vertex 22.95166149571685 52.332800980738 108.99
      vertex 22.788153672641492 52.338153672641496 117.5
      vertex 22.95166149571685 52.332800980738 117.5
    endloop
  endfacet
  facet normal -0.032719082821764583 0.999464587476366 0
    outer loop
      vertex 22.624645849566132 52.33280098073801 108.99
      vertex 22.624645849566132 52.33280098073801 117.5
      vertex 22.788153672641492 52.338153672641496 117.5
    endloop
  endfacet
  facet normal -0.09801714032957591 0.9951847266721954 0
    outer loop
      vertex 22.461838192091363 52.31676582607602 108.99
      vertex 22.461838192091363 52.31676582607602 117.5
      vertex 22.624645849566132 52.33280098073801 117.5
    endloop
  endfacet
  facet normal -0.29028467725445783 0.9569403357322103 0
    outer loop
      vertex 21.984555009383588 52.205478996379256 108.99
      vertex 21.984555009383588 52.205478996379256 117.5
      vertex 22.14110605988519 52.25296823836416 117.5
    endloop
  endfacet
  facet normal -0.2270762630344136 0.9738769792773242 0
    outer loop
      vertex 22.14110605988519 52.25296823836416 108.99
      vertex 22.14110605988519 52.25296823836416 117.5
      vertex 22.30042786760117 52.29011687364957 117.5
    endloop
  endfacet
  facet normal -0.16289547339457794 0.9866433320848808 0
    outer loop
      vertex 22.30042786760117 52.29011687364957 108.99
      vertex 22.30042786760117 52.29011687364957 117.5
      vertex 22.461838192091363 52.31676582607602 117.5
    endloop
  endfacet
  facet normal -0.7730104533627339 0.6343932841636493 0
    outer loop
      vertex 20.804770321913402 51.3600572451633 108.99
      vertex 20.804770321913402 51.3600572451633 117.5
      vertex 20.908554153944046 51.486518210391665 117.5
    endloop
  endfacet
  facet normal -0.7298640726978364 0.6835923020228706 0
    outer loop
      vertex 20.908554153944046 51.486518210391665 108.99
      vertex 20.908554153944046 51.486518210391665 117.5
      vertex 21.020386719675123 51.605920625607865 117.5
    endloop
  endfacet
  facet normal -0.5824776968677791 0.8128466845916318 0
    outer loop
      vertex 21.266250100119688 51.82153702336959 108.99
      vertex 21.266250100119688 51.82153702336959 117.5
      vertex 21.399228090092485 51.91682770339786 117.5
    endloop
  endfacet
  facet normal -0.683592302022869 0.7298640726978377 0
    outer loop
      vertex 21.020386719675123 51.605920625607865 108.99
      vertex 21.020386719675123 51.605920625607865 117.5
      vertex 21.139789134891316 51.717753191338936 117.5
    endloop
  endfacet
  facet normal -0.6343932841636646 0.7730104533627215 0
    outer loop
      vertex 21.139789134891316 51.717753191338936 108.99
      vertex 21.139789134891316 51.717753191338936 117.5
      vertex 21.266250100119688 51.82153702336959 117.5
    endloop
  endfacet
  facet normal -0.5280678506503653 0.8492021815265806 0
    outer loop
      vertex 21.399228090092485 51.91682770339786 108.99
      vertex 21.399228090092485 51.91682770339786 117.5
      vertex 21.53815367264149 52.00321718210259 117.5
    endloop
  endfacet
  facet normal -0.47139673682599387 0.8819212643483572 0
    outer loop
      vertex 21.53815367264149 52.00321718210259 108.99
      vertex 21.53815367264149 52.00321718210259 117.5
      vertex 21.68243194709399 52.08033552647321 117.5
    endloop
  endfacet
  facet normal -0.41270702980442364 0.9108638249211628 0
    outer loop
      vertex 21.68243194709399 52.08033552647321 108.99
      vertex 21.68243194709399 52.08033552647321 117.5
      vertex 21.831445091728767 52.147852503919715 117.5
    endloop
  endfacet
  facet normal -0.3522500479211985 0.9359059267573389 0
    outer loop
      vertex 21.831445091728767 52.147852503919715 108.99
      vertex 21.831445091728767 52.147852503919715 117.5
      vertex 21.984555009383588 52.205478996379256 117.5
    endloop
  endfacet
  facet normal 0 0 1
    outer loop
      vertex 24.310057245163293 47.854770321913406 117.5
      vertex 24.43651821039166 47.95855415394405 117.5
      vertex 24.77153702336958 48.316250100119696 117.5
    endloop
  endfacet
  facet normal 0 0 1
    outer loop
      vertex 23.893875398188996 47.59597181880977 117.5
      vertex 24.038153672641492 47.6730901631804 117.5
      vertex 25.030335526473213 48.73243194709399 117.5
    endloop
  endfacet
  facet normal 0 0 1
    outer loop
      vertex 23.744862253554214 47.52845484136328 117.5
      vertex 23.893875398188996 47.59597181880977 117.5
      vertex 25.097852503919707 48.88144509172877 117.5
    endloop
  endfacet
  facet normal 0 0 1
    outer loop
      vertex 24.038153672641492 47.6730901631804 117.5
      vertex 24.177079255190495 47.75947964188513 117.5
      vertex 24.953217182102588 48.588153672641496 117.5
    endloop
  endfacet
  facet normal 0 0 1
    outer loop
      vertex 24.177079255190495 47.75947964188513 117.5
      vertex 24.310057245163293 47.854770321913406 117.5
      vertex 24.866827703397853 48.44922809009249 117.5
    endloop
  endfacet
  facet normal 0 0 1
    outer loop
      vertex 23.744862253554214 47.52845484136328 117.5
      vertex 25.155478996379255 49.034555009383595 117.5
      vertex 23.591752335899393 47.47082834890373 117.5
    endloop
  endfacet
  facet normal 0 0 1
    outer loop
      vertex 23.435201285397792 47.423339106918824 117.5
      vertex 23.591752335899393 47.47082834890373 117.5
      vertex 25.20296823836416 49.19110605988519 117.5
    endloop
  endfacet
  facet normal 0 0 1
    outer loop
      vertex 23.275879477681812 47.38619047163342 117.5
      vertex 23.435201285397792 47.423339106918824 117.5
      vertex 25.240116873649566 49.35042786760118 117.5
    endloop
  endfacet
  facet normal 0 0 1
    outer loop
      vertex 24.43651821039166 47.95855415394405 117.5
      vertex 24.55592062560786 48.07038671967513 117.5
      vertex 24.66775319133893 48.18978913489132 117.5
    endloop
  endfacet
  facet normal 0 0 1
    outer loop
      vertex 24.43651821039166 47.95855415394405 117.5
      vertex 24.66775319133893 48.18978913489132 117.5
      vertex 24.77153702336958 48.316250100119696 117.5
    endloop
  endfacet
  facet normal 0 0 1
    outer loop
      vertex 24.310057245163293 47.854770321913406 117.5
      vertex 24.77153702336958 48.316250100119696 117.5
      vertex 24.866827703397853 48.44922809009249 117.5
    endloop
  endfacet
  facet normal 0 0 1
    outer loop
      vertex 24.177079255190495 47.75947964188513 117.5
      vertex 24.866827703397853 48.44922809009249 117.5
      vertex 24.953217182102588 48.588153672641496 117.5
    endloop
  endfacet
  facet normal 0 0 1
    outer loop
      vertex 23.275879477681812 47.38619047163342 117.5
      vertex 25.266765826076018 49.51183819209137 117.5
      vertex 23.11446915319162 47.35954151920697 117.5
    endloop
  endfacet
  facet normal 0 0 1
    outer loop
      vertex 22.95166149571685 47.343506364544986 117.5
      vertex 23.11446915319162 47.35954151920697 117.5
      vertex 25.282800980738 49.67464584956614 117.5
    endloop
  endfacet
  facet normal 0 0 1
    outer loop
      vertex 22.95166149571685 47.343506364544986 117.5
      vertex 25.288153672641492 49.838153672641496 117.5
      vertex 22.788153672641492 47.338153672641496 117.5
    endloop
  endfacet
  facet normal 0 0 1
    outer loop
      vertex 24.038153672641492 47.6730901631804 117.5
      vertex 24.953217182102588 48.588153672641496 117.5
      vertex 25.030335526473213 48.73243194709399 117.5
    endloop
  endfacet
  facet normal 0 0 1
    outer loop
      vertex 23.893875398188996 47.59597181880977 117.5
      vertex 25.030335526473213 48.73243194709399 117.5
      vertex 25.097852503919707 48.88144509172877 117.5
    endloop
  endfacet
  facet normal 0 0 1
    outer loop
      vertex 23.744862253554214 47.52845484136328 117.5
      vertex 25.097852503919707 48.88144509172877 117.5
      vertex 25.155478996379255 49.034555009383595 117.5
    endloop
  endfacet
  facet normal 0 0 1
    outer loop
      vertex 22.788153672641492 47.338153672641496 117.5
      vertex 25.282800980738 50.00166149571685 117.5
      vertex 22.624645849566132 47.343506364544986 117.5
    endloop
  endfacet
  facet normal 0 0 1
    outer loop
      vertex 22.624645849566132 47.343506364544986 117.5
      vertex 25.266765826076018 50.164469153191625 117.5
      vertex 22.461838192091363 47.35954151920697 117.5
    endloop
  endfacet
  facet normal 0 0 1
    outer loop
      vertex 22.461838192091363 47.35954151920697 117.5
      vertex 25.240116873649566 50.325879477681816 117.5
      vertex 22.30042786760117 47.38619047163342 117.5
    endloop
  endfacet
  facet normal 0 0 1
    outer loop
      vertex 22.30042786760117 47.38619047163342 117.5
      vertex 25.20296823836416 50.4852012853978 117.5
      vertex 22.14110605988519 47.423339106918824 117.5
    endloop
  endfacet
  facet normal 0 0 1
    outer loop
      vertex 22.14110605988519 47.423339106918824 117.5
      vertex 25.155478996379255 50.6417523358994 117.5
      vertex 21.984555009383588 47.47082834890373 117.5
    endloop
  endfacet
  facet normal 0 0 1
    outer loop
      vertex 23.591752335899393 47.47082834890373 117.5
      vertex 25.155478996379255 49.034555009383595 117.5
      vertex 25.20296823836416 49.19110605988519 117.5
    endloop
  endfacet
  facet normal 0 0 1
    outer loop
      vertex 23.435201285397792 47.423339106918824 117.5
      vertex 25.20296823836416 49.19110605988519 117.5
      vertex 25.240116873649566 49.35042786760118 117.5
    endloop
  endfacet
  facet normal 0 0 1
    outer loop
      vertex 23.275879477681812 47.38619047163342 117.5
      vertex 25.240116873649566 49.35042786760118 117.5
      vertex 25.266765826076018 49.51183819209137 117.5
    endloop
  endfacet
  facet normal 0 0 1
    outer loop
      vertex 23.11446915319162 47.35954151920697 117.5
      vertex 25.266765826076018 49.51183819209137 117.5
      vertex 25.282800980738 49.67464584956614 117.5
    endloop
  endfacet
  facet normal 0 0 1
    outer loop
      vertex 22.95166149571685 47.343506364544986 117.5
      vertex 25.282800980738 49.67464584956614 117.5
      vertex 25.288153672641492 49.838153672641496 117.5
    endloop
  endfacet
  facet normal 0 0 1
    outer loop
      vertex 21.984555009383588 47.47082834890373 117.5
      vertex 25.097852503919707 50.79486225355422 117.5
      vertex 21.831445091728767 47.52845484136328 117.5
    endloop
  endfacet
  facet normal 0 0 1
    outer loop
      vertex 21.831445091728767 47.52845484136328 117.5
      vertex 25.030335526473213 50.943875398189 117.5
      vertex 21.68243194709399 47.59597181880977 117.5
    endloop
  endfacet
  facet normal 0 0 1
    outer loop
      vertex 21.68243194709399 47.59597181880977 117.5
      vertex 24.953217182102588 51.088153672641496 117.5
      vertex 21.538153672641492 47.6730901631804 117.5
    endloop
  endfacet
  facet normal 0 0 1
    outer loop
      vertex 21.538153672641492 47.6730901631804 117.5
      vertex 24.866827703397853 51.2270792551905 117.5
      vertex 21.399228090092485 47.75947964188513 117.5
    endloop
  endfacet
  facet normal 0 0 1
    outer loop
      vertex 21.399228090092485 47.75947964188513 117.5
      vertex 24.77153702336958 51.3600572451633 117.5
      vertex 21.266250100119688 47.854770321913406 117.5
    endloop
  endfacet
  facet normal 0 0 1
    outer loop
      vertex 22.788153672641492 47.338153672641496 117.5
      vertex 25.288153672641492 49.838153672641496 117.5
      vertex 25.282800980738 50.00166149571685 117.5
    endloop
  endfacet
  facet normal 0 0 1
    outer loop
      vertex 22.624645849566132 47.343506364544986 117.5
      vertex 25.282800980738 50.00166149571685 117.5
      vertex 25.266765826076018 50.164469153191625 117.5
    endloop
  endfacet
  facet normal 0 0 1
    outer loop
      vertex 22.461838192091363 47.35954151920697 117.5
      vertex 25.266765826076018 50.164469153191625 117.5
      vertex 25.240116873649566 50.325879477681816 117.5
    endloop
  endfacet
  facet normal 0 0 1
    outer loop
      vertex 22.30042786760117 47.38619047163342 117.5
      vertex 25.240116873649566 50.325879477681816 117.5
      vertex 25.20296823836416 50.4852012853978 117.5
    endloop
  endfacet
  facet normal 0 0 1
    outer loop
      vertex 21.266250100119688 47.854770321913406 117.5
      vertex 24.667753191338935 51.486518210391665 117.5
      vertex 21.13978913489132 47.95855415394405 117.5
    endloop
  endfacet
  facet normal 0 0 1
    outer loop
      vertex 21.13978913489132 47.95855415394405 117.5
      vertex 24.55592062560786 51.605920625607865 117.5
      vertex 21.020386719675123 48.07038671967513 117.5
    endloop
  endfacet
  facet normal 0 0 1
    outer loop
      vertex 21.020386719675123 48.07038671967513 117.5
      vertex 24.436518210391664 51.717753191338936 117.5
      vertex 20.908554153944046 48.18978913489132 117.5
    endloop
  endfacet
  facet normal 0 0 1
    outer loop
      vertex 20.908554153944046 48.18978913489132 117.5
      vertex 24.310057245163293 51.82153702336958 117.5
      vertex 20.804770321913402 48.316250100119696 117.5
    endloop
  endfacet
  facet normal 0 0 1
    outer loop
      vertex 22.14110605988519 47.423339106918824 117.5
      vertex 25.20296823836416 50.4852012853978 117.5
      vertex 25.155478996379255 50.6417523358994 117.5
    endloop
  endfacet
  facet normal 0 0 1
    outer loop
      vertex 21.984555009383588 47.47082834890373 117.5
      vertex 25.155478996379255 50.6417523358994 117.5
      vertex 25.097852503919707 50.79486225355422 117.5
    endloop
  endfacet
  facet normal 0 0 1
    outer loop
      vertex 21.831445091728767 47.52845484136328 117.5
      vertex 25.097852503919707 50.79486225355422 117.5
      vertex 25.030335526473213 50.943875398189 117.5
    endloop
  endfacet
  facet normal 0 0 1
    outer loop
      vertex 21.68243194709399 47.59597181880977 117.5
      vertex 25.030335526473213 50.943875398189 117.5
      vertex 24.953217182102588 51.088153672641496 117.5
    endloop
  endfacet
  facet normal 0 0 1
    outer loop
      vertex 21.538153672641492 47.6730901631804 117.5
      vertex 24.953217182102588 51.088153672641496 117.5
      vertex 24.866827703397853 51.2270792551905 117.5
    endloop
  endfacet
  facet normal 0 0 1
    outer loop
      vertex 21.399228090092485 47.75947964188513 117.5
      vertex 24.866827703397853 51.2270792551905 117.5
      vertex 24.77153702336958 51.3600572451633 117.5
    endloop
  endfacet
  facet normal 0 0 1
    outer loop
      vertex 21.266250100119688 47.854770321913406 117.5
      vertex 24.77153702336958 51.3600572451633 117.5
      vertex 24.667753191338935 51.486518210391665 117.5
    endloop
  endfacet
  facet normal 0 0 1
    outer loop
      vertex 21.13978913489132 47.95855415394405 117.5
      vertex 24.667753191338935 51.486518210391665 117.5
      vertex 24.55592062560786 51.605920625607865 117.5
    endloop
  endfacet
  facet normal 0 0 1
    outer loop
      vertex 20.804770321913402 48.316250100119696 117.5
      vertex 24.177079255190495 51.91682770339786 117.5
      vertex 20.709479641885128 48.44922809009249 117.5
    endloop
  endfacet
  facet normal 0 0 1
    outer loop
      vertex 20.709479641885128 48.44922809009249 117.5
      vertex 24.038153672641492 52.00321718210259 117.5
      vertex 20.623090163180393 48.588153672641496 117.5
    endloop
  endfacet
  facet normal 0 0 1
    outer loop
      vertex 20.623090163180393 48.588153672641496 117.5
      vertex 23.893875398188996 52.08033552647322 117.5
      vertex 20.545971818809768 48.73243194709399 117.5
    endloop
  endfacet
  facet normal 0 0 1
    outer loop
      vertex 20.545971818809768 48.73243194709399 117.5
      vertex 23.744862253554217 52.14785250391971 117.5
      vertex 20.478454841363273 48.88144509172877 117.5
    endloop
  endfacet
  facet normal 0 0 1
    outer loop
      vertex 20.478454841363273 48.88144509172877 117.5
      vertex 23.591752335899393 52.205478996379256 117.5
      vertex 20.420828348903726 49.03455500938359 117.5
    endloop
  endfacet
  facet normal 0 0 1
    outer loop
      vertex 20.420828348903726 49.03455500938359 117.5
      vertex 23.435201285397792 52.25296823836417 117.5
      vertex 20.37333910691882 49.19110605988519 117.5
    endloop
  endfacet
  facet normal 0 0 1
    outer loop
      vertex 20.37333910691882 49.19110605988519 117.5
      vertex 23.275879477681812 52.29011687364957 117.5
      vertex 20.336190471633415 49.35042786760118 117.5
    endloop
  endfacet
  facet normal 0 0 1
    outer loop
      vertex 20.336190471633415 49.35042786760118 117.5
      vertex 23.11446915319162 52.31676582607602 117.5
      vertex 20.309541519206963 49.51183819209137 117.5
    endloop
  endfacet
  facet normal 0 0 1
    outer loop
      vertex 21.020386719675123 48.07038671967513 117.5
      vertex 24.55592062560786 51.605920625607865 117.5
      vertex 24.436518210391664 51.717753191338936 117.5
    endloop
  endfacet
  facet normal 0 0 1
    outer loop
      vertex 20.908554153944046 48.18978913489132 117.5
      vertex 24.436518210391664 51.717753191338936 117.5
      vertex 24.310057245163293 51.82153702336958 117.5
    endloop
  endfacet
  facet normal 0 0 1
    outer loop
      vertex 20.804770321913402 48.316250100119696 117.5
      vertex 24.310057245163293 51.82153702336958 117.5
      vertex 24.177079255190495 51.91682770339786 117.5
    endloop
  endfacet
  facet normal 0 0 1
    outer loop
      vertex 20.709479641885128 48.44922809009249 117.5
      vertex 24.177079255190495 51.91682770339786 117.5
      vertex 24.038153672641492 52.00321718210259 117.5
    endloop
  endfacet
  facet normal 0 0 1
    outer loop
      vertex 20.623090163180393 48.588153672641496 117.5
      vertex 24.038153672641492 52.00321718210259 117.5
      vertex 23.893875398188996 52.08033552647322 117.5
    endloop
  endfacet
  facet normal 0 0 1
    outer loop
      vertex 20.545971818809768 48.73243194709399 117.5
      vertex 23.893875398188996 52.08033552647322 117.5
      vertex 23.744862253554217 52.14785250391971 117.5
    endloop
  endfacet
  facet normal 0 0 1
    outer loop
      vertex 20.478454841363273 48.88144509172877 117.5
      vertex 23.744862253554217 52.14785250391971 117.5
      vertex 23.591752335899393 52.205478996379256 117.5
    endloop
  endfacet
  facet normal 0 0 1
    outer loop
      vertex 20.420828348903726 49.03455500938359 117.5
      vertex 23.591752335899393 52.205478996379256 117.5
      vertex 23.435201285397792 52.25296823836417 117.5
    endloop
  endfacet
  facet normal 0 0 1
    outer loop
      vertex 20.37333910691882 49.19110605988519 117.5
      vertex 23.435201285397792 52.25296823836417 117.5
      vertex 23.275879477681812 52.29011687364957 117.5
    endloop
  endfacet
  facet normal 0 0 1
    outer loop
      vertex 20.336190471633415 49.35042786760118 117.5
      vertex 23.275879477681812 52.29011687364957 117.5
      vertex 23.11446915319162 52.31676582607602 117.5
    endloop
  endfacet
  facet normal 0 0 1
    outer loop
      vertex 20.309541519206963 49.51183819209137 117.5
      vertex 23.11446915319162 52.31676582607602 117.5
      vertex 22.95166149571685 52.332800980738 117.5
    endloop
  endfacet
  facet normal 0 0 1
    outer loop
      vertex 20.309541519206963 49.51183819209137 117.5
      vertex 22.95166149571685 52.332800980738 117.5
      vertex 20.29350636454498 49.67464584956614 117.5
    endloop
  endfacet
  facet normal 0 0 1
    outer loop
      vertex 20.29350636454498 49.67464584956614 117.5
      vertex 22.788153672641492 52.338153672641496 117.5
      vertex 20.288153672641492 49.838153672641496 117.5
    endloop
  endfacet
  facet normal 0 0 1
    outer loop
      vertex 20.288153672641492 49.838153672641496 117.5
      vertex 22.624645849566132 52.33280098073801 117.5
      vertex 20.29350636454498 50.00166149571685 117.5
    endloop
  endfacet
  facet normal 0 0 1
    outer loop
      vertex 20.29350636454498 50.00166149571685 117.5
      vertex 22.461838192091363 52.31676582607602 117.5
      vertex 20.309541519206963 50.164469153191625 117.5
    endloop
  endfacet
  facet normal 0 0 1
    outer loop
      vertex 20.309541519206963 50.164469153191625 117.5
      vertex 22.30042786760117 52.29011687364957 117.5
      vertex 20.336190471633415 50.325879477681816 117.5
    endloop
  endfacet
  facet normal 0 0 1
    outer loop
      vertex 20.336190471633415 50.325879477681816 117.5
      vertex 22.14110605988519 52.25296823836416 117.5
      vertex 20.37333910691882 50.48520128539779 117.5
    endloop
  endfacet
  facet normal 0 0 1
    outer loop
      vertex 20.420828348903726 50.6417523358994 117.5
      vertex 20.37333910691882 50.48520128539779 117.5
      vertex 21.984555009383588 52.205478996379256 117.5
    endloop
  endfacet
  facet normal 0 0 1
    outer loop
      vertex 20.420828348903726 50.6417523358994 117.5
      vertex 21.831445091728767 52.147852503919715 117.5
      vertex 20.478454841363273 50.79486225355422 117.5
    endloop
  endfacet
  facet normal 0 0 1
    outer loop
      vertex 20.478454841363273 50.79486225355422 117.5
      vertex 21.68243194709399 52.08033552647321 117.5
      vertex 20.545971818809768 50.943875398189 117.5
    endloop
  endfacet
  facet normal 0 0 1
    outer loop
      vertex 20.545971818809768 50.943875398189 117.5
      vertex 21.53815367264149 52.00321718210259 117.5
      vertex 20.623090163180393 51.088153672641496 117.5
    endloop
  endfacet
  facet normal 0 0 1
    outer loop
      vertex 20.29350636454498 49.67464584956614 117.5
      vertex 22.95166149571685 52.332800980738 117.5
      vertex 22.788153672641492 52.338153672641496 117.5
    endloop
  endfacet
  facet normal 0 0 1
    outer loop
      vertex 20.288153672641492 49.838153672641496 117.5
      vertex 22.788153672641492 52.338153672641496 117.5
      vertex 22.624645849566132 52.33280098073801 117.5
    endloop
  endfacet
  facet normal 0 0 1
    outer loop
      vertex 20.29350636454498 50.00166149571685 117.5
      vertex 22.624645849566132 52.33280098073801 117.5
      vertex 22.461838192091363 52.31676582607602 117.5
    endloop
  endfacet
  facet normal 0 0 1
    outer loop
      vertex 20.309541519206963 50.164469153191625 117.5
      vertex 22.461838192091363 52.31676582607602 117.5
      vertex 22.30042786760117 52.29011687364957 117.5
    endloop
  endfacet
  facet normal 0 0 1
    outer loop
      vertex 20.336190471633415 50.325879477681816 117.5
      vertex 22.30042786760117 52.29011687364957 117.5
      vertex 22.14110605988519 52.25296823836416 117.5
    endloop
  endfacet
  facet normal 0 0 1
    outer loop
      vertex 20.623090163180393 51.088153672641496 117.5
      vertex 21.399228090092485 51.91682770339786 117.5
      vertex 20.709479641885128 51.2270792551905 117.5
    endloop
  endfacet
  facet normal 0 0 1
    outer loop
      vertex 20.709479641885128 51.2270792551905 117.5
      vertex 21.266250100119688 51.82153702336959 117.5
      vertex 20.804770321913402 51.3600572451633 117.5
    endloop
  endfacet
  facet normal 0 0 1
    outer loop
      vertex 20.804770321913402 51.3600572451633 117.5
      vertex 21.139789134891316 51.717753191338936 117.5
      vertex 20.908554153944046 51.486518210391665 117.5
    endloop
  endfacet
  facet normal 0 0 1
    outer loop
      vertex 20.908554153944046 51.486518210391665 117.5
      vertex 21.139789134891316 51.717753191338936 117.5
      vertex 21.020386719675123 51.605920625607865 117.5
    endloop
  endfacet
  facet normal 0 0 1
    outer loop
      vertex 20.37333910691882 50.48520128539779 117.5
      vertex 22.14110605988519 52.25296823836416 117.5
      vertex 21.984555009383588 52.205478996379256 117.5
    endloop
  endfacet
  facet normal 0 0 1
    outer loop
      vertex 20.420828348903726 50.6417523358994 117.5
      vertex 21.984555009383588 52.205478996379256 117.5
      vertex 21.831445091728767 52.147852503919715 117.5
    endloop
  endfacet
  facet normal 0 0 1
    outer loop
      vertex 20.478454841363273 50.79486225355422 117.5
      vertex 21.831445091728767 52.147852503919715 117.5
      vertex 21.68243194709399 52.08033552647321 117.5
    endloop
  endfacet
  facet normal 0 0 1
    outer loop
      vertex 20.545971818809768 50.943875398189 117.5
      vertex 21.68243194709399 52.08033552647321 117.5
      vertex 21.53815367264149 52.00321718210259 117.5
    endloop
  endfacet
  facet normal 0 0 1
    outer loop
      vertex 20.709479641885128 51.2270792551905 117.5
      vertex 21.399228090092485 51.91682770339786 117.5
      vertex 21.266250100119688 51.82153702336959 117.5
    endloop
  endfacet
  facet normal 0 0 1
    outer loop
      vertex 20.804770321913402 51.3600572451633 117.5
      vertex 21.266250100119688 51.82153702336959 117.5
      vertex 21.139789134891316 51.717753191338936 117.5
    endloop
  endfacet
  facet normal 0 0 1
    outer loop
      vertex 20.623090163180393 51.088153672641496 117.5
      vertex 21.53815367264149 52.00321718210259 117.5
      vertex 21.399228090092485 51.91682770339786 117.5
    endloop
  endfacet
  facet normal 0.22707626303437364 -0.9738769792773336 0
    outer loop
      vertex 18.765632254112898 37.58450303717739 94.5
      vertex 19.211733315717645 37.68851921597653 94.5
      vertex 19.211733315717645 37.68851921597653 104
    endloop
  endfacet
  facet normal 0.29028467725445406 -0.9569403357322113 -3.7950232609536263e-16
    outer loop
      vertex 19.65007625712213 37.82148909353426 94.5
      vertex 19.282964043695873 37.710126821079655 104
      vertex 19.211733315717645 37.68851921597653 94.5
    endloop
  endfacet
  facet normal 0.35225004792123327 -0.9359059267573258 0
    outer loop
      vertex 19.65007625712213 37.82148909353426 94.5
      vertex 20.078784026555628 37.98284327242099 94.5
      vertex 20.078784026555628 37.98284327242099 104
    endloop
  endfacet
  facet normal 0.47139673682599803 -0.8819212643483547 4.847424669453376e-16
    outer loop
      vertex 20.49602083153301 38.17189080927118 94.5
      vertex 20.9 38.38782217350893 94.5
      vertex 20.900000000000002 38.38782217350894 104
    endloop
  endfacet
  facet normal 0.5280678506503695 -0.8492021815265779 0
    outer loop
      vertex 20.9 38.38782217350893 94.5
      vertex 21.288991631137215 38.629712713882185 94.5
      vertex 21.288991631137215 38.629712713882185 104
    endloop
  endfacet
  facet normal 0.41270702980439467 -0.9108638249211758 5.262007042498697e-16
    outer loop
      vertex 20.078784026555628 37.98284327242099 94.5
      vertex 20.49602083153301 38.17189080927118 94.5
      vertex 20.496020831533013 38.17189080927119 104
    endloop
  endfacet
  facet normal 0.5824776968678048 -0.8128466845916135 1.722111395726852e-16
    outer loop
      vertex 21.288991631137215 38.629712713882185 94.5
      vertex 21.661330003061043 38.89652661796136 94.5
      vertex 21.66133000306105 38.896526617961364 104
    endloop
  endfacet
  facet normal 0 0 -1
    outer loop
      vertex 17.857821904611 37.464987537329776 94.5
      vertex 17.4 37.45 94.5
      vertex 16.942178095388996 37.464987537329776 94.5
    endloop
  endfacet
  facet normal 0 0 -1
    outer loop
      vertex 18.31368334554036 37.50988597038333 94.5
      vertex 17.857821904611 37.464987537329776 94.5
      vertex 16.48631665445964 37.50988597038333 94.5
    endloop
  endfacet
  facet normal 0 0 -1
    outer loop
      vertex 18.765632254112898 37.58450303717739 94.5
      vertex 18.31368334554036 37.50988597038333 94.5
      vertex 16.0343677458871 37.58450303717739 94.5
    endloop
  endfacet
  facet normal 0 0 -1
    outer loop
      vertex 17.857821904611 37.464987537329776 94.5
      vertex 16.942178095388996 37.464987537329776 94.5
      vertex 16.48631665445964 37.50988597038333 94.5
    endloop
  endfacet
  facet normal 0 0 -1
    outer loop
      vertex 18.31368334554036 37.50988597038333 94.5
      vertex 16.48631665445964 37.50988597038333 94.5
      vertex 16.0343677458871 37.58450303717739 94.5
    endloop
  endfacet
  facet normal 0 0 -1
    outer loop
      vertex 19.65007625712213 37.82148909353426 94.5
      vertex 19.211733315717645 37.68851921597653 94.5
      vertex 15.149923742877867 37.82148909353426 94.5
    endloop
  endfacet
  facet normal 0 0 -1
    outer loop
      vertex 18.765632254112898 37.58450303717739 94.5
      vertex 15.588266684282353 37.68851921597653 94.5
      vertex 19.211733315717645 37.68851921597653 94.5
    endloop
  endfacet
  facet normal 0 0 -1
    outer loop
      vertex 19.65007625712213 37.82148909353426 94.5
      vertex 14.72121597344437 37.98284327242099 94.5
      vertex 20.078784026555628 37.98284327242099 94.5
    endloop
  endfacet
  facet normal 0 0 -1
    outer loop
      vertex 18.765632254112898 37.58450303717739 94.5
      vertex 16.0343677458871 37.58450303717739 94.5
      vertex 15.588266684282353 37.68851921597653 94.5
    endloop
  endfacet
  facet normal 0 0 -1
    outer loop
      vertex 19.211733315717645 37.68851921597653 94.5
      vertex 15.588266684282353 37.68851921597653 94.5
      vertex 15.149923742877867 37.82148909353426 94.5
    endloop
  endfacet
  facet normal 0 0 -1
    outer loop
      vertex 19.65007625712213 37.82148909353426 94.5
      vertex 15.149923742877867 37.82148909353426 94.5
      vertex 14.72121597344437 37.98284327242099 94.5
    endloop
  endfacet
  facet normal 0 0 -1
    outer loop
      vertex 20.078784026555628 37.98284327242099 94.5
      vertex 14.72121597344437 37.98284327242099 94.5
      vertex 14.30397916846699 38.17189080927118 94.5
    endloop
  endfacet
  facet normal 0 0 -1
    outer loop
      vertex 20.078784026555628 37.98284327242099 94.5
      vertex 14.30397916846699 38.17189080927118 94.5
      vertex 20.49602083153301 38.17189080927118 94.5
    endloop
  endfacet
  facet normal 0 0 -1
    outer loop
      vertex 20.49602083153301 38.17189080927118 94.5
      vertex 13.899999999999999 38.38782217350893 94.5
      vertex 20.9 38.38782217350893 94.5
    endloop
  endfacet
  facet normal 0 0 -1
    outer loop
      vertex 20.9 38.38782217350893 94.5
      vertex 13.511008368862782 38.629712713882185 94.5
      vertex 21.288991631137215 38.629712713882185 94.5
    endloop
  endfacet
  facet normal 0 0 -1
    outer loop
      vertex 20.49602083153301 38.17189080927118 94.5
      vertex 14.30397916846699 38.17189080927118 94.5
      vertex 13.899999999999999 38.38782217350893 94.5
    endloop
  endfacet
  facet normal 0 0 -1
    outer loop
      vertex 20.9 38.38782217350893 94.5
      vertex 13.899999999999999 38.38782217350893 94.5
      vertex 13.511008368862782 38.629712713882185 94.5
    endloop
  endfacet
  facet normal 0 0 -1
    outer loop
      vertex 21.288991631137215 38.629712713882185 94.5
      vertex 13.138669996938955 38.89652661796136 94.5
      vertex 21.661330003061043 38.89652661796136 94.5
    endloop
  endfacet
  facet normal 0 0 -1
    outer loop
      vertex 21.288991631137215 38.629712713882185 94.5
      vertex 13.511008368862782 38.629712713882185 94.5
      vertex 13.138669996938955 38.89652661796136 94.5
    endloop
  endfacet
  facet normal 0 0 -1
    outer loop
      vertex 21.661330003061043 38.89652661796136 94.5
      vertex 13.138669996938955 38.89652661796136 94.5
      vertex 12.784579294299517 39.187121347647164 94.5
    endloop
  endfacet
  facet normal 0.162895473394592 -0.9866433320848783 0
    outer loop
      vertex 18.765632254112898 37.58450303717739 94.5
      vertex 18.765632254112898 37.58450303717739 104
      vertex 18.31368334554036 37.50988597038333 94.5
    endloop
  endfacet
  facet normal 0.09801714032956563 -0.9951847266721963 0
    outer loop
      vertex 18.31368334554036 37.50988597038333 94.5
      vertex 18.31368334554036 37.50988597038333 104
      vertex 17.857821904611 37.464987537329776 94.5
    endloop
  endfacet
  facet normal 0.032719082821771196 -0.9994645874763659 0
    outer loop
      vertex 17.857821904611 37.464987537329776 94.5
      vertex 17.857821904611 37.464987537329776 104
      vertex 17.4 37.45 94.5
    endloop
  endfacet
  facet normal -0.032719082821771196 -0.9994645874763659 0
    outer loop
      vertex 17.4 37.45 94.5
      vertex 17.4 37.45 104
      vertex 16.942178095388996 37.464987537329776 94.5
    endloop
  endfacet
  facet normal -0.162895473394592 -0.9866433320848783 0
    outer loop
      vertex 16.48631665445964 37.50988597038333 94.5
      vertex 16.48631665445964 37.50988597038333 104
      vertex 16.0343677458871 37.58450303717739 94.5
    endloop
  endfacet
  facet normal -0.22707626303437364 -0.9738769792773336 8.491967850664418e-17
    outer loop
      vertex 16.0343677458871 37.58450303717739 94.5
      vertex 16.034367745887103 37.58450303717739 104
      vertex 15.588266684282353 37.68851921597653 94.5
    endloop
  endfacet
  facet normal -0.29028467725445406 -0.9569403357322113 0
    outer loop
      vertex 15.588266684282353 37.68851921597653 94.5
      vertex 15.588266684282353 37.68851921597653 104
      vertex 15.149923742877867 37.82148909353426 94.5
    endloop
  endfacet
  facet normal -0.35225004792123327 -0.9359059267573258 0
    outer loop
      vertex 15.149923742877867 37.82148909353426 94.5
      vertex 15.149923742877867 37.82148909353426 104
      vertex 14.72121597344437 37.98284327242099 94.5
    endloop
  endfacet
  facet normal -0.4127070298043961 -0.9108638249211751 7.716999526964233e-17
    outer loop
      vertex 14.72121597344437 37.98284327242099 94.5
      vertex 14.721215973444371 37.98284327242099 104
      vertex 14.30397916846699 38.17189080927118 94.5
    endloop
  endfacet
  facet normal -0.47139673682599653 -0.8819212643483557 0
    outer loop
      vertex 14.30397916846699 38.17189080927118 94.5
      vertex 14.30397916846699 38.17189080927118 104
      vertex 13.899999999999999 38.38782217350893 94.5
    endloop
  endfacet
  facet normal -0.5280678506503695 -0.8492021815265779 0
    outer loop
      vertex 13.899999999999999 38.38782217350893 94.5
      vertex 13.899999999999999 38.38782217350893 104
      vertex 13.511008368862782 38.629712713882185 94.5
    endloop
  endfacet
  facet normal -0.5824776968678048 -0.8128466845916135 0
    outer loop
      vertex 13.511008368862782 38.629712713882185 94.5
      vertex 13.511008368862782 38.629712713882185 104
      vertex 13.138669996938955 38.89652661796136 94.5
    endloop
  endfacet
  facet normal -0.6343932841636495 -0.7730104533627339 0
    outer loop
      vertex 13.138669996938955 38.89652661796136 94.5
      vertex 13.138669996938955 38.89652661796136 104
      vertex 12.784579294299517 39.187121347647164 94.5
    endloop
  endfacet
  facet normal 0 0 -1
    outer loop
      vertex 21.661330003061043 38.89652661796136 94.5
      vertex 12.784579294299517 39.187121347647164 94.5
      vertex 22.01542070570048 39.187121347647164 94.5
    endloop
  endfacet
  facet normal 0 0 -1
    outer loop
      vertex 22.01542070570048 39.187121347647164 94.5
      vertex 12.450252531694165 39.50025253169417 94.5
      vertex 22.349747468305832 39.50025253169417 94.5
    endloop
  endfacet
  facet normal 0 0 -1
    outer loop
      vertex 22.349747468305832 39.50025253169417 94.5
      vertex 12.137121347647156 39.83457929429952 94.5
      vertex 22.66287865235284 39.83457929429952 94.5
    endloop
  endfacet
  facet normal 0 0 -1
    outer loop
      vertex 22.66287865235284 39.83457929429952 94.5
      vertex 11.846526617961352 40.188669996938955 94.5
      vertex 22.953473382038645 40.188669996938955 94.5
    endloop
  endfacet
  facet normal 0 0 -1
    outer loop
      vertex 22.953473382038645 40.188669996938955 94.5
      vertex 11.57971271388218 40.56100836886279 94.5
      vertex 23.220287286117816 40.56100836886279 94.5
    endloop
  endfacet
  facet normal 0 0 -1
    outer loop
      vertex 23.220287286117816 40.56100836886279 94.5
      vertex 11.337822173508929 40.95 94.5
      vertex 23.462177826491068 40.95 94.5
    endloop
  endfacet
  facet normal 0.6835923020228676 -0.7298640726978392 0
    outer loop
      vertex 22.01542070570048 39.187121347647164 94.5
      vertex 22.349747468305832 39.50025253169417 94.5
      vertex 22.349747468305832 39.50025253169417 104
    endloop
  endfacet
  facet normal 0.7298640726978355 -0.6835923020228715 0
    outer loop
      vertex 22.349747468305832 39.50025253169417 94.5
      vertex 22.66287865235284 39.83457929429952 94.5
      vertex 22.66287865235284 39.83457929429952 104
    endloop
  endfacet
  facet normal 0.6343932841636514 -0.7730104533627321 2.0729118652267623e-16
    outer loop
      vertex 21.661330003061043 38.89652661796136 94.5
      vertex 22.01542070570048 39.187121347647164 94.5
      vertex 22.015420705700492 39.18712134764718 104
    endloop
  endfacet
  facet normal 0.7730104533627329 -0.6343932841636506 0
    outer loop
      vertex 22.66287865235284 39.83457929429952 94.5
      vertex 22.953473382038645 40.188669996938955 94.5
      vertex 22.953473382038645 40.188669996938955 104
    endloop
  endfacet
  facet normal 0.8128466845916159 -0.5824776968678009 0
    outer loop
      vertex 22.953473382038645 40.188669996938955 94.5
      vertex 23.220287286117816 40.56100836886279 94.5
      vertex 23.220287286117816 40.56100836886279 104
    endloop
  endfacet
  facet normal 0.8492021815265813 -0.5280678506503639 0
    outer loop
      vertex 23.220287286117816 40.56100836886279 94.5
      vertex 23.462177826491068 40.95 94.5
      vertex 23.462177826491068 40.95 104
    endloop
  endfacet
  facet normal 0 0 -1
    outer loop
      vertex 22.01542070570048 39.187121347647164 94.5
      vertex 12.784579294299517 39.187121347647164 94.5
      vertex 12.450252531694165 39.50025253169417 94.5
    endloop
  endfacet
  facet normal 0 0 -1
    outer loop
      vertex 22.349747468305832 39.50025253169417 94.5
      vertex 12.450252531694165 39.50025253169417 94.5
      vertex 12.137121347647156 39.83457929429952 94.5
    endloop
  endfacet
  facet normal 0 0 -1
    outer loop
      vertex 22.66287865235284 39.83457929429952 94.5
      vertex 12.137121347647156 39.83457929429952 94.5
      vertex 11.846526617961352 40.188669996938955 94.5
    endloop
  endfacet
  facet normal -0.6835923020228696 -0.7298640726978373 0
    outer loop
      vertex 12.784579294299517 39.187121347647164 94.5
      vertex 12.450252531694165 39.50025253169417 96
      vertex 12.450252531694165 39.50025253169417 94.5
    endloop
  endfacet
  facet normal -0.7298640726978356 -0.6835923020228716 0
    outer loop
      vertex 12.450252531694165 39.50025253169417 94.5
      vertex 12.137121347647156 39.83457929429952 96
      vertex 12.137121347647156 39.83457929429952 94.5
    endloop
  endfacet
  facet normal -0.6835923020228901 -0.7298640726978182 -8.683949551520114e-15
    outer loop
      vertex 12.784579294299517 39.187121347647164 94.5
      vertex 12.50390661372105 39.45 96
      vertex 12.450252531694165 39.50025253169417 96
    endloop
  endfacet
  facet normal -0.7298640726978356 -0.6835923020228716 0
    outer loop
      vertex 12.450252531694165 39.50025253169417 94.5
      vertex 12.450252531694165 39.50025253169417 96
      vertex 12.137121347647156 39.83457929429952 96
    endloop
  endfacet
  facet normal 0 0 -1
    outer loop
      vertex 22.953473382038645 40.188669996938955 94.5
      vertex 11.846526617961352 40.188669996938955 94.5
      vertex 11.57971271388218 40.56100836886279 94.5
    endloop
  endfacet
  facet normal 0 0 -1
    outer loop
      vertex 23.220287286117816 40.56100836886279 94.5
      vertex 11.57971271388218 40.56100836886279 94.5
      vertex 11.337822173508929 40.95 94.5
    endloop
  endfacet
  facet normal -0.6835923020228656 -0.7298640726978409 0
    outer loop
      vertex 12.784579294299517 39.187121347647164 94.5
      vertex 12.784579294299517 39.187121347647164 104
      vertex 12.50390661372105 39.45 96
    endloop
  endfacet
  facet normal 0.2902846772544637 -0.9569403357322086 0
    outer loop
      vertex 19.65007625712213 37.82148909353426 94.5
      vertex 19.65007625712213 37.82148909353426 104
      vertex 19.545969808538565 37.7899087476143 104
    endloop
  endfacet
  facet normal 0.2902846772544078 -0.9569403357322255 0
    outer loop
      vertex 19.211733315717645 37.68851921597653 94.5
      vertex 19.282964043695873 37.710126821079655 104
      vertex 19.211733315717645 37.68851921597653 104
    endloop
  endfacet
  facet normal 0.22707626303437364 -0.9738769792773336 0
    outer loop
      vertex 18.765632254112898 37.58450303717739 94.5
      vertex 19.211733315717645 37.68851921597653 104
      vertex 18.765632254112898 37.58450303717739 104
    endloop
  endfacet
  facet normal 0.35225004792123327 -0.9359059267573258 0
    outer loop
      vertex 19.65007625712213 37.82148909353426 94.5
      vertex 20.078784026555628 37.98284327242099 104
      vertex 19.65007625712213 37.82148909353426 104
    endloop
  endfacet
  facet normal 0.41270702980440466 -0.9108638249211712 0
    outer loop
      vertex 20.078784026555628 37.98284327242099 94.5
      vertex 20.496020831533013 38.17189080927119 104
      vertex 20.078784026555628 37.98284327242099 104
    endloop
  endfacet
  facet normal 0.2902846772545038 -0.9569403357321963 1.709974758210106e-15
    outer loop
      vertex 19.65007625712213 37.82148909353426 94.5
      vertex 19.350375874836107 37.73057597649195 105.43939393939394
      vertex 19.282964043695873 37.710126821079655 104
    endloop
  endfacet
  facet normal 0.2902846772544349 -0.9569403357322172 -3.4399824432955445e-16
    outer loop
      vertex 19.65007625712213 37.82148909353426 94.5
      vertex 19.545969808538565 37.7899087476143 104
      vertex 19.350375874836107 37.73057597649195 105.43939393939394
    endloop
  endfacet
  facet normal 0.47139673682599803 -0.8819212643483547 4.833357730407602e-16
    outer loop
      vertex 20.49602083153301 38.17189080927118 94.5
      vertex 20.900000000000002 38.38782217350894 104
      vertex 20.496020831533013 38.17189080927119 104
    endloop
  endfacet
  facet normal 0.5280678506503619 -0.8492021815265828 4.3767058278032765e-16
    outer loop
      vertex 20.9 38.38782217350893 94.5
      vertex 21.288991631137215 38.629712713882185 104
      vertex 20.900000000000002 38.38782217350894 104
    endloop
  endfacet
  facet normal 0.5824776968678076 -0.8128466845916112 0
    outer loop
      vertex 21.288991631137215 38.629712713882185 94.5
      vertex 21.66133000306105 38.896526617961364 104
      vertex 21.288991631137215 38.629712713882185 104
    endloop
  endfacet
  facet normal 0.634393284163653 -0.7730104533627308 1.0367728697477202e-16
    outer loop
      vertex 21.661330003061043 38.89652661796136 94.5
      vertex 22.015420705700492 39.18712134764718 104
      vertex 21.66133000306105 38.896526617961364 104
    endloop
  endfacet
  facet normal -0.09801714032956563 -0.9951847266721964 -1.0937592395093446e-16
    outer loop
      vertex 16.942178095388996 37.464987537329776 94.5
      vertex 16.60282588434002 37.49841081282835 106.41071428571429
      vertex 16.48631665445964 37.50988597038333 94.5
    endloop
  endfacet
  facet normal 0.09801714032956563 -0.9951847266721963 0
    outer loop
      vertex 17.857821904611 37.464987537329776 94.5
      vertex 18.31368334554036 37.50988597038333 104
      vertex 17.857821904611 37.464987537329776 104
    endloop
  endfacet
  facet normal 0.162895473394592 -0.9866433320848783 0
    outer loop
      vertex 18.31368334554036 37.50988597038333 94.5
      vertex 18.765632254112898 37.58450303717739 104
      vertex 18.31368334554036 37.50988597038333 104
    endloop
  endfacet
  facet normal 0.032719082821771196 -0.9994645874763659 0
    outer loop
      vertex 17.4 37.45 94.5
      vertex 17.857821904611 37.464987537329776 104
      vertex 17.4 37.45 104
    endloop
  endfacet
  facet normal -0.032719082821771196 -0.9994645874763659 0
    outer loop
      vertex 16.942178095388996 37.464987537329776 94.5
      vertex 17.4 37.45 104
      vertex 16.942178095388996 37.464987537329776 104
    endloop
  endfacet
  facet normal -0.09801714032956838 -0.995184726672196 0
    outer loop
      vertex 16.942178095388996 37.464987537329776 94.5
      vertex 16.942178095388996 37.464987537329776 104
      vertex 16.68388374680527 37.490427310201014 104
    endloop
  endfacet
  facet normal -0.1628954733945933 -0.9866433320848783 6.091799753091101e-17
    outer loop
      vertex 16.0343677458871 37.58450303717739 94.5
      vertex 16.48631665445964 37.50988597038333 104
      vertex 16.034367745887103 37.58450303717739 104
    endloop
  endfacet
  facet normal -0.22707626303437187 -0.9738769792773339 0
    outer loop
      vertex 15.588266684282353 37.68851921597653 94.5
      vertex 16.034367745887103 37.58450303717739 104
      vertex 15.588266684282353 37.68851921597653 104
    endloop
  endfacet
  facet normal -0.09801714032900183 -0.995184726672252 1.5574500302701032e-14
    outer loop
      vertex 16.942178095388996 37.464987537329776 94.5
      vertex 16.68388374680527 37.490427310201014 104
      vertex 16.634779465700763 37.49526365975784 105.62837649679756
    endloop
  endfacet
  facet normal -0.0980171403295767 -0.9951847266721953 0
    outer loop
      vertex 16.48631665445964 37.50988597038333 94.5
      vertex 16.60282588434002 37.49841081282835 106.41071428571429
      vertex 16.48631665445964 37.50988597038333 104
    endloop
  endfacet
  facet normal -0.29028467725445406 -0.9569403357322113 0
    outer loop
      vertex 15.149923742877867 37.82148909353426 94.5
      vertex 15.588266684282353 37.68851921597653 104
      vertex 15.149923742877867 37.82148909353426 104
    endloop
  endfacet
  facet normal -0.35225004792123454 -0.9359059267573253 6.586545071620537e-17
    outer loop
      vertex 14.72121597344437 37.98284327242099 94.5
      vertex 15.149923742877867 37.82148909353426 104
      vertex 14.721215973444371 37.98284327242099 104
    endloop
  endfacet
  facet normal -0.41270702980439467 -0.9108638249211758 0
    outer loop
      vertex 14.30397916846699 38.17189080927118 94.5
      vertex 14.721215973444371 37.98284327242099 104
      vertex 14.30397916846699 38.17189080927118 104
    endloop
  endfacet
  facet normal -0.47139673682599653 -0.8819212643483557 0
    outer loop
      vertex 13.899999999999999 38.38782217350893 94.5
      vertex 14.30397916846699 38.17189080927118 104
      vertex 13.899999999999999 38.38782217350893 104
    endloop
  endfacet
  facet normal -0.5280678506503695 -0.8492021815265779 0
    outer loop
      vertex 13.511008368862782 38.629712713882185 94.5
      vertex 13.899999999999999 38.38782217350893 104
      vertex 13.511008368862782 38.629712713882185 104
    endloop
  endfacet
  facet normal -0.5824776968678048 -0.8128466845916135 0
    outer loop
      vertex 13.138669996938955 38.89652661796136 94.5
      vertex 13.511008368862782 38.629712713882185 104
      vertex 13.138669996938955 38.89652661796136 104
    endloop
  endfacet
  facet normal 0.6835923020228666 -0.7298640726978401 6.921699057654669e-17
    outer loop
      vertex 22.01542070570048 39.187121347647164 94.5
      vertex 22.349747468305832 39.50025253169417 104
      vertex 22.015420705700492 39.18712134764718 104
    endloop
  endfacet
  facet normal 0.7298640726978355 -0.6835923020228715 0
    outer loop
      vertex 22.349747468305832 39.50025253169417 94.5
      vertex 22.66287865235284 39.83457929429952 104
      vertex 22.349747468305832 39.50025253169417 104
    endloop
  endfacet
  facet normal 0.7730104533627329 -0.6343932841636506 0
    outer loop
      vertex 22.66287865235284 39.83457929429952 94.5
      vertex 22.953473382038645 40.188669996938955 104
      vertex 22.66287865235284 39.83457929429952 104
    endloop
  endfacet
  facet normal 0.8128466845916159 -0.5824776968678009 0
    outer loop
      vertex 22.953473382038645 40.188669996938955 94.5
      vertex 23.220287286117816 40.56100836886279 104
      vertex 22.953473382038645 40.188669996938955 104
    endloop
  endfacet
  facet normal 0.8492021815265813 -0.5280678506503639 0
    outer loop
      vertex 23.220287286117816 40.56100836886279 94.5
      vertex 23.462177826491068 40.95 104
      vertex 23.220287286117816 40.56100836886279 104
    endloop
  endfacet
  facet normal -0.6343932841636495 -0.7730104533627339 0
    outer loop
      vertex 12.784579294299517 39.187121347647164 94.5
      vertex 13.138669996938955 38.89652661796136 104
      vertex 12.784579294299517 39.187121347647164 104
    endloop
  endfacet
  facet normal -0.6835923020228656 -0.7298640726978409 0
    outer loop
      vertex 12.50390661372105 39.45 96
      vertex 12.784579294299517 39.187121347647164 104
      vertex 12.50390661372105 39.45 104
    endloop
  endfacet
  facet normal -0.7730104533627328 -0.6343932841636505 0
    outer loop
      vertex 12.137121347647156 39.83457929429952 94.5
      vertex 12.137121347647156 39.83457929429952 96
      vertex 11.846526617961352 40.188669996938955 96
    endloop
  endfacet
  facet normal -0.7730104533627328 -0.6343932841636505 0
    outer loop
      vertex 12.137121347647156 39.83457929429952 94.5
      vertex 11.846526617961352 40.188669996938955 96
      vertex 11.846526617961352 40.188669996938955 94.5
    endloop
  endfacet
  facet normal -0.8128466845916159 -0.582477696867801 0
    outer loop
      vertex 11.846526617961352 40.188669996938955 94.5
      vertex 11.57971271388218 40.56100836886279 96
      vertex 11.57971271388218 40.56100836886279 94.5
    endloop
  endfacet
  facet normal -0.8492021815265813 -0.5280678506503639 0
    outer loop
      vertex 11.57971271388218 40.56100836886279 94.5
      vertex 11.337822173508929 40.95 96
      vertex 11.337822173508929 40.95 94.5
    endloop
  endfacet
  facet normal -0.8128466845916159 -0.582477696867801 0
    outer loop
      vertex 11.846526617961352 40.188669996938955 94.5
      vertex 11.846526617961352 40.188669996938955 96
      vertex 11.57971271388218 40.56100836886279 96
    endloop
  endfacet
  facet normal -0.8492021815265813 -0.5280678506503639 0
    outer loop
      vertex 11.57971271388218 40.56100836886279 94.5
      vertex 11.57971271388218 40.56100836886279 96
      vertex 11.337822173508929 40.95 96
    endloop
  endfacet
  facet normal 0 0 -1
    outer loop
      vertex 23.67810919072882 41.35397916846699 94.5
      vertex 23.462177826491068 40.95 94.5
      vertex 11.12189080927118 41.35397916846699 94.5
    endloop
  endfacet
  facet normal 0 0 -1
    outer loop
      vertex 23.67810919072882 41.35397916846699 94.5
      vertex 10.932843272420993 41.77121597344438 94.5
      vertex 23.867156727579005 41.77121597344438 94.5
    endloop
  endfacet
  facet normal 0 0 -1
    outer loop
      vertex 23.867156727579005 41.77121597344438 94.5
      vertex 10.771489093534258 42.19992374287787 94.5
      vertex 24.02851090646574 42.19992374287787 94.5
    endloop
  endfacet
  facet normal 0 0 -1
    outer loop
      vertex 24.02851090646574 42.19992374287787 94.5
      vertex 10.63851921597652 42.63826668428236 94.5
      vertex 24.161480784023475 42.63826668428236 94.5
    endloop
  endfacet
  facet normal 0 0 -1
    outer loop
      vertex 24.161480784023475 42.63826668428236 94.5
      vertex 17.511185319691243 42.75363983049438 94.5
      vertex 17.621894526774085 42.764543735664525 94.5
    endloop
  endfacet
  facet normal 0 0 -1
    outer loop
      vertex 24.161480784023475 42.63826668428236 94.5
      vertex 17.4 42.75 94.5
      vertex 17.511185319691243 42.75363983049438 94.5
    endloop
  endfacet
  facet normal 0 0 -1
    outer loop
      vertex 24.161480784023475 42.63826668428236 94.5
      vertex 17.839992376674285 42.80792609530859 94.5
      vertex 17.946447091015372 42.840218779858326 94.5
    endloop
  endfacet
  facet normal 0 0 -1
    outer loop
      vertex 24.161480784023475 42.63826668428236 94.5
      vertex 17.946447091015372 42.840218779858326 94.5
      vertex 18.050561835020652 42.87940479473082 94.5
    endloop
  endfacet
  facet normal 0 0 -1
    outer loop
      vertex 24.161480784023475 42.63826668428236 94.5
      vertex 18.050561835020652 42.87940479473082 94.5
      vertex 18.1518907733723 42.925316339394435 94.5
    endloop
  endfacet
  facet normal 0 0 -1
    outer loop
      vertex 24.161480784023475 42.63826668428236 94.5
      vertex 17.731653547427417 42.782665023314514 94.5
      vertex 17.839992376674285 42.80792609530859 94.5
    endloop
  endfacet
  facet normal 0 0 -1
    outer loop
      vertex 24.161480784023475 42.63826668428236 94.5
      vertex 17.621894526774085 42.764543735664525 94.5
      vertex 17.731653547427417 42.782665023314514 94.5
    endloop
  endfacet
  facet normal 0.8819212643483515 -0.4713967368260041 0
    outer loop
      vertex 23.67810919072882 41.35397916846699 94.5
      vertex 23.67810919072882 41.35397916846699 104
      vertex 23.462177826491068 40.95 94.5
    endloop
  endfacet
  facet normal 0.91086382492118 -0.41270702980438534 0
    outer loop
      vertex 23.67810919072882 41.35397916846699 94.5
      vertex 23.867156727579005 41.77121597344438 94.5
      vertex 23.867156727579005 41.77121597344438 104
    endloop
  endfacet
  facet normal 0.9359059267573222 -0.3522500479212426 -1.1161833120451855e-16
    outer loop
      vertex 23.867156727579005 41.77121597344438 94.5
      vertex 24.02851090646574 42.19992374287787 94.5
      vertex 23.962960771293005 42.025761211545515 104
    endloop
  endfacet
  facet normal 0.9569403357322113 -0.29028467725445406 0
    outer loop
      vertex 24.02851090646574 42.19992374287787 94.5
      vertex 24.161480784023475 42.63826668428236 94.5
      vertex 24.161480784023475 42.63826668428236 104
    endloop
  endfacet
  facet normal 0 0 -1
    outer loop
      vertex 23.462177826491068 40.95 94.5
      vertex 11.337822173508929 40.95 94.5
      vertex 11.12189080927118 41.35397916846699 94.5
    endloop
  endfacet
  facet normal 0 0 -1
    outer loop
      vertex 23.67810919072882 41.35397916846699 94.5
      vertex 11.12189080927118 41.35397916846699 94.5
      vertex 10.932843272420993 41.77121597344438 94.5
    endloop
  endfacet
  facet normal 0 0 -1
    outer loop
      vertex 24.161480784023475 42.63826668428236 94.5
      vertex 10.63851921597652 42.63826668428236 94.5
      vertex 17.4 42.75 94.5
    endloop
  endfacet
  facet normal 0 0 -1
    outer loop
      vertex 23.867156727579005 41.77121597344438 94.5
      vertex 10.932843272420993 41.77121597344438 94.5
      vertex 10.771489093534258 42.19992374287787 94.5
    endloop
  endfacet
  facet normal 0 0 -1
    outer loop
      vertex 24.02851090646574 42.19992374287787 94.5
      vertex 10.771489093534258 42.19992374287787 94.5
      vertex 10.63851921597652 42.63826668428236 94.5
    endloop
  endfacet
  facet normal 0 0 -1
    outer loop
      vertex 10.63851921597652 42.63826668428236 94.5
      vertex 17.288814680308754 42.75363983049438 94.5
      vertex 17.4 42.75 94.5
    endloop
  endfacet
  facet normal 0 0 -1
    outer loop
      vertex 10.63851921597652 42.63826668428236 94.5
      vertex 17.178105473225912 42.764543735664525 94.5
      vertex 17.288814680308754 42.75363983049438 94.5
    endloop
  endfacet
  facet normal 0 0 -1
    outer loop
      vertex 10.63851921597652 42.63826668428236 94.5
      vertex 17.06834645257258 42.782665023314514 94.5
      vertex 17.178105473225912 42.764543735664525 94.5
    endloop
  endfacet
  facet normal 0 0 -1
    outer loop
      vertex 10.63851921597652 42.63826668428236 94.5
      vertex 16.960007623325712 42.80792609530859 94.5
      vertex 17.06834645257258 42.782665023314514 94.5
    endloop
  endfacet
  facet normal 0 0 -1
    outer loop
      vertex 10.63851921597652 42.63826668428236 94.5
      vertex 16.853552908984625 42.840218779858326 94.5
      vertex 16.960007623325712 42.80792609530859 94.5
    endloop
  endfacet
  facet normal 0 0 -1
    outer loop
      vertex 10.63851921597652 42.63826668428236 94.5
      vertex 16.749438164979345 42.87940479473082 94.5
      vertex 16.853552908984625 42.840218779858326 94.5
    endloop
  endfacet
  facet normal 0 0 -1
    outer loop
      vertex 24.161480784023475 42.63826668428236 94.5
      vertex 18.434894429314824 43.101299321504904 94.5
      vertex 24.26549696282261 43.08436774588711 94.5
    endloop
  endfacet
  facet normal 0 0 -1
    outer loop
      vertex 24.26549696282261 43.08436774588711 94.5
      vertex 18.872243186433543 43.6 94.5
      vertex 24.34011402961667 43.53631665445964 94.5
    endloop
  endfacet
  facet normal 0 0 -1
    outer loop
      vertex 24.26549696282261 43.08436774588711 94.5
      vertex 18.434894429314824 43.101299321504904 94.5
      vertex 18.520887885670117 43.17187232728574 94.5
    endloop
  endfacet
  facet normal 0 0 -1
    outer loop
      vertex 24.26549696282261 43.08436774588711 94.5
      vertex 18.520887885670117 43.17187232728574 94.5
      vertex 18.60208152801713 43.24791847198287 94.5
    endloop
  endfacet
  facet normal 0 0 -1
    outer loop
      vertex 24.26549696282261 43.08436774588711 94.5
      vertex 18.60208152801713 43.24791847198287 94.5
      vertex 18.67812767271426 43.32911211432989 94.5
    endloop
  endfacet
  facet normal 0 0 -1
    outer loop
      vertex 24.26549696282261 43.08436774588711 94.5
      vertex 18.67812767271426 43.32911211432989 94.5
      vertex 18.748700678495098 43.41510557068518 94.5
    endloop
  endfacet
  facet normal 0 0 -1
    outer loop
      vertex 24.161480784023475 42.63826668428236 94.5
      vertex 18.1518907733723 42.925316339394435 94.5
      vertex 18.25 42.97775681356646 94.5
    endloop
  endfacet
  facet normal 0 0 -1
    outer loop
      vertex 24.161480784023475 42.63826668428236 94.5
      vertex 18.25 42.97775681356646 94.5
      vertex 18.344469396133324 43.03650165908567 94.5
    endloop
  endfacet
  facet normal 0 0 -1
    outer loop
      vertex 24.161480784023475 42.63826668428236 94.5
      vertex 18.344469396133324 43.03650165908567 94.5
      vertex 18.434894429314824 43.101299321504904 94.5
    endloop
  endfacet
  facet normal 0 0 -1
    outer loop
      vertex 24.26549696282261 43.08436774588711 94.5
      vertex 18.748700678495098 43.41510557068518 94.5
      vertex 18.813498340914325 43.50553060386668 94.5
    endloop
  endfacet
  facet normal 0 0 -1
    outer loop
      vertex 24.26549696282261 43.08436774588711 94.5
      vertex 18.813498340914325 43.50553060386668 94.5
      vertex 18.872243186433543 43.6 94.5
    endloop
  endfacet
  facet normal 0 0 -1
    outer loop
      vertex 24.34011402961667 43.53631665445964 94.5
      vertex 18.872243186433543 43.6 94.5
      vertex 18.92468366060557 43.6981092266277 94.5
    endloop
  endfacet
  facet normal 0 0 -1
    outer loop
      vertex 24.34011402961667 43.53631665445964 94.5
      vertex 18.92468366060557 43.6981092266277 94.5
      vertex 18.970595205269184 43.79943816497935 94.5
    endloop
  endfacet
  facet normal 0 0 -1
    outer loop
      vertex 24.34011402961667 43.53631665445964 94.5
      vertex 18.970595205269184 43.79943816497935 94.5
      vertex 19.00978122014168 43.90355290898463 94.5
    endloop
  endfacet
  facet normal 0 0 -1
    outer loop
      vertex 24.34011402961667 43.53631665445964 94.5
      vertex 19.042073904691414 44.01000762332572 94.5
      vertex 24.385012462670222 43.992178095389 94.5
    endloop
  endfacet
  facet normal 0 0 -1
    outer loop
      vertex 24.385012462670222 43.992178095389 94.5
      vertex 19.099999999999998 44.45 94.5
      vertex 24.4 44.45 94.5
    endloop
  endfacet
  facet normal 0 0 -1
    outer loop
      vertex 24.4 44.45 94.5
      vertex 19.085456264335477 44.67189452677409 94.5
      vertex 24.385012462670222 44.907821904611005 94.5
    endloop
  endfacet
  facet normal 0 0 -1
    outer loop
      vertex 24.34011402961667 43.53631665445964 94.5
      vertex 19.00978122014168 43.90355290898463 94.5
      vertex 19.042073904691414 44.01000762332572 94.5
    endloop
  endfacet
  facet normal 0 0 -1
    outer loop
      vertex 24.385012462670222 43.992178095389 94.5
      vertex 19.042073904691414 44.01000762332572 94.5
      vertex 19.06733497668549 44.11834645257259 94.5
    endloop
  endfacet
  facet normal 0 0 -1
    outer loop
      vertex 24.385012462670222 43.992178095389 94.5
      vertex 19.06733497668549 44.11834645257259 94.5
      vertex 19.085456264335477 44.22810547322592 94.5
    endloop
  endfacet
  facet normal 0 0 -1
    outer loop
      vertex 24.385012462670222 43.992178095389 94.5
      vertex 19.085456264335477 44.22810547322592 94.5
      vertex 19.096360169505623 44.33881468030876 94.5
    endloop
  endfacet
  facet normal 0 0 -1
    outer loop
      vertex 24.385012462670222 43.992178095389 94.5
      vertex 19.096360169505623 44.33881468030876 94.5
      vertex 19.099999999999998 44.45 94.5
    endloop
  endfacet
  facet normal 0 0 -1
    outer loop
      vertex 24.4 44.45 94.5
      vertex 19.099999999999998 44.45 94.5
      vertex 19.096360169505623 44.56118531969125 94.5
    endloop
  endfacet
  facet normal 0 0 -1
    outer loop
      vertex 24.4 44.45 94.5
      vertex 19.096360169505623 44.56118531969125 94.5
      vertex 19.085456264335477 44.67189452677409 94.5
    endloop
  endfacet
  facet normal 0.9738769792773339 -0.22707626303437187 0
    outer loop
      vertex 24.161480784023475 42.63826668428236 94.5
      vertex 24.26549696282261 43.08436774588711 94.5
      vertex 24.26549696282261 43.08436774588711 104
    endloop
  endfacet
  facet normal 0.986643332084878 -0.1628954733945945 0
    outer loop
      vertex 24.26549696282261 43.08436774588711 94.5
      vertex 24.34011402961667 43.53631665445964 94.5
      vertex 24.34011402961667 43.53631665445964 104
    endloop
  endfacet
  facet normal 0.9951847266721972 -0.09801714032955719 0
    outer loop
      vertex 24.34011402961667 43.53631665445964 94.5
      vertex 24.385012462670222 43.992178095389 94.5
      vertex 24.385012462670222 43.992178095389 104
    endloop
  endfacet
  facet normal 0.9994645874763655 -0.03271908282177893 0
    outer loop
      vertex 24.385012462670222 43.992178095389 94.5
      vertex 24.4 44.45 94.5
      vertex 24.4 44.45 104
    endloop
  endfacet
  facet normal 0 0 -1
    outer loop
      vertex 10.534503037177386 43.08436774588711 94.5
      vertex 16.648109226627696 42.925316339394435 94.5
      vertex 16.749438164979345 42.87940479473082 94.5
    endloop
  endfacet
  facet normal 0 0 -1
    outer loop
      vertex 10.534503037177386 43.08436774588711 94.5
      vertex 16.549999999999997 42.97775681356646 94.5
      vertex 16.648109226627696 42.925316339394435 94.5
    endloop
  endfacet
  facet normal 0 0 -1
    outer loop
      vertex 10.534503037177386 43.08436774588711 94.5
      vertex 16.455530603866674 43.03650165908567 94.5
      vertex 16.549999999999997 42.97775681356646 94.5
    endloop
  endfacet
  facet normal 0 0 -1
    outer loop
      vertex 10.534503037177386 43.08436774588711 94.5
      vertex 16.365105570685174 43.101299321504904 94.5
      vertex 16.455530603866674 43.03650165908567 94.5
    endloop
  endfacet
  facet normal 0 0 -1
    outer loop
      vertex 10.534503037177386 43.08436774588711 94.5
      vertex 16.27911211432988 43.17187232728574 94.5
      vertex 16.365105570685174 43.101299321504904 94.5
    endloop
  endfacet
  facet normal 0 0 -1
    outer loop
      vertex 10.534503037177386 43.08436774588711 94.5
      vertex 16.197918471982867 43.24791847198287 94.5
      vertex 16.27911211432988 43.17187232728574 94.5
    endloop
  endfacet
  facet normal 0 0 -1
    outer loop
      vertex 10.534503037177386 43.08436774588711 94.5
      vertex 16.121872327285736 43.32911211432989 94.5
      vertex 16.197918471982867 43.24791847198287 94.5
    endloop
  endfacet
  facet normal 0 0 -1
    outer loop
      vertex 10.63851921597652 42.63826668428236 94.5
      vertex 10.534503037177386 43.08436774588711 94.5
      vertex 16.749438164979345 42.87940479473082 94.5
    endloop
  endfacet
  facet normal 0 0 -1
    outer loop
      vertex 10.459885970383326 43.53631665445964 94.5
      vertex 16.0512993215049 43.41510557068518 94.5
      vertex 16.121872327285736 43.32911211432989 94.5
    endloop
  endfacet
  facet normal 0 0 -1
    outer loop
      vertex 10.459885970383326 43.53631665445964 94.5
      vertex 15.986501659085672 43.50553060386668 94.5
      vertex 16.0512993215049 43.41510557068518 94.5
    endloop
  endfacet
  facet normal 0 0 -1
    outer loop
      vertex 10.459885970383326 43.53631665445964 94.5
      vertex 15.927756813566454 43.6 94.5
      vertex 15.986501659085672 43.50553060386668 94.5
    endloop
  endfacet
  facet normal 0 0 -1
    outer loop
      vertex 10.459885970383326 43.53631665445964 94.5
      vertex 15.875316339394429 43.6981092266277 94.5
      vertex 15.927756813566454 43.6 94.5
    endloop
  endfacet
  facet normal 0 0 -1
    outer loop
      vertex 10.459885970383326 43.53631665445964 94.5
      vertex 15.829404794730811 43.79943816497935 94.5
      vertex 15.875316339394429 43.6981092266277 94.5
    endloop
  endfacet
  facet normal 0 0 -1
    outer loop
      vertex 10.534503037177386 43.08436774588711 94.5
      vertex 10.459885970383326 43.53631665445964 94.5
      vertex 16.121872327285736 43.32911211432989 94.5
    endloop
  endfacet
  facet normal 0 0 -1
    outer loop
      vertex 10.459885970383326 43.53631665445964 94.5
      vertex 10.414987537329775 43.992178095389 94.5
      vertex 15.829404794730811 43.79943816497935 94.5
    endloop
  endfacet
  facet normal 0 0 -1
    outer loop
      vertex 10.414987537329775 43.992178095389 94.5
      vertex 15.79021877985832 43.90355290898463 94.5
      vertex 15.829404794730811 43.79943816497935 94.5
    endloop
  endfacet
  facet normal 0 0 -1
    outer loop
      vertex 10.414987537329775 43.992178095389 94.5
      vertex 15.757926095308582 44.01000762332572 94.5
      vertex 15.79021877985832 43.90355290898463 94.5
    endloop
  endfacet
  facet normal 0 0 -1
    outer loop
      vertex 10.414987537329775 43.992178095389 94.5
      vertex 15.732665023314507 44.11834645257259 94.5
      vertex 15.757926095308582 44.01000762332572 94.5
    endloop
  endfacet
  facet normal 0 0 -1
    outer loop
      vertex 10.414987537329775 43.992178095389 94.5
      vertex 15.71454373566452 44.22810547322592 94.5
      vertex 15.732665023314507 44.11834645257259 94.5
    endloop
  endfacet
  facet normal 0 0 -1
    outer loop
      vertex 10.399999999999999 44.45 94.5
      vertex 15.703639830494373 44.33881468030876 94.5
      vertex 15.71454373566452 44.22810547322592 94.5
    endloop
  endfacet
  facet normal 0 0 -1
    outer loop
      vertex 10.399999999999999 44.45 94.5
      vertex 15.7 44.45 94.5
      vertex 15.703639830494373 44.33881468030876 94.5
    endloop
  endfacet
  facet normal 0 0 -1
    outer loop
      vertex 10.414987537329775 44.907821904611005 94.5
      vertex 15.703639830494373 44.56118531969125 94.5
      vertex 15.7 44.45 94.5
    endloop
  endfacet
  facet normal 0 0 -1
    outer loop
      vertex 10.414987537329775 44.907821904611005 94.5
      vertex 15.71454373566452 44.67189452677409 94.5
      vertex 15.703639830494373 44.56118531969125 94.5
    endloop
  endfacet
  facet normal 0.8819212643483515 -0.4713967368260041 0
    outer loop
      vertex 23.462177826491068 40.95 94.5
      vertex 23.67810919072882 41.35397916846699 104
      vertex 23.462177826491068 40.95 104
    endloop
  endfacet
  facet normal 0.91086382492118 -0.41270702980438534 0
    outer loop
      vertex 23.67810919072882 41.35397916846699 94.5
      vertex 23.867156727579005 41.77121597344438 104
      vertex 23.67810919072882 41.35397916846699 104
    endloop
  endfacet
  facet normal 0.935905926757321 -0.3522500479212463 0
    outer loop
      vertex 23.867156727579005 41.77121597344438 94.5
      vertex 23.962960771293005 42.025761211545515 104
      vertex 23.867156727579005 41.77121597344438 104
    endloop
  endfacet
  facet normal 0.9738769792773339 -0.22707626303437187 0
    outer loop
      vertex 24.161480784023475 42.63826668428236 94.5
      vertex 24.26549696282261 43.08436774588711 104
      vertex 24.161480784023475 42.63826668428236 104
    endloop
  endfacet
  facet normal 0.9569403357322126 -0.2902846772544498 -2.1601255821436684e-16
    outer loop
      vertex 24.02851090646574 42.19992374287787 94.5
      vertex 24.161480784023475 42.63826668428236 104
      vertex 24.12032344096989 42.50258910718097 105.54761904761904
    endloop
  endfacet
  facet normal 0.986643332084878 -0.1628954733945945 0
    outer loop
      vertex 24.26549696282261 43.08436774588711 94.5
      vertex 24.34011402961667 43.53631665445964 104
      vertex 24.26549696282261 43.08436774588711 104
    endloop
  endfacet
  facet normal 0.9951847266721972 -0.09801714032955719 0
    outer loop
      vertex 24.34011402961667 43.53631665445964 94.5
      vertex 24.385012462670222 43.992178095389 104
      vertex 24.34011402961667 43.53631665445964 104
    endloop
  endfacet
  facet normal 0.9994645874763655 -0.03271908282177893 0
    outer loop
      vertex 24.385012462670222 43.992178095389 94.5
      vertex 24.4 44.45 104
      vertex 24.385012462670222 43.992178095389 104
    endloop
  endfacet
  facet normal 0.9994645874763655 0.03271908282177893 0
    outer loop
      vertex 24.4 44.45 94.5
      vertex 24.385012462670222 44.907821904611005 104
      vertex 24.4 44.45 104
    endloop
  endfacet
  facet normal -0.8819212643483532 -0.4713967368260011 0
    outer loop
      vertex 11.337822173508929 40.95 94.5
      vertex 11.12189080927118 41.35397916846699 96
      vertex 11.12189080927118 41.35397916846699 94.5
    endloop
  endfacet
  facet normal -0.9108638249211786 -0.41270702980438856 0
    outer loop
      vertex 11.12189080927118 41.35397916846699 94.5
      vertex 10.932843272420993 41.77121597344438 96
      vertex 10.932843272420993 41.77121597344438 94.5
    endloop
  endfacet
  facet normal -0.8819212643483532 -0.4713967368260011 0
    outer loop
      vertex 11.337822173508929 40.95 94.5
      vertex 11.337822173508929 40.95 96
      vertex 11.12189080927118 41.35397916846699 96
    endloop
  endfacet
  facet normal -0.9108638249211786 -0.41270702980438856 0
    outer loop
      vertex 11.12189080927118 41.35397916846699 94.5
      vertex 11.12189080927118 41.35397916846699 96
      vertex 10.932843272420993 41.77121597344438 96
    endloop
  endfacet
  facet normal -0.9359059267573235 -0.3522500479212392 0
    outer loop
      vertex 10.932843272420993 41.77121597344438 94.5
      vertex 10.771489093534258 42.19992374287787 96
      vertex 10.771489093534258 42.19992374287787 94.5
    endloop
  endfacet
  facet normal -0.9569403357322093 -0.2902846772544612 0
    outer loop
      vertex 10.771489093534258 42.19992374287787 94.5
      vertex 10.63851921597652 42.63826668428236 96
      vertex 10.63851921597652 42.63826668428236 94.5
    endloop
  endfacet
  facet normal -0.9359059267573235 -0.3522500479212392 0
    outer loop
      vertex 10.932843272420993 41.77121597344438 94.5
      vertex 10.932843272420993 41.77121597344438 96
      vertex 10.771489093534258 42.19992374287787 96
    endloop
  endfacet
  facet normal -0.9569403357322093 -0.2902846772544612 0
    outer loop
      vertex 10.771489093534258 42.19992374287787 94.5
      vertex 10.771489093534258 42.19992374287787 96
      vertex 10.63851921597652 42.63826668428236 96
    endloop
  endfacet
  facet normal -0.973876979277334 -0.2270762630343719 0
    outer loop
      vertex 10.63851921597652 42.63826668428236 94.5
      vertex 10.63851921597652 42.63826668428236 96
      vertex 10.534503037177386 43.08436774588711 96
    endloop
  endfacet
  facet normal -0.973876979277334 -0.2270762630343719 0
    outer loop
      vertex 10.63851921597652 42.63826668428236 94.5
      vertex 10.534503037177386 43.08436774588711 96
      vertex 10.534503037177386 43.08436774588711 94.5
    endloop
  endfacet
  facet normal -0.9866433320848786 -0.16289547339459076 0
    outer loop
      vertex 10.534503037177386 43.08436774588711 94.5
      vertex 10.459885970383326 43.53631665445964 96
      vertex 10.459885970383326 43.53631665445964 94.5
    endloop
  endfacet
  facet normal -0.9866433320848786 -0.16289547339459076 0
    outer loop
      vertex 10.534503037177386 43.08436774588711 94.5
      vertex 10.534503037177386 43.08436774588711 96
      vertex 10.459885970383326 43.53631665445964 96
    endloop
  endfacet
  facet normal -0.9951847266721973 -0.0980171403295572 0
    outer loop
      vertex 10.459885970383326 43.53631665445964 94.5
      vertex 10.459885970383326 43.53631665445964 96
      vertex 10.414987537329775 43.992178095389 96
    endloop
  endfacet
  facet normal 0 0 -1
    outer loop
      vertex 10.414987537329775 43.992178095389 94.5
      vertex 10.399999999999999 44.45 94.5
      vertex 15.71454373566452 44.22810547322592 94.5
    endloop
  endfacet
  facet normal -0.9951847266721973 -0.0980171403295572 0
    outer loop
      vertex 10.459885970383326 43.53631665445964 94.5
      vertex 10.414987537329775 43.992178095389 96
      vertex 10.414987537329775 43.992178095389 94.5
    endloop
  endfacet
  facet normal 0 0 -1
    outer loop
      vertex 10.399999999999999 44.45 94.5
      vertex 10.414987537329775 44.907821904611005 94.5
      vertex 15.7 44.45 94.5
    endloop
  endfacet
  facet normal -0.9994645874763657 -0.03271908282177894 0
    outer loop
      vertex 10.414987537329775 43.992178095389 94.5
      vertex 10.399999999999999 44.45 96
      vertex 10.399999999999999 44.45 94.5
    endloop
  endfacet
  facet normal -0.9994645874763657 -0.03271908282177894 0
    outer loop
      vertex 10.414987537329775 43.992178095389 94.5
      vertex 10.414987537329775 43.992178095389 96
      vertex 10.399999999999999 44.45 96
    endloop
  endfacet
  facet normal -0.9994645874763657 0.03271908282177894 0
    outer loop
      vertex 10.399999999999999 44.45 94.5
      vertex 10.399999999999999 44.45 96
      vertex 10.414987537329775 44.907821904611005 96
    endloop
  endfacet
  facet normal -0.09801714032963708 -0.9951847266721894 -2.1598017252350255e-15
    outer loop
      vertex 16.942178095388996 37.464987537329776 94.5
      vertex 16.634779465700763 37.49526365975784 105.62837649679756
      vertex 16.60282588434002 37.49841081282835 106.41071428571429
    endloop
  endfacet
  facet normal -0.7298640726978362 -0.6835923020228708 0
    outer loop
      vertex 12.450252531694165 39.50025253169417 104
      vertex 12.450252531694165 39.50025253169417 109
      vertex 12.323042988175068 39.636072779002596 104
    endloop
  endfacet
  facet normal 0.2270762630343736 -0.9738769792773334 0
    outer loop
      vertex 18.765632254112898 37.58450303717739 109
      vertex 19.211733315717645 37.68851921597653 109
      vertex 19.211733315717645 37.68851921597653 110.5
    endloop
  endfacet
  facet normal 0.2902846772544541 -0.9569403357322115 0
    outer loop
      vertex 19.65007625712213 37.82148909353426 109
      vertex 19.65007625712213 37.82148909353426 110.5
      vertex 19.211733315717645 37.68851921597653 109
    endloop
  endfacet
  facet normal 0.3522500479212333 -0.9359059267573259 0
    outer loop
      vertex 19.65007625712213 37.82148909353426 109
      vertex 20.078784026555628 37.98284327242099 109
      vertex 19.65007625712213 37.82148909353426 110.5
    endloop
  endfacet
  facet normal 0.47139673682599803 -0.8819212643483547 0
    outer loop
      vertex 20.49602083153301 38.17189080927118 109
      vertex 20.9 38.38782217350893 109
      vertex 20.9 38.38782217350893 110.5
    endloop
  endfacet
  facet normal 0.5280678506503695 -0.8492021815265779 0
    outer loop
      vertex 20.9 38.38782217350893 109
      vertex 21.288991631137215 38.629712713882185 109
      vertex 21.288991631137215 38.629712713882185 110.5
    endloop
  endfacet
  facet normal 0.41270702980439467 -0.9108638249211758 0
    outer loop
      vertex 20.078784026555628 37.98284327242099 109
      vertex 20.49602083153301 38.17189080927118 109
      vertex 20.49602083153301 38.17189080927118 110.5
    endloop
  endfacet
  facet normal 0.5824776968678047 -0.8128466845916134 0
    outer loop
      vertex 21.288991631137215 38.629712713882185 109
      vertex 21.661330003061043 38.89652661796136 109
      vertex 21.661330003061043 38.89652661796136 110.5
    endloop
  endfacet
  facet normal -0.0980171403295767 -0.9951847266721954 0
    outer loop
      vertex 16.48631665445964 37.50988597038333 104
      vertex 16.60282588434002 37.49841081282835 106.41071428571429
      vertex 16.48631665445964 37.50988597038333 109
    endloop
  endfacet
  facet normal 0.1628954733946136 -0.9866433320848749 0
    outer loop
      vertex 18.31368334554036 37.50988597038333 104
      vertex 18.387510226912294 37.522074837828384 107.88636363636364
      vertex 18.31368334554036 37.50988597038333 110.5
    endloop
  endfacet
  facet normal 0 0 0
    outer loop
      vertex 18.31368334554036 37.50988597038333 104
      vertex 18.31368334554036 37.50988597038333 110.5
      vertex 18.31368334554036 37.50988597038333 109
    endloop
  endfacet
  facet normal 0.1628954733943944 -0.9866433320849111 5.489423840586553e-16
    outer loop
      vertex 18.387510226912294 37.522074837828384 107.88636363636364
      vertex 18.40223132919485 37.52450530165176 108.02037617554859
      vertex 18.420050227343076 37.527447213642475 109
    endloop
  endfacet
  facet normal 0.16289547339451144 -0.9866433320848917 -2.964908766937878e-15
    outer loop
      vertex 18.387510226912294 37.522074837828384 107.88636363636364
      vertex 18.420050227343076 37.527447213642475 109
      vertex 18.31368334554036 37.50988597038333 110.5
    endloop
  endfacet
  facet normal 0.1628954733946043 -0.9866433320848764 0
    outer loop
      vertex 18.765632254112898 37.58450303717739 109
      vertex 18.765632254112898 37.58450303717739 110.5
      vertex 18.420050227343076 37.527447213642475 109
    endloop
  endfacet
  facet normal 0.09801714032956564 -0.9951847266721964 0
    outer loop
      vertex 18.31368334554036 37.50988597038333 109
      vertex 18.31368334554036 37.50988597038333 110.5
      vertex 17.857821904611 37.464987537329776 109
    endloop
  endfacet
  facet normal 0.03271908282177119 -0.9994645874763658 0
    outer loop
      vertex 17.857821904611 37.464987537329776 109
      vertex 17.857821904611 37.464987537329776 110.5
      vertex 17.4 37.45 109
    endloop
  endfacet
  facet normal -0.03271908282177119 -0.9994645874763658 0
    outer loop
      vertex 17.4 37.45 109
      vertex 17.4 37.45 110.5
      vertex 16.942178095388996 37.464987537329776 109
    endloop
  endfacet
  facet normal -0.09801714032956564 -0.9951847266721964 0
    outer loop
      vertex 16.942178095388996 37.464987537329776 109
      vertex 16.942178095388996 37.464987537329776 110.5
      vertex 16.48631665445964 37.50988597038333 109
    endloop
  endfacet
  facet normal -0.16289547339459204 -0.9866433320848784 0
    outer loop
      vertex 16.48631665445964 37.50988597038333 109
      vertex 16.48631665445964 37.50988597038333 110.5
      vertex 16.0343677458871 37.58450303717739 109
    endloop
  endfacet
  facet normal -0.2270762630343736 -0.9738769792773334 0
    outer loop
      vertex 16.0343677458871 37.58450303717739 109
      vertex 16.0343677458871 37.58450303717739 110.5
      vertex 15.588266684282353 37.68851921597653 109
    endloop
  endfacet
  facet normal -0.29028467725444235 -0.9569403357322149 0
    outer loop
      vertex 15.588266684282353 37.68851921597653 109
      vertex 15.588266684282353 37.68851921597653 110.5
      vertex 15.455850587399748 37.72868719982209 109
    endloop
  endfacet
  facet normal -0.2902846772544609 -0.9569403357322092 -3.8995142824051605e-16
    outer loop
      vertex 15.25407367786435 37.78989555615819 106.6984126984127
      vertex 15.455850587399748 37.72868719982209 109
      vertex 15.149923742877867 37.82148909353426 110.5
    endloop
  endfacet
  facet normal -0.29028467725437657 -0.9569403357322348 2.1318169165439343e-15
    outer loop
      vertex 15.25407367786435 37.78989555615819 106.6984126984127
      vertex 15.149923742877867 37.82148909353426 110.5
      vertex 15.163621959796757 37.81733378486058 109
    endloop
  endfacet
  facet normal -0.29028467725459056 -0.9569403357321701 0
    outer loop
      vertex 15.163621959796757 37.81733378486058 109
      vertex 15.149923742877867 37.82148909353426 110.5
      vertex 15.149923742877867 37.82148909353426 109
    endloop
  endfacet
  facet normal -0.3522500479212333 -0.9359059267573259 0
    outer loop
      vertex 15.149923742877867 37.82148909353426 109
      vertex 15.149923742877867 37.82148909353426 110.5
      vertex 14.72121597344437 37.98284327242099 109
    endloop
  endfacet
  facet normal -0.41270702980439616 -0.9108638249211752 0
    outer loop
      vertex 14.72121597344437 37.98284327242099 109
      vertex 14.72121597344437 37.98284327242099 110.5
      vertex 14.30397916846699 38.17189080927118 109
    endloop
  endfacet
  facet normal -0.4713967368259965 -0.8819212643483556 0
    outer loop
      vertex 14.30397916846699 38.17189080927118 109
      vertex 14.30397916846699 38.17189080927118 110.5
      vertex 13.899999999999999 38.38782217350893 109
    endloop
  endfacet
  facet normal -0.5280678506503695 -0.8492021815265779 0
    outer loop
      vertex 13.899999999999999 38.38782217350893 109
      vertex 13.899999999999999 38.38782217350893 110.5
      vertex 13.511008368862782 38.629712713882185 109
    endloop
  endfacet
  facet normal -0.5824776968678029 -0.8128466845916147 0
    outer loop
      vertex 13.511008368862782 38.629712713882185 109
      vertex 13.511008368862782 38.629712713882185 110.5
      vertex 13.138669996938953 38.89652661796136 109
    endloop
  endfacet
  facet normal -0.6343932841636495 -0.7730104533627337 7.512725661291235e-16
    outer loop
      vertex 13.138669996938953 38.89652661796136 109
      vertex 13.138669996938955 38.89652661796136 110.5
      vertex 12.784579294299515 39.187121347647164 109
    endloop
  endfacet
  facet normal 0.7298640726978329 -0.6835923020228742 0
    outer loop
      vertex 22.349747468305832 39.50025253169417 104
      vertex 22.565957095385908 39.73109720111215 105.54761904761904
      vertex 22.349747468305832 39.50025253169417 110.5
    endloop
  endfacet
  facet normal 0.6835923020228712 -0.7298640726978357 0
    outer loop
      vertex 22.349747468305832 39.50025253169417 104
      vertex 22.349747468305832 39.50025253169417 110.5
      vertex 22.061010718783027 39.22982105456266 108.31818181818183
    endloop
  endfacet
  facet normal 0.8128466845915873 -0.5824776968678411 0
    outer loop
      vertex 23.220287286117816 40.56100836886279 104
      vertex 23.220287286117816 40.56100836886279 109
      vertex 23.195273482610393 40.52610164649493 109
    endloop
  endfacet
  facet normal 0.7298640726978313 -0.6835923020228758 -1.3821428529497444e-16
    outer loop
      vertex 22.565957095385908 39.73109720111215 105.54761904761904
      vertex 22.633522603848434 39.80323616030527 109
      vertex 22.349747468305832 39.50025253169417 110.5
    endloop
  endfacet
  facet normal 0.6835923020228843 -0.7298640726978235 -3.2395692524006028e-15
    outer loop
      vertex 22.061010718783027 39.22982105456266 108.31818181818183
      vertex 22.349747468305832 39.50025253169417 110.5
      vertex 22.046763839694734 39.21647739615157 109
    endloop
  endfacet
  facet normal 0.683592302022789 -0.7298640726979126 0
    outer loop
      vertex 22.01542070570048 39.187121347647164 109
      vertex 22.046763839694734 39.21647739615157 109
      vertex 22.01542070570048 39.187121347647164 110.5
    endloop
  endfacet
  facet normal 0.7298640726978819 -0.683592302022822 -4.376147271036018e-16
    outer loop
      vertex 22.633522603848434 39.80323616030527 109
      vertex 22.662878652352827 39.83457929429951 109
      vertex 22.66287865235284 39.83457929429952 110.5
    endloop
  endfacet
  facet normal 0.6343932841636513 -0.7730104533627321 0
    outer loop
      vertex 21.661330003061043 38.89652661796136 109
      vertex 22.01542070570048 39.187121347647164 109
      vertex 22.01542070570048 39.187121347647164 110.5
    endloop
  endfacet
  facet normal 0.7730104533627314 -0.6343932841636521 -6.665208920498286e-16
    outer loop
      vertex 22.662878652352827 39.83457929429951 109
      vertex 22.953473382038638 40.18866999693895 109
      vertex 22.953473382038645 40.188669996938955 110.5
    endloop
  endfacet
  facet normal 0.8128466845916167 -0.5824776968678002 -1.0912467384771038e-15
    outer loop
      vertex 22.953473382038638 40.18866999693895 109
      vertex 23.195273482610393 40.52610164649493 109
      vertex 22.953473382038645 40.188669996938955 110.5
    endloop
  endfacet
  facet normal 0.8128466845915873 -0.5824776968678411 0
    outer loop
      vertex 23.195273482610393 40.52610164649493 109
      vertex 23.220287286117816 40.56100836886279 109
      vertex 23.220287286117816 40.56100836886279 110.5
    endloop
  endfacet
  facet normal 0.8492021815265813 -0.5280678506503639 0
    outer loop
      vertex 23.220287286117816 40.56100836886279 109
      vertex 23.462177826491068 40.95 109
      vertex 23.462177826491068 40.95 110.5
    endloop
  endfacet
  facet normal -0.6835923020228716 -0.7298640726978356 8.095359073731263e-16
    outer loop
      vertex 12.784579294299515 39.187121347647164 109
      vertex 12.784579294299517 39.187121347647164 110.5
      vertex 12.450252531694165 39.50025253169417 109
    endloop
  endfacet
  facet normal -0.7298640726978356 -0.6835923020228716 0
    outer loop
      vertex 12.450252531694165 39.50025253169417 109
      vertex 12.450252531694165 39.50025253169417 110.5
      vertex 12.137121347647156 39.83457929429952 109
    endloop
  endfacet
  facet normal -0.7730104533627328 -0.6343932841636505 0
    outer loop
      vertex 12.137121347647156 39.83457929429952 109
      vertex 12.137121347647156 39.83457929429952 110.5
      vertex 11.846526617961352 40.188669996938955 109
    endloop
  endfacet
  facet normal -0.8492021815265728 -0.5280678506503779 -6.01349960382739e-15
    outer loop
      vertex 11.54672764019492 40.614052682199684 108.31818181818181
      vertex 11.57971271388218 40.56100836886279 109
      vertex 11.557035475722188 40.5974763342819 109
    endloop
  endfacet
  facet normal -0.8128466845916159 -0.582477696867801 0
    outer loop
      vertex 11.846526617961352 40.188669996938955 109
      vertex 11.846526617961352 40.188669996938955 110.5
      vertex 11.57971271388218 40.56100836886279 109
    endloop
  endfacet
  facet normal -0.8492021815265727 -0.5280678506503779 0
    outer loop
      vertex 11.57971271388218 40.56100836886279 109
      vertex 11.57971271388218 40.56100836886279 110.5
      vertex 11.557035475722188 40.5974763342819 109
    endloop
  endfacet
  facet normal -0.8492021815265823 -0.5280678506503625 0
    outer loop
      vertex 11.557035475722188 40.5974763342819 109
      vertex 11.337822173508929 40.95 110.5
      vertex 11.337822173508929 40.95 109
    endloop
  endfacet
  facet normal 0.9359059267573304 -0.3522500479212209 3.4329612991089583e-16
    outer loop
      vertex 24.02851090646574 42.19992374287787 94.5
      vertex 24.013383952195106 42.159732389493485 109
      vertex 23.962960771293005 42.025761211545515 104
    endloop
  endfacet
  facet normal 0.9569403357322105 -0.29028467725445706 0
    outer loop
      vertex 24.02851090646574 42.19992374287787 94.5
      vertex 24.12032344096989 42.50258910718097 105.54761904761904
      vertex 24.02851090646574 42.19992374287787 109
    endloop
  endfacet
  facet normal 0.9359059267572897 -0.35225004792132936 0
    outer loop
      vertex 24.02851090646574 42.19992374287787 94.5
      vertex 24.02851090646574 42.19992374287787 109
      vertex 24.013383952195106 42.159732389493485 109
    endloop
  endfacet
  facet normal 0.9569403357322134 -0.2902846772544475 0
    outer loop
      vertex 24.161480784023475 42.63826668428236 104
      vertex 24.161480784023475 42.63826668428236 109
      vertex 24.12032344096989 42.50258910718097 105.54761904761904
    endloop
  endfacet
  facet normal 0.881921264348358 -0.47139673682599204 -4.1776183193005925e-15
    outer loop
      vertex 23.67810919072881 41.35397916846699 109
      vertex 23.67810919072882 41.35397916846699 110.5
      vertex 23.462177826491068 40.95 109
    endloop
  endfacet
  facet normal 0.9108638249211741 -0.41270702980439816 0
    outer loop
      vertex 23.67810919072881 41.35397916846699 109
      vertex 23.867156727579005 41.77121597344438 109
      vertex 23.867156727579005 41.77121597344438 110.5
    endloop
  endfacet
  facet normal 0.9359059267573256 -0.3522500479212337 0
    outer loop
      vertex 23.867156727579005 41.77121597344438 109
      vertex 24.013383952195106 42.159732389493485 109
      vertex 23.867156727579005 41.77121597344438 110.5
    endloop
  endfacet
  facet normal 0.9359059267572896 -0.35225004792132936 0
    outer loop
      vertex 24.013383952195106 42.159732389493485 109
      vertex 24.02851090646574 42.19992374287787 109
      vertex 24.02851090646574 42.19992374287787 110.5
    endloop
  endfacet
  facet normal 0.9569403357322115 -0.2902846772544541 0
    outer loop
      vertex 24.02851090646574 42.19992374287787 109
      vertex 24.161480784023475 42.63826668428236 109
      vertex 24.161480784023475 42.63826668428236 110.5
    endloop
  endfacet
  facet normal 0.9866433320848794 -0.16289547339458632 -3.5237048558718566e-16
    outer loop
      vertex 24.34011402961667 43.53631665445964 104
      vertex 24.33311867960473 43.493946444280965 109
      vertex 24.317018270847083 43.39642770656814 105.54761904761905
    endloop
  endfacet
  facet normal 0.986643332084886 -0.16289547339454583 0
    outer loop
      vertex 24.34011402961667 43.53631665445964 104
      vertex 24.34011402961667 43.53631665445964 110.5
      vertex 24.33311867960473 43.493946444280965 109
    endloop
  endfacet
  facet normal 0 0 0
    outer loop
      vertex 24.34011402961667 43.53631665445964 104
      vertex 24.34011402961667 43.53631665445964 109
      vertex 24.34011402961667 43.53631665445964 110.5
    endloop
  endfacet
  facet normal 0.9738769792773331 -0.2270762630343753 1.0805717492323206e-15
    outer loop
      vertex 24.161480784023475 42.63826668428236 109
      vertex 24.26549696282261 43.0843677458871 109
      vertex 24.26549696282261 43.08436774588711 110.5
    endloop
  endfacet
  facet normal 0.9866433320848776 -0.1628954733945968 7.716279687248895e-16
    outer loop
      vertex 24.26549696282261 43.0843677458871 109
      vertex 24.33311867960473 43.493946444280965 109
      vertex 24.26549696282261 43.08436774588711 110.5
    endloop
  endfacet
  facet normal 0.9951847266721973 -0.0980171403295572 0
    outer loop
      vertex 24.34011402961667 43.53631665445964 109
      vertex 24.385012462670222 43.992178095389 109
      vertex 24.385012462670222 43.992178095389 110.5
    endloop
  endfacet
  facet normal 0.9994645874763657 -0.03271908282177894 0
    outer loop
      vertex 24.385012462670222 43.992178095389 109
      vertex 24.4 44.45 109
      vertex 24.4 44.45 110.5
    endloop
  endfacet
  facet normal -0.9569403357322093 -0.2902846772544612 0
    outer loop
      vertex 10.771489093534258 42.19992374287787 104
      vertex 10.771489093534258 42.19992374287787 109
      vertex 10.63851921597652 42.63826668428236 104
    endloop
  endfacet
  facet normal -0.9951847266721969 -0.09801714032956076 2.3328231221744067e-16
    outer loop
      vertex 10.459885970383326 43.53631665445964 104
      vertex 10.455676742284556 43.57905366454677 109
      vertex 10.44164598195532 43.721510364837194 104
    endloop
  endfacet
  facet normal -0.9569403357322093 -0.2902846772544612 0
    outer loop
      vertex 10.63851921597652 42.63826668428236 104
      vertex 10.771489093534258 42.19992374287787 109
      vertex 10.771489093534258 42.19992374287787 110.5
    endloop
  endfacet
  facet normal -0.9569403357322093 -0.2902846772544612 0
    outer loop
      vertex 10.63851921597652 42.63826668428236 104
      vertex 10.771489093534258 42.19992374287787 110.5
      vertex 10.63851921597652 42.63826668428236 109
    endloop
  endfacet
  facet normal -0.8819212643483532 -0.4713967368260011 0
    outer loop
      vertex 11.337822173508929 40.95 109
      vertex 11.337822173508929 40.95 110.5
      vertex 11.12189080927118 41.35397916846699 109
    endloop
  endfacet
  facet normal -0.9108638249211786 -0.41270702980438856 0
    outer loop
      vertex 11.12189080927118 41.35397916846699 109
      vertex 11.12189080927118 41.35397916846699 110.5
      vertex 10.932843272420993 41.77121597344438 109
    endloop
  endfacet
  facet normal -0.9359059267573235 -0.3522500479212392 0
    outer loop
      vertex 10.932843272420993 41.77121597344438 109
      vertex 10.932843272420993 41.77121597344438 110.5
      vertex 10.771489093534258 42.19992374287787 109
    endloop
  endfacet
  facet normal -0.973876979277334 -0.2270762630343719 0
    outer loop
      vertex 10.63851921597652 42.63826668428236 109
      vertex 10.63851921597652 42.63826668428236 110.5
      vertex 10.534503037177386 43.08436774588711 109
    endloop
  endfacet
  facet normal -0.9951847266721996 -0.09801714032953374 0
    outer loop
      vertex 10.459885970383326 43.53631665445964 104
      vertex 10.459885970383326 43.53631665445964 109
      vertex 10.455676742284556 43.57905366454677 109
    endloop
  endfacet
  facet normal -0.9866433320848786 -0.16289547339459076 0
    outer loop
      vertex 10.534503037177386 43.08436774588711 109
      vertex 10.534503037177386 43.08436774588711 110.5
      vertex 10.459885970383326 43.53631665445964 109
    endloop
  endfacet
  facet normal -0.9951847266721994 -0.09801714032953372 0
    outer loop
      vertex 10.459885970383326 43.53631665445964 109
      vertex 10.459885970383326 43.53631665445964 110.5
      vertex 10.455676742284556 43.57905366454677 109
    endloop
  endfacet
  facet normal -0.9951847266721969 -0.09801714032955962 0
    outer loop
      vertex 10.455676742284556 43.57905366454677 109
      vertex 10.414987537329775 43.992178095389 110.5
      vertex 10.414987537329775 43.992178095389 109
    endloop
  endfacet
  facet normal -0.9994645874763657 -0.03271908282177894 0
    outer loop
      vertex 10.414987537329775 43.992178095389 109
      vertex 10.414987537329775 43.992178095389 110.5
      vertex 10.399999999999999 44.45 109
    endloop
  endfacet
  facet normal -0.9994645874763657 0.03271908282177506 0
    outer loop
      vertex 10.399999999999999 44.45 109
      vertex 10.399999999999999 44.45 110.5
      vertex 10.414987537329774 44.907821904611005 109
    endloop
  endfacet
  facet normal 0 0 -1
    outer loop
      vertex 24.385012462670222 44.907821904611005 94.5
      vertex 18.970595205269184 45.100561835020656 94.5
      vertex 24.34011402961667 45.363683345540366 94.5
    endloop
  endfacet
  facet normal 0 0 -1
    outer loop
      vertex 24.34011402961667 45.363683345540366 94.5
      vertex 18.67812767271426 45.57088788567012 94.5
      vertex 24.26549696282261 45.8156322541129 94.5
    endloop
  endfacet
  facet normal 0 0 -1
    outer loop
      vertex 24.385012462670222 44.907821904611005 94.5
      vertex 19.085456264335477 44.67189452677409 94.5
      vertex 19.06733497668549 44.78165354742742 94.5
    endloop
  endfacet
  facet normal 0 0 -1
    outer loop
      vertex 24.385012462670222 44.907821904611005 94.5
      vertex 19.06733497668549 44.78165354742742 94.5
      vertex 19.042073904691414 44.889992376674286 94.5
    endloop
  endfacet
  facet normal 0 0 -1
    outer loop
      vertex 24.385012462670222 44.907821904611005 94.5
      vertex 19.042073904691414 44.889992376674286 94.5
      vertex 19.00978122014168 44.996447091015376 94.5
    endloop
  endfacet
  facet normal 0 0 -1
    outer loop
      vertex 24.385012462670222 44.907821904611005 94.5
      vertex 19.00978122014168 44.996447091015376 94.5
      vertex 18.970595205269184 45.100561835020656 94.5
    endloop
  endfacet
  facet normal 0 0 -1
    outer loop
      vertex 24.34011402961667 45.363683345540366 94.5
      vertex 18.970595205269184 45.100561835020656 94.5
      vertex 18.92468366060557 45.201890773372305 94.5
    endloop
  endfacet
  facet normal 0 0 -1
    outer loop
      vertex 24.34011402961667 45.363683345540366 94.5
      vertex 18.92468366060557 45.201890773372305 94.5
      vertex 18.872243186433543 45.300000000000004 94.5
    endloop
  endfacet
  facet normal 0 0 -1
    outer loop
      vertex 24.34011402961667 45.363683345540366 94.5
      vertex 18.872243186433543 45.300000000000004 94.5
      vertex 18.813498340914325 45.394469396133324 94.5
    endloop
  endfacet
  facet normal 0 0 -1
    outer loop
      vertex 24.34011402961667 45.363683345540366 94.5
      vertex 18.813498340914325 45.394469396133324 94.5
      vertex 18.748700678495098 45.48489442931483 94.5
    endloop
  endfacet
  facet normal 0 0 -1
    outer loop
      vertex 24.34011402961667 45.363683345540366 94.5
      vertex 18.748700678495098 45.48489442931483 94.5
      vertex 18.67812767271426 45.57088788567012 94.5
    endloop
  endfacet
  facet normal 0 0 -1
    outer loop
      vertex 24.26549696282261 45.8156322541129 94.5
      vertex 18.67812767271426 45.57088788567012 94.5
      vertex 18.60208152801713 45.652081528017135 94.5
    endloop
  endfacet
  facet normal 0 0 -1
    outer loop
      vertex 24.26549696282261 45.8156322541129 94.5
      vertex 18.050561835020652 46.02059520526919 94.5
      vertex 24.161480784023475 46.26173331571765 94.5
    endloop
  endfacet
  facet normal 0 0 -1
    outer loop
      vertex 24.26549696282261 45.8156322541129 94.5
      vertex 18.60208152801713 45.652081528017135 94.5
      vertex 18.520887885670117 45.728127672714265 94.5
    endloop
  endfacet
  facet normal 0 0 -1
    outer loop
      vertex 24.26549696282261 45.8156322541129 94.5
      vertex 18.520887885670117 45.728127672714265 94.5
      vertex 18.434894429314824 45.7987006784951 94.5
    endloop
  endfacet
  facet normal 0 0 -1
    outer loop
      vertex 24.26549696282261 45.8156322541129 94.5
      vertex 18.434894429314824 45.7987006784951 94.5
      vertex 18.344469396133324 45.86349834091433 94.5
    endloop
  endfacet
  facet normal 0 0 -1
    outer loop
      vertex 24.26549696282261 45.8156322541129 94.5
      vertex 18.344469396133324 45.86349834091433 94.5
      vertex 18.25 45.92224318643355 94.5
    endloop
  endfacet
  facet normal 0 0 -1
    outer loop
      vertex 24.26549696282261 45.8156322541129 94.5
      vertex 18.25 45.92224318643355 94.5
      vertex 18.1518907733723 45.97468366060557 94.5
    endloop
  endfacet
  facet normal 0 0 -1
    outer loop
      vertex 24.26549696282261 45.8156322541129 94.5
      vertex 18.1518907733723 45.97468366060557 94.5
      vertex 18.050561835020652 46.02059520526919 94.5
    endloop
  endfacet
  facet normal 0 0 -1
    outer loop
      vertex 24.161480784023475 46.26173331571765 94.5
      vertex 18.050561835020652 46.02059520526919 94.5
      vertex 17.946447091015372 46.05978122014168 94.5
    endloop
  endfacet
  facet normal 0 0 -1
    outer loop
      vertex 24.161480784023475 46.26173331571765 94.5
      vertex 17.946447091015372 46.05978122014168 94.5
      vertex 17.839992376674285 46.09207390469142 94.5
    endloop
  endfacet
  facet normal 0 0 -1
    outer loop
      vertex 24.161480784023475 46.26173331571765 94.5
      vertex 17.839992376674285 46.09207390469142 94.5
      vertex 17.731653547427417 46.11733497668549 94.5
    endloop
  endfacet
  facet normal 0 0 -1
    outer loop
      vertex 24.161480784023475 46.26173331571765 94.5
      vertex 17.731653547427417 46.11733497668549 94.5
      vertex 17.621894526774085 46.13545626433548 94.5
    endloop
  endfacet
  facet normal 0 0 -1
    outer loop
      vertex 24.161480784023475 46.26173331571765 94.5
      vertex 17.621894526774085 46.13545626433548 94.5
      vertex 17.511185319691243 46.14636016950563 94.5
    endloop
  endfacet
  facet normal 0 0 -1
    outer loop
      vertex 24.161480784023475 46.26173331571765 94.5
      vertex 17.511185319691243 46.14636016950563 94.5
      vertex 17.4 46.150000000000006 94.5
    endloop
  endfacet
  facet normal 0 0 -1
    outer loop
      vertex 24.161480784023475 46.26173331571765 94.5
      vertex 10.771489093534258 46.700076257122134 94.5
      vertex 24.02851090646574 46.700076257122134 94.5
    endloop
  endfacet
  facet normal 0.9994645874763655 0.03271908282177893 0
    outer loop
      vertex 24.4 44.45 94.5
      vertex 24.385012462670222 44.907821904611005 94.5
      vertex 24.385012462670222 44.907821904611005 104
    endloop
  endfacet
  facet normal 0.9951847266721972 0.09801714032955719 -2.5592488797607286e-16
    outer loop
      vertex 24.385012462670222 44.907821904611005 94.5
      vertex 24.34011402961667 45.363683345540366 94.5
      vertex 24.35835401804468 45.17848963516281 104
    endloop
  endfacet
  facet normal 0.986643332084878 0.1628954733945945 0
    outer loop
      vertex 24.34011402961667 45.363683345540366 94.5
      vertex 24.26549696282261 45.8156322541129 94.5
      vertex 24.26549696282261 45.8156322541129 104
    endloop
  endfacet
  facet normal 0.9738769792773339 0.22707626303437187 0
    outer loop
      vertex 24.26549696282261 45.8156322541129 94.5
      vertex 24.161480784023475 46.26173331571765 94.5
      vertex 24.161480784023475 46.26173331571765 104
    endloop
  endfacet
  facet normal 0.9569403357322113 0.29028467725445406 0
    outer loop
      vertex 24.161480784023475 46.26173331571765 94.5
      vertex 24.02851090646574 46.700076257122134 94.5
      vertex 24.02851090646574 46.700076257122134 104
    endloop
  endfacet
  facet normal 0 0 -1
    outer loop
      vertex 10.414987537329775 44.907821904611005 94.5
      vertex 15.732665023314507 44.78165354742742 94.5
      vertex 15.71454373566452 44.67189452677409 94.5
    endloop
  endfacet
  facet normal 0 0 -1
    outer loop
      vertex 10.414987537329775 44.907821904611005 94.5
      vertex 15.757926095308582 44.889992376674286 94.5
      vertex 15.732665023314507 44.78165354742742 94.5
    endloop
  endfacet
  facet normal 0 0 -1
    outer loop
      vertex 10.459885970383326 45.363683345540366 94.5
      vertex 15.79021877985832 44.996447091015376 94.5
      vertex 15.757926095308582 44.889992376674286 94.5
    endloop
  endfacet
  facet normal 0 0 -1
    outer loop
      vertex 10.459885970383326 45.363683345540366 94.5
      vertex 15.829404794730811 45.100561835020656 94.5
      vertex 15.79021877985832 44.996447091015376 94.5
    endloop
  endfacet
  facet normal 0 0 -1
    outer loop
      vertex 10.414987537329775 44.907821904611005 94.5
      vertex 10.459885970383326 45.363683345540366 94.5
      vertex 15.757926095308582 44.889992376674286 94.5
    endloop
  endfacet
  facet normal 0 0 -1
    outer loop
      vertex 10.459885970383326 45.363683345540366 94.5
      vertex 15.875316339394429 45.201890773372305 94.5
      vertex 15.829404794730811 45.100561835020656 94.5
    endloop
  endfacet
  facet normal 0 0 -1
    outer loop
      vertex 10.459885970383326 45.363683345540366 94.5
      vertex 15.927756813566454 45.300000000000004 94.5
      vertex 15.875316339394429 45.201890773372305 94.5
    endloop
  endfacet
  facet normal 0 0 -1
    outer loop
      vertex 10.534503037177386 45.8156322541129 94.5
      vertex 15.986501659085672 45.394469396133324 94.5
      vertex 15.927756813566454 45.300000000000004 94.5
    endloop
  endfacet
  facet normal 0 0 -1
    outer loop
      vertex 10.534503037177386 45.8156322541129 94.5
      vertex 16.0512993215049 45.48489442931483 94.5
      vertex 15.986501659085672 45.394469396133324 94.5
    endloop
  endfacet
  facet normal 0 0 -1
    outer loop
      vertex 10.534503037177386 45.8156322541129 94.5
      vertex 16.197918471982867 45.652081528017135 94.5
      vertex 16.121872327285736 45.57088788567012 94.5
    endloop
  endfacet
  facet normal 0 0 -1
    outer loop
      vertex 10.534503037177386 45.8156322541129 94.5
      vertex 16.121872327285736 45.57088788567012 94.5
      vertex 16.0512993215049 45.48489442931483 94.5
    endloop
  endfacet
  facet normal 0 0 -1
    outer loop
      vertex 10.459885970383326 45.363683345540366 94.5
      vertex 10.534503037177386 45.8156322541129 94.5
      vertex 15.927756813566454 45.300000000000004 94.5
    endloop
  endfacet
  facet normal 0 0 -1
    outer loop
      vertex 24.161480784023475 46.26173331571765 94.5
      vertex 17.4 46.150000000000006 94.5
      vertex 10.63851921597652 46.26173331571765 94.5
    endloop
  endfacet
  facet normal 0 0 -1
    outer loop
      vertex 10.534503037177386 45.8156322541129 94.5
      vertex 16.27911211432988 45.728127672714265 94.5
      vertex 16.197918471982867 45.652081528017135 94.5
    endloop
  endfacet
  facet normal 0 0 -1
    outer loop
      vertex 10.534503037177386 45.8156322541129 94.5
      vertex 16.365105570685174 45.7987006784951 94.5
      vertex 16.27911211432988 45.728127672714265 94.5
    endloop
  endfacet
  facet normal 0 0 -1
    outer loop
      vertex 10.63851921597652 46.26173331571765 94.5
      vertex 16.749438164979345 46.02059520526919 94.5
      vertex 16.648109226627696 45.97468366060557 94.5
    endloop
  endfacet
  facet normal 0 0 -1
    outer loop
      vertex 10.63851921597652 46.26173331571765 94.5
      vertex 17.06834645257258 46.11733497668549 94.5
      vertex 16.960007623325712 46.09207390469142 94.5
    endloop
  endfacet
  facet normal 0 0 -1
    outer loop
      vertex 10.63851921597652 46.26173331571765 94.5
      vertex 16.853552908984625 46.05978122014168 94.5
      vertex 16.749438164979345 46.02059520526919 94.5
    endloop
  endfacet
  facet normal 0 0 -1
    outer loop
      vertex 10.63851921597652 46.26173331571765 94.5
      vertex 16.960007623325712 46.09207390469142 94.5
      vertex 16.853552908984625 46.05978122014168 94.5
    endloop
  endfacet
  facet normal 0 0 -1
    outer loop
      vertex 10.63851921597652 46.26173331571765 94.5
      vertex 16.455530603866674 45.86349834091433 94.5
      vertex 16.365105570685174 45.7987006784951 94.5
    endloop
  endfacet
  facet normal 0 0 -1
    outer loop
      vertex 10.63851921597652 46.26173331571765 94.5
      vertex 16.549999999999997 45.92224318643355 94.5
      vertex 16.455530603866674 45.86349834091433 94.5
    endloop
  endfacet
  facet normal 0 0 -1
    outer loop
      vertex 10.63851921597652 46.26173331571765 94.5
      vertex 16.648109226627696 45.97468366060557 94.5
      vertex 16.549999999999997 45.92224318643355 94.5
    endloop
  endfacet
  facet normal 0 0 -1
    outer loop
      vertex 10.534503037177386 45.8156322541129 94.5
      vertex 10.63851921597652 46.26173331571765 94.5
      vertex 16.365105570685174 45.7987006784951 94.5
    endloop
  endfacet
  facet normal 0 0 -1
    outer loop
      vertex 10.63851921597652 46.26173331571765 94.5
      vertex 17.4 46.150000000000006 94.5
      vertex 17.288814680308754 46.14636016950563 94.5
    endloop
  endfacet
  facet normal 0 0 -1
    outer loop
      vertex 10.63851921597652 46.26173331571765 94.5
      vertex 17.178105473225912 46.13545626433548 94.5
      vertex 17.06834645257258 46.11733497668549 94.5
    endloop
  endfacet
  facet normal 0 0 -1
    outer loop
      vertex 10.63851921597652 46.26173331571765 94.5
      vertex 17.288814680308754 46.14636016950563 94.5
      vertex 17.178105473225912 46.13545626433548 94.5
    endloop
  endfacet
  facet normal 0 0 -1
    outer loop
      vertex 24.161480784023475 46.26173331571765 94.5
      vertex 10.63851921597652 46.26173331571765 94.5
      vertex 10.771489093534258 46.700076257122134 94.5
    endloop
  endfacet
  facet normal 0 0 -1
    outer loop
      vertex 24.02851090646574 46.700076257122134 94.5
      vertex 10.932843272420993 47.12878402655563 94.5
      vertex 23.867156727579005 47.12878402655563 94.5
    endloop
  endfacet
  facet normal 0 0 -1
    outer loop
      vertex 23.867156727579005 47.12878402655563 94.5
      vertex 11.12189080927118 47.54602083153301 94.5
      vertex 23.67810919072882 47.54602083153301 94.5
    endloop
  endfacet
  facet normal 0 0 -1
    outer loop
      vertex 23.67810919072882 47.54602083153301 94.5
      vertex 11.337822173508929 47.95 94.5
      vertex 23.462177826491068 47.95 94.5
    endloop
  endfacet
  facet normal 0 0 -1
    outer loop
      vertex 23.462177826491068 47.95 94.5
      vertex 11.57971271388218 48.33899163113722 94.5
      vertex 23.220287286117816 48.33899163113722 94.5
    endloop
  endfacet
  facet normal 0.9359059267573222 0.3522500479212426 0
    outer loop
      vertex 24.02851090646574 46.700076257122134 94.5
      vertex 23.867156727579005 47.12878402655563 94.5
      vertex 23.867156727579005 47.12878402655563 104
    endloop
  endfacet
  facet normal 0.91086382492118 0.41270702980438534 0
    outer loop
      vertex 23.867156727579005 47.12878402655563 94.5
      vertex 23.67810919072882 47.54602083153301 94.5
      vertex 23.67810919072882 47.54602083153301 104
    endloop
  endfacet
  facet normal 0.8819212643483515 0.4713967368260041 0
    outer loop
      vertex 23.67810919072882 47.54602083153301 94.5
      vertex 23.462177826491068 47.95 94.5
      vertex 23.462177826491068 47.95 104
    endloop
  endfacet
  facet normal 0.8492021815265813 0.5280678506503639 0
    outer loop
      vertex 23.462177826491068 47.95 94.5
      vertex 23.220287286117816 48.33899163113722 94.5
      vertex 23.220287286117816 48.33899163113722 104
    endloop
  endfacet
  facet normal 0 0 -1
    outer loop
      vertex 24.02851090646574 46.700076257122134 94.5
      vertex 10.771489093534258 46.700076257122134 94.5
      vertex 10.932843272420993 47.12878402655563 94.5
    endloop
  endfacet
  facet normal 0 0 -1
    outer loop
      vertex 23.867156727579005 47.12878402655563 94.5
      vertex 10.932843272420993 47.12878402655563 94.5
      vertex 11.12189080927118 47.54602083153301 94.5
    endloop
  endfacet
  facet normal 0 0 -1
    outer loop
      vertex 23.220287286117816 48.33899163113722 94.5
      vertex 11.57971271388218 48.33899163113722 94.5
      vertex 11.846526617961352 48.71133000306105 94.5
    endloop
  endfacet
  facet normal 0 0 -1
    outer loop
      vertex 23.67810919072882 47.54602083153301 94.5
      vertex 11.12189080927118 47.54602083153301 94.5
      vertex 11.337822173508929 47.95 94.5
    endloop
  endfacet
  facet normal 0 0 -1
    outer loop
      vertex 23.462177826491068 47.95 94.5
      vertex 11.337822173508929 47.95 94.5
      vertex 11.57971271388218 48.33899163113722 94.5
    endloop
  endfacet
  facet normal 0.9951847266721981 0.09801714032954831 0
    outer loop
      vertex 24.385012462670222 44.907821904611005 94.5
      vertex 24.35835401804468 45.17848963516281 104
      vertex 24.385012462670222 44.907821904611005 104
    endloop
  endfacet
  facet normal 0.986643332084878 0.1628954733945945 0
    outer loop
      vertex 24.34011402961667 45.363683345540366 94.5
      vertex 24.26549696282261 45.8156322541129 104
      vertex 24.34011402961667 45.363683345540366 104
    endloop
  endfacet
  facet normal 0.9738769792773339 0.22707626303437187 0
    outer loop
      vertex 24.26549696282261 45.8156322541129 94.5
      vertex 24.161480784023475 46.26173331571765 104
      vertex 24.26549696282261 45.8156322541129 104
    endloop
  endfacet
  facet normal 0.9359059267573222 0.3522500479212426 0
    outer loop
      vertex 24.02851090646574 46.700076257122134 94.5
      vertex 23.867156727579005 47.12878402655563 104
      vertex 24.02851090646574 46.700076257122134 104
    endloop
  endfacet
  facet normal 0.91086382492118 0.41270702980438534 0
    outer loop
      vertex 23.867156727579005 47.12878402655563 94.5
      vertex 23.67810919072882 47.54602083153301 104
      vertex 23.867156727579005 47.12878402655563 104
    endloop
  endfacet
  facet normal 0.8819212643483515 0.4713967368260041 0
    outer loop
      vertex 23.67810919072882 47.54602083153301 94.5
      vertex 23.462177826491068 47.95 104
      vertex 23.67810919072882 47.54602083153301 104
    endloop
  endfacet
  facet normal 0.8492021815265813 0.5280678506503639 0
    outer loop
      vertex 23.462177826491068 47.95 94.5
      vertex 23.220287286117816 48.33899163113722 104
      vertex 23.462177826491068 47.95 104
    endloop
  endfacet
  facet normal 0.8128466845916159 0.5824776968678009 0
    outer loop
      vertex 23.220287286117816 48.33899163113722 94.5
      vertex 22.953473382038645 48.71133000306105 104
      vertex 23.220287286117816 48.33899163113722 104
    endloop
  endfacet
  facet normal -0.9994645874763657 0.03271908282177894 0
    outer loop
      vertex 10.399999999999999 44.45 94.5
      vertex 10.414987537329775 44.907821904611005 96
      vertex 10.414987537329775 44.907821904611005 94.5
    endloop
  endfacet
  facet normal -0.9951847266721973 0.0980171403295572 0
    outer loop
      vertex 10.414987537329775 44.907821904611005 94.5
      vertex 10.459885970383326 45.363683345540366 96
      vertex 10.459885970383326 45.363683345540366 94.5
    endloop
  endfacet
  facet normal -0.9866433320848786 0.16289547339459076 0
    outer loop
      vertex 10.459885970383326 45.363683345540366 94.5
      vertex 10.534503037177386 45.8156322541129 96
      vertex 10.534503037177386 45.8156322541129 94.5
    endloop
  endfacet
  facet normal -0.9951847266721973 0.0980171403295572 0
    outer loop
      vertex 10.414987537329775 44.907821904611005 94.5
      vertex 10.414987537329775 44.907821904611005 96
      vertex 10.459885970383326 45.363683345540366 96
    endloop
  endfacet
  facet normal -0.9866433320848786 0.16289547339459076 0
    outer loop
      vertex 10.459885970383326 45.363683345540366 94.5
      vertex 10.459885970383326 45.363683345540366 96
      vertex 10.534503037177386 45.8156322541129 96
    endloop
  endfacet
  facet normal -0.973876979277334 0.2270762630343719 0
    outer loop
      vertex 10.534503037177386 45.8156322541129 94.5
      vertex 10.63851921597652 46.26173331571765 96
      vertex 10.63851921597652 46.26173331571765 94.5
    endloop
  endfacet
  facet normal -0.9569403357322093 0.2902846772544612 0
    outer loop
      vertex 10.63851921597652 46.26173331571765 94.5
      vertex 10.771489093534258 46.700076257122134 96
      vertex 10.771489093534258 46.700076257122134 94.5
    endloop
  endfacet
  facet normal -0.973876979277334 0.2270762630343719 0
    outer loop
      vertex 10.534503037177386 45.8156322541129 94.5
      vertex 10.534503037177386 45.8156322541129 96
      vertex 10.63851921597652 46.26173331571765 96
    endloop
  endfacet
  facet normal -0.9569403357322093 0.2902846772544612 0
    outer loop
      vertex 10.63851921597652 46.26173331571765 94.5
      vertex 10.63851921597652 46.26173331571765 96
      vertex 10.771489093534258 46.700076257122134 96
    endloop
  endfacet
  facet normal -0.9359059267573235 0.3522500479212392 0
    outer loop
      vertex 10.771489093534258 46.700076257122134 94.5
      vertex 10.932843272420993 47.12878402655563 96
      vertex 10.932843272420993 47.12878402655563 94.5
    endloop
  endfacet
  facet normal -0.9108638249211786 0.41270702980438856 0
    outer loop
      vertex 10.932843272420993 47.12878402655563 94.5
      vertex 11.12189080927118 47.54602083153301 96
      vertex 11.12189080927118 47.54602083153301 94.5
    endloop
  endfacet
  facet normal -0.9359059267573235 0.3522500479212392 0
    outer loop
      vertex 10.771489093534258 46.700076257122134 94.5
      vertex 10.771489093534258 46.700076257122134 96
      vertex 10.932843272420993 47.12878402655563 96
    endloop
  endfacet
  facet normal -0.9108638249211786 0.41270702980438856 0
    outer loop
      vertex 10.932843272420993 47.12878402655563 94.5
      vertex 10.932843272420993 47.12878402655563 96
      vertex 11.12189080927118 47.54602083153301 96
    endloop
  endfacet
  facet normal -0.8819212643483532 0.4713967368260011 0
    outer loop
      vertex 11.12189080927118 47.54602083153301 94.5
      vertex 11.337822173508929 47.95 96
      vertex 11.337822173508929 47.95 94.5
    endloop
  endfacet
  facet normal -0.8492021815265813 0.5280678506503639 0
    outer loop
      vertex 11.337822173508929 47.95 94.5
      vertex 11.57971271388218 48.33899163113722 96
      vertex 11.57971271388218 48.33899163113722 94.5
    endloop
  endfacet
  facet normal -0.8819212643483532 0.4713967368260011 0
    outer loop
      vertex 11.12189080927118 47.54602083153301 94.5
      vertex 11.12189080927118 47.54602083153301 96
      vertex 11.337822173508929 47.95 96
    endloop
  endfacet
  facet normal -0.8492021815265813 0.5280678506503639 0
    outer loop
      vertex 11.337822173508929 47.95 94.5
      vertex 11.337822173508929 47.95 96
      vertex 11.57971271388218 48.33899163113722 96
    endloop
  endfacet
  facet normal -0.8128466845916159 0.582477696867801 0
    outer loop
      vertex 11.57971271388218 48.33899163113722 94.5
      vertex 11.57971271388218 48.33899163113722 96
      vertex 11.846526617961352 48.71133000306105 96
    endloop
  endfacet
  facet normal 0 0 -1
    outer loop
      vertex 23.220287286117816 48.33899163113722 94.5
      vertex 11.846526617961352 48.71133000306105 94.5
      vertex 22.953473382038645 48.71133000306105 94.5
    endloop
  endfacet
  facet normal 0 0 -1
    outer loop
      vertex 22.953473382038645 48.71133000306105 94.5
      vertex 12.137121347647156 49.06542070570048 94.5
      vertex 22.66287865235284 49.06542070570048 94.5
    endloop
  endfacet
  facet normal 0 0 -1
    outer loop
      vertex 22.66287865235284 49.06542070570048 94.5
      vertex 12.450252531694165 49.39974746830583 94.5
      vertex 22.349747468305832 49.39974746830583 94.5
    endloop
  endfacet
  facet normal 0 0 -1
    outer loop
      vertex 22.349747468305832 49.39974746830583 94.5
      vertex 12.784579294299517 49.71287865235284 94.5
      vertex 22.01542070570048 49.71287865235284 94.5
    endloop
  endfacet
  facet normal 0 0 -1
    outer loop
      vertex 22.01542070570048 49.71287865235284 94.5
      vertex 13.138669996938955 50.00347338203865 94.5
      vertex 21.661330003061043 50.00347338203865 94.5
    endloop
  endfacet
  facet normal 0 0 -1
    outer loop
      vertex 21.661330003061043 50.00347338203865 94.5
      vertex 13.511008368862782 50.27028728611782 94.5
      vertex 21.288991631137215 50.27028728611782 94.5
    endloop
  endfacet
  facet normal 0.8128466845916159 0.5824776968678009 0
    outer loop
      vertex 23.220287286117816 48.33899163113722 94.5
      vertex 22.953473382038645 48.71133000306105 94.5
      vertex 22.953473382038645 48.71133000306105 104
    endloop
  endfacet
  facet normal 0.7730104533627329 0.6343932841636506 2.8701856595447795e-16
    outer loop
      vertex 22.953473382038645 48.71133000306105 94.5
      vertex 22.66287865235284 49.06542070570048 94.5
      vertex 22.662878652352838 49.06542070570048 104
    endloop
  endfacet
  facet normal 0.7298640726978355 0.6835923020228715 0
    outer loop
      vertex 22.66287865235284 49.06542070570048 94.5
      vertex 22.349747468305832 49.39974746830583 94.5
      vertex 22.349747468305832 49.39974746830583 104
    endloop
  endfacet
  facet normal 0.6835923020228676 0.7298640726978392 -1.0205104567270173e-16
    outer loop
      vertex 22.349747468305832 49.39974746830583 94.5
      vertex 22.01542070570048 49.71287865235284 94.5
      vertex 22.213927220997405 49.52695701182493 104
    endloop
  endfacet
  facet normal 0.6343932841636514 0.7730104533627321 0
    outer loop
      vertex 22.01542070570048 49.71287865235284 94.5
      vertex 21.661330003061043 50.00347338203865 94.5
      vertex 21.661330003061043 50.00347338203865 104
    endloop
  endfacet
  facet normal 0.5824776968678048 0.8128466845916135 0
    outer loop
      vertex 21.661330003061043 50.00347338203865 94.5
      vertex 21.288991631137215 50.27028728611782 94.5
      vertex 21.288991631137215 50.27028728611782 104
    endloop
  endfacet
  facet normal 0.5280678506503695 0.8492021815265779 0
    outer loop
      vertex 21.288991631137215 50.27028728611782 94.5
      vertex 20.9 50.512177826491076 94.5
      vertex 20.9 50.512177826491076 104
    endloop
  endfacet
  facet normal 0 0 -1
    outer loop
      vertex 22.953473382038645 48.71133000306105 94.5
      vertex 11.846526617961352 48.71133000306105 94.5
      vertex 12.137121347647156 49.06542070570048 94.5
    endloop
  endfacet
  facet normal 0 0 -1
    outer loop
      vertex 22.66287865235284 49.06542070570048 94.5
      vertex 12.137121347647156 49.06542070570048 94.5
      vertex 12.450252531694165 49.39974746830583 94.5
    endloop
  endfacet
  facet normal -0.7298640726978356 0.6835923020228716 0
    outer loop
      vertex 12.450252531694165 49.39974746830583 94.5
      vertex 12.137121347647156 49.06542070570048 94.5
      vertex 12.450252531694165 49.39974746830583 96
    endloop
  endfacet
  facet normal -0.7298640726978356 0.6835923020228716 0
    outer loop
      vertex 12.450252531694165 49.39974746830583 96
      vertex 12.137121347647156 49.06542070570048 94.5
      vertex 12.137121347647156 49.06542070570048 96
    endloop
  endfacet
  facet normal -0.6835923020228901 0.7298640726978182 0
    outer loop
      vertex 12.450252531694165 49.39974746830583 94.5
      vertex 12.450252531694165 49.39974746830583 96
      vertex 12.50390661372105 49.45 96
    endloop
  endfacet
  facet normal 0 0 -1
    outer loop
      vertex 22.349747468305832 49.39974746830583 94.5
      vertex 12.450252531694165 49.39974746830583 94.5
      vertex 12.784579294299517 49.71287865235284 94.5
    endloop
  endfacet
  facet normal 0 0 -1
    outer loop
      vertex 22.01542070570048 49.71287865235284 94.5
      vertex 12.784579294299517 49.71287865235284 94.5
      vertex 13.138669996938955 50.00347338203865 94.5
    endloop
  endfacet
  facet normal 0 0 -1
    outer loop
      vertex 21.288991631137215 50.27028728611782 94.5
      vertex 13.899999999999999 50.512177826491076 94.5
      vertex 20.9 50.512177826491076 94.5
    endloop
  endfacet
  facet normal 0 0 -1
    outer loop
      vertex 21.661330003061043 50.00347338203865 94.5
      vertex 13.138669996938955 50.00347338203865 94.5
      vertex 13.511008368862782 50.27028728611782 94.5
    endloop
  endfacet
  facet normal 0 0 -1
    outer loop
      vertex 21.288991631137215 50.27028728611782 94.5
      vertex 13.511008368862782 50.27028728611782 94.5
      vertex 13.899999999999999 50.512177826491076 94.5
    endloop
  endfacet
  facet normal -0.6835923020228696 0.7298640726978373 -1.3835357910731425e-15
    outer loop
      vertex 12.450252531694165 49.39974746830583 94.5
      vertex 12.50390661372105 49.45 96
      vertex 12.784579294299517 49.71287865235284 94.5
    endloop
  endfacet
  facet normal -0.6343932841636495 0.7730104533627339 2.0735457394955378e-16
    outer loop
      vertex 12.784579294299517 49.71287865235284 94.5
      vertex 12.784579294299503 49.71287865235283 104
      vertex 13.138669996938955 50.00347338203865 94.5
    endloop
  endfacet
  facet normal -0.6835923020228656 0.7298640726978409 0
    outer loop
      vertex 12.50390661372105 49.45 96
      vertex 12.50390661372105 49.45 104
      vertex 12.784579294299517 49.71287865235284 94.5
    endloop
  endfacet
  facet normal -0.5824776968678048 0.8128466845916135 1.7230211660164207e-16
    outer loop
      vertex 13.138669996938955 50.00347338203865 94.5
      vertex 13.138669996938948 50.00347338203864 104
      vertex 13.511008368862782 50.27028728611782 94.5
    endloop
  endfacet
  facet normal -0.5280678506503695 0.8492021815265779 0
    outer loop
      vertex 13.511008368862782 50.27028728611782 94.5
      vertex 13.511008368862782 50.27028728611782 104
      vertex 13.899999999999999 50.512177826491076 94.5
    endloop
  endfacet
  facet normal 0.47139673682599803 0.8819212643483547 0
    outer loop
      vertex 20.9 50.512177826491076 94.5
      vertex 20.49602083153301 50.72810919072882 94.5
      vertex 20.49602083153301 50.72810919072882 104
    endloop
  endfacet
  facet normal 0.41270702980439467 0.9108638249211758 1.5626566368632494e-16
    outer loop
      vertex 20.49602083153301 50.72810919072882 94.5
      vertex 20.078784026555628 50.91715672757901 94.5
      vertex 20.078784026555624 50.91715672757901 104
    endloop
  endfacet
  facet normal 0.35225004792123327 0.9359059267573258 0
    outer loop
      vertex 20.078784026555628 50.91715672757901 94.5
      vertex 19.65007625712213 51.078510906465745 94.5
      vertex 19.65007625712213 51.078510906465745 104
    endloop
  endfacet
  facet normal 0.29028467725445406 0.9569403357322113 0
    outer loop
      vertex 19.65007625712213 51.078510906465745 94.5
      vertex 19.211733315717645 51.21148078402348 94.5
      vertex 19.211733315717645 51.21148078402348 104
    endloop
  endfacet
  facet normal 0.22707626303437364 0.9738769792773336 8.45110221977067e-17
    outer loop
      vertex 19.211733315717645 51.21148078402348 94.5
      vertex 18.765632254112898 51.315496962822614 94.5
      vertex 18.765632254112894 51.315496962822614 104
    endloop
  endfacet
  facet normal 0 0 -1
    outer loop
      vertex 20.9 50.512177826491076 94.5
      vertex 14.30397916846699 50.72810919072882 94.5
      vertex 20.49602083153301 50.72810919072882 94.5
    endloop
  endfacet
  facet normal 0 0 -1
    outer loop
      vertex 20.49602083153301 50.72810919072882 94.5
      vertex 14.72121597344437 50.91715672757901 94.5
      vertex 20.078784026555628 50.91715672757901 94.5
    endloop
  endfacet
  facet normal 0 0 -1
    outer loop
      vertex 20.9 50.512177826491076 94.5
      vertex 13.899999999999999 50.512177826491076 94.5
      vertex 14.30397916846699 50.72810919072882 94.5
    endloop
  endfacet
  facet normal 0 0 -1
    outer loop
      vertex 20.49602083153301 50.72810919072882 94.5
      vertex 14.30397916846699 50.72810919072882 94.5
      vertex 14.72121597344437 50.91715672757901 94.5
    endloop
  endfacet
  facet normal 0 0 -1
    outer loop
      vertex 20.078784026555628 50.91715672757901 94.5
      vertex 15.149923742877867 51.078510906465745 94.5
      vertex 19.65007625712213 51.078510906465745 94.5
    endloop
  endfacet
  facet normal 0 0 -1
    outer loop
      vertex 19.65007625712213 51.078510906465745 94.5
      vertex 15.588266684282353 51.21148078402348 94.5
      vertex 19.211733315717645 51.21148078402348 94.5
    endloop
  endfacet
  facet normal 0 0 -1
    outer loop
      vertex 19.211733315717645 51.21148078402348 94.5
      vertex 16.0343677458871 51.315496962822614 94.5
      vertex 18.765632254112898 51.315496962822614 94.5
    endloop
  endfacet
  facet normal 0 0 -1
    outer loop
      vertex 18.765632254112898 51.315496962822614 94.5
      vertex 16.48631665445964 51.390114029616676 94.5
      vertex 18.31368334554036 51.390114029616676 94.5
    endloop
  endfacet
  facet normal 0 0 -1
    outer loop
      vertex 20.078784026555628 50.91715672757901 94.5
      vertex 14.72121597344437 50.91715672757901 94.5
      vertex 15.149923742877867 51.078510906465745 94.5
    endloop
  endfacet
  facet normal 0 0 -1
    outer loop
      vertex 19.65007625712213 51.078510906465745 94.5
      vertex 15.149923742877867 51.078510906465745 94.5
      vertex 15.588266684282353 51.21148078402348 94.5
    endloop
  endfacet
  facet normal 0 0 -1
    outer loop
      vertex 19.211733315717645 51.21148078402348 94.5
      vertex 15.588266684282353 51.21148078402348 94.5
      vertex 16.0343677458871 51.315496962822614 94.5
    endloop
  endfacet
  facet normal 0 0 -1
    outer loop
      vertex 18.765632254112898 51.315496962822614 94.5
      vertex 16.0343677458871 51.315496962822614 94.5
      vertex 16.48631665445964 51.390114029616676 94.5
    endloop
  endfacet
  facet normal 0 0 -1
    outer loop
      vertex 18.31368334554036 51.390114029616676 94.5
      vertex 16.942178095388996 51.43501246267023 94.5
      vertex 17.857821904611 51.43501246267023 94.5
    endloop
  endfacet
  facet normal 0 0 -1
    outer loop
      vertex 17.857821904611 51.43501246267023 94.5
      vertex 16.942178095388996 51.43501246267023 94.5
      vertex 17.4 51.45 94.5
    endloop
  endfacet
  facet normal 0 0 -1
    outer loop
      vertex 18.31368334554036 51.390114029616676 94.5
      vertex 16.48631665445964 51.390114029616676 94.5
      vertex 16.942178095388996 51.43501246267023 94.5
    endloop
  endfacet
  facet normal 0.162895473394592 0.9866433320848783 0
    outer loop
      vertex 18.765632254112898 51.315496962822614 94.5
      vertex 18.31368334554036 51.390114029616676 94.5
      vertex 18.31368334554036 51.390114029616676 104
    endloop
  endfacet
  facet normal -0.22707626303437364 0.9738769792773336 0
    outer loop
      vertex 15.588266684282353 51.21148078402348 94.5
      vertex 15.588266684282353 51.21148078402348 104
      vertex 16.0343677458871 51.315496962822614 94.5
    endloop
  endfacet
  facet normal -0.162895473394592 0.9866433320848783 0
    outer loop
      vertex 16.0343677458871 51.315496962822614 94.5
      vertex 16.0343677458871 51.315496962822614 104
      vertex 16.48631665445964 51.390114029616676 94.5
    endloop
  endfacet
  facet normal -0.47139673682599653 0.8819212643483557 4.833357730407615e-16
    outer loop
      vertex 13.899999999999999 50.512177826491076 94.5
      vertex 13.899999999999995 50.51217782649107 104
      vertex 14.30397916846699 50.72810919072882 94.5
    endloop
  endfacet
  facet normal -0.4127070298043961 0.9108638249211751 5.269312453179792e-16
    outer loop
      vertex 14.30397916846699 50.72810919072882 94.5
      vertex 14.303979168466986 50.728109190728816 104
      vertex 14.72121597344437 50.91715672757901 94.5
    endloop
  endfacet
  facet normal -0.35225004792123327 0.9359059267573258 0
    outer loop
      vertex 14.72121597344437 50.91715672757901 94.5
      vertex 14.72121597344437 50.91715672757901 104
      vertex 15.149923742877867 51.078510906465745 94.5
    endloop
  endfacet
  facet normal -0.29028467725445406 0.9569403357322113 -3.7950232609536263e-16
    outer loop
      vertex 15.588266684282353 51.21148078402348 94.5
      vertex 15.149923742877867 51.078510906465745 94.5
      vertex 15.517035956304124 51.18987317892035 104
    endloop
  endfacet
  facet normal 0.032719082821771196 0.9994645874763659 0
    outer loop
      vertex 17.857821904611 51.43501246267023 94.5
      vertex 17.4 51.45 94.5
      vertex 17.4 51.45 104
    endloop
  endfacet
  facet normal -0.032719082821771196 0.9994645874763659 0
    outer loop
      vertex 17.4 51.45 94.5
      vertex 16.942178095388996 51.43501246267023 94.5
      vertex 16.942178095388996 51.43501246267023 104
    endloop
  endfacet
  facet normal -0.09801714032956563 0.9951847266721963 0
    outer loop
      vertex 16.942178095388996 51.43501246267023 94.5
      vertex 16.48631665445964 51.390114029616676 94.5
      vertex 16.48631665445964 51.390114029616676 104
    endloop
  endfacet
  facet normal 0.773010453362729 0.6343932841636551 0
    outer loop
      vertex 22.953473382038645 48.71133000306105 94.5
      vertex 22.662878652352838 49.06542070570048 104
      vertex 22.953473382038645 48.71133000306105 104
    endloop
  endfacet
  facet normal 0.7298640726978393 0.6835923020228672 2.7294716576196385e-16
    outer loop
      vertex 22.66287865235284 49.06542070570048 94.5
      vertex 22.349747468305832 49.39974746830583 104
      vertex 22.662878652352838 49.06542070570048 104
    endloop
  endfacet
  facet normal 0.6835923020228715 0.7298640726978356 0
    outer loop
      vertex 22.349747468305832 49.39974746830583 94.5
      vertex 22.213927220997405 49.52695701182493 104
      vertex 22.349747468305832 49.39974746830583 104
    endloop
  endfacet
  facet normal 0.6835923020228649 0.7298640726978416 0
    outer loop
      vertex 22.01542070570048 49.71287865235284 94.5
      vertex 22.01542070570048 49.71287865235284 104
      vertex 22.213927220997405 49.52695701182493 104
    endloop
  endfacet
  facet normal 0.6343932841636514 0.7730104533627321 0
    outer loop
      vertex 22.01542070570048 49.71287865235284 94.5
      vertex 21.661330003061043 50.00347338203865 104
      vertex 22.01542070570048 49.71287865235284 104
    endloop
  endfacet
  facet normal 0.5824776968678048 0.8128466845916135 0
    outer loop
      vertex 21.661330003061043 50.00347338203865 94.5
      vertex 21.288991631137215 50.27028728611782 104
      vertex 21.661330003061043 50.00347338203865 104
    endloop
  endfacet
  facet normal 0.5280678506503695 0.8492021815265779 0
    outer loop
      vertex 21.288991631137215 50.27028728611782 94.5
      vertex 20.9 50.512177826491076 104
      vertex 21.288991631137215 50.27028728611782 104
    endloop
  endfacet
  facet normal -0.6835923020228644 0.7298640726978421 6.921699057655304e-17
    outer loop
      vertex 12.784579294299517 49.71287865235284 94.5
      vertex 12.50390661372105 49.45 104
      vertex 12.784579294299503 49.71287865235283 104
    endloop
  endfacet
  facet normal -0.634393284163651 0.7730104533627323 1.0367728697477461e-16
    outer loop
      vertex 13.138669996938955 50.00347338203865 94.5
      vertex 12.784579294299503 49.71287865235283 104
      vertex 13.138669996938948 50.00347338203864 104
    endloop
  endfacet
  facet normal -0.5824776968678076 0.8128466845916112 0
    outer loop
      vertex 13.511008368862782 50.27028728611782 94.5
      vertex 13.138669996938948 50.00347338203864 104
      vertex 13.511008368862782 50.27028728611782 104
    endloop
  endfacet
  facet normal -0.5280678506503619 0.8492021815265828 4.3767058278032765e-16
    outer loop
      vertex 13.899999999999999 50.512177826491076 94.5
      vertex 13.511008368862782 50.27028728611782 104
      vertex 13.899999999999995 50.51217782649107 104
    endloop
  endfacet
  facet normal 0.47139673682599803 0.8819212643483547 0
    outer loop
      vertex 20.9 50.512177826491076 94.5
      vertex 20.49602083153301 50.72810919072882 104
      vertex 20.9 50.512177826491076 104
    endloop
  endfacet
  facet normal 0.4127070298043917 0.910863824921177 0
    outer loop
      vertex 20.49602083153301 50.72810919072882 94.5
      vertex 20.078784026555624 50.91715672757901 104
      vertex 20.49602083153301 50.72810919072882 104
    endloop
  endfacet
  facet normal 0.35225004792123576 0.9359059267573246 1.317309014324112e-16
    outer loop
      vertex 20.078784026555628 50.91715672757901 94.5
      vertex 19.65007625712213 51.078510906465745 104
      vertex 20.078784026555624 50.91715672757901 104
    endloop
  endfacet
  facet normal 0.29028467725445406 0.9569403357322113 0
    outer loop
      vertex 19.65007625712213 51.078510906465745 94.5
      vertex 19.211733315717645 51.21148078402348 104
      vertex 19.65007625712213 51.078510906465745 104
    endloop
  endfacet
  facet normal 0.22707626303437187 0.9738769792773339 0
    outer loop
      vertex 19.211733315717645 51.21148078402348 94.5
      vertex 18.765632254112894 51.315496962822614 104
      vertex 19.211733315717645 51.21148078402348 104
    endloop
  endfacet
  facet normal 0.09801714032956563 0.9951847266721964 -1.0921694731728484e-16
    outer loop
      vertex 18.31368334554036 51.390114029616676 94.5
      vertex 17.857821904611 51.43501246267023 94.5
      vertex 18.197174115659976 51.40158918717166 106.41071428571429
    endloop
  endfacet
  facet normal 0.1628954733945933 0.9866433320848783 6.091799753091101e-17
    outer loop
      vertex 18.765632254112898 51.315496962822614 94.5
      vertex 18.31368334554036 51.390114029616676 104
      vertex 18.765632254112894 51.315496962822614 104
    endloop
  endfacet
  facet normal -0.162895473394592 0.9866433320848783 0
    outer loop
      vertex 16.48631665445964 51.390114029616676 94.5
      vertex 16.0343677458871 51.315496962822614 104
      vertex 16.48631665445964 51.390114029616676 104
    endloop
  endfacet
  facet normal -0.2902846772544078 0.9569403357322255 0
    outer loop
      vertex 15.588266684282353 51.21148078402348 94.5
      vertex 15.517035956304124 51.18987317892035 104
      vertex 15.588266684282353 51.21148078402348 104
    endloop
  endfacet
  facet normal -0.22707626303437364 0.9738769792773336 0
    outer loop
      vertex 16.0343677458871 51.315496962822614 94.5
      vertex 15.588266684282353 51.21148078402348 104
      vertex 16.0343677458871 51.315496962822614 104
    endloop
  endfacet
  facet normal -0.47139673682599653 0.8819212643483557 4.833357730407615e-16
    outer loop
      vertex 14.30397916846699 50.72810919072882 94.5
      vertex 13.899999999999995 50.51217782649107 104
      vertex 14.303979168466986 50.728109190728816 104
    endloop
  endfacet
  facet normal -0.41270702980440604 0.9108638249211706 0
    outer loop
      vertex 14.72121597344437 50.91715672757901 94.5
      vertex 14.303979168466986 50.728109190728816 104
      vertex 14.72121597344437 50.91715672757901 104
    endloop
  endfacet
  facet normal -0.35225004792123327 0.9359059267573258 0
    outer loop
      vertex 15.149923742877867 51.078510906465745 94.5
      vertex 14.72121597344437 50.91715672757901 104
      vertex 15.149923742877867 51.078510906465745 104
    endloop
  endfacet
  facet normal -0.2902846772544637 0.9569403357322086 0
    outer loop
      vertex 15.149923742877867 51.078510906465745 94.5
      vertex 15.149923742877867 51.078510906465745 104
      vertex 15.254030191461432 51.11009125238571 104
    endloop
  endfacet
  facet normal -0.2902846772544349 0.9569403357322172 -3.4399824432955445e-16
    outer loop
      vertex 15.149923742877867 51.078510906465745 94.5
      vertex 15.254030191461432 51.11009125238571 104
      vertex 15.44962412516389 51.16942402350806 105.43939393939394
    endloop
  endfacet
  facet normal -0.2902846772545038 0.9569403357321963 1.709974758210106e-15
    outer loop
      vertex 15.149923742877867 51.078510906465745 94.5
      vertex 15.44962412516389 51.16942402350806 105.43939393939394
      vertex 15.517035956304124 51.18987317892035 104
    endloop
  endfacet
  facet normal 0.09801714032956838 0.995184726672196 0
    outer loop
      vertex 17.857821904611 51.43501246267023 94.5
      vertex 17.857821904611 51.43501246267023 104
      vertex 18.116116253194726 51.40957268979899 104
    endloop
  endfacet
  facet normal 0.032719082821771196 0.9994645874763659 0
    outer loop
      vertex 17.857821904611 51.43501246267023 94.5
      vertex 17.4 51.45 104
      vertex 17.857821904611 51.43501246267023 104
    endloop
  endfacet
  facet normal -0.032719082821771196 0.9994645874763659 0
    outer loop
      vertex 17.4 51.45 94.5
      vertex 16.942178095388996 51.43501246267023 104
      vertex 17.4 51.45 104
    endloop
  endfacet
  facet normal -0.09801714032956563 0.9951847266721963 0
    outer loop
      vertex 16.942178095388996 51.43501246267023 94.5
      vertex 16.48631665445964 51.390114029616676 104
      vertex 16.942178095388996 51.43501246267023 104
    endloop
  endfacet
  facet normal 0.09801714032900183 0.995184726672252 1.5574500302701032e-14
    outer loop
      vertex 17.857821904611 51.43501246267023 94.5
      vertex 18.116116253194726 51.40957268979899 104
      vertex 18.165220534299234 51.40473634024217 105.62837649679756
    endloop
  endfacet
  facet normal 0.0980171403295767 0.9951847266721953 0
    outer loop
      vertex 18.31368334554036 51.390114029616676 94.5
      vertex 18.197174115659976 51.40158918717166 106.41071428571429
      vertex 18.31368334554036 51.390114029616676 104
    endloop
  endfacet
  facet normal -0.8128466845916159 0.582477696867801 0
    outer loop
      vertex 11.57971271388218 48.33899163113722 94.5
      vertex 11.846526617961352 48.71133000306105 96
      vertex 11.846526617961352 48.71133000306105 94.5
    endloop
  endfacet
  facet normal -0.7730104533627328 0.6343932841636505 0
    outer loop
      vertex 11.846526617961352 48.71133000306105 94.5
      vertex 12.137121347647156 49.06542070570048 96
      vertex 12.137121347647156 49.06542070570048 94.5
    endloop
  endfacet
  facet normal -0.7730104533627328 0.6343932841636505 0
    outer loop
      vertex 11.846526617961352 48.71133000306105 94.5
      vertex 11.846526617961352 48.71133000306105 96
      vertex 12.137121347647156 49.06542070570048 96
    endloop
  endfacet
  facet normal 0.9951847266721954 0.09801714032957672 1.2790763141467725e-16
    outer loop
      vertex 24.34011402961667 45.363683345540366 94.5
      vertex 24.34432325771544 45.320946335453236 109
      vertex 24.35835401804468 45.17848963516281 104
    endloop
  endfacet
  facet normal 0.9951847266721995 0.09801714032953372 0
    outer loop
      vertex 24.34011402961667 45.363683345540366 94.5
      vertex 24.34011402961667 45.363683345540366 104
      vertex 24.34432325771544 45.320946335453236 109
    endloop
  endfacet
  facet normal 0.9569403357322115 0.29028467725445417 0
    outer loop
      vertex 24.161480784023475 46.26173331571765 94.5
      vertex 24.02851090646574 46.700076257122134 104
      vertex 24.02851090646574 46.700076257122134 109
    endloop
  endfacet
  facet normal 0.9569403357322113 0.29028467725445406 0
    outer loop
      vertex 24.161480784023475 46.26173331571765 94.5
      vertex 24.02851090646574 46.700076257122134 110.5
      vertex 24.161480784023475 46.26173331571765 104
    endloop
  endfacet
  facet normal 0.9569403357322115 0.2902846772544541 0
    outer loop
      vertex 24.161480784023475 46.26173331571765 94.5
      vertex 24.02851090646574 46.700076257122134 109
      vertex 24.02851090646574 46.700076257122134 110.5
    endloop
  endfacet
  facet normal 0.9951847266721996 0.09801714032953374 0
    outer loop
      vertex 24.34011402961667 45.363683345540366 104
      vertex 24.34011402961667 45.363683345540366 109
      vertex 24.34432325771544 45.320946335453236 109
    endloop
  endfacet
  facet normal 0.9738769792773307 0.22707626303438525 -1.7004827886912738e-16
    outer loop
      vertex 24.161480784023475 46.26173331571765 104
      vertex 24.171232300785896 46.2199113411922 109
      vertex 24.175664808405177 46.200901352771545 108.31818181818181
    endloop
  endfacet
  facet normal 0.9738769792773263 0.2270762630344046 0
    outer loop
      vertex 24.161480784023475 46.26173331571765 104
      vertex 24.161480784023475 46.26173331571765 110.5
      vertex 24.171232300785896 46.2199113411922 109
    endloop
  endfacet
  facet normal 0.9994645874763657 0.03271908282177894 0
    outer loop
      vertex 24.4 44.45 109
      vertex 24.385012462670222 44.907821904611005 109
      vertex 24.385012462670222 44.907821904611005 110.5
    endloop
  endfacet
  facet normal 0.9951847266721969 0.09801714032955962 0
    outer loop
      vertex 24.385012462670222 44.907821904611005 109
      vertex 24.34432325771544 45.320946335453236 109
      vertex 24.385012462670222 44.907821904611005 110.5
    endloop
  endfacet
  facet normal 0.9951847266721994 0.09801714032953372 0
    outer loop
      vertex 24.34432325771544 45.320946335453236 109
      vertex 24.34011402961667 45.363683345540366 109
      vertex 24.34011402961667 45.363683345540366 110.5
    endloop
  endfacet
  facet normal 0.986643332084878 0.16289547339459454 0
    outer loop
      vertex 24.34011402961667 45.363683345540366 109
      vertex 24.26549696282261 45.8156322541129 109
      vertex 24.26549696282261 45.8156322541129 110.5
    endloop
  endfacet
  facet normal 0.9569403357322114 0.2902846772544541 0
    outer loop
      vertex 24.161480784023475 46.26173331571765 104
      vertex 24.02851090646574 46.700076257122134 110.5
      vertex 24.161480784023475 46.26173331571765 110.5
    endloop
  endfacet
  facet normal 0.9738769792773347 0.2270762630343685 0
    outer loop
      vertex 24.26549696282261 45.8156322541129 109
      vertex 24.171232300785896 46.2199113411922 109
      vertex 24.26549696282261 45.8156322541129 110.5
    endloop
  endfacet
  facet normal 0.84920218152661 0.528067850650318 0
    outer loop
      vertex 23.220287286117816 48.33899163113722 104
      vertex 23.220287286117816 48.33899163113722 108.99
      vertex 23.24311570586554 48.30228054594864 108.99
    endloop
  endfacet
  facet normal 0.9359059267573223 0.35225004792124265 0
    outer loop
      vertex 24.02851090646574 46.700076257122134 109
      vertex 23.867156727579005 47.12878402655563 109
      vertex 23.867156727579005 47.12878402655563 110.5
    endloop
  endfacet
  facet normal 0.9108638249210528 0.4127070298046664 6.3767216475918535e-15
    outer loop
      vertex 23.69663416362836 47.5051353450904 108.9321426698748
      vertex 23.694633819977202 47.50955019760724 108.99
      vertex 23.695949650853994 47.506646096976944 108.99007626992235
    endloop
  endfacet
  facet normal 0.9108638249211782 0.4127070298043898 0
    outer loop
      vertex 23.867156727579005 47.12878402655563 109
      vertex 23.694633819977202 47.50955019760724 109
      vertex 23.867156727579005 47.12878402655563 110.5
    endloop
  endfacet
  facet normal -0.9569403357322092 0.2902846772544612 -2.1533751896994888e-16
    outer loop
      vertex 10.63851921597652 46.26173331571765 104
      vertex 10.679676559030106 46.39741089281904 105.54761904761904
      vertex 10.771489093534258 46.700076257122134 104
    endloop
  endfacet
  facet normal -0.9359059267573243 0.35225004792123726 1.7991403100086635e-16
    outer loop
      vertex 10.771489093534258 46.700076257122134 104
      vertex 10.78661604780489 46.74026761050652 109
      vertex 10.837039228706994 46.87423878845449 104
    endloop
  endfacet
  facet normal -0.9866433320848801 0.16289547339458216 3.442700146541471e-17
    outer loop
      vertex 10.459885970383326 45.363683345540366 104
      vertex 10.466881320395268 45.40605355571904 109
      vertex 10.482981729152915 45.503572293431866 105.54761904761905
    endloop
  endfacet
  facet normal -0.9866433320848794 0.16289547339458613 0
    outer loop
      vertex 10.459885970383326 45.363683345540366 104
      vertex 10.459885970383326 45.363683345540366 109
      vertex 10.466881320395268 45.40605355571904 109
    endloop
  endfacet
  facet normal -0.9569403357322098 0.29028467725445894 0
    outer loop
      vertex 10.63851921597652 46.26173331571765 104
      vertex 10.63851921597652 46.26173331571765 109
      vertex 10.679676559030106 46.39741089281904 105.54761904761904
    endloop
  endfacet
  facet normal -0.9569403357322089 0.2902846772544622 0
    outer loop
      vertex 10.679676559030106 46.39741089281904 105.54761904761904
      vertex 10.771489093534258 46.700076257122134 109
      vertex 10.771489093534258 46.700076257122134 104
    endloop
  endfacet
  facet normal -0.9951847266721968 0.09801714032956103 1.1785354637938838e-15
    outer loop
      vertex 10.414987537329774 44.907821904611005 109
      vertex 10.414987537329775 44.907821904611005 110.5
      vertex 10.459885970383326 45.363683345540366 109
    endloop
  endfacet
  facet normal -0.9866433320848793 0.1628954733945861 0
    outer loop
      vertex 10.459885970383326 45.363683345540366 109
      vertex 10.459885970383326 45.363683345540366 110.5
      vertex 10.466881320395268 45.40605355571904 109
    endloop
  endfacet
  facet normal -0.9866433320848791 0.16289547339458849 7.689018441201806e-16
    outer loop
      vertex 10.466881320395268 45.40605355571904 109
      vertex 10.534503037177386 45.8156322541129 110.5
      vertex 10.534503037177386 45.815632254112906 109
    endloop
  endfacet
  facet normal -0.9738769792773331 0.2270762630343753 1.0756492610841676e-15
    outer loop
      vertex 10.534503037177386 45.815632254112906 109
      vertex 10.534503037177386 45.8156322541129 110.5
      vertex 10.63851921597652 46.26173331571765 109
    endloop
  endfacet
  facet normal -0.9569403357322093 0.2902846772544612 0
    outer loop
      vertex 10.63851921597652 46.26173331571765 109
      vertex 10.63851921597652 46.26173331571765 110.5
      vertex 10.771489093534258 46.700076257122134 109
    endloop
  endfacet
  facet normal -0.9359059267573169 0.35225004792125686 0
    outer loop
      vertex 10.771489093534258 46.700076257122134 104
      vertex 10.771489093534258 46.700076257122134 109
      vertex 10.78661604780489 46.74026761050652 109
    endloop
  endfacet
  facet normal -0.8128466845915873 0.5824776968678411 0
    outer loop
      vertex 11.57971271388218 48.33899163113722 104
      vertex 11.57971271388218 48.33899163113722 109
      vertex 11.604726517389604 48.373898353505076 109
    endloop
  endfacet
  facet normal -0.9359059267573169 0.35225004792125686 0
    outer loop
      vertex 10.771489093534258 46.700076257122134 109
      vertex 10.771489093534258 46.700076257122134 110.5
      vertex 10.78661604780489 46.74026761050652 109
    endloop
  endfacet
  facet normal -0.9359059267573242 0.3522500479212374 0
    outer loop
      vertex 10.78661604780489 46.74026761050652 109
      vertex 10.932843272420993 47.12878402655563 110.5
      vertex 10.932843272420993 47.12878402655563 109
    endloop
  endfacet
  facet normal -0.9108638249211758 0.41270702980439505 0
    outer loop
      vertex 10.932843272420993 47.12878402655563 109
      vertex 10.932843272420993 47.12878402655563 110.5
      vertex 11.121890809271184 47.54602083153301 109
    endloop
  endfacet
  facet normal -0.8819212643483565 0.4713967368259951 -2.0888091596502923e-15
    outer loop
      vertex 11.121890809271184 47.54602083153301 109
      vertex 11.12189080927118 47.54602083153301 110.5
      vertex 11.337822173508929 47.95 109
    endloop
  endfacet
  facet normal -0.8492021815265813 0.5280678506503639 0
    outer loop
      vertex 11.337822173508929 47.95 109
      vertex 11.337822173508929 47.95 110.5
      vertex 11.57971271388218 48.33899163113722 109
    endloop
  endfacet
  facet normal -0.8128466845915873 0.5824776968678411 0
    outer loop
      vertex 11.57971271388218 48.33899163113722 109
      vertex 11.57971271388218 48.33899163113722 110.5
      vertex 11.604726517389604 48.373898353505076 109
    endloop
  endfacet
  facet normal 0.6835923020228714 0.7298640726978355 0
    outer loop
      vertex 22.349747468305832 49.39974746830583 104
      vertex 22.213927220997405 49.52695701182493 104
      vertex 22.349747468305832 49.39974746830583 108.99
    endloop
  endfacet
  facet normal 0.09801714032963708 0.9951847266721894 -2.1598017252350255e-15
    outer loop
      vertex 17.857821904611 51.43501246267023 94.5
      vertex 18.165220534299234 51.40473634024217 105.62837649679756
      vertex 18.197174115659976 51.40158918717166 106.41071428571429
    endloop
  endfacet
  facet normal 0.7298640726978277 0.6835923020228798 0
    outer loop
      vertex 22.349747468305832 49.39974746830583 104
      vertex 22.349747468305832 49.39974746830583 108.99
      vertex 22.379299223800267 49.368195380084956 108.99
    endloop
  endfacet
  facet normal 0.6835923020228825 0.7298640726978252 -5.709550749365853e-16
    outer loop
      vertex 22.213927220997405 49.52695701182493 104
      vertex 22.31819538008495 49.42929922380027 108.99
      vertex 22.349747468305832 49.39974746830583 108.99
    endloop
  endfacet
  facet normal -0.7298640726978329 0.6835923020228742 0
    outer loop
      vertex 12.450252531694165 49.39974746830583 104
      vertex 12.234042904614089 49.168902798887856 105.54761904761904
      vertex 12.450252531694165 49.39974746830583 110.5
    endloop
  endfacet
  facet normal -0.6835923020228712 0.7298640726978357 0
    outer loop
      vertex 12.450252531694165 49.39974746830583 104
      vertex 12.450252531694165 49.39974746830583 110.5
      vertex 12.73898928121697 49.67017894543734 108.31818181818183
    endloop
  endfacet
  facet normal -0.7298640726978313 0.6835923020228758 -1.3821428529497444e-16
    outer loop
      vertex 12.234042904614089 49.168902798887856 105.54761904761904
      vertex 12.166477396151564 49.09676383969474 109
      vertex 12.450252531694165 49.39974746830583 110.5
    endloop
  endfacet
  facet normal -0.6835923020228781 0.7298640726978294 -1.7024054451106315e-15
    outer loop
      vertex 12.73898928121697 49.67017894543734 108.31818181818183
      vertex 12.450252531694165 49.39974746830583 110.5
      vertex 12.753236160305265 49.68352260384844 109
    endloop
  endfacet
  facet normal -0.6835923020228304 0.729864072697874 0
    outer loop
      vertex 12.753236160305265 49.68352260384844 109
      vertex 12.784579294299517 49.71287865235284 110.5
      vertex 12.784579294299517 49.71287865235284 109
    endloop
  endfacet
  facet normal -0.6343932841636495 0.7730104533627337 0
    outer loop
      vertex 12.784579294299517 49.71287865235284 109
      vertex 12.784579294299517 49.71287865235284 110.5
      vertex 13.138669996938955 50.00347338203865 109
    endloop
  endfacet
  facet normal -0.5824776968678047 0.8128466845916134 0
    outer loop
      vertex 13.138669996938955 50.00347338203865 109
      vertex 13.138669996938955 50.00347338203865 110.5
      vertex 13.511008368862782 50.27028728611782 109
    endloop
  endfacet
  facet normal -0.5280678506503695 0.8492021815265779 0
    outer loop
      vertex 13.511008368862782 50.27028728611782 109
      vertex 13.511008368862782 50.27028728611782 110.5
      vertex 13.899999999999999 50.512177826491076 109
    endloop
  endfacet
  facet normal 0.2902846772543698 0.956940335732237 2.2035415978481646e-15
    outer loop
      vertex 19.545926322135646 51.11010444384181 106.6984126984127
      vertex 19.65007625712213 51.078510906465745 110.5
      vertex 19.63637804020324 51.082666215139426 109
    endloop
  endfacet
  facet normal 0.2902846772544616 0.956940335732209 -5.465915368360736e-16
    outer loop
      vertex 19.545926322135646 51.11010444384181 106.6984126984127
      vertex 19.34414941260025 51.171312800177915 109
      vertex 19.65007625712213 51.078510906465745 110.5
    endloop
  endfacet
  facet normal 0.41270702980424734 0.9108638249212426 0
    outer loop
      vertex 20.459550197607236 50.74463381997721 108.99
      vertex 20.456646096976936 50.745949650854 108.99007626992235
      vertex 20.459550197607236 50.74463381997721 110.5
    endloop
  endfacet
  facet normal 0.4127070298043701 0.910863824921187 -2.8472844900079863e-16
    outer loop
      vertex 20.456646096976936 50.745949650854 108.99007626992235
      vertex 20.267844453811 50.831494562443766 109
      vertex 20.459550197607236 50.74463381997721 110.5
    endloop
  endfacet
  facet normal 0.4127070298044179 0.9108638249211654 0
    outer loop
      vertex 20.267844453811 50.831494562443766 109
      vertex 20.078784026555628 50.91715672757901 109
      vertex 20.078784026555628 50.91715672757901 110.5
    endloop
  endfacet
  facet normal 0.3522500479212333 0.9359059267573259 0
    outer loop
      vertex 20.078784026555628 50.91715672757901 109
      vertex 19.65007625712213 51.078510906465745 109
      vertex 19.65007625712213 51.078510906465745 110.5
    endloop
  endfacet
  facet normal 0.29028467725459056 0.9569403357321701 0
    outer loop
      vertex 19.63637804020324 51.082666215139426 109
      vertex 19.65007625712213 51.078510906465745 110.5
      vertex 19.65007625712213 51.078510906465745 109
    endloop
  endfacet
  facet normal 0.29028467725444235 0.9569403357322149 0
    outer loop
      vertex 19.34414941260025 51.171312800177915 109
      vertex 19.211733315717645 51.21148078402348 109
      vertex 19.211733315717645 51.21148078402348 110.5
    endloop
  endfacet
  facet normal 0.2270762630343736 0.9738769792773334 0
    outer loop
      vertex 19.211733315717645 51.21148078402348 109
      vertex 18.765632254112898 51.315496962822614 109
      vertex 18.765632254112898 51.315496962822614 110.5
    endloop
  endfacet
  facet normal -0.1628954733946136 0.9866433320848749 0
    outer loop
      vertex 16.48631665445964 51.390114029616676 104
      vertex 16.412489773087703 51.37792516217162 107.88636363636364
      vertex 16.48631665445964 51.390114029616676 110.5
    endloop
  endfacet
  facet normal 0.0980171403295767 0.9951847266721954 0
    outer loop
      vertex 18.31368334554036 51.390114029616676 104
      vertex 18.197174115659976 51.40158918717166 106.41071428571429
      vertex 18.31368334554036 51.390114029616676 109
    endloop
  endfacet
  facet normal 0 0 0
    outer loop
      vertex 16.48631665445964 51.390114029616676 104
      vertex 16.48631665445964 51.390114029616676 110.5
      vertex 16.48631665445964 51.390114029616676 109
    endloop
  endfacet
  facet normal -0.1628954733943944 0.9866433320849111 5.489423840586553e-16
    outer loop
      vertex 16.412489773087703 51.37792516217162 107.88636363636364
      vertex 16.397768670805146 51.37549469834825 108.02037617554859
      vertex 16.37994977265692 51.37255278635753 109
    endloop
  endfacet
  facet normal 0.16289547339459204 0.9866433320848784 0
    outer loop
      vertex 18.765632254112898 51.315496962822614 109
      vertex 18.31368334554036 51.390114029616676 109
      vertex 18.31368334554036 51.390114029616676 110.5
    endloop
  endfacet
  facet normal -0.16289547339451144 0.9866433320848917 -2.964908766937878e-15
    outer loop
      vertex 16.412489773087703 51.37792516217162 107.88636363636364
      vertex 16.37994977265692 51.37255278635753 109
      vertex 16.48631665445964 51.390114029616676 110.5
    endloop
  endfacet
  facet normal -0.2270762630343736 0.9738769792773334 0
    outer loop
      vertex 15.588266684282353 51.21148078402348 109
      vertex 15.588266684282353 51.21148078402348 110.5
      vertex 16.0343677458871 51.315496962822614 109
    endloop
  endfacet
  facet normal -0.1628954733946043 0.9866433320848764 0
    outer loop
      vertex 16.37994977265692 51.37255278635753 109
      vertex 16.0343677458871 51.315496962822614 109
      vertex 16.0343677458871 51.315496962822614 110.5
    endloop
  endfacet
  facet normal -0.4713967368259965 0.8819212643483556 0
    outer loop
      vertex 13.899999999999999 50.512177826491076 109
      vertex 13.899999999999999 50.512177826491076 110.5
      vertex 14.30397916846699 50.72810919072882 109
    endloop
  endfacet
  facet normal -0.41270702980439616 0.9108638249211752 0
    outer loop
      vertex 14.30397916846699 50.72810919072882 109
      vertex 14.30397916846699 50.72810919072882 110.5
      vertex 14.72121597344437 50.91715672757901 109
    endloop
  endfacet
  facet normal -0.3522500479212333 0.9359059267573259 0
    outer loop
      vertex 14.72121597344437 50.91715672757901 109
      vertex 15.149923742877867 51.078510906465745 110.5
      vertex 15.149923742877867 51.078510906465745 109
    endloop
  endfacet
  facet normal -0.2902846772544541 0.9569403357322115 0
    outer loop
      vertex 15.588266684282353 51.21148078402348 109
      vertex 15.149923742877867 51.078510906465745 109
      vertex 15.149923742877867 51.078510906465745 110.5
    endloop
  endfacet
  facet normal 0.09801714032956564 0.9951847266721964 0
    outer loop
      vertex 18.31368334554036 51.390114029616676 109
      vertex 17.857821904611 51.43501246267023 109
      vertex 17.857821904611 51.43501246267023 110.5
    endloop
  endfacet
  facet normal 0.03271908282177119 0.9994645874763658 0
    outer loop
      vertex 17.857821904611 51.43501246267023 109
      vertex 17.4 51.45 109
      vertex 17.4 51.45 110.5
    endloop
  endfacet
  facet normal -0.03271908282177119 0.9994645874763658 0
    outer loop
      vertex 17.4 51.45 109
      vertex 16.942178095388996 51.43501246267023 109
      vertex 16.942178095388996 51.43501246267023 110.5
    endloop
  endfacet
  facet normal -0.09801714032956564 0.9951847266721964 0
    outer loop
      vertex 16.942178095388996 51.43501246267023 109
      vertex 16.48631665445964 51.390114029616676 109
      vertex 16.48631665445964 51.390114029616676 110.5
    endloop
  endfacet
  facet normal -0.8128466845916167 0.5824776968678002 -1.0920634887503775e-15
    outer loop
      vertex 11.604726517389604 48.373898353505076 109
      vertex 11.846526617961352 48.71133000306105 110.5
      vertex 11.84652661796136 48.71133000306106 109
    endloop
  endfacet
  facet normal -0.7730104533627342 0.6343932841636488 -6.566228175069253e-16
    outer loop
      vertex 11.84652661796136 48.71133000306106 109
      vertex 11.846526617961352 48.71133000306105 110.5
      vertex 12.137121347647156 49.06542070570048 109
    endloop
  endfacet
  facet normal -0.7298640726978715 0.6835923020228332 0
    outer loop
      vertex 12.137121347647156 49.06542070570048 109
      vertex 12.137121347647156 49.06542070570048 110.5
      vertex 12.166477396151564 49.09676383969474 109
    endloop
  endfacet
  facet normal 0.2270762630343736 -0.9738769792773334 0
    outer loop
      vertex 18.765632254112898 37.58450303717739 109
      vertex 19.211733315717645 37.68851921597653 110.5
      vertex 18.765632254112898 37.58450303717739 110.5
    endloop
  endfacet
  facet normal 0.2902846772544541 -0.9569403357322115 0
    outer loop
      vertex 19.211733315717645 37.68851921597653 109
      vertex 19.65007625712213 37.82148909353426 110.5
      vertex 19.211733315717645 37.68851921597653 110.5
    endloop
  endfacet
  facet normal 0.3522500479212333 -0.9359059267573259 0
    outer loop
      vertex 20.078784026555628 37.98284327242099 109
      vertex 20.078784026555628 37.98284327242099 110.5
      vertex 19.65007625712213 37.82148909353426 110.5
    endloop
  endfacet
  facet normal 0.41270702980439467 -0.9108638249211758 0
    outer loop
      vertex 20.078784026555628 37.98284327242099 109
      vertex 20.49602083153301 38.17189080927118 110.5
      vertex 20.078784026555628 37.98284327242099 110.5
    endloop
  endfacet
  facet normal 0.47139673682599803 -0.8819212643483547 0
    outer loop
      vertex 20.49602083153301 38.17189080927118 109
      vertex 20.9 38.38782217350893 110.5
      vertex 20.49602083153301 38.17189080927118 110.5
    endloop
  endfacet
  facet normal 0.5280678506503695 -0.8492021815265779 0
    outer loop
      vertex 20.9 38.38782217350893 109
      vertex 21.288991631137215 38.629712713882185 110.5
      vertex 20.9 38.38782217350893 110.5
    endloop
  endfacet
  facet normal 0.5824776968678047 -0.8128466845916134 0
    outer loop
      vertex 21.288991631137215 38.629712713882185 109
      vertex 21.661330003061043 38.89652661796136 110.5
      vertex 21.288991631137215 38.629712713882185 110.5
    endloop
  endfacet
  facet normal 0.6343932841636513 -0.7730104533627321 0
    outer loop
      vertex 21.661330003061043 38.89652661796136 109
      vertex 22.01542070570048 39.187121347647164 110.5
      vertex 21.661330003061043 38.89652661796136 110.5
    endloop
  endfacet
  facet normal 0 0 1
    outer loop
      vertex 21.288991631137215 38.629712713882185 110.5
      vertex 21.661330003061043 38.89652661796136 110.5
      vertex 13.511008368862782 38.629712713882185 110.5
    endloop
  endfacet
  facet normal 0 0 1
    outer loop
      vertex 21.661330003061043 38.89652661796136 110.5
      vertex 22.01542070570048 39.187121347647164 110.5
      vertex 13.138669996938955 38.89652661796136 110.5
    endloop
  endfacet
  facet normal 0.09801714032956564 -0.9951847266721964 0
    outer loop
      vertex 17.857821904611 37.464987537329776 109
      vertex 18.31368334554036 37.50988597038333 110.5
      vertex 17.857821904611 37.464987537329776 110.5
    endloop
  endfacet
  facet normal 0.16289547339459204 -0.9866433320848784 2.90593010132332e-15
    outer loop
      vertex 18.420050227343076 37.527447213642475 109
      vertex 18.765632254112898 37.58450303717739 110.5
      vertex 18.31368334554036 37.50988597038333 110.5
    endloop
  endfacet
  facet normal 0.03271908282177119 -0.9994645874763658 0
    outer loop
      vertex 17.4 37.45 109
      vertex 17.857821904611 37.464987537329776 110.5
      vertex 17.4 37.45 110.5
    endloop
  endfacet
  facet normal 0 0 1
    outer loop
      vertex 18.31368334554036 37.50988597038333 110.5
      vertex 16.942178095388996 37.464987537329776 110.5
      vertex 17.857821904611 37.464987537329776 110.5
    endloop
  endfacet
  facet normal 0 0 1
    outer loop
      vertex 17.857821904611 37.464987537329776 110.5
      vertex 16.942178095388996 37.464987537329776 110.5
      vertex 17.4 37.45 110.5
    endloop
  endfacet
  facet normal 0 0 1
    outer loop
      vertex 18.765632254112898 37.58450303717739 110.5
      vertex 16.48631665445964 37.50988597038333 110.5
      vertex 18.31368334554036 37.50988597038333 110.5
    endloop
  endfacet
  facet normal 0 0 1
    outer loop
      vertex 18.31368334554036 37.50988597038333 110.5
      vertex 16.48631665445964 37.50988597038333 110.5
      vertex 16.942178095388996 37.464987537329776 110.5
    endloop
  endfacet
  facet normal -0.03271908282177119 -0.9994645874763658 0
    outer loop
      vertex 16.942178095388996 37.464987537329776 109
      vertex 17.4 37.45 110.5
      vertex 16.942178095388996 37.464987537329776 110.5
    endloop
  endfacet
  facet normal -0.09801714032956564 -0.9951847266721964 0
    outer loop
      vertex 16.48631665445964 37.50988597038333 109
      vertex 16.942178095388996 37.464987537329776 110.5
      vertex 16.48631665445964 37.50988597038333 110.5
    endloop
  endfacet
  facet normal -0.16289547339459204 -0.9866433320848784 0
    outer loop
      vertex 16.0343677458871 37.58450303717739 109
      vertex 16.48631665445964 37.50988597038333 110.5
      vertex 16.0343677458871 37.58450303717739 110.5
    endloop
  endfacet
  facet normal 0 0 1
    outer loop
      vertex 18.765632254112898 37.58450303717739 110.5
      vertex 16.0343677458871 37.58450303717739 110.5
      vertex 16.48631665445964 37.50988597038333 110.5
    endloop
  endfacet
  facet normal 0 0 1
    outer loop
      vertex 18.765632254112898 37.58450303717739 110.5
      vertex 19.211733315717645 37.68851921597653 110.5
      vertex 16.0343677458871 37.58450303717739 110.5
    endloop
  endfacet
  facet normal 0 0 1
    outer loop
      vertex 19.65007625712213 37.82148909353426 110.5
      vertex 15.588266684282353 37.68851921597653 110.5
      vertex 19.211733315717645 37.68851921597653 110.5
    endloop
  endfacet
  facet normal 0 0 1
    outer loop
      vertex 19.65007625712213 37.82148909353426 110.5
      vertex 20.078784026555628 37.98284327242099 110.5
      vertex 15.149923742877867 37.82148909353426 110.5
    endloop
  endfacet
  facet normal 0 0 1
    outer loop
      vertex 20.078784026555628 37.98284327242099 110.5
      vertex 20.49602083153301 38.17189080927118 110.5
      vertex 14.72121597344437 37.98284327242099 110.5
    endloop
  endfacet
  facet normal -0.2270762630343736 -0.9738769792773334 0
    outer loop
      vertex 15.588266684282353 37.68851921597653 109
      vertex 16.0343677458871 37.58450303717739 110.5
      vertex 15.588266684282353 37.68851921597653 110.5
    endloop
  endfacet
  facet normal 0 0 1
    outer loop
      vertex 19.211733315717645 37.68851921597653 110.5
      vertex 15.588266684282353 37.68851921597653 110.5
      vertex 16.0343677458871 37.58450303717739 110.5
    endloop
  endfacet
  facet normal 0 0 1
    outer loop
      vertex 19.65007625712213 37.82148909353426 110.5
      vertex 15.149923742877867 37.82148909353426 110.5
      vertex 15.588266684282353 37.68851921597653 110.5
    endloop
  endfacet
  facet normal 0 0 1
    outer loop
      vertex 20.078784026555628 37.98284327242099 110.5
      vertex 14.72121597344437 37.98284327242099 110.5
      vertex 15.149923742877867 37.82148909353426 110.5
    endloop
  endfacet
  facet normal -0.2902846772544541 -0.9569403357322115 1.131065756205787e-15
    outer loop
      vertex 15.455850587399748 37.72868719982209 109
      vertex 15.588266684282353 37.68851921597653 110.5
      vertex 15.149923742877867 37.82148909353426 110.5
    endloop
  endfacet
  facet normal -0.3522500479212333 -0.9359059267573259 0
    outer loop
      vertex 14.72121597344437 37.98284327242099 109
      vertex 15.149923742877867 37.82148909353426 110.5
      vertex 14.72121597344437 37.98284327242099 110.5
    endloop
  endfacet
  facet normal 0 0 1
    outer loop
      vertex 20.49602083153301 38.17189080927118 110.5
      vertex 20.9 38.38782217350893 110.5
      vertex 14.30397916846699 38.17189080927118 110.5
    endloop
  endfacet
  facet normal 0 0 1
    outer loop
      vertex 20.9 38.38782217350893 110.5
      vertex 21.288991631137215 38.629712713882185 110.5
      vertex 13.899999999999999 38.38782217350893 110.5
    endloop
  endfacet
  facet normal 0 0 1
    outer loop
      vertex 20.49602083153301 38.17189080927118 110.5
      vertex 14.30397916846699 38.17189080927118 110.5
      vertex 14.72121597344437 37.98284327242099 110.5
    endloop
  endfacet
  facet normal 0 0 1
    outer loop
      vertex 20.9 38.38782217350893 110.5
      vertex 13.899999999999999 38.38782217350893 110.5
      vertex 14.30397916846699 38.17189080927118 110.5
    endloop
  endfacet
  facet normal 0 0 1
    outer loop
      vertex 21.288991631137215 38.629712713882185 110.5
      vertex 13.511008368862782 38.629712713882185 110.5
      vertex 13.899999999999999 38.38782217350893 110.5
    endloop
  endfacet
  facet normal 0 0 1
    outer loop
      vertex 21.661330003061043 38.89652661796136 110.5
      vertex 13.138669996938955 38.89652661796136 110.5
      vertex 13.511008368862782 38.629712713882185 110.5
    endloop
  endfacet
  facet normal -0.41270702980439616 -0.9108638249211752 0
    outer loop
      vertex 14.30397916846699 38.17189080927118 109
      vertex 14.72121597344437 37.98284327242099 110.5
      vertex 14.30397916846699 38.17189080927118 110.5
    endloop
  endfacet
  facet normal -0.4713967368259965 -0.8819212643483556 0
    outer loop
      vertex 13.899999999999999 38.38782217350893 109
      vertex 14.30397916846699 38.17189080927118 110.5
      vertex 13.899999999999999 38.38782217350893 110.5
    endloop
  endfacet
  facet normal -0.5280678506503695 -0.8492021815265779 0
    outer loop
      vertex 13.511008368862782 38.629712713882185 109
      vertex 13.899999999999999 38.38782217350893 110.5
      vertex 13.511008368862782 38.629712713882185 110.5
    endloop
  endfacet
  facet normal -0.5824776968678047 -0.8128466845916134 6.897921604194872e-16
    outer loop
      vertex 13.138669996938953 38.89652661796136 109
      vertex 13.511008368862782 38.629712713882185 110.5
      vertex 13.138669996938955 38.89652661796136 110.5
    endloop
  endfacet
  facet normal 0.6835923020228677 -0.7298640726978392 3.080134425381805e-15
    outer loop
      vertex 22.046763839694734 39.21647739615157 109
      vertex 22.349747468305832 39.50025253169417 110.5
      vertex 22.01542070570048 39.187121347647164 110.5
    endloop
  endfacet
  facet normal 0.7298640726978356 -0.6835923020228716 1.5047214078094805e-15
    outer loop
      vertex 22.633522603848434 39.80323616030527 109
      vertex 22.66287865235284 39.83457929429952 110.5
      vertex 22.349747468305832 39.50025253169417 110.5
    endloop
  endfacet
  facet normal 0.7730104533627328 -0.6343932841636505 -1.313245635013822e-15
    outer loop
      vertex 22.662878652352827 39.83457929429951 109
      vertex 22.953473382038645 40.188669996938955 110.5
      vertex 22.66287865235284 39.83457929429952 110.5
    endloop
  endfacet
  facet normal 0 0 1
    outer loop
      vertex 22.01542070570048 39.187121347647164 110.5
      vertex 22.349747468305832 39.50025253169417 110.5
      vertex 12.784579294299517 39.187121347647164 110.5
    endloop
  endfacet
  facet normal 0 0 1
    outer loop
      vertex 22.349747468305832 39.50025253169417 110.5
      vertex 22.66287865235284 39.83457929429952 110.5
      vertex 12.450252531694165 39.50025253169417 110.5
    endloop
  endfacet
  facet normal 0 0 1
    outer loop
      vertex 22.66287865235284 39.83457929429952 110.5
      vertex 22.953473382038645 40.188669996938955 110.5
      vertex 12.137121347647156 39.83457929429952 110.5
    endloop
  endfacet
  facet normal 0.8128466845916159 -0.582477696867801 -1.4113074949085475e-15
    outer loop
      vertex 23.195273482610393 40.52610164649493 109
      vertex 23.220287286117816 40.56100836886279 110.5
      vertex 22.953473382038645 40.188669996938955 110.5
    endloop
  endfacet
  facet normal 0.8492021815265813 -0.5280678506503639 0
    outer loop
      vertex 23.220287286117816 40.56100836886279 109
      vertex 23.462177826491068 40.95 110.5
      vertex 23.220287286117816 40.56100836886279 110.5
    endloop
  endfacet
  facet normal 0 0 1
    outer loop
      vertex 22.953473382038645 40.188669996938955 110.5
      vertex 23.220287286117816 40.56100836886279 110.5
      vertex 11.846526617961352 40.188669996938955 110.5
    endloop
  endfacet
  facet normal 0 0 1
    outer loop
      vertex 23.220287286117816 40.56100836886279 110.5
      vertex 23.462177826491068 40.95 110.5
      vertex 11.57971271388218 40.56100836886279 110.5
    endloop
  endfacet
  facet normal 0 0 1
    outer loop
      vertex 13.138669996938955 38.89652661796136 110.5
      vertex 22.01542070570048 39.187121347647164 110.5
      vertex 12.784579294299517 39.187121347647164 110.5
    endloop
  endfacet
  facet normal 0 0 1
    outer loop
      vertex 22.349747468305832 39.50025253169417 110.5
      vertex 12.450252531694165 39.50025253169417 110.5
      vertex 12.784579294299517 39.187121347647164 110.5
    endloop
  endfacet
  facet normal 0 0 1
    outer loop
      vertex 22.66287865235284 39.83457929429952 110.5
      vertex 12.137121347647156 39.83457929429952 110.5
      vertex 12.450252531694165 39.50025253169417 110.5
    endloop
  endfacet
  facet normal -0.6343932841636495 -0.7730104533627337 7.512725661291235e-16
    outer loop
      vertex 12.784579294299515 39.187121347647164 109
      vertex 13.138669996938955 38.89652661796136 110.5
      vertex 12.784579294299517 39.187121347647164 110.5
    endloop
  endfacet
  facet normal -0.6835923020228696 -0.7298640726978373 0
    outer loop
      vertex 12.450252531694165 39.50025253169417 109
      vertex 12.784579294299517 39.187121347647164 110.5
      vertex 12.450252531694165 39.50025253169417 110.5
    endloop
  endfacet
  facet normal -0.7298640726978356 -0.6835923020228716 0
    outer loop
      vertex 12.137121347647156 39.83457929429952 109
      vertex 12.450252531694165 39.50025253169417 110.5
      vertex 12.137121347647156 39.83457929429952 110.5
    endloop
  endfacet
  facet normal 0 0 1
    outer loop
      vertex 22.953473382038645 40.188669996938955 110.5
      vertex 11.846526617961352 40.188669996938955 110.5
      vertex 12.137121347647156 39.83457929429952 110.5
    endloop
  endfacet
  facet normal 0 0 1
    outer loop
      vertex 23.220287286117816 40.56100836886279 110.5
      vertex 11.57971271388218 40.56100836886279 110.5
      vertex 11.846526617961352 40.188669996938955 110.5
    endloop
  endfacet
  facet normal 0 0 1
    outer loop
      vertex 11.57971271388218 40.56100836886279 110.5
      vertex 23.462177826491068 40.95 110.5
      vertex 11.337822173508929 40.95 110.5
    endloop
  endfacet
  facet normal -0.7730104533627328 -0.6343932841636505 0
    outer loop
      vertex 11.846526617961352 40.188669996938955 109
      vertex 12.137121347647156 39.83457929429952 110.5
      vertex 11.846526617961352 40.188669996938955 110.5
    endloop
  endfacet
  facet normal -0.8128466845916159 -0.582477696867801 0
    outer loop
      vertex 11.57971271388218 40.56100836886279 109
      vertex 11.846526617961352 40.188669996938955 110.5
      vertex 11.57971271388218 40.56100836886279 110.5
    endloop
  endfacet
  facet normal -0.8492021815265813 -0.5280678506503639 4.695942648532947e-16
    outer loop
      vertex 11.557035475722188 40.5974763342819 109
      vertex 11.57971271388218 40.56100836886279 110.5
      vertex 11.337822173508929 40.95 110.5
    endloop
  endfacet
  facet normal 0.8819212643483515 -0.4713967368260041 0
    outer loop
      vertex 23.462177826491068 40.95 109
      vertex 23.67810919072882 41.35397916846699 110.5
      vertex 23.462177826491068 40.95 110.5
    endloop
  endfacet
  facet normal 0.91086382492118 -0.41270702980438534 -4.314717827096028e-15
    outer loop
      vertex 23.67810919072881 41.35397916846699 109
      vertex 23.867156727579005 41.77121597344438 110.5
      vertex 23.67810919072882 41.35397916846699 110.5
    endloop
  endfacet
  facet normal 0 0 1
    outer loop
      vertex 23.67810919072882 41.35397916846699 110.5
      vertex 11.337822173508929 40.95 110.5
      vertex 23.462177826491068 40.95 110.5
    endloop
  endfacet
  facet normal 0 0 1
    outer loop
      vertex 23.67810919072882 41.35397916846699 110.5
      vertex 23.867156727579005 41.77121597344438 110.5
      vertex 11.12189080927118 41.35397916846699 110.5
    endloop
  endfacet
  facet normal 0.9359059267573223 -0.35225004792124265 -2.6521977162816525e-15
    outer loop
      vertex 24.013383952195106 42.159732389493485 109
      vertex 24.02851090646574 42.19992374287787 110.5
      vertex 23.867156727579005 41.77121597344438 110.5
    endloop
  endfacet
  facet normal 0.9569403357322115 -0.2902846772544541 0
    outer loop
      vertex 24.02851090646574 42.19992374287787 109
      vertex 24.161480784023475 42.63826668428236 110.5
      vertex 24.02851090646574 42.19992374287787 110.5
    endloop
  endfacet
  facet normal 0.973876979277334 -0.2270762630343719 0
    outer loop
      vertex 24.161480784023475 42.63826668428236 109
      vertex 24.26549696282261 43.08436774588711 110.5
      vertex 24.161480784023475 42.63826668428236 110.5
    endloop
  endfacet
  facet normal 0 0 1
    outer loop
      vertex 23.867156727579005 41.77121597344438 110.5
      vertex 24.02851090646574 42.19992374287787 110.5
      vertex 10.932843272420993 41.77121597344438 110.5
    endloop
  endfacet
  facet normal 0 0 1
    outer loop
      vertex 24.02851090646574 42.19992374287787 110.5
      vertex 24.161480784023475 42.63826668428236 110.5
      vertex 10.771489093534258 42.19992374287787 110.5
    endloop
  endfacet
  facet normal 0 0 1
    outer loop
      vertex 24.161480784023475 42.63826668428236 110.5
      vertex 17.621894526774085 42.764543735664525 110.5
      vertex 17.511185319691243 42.75363983049438 110.5
    endloop
  endfacet
  facet normal 0 0 1
    outer loop
      vertex 24.161480784023475 42.63826668428236 110.5
      vertex 17.511185319691243 42.75363983049438 110.5
      vertex 17.4 42.75 110.5
    endloop
  endfacet
  facet normal 0 0 1
    outer loop
      vertex 24.161480784023475 42.63826668428236 110.5
      vertex 17.946447091015372 42.840218779858326 110.5
      vertex 17.839992376674285 42.80792609530859 110.5
    endloop
  endfacet
  facet normal 0 0 1
    outer loop
      vertex 24.161480784023475 42.63826668428236 110.5
      vertex 18.050561835020652 42.87940479473082 110.5
      vertex 17.946447091015372 42.840218779858326 110.5
    endloop
  endfacet
  facet normal 0 0 1
    outer loop
      vertex 24.161480784023475 42.63826668428236 110.5
      vertex 17.839992376674285 42.80792609530859 110.5
      vertex 17.731653547427417 42.782665023314514 110.5
    endloop
  endfacet
  facet normal 0 0 1
    outer loop
      vertex 24.161480784023475 42.63826668428236 110.5
      vertex 17.731653547427417 42.782665023314514 110.5
      vertex 17.621894526774085 42.764543735664525 110.5
    endloop
  endfacet
  facet normal 0 0 1
    outer loop
      vertex 23.67810919072882 41.35397916846699 110.5
      vertex 11.12189080927118 41.35397916846699 110.5
      vertex 11.337822173508929 40.95 110.5
    endloop
  endfacet
  facet normal 0 0 1
    outer loop
      vertex 23.867156727579005 41.77121597344438 110.5
      vertex 10.932843272420993 41.77121597344438 110.5
      vertex 11.12189080927118 41.35397916846699 110.5
    endloop
  endfacet
  facet normal 0 0 1
    outer loop
      vertex 24.161480784023475 42.63826668428236 110.5
      vertex 17.4 42.75 110.5
      vertex 10.63851921597652 42.63826668428236 110.5
    endloop
  endfacet
  facet normal 0 0 1
    outer loop
      vertex 24.02851090646574 42.19992374287787 110.5
      vertex 10.771489093534258 42.19992374287787 110.5
      vertex 10.932843272420993 41.77121597344438 110.5
    endloop
  endfacet
  facet normal 0 0 1
    outer loop
      vertex 24.161480784023475 42.63826668428236 110.5
      vertex 10.63851921597652 42.63826668428236 110.5
      vertex 10.771489093534258 42.19992374287787 110.5
    endloop
  endfacet
  facet normal 0 0 1
    outer loop
      vertex 10.63851921597652 42.63826668428236 110.5
      vertex 17.4 42.75 110.5
      vertex 17.288814680308754 42.75363983049438 110.5
    endloop
  endfacet
  facet normal 0 0 1
    outer loop
      vertex 10.63851921597652 42.63826668428236 110.5
      vertex 17.288814680308754 42.75363983049438 110.5
      vertex 17.178105473225912 42.764543735664525 110.5
    endloop
  endfacet
  facet normal 0 0 1
    outer loop
      vertex 10.63851921597652 42.63826668428236 110.5
      vertex 17.178105473225912 42.764543735664525 110.5
      vertex 17.06834645257258 42.782665023314514 110.5
    endloop
  endfacet
  facet normal 0 0 1
    outer loop
      vertex 10.63851921597652 42.63826668428236 110.5
      vertex 17.06834645257258 42.782665023314514 110.5
      vertex 16.960007623325712 42.80792609530859 110.5
    endloop
  endfacet
  facet normal 0 0 1
    outer loop
      vertex 10.63851921597652 42.63826668428236 110.5
      vertex 16.960007623325712 42.80792609530859 110.5
      vertex 16.853552908984625 42.840218779858326 110.5
    endloop
  endfacet
  facet normal 0 0 1
    outer loop
      vertex 10.63851921597652 42.63826668428236 110.5
      vertex 16.853552908984625 42.840218779858326 110.5
      vertex 16.749438164979345 42.87940479473082 110.5
    endloop
  endfacet
  facet normal 0 0 1
    outer loop
      vertex 10.63851921597652 42.63826668428236 110.5
      vertex 16.749438164979345 42.87940479473082 110.5
      vertex 16.648109226627696 42.925316339394435 110.5
    endloop
  endfacet
  facet normal 0 0 1
    outer loop
      vertex 24.161480784023475 42.63826668428236 110.5
      vertex 24.26549696282261 43.08436774588711 110.5
      vertex 18.050561835020652 42.87940479473082 110.5
    endloop
  endfacet
  facet normal 0.986643332084878 -0.16289547339459454 1.4119386699957355e-15
    outer loop
      vertex 24.33311867960473 43.493946444280965 109
      vertex 24.34011402961667 43.53631665445964 110.5
      vertex 24.26549696282261 43.08436774588711 110.5
    endloop
  endfacet
  facet normal 0.9951847266721973 -0.0980171403295572 0
    outer loop
      vertex 24.34011402961667 43.53631665445964 109
      vertex 24.385012462670222 43.992178095389 110.5
      vertex 24.34011402961667 43.53631665445964 110.5
    endloop
  endfacet
  facet normal 0 0 1
    outer loop
      vertex 24.26549696282261 43.08436774588711 110.5
      vertex 24.34011402961667 43.53631665445964 110.5
      vertex 18.67812767271426 43.32911211432989 110.5
    endloop
  endfacet
  facet normal 0 0 1
    outer loop
      vertex 24.34011402961667 43.53631665445964 110.5
      vertex 24.385012462670222 43.992178095389 110.5
      vertex 18.970595205269184 43.79943816497935 110.5
    endloop
  endfacet
  facet normal 0 0 1
    outer loop
      vertex 24.26549696282261 43.08436774588711 110.5
      vertex 18.520887885670117 43.17187232728574 110.5
      vertex 18.434894429314824 43.101299321504904 110.5
    endloop
  endfacet
  facet normal 0 0 1
    outer loop
      vertex 24.26549696282261 43.08436774588711 110.5
      vertex 18.60208152801713 43.24791847198287 110.5
      vertex 18.520887885670117 43.17187232728574 110.5
    endloop
  endfacet
  facet normal 0 0 1
    outer loop
      vertex 24.26549696282261 43.08436774588711 110.5
      vertex 18.67812767271426 43.32911211432989 110.5
      vertex 18.60208152801713 43.24791847198287 110.5
    endloop
  endfacet
  facet normal 0 0 1
    outer loop
      vertex 24.26549696282261 43.08436774588711 110.5
      vertex 18.25 42.97775681356646 110.5
      vertex 18.1518907733723 42.925316339394435 110.5
    endloop
  endfacet
  facet normal 0 0 1
    outer loop
      vertex 24.26549696282261 43.08436774588711 110.5
      vertex 18.1518907733723 42.925316339394435 110.5
      vertex 18.050561835020652 42.87940479473082 110.5
    endloop
  endfacet
  facet normal 0 0 1
    outer loop
      vertex 24.26549696282261 43.08436774588711 110.5
      vertex 18.344469396133324 43.03650165908567 110.5
      vertex 18.25 42.97775681356646 110.5
    endloop
  endfacet
  facet normal 0 0 1
    outer loop
      vertex 24.26549696282261 43.08436774588711 110.5
      vertex 18.434894429314824 43.101299321504904 110.5
      vertex 18.344469396133324 43.03650165908567 110.5
    endloop
  endfacet
  facet normal 0 0 1
    outer loop
      vertex 24.34011402961667 43.53631665445964 110.5
      vertex 18.748700678495098 43.41510557068518 110.5
      vertex 18.67812767271426 43.32911211432989 110.5
    endloop
  endfacet
  facet normal 0 0 1
    outer loop
      vertex 24.34011402961667 43.53631665445964 110.5
      vertex 18.813498340914325 43.50553060386668 110.5
      vertex 18.748700678495098 43.41510557068518 110.5
    endloop
  endfacet
  facet normal 0 0 1
    outer loop
      vertex 24.34011402961667 43.53631665445964 110.5
      vertex 18.872243186433543 43.6 110.5
      vertex 18.813498340914325 43.50553060386668 110.5
    endloop
  endfacet
  facet normal 0 0 1
    outer loop
      vertex 24.34011402961667 43.53631665445964 110.5
      vertex 18.92468366060557 43.6981092266277 110.5
      vertex 18.872243186433543 43.6 110.5
    endloop
  endfacet
  facet normal 0 0 1
    outer loop
      vertex 24.34011402961667 43.53631665445964 110.5
      vertex 18.970595205269184 43.79943816497935 110.5
      vertex 18.92468366060557 43.6981092266277 110.5
    endloop
  endfacet
  facet normal 0.9994645874763657 -0.03271908282177894 0
    outer loop
      vertex 24.385012462670222 43.992178095389 109
      vertex 24.4 44.45 110.5
      vertex 24.385012462670222 43.992178095389 110.5
    endloop
  endfacet
  facet normal 0 0 1
    outer loop
      vertex 24.385012462670222 43.992178095389 110.5
      vertex 24.4 44.45 110.5
      vertex 19.085456264335477 44.22810547322592 110.5
    endloop
  endfacet
  facet normal 0.9994645874763657 0.03271908282177894 0
    outer loop
      vertex 24.4 44.45 109
      vertex 24.385012462670222 44.907821904611005 110.5
      vertex 24.4 44.45 110.5
    endloop
  endfacet
  facet normal 0 0 1
    outer loop
      vertex 24.4 44.45 110.5
      vertex 24.385012462670222 44.907821904611005 110.5
      vertex 19.099999999999998 44.45 110.5
    endloop
  endfacet
  facet normal 0 0 1
    outer loop
      vertex 24.385012462670222 43.992178095389 110.5
      vertex 19.00978122014168 43.90355290898463 110.5
      vertex 18.970595205269184 43.79943816497935 110.5
    endloop
  endfacet
  facet normal 0 0 1
    outer loop
      vertex 24.385012462670222 43.992178095389 110.5
      vertex 19.042073904691414 44.01000762332572 110.5
      vertex 19.00978122014168 43.90355290898463 110.5
    endloop
  endfacet
  facet normal 0 0 1
    outer loop
      vertex 24.385012462670222 43.992178095389 110.5
      vertex 19.06733497668549 44.11834645257259 110.5
      vertex 19.042073904691414 44.01000762332572 110.5
    endloop
  endfacet
  facet normal 0 0 1
    outer loop
      vertex 24.385012462670222 43.992178095389 110.5
      vertex 19.085456264335477 44.22810547322592 110.5
      vertex 19.06733497668549 44.11834645257259 110.5
    endloop
  endfacet
  facet normal 0 0 1
    outer loop
      vertex 24.4 44.45 110.5
      vertex 19.096360169505623 44.33881468030876 110.5
      vertex 19.085456264335477 44.22810547322592 110.5
    endloop
  endfacet
  facet normal 0 0 1
    outer loop
      vertex 24.4 44.45 110.5
      vertex 19.099999999999998 44.45 110.5
      vertex 19.096360169505623 44.33881468030876 110.5
    endloop
  endfacet
  facet normal 0 0 1
    outer loop
      vertex 24.385012462670222 44.907821904611005 110.5
      vertex 19.096360169505623 44.56118531969125 110.5
      vertex 19.099999999999998 44.45 110.5
    endloop
  endfacet
  facet normal 0 0 1
    outer loop
      vertex 24.385012462670222 44.907821904611005 110.5
      vertex 19.085456264335477 44.67189452677409 110.5
      vertex 19.096360169505623 44.56118531969125 110.5
    endloop
  endfacet
  facet normal 0 0 1
    outer loop
      vertex 10.63851921597652 42.63826668428236 110.5
      vertex 16.648109226627696 42.925316339394435 110.5
      vertex 16.549999999999997 42.97775681356646 110.5
    endloop
  endfacet
  facet normal 0 0 1
    outer loop
      vertex 10.63851921597652 42.63826668428236 110.5
      vertex 16.549999999999997 42.97775681356646 110.5
      vertex 16.455530603866674 43.03650165908567 110.5
    endloop
  endfacet
  facet normal 0 0 1
    outer loop
      vertex 10.63851921597652 42.63826668428236 110.5
      vertex 16.455530603866674 43.03650165908567 110.5
      vertex 16.365105570685174 43.101299321504904 110.5
    endloop
  endfacet
  facet normal 0 0 1
    outer loop
      vertex 10.534503037177386 43.08436774588711 110.5
      vertex 16.365105570685174 43.101299321504904 110.5
      vertex 16.27911211432988 43.17187232728574 110.5
    endloop
  endfacet
  facet normal 0 0 1
    outer loop
      vertex 10.534503037177386 43.08436774588711 110.5
      vertex 16.27911211432988 43.17187232728574 110.5
      vertex 16.197918471982867 43.24791847198287 110.5
    endloop
  endfacet
  facet normal 0 0 1
    outer loop
      vertex 10.534503037177386 43.08436774588711 110.5
      vertex 16.197918471982867 43.24791847198287 110.5
      vertex 16.121872327285736 43.32911211432989 110.5
    endloop
  endfacet
  facet normal 0 0 1
    outer loop
      vertex 10.534503037177386 43.08436774588711 110.5
      vertex 16.121872327285736 43.32911211432989 110.5
      vertex 16.0512993215049 43.41510557068518 110.5
    endloop
  endfacet
  facet normal 0 0 1
    outer loop
      vertex 10.63851921597652 42.63826668428236 110.5
      vertex 16.365105570685174 43.101299321504904 110.5
      vertex 10.534503037177386 43.08436774588711 110.5
    endloop
  endfacet
  facet normal 0 0 1
    outer loop
      vertex 10.534503037177386 43.08436774588711 110.5
      vertex 16.0512993215049 43.41510557068518 110.5
      vertex 15.986501659085672 43.50553060386668 110.5
    endloop
  endfacet
  facet normal 0 0 1
    outer loop
      vertex 10.534503037177386 43.08436774588711 110.5
      vertex 15.986501659085672 43.50553060386668 110.5
      vertex 15.927756813566454 43.6 110.5
    endloop
  endfacet
  facet normal 0 0 1
    outer loop
      vertex 10.459885970383326 43.53631665445964 110.5
      vertex 15.927756813566454 43.6 110.5
      vertex 15.875316339394429 43.6981092266277 110.5
    endloop
  endfacet
  facet normal 0 0 1
    outer loop
      vertex 10.459885970383326 43.53631665445964 110.5
      vertex 15.875316339394429 43.6981092266277 110.5
      vertex 15.829404794730811 43.79943816497935 110.5
    endloop
  endfacet
  facet normal 0 0 1
    outer loop
      vertex 10.459885970383326 43.53631665445964 110.5
      vertex 15.829404794730811 43.79943816497935 110.5
      vertex 15.79021877985832 43.90355290898463 110.5
    endloop
  endfacet
  facet normal 0 0 1
    outer loop
      vertex 10.534503037177386 43.08436774588711 110.5
      vertex 15.927756813566454 43.6 110.5
      vertex 10.459885970383326 43.53631665445964 110.5
    endloop
  endfacet
  facet normal 0 0 1
    outer loop
      vertex 10.459885970383326 43.53631665445964 110.5
      vertex 15.79021877985832 43.90355290898463 110.5
      vertex 15.757926095308582 44.01000762332572 110.5
    endloop
  endfacet
  facet normal 0 0 1
    outer loop
      vertex 10.414987537329775 43.992178095389 110.5
      vertex 15.757926095308582 44.01000762332572 110.5
      vertex 15.732665023314507 44.11834645257259 110.5
    endloop
  endfacet
  facet normal 0 0 1
    outer loop
      vertex 10.414987537329775 43.992178095389 110.5
      vertex 15.732665023314507 44.11834645257259 110.5
      vertex 15.71454373566452 44.22810547322592 110.5
    endloop
  endfacet
  facet normal 0 0 1
    outer loop
      vertex 10.414987537329775 43.992178095389 110.5
      vertex 15.71454373566452 44.22810547322592 110.5
      vertex 15.703639830494373 44.33881468030876 110.5
    endloop
  endfacet
  facet normal 0 0 1
    outer loop
      vertex 10.414987537329775 43.992178095389 110.5
      vertex 15.703639830494373 44.33881468030876 110.5
      vertex 15.7 44.45 110.5
    endloop
  endfacet
  facet normal 0 0 1
    outer loop
      vertex 10.459885970383326 43.53631665445964 110.5
      vertex 15.757926095308582 44.01000762332572 110.5
      vertex 10.414987537329775 43.992178095389 110.5
    endloop
  endfacet
  facet normal 0 0 1
    outer loop
      vertex 10.399999999999999 44.45 110.5
      vertex 15.7 44.45 110.5
      vertex 15.703639830494373 44.56118531969125 110.5
    endloop
  endfacet
  facet normal 0 0 1
    outer loop
      vertex 10.399999999999999 44.45 110.5
      vertex 15.703639830494373 44.56118531969125 110.5
      vertex 15.71454373566452 44.67189452677409 110.5
    endloop
  endfacet
  facet normal -0.8819212643483532 -0.4713967368260011 0
    outer loop
      vertex 11.12189080927118 41.35397916846699 109
      vertex 11.337822173508929 40.95 110.5
      vertex 11.12189080927118 41.35397916846699 110.5
    endloop
  endfacet
  facet normal -0.9108638249211786 -0.41270702980438856 0
    outer loop
      vertex 10.932843272420993 41.77121597344438 109
      vertex 11.12189080927118 41.35397916846699 110.5
      vertex 10.932843272420993 41.77121597344438 110.5
    endloop
  endfacet
  facet normal -0.9359059267573235 -0.3522500479212392 0
    outer loop
      vertex 10.771489093534258 42.19992374287787 109
      vertex 10.932843272420993 41.77121597344438 110.5
      vertex 10.771489093534258 42.19992374287787 110.5
    endloop
  endfacet
  facet normal -0.9569403357322093 -0.2902846772544612 0
    outer loop
      vertex 10.63851921597652 42.63826668428236 109
      vertex 10.771489093534258 42.19992374287787 110.5
      vertex 10.63851921597652 42.63826668428236 110.5
    endloop
  endfacet
  facet normal -0.973876979277334 -0.2270762630343719 0
    outer loop
      vertex 10.534503037177386 43.08436774588711 109
      vertex 10.63851921597652 42.63826668428236 110.5
      vertex 10.534503037177386 43.08436774588711 110.5
    endloop
  endfacet
  facet normal -0.9866433320848786 -0.16289547339459076 0
    outer loop
      vertex 10.459885970383326 43.53631665445964 109
      vertex 10.534503037177386 43.08436774588711 110.5
      vertex 10.459885970383326 43.53631665445964 110.5
    endloop
  endfacet
  facet normal -0.9951847266721973 -0.0980171403295572 -6.753573432701924e-16
    outer loop
      vertex 10.455676742284556 43.57905366454677 109
      vertex 10.459885970383326 43.53631665445964 110.5
      vertex 10.414987537329775 43.992178095389 110.5
    endloop
  endfacet
  facet normal 0 0 1
    outer loop
      vertex 10.414987537329775 43.992178095389 110.5
      vertex 15.7 44.45 110.5
      vertex 10.399999999999999 44.45 110.5
    endloop
  endfacet
  facet normal 0 0 1
    outer loop
      vertex 10.399999999999999 44.45 110.5
      vertex 15.71454373566452 44.67189452677409 110.5
      vertex 10.414987537329775 44.907821904611005 110.5
    endloop
  endfacet
  facet normal -0.9994645874763657 -0.03271908282177894 0
    outer loop
      vertex 10.399999999999999 44.45 109
      vertex 10.414987537329775 43.992178095389 110.5
      vertex 10.399999999999999 44.45 110.5
    endloop
  endfacet
  facet normal 0.9951847266721973 0.0980171403295572 -6.753573432701924e-16
    outer loop
      vertex 24.34432325771544 45.320946335453236 109
      vertex 24.34011402961667 45.363683345540366 110.5
      vertex 24.385012462670222 44.907821904611005 110.5
    endloop
  endfacet
  facet normal 0 0 1
    outer loop
      vertex 24.385012462670222 44.907821904611005 110.5
      vertex 24.34011402961667 45.363683345540366 110.5
      vertex 19.042073904691414 44.889992376674286 110.5
    endloop
  endfacet
  facet normal 0.986643332084878 0.16289547339459454 0
    outer loop
      vertex 24.34011402961667 45.363683345540366 109
      vertex 24.26549696282261 45.8156322541129 110.5
      vertex 24.34011402961667 45.363683345540366 110.5
    endloop
  endfacet
  facet normal 0 0 1
    outer loop
      vertex 24.34011402961667 45.363683345540366 110.5
      vertex 24.26549696282261 45.8156322541129 110.5
      vertex 18.872243186433543 45.300000000000004 110.5
    endloop
  endfacet
  facet normal 0 0 1
    outer loop
      vertex 24.385012462670222 44.907821904611005 110.5
      vertex 19.06733497668549 44.78165354742742 110.5
      vertex 19.085456264335477 44.67189452677409 110.5
    endloop
  endfacet
  facet normal 0 0 1
    outer loop
      vertex 24.385012462670222 44.907821904611005 110.5
      vertex 19.042073904691414 44.889992376674286 110.5
      vertex 19.06733497668549 44.78165354742742 110.5
    endloop
  endfacet
  facet normal 0 0 1
    outer loop
      vertex 24.34011402961667 45.363683345540366 110.5
      vertex 19.00978122014168 44.996447091015376 110.5
      vertex 19.042073904691414 44.889992376674286 110.5
    endloop
  endfacet
  facet normal 0 0 1
    outer loop
      vertex 24.34011402961667 45.363683345540366 110.5
      vertex 18.970595205269184 45.100561835020656 110.5
      vertex 19.00978122014168 44.996447091015376 110.5
    endloop
  endfacet
  facet normal 0 0 1
    outer loop
      vertex 24.34011402961667 45.363683345540366 110.5
      vertex 18.92468366060557 45.201890773372305 110.5
      vertex 18.970595205269184 45.100561835020656 110.5
    endloop
  endfacet
  facet normal 0 0 1
    outer loop
      vertex 24.34011402961667 45.363683345540366 110.5
      vertex 18.872243186433543 45.300000000000004 110.5
      vertex 18.92468366060557 45.201890773372305 110.5
    endloop
  endfacet
  facet normal 0 0 1
    outer loop
      vertex 24.26549696282261 45.8156322541129 110.5
      vertex 18.813498340914325 45.394469396133324 110.5
      vertex 18.872243186433543 45.300000000000004 110.5
    endloop
  endfacet
  facet normal 0 0 1
    outer loop
      vertex 24.26549696282261 45.8156322541129 110.5
      vertex 18.748700678495098 45.48489442931483 110.5
      vertex 18.813498340914325 45.394469396133324 110.5
    endloop
  endfacet
  facet normal 0 0 1
    outer loop
      vertex 24.26549696282261 45.8156322541129 110.5
      vertex 18.67812767271426 45.57088788567012 110.5
      vertex 18.748700678495098 45.48489442931483 110.5
    endloop
  endfacet
  facet normal 0 0 1
    outer loop
      vertex 24.26549696282261 45.8156322541129 110.5
      vertex 18.60208152801713 45.652081528017135 110.5
      vertex 18.67812767271426 45.57088788567012 110.5
    endloop
  endfacet
  facet normal 0.973876979277334 0.2270762630343719 9.619108328446448e-16
    outer loop
      vertex 24.171232300785896 46.2199113411922 109
      vertex 24.161480784023475 46.26173331571765 110.5
      vertex 24.26549696282261 45.8156322541129 110.5
    endloop
  endfacet
  facet normal 0 0 1
    outer loop
      vertex 24.26549696282261 45.8156322541129 110.5
      vertex 24.161480784023475 46.26173331571765 110.5
      vertex 18.434894429314824 45.7987006784951 110.5
    endloop
  endfacet
  facet normal 0 0 1
    outer loop
      vertex 24.26549696282261 45.8156322541129 110.5
      vertex 18.520887885670117 45.728127672714265 110.5
      vertex 18.60208152801713 45.652081528017135 110.5
    endloop
  endfacet
  facet normal 0 0 1
    outer loop
      vertex 24.26549696282261 45.8156322541129 110.5
      vertex 18.434894429314824 45.7987006784951 110.5
      vertex 18.520887885670117 45.728127672714265 110.5
    endloop
  endfacet
  facet normal 0 0 1
    outer loop
      vertex 24.161480784023475 46.26173331571765 110.5
      vertex 18.344469396133324 45.86349834091433 110.5
      vertex 18.434894429314824 45.7987006784951 110.5
    endloop
  endfacet
  facet normal 0 0 1
    outer loop
      vertex 24.161480784023475 46.26173331571765 110.5
      vertex 18.25 45.92224318643355 110.5
      vertex 18.344469396133324 45.86349834091433 110.5
    endloop
  endfacet
  facet normal 0 0 1
    outer loop
      vertex 24.161480784023475 46.26173331571765 110.5
      vertex 18.1518907733723 45.97468366060557 110.5
      vertex 18.25 45.92224318643355 110.5
    endloop
  endfacet
  facet normal 0 0 1
    outer loop
      vertex 24.161480784023475 46.26173331571765 110.5
      vertex 18.050561835020652 46.02059520526919 110.5
      vertex 18.1518907733723 45.97468366060557 110.5
    endloop
  endfacet
  facet normal 0 0 1
    outer loop
      vertex 24.161480784023475 46.26173331571765 110.5
      vertex 17.946447091015372 46.05978122014168 110.5
      vertex 18.050561835020652 46.02059520526919 110.5
    endloop
  endfacet
  facet normal 0 0 1
    outer loop
      vertex 24.161480784023475 46.26173331571765 110.5
      vertex 17.839992376674285 46.09207390469142 110.5
      vertex 17.946447091015372 46.05978122014168 110.5
    endloop
  endfacet
  facet normal 0 0 1
    outer loop
      vertex 24.161480784023475 46.26173331571765 110.5
      vertex 17.731653547427417 46.11733497668549 110.5
      vertex 17.839992376674285 46.09207390469142 110.5
    endloop
  endfacet
  facet normal 0 0 1
    outer loop
      vertex 24.161480784023475 46.26173331571765 110.5
      vertex 17.621894526774085 46.13545626433548 110.5
      vertex 17.731653547427417 46.11733497668549 110.5
    endloop
  endfacet
  facet normal 0 0 1
    outer loop
      vertex 24.161480784023475 46.26173331571765 110.5
      vertex 17.511185319691243 46.14636016950563 110.5
      vertex 17.621894526774085 46.13545626433548 110.5
    endloop
  endfacet
  facet normal 0 0 1
    outer loop
      vertex 24.161480784023475 46.26173331571765 110.5
      vertex 17.4 46.150000000000006 110.5
      vertex 17.511185319691243 46.14636016950563 110.5
    endloop
  endfacet
  facet normal 0 0 1
    outer loop
      vertex 24.161480784023475 46.26173331571765 110.5
      vertex 24.02851090646574 46.700076257122134 110.5
      vertex 10.63851921597652 46.26173331571765 110.5
    endloop
  endfacet
  facet normal 0 0 1
    outer loop
      vertex 10.414987537329775 44.907821904611005 110.5
      vertex 15.71454373566452 44.67189452677409 110.5
      vertex 15.732665023314507 44.78165354742742 110.5
    endloop
  endfacet
  facet normal 0 0 1
    outer loop
      vertex 10.414987537329775 44.907821904611005 110.5
      vertex 15.732665023314507 44.78165354742742 110.5
      vertex 15.757926095308582 44.889992376674286 110.5
    endloop
  endfacet
  facet normal 0 0 1
    outer loop
      vertex 10.414987537329775 44.907821904611005 110.5
      vertex 15.757926095308582 44.889992376674286 110.5
      vertex 15.79021877985832 44.996447091015376 110.5
    endloop
  endfacet
  facet normal 0 0 1
    outer loop
      vertex 10.414987537329775 44.907821904611005 110.5
      vertex 15.79021877985832 44.996447091015376 110.5
      vertex 15.829404794730811 45.100561835020656 110.5
    endloop
  endfacet
  facet normal 0 0 1
    outer loop
      vertex 10.414987537329775 44.907821904611005 110.5
      vertex 15.829404794730811 45.100561835020656 110.5
      vertex 10.459885970383326 45.363683345540366 110.5
    endloop
  endfacet
  facet normal 0 0 1
    outer loop
      vertex 10.459885970383326 45.363683345540366 110.5
      vertex 15.829404794730811 45.100561835020656 110.5
      vertex 15.875316339394429 45.201890773372305 110.5
    endloop
  endfacet
  facet normal 0 0 1
    outer loop
      vertex 10.459885970383326 45.363683345540366 110.5
      vertex 15.875316339394429 45.201890773372305 110.5
      vertex 15.927756813566454 45.300000000000004 110.5
    endloop
  endfacet
  facet normal 0 0 1
    outer loop
      vertex 10.459885970383326 45.363683345540366 110.5
      vertex 15.927756813566454 45.300000000000004 110.5
      vertex 15.986501659085672 45.394469396133324 110.5
    endloop
  endfacet
  facet normal 0 0 1
    outer loop
      vertex 10.459885970383326 45.363683345540366 110.5
      vertex 15.986501659085672 45.394469396133324 110.5
      vertex 16.0512993215049 45.48489442931483 110.5
    endloop
  endfacet
  facet normal 0 0 1
    outer loop
      vertex 10.459885970383326 45.363683345540366 110.5
      vertex 16.0512993215049 45.48489442931483 110.5
      vertex 16.121872327285736 45.57088788567012 110.5
    endloop
  endfacet
  facet normal 0 0 1
    outer loop
      vertex 10.534503037177386 45.8156322541129 110.5
      vertex 16.121872327285736 45.57088788567012 110.5
      vertex 16.197918471982867 45.652081528017135 110.5
    endloop
  endfacet
  facet normal 0 0 1
    outer loop
      vertex 10.459885970383326 45.363683345540366 110.5
      vertex 16.121872327285736 45.57088788567012 110.5
      vertex 10.534503037177386 45.8156322541129 110.5
    endloop
  endfacet
  facet normal 0 0 1
    outer loop
      vertex 24.161480784023475 46.26173331571765 110.5
      vertex 10.63851921597652 46.26173331571765 110.5
      vertex 17.4 46.150000000000006 110.5
    endloop
  endfacet
  facet normal 0 0 1
    outer loop
      vertex 10.534503037177386 45.8156322541129 110.5
      vertex 16.197918471982867 45.652081528017135 110.5
      vertex 16.27911211432988 45.728127672714265 110.5
    endloop
  endfacet
  facet normal 0 0 1
    outer loop
      vertex 10.534503037177386 45.8156322541129 110.5
      vertex 16.27911211432988 45.728127672714265 110.5
      vertex 16.365105570685174 45.7987006784951 110.5
    endloop
  endfacet
  facet normal 0 0 1
    outer loop
      vertex 10.534503037177386 45.8156322541129 110.5
      vertex 16.365105570685174 45.7987006784951 110.5
      vertex 16.455530603866674 45.86349834091433 110.5
    endloop
  endfacet
  facet normal 0 0 1
    outer loop
      vertex 10.534503037177386 45.8156322541129 110.5
      vertex 16.455530603866674 45.86349834091433 110.5
      vertex 16.549999999999997 45.92224318643355 110.5
    endloop
  endfacet
  facet normal 0 0 1
    outer loop
      vertex 10.534503037177386 45.8156322541129 110.5
      vertex 16.549999999999997 45.92224318643355 110.5
      vertex 16.648109226627696 45.97468366060557 110.5
    endloop
  endfacet
  facet normal 0 0 1
    outer loop
      vertex 10.63851921597652 46.26173331571765 110.5
      vertex 16.960007623325712 46.09207390469142 110.5
      vertex 17.06834645257258 46.11733497668549 110.5
    endloop
  endfacet
  facet normal 0 0 1
    outer loop
      vertex 10.63851921597652 46.26173331571765 110.5
      vertex 16.749438164979345 46.02059520526919 110.5
      vertex 16.853552908984625 46.05978122014168 110.5
    endloop
  endfacet
  facet normal 0 0 1
    outer loop
      vertex 10.63851921597652 46.26173331571765 110.5
      vertex 16.853552908984625 46.05978122014168 110.5
      vertex 16.960007623325712 46.09207390469142 110.5
    endloop
  endfacet
  facet normal 0 0 1
    outer loop
      vertex 10.534503037177386 45.8156322541129 110.5
      vertex 16.648109226627696 45.97468366060557 110.5
      vertex 16.749438164979345 46.02059520526919 110.5
    endloop
  endfacet
  facet normal 0 0 1
    outer loop
      vertex 10.534503037177386 45.8156322541129 110.5
      vertex 16.749438164979345 46.02059520526919 110.5
      vertex 10.63851921597652 46.26173331571765 110.5
    endloop
  endfacet
  facet normal 0 0 1
    outer loop
      vertex 10.63851921597652 46.26173331571765 110.5
      vertex 17.288814680308754 46.14636016950563 110.5
      vertex 17.4 46.150000000000006 110.5
    endloop
  endfacet
  facet normal 0 0 1
    outer loop
      vertex 10.63851921597652 46.26173331571765 110.5
      vertex 17.06834645257258 46.11733497668549 110.5
      vertex 17.178105473225912 46.13545626433548 110.5
    endloop
  endfacet
  facet normal 0 0 1
    outer loop
      vertex 10.63851921597652 46.26173331571765 110.5
      vertex 17.178105473225912 46.13545626433548 110.5
      vertex 17.288814680308754 46.14636016950563 110.5
    endloop
  endfacet
  facet normal 0 0 1
    outer loop
      vertex 24.02851090646574 46.700076257122134 110.5
      vertex 10.771489093534258 46.700076257122134 110.5
      vertex 10.63851921597652 46.26173331571765 110.5
    endloop
  endfacet
  facet normal 0.9359059267573223 0.35225004792124265 0
    outer loop
      vertex 24.02851090646574 46.700076257122134 109
      vertex 23.867156727579005 47.12878402655563 110.5
      vertex 24.02851090646574 46.700076257122134 110.5
    endloop
  endfacet
  facet normal 0.9108638249211782 0.4127070298043898 0
    outer loop
      vertex 23.694633819977202 47.50955019760724 109
      vertex 23.694633819977202 47.50955019760724 110.5
      vertex 23.867156727579005 47.12878402655563 110.5
    endloop
  endfacet
  facet normal 0 0 1
    outer loop
      vertex 23.867156727579005 47.12878402655563 110.5
      vertex 23.694633819977202 47.50955019760724 110.5
      vertex 23.591752335899393 47.47082834890373 110.5
    endloop
  endfacet
  facet normal 0 0 1
    outer loop
      vertex 23.867156727579005 47.12878402655563 110.5
      vertex 23.11446915319162 47.35954151920697 110.5
      vertex 22.95166149571685 47.343506364544986 110.5
    endloop
  endfacet
  facet normal 0 0 1
    outer loop
      vertex 23.867156727579005 47.12878402655563 110.5
      vertex 23.435201285397792 47.423339106918824 110.5
      vertex 23.275879477681812 47.38619047163342 110.5
    endloop
  endfacet
  facet normal 0 0 1
    outer loop
      vertex 23.867156727579005 47.12878402655563 110.5
      vertex 23.591752335899393 47.47082834890373 110.5
      vertex 23.435201285397792 47.423339106918824 110.5
    endloop
  endfacet
  facet normal 0 0 1
    outer loop
      vertex 23.867156727579005 47.12878402655563 110.5
      vertex 23.275879477681812 47.38619047163342 110.5
      vertex 23.11446915319162 47.35954151920697 110.5
    endloop
  endfacet
  facet normal 0 0 1
    outer loop
      vertex 23.867156727579005 47.12878402655563 110.5
      vertex 22.95166149571685 47.343506364544986 110.5
      vertex 22.788153672641492 47.338153672641496 110.5
    endloop
  endfacet
  facet normal 0 0 1
    outer loop
      vertex 24.02851090646574 46.700076257122134 110.5
      vertex 23.867156727579005 47.12878402655563 110.5
      vertex 10.771489093534258 46.700076257122134 110.5
    endloop
  endfacet
  facet normal 0 0 1
    outer loop
      vertex 23.867156727579005 47.12878402655563 110.5
      vertex 22.788153672641492 47.338153672641496 110.5
      vertex 10.932843272420993 47.12878402655563 110.5
    endloop
  endfacet
  facet normal 0 0 1
    outer loop
      vertex 22.788153672641492 47.338153672641496 110.5
      vertex 22.624645849566132 47.343506364544986 110.5
      vertex 10.932843272420993 47.12878402655563 110.5
    endloop
  endfacet
  facet normal 0 0 1
    outer loop
      vertex 22.624645849566132 47.343506364544986 110.5
      vertex 22.461838192091363 47.35954151920697 110.5
      vertex 10.932843272420993 47.12878402655563 110.5
    endloop
  endfacet
  facet normal 0 0 1
    outer loop
      vertex 22.461838192091363 47.35954151920697 110.5
      vertex 22.30042786760117 47.38619047163342 110.5
      vertex 10.932843272420993 47.12878402655563 110.5
    endloop
  endfacet
  facet normal 0 0 1
    outer loop
      vertex 22.30042786760117 47.38619047163342 110.5
      vertex 22.14110605988519 47.423339106918824 110.5
      vertex 10.932843272420993 47.12878402655563 110.5
    endloop
  endfacet
  facet normal 0 0 1
    outer loop
      vertex 22.14110605988519 47.423339106918824 110.5
      vertex 21.984555009383588 47.47082834890373 110.5
      vertex 10.932843272420993 47.12878402655563 110.5
    endloop
  endfacet
  facet normal 0 0 1
    outer loop
      vertex 21.984555009383588 47.47082834890373 110.5
      vertex 21.831445091728767 47.52845484136328 110.5
      vertex 11.12189080927118 47.54602083153301 110.5
    endloop
  endfacet
  facet normal 0 0 1
    outer loop
      vertex 21.831445091728767 47.52845484136328 110.5
      vertex 21.68243194709399 47.59597181880977 110.5
      vertex 11.12189080927118 47.54602083153301 110.5
    endloop
  endfacet
  facet normal 0 0 1
    outer loop
      vertex 23.867156727579005 47.12878402655563 110.5
      vertex 10.932843272420993 47.12878402655563 110.5
      vertex 10.771489093534258 46.700076257122134 110.5
    endloop
  endfacet
  facet normal 0 0 1
    outer loop
      vertex 21.984555009383588 47.47082834890373 110.5
      vertex 11.12189080927118 47.54602083153301 110.5
      vertex 10.932843272420993 47.12878402655563 110.5
    endloop
  endfacet
  facet normal 0 0 1
    outer loop
      vertex 21.68243194709399 47.59597181880977 110.5
      vertex 21.538153672641492 47.6730901631804 110.5
      vertex 11.12189080927118 47.54602083153301 110.5
    endloop
  endfacet
  facet normal 0 0 1
    outer loop
      vertex 21.538153672641492 47.6730901631804 110.5
      vertex 21.399228090092485 47.75947964188513 110.5
      vertex 11.12189080927118 47.54602083153301 110.5
    endloop
  endfacet
  facet normal 0 0 1
    outer loop
      vertex 21.399228090092485 47.75947964188513 110.5
      vertex 21.266250100119688 47.854770321913406 110.5
      vertex 11.12189080927118 47.54602083153301 110.5
    endloop
  endfacet
  facet normal 0 0 1
    outer loop
      vertex 21.266250100119688 47.854770321913406 110.5
      vertex 21.13978913489132 47.95855415394405 110.5
      vertex 11.337822173508929 47.95 110.5
    endloop
  endfacet
  facet normal 0 0 1
    outer loop
      vertex 21.13978913489132 47.95855415394405 110.5
      vertex 21.020386719675123 48.07038671967513 110.5
      vertex 11.337822173508929 47.95 110.5
    endloop
  endfacet
  facet normal 0 0 1
    outer loop
      vertex 21.020386719675123 48.07038671967513 110.5
      vertex 20.908554153944046 48.18978913489132 110.5
      vertex 11.337822173508929 47.95 110.5
    endloop
  endfacet
  facet normal 0 0 1
    outer loop
      vertex 20.908554153944046 48.18978913489132 110.5
      vertex 20.804770321913402 48.316250100119696 110.5
      vertex 11.57971271388218 48.33899163113722 110.5
    endloop
  endfacet
  facet normal 0 0 1
    outer loop
      vertex 20.804770321913402 48.316250100119696 110.5
      vertex 20.709479641885128 48.44922809009249 110.5
      vertex 11.57971271388218 48.33899163113722 110.5
    endloop
  endfacet
  facet normal 0 0 1
    outer loop
      vertex 20.709479641885128 48.44922809009249 110.5
      vertex 20.623090163180393 48.588153672641496 110.5
      vertex 11.57971271388218 48.33899163113722 110.5
    endloop
  endfacet
  facet normal 0 0 1
    outer loop
      vertex 21.266250100119688 47.854770321913406 110.5
      vertex 11.337822173508929 47.95 110.5
      vertex 11.12189080927118 47.54602083153301 110.5
    endloop
  endfacet
  facet normal 0 0 1
    outer loop
      vertex 20.908554153944046 48.18978913489132 110.5
      vertex 11.57971271388218 48.33899163113722 110.5
      vertex 11.337822173508929 47.95 110.5
    endloop
  endfacet
  facet normal -0.9994645874763657 0.03271908282177894 1.1836038371346614e-15
    outer loop
      vertex 10.414987537329774 44.907821904611005 109
      vertex 10.399999999999999 44.45 110.5
      vertex 10.414987537329775 44.907821904611005 110.5
    endloop
  endfacet
  facet normal -0.9951847266721973 0.0980171403295572 0
    outer loop
      vertex 10.459885970383326 45.363683345540366 109
      vertex 10.414987537329775 44.907821904611005 110.5
      vertex 10.459885970383326 45.363683345540366 110.5
    endloop
  endfacet
  facet normal -0.9866433320848786 0.16289547339459076 1.3444029356687163e-16
    outer loop
      vertex 10.466881320395268 45.40605355571904 109
      vertex 10.459885970383326 45.363683345540366 110.5
      vertex 10.534503037177386 45.8156322541129 110.5
    endloop
  endfacet
  facet normal -0.973876979277334 0.2270762630343719 0
    outer loop
      vertex 10.63851921597652 46.26173331571765 109
      vertex 10.534503037177386 45.8156322541129 110.5
      vertex 10.63851921597652 46.26173331571765 110.5
    endloop
  endfacet
  facet normal -0.9569403357322093 0.2902846772544612 0
    outer loop
      vertex 10.771489093534258 46.700076257122134 109
      vertex 10.63851921597652 46.26173331571765 110.5
      vertex 10.771489093534258 46.700076257122134 110.5
    endloop
  endfacet
  facet normal -0.9359059267573235 0.3522500479212392 -5.402858746161583e-16
    outer loop
      vertex 10.78661604780489 46.74026761050652 109
      vertex 10.771489093534258 46.700076257122134 110.5
      vertex 10.932843272420993 47.12878402655563 110.5
    endloop
  endfacet
  facet normal -0.9108638249211786 0.41270702980438856 -2.1573589135480106e-15
    outer loop
      vertex 11.121890809271184 47.54602083153301 109
      vertex 10.932843272420993 47.12878402655563 110.5
      vertex 11.12189080927118 47.54602083153301 110.5
    endloop
  endfacet
  facet normal -0.8819212643483532 0.4713967368260011 0
    outer loop
      vertex 11.337822173508929 47.95 109
      vertex 11.12189080927118 47.54602083153301 110.5
      vertex 11.337822173508929 47.95 110.5
    endloop
  endfacet
  facet normal -0.8492021815265813 0.5280678506503639 0
    outer loop
      vertex 11.57971271388218 48.33899163113722 109
      vertex 11.337822173508929 47.95 110.5
      vertex 11.57971271388218 48.33899163113722 110.5
    endloop
  endfacet
  facet normal -0.8128466845916159 0.582477696867801 -1.4113074949085475e-15
    outer loop
      vertex 11.604726517389604 48.373898353505076 109
      vertex 11.57971271388218 48.33899163113722 110.5
      vertex 11.846526617961352 48.71133000306105 110.5
    endloop
  endfacet
  facet normal 0 0 1
    outer loop
      vertex 20.623090163180393 48.588153672641496 110.5
      vertex 20.545971818809768 48.73243194709399 110.5
      vertex 11.846526617961352 48.71133000306105 110.5
    endloop
  endfacet
  facet normal 0 0 1
    outer loop
      vertex 20.545971818809768 48.73243194709399 110.5
      vertex 20.478454841363273 48.88144509172877 110.5
      vertex 11.846526617961352 48.71133000306105 110.5
    endloop
  endfacet
  facet normal 0 0 1
    outer loop
      vertex 20.478454841363273 48.88144509172877 110.5
      vertex 20.420828348903726 49.03455500938359 110.5
      vertex 12.137121347647156 49.06542070570048 110.5
    endloop
  endfacet
  facet normal 0 0 1
    outer loop
      vertex 20.420828348903726 49.03455500938359 110.5
      vertex 20.37333910691882 49.19110605988519 110.5
      vertex 12.137121347647156 49.06542070570048 110.5
    endloop
  endfacet
  facet normal 0 0 1
    outer loop
      vertex 20.37333910691882 49.19110605988519 110.5
      vertex 20.336190471633415 49.35042786760118 110.5
      vertex 12.450252531694165 49.39974746830583 110.5
    endloop
  endfacet
  facet normal 0 0 1
    outer loop
      vertex 20.336190471633415 49.35042786760118 110.5
      vertex 20.309541519206963 49.51183819209137 110.5
      vertex 12.450252531694165 49.39974746830583 110.5
    endloop
  endfacet
  facet normal 0 0 1
    outer loop
      vertex 11.57971271388218 48.33899163113722 110.5
      vertex 20.623090163180393 48.588153672641496 110.5
      vertex 11.846526617961352 48.71133000306105 110.5
    endloop
  endfacet
  facet normal 0 0 1
    outer loop
      vertex 20.478454841363273 48.88144509172877 110.5
      vertex 12.137121347647156 49.06542070570048 110.5
      vertex 11.846526617961352 48.71133000306105 110.5
    endloop
  endfacet
  facet normal 0 0 1
    outer loop
      vertex 20.37333910691882 49.19110605988519 110.5
      vertex 12.450252531694165 49.39974746830583 110.5
      vertex 12.137121347647156 49.06542070570048 110.5
    endloop
  endfacet
  facet normal -0.7298640726978356 0.6835923020228716 1.5047214078094805e-15
    outer loop
      vertex 12.166477396151564 49.09676383969474 109
      vertex 12.137121347647156 49.06542070570048 110.5
      vertex 12.450252531694165 49.39974746830583 110.5
    endloop
  endfacet
  facet normal 0 0 1
    outer loop
      vertex 20.309541519206963 49.51183819209137 110.5
      vertex 20.29350636454498 49.67464584956614 110.5
      vertex 12.784579294299517 49.71287865235284 110.5
    endloop
  endfacet
  facet normal 0 0 1
    outer loop
      vertex 20.29350636454498 49.67464584956614 110.5
      vertex 20.288153672641492 49.838153672641496 110.5
      vertex 12.784579294299517 49.71287865235284 110.5
    endloop
  endfacet
  facet normal 0 0 1
    outer loop
      vertex 20.288153672641492 49.838153672641496 110.5
      vertex 20.29350636454498 50.00166149571685 110.5
      vertex 13.138669996938955 50.00347338203865 110.5
    endloop
  endfacet
  facet normal 0 0 1
    outer loop
      vertex 20.29350636454498 50.00166149571685 110.5
      vertex 20.309541519206963 50.164469153191625 110.5
      vertex 13.138669996938955 50.00347338203865 110.5
    endloop
  endfacet
  facet normal 0 0 1
    outer loop
      vertex 20.309541519206963 50.164469153191625 110.5
      vertex 20.336190471633415 50.325879477681816 110.5
      vertex 13.511008368862782 50.27028728611782 110.5
    endloop
  endfacet
  facet normal 0 0 1
    outer loop
      vertex 20.336190471633415 50.325879477681816 110.5
      vertex 20.37333910691882 50.48520128539779 110.5
      vertex 13.511008368862782 50.27028728611782 110.5
    endloop
  endfacet
  facet normal 0 0 1
    outer loop
      vertex 20.309541519206963 50.164469153191625 110.5
      vertex 13.511008368862782 50.27028728611782 110.5
      vertex 13.138669996938955 50.00347338203865 110.5
    endloop
  endfacet
  facet normal 0 0 1
    outer loop
      vertex 13.511008368862782 50.27028728611782 110.5
      vertex 20.37333910691882 50.48520128539779 110.5
      vertex 13.899999999999999 50.512177826491076 110.5
    endloop
  endfacet
  facet normal 0 0 1
    outer loop
      vertex 20.309541519206963 49.51183819209137 110.5
      vertex 12.784579294299517 49.71287865235284 110.5
      vertex 12.450252531694165 49.39974746830583 110.5
    endloop
  endfacet
  facet normal 0 0 1
    outer loop
      vertex 20.288153672641492 49.838153672641496 110.5
      vertex 13.138669996938955 50.00347338203865 110.5
      vertex 12.784579294299517 49.71287865235284 110.5
    endloop
  endfacet
  facet normal -0.6835923020228696 0.7298640726978373 1.5375425123422332e-15
    outer loop
      vertex 12.753236160305265 49.68352260384844 109
      vertex 12.450252531694165 49.39974746830583 110.5
      vertex 12.784579294299517 49.71287865235284 110.5
    endloop
  endfacet
  facet normal -0.6343932841636495 0.7730104533627337 0
    outer loop
      vertex 13.138669996938955 50.00347338203865 109
      vertex 12.784579294299517 49.71287865235284 110.5
      vertex 13.138669996938955 50.00347338203865 110.5
    endloop
  endfacet
  facet normal -0.5824776968678047 0.8128466845916134 0
    outer loop
      vertex 13.511008368862782 50.27028728611782 109
      vertex 13.138669996938955 50.00347338203865 110.5
      vertex 13.511008368862782 50.27028728611782 110.5
    endloop
  endfacet
  facet normal -0.5280678506503695 0.8492021815265779 0
    outer loop
      vertex 13.899999999999999 50.512177826491076 109
      vertex 13.511008368862782 50.27028728611782 110.5
      vertex 13.899999999999999 50.512177826491076 110.5
    endloop
  endfacet
  facet normal 0.4127070298043929 0.9108638249211767 -3.795667888301339e-15
    outer loop
      vertex 20.267844453811 50.831494562443766 109
      vertex 20.078784026555628 50.91715672757901 110.5
      vertex 20.459550197607236 50.74463381997721 110.5
    endloop
  endfacet
  facet normal 0 0 1
    outer loop
      vertex 20.420828348903726 50.6417523358994 110.5
      vertex 20.459550197607236 50.74463381997721 110.5
      vertex 20.078784026555628 50.91715672757901 110.5
    endloop
  endfacet
  facet normal 0.3522500479212333 0.9359059267573259 0
    outer loop
      vertex 20.078784026555628 50.91715672757901 109
      vertex 19.65007625712213 51.078510906465745 110.5
      vertex 20.078784026555628 50.91715672757901 110.5
    endloop
  endfacet
  facet normal 0.2902846772544541 0.9569403357322115 1.131065756205787e-15
    outer loop
      vertex 19.34414941260025 51.171312800177915 109
      vertex 19.211733315717645 51.21148078402348 110.5
      vertex 19.65007625712213 51.078510906465745 110.5
    endloop
  endfacet
  facet normal 0.2270762630343736 0.9738769792773334 0
    outer loop
      vertex 19.211733315717645 51.21148078402348 109
      vertex 18.765632254112898 51.315496962822614 110.5
      vertex 19.211733315717645 51.21148078402348 110.5
    endloop
  endfacet
  facet normal 0 0 1
    outer loop
      vertex 20.420828348903726 50.6417523358994 110.5
      vertex 13.899999999999999 50.512177826491076 110.5
      vertex 20.37333910691882 50.48520128539779 110.5
    endloop
  endfacet
  facet normal 0 0 1
    outer loop
      vertex 20.420828348903726 50.6417523358994 110.5
      vertex 20.078784026555628 50.91715672757901 110.5
      vertex 14.30397916846699 50.72810919072882 110.5
    endloop
  endfacet
  facet normal 0 0 1
    outer loop
      vertex 20.420828348903726 50.6417523358994 110.5
      vertex 14.30397916846699 50.72810919072882 110.5
      vertex 13.899999999999999 50.512177826491076 110.5
    endloop
  endfacet
  facet normal 0 0 1
    outer loop
      vertex 20.078784026555628 50.91715672757901 110.5
      vertex 14.72121597344437 50.91715672757901 110.5
      vertex 14.30397916846699 50.72810919072882 110.5
    endloop
  endfacet
  facet normal 0.16289547339459204 0.9866433320848784 0
    outer loop
      vertex 18.765632254112898 51.315496962822614 109
      vertex 18.31368334554036 51.390114029616676 110.5
      vertex 18.765632254112898 51.315496962822614 110.5
    endloop
  endfacet
  facet normal 0 0 1
    outer loop
      vertex 20.078784026555628 50.91715672757901 110.5
      vertex 19.65007625712213 51.078510906465745 110.5
      vertex 14.72121597344437 50.91715672757901 110.5
    endloop
  endfacet
  facet normal 0 0 1
    outer loop
      vertex 19.65007625712213 51.078510906465745 110.5
      vertex 19.211733315717645 51.21148078402348 110.5
      vertex 15.149923742877867 51.078510906465745 110.5
    endloop
  endfacet
  facet normal 0 0 1
    outer loop
      vertex 19.211733315717645 51.21148078402348 110.5
      vertex 18.765632254112898 51.315496962822614 110.5
      vertex 15.588266684282353 51.21148078402348 110.5
    endloop
  endfacet
  facet normal 0 0 1
    outer loop
      vertex 18.765632254112898 51.315496962822614 110.5
      vertex 18.31368334554036 51.390114029616676 110.5
      vertex 16.0343677458871 51.315496962822614 110.5
    endloop
  endfacet
  facet normal -0.16289547339459204 0.9866433320848784 2.90593010132332e-15
    outer loop
      vertex 16.37994977265692 51.37255278635753 109
      vertex 16.0343677458871 51.315496962822614 110.5
      vertex 16.48631665445964 51.390114029616676 110.5
    endloop
  endfacet
  facet normal -0.2270762630343736 0.9738769792773334 0
    outer loop
      vertex 16.0343677458871 51.315496962822614 109
      vertex 15.588266684282353 51.21148078402348 110.5
      vertex 16.0343677458871 51.315496962822614 110.5
    endloop
  endfacet
  facet normal 0 0 1
    outer loop
      vertex 19.65007625712213 51.078510906465745 110.5
      vertex 15.149923742877867 51.078510906465745 110.5
      vertex 14.72121597344437 50.91715672757901 110.5
    endloop
  endfacet
  facet normal 0 0 1
    outer loop
      vertex 19.211733315717645 51.21148078402348 110.5
      vertex 15.588266684282353 51.21148078402348 110.5
      vertex 15.149923742877867 51.078510906465745 110.5
    endloop
  endfacet
  facet normal 0 0 1
    outer loop
      vertex 18.765632254112898 51.315496962822614 110.5
      vertex 16.0343677458871 51.315496962822614 110.5
      vertex 15.588266684282353 51.21148078402348 110.5
    endloop
  endfacet
  facet normal 0 0 1
    outer loop
      vertex 16.0343677458871 51.315496962822614 110.5
      vertex 18.31368334554036 51.390114029616676 110.5
      vertex 16.48631665445964 51.390114029616676 110.5
    endloop
  endfacet
  facet normal -0.4713967368259965 0.8819212643483556 0
    outer loop
      vertex 14.30397916846699 50.72810919072882 109
      vertex 13.899999999999999 50.512177826491076 110.5
      vertex 14.30397916846699 50.72810919072882 110.5
    endloop
  endfacet
  facet normal -0.41270702980439616 0.9108638249211752 0
    outer loop
      vertex 14.72121597344437 50.91715672757901 109
      vertex 14.30397916846699 50.72810919072882 110.5
      vertex 14.72121597344437 50.91715672757901 110.5
    endloop
  endfacet
  facet normal -0.3522500479212333 0.9359059267573259 0
    outer loop
      vertex 14.72121597344437 50.91715672757901 109
      vertex 14.72121597344437 50.91715672757901 110.5
      vertex 15.149923742877867 51.078510906465745 110.5
    endloop
  endfacet
  facet normal -0.2902846772544541 0.9569403357322115 0
    outer loop
      vertex 15.588266684282353 51.21148078402348 109
      vertex 15.149923742877867 51.078510906465745 110.5
      vertex 15.588266684282353 51.21148078402348 110.5
    endloop
  endfacet
  facet normal 0.09801714032956564 0.9951847266721964 0
    outer loop
      vertex 18.31368334554036 51.390114029616676 109
      vertex 17.857821904611 51.43501246267023 110.5
      vertex 18.31368334554036 51.390114029616676 110.5
    endloop
  endfacet
  facet normal 0.03271908282177119 0.9994645874763658 0
    outer loop
      vertex 17.857821904611 51.43501246267023 109
      vertex 17.4 51.45 110.5
      vertex 17.857821904611 51.43501246267023 110.5
    endloop
  endfacet
  facet normal -0.03271908282177119 0.9994645874763658 0
    outer loop
      vertex 17.4 51.45 109
      vertex 16.942178095388996 51.43501246267023 110.5
      vertex 17.4 51.45 110.5
    endloop
  endfacet
  facet normal 0 0 1
    outer loop
      vertex 18.31368334554036 51.390114029616676 110.5
      vertex 17.857821904611 51.43501246267023 110.5
      vertex 16.48631665445964 51.390114029616676 110.5
    endloop
  endfacet
  facet normal 0 0 1
    outer loop
      vertex 17.857821904611 51.43501246267023 110.5
      vertex 17.4 51.45 110.5
      vertex 16.942178095388996 51.43501246267023 110.5
    endloop
  endfacet
  facet normal -0.09801714032956564 0.9951847266721964 0
    outer loop
      vertex 16.942178095388996 51.43501246267023 109
      vertex 16.48631665445964 51.390114029616676 110.5
      vertex 16.942178095388996 51.43501246267023 110.5
    endloop
  endfacet
  facet normal 0 0 1
    outer loop
      vertex 17.857821904611 51.43501246267023 110.5
      vertex 16.942178095388996 51.43501246267023 110.5
      vertex 16.48631665445964 51.390114029616676 110.5
    endloop
  endfacet
  facet normal -0.7730104533627328 0.6343932841636505 0
    outer loop
      vertex 12.137121347647156 49.06542070570048 109
      vertex 11.846526617961352 48.71133000306105 110.5
      vertex 12.137121347647156 49.06542070570048 110.5
    endloop
  endfacet
  facet normal 0 0 -1
    outer loop
      vertex 12.50390661372105 39.45 96
      vertex -15.357359312880718 40.20735931288072 96
      vertex 12.450252531694165 39.50025253169417 96
    endloop
  endfacet
  facet normal 0 0 -1
    outer loop
      vertex 12.450252531694165 39.50025253169417 96
      vertex -15.357359312880718 40.20735931288072 96
      vertex 12.137121347647156 39.83457929429952 96
    endloop
  endfacet
  facet normal 0 0 -1
    outer loop
      vertex 12.137121347647156 39.83457929429952 96
      vertex -14.839879958252588 40.79743142594768 96
      vertex 11.846526617961352 40.188669996938955 96
    endloop
  endfacet
  facet normal 0 0 -1
    outer loop
      vertex 11.846526617961352 40.188669996938955 96
      vertex -14.611182326184732 41.11657860188239 96
      vertex 11.57971271388218 40.56100836886279 96
    endloop
  endfacet
  facet normal 0 -1 0
    outer loop
      vertex 12.50390661372105 39.45 96
      vertex 12.50390661372105 39.45 104
      vertex -16.284561245171346 39.45 104
    endloop
  endfacet
  facet normal 0 0 -1
    outer loop
      vertex 11.57971271388218 40.56100836886279 96
      vertex -14.218763550803871 41.796267858685994 96
      vertex 11.337822173508929 40.95 96
    endloop
  endfacet
  facet normal 0 0 -1
    outer loop
      vertex 11.337822173508929 40.95 96
      vertex -13.918419223029368 42.521363208181036 96
      vertex 11.12189080927118 41.35397916846699 96
    endloop
  endfacet
  facet normal 0 0 -1
    outer loop
      vertex 11.12189080927118 41.35397916846699 96
      vertex -14.839879958252588 48.10256857405233 96
      vertex 10.932843272420993 41.77121597344438 96
    endloop
  endfacet
  facet normal 0 0 -1
    outer loop
      vertex 10.932843272420993 41.77121597344438 96
      vertex -14.839879958252588 48.10256857405233 96
      vertex 10.771489093534258 42.19992374287787 96
    endloop
  endfacet
  facet normal 0 0 -1
    outer loop
      vertex 10.771489093534258 42.19992374287787 96
      vertex -14.839879958252588 48.10256857405233 96
      vertex 10.63851921597652 42.63826668428236 96
    endloop
  endfacet
  facet normal 0 0 -1
    outer loop
      vertex 10.63851921597652 42.63826668428236 96
      vertex -14.839879958252588 48.10256857405233 96
      vertex 10.534503037177386 43.08436774588711 96
    endloop
  endfacet
  facet normal 0 0 1
    outer loop
      vertex 12.50390661372105 39.45 104
      vertex 12.450252531694165 39.50025253169417 104
      vertex -16.284561245171346 39.45 104
    endloop
  endfacet
  facet normal 0 0 1
    outer loop
      vertex 12.450252531694165 39.50025253169417 104
      vertex 12.323042988175068 39.636072779002596 104
      vertex -16.284561245171346 39.45 104
    endloop
  endfacet
  facet normal 0 0 1
    outer loop
      vertex 12.323042988175068 39.636072779002596 104
      vertex 12.137121347647158 39.83457929429952 104
      vertex -15.947431425947677 39.68987995825259 104
    endloop
  endfacet
  facet normal 0 0 1
    outer loop
      vertex 12.137121347647158 39.83457929429952 104
      vertex 11.846526617961352 40.188669996938955 104
      vertex -15.947431425947677 39.68987995825259 104
    endloop
  endfacet
  facet normal 0 0 1
    outer loop
      vertex 11.846526617961352 40.188669996938955 104
      vertex 11.57971271388218 40.56100836886279 104
      vertex -15.64392510939959 39.93896115512614 104
    endloop
  endfacet
  facet normal 0 0 1
    outer loop
      vertex 11.57971271388218 40.56100836886279 104
      vertex 11.337822173508929 40.95 104
      vertex -15.357359312880718 40.20735931288072 104
    endloop
  endfacet
  facet normal 0 0 1
    outer loop
      vertex 11.337822173508929 40.95 104
      vertex 11.12189080927118 41.35397916846699 104
      vertex -15.357359312880718 40.20735931288072 104
    endloop
  endfacet
  facet normal 0 0 1
    outer loop
      vertex 11.12189080927118 41.35397916846699 104
      vertex 10.932843272420993 41.77121597344438 104
      vertex -15.088961155126135 40.49392510939959 104
    endloop
  endfacet
  facet normal 0 0 1
    outer loop
      vertex 10.932843272420993 41.77121597344438 104
      vertex 10.771489093534258 42.19992374287787 104
      vertex -15.088961155126135 40.49392510939959 104
    endloop
  endfacet
  facet normal 0 0 1
    outer loop
      vertex 10.771489093534258 42.19992374287787 104
      vertex 10.63851921597652 42.63826668428236 104
      vertex -14.839879958252588 40.79743142594768 104
    endloop
  endfacet
  facet normal 0 0 1
    outer loop
      vertex 10.63851921597652 42.63826668428236 104
      vertex 10.534503037177386 43.08436774588711 104
      vertex -14.839879958252588 40.79743142594768 104
    endloop
  endfacet
  facet normal 0 0 1
    outer loop
      vertex 10.534503037177386 43.08436774588711 104
      vertex 10.459885970383326 43.53631665445964 104
      vertex -14.839879958252588 40.79743142594768 104
    endloop
  endfacet
  facet normal 0 0 1
    outer loop
      vertex 10.459885970383326 43.53631665445964 104
      vertex 10.44164598195532 43.721510364837194 104
      vertex -14.839879958252588 40.79743142594768 104
    endloop
  endfacet
  facet normal 0 0 1
    outer loop
      vertex 10.44164598195532 43.721510364837194 104
      vertex 10.414987537329775 43.992178095389 104
      vertex -14.839879958252588 40.79743142594768 104
    endloop
  endfacet
  facet normal 0 0 1
    outer loop
      vertex 10.414987537329775 43.992178095389 104
      vertex 10.399999999999999 44.45 104
      vertex -14.839879958252588 40.79743142594768 104
    endloop
  endfacet
  facet normal 0 0 1
    outer loop
      vertex 10.399999999999999 44.45 104
      vertex 10.414987537329775 44.907821904611005 104
      vertex -14.839879958252588 40.79743142594768 104
    endloop
  endfacet
  facet normal 0 0 1
    outer loop
      vertex -14.839879958252588 40.79743142594768 104
      vertex 10.414987537329775 44.907821904611005 104
      vertex 10.459885970383326 45.363683345540366 104
    endloop
  endfacet
  facet normal 0 0 1
    outer loop
      vertex -14.839879958252588 40.79743142594768 104
      vertex 10.459885970383326 45.363683345540366 104
      vertex 10.534503037177386 45.8156322541129 104
    endloop
  endfacet
  facet normal 0 0 1
    outer loop
      vertex -14.839879958252588 40.79743142594768 104
      vertex 10.534503037177386 45.8156322541129 104
      vertex 10.63851921597652 46.26173331571765 104
    endloop
  endfacet
  facet normal 0 0 1
    outer loop
      vertex -14.839879958252588 40.79743142594768 104
      vertex 10.63851921597652 46.26173331571765 104
      vertex 10.771489093534258 46.700076257122134 104
    endloop
  endfacet
  facet normal 0 0 -1
    outer loop
      vertex 12.50390661372105 39.45 96
      vertex -16.284561245171346 39.45 96
      vertex -16.266578601882387 39.46118232618473 96
    endloop
  endfacet
  facet normal 0 0 -1
    outer loop
      vertex 12.50390661372105 39.45 96
      vertex -16.266578601882387 39.46118232618473 96
      vertex -15.947431425947677 39.68987995825259 96
    endloop
  endfacet
  facet normal 0 0 -1
    outer loop
      vertex 12.50390661372105 39.45 96
      vertex -15.947431425947677 39.68987995825259 96
      vertex -15.64392510939959 39.93896115512614 96
    endloop
  endfacet
  facet normal 0 0 -1
    outer loop
      vertex 12.50390661372105 39.45 96
      vertex -15.64392510939959 39.93896115512614 96
      vertex -15.357359312880718 40.20735931288072 96
    endloop
  endfacet
  facet normal 0 0 -1
    outer loop
      vertex 12.137121347647156 39.83457929429952 96
      vertex -15.357359312880718 40.20735931288072 96
      vertex -15.088961155126135 40.49392510939959 96
    endloop
  endfacet
  facet normal 0 0 -1
    outer loop
      vertex 12.137121347647156 39.83457929429952 96
      vertex -15.088961155126135 40.49392510939959 96
      vertex -14.839879958252588 40.79743142594768 96
    endloop
  endfacet
  facet normal 0 0 -1
    outer loop
      vertex 11.846526617961352 40.188669996938955 96
      vertex -14.839879958252588 40.79743142594768 96
      vertex -14.611182326184732 41.11657860188239 96
    endloop
  endfacet
  facet normal 0 -1 0
    outer loop
      vertex 12.50390661372105 39.45 96
      vertex -16.284561245171346 39.45 104
      vertex -16.284561245171346 39.45 96
    endloop
  endfacet
  facet normal 0 0 -1
    outer loop
      vertex 11.57971271388218 40.56100836886279 96
      vertex -14.611182326184732 41.11657860188239 96
      vertex -14.40384757729337 41.45 96
    endloop
  endfacet
  facet normal 0 0 -1
    outer loop
      vertex 11.57971271388218 40.56100836886279 96
      vertex -14.40384757729337 41.45 96
      vertex -14.218763550803871 41.796267858685994 96
    endloop
  endfacet
  facet normal 0 0 -1
    outer loop
      vertex 11.337822173508929 40.95 96
      vertex -14.218763550803871 41.796267858685994 96
      vertex -14.056722804932281 42.15389940580946 96
    endloop
  endfacet
  facet normal 0 0 -1
    outer loop
      vertex 11.337822173508929 40.95 96
      vertex -14.056722804932281 42.15389940580946 96
      vertex -13.918419223029368 42.521363208181036 96
    endloop
  endfacet
  facet normal 0 0 -1
    outer loop
      vertex 11.12189080927118 41.35397916846699 96
      vertex -13.918419223029368 42.521363208181036 96
      vertex -13.804445042265591 42.89708572938488 96
    endloop
  endfacet
  facet normal 0 0 -1
    outer loop
      vertex 11.12189080927118 41.35397916846699 96
      vertex -13.804445042265591 42.89708572938488 96
      vertex -13.715288317580619 43.279458067903235 96
    endloop
  endfacet
  facet normal 0 0 -1
    outer loop
      vertex 11.12189080927118 41.35397916846699 96
      vertex -13.715288317580619 43.279458067903235 96
      vertex -13.65133083175714 43.66684284667969 96
    endloop
  endfacet
  facet normal 0 0 -1
    outer loop
      vertex 11.12189080927118 41.35397916846699 96
      vertex -13.65133083175714 43.66684284667969 96
      vertex -13.612846460568381 44.05758122461914 96
    endloop
  endfacet
  facet normal 0 0 -1
    outer loop
      vertex 11.12189080927118 41.35397916846699 96
      vertex -13.612846460568381 44.05758122461914 96
      vertex -13.600000000000001 44.45 96
    endloop
  endfacet
  facet normal 0 0 -1
    outer loop
      vertex 11.12189080927118 41.35397916846699 96
      vertex -13.600000000000001 44.45 96
      vertex -13.612846460568381 44.842418775380864 96
    endloop
  endfacet
  facet normal 0 0 -1
    outer loop
      vertex 11.12189080927118 41.35397916846699 96
      vertex -13.612846460568381 44.842418775380864 96
      vertex -13.65133083175714 45.23315715332031 96
    endloop
  endfacet
  facet normal 0 0 -1
    outer loop
      vertex 11.12189080927118 41.35397916846699 96
      vertex -13.65133083175714 45.23315715332031 96
      vertex -13.715288317580619 45.62054193209677 96
    endloop
  endfacet
  facet normal 0 0 -1
    outer loop
      vertex 11.12189080927118 41.35397916846699 96
      vertex -13.715288317580619 45.62054193209677 96
      vertex -13.804445042265591 46.00291427061513 96
    endloop
  endfacet
  facet normal 0 0 -1
    outer loop
      vertex 11.12189080927118 41.35397916846699 96
      vertex -13.804445042265591 46.00291427061513 96
      vertex -13.918419223029368 46.37863679181897 96
    endloop
  endfacet
  facet normal 0 0 1
    outer loop
      vertex 12.323042988175068 39.636072779002596 104
      vertex -15.947431425947677 39.68987995825259 104
      vertex -16.266578601882387 39.46118232618473 104
    endloop
  endfacet
  facet normal 0 0 1
    outer loop
      vertex 12.323042988175068 39.636072779002596 104
      vertex -16.266578601882387 39.46118232618473 104
      vertex -16.284561245171346 39.45 104
    endloop
  endfacet
  facet normal 0 0 1
    outer loop
      vertex 11.846526617961352 40.188669996938955 104
      vertex -15.64392510939959 39.93896115512614 104
      vertex -15.947431425947677 39.68987995825259 104
    endloop
  endfacet
  facet normal 0 0 1
    outer loop
      vertex 11.57971271388218 40.56100836886279 104
      vertex -15.357359312880718 40.20735931288072 104
      vertex -15.64392510939959 39.93896115512614 104
    endloop
  endfacet
  facet normal 0 0 1
    outer loop
      vertex 11.12189080927118 41.35397916846699 104
      vertex -15.088961155126135 40.49392510939959 104
      vertex -15.357359312880718 40.20735931288072 104
    endloop
  endfacet
  facet normal 0 0 1
    outer loop
      vertex 10.771489093534258 42.19992374287787 104
      vertex -14.839879958252588 40.79743142594768 104
      vertex -15.088961155126135 40.49392510939959 104
    endloop
  endfacet
  facet normal 0 0 1
    outer loop
      vertex -14.839879958252588 40.79743142594768 104
      vertex 11.12189080927118 47.54602083153301 104
      vertex -14.611182326184732 41.11657860188239 104
    endloop
  endfacet
  facet normal 0 0 1
    outer loop
      vertex -14.611182326184732 41.11657860188239 104
      vertex 11.12189080927118 47.54602083153301 104
      vertex -14.40384757729337 41.45 104
    endloop
  endfacet
  facet normal 0 0 1
    outer loop
      vertex -14.40384757729337 41.45 104
      vertex 11.12189080927118 47.54602083153301 104
      vertex -14.218763550803871 41.796267858685994 104
    endloop
  endfacet
  facet normal 0 0 1
    outer loop
      vertex -14.218763550803871 41.796267858685994 104
      vertex 11.12189080927118 47.54602083153301 104
      vertex -14.056722804932281 42.15389940580946 104
    endloop
  endfacet
  facet normal 0 0 1
    outer loop
      vertex -13.918419223029368 42.521363208181036 104
      vertex -14.056722804932281 42.15389940580946 104
      vertex 11.12189080927118 47.54602083153301 104
    endloop
  endfacet
  facet normal 0 0 1
    outer loop
      vertex -13.918419223029368 42.521363208181036 104
      vertex 11.12189080927118 47.54602083153301 104
      vertex -13.804445042265591 42.89708572938488 104
    endloop
  endfacet
  facet normal 0 0 1
    outer loop
      vertex -13.804445042265591 42.89708572938488 104
      vertex 11.12189080927118 47.54602083153301 104
      vertex -13.715288317580619 43.279458067903235 104
    endloop
  endfacet
  facet normal 0 0 -1
    outer loop
      vertex 10.534503037177386 43.08436774588711 96
      vertex -14.839879958252588 48.10256857405233 96
      vertex 10.459885970383326 43.53631665445964 96
    endloop
  endfacet
  facet normal 0 0 -1
    outer loop
      vertex 10.459885970383326 43.53631665445964 96
      vertex -14.839879958252588 48.10256857405233 96
      vertex 10.414987537329775 43.992178095389 96
    endloop
  endfacet
  facet normal 0 0 -1
    outer loop
      vertex 10.414987537329775 43.992178095389 96
      vertex -14.839879958252588 48.10256857405233 96
      vertex 10.399999999999999 44.45 96
    endloop
  endfacet
  facet normal 0 0 -1
    outer loop
      vertex 10.399999999999999 44.45 96
      vertex -14.839879958252588 48.10256857405233 96
      vertex 10.414987537329775 44.907821904611005 96
    endloop
  endfacet
  facet normal 0 0 -1
    outer loop
      vertex 10.414987537329775 44.907821904611005 96
      vertex -14.839879958252588 48.10256857405233 96
      vertex 10.459885970383326 45.363683345540366 96
    endloop
  endfacet
  facet normal 0 0 -1
    outer loop
      vertex 10.459885970383326 45.363683345540366 96
      vertex -14.839879958252588 48.10256857405233 96
      vertex 10.534503037177386 45.8156322541129 96
    endloop
  endfacet
  facet normal 0 0 -1
    outer loop
      vertex 10.534503037177386 45.8156322541129 96
      vertex -14.839879958252588 48.10256857405233 96
      vertex 10.63851921597652 46.26173331571765 96
    endloop
  endfacet
  facet normal 0 0 -1
    outer loop
      vertex 10.63851921597652 46.26173331571765 96
      vertex -14.839879958252588 48.10256857405233 96
      vertex 10.771489093534258 46.700076257122134 96
    endloop
  endfacet
  facet normal 0 0 -1
    outer loop
      vertex 10.771489093534258 46.700076257122134 96
      vertex -14.839879958252588 48.10256857405233 96
      vertex 10.932843272420993 47.12878402655563 96
    endloop
  endfacet
  facet normal 0 0 -1
    outer loop
      vertex 11.337822173508929 47.95 96
      vertex -15.357359312880718 48.69264068711929 96
      vertex 11.57971271388218 48.33899163113722 96
    endloop
  endfacet
  facet normal 0 0 -1
    outer loop
      vertex 10.932843272420993 47.12878402655563 96
      vertex -15.088961155126135 48.406074890600415 96
      vertex 11.12189080927118 47.54602083153301 96
    endloop
  endfacet
  facet normal 0 0 -1
    outer loop
      vertex 11.12189080927118 47.54602083153301 96
      vertex -15.357359312880718 48.69264068711929 96
      vertex 11.337822173508929 47.95 96
    endloop
  endfacet
  facet normal 0 0 -1
    outer loop
      vertex 11.57971271388218 48.33899163113722 96
      vertex -15.64392510939959 48.96103884487387 96
      vertex 11.846526617961352 48.71133000306105 96
    endloop
  endfacet
  facet normal 0 0 -1
    outer loop
      vertex 11.846526617961352 48.71133000306105 96
      vertex -15.947431425947677 49.210120041747416 96
      vertex 12.137121347647156 49.06542070570048 96
    endloop
  endfacet
  facet normal 0 0 -1
    outer loop
      vertex 12.450252531694165 49.39974746830583 96
      vertex 12.137121347647156 49.06542070570048 96
      vertex -16.284561245171346 49.45 96
    endloop
  endfacet
  facet normal 0 0 -1
    outer loop
      vertex 12.450252531694165 49.39974746830583 96
      vertex -16.284561245171346 49.45 96
      vertex 12.50390661372105 49.45 96
    endloop
  endfacet
  facet normal 0 1 0
    outer loop
      vertex 12.50390661372105 49.45 96
      vertex -16.284561245171346 49.45 96
      vertex 12.50390661372105 49.45 104
    endloop
  endfacet
  facet normal 0 0 1
    outer loop
      vertex -14.839879958252588 40.79743142594768 104
      vertex 10.932843272420993 47.12878402655563 104
      vertex 11.12189080927118 47.54602083153301 104
    endloop
  endfacet
  facet normal 0 0 1
    outer loop
      vertex -14.839879958252588 40.79743142594768 104
      vertex 10.771489093534258 46.700076257122134 104
      vertex 10.837039228706994 46.87423878845449 104
    endloop
  endfacet
  facet normal 0 0 1
    outer loop
      vertex -14.839879958252588 40.79743142594768 104
      vertex 10.837039228706994 46.87423878845449 104
      vertex 10.932843272420993 47.12878402655563 104
    endloop
  endfacet
  facet normal 0 0 1
    outer loop
      vertex 11.12189080927118 47.54602083153301 104
      vertex 11.337822173508929 47.95 104
      vertex -14.056722804932281 46.746100594190544 104
    endloop
  endfacet
  facet normal 0 0 1
    outer loop
      vertex 11.337822173508929 47.95 104
      vertex 11.57971271388218 48.33899163113722 104
      vertex -14.40384757729337 47.45 104
    endloop
  endfacet
  facet normal 0 0 1
    outer loop
      vertex 11.57971271388218 48.33899163113722 104
      vertex 11.846526617961352 48.71133000306105 104
      vertex -14.611182326184732 47.78342139811762 104
    endloop
  endfacet
  facet normal 0 0 1
    outer loop
      vertex 11.846526617961352 48.71133000306105 104
      vertex 12.137121347647156 49.06542070570048 104
      vertex -15.088961155126135 48.406074890600415 104
    endloop
  endfacet
  facet normal 0 0 1
    outer loop
      vertex 12.450252531694165 49.39974746830583 104
      vertex 12.50390661372105 49.45 104
      vertex -15.357359312880718 48.69264068711929 104
    endloop
  endfacet
  facet normal 0 0 1
    outer loop
      vertex 12.450252531694165 49.39974746830583 104
      vertex -15.357359312880718 48.69264068711929 104
      vertex 12.137121347647156 49.06542070570048 104
    endloop
  endfacet
  facet normal 0 0 -1
    outer loop
      vertex 11.12189080927118 41.35397916846699 96
      vertex -13.918419223029368 46.37863679181897 96
      vertex -14.056722804932281 46.746100594190544 96
    endloop
  endfacet
  facet normal 0 0 -1
    outer loop
      vertex 11.12189080927118 41.35397916846699 96
      vertex -14.056722804932281 46.746100594190544 96
      vertex -14.218763550803871 47.10373214131401 96
    endloop
  endfacet
  facet normal 0 0 -1
    outer loop
      vertex 11.12189080927118 41.35397916846699 96
      vertex -14.218763550803871 47.10373214131401 96
      vertex -14.40384757729337 47.45 96
    endloop
  endfacet
  facet normal 0 0 -1
    outer loop
      vertex 11.12189080927118 41.35397916846699 96
      vertex -14.40384757729337 47.45 96
      vertex -14.611182326184732 47.78342139811762 96
    endloop
  endfacet
  facet normal 0 0 -1
    outer loop
      vertex 11.12189080927118 41.35397916846699 96
      vertex -14.611182326184732 47.78342139811762 96
      vertex -14.839879958252588 48.10256857405233 96
    endloop
  endfacet
  facet normal 0 0 -1
    outer loop
      vertex 10.932843272420993 47.12878402655563 96
      vertex -14.839879958252588 48.10256857405233 96
      vertex -15.088961155126135 48.406074890600415 96
    endloop
  endfacet
  facet normal 0 0 -1
    outer loop
      vertex 11.12189080927118 47.54602083153301 96
      vertex -15.088961155126135 48.406074890600415 96
      vertex -15.357359312880718 48.69264068711929 96
    endloop
  endfacet
  facet normal 0 0 -1
    outer loop
      vertex 11.57971271388218 48.33899163113722 96
      vertex -15.357359312880718 48.69264068711929 96
      vertex -15.64392510939959 48.96103884487387 96
    endloop
  endfacet
  facet normal 0 0 -1
    outer loop
      vertex 11.846526617961352 48.71133000306105 96
      vertex -15.64392510939959 48.96103884487387 96
      vertex -15.947431425947677 49.210120041747416 96
    endloop
  endfacet
  facet normal 0 0 -1
    outer loop
      vertex 12.137121347647156 49.06542070570048 96
      vertex -15.947431425947677 49.210120041747416 96
      vertex -16.266578601882387 49.43881767381527 96
    endloop
  endfacet
  facet normal 0 0 -1
    outer loop
      vertex 12.137121347647156 49.06542070570048 96
      vertex -16.266578601882387 49.43881767381527 96
      vertex -16.284561245171346 49.45 96
    endloop
  endfacet
  facet normal 0 1 0
    outer loop
      vertex 12.50390661372105 49.45 104
      vertex -16.284561245171346 49.45 96
      vertex -16.284561245171346 49.45 104
    endloop
  endfacet
  facet normal 0 0 1
    outer loop
      vertex -13.715288317580619 43.279458067903235 104
      vertex 11.12189080927118 47.54602083153301 104
      vertex -13.65133083175714 43.66684284667969 104
    endloop
  endfacet
  facet normal 0 0 1
    outer loop
      vertex -13.65133083175714 43.66684284667969 104
      vertex 11.12189080927118 47.54602083153301 104
      vertex -13.612846460568381 44.05758122461914 104
    endloop
  endfacet
  facet normal 0 0 1
    outer loop
      vertex -13.612846460568381 44.05758122461914 104
      vertex 11.12189080927118 47.54602083153301 104
      vertex -13.600000000000001 44.45 104
    endloop
  endfacet
  facet normal 0 0 1
    outer loop
      vertex -13.600000000000001 44.45 104
      vertex 11.12189080927118 47.54602083153301 104
      vertex -13.612846460568381 44.842418775380864 104
    endloop
  endfacet
  facet normal 0 0 1
    outer loop
      vertex 11.12189080927118 47.54602083153301 104
      vertex -13.65133083175714 45.23315715332031 104
      vertex -13.612846460568381 44.842418775380864 104
    endloop
  endfacet
  facet normal 0 0 1
    outer loop
      vertex 11.12189080927118 47.54602083153301 104
      vertex -13.715288317580619 45.62054193209677 104
      vertex -13.65133083175714 45.23315715332031 104
    endloop
  endfacet
  facet normal 0 0 1
    outer loop
      vertex 11.12189080927118 47.54602083153301 104
      vertex -13.804445042265591 46.00291427061513 104
      vertex -13.715288317580619 45.62054193209677 104
    endloop
  endfacet
  facet normal 0 0 1
    outer loop
      vertex 11.12189080927118 47.54602083153301 104
      vertex -13.918419223029368 46.37863679181897 104
      vertex -13.804445042265591 46.00291427061513 104
    endloop
  endfacet
  facet normal 0 0 1
    outer loop
      vertex 11.12189080927118 47.54602083153301 104
      vertex -14.056722804932281 46.746100594190544 104
      vertex -13.918419223029368 46.37863679181897 104
    endloop
  endfacet
  facet normal 0 0 1
    outer loop
      vertex 11.337822173508929 47.95 104
      vertex -14.218763550803871 47.10373214131401 104
      vertex -14.056722804932281 46.746100594190544 104
    endloop
  endfacet
  facet normal 0 0 1
    outer loop
      vertex 11.337822173508929 47.95 104
      vertex -14.40384757729337 47.45 104
      vertex -14.218763550803871 47.10373214131401 104
    endloop
  endfacet
  facet normal 0 0 1
    outer loop
      vertex 11.57971271388218 48.33899163113722 104
      vertex -14.611182326184732 47.78342139811762 104
      vertex -14.40384757729337 47.45 104
    endloop
  endfacet
  facet normal 0 0 1
    outer loop
      vertex 11.846526617961352 48.71133000306105 104
      vertex -14.839879958252588 48.10256857405233 104
      vertex -14.611182326184732 47.78342139811762 104
    endloop
  endfacet
  facet normal 0 0 1
    outer loop
      vertex 11.846526617961352 48.71133000306105 104
      vertex -15.088961155126135 48.406074890600415 104
      vertex -14.839879958252588 48.10256857405233 104
    endloop
  endfacet
  facet normal 0 0 1
    outer loop
      vertex 12.137121347647156 49.06542070570048 104
      vertex -15.357359312880718 48.69264068711929 104
      vertex -15.088961155126135 48.406074890600415 104
    endloop
  endfacet
  facet normal 0 0 1
    outer loop
      vertex 12.50390661372105 49.45 104
      vertex -15.64392510939959 48.96103884487387 104
      vertex -15.357359312880718 48.69264068711929 104
    endloop
  endfacet
  facet normal 0 0 1
    outer loop
      vertex 12.50390661372105 49.45 104
      vertex -15.947431425947677 49.210120041747416 104
      vertex -15.64392510939959 48.96103884487387 104
    endloop
  endfacet
  facet normal 0 0 1
    outer loop
      vertex 12.50390661372105 49.45 104
      vertex -16.266578601882387 49.43881767381527 104
      vertex -15.947431425947677 49.210120041747416 104
    endloop
  endfacet
  facet normal 0 0 1
    outer loop
      vertex 12.50390661372105 49.45 104
      vertex -16.284561245171346 49.45 104
      vertex -16.266578601882387 49.43881767381527 104
    endloop
  endfacet
  facet normal 0 0 -1
    outer loop
      vertex -18.81684284667969 38.501330831757144 96
      vertex -19.20758122461914 38.462846460568386 96
      vertex -20.38315715332031 38.501330831757144 96
    endloop
  endfacet
  facet normal 0 0 -1
    outer loop
      vertex -19.20758122461914 38.462846460568386 96
      vertex -19.6 38.45 96
      vertex -19.992418775380862 38.462846460568386 96
    endloop
  endfacet
  facet normal 0 0 -1
    outer loop
      vertex -18.81684284667969 38.501330831757144 96
      vertex -20.77054193209677 38.565288317580624 96
      vertex -18.429458067903234 38.565288317580624 96
    endloop
  endfacet
  facet normal 0 0 -1
    outer loop
      vertex -19.20758122461914 38.462846460568386 96
      vertex -19.992418775380862 38.462846460568386 96
      vertex -20.38315715332031 38.501330831757144 96
    endloop
  endfacet
  facet normal 0 0 -1
    outer loop
      vertex -18.81684284667969 38.501330831757144 96
      vertex -20.38315715332031 38.501330831757144 96
      vertex -20.77054193209677 38.565288317580624 96
    endloop
  endfacet
  facet normal 0 0 -1
    outer loop
      vertex -17.30389940580946 38.906722804932286 96
      vertex -22.25373214131401 39.06876355080387 96
      vertex -16.946267858685992 39.06876355080387 96
    endloop
  endfacet
  facet normal 0 0 -1
    outer loop
      vertex -18.047085729384875 38.65444504226559 96
      vertex -18.429458067903234 38.565288317580624 96
      vertex -21.152914270615128 38.65444504226559 96
    endloop
  endfacet
  facet normal 0 0 -1
    outer loop
      vertex -18.047085729384875 38.65444504226559 96
      vertex -21.52863679181897 38.76841922302937 96
      vertex -17.671363208181035 38.76841922302937 96
    endloop
  endfacet
  facet normal 0 0 -1
    outer loop
      vertex -18.429458067903234 38.565288317580624 96
      vertex -20.77054193209677 38.565288317580624 96
      vertex -21.152914270615128 38.65444504226559 96
    endloop
  endfacet
  facet normal 0 0 -1
    outer loop
      vertex -18.047085729384875 38.65444504226559 96
      vertex -21.152914270615128 38.65444504226559 96
      vertex -21.52863679181897 38.76841922302937 96
    endloop
  endfacet
  facet normal 0 0 -1
    outer loop
      vertex -17.671363208181035 38.76841922302937 96
      vertex -21.896100594190543 38.906722804932286 96
      vertex -17.30389940580946 38.906722804932286 96
    endloop
  endfacet
  facet normal 0 0 -1
    outer loop
      vertex -17.671363208181035 38.76841922302937 96
      vertex -21.52863679181897 38.76841922302937 96
      vertex -21.896100594190543 38.906722804932286 96
    endloop
  endfacet
  facet normal 0 0 -1
    outer loop
      vertex -17.30389940580946 38.906722804932286 96
      vertex -21.896100594190543 38.906722804932286 96
      vertex -22.25373214131401 39.06876355080387 96
    endloop
  endfacet
  facet normal 0 0 -1
    outer loop
      vertex -16.946267858685992 39.06876355080387 96
      vertex -22.6 39.25384757729337 96
      vertex -16.6 39.25384757729337 96
    endloop
  endfacet
  facet normal 0 0 -1
    outer loop
      vertex -16.6 39.25384757729337 96
      vertex -22.933421398117616 39.46118232618473 96
      vertex -16.284561245171346 39.45 96
    endloop
  endfacet
  facet normal 0 0 -1
    outer loop
      vertex -16.284561245171346 39.45 96
      vertex -22.933421398117616 39.46118232618473 96
      vertex -16.266578601882387 39.46118232618473 96
    endloop
  endfacet
  facet normal 0 0 -1
    outer loop
      vertex -16.266578601882387 39.46118232618473 96
      vertex -23.252568574052326 39.68987995825259 96
      vertex -15.947431425947677 39.68987995825259 96
    endloop
  endfacet
  facet normal 0 0 -1
    outer loop
      vertex -15.947431425947677 39.68987995825259 96
      vertex -23.556074890600414 39.93896115512614 96
      vertex -15.64392510939959 39.93896115512614 96
    endloop
  endfacet
  facet normal 0 0 -1
    outer loop
      vertex -15.64392510939959 39.93896115512614 96
      vertex -23.842640687119285 40.20735931288072 96
      vertex -15.357359312880718 40.20735931288072 96
    endloop
  endfacet
  facet normal 0 0 -1
    outer loop
      vertex -15.357359312880718 40.20735931288072 96
      vertex -24.111038844873868 40.49392510939959 96
      vertex -15.088961155126135 40.49392510939959 96
    endloop
  endfacet
  facet normal 0 0 -1
    outer loop
      vertex -15.088961155126135 40.49392510939959 96
      vertex -24.360120041747415 40.79743142594768 96
      vertex -14.839879958252588 40.79743142594768 96
    endloop
  endfacet
  facet normal 0 0 -1
    outer loop
      vertex -16.946267858685992 39.06876355080387 96
      vertex -22.25373214131401 39.06876355080387 96
      vertex -22.6 39.25384757729337 96
    endloop
  endfacet
  facet normal 0 0 -1
    outer loop
      vertex -16.6 39.25384757729337 96
      vertex -22.6 39.25384757729337 96
      vertex -22.933421398117616 39.46118232618473 96
    endloop
  endfacet
  facet normal 0 0 -1
    outer loop
      vertex -16.266578601882387 39.46118232618473 96
      vertex -22.933421398117616 39.46118232618473 96
      vertex -23.252568574052326 39.68987995825259 96
    endloop
  endfacet
  facet normal 0 0 -1
    outer loop
      vertex -15.947431425947677 39.68987995825259 96
      vertex -23.252568574052326 39.68987995825259 96
      vertex -23.556074890600414 39.93896115512614 96
    endloop
  endfacet
  facet normal 0 0 -1
    outer loop
      vertex -15.64392510939959 39.93896115512614 96
      vertex -23.556074890600414 39.93896115512614 96
      vertex -23.842640687119285 40.20735931288072 96
    endloop
  endfacet
  facet normal 0 0 -1
    outer loop
      vertex -15.357359312880718 40.20735931288072 96
      vertex -23.842640687119285 40.20735931288072 96
      vertex -24.111038844873868 40.49392510939959 96
    endloop
  endfacet
  facet normal 0 0 -1
    outer loop
      vertex -15.088961155126135 40.49392510939959 96
      vertex -24.111038844873868 40.49392510939959 96
      vertex -24.360120041747415 40.79743142594768 96
    endloop
  endfacet
  facet normal 0 0 -1
    outer loop
      vertex -14.839879958252588 40.79743142594768 96
      vertex -24.360120041747415 40.79743142594768 96
      vertex -24.58881767381527 41.11657860188239 96
    endloop
  endfacet
  facet normal 0.5280678506503664 -0.8492021815265798 0
    outer loop
      vertex -16.6 39.25384757729337 96
      vertex -16.284561245171346 39.45 96
      vertex -16.284561245171346 39.45 104
    endloop
  endfacet
  facet normal 0 0 -1
    outer loop
      vertex -14.839879958252588 40.79743142594768 96
      vertex -24.58881767381527 41.11657860188239 96
      vertex -14.611182326184732 41.11657860188239 96
    endloop
  endfacet
  facet normal 0 0 -1
    outer loop
      vertex -14.611182326184732 41.11657860188239 96
      vertex -24.796152422706633 41.45 96
      vertex -14.40384757729337 41.45 96
    endloop
  endfacet
  facet normal 0 0 -1
    outer loop
      vertex -14.40384757729337 41.45 96
      vertex -24.981236449196132 41.796267858685994 96
      vertex -14.218763550803871 41.796267858685994 96
    endloop
  endfacet
  facet normal 0 0 -1
    outer loop
      vertex -14.218763550803871 41.796267858685994 96
      vertex -25.143277195067718 42.15389940580946 96
      vertex -14.056722804932281 42.15389940580946 96
    endloop
  endfacet
  facet normal 0 0 -1
    outer loop
      vertex -13.918419223029368 42.521363208181036 96
      vertex -14.056722804932281 42.15389940580946 96
      vertex -25.281580776970635 42.521363208181036 96
    endloop
  endfacet
  facet normal 0 0 -1
    outer loop
      vertex -13.918419223029368 42.521363208181036 96
      vertex -25.39555495773441 42.89708572938488 96
      vertex -13.804445042265591 42.89708572938488 96
    endloop
  endfacet
  facet normal 0 0 -1
    outer loop
      vertex -14.611182326184732 41.11657860188239 96
      vertex -24.58881767381527 41.11657860188239 96
      vertex -24.796152422706633 41.45 96
    endloop
  endfacet
  facet normal 0 0 -1
    outer loop
      vertex -14.40384757729337 41.45 96
      vertex -24.796152422706633 41.45 96
      vertex -24.981236449196132 41.796267858685994 96
    endloop
  endfacet
  facet normal 0 0 -1
    outer loop
      vertex -14.218763550803871 41.796267858685994 96
      vertex -24.981236449196132 41.796267858685994 96
      vertex -25.143277195067718 42.15389940580946 96
    endloop
  endfacet
  facet normal 0 0 -1
    outer loop
      vertex -14.056722804932281 42.15389940580946 96
      vertex -25.143277195067718 42.15389940580946 96
      vertex -25.281580776970635 42.521363208181036 96
    endloop
  endfacet
  facet normal 0 0 -1
    outer loop
      vertex -13.918419223029368 42.521363208181036 96
      vertex -25.281580776970635 42.521363208181036 96
      vertex -25.39555495773441 42.89708572938488 96
    endloop
  endfacet
  facet normal 0 0 -1
    outer loop
      vertex -13.804445042265591 42.89708572938488 96
      vertex -25.48471168241938 43.279458067903235 96
      vertex -13.715288317580619 43.279458067903235 96
    endloop
  endfacet
  facet normal 0 0 -1
    outer loop
      vertex -13.715288317580619 43.279458067903235 96
      vertex -25.54866916824286 43.66684284667969 96
      vertex -13.65133083175714 43.66684284667969 96
    endloop
  endfacet
  facet normal 0 0 -1
    outer loop
      vertex -13.65133083175714 43.66684284667969 96
      vertex -25.58715353943162 44.05758122461914 96
      vertex -13.612846460568381 44.05758122461914 96
    endloop
  endfacet
  facet normal 0 0 -1
    outer loop
      vertex -13.612846460568381 44.05758122461914 96
      vertex -25.6 44.45 96
      vertex -13.600000000000001 44.45 96
    endloop
  endfacet
  facet normal 0 0 -1
    outer loop
      vertex -13.600000000000001 44.45 96
      vertex -25.58715353943162 44.842418775380864 96
      vertex -13.612846460568381 44.842418775380864 96
    endloop
  endfacet
  facet normal 0 0 -1
    outer loop
      vertex -13.804445042265591 42.89708572938488 96
      vertex -25.39555495773441 42.89708572938488 96
      vertex -25.48471168241938 43.279458067903235 96
    endloop
  endfacet
  facet normal 0 0 -1
    outer loop
      vertex -13.715288317580619 43.279458067903235 96
      vertex -25.48471168241938 43.279458067903235 96
      vertex -25.54866916824286 43.66684284667969 96
    endloop
  endfacet
  facet normal 0 0 -1
    outer loop
      vertex -13.65133083175714 43.66684284667969 96
      vertex -25.54866916824286 43.66684284667969 96
      vertex -25.58715353943162 44.05758122461914 96
    endloop
  endfacet
  facet normal 0 0 -1
    outer loop
      vertex -13.612846460568381 44.05758122461914 96
      vertex -25.58715353943162 44.05758122461914 96
      vertex -25.6 44.45 96
    endloop
  endfacet
  facet normal 0 0 -1
    outer loop
      vertex -13.600000000000001 44.45 96
      vertex -25.6 44.45 96
      vertex -25.58715353943162 44.842418775380864 96
    endloop
  endfacet
  facet normal 0.41270702980438595 -0.9108638249211799 0
    outer loop
      vertex -17.30389940580946 38.906722804932286 96
      vertex -16.946267858685992 39.06876355080387 96
      vertex -16.946267858685992 39.06876355080387 119
    endloop
  endfacet
  facet normal 0.1628954733945891 -0.986643332084879 0
    outer loop
      vertex -18.81684284667969 38.501330831757144 96
      vertex -18.429458067903234 38.565288317580624 96
      vertex -18.429458067903234 38.565288317580624 119
    endloop
  endfacet
  facet normal 0.09801714032956052 -0.995184726672197 0
    outer loop
      vertex -18.81684284667969 38.501330831757144 96
      vertex -18.81684284667969 38.501330831757144 119
      vertex -19.20758122461914 38.462846460568386 96
    endloop
  endfacet
  facet normal 0.03271908282178652 -0.9994645874763652 0
    outer loop
      vertex -19.20758122461914 38.462846460568386 96
      vertex -19.20758122461914 38.462846460568386 119
      vertex -19.6 38.45 96
    endloop
  endfacet
  facet normal -0.03271908282178652 -0.9994645874763652 0
    outer loop
      vertex -19.6 38.45 96
      vertex -19.6 38.45 119
      vertex -19.992418775380862 38.462846460568386 96
    endloop
  endfacet
  facet normal -0.09801714032956052 -0.995184726672197 0
    outer loop
      vertex -19.992418775380862 38.462846460568386 96
      vertex -19.992418775380862 38.462846460568386 119
      vertex -20.38315715332031 38.501330831757144 96
    endloop
  endfacet
  facet normal -0.1628954733945891 -0.986643332084879 0
    outer loop
      vertex -20.38315715332031 38.501330831757144 96
      vertex -20.38315715332031 38.501330831757144 119
      vertex -20.77054193209677 38.565288317580624 96
    endloop
  endfacet
  facet normal 0.29028467725446644 -0.9569403357322077 0
    outer loop
      vertex -18.047085729384875 38.65444504226559 96
      vertex -17.671363208181035 38.76841922302937 96
      vertex -17.671363208181035 38.76841922302937 119
    endloop
  endfacet
  facet normal 0.22707626303436151 -0.9738769792773363 0
    outer loop
      vertex -18.047085729384875 38.65444504226559 96
      vertex -18.047085729384875 38.65444504226559 119
      vertex -18.429458067903234 38.565288317580624 96
    endloop
  endfacet
  facet normal 0.35225004792123804 -0.9359059267573239 0
    outer loop
      vertex -17.671363208181035 38.76841922302937 96
      vertex -17.30389940580946 38.906722804932286 96
      vertex -17.30389940580946 38.906722804932286 119
    endloop
  endfacet
  facet normal -0.22707626303436151 -0.9738769792773363 0
    outer loop
      vertex -20.77054193209677 38.565288317580624 96
      vertex -20.77054193209677 38.565288317580624 119
      vertex -21.152914270615128 38.65444504226559 96
    endloop
  endfacet
  facet normal -0.29028467725446644 -0.9569403357322077 0
    outer loop
      vertex -21.152914270615128 38.65444504226559 96
      vertex -21.152914270615128 38.65444504226559 119
      vertex -21.52863679181897 38.76841922302937 96
    endloop
  endfacet
  facet normal -0.35225004792123804 -0.9359059267573239 0
    outer loop
      vertex -21.52863679181897 38.76841922302937 96
      vertex -21.52863679181897 38.76841922302937 119
      vertex -21.896100594190543 38.906722804932286 96
    endloop
  endfacet
  facet normal -0.41270702980438595 -0.9108638249211799 0
    outer loop
      vertex -21.896100594190543 38.906722804932286 96
      vertex -21.896100594190543 38.906722804932286 119
      vertex -22.25373214131401 39.06876355080387 96
    endloop
  endfacet
  facet normal 0.47139673682600003 -0.8819212643483536 0
    outer loop
      vertex -16.946267858685992 39.06876355080387 96
      vertex -16.6 39.25384757729337 96
      vertex -16.6 39.25384757729337 119
    endloop
  endfacet
  facet normal -0.47139673682600003 -0.8819212643483536 0
    outer loop
      vertex -22.25373214131401 39.06876355080387 96
      vertex -22.25373214131401 39.06876355080387 119
      vertex -22.6 39.25384757729337 96
    endloop
  endfacet
  facet normal -0.5280678506503702 -0.8492021815265774 0
    outer loop
      vertex -22.6 39.25384757729337 96
      vertex -22.6 39.25384757729337 119
      vertex -22.933421398117616 39.46118232618473 96
    endloop
  endfacet
  facet normal -0.5824776968677963 -0.8128466845916196 0
    outer loop
      vertex -22.933421398117616 39.46118232618473 96
      vertex -22.933421398117616 39.46118232618473 119
      vertex -23.252568574052326 39.68987995825259 96
    endloop
  endfacet
  facet normal -0.6343932841636483 -0.7730104533627347 0
    outer loop
      vertex -23.252568574052326 39.68987995825259 96
      vertex -23.252568574052326 39.68987995825259 119
      vertex -23.556074890600414 39.93896115512614 96
    endloop
  endfacet
  facet normal -0.6835923020228757 -0.7298640726978317 0
    outer loop
      vertex -23.556074890600414 39.93896115512614 96
      vertex -23.556074890600414 39.93896115512614 119
      vertex -23.842640687119285 40.20735931288072 96
    endloop
  endfacet
  facet normal -0.7298640726978317 -0.6835923020228757 0
    outer loop
      vertex -23.842640687119285 40.20735931288072 96
      vertex -23.842640687119285 40.20735931288072 119
      vertex -24.111038844873868 40.49392510939959 96
    endloop
  endfacet
  facet normal -0.7730104533627347 -0.6343932841636483 0
    outer loop
      vertex -24.111038844873868 40.49392510939959 96
      vertex -24.111038844873868 40.49392510939959 119
      vertex -24.360120041747415 40.79743142594768 96
    endloop
  endfacet
  facet normal -0.8128466845916196 -0.5824776968677963 0
    outer loop
      vertex -24.360120041747415 40.79743142594768 96
      vertex -24.360120041747415 40.79743142594768 119
      vertex -24.58881767381527 41.11657860188239 96
    endloop
  endfacet
  facet normal 0.5280678506503642 -0.8492021815265812 1.2073474836103645e-16
    outer loop
      vertex -16.6 39.25384757729337 96
      vertex -16.284561245171346 39.45 104
      vertex -16.266578601882387 39.46118232618473 119
    endloop
  endfacet
  facet normal 0.528067850650437 -0.8492021815265359 0
    outer loop
      vertex -16.284561245171346 39.45 104
      vertex -16.266578601882387 39.46118232618473 104
      vertex -16.266578601882387 39.46118232618473 119
    endloop
  endfacet
  facet normal 0.5824776968677962 -0.8128466845916195 0
    outer loop
      vertex -16.266578601882387 39.46118232618473 104
      vertex -15.947431425947677 39.68987995825259 104
      vertex -16.266578601882387 39.46118232618473 119
    endloop
  endfacet
  facet normal 0.6343932841636483 -0.7730104533627348 0
    outer loop
      vertex -15.947431425947677 39.68987995825259 104
      vertex -15.64392510939959 39.93896115512614 104
      vertex -15.947431425947677 39.68987995825259 119
    endloop
  endfacet
  facet normal 0.6835923020228757 -0.7298640726978317 0
    outer loop
      vertex -15.64392510939959 39.93896115512614 104
      vertex -15.357359312880718 40.20735931288072 104
      vertex -15.64392510939959 39.93896115512614 119
    endloop
  endfacet
  facet normal 0.7298640726978317 -0.6835923020228757 0
    outer loop
      vertex -15.357359312880718 40.20735931288072 104
      vertex -15.088961155126135 40.49392510939959 104
      vertex -15.357359312880718 40.20735931288072 119
    endloop
  endfacet
  facet normal 0.7730104533627348 -0.6343932841636483 0
    outer loop
      vertex -15.088961155126135 40.49392510939959 104
      vertex -14.839879958252588 40.79743142594768 104
      vertex -15.088961155126135 40.49392510939959 119
    endloop
  endfacet
  facet normal 0.8128466845916195 -0.5824776968677962 0
    outer loop
      vertex -14.839879958252588 40.79743142594768 104
      vertex -14.611182326184732 41.11657860188239 104
      vertex -14.839879958252588 40.79743142594768 119
    endloop
  endfacet
  facet normal 0.9569403357322076 -0.29028467725446644 0
    outer loop
      vertex -13.918419223029368 42.521363208181036 104
      vertex -13.804445042265591 42.89708572938488 104
      vertex -13.918419223029368 42.521363208181036 119
    endloop
  endfacet
  facet normal 0.9738769792773343 -0.2270762630343701 0
    outer loop
      vertex -13.804445042265591 42.89708572938488 104
      vertex -13.715288317580619 43.279458067903235 104
      vertex -13.804445042265591 42.89708572938488 119
    endloop
  endfacet
  facet normal 0.986643332084879 -0.16289547339458907 0
    outer loop
      vertex -13.715288317580619 43.279458067903235 104
      vertex -13.65133083175714 43.66684284667969 104
      vertex -13.715288317580619 43.279458067903235 119
    endloop
  endfacet
  facet normal 0.9951847266721968 -0.0980171403295605 0
    outer loop
      vertex -13.65133083175714 43.66684284667969 104
      vertex -13.612846460568381 44.05758122461914 104
      vertex -13.65133083175714 43.66684284667969 119
    endloop
  endfacet
  facet normal 0.9994645874763656 -0.032719082821777476 0
    outer loop
      vertex -13.612846460568381 44.05758122461914 104
      vertex -13.600000000000001 44.45 104
      vertex -13.612846460568381 44.05758122461914 119
    endloop
  endfacet
  facet normal 0.9994645874763656 0.032719082821777476 0
    outer loop
      vertex -13.600000000000001 44.45 104
      vertex -13.612846460568381 44.842418775380864 104
      vertex -13.600000000000001 44.45 119
    endloop
  endfacet
  facet normal -0.8492021815265774 -0.5280678506503702 0
    outer loop
      vertex -24.58881767381527 41.11657860188239 96
      vertex -24.58881767381527 41.11657860188239 119
      vertex -24.796152422706633 41.45 96
    endloop
  endfacet
  facet normal -0.8819212643483536 -0.47139673682600003 0
    outer loop
      vertex -24.796152422706633 41.45 96
      vertex -24.796152422706633 41.45 119
      vertex -24.981236449196132 41.796267858685994 96
    endloop
  endfacet
  facet normal -0.9108638249211799 -0.41270702980438595 0
    outer loop
      vertex -24.981236449196132 41.796267858685994 96
      vertex -24.981236449196132 41.796267858685994 119
      vertex -25.143277195067718 42.15389940580946 96
    endloop
  endfacet
  facet normal -0.9359059267573239 -0.35225004792123804 0
    outer loop
      vertex -25.143277195067718 42.15389940580946 96
      vertex -25.143277195067718 42.15389940580946 119
      vertex -25.281580776970635 42.521363208181036 96
    endloop
  endfacet
  facet normal -0.9569403357322077 -0.29028467725446644 0
    outer loop
      vertex -25.281580776970635 42.521363208181036 96
      vertex -25.281580776970635 42.521363208181036 119
      vertex -25.39555495773441 42.89708572938488 96
    endloop
  endfacet
  facet normal -0.9738769792773363 -0.22707626303436151 0
    outer loop
      vertex -25.39555495773441 42.89708572938488 96
      vertex -25.39555495773441 42.89708572938488 119
      vertex -25.48471168241938 43.279458067903235 96
    endloop
  endfacet
  facet normal -0.986643332084879 -0.1628954733945891 0
    outer loop
      vertex -25.48471168241938 43.279458067903235 96
      vertex -25.48471168241938 43.279458067903235 119
      vertex -25.54866916824286 43.66684284667969 96
    endloop
  endfacet
  facet normal -0.995184726672197 -0.09801714032956052 0
    outer loop
      vertex -25.54866916824286 43.66684284667969 96
      vertex -25.54866916824286 43.66684284667969 119
      vertex -25.58715353943162 44.05758122461914 96
    endloop
  endfacet
  facet normal -0.9994645874763652 -0.03271908282178652 0
    outer loop
      vertex -25.58715353943162 44.05758122461914 96
      vertex -25.58715353943162 44.05758122461914 119
      vertex -25.6 44.45 96
    endloop
  endfacet
  facet normal -0.9994645874763652 0.03271908282178652 0
    outer loop
      vertex -25.6 44.45 96
      vertex -25.6 44.45 119
      vertex -25.58715353943162 44.842418775380864 96
    endloop
  endfacet
  facet normal 0.8492021815265774 -0.5280678506503702 0
    outer loop
      vertex -14.611182326184732 41.11657860188239 104
      vertex -14.40384757729337 41.45 104
      vertex -14.611182326184732 41.11657860188239 119
    endloop
  endfacet
  facet normal 0.8819212643483536 -0.47139673682600003 0
    outer loop
      vertex -14.40384757729337 41.45 104
      vertex -14.218763550803871 41.796267858685994 104
      vertex -14.40384757729337 41.45 119
    endloop
  endfacet
  facet normal 0.9108638249211765 -0.41270702980439344 0
    outer loop
      vertex -14.218763550803871 41.796267858685994 104
      vertex -14.056722804932281 42.15389940580946 104
      vertex -14.218763550803871 41.796267858685994 119
    endloop
  endfacet
  facet normal 0.935905926757327 -0.35225004792123016 0
    outer loop
      vertex -13.918419223029368 42.521363208181036 104
      vertex -14.056722804932281 42.15389940580946 119
      vertex -14.056722804932281 42.15389940580946 104
    endloop
  endfacet
  facet normal 0 0 -1
    outer loop
      vertex -13.612846460568381 44.842418775380864 96
      vertex -25.54866916824286 45.23315715332031 96
      vertex -13.65133083175714 45.23315715332031 96
    endloop
  endfacet
  facet normal 0 0 -1
    outer loop
      vertex -13.65133083175714 45.23315715332031 96
      vertex -25.48471168241938 45.62054193209677 96
      vertex -13.715288317580619 45.62054193209677 96
    endloop
  endfacet
  facet normal 0 0 -1
    outer loop
      vertex -13.715288317580619 45.62054193209677 96
      vertex -25.39555495773441 46.00291427061513 96
      vertex -13.804445042265591 46.00291427061513 96
    endloop
  endfacet
  facet normal 0 0 -1
    outer loop
      vertex -13.804445042265591 46.00291427061513 96
      vertex -25.281580776970635 46.37863679181897 96
      vertex -13.918419223029368 46.37863679181897 96
    endloop
  endfacet
  facet normal 0 0 -1
    outer loop
      vertex -13.918419223029368 46.37863679181897 96
      vertex -25.143277195067718 46.746100594190544 96
      vertex -14.056722804932281 46.746100594190544 96
    endloop
  endfacet
  facet normal 0 0 -1
    outer loop
      vertex -13.612846460568381 44.842418775380864 96
      vertex -25.58715353943162 44.842418775380864 96
      vertex -25.54866916824286 45.23315715332031 96
    endloop
  endfacet
  facet normal 0 0 -1
    outer loop
      vertex -13.65133083175714 45.23315715332031 96
      vertex -25.54866916824286 45.23315715332031 96
      vertex -25.48471168241938 45.62054193209677 96
    endloop
  endfacet
  facet normal 0 0 -1
    outer loop
      vertex -13.715288317580619 45.62054193209677 96
      vertex -25.48471168241938 45.62054193209677 96
      vertex -25.39555495773441 46.00291427061513 96
    endloop
  endfacet
  facet normal 0 0 -1
    outer loop
      vertex -13.804445042265591 46.00291427061513 96
      vertex -25.39555495773441 46.00291427061513 96
      vertex -25.281580776970635 46.37863679181897 96
    endloop
  endfacet
  facet normal 0 0 -1
    outer loop
      vertex -13.918419223029368 46.37863679181897 96
      vertex -25.281580776970635 46.37863679181897 96
      vertex -25.143277195067718 46.746100594190544 96
    endloop
  endfacet
  facet normal 0 0 -1
    outer loop
      vertex -14.056722804932281 46.746100594190544 96
      vertex -24.981236449196132 47.10373214131401 96
      vertex -14.218763550803871 47.10373214131401 96
    endloop
  endfacet
  facet normal 0 0 -1
    outer loop
      vertex -14.218763550803871 47.10373214131401 96
      vertex -24.796152422706633 47.45 96
      vertex -14.40384757729337 47.45 96
    endloop
  endfacet
  facet normal 0 0 -1
    outer loop
      vertex -14.40384757729337 47.45 96
      vertex -24.58881767381527 47.78342139811762 96
      vertex -14.611182326184732 47.78342139811762 96
    endloop
  endfacet
  facet normal 0 0 -1
    outer loop
      vertex -14.611182326184732 47.78342139811762 96
      vertex -24.360120041747415 48.10256857405233 96
      vertex -14.839879958252588 48.10256857405233 96
    endloop
  endfacet
  facet normal 0 0 -1
    outer loop
      vertex -14.839879958252588 48.10256857405233 96
      vertex -24.111038844873868 48.406074890600415 96
      vertex -15.088961155126135 48.406074890600415 96
    endloop
  endfacet
  facet normal 0 0 -1
    outer loop
      vertex -14.056722804932281 46.746100594190544 96
      vertex -25.143277195067718 46.746100594190544 96
      vertex -24.981236449196132 47.10373214131401 96
    endloop
  endfacet
  facet normal 0 0 -1
    outer loop
      vertex -14.218763550803871 47.10373214131401 96
      vertex -24.981236449196132 47.10373214131401 96
      vertex -24.796152422706633 47.45 96
    endloop
  endfacet
  facet normal 0 0 -1
    outer loop
      vertex -14.40384757729337 47.45 96
      vertex -24.796152422706633 47.45 96
      vertex -24.58881767381527 47.78342139811762 96
    endloop
  endfacet
  facet normal 0 0 -1
    outer loop
      vertex -14.611182326184732 47.78342139811762 96
      vertex -24.58881767381527 47.78342139811762 96
      vertex -24.360120041747415 48.10256857405233 96
    endloop
  endfacet
  facet normal 0 0 -1
    outer loop
      vertex -14.839879958252588 48.10256857405233 96
      vertex -24.360120041747415 48.10256857405233 96
      vertex -24.111038844873868 48.406074890600415 96
    endloop
  endfacet
  facet normal 0 0 -1
    outer loop
      vertex -15.088961155126135 48.406074890600415 96
      vertex -24.111038844873868 48.406074890600415 96
      vertex -23.842640687119285 48.69264068711929 96
    endloop
  endfacet
  facet normal 0 0 -1
    outer loop
      vertex -15.088961155126135 48.406074890600415 96
      vertex -23.842640687119285 48.69264068711929 96
      vertex -15.357359312880718 48.69264068711929 96
    endloop
  endfacet
  facet normal 0 0 -1
    outer loop
      vertex -15.357359312880718 48.69264068711929 96
      vertex -23.556074890600414 48.96103884487387 96
      vertex -15.64392510939959 48.96103884487387 96
    endloop
  endfacet
  facet normal 0 0 -1
    outer loop
      vertex -15.64392510939959 48.96103884487387 96
      vertex -23.252568574052326 49.210120041747416 96
      vertex -15.947431425947677 49.210120041747416 96
    endloop
  endfacet
  facet normal 0 0 -1
    outer loop
      vertex -15.947431425947677 49.210120041747416 96
      vertex -22.933421398117616 49.43881767381527 96
      vertex -16.266578601882387 49.43881767381527 96
    endloop
  endfacet
  facet normal 0 0 -1
    outer loop
      vertex -16.266578601882387 49.43881767381527 96
      vertex -22.6 49.646152422706635 96
      vertex -16.284561245171346 49.45 96
    endloop
  endfacet
  facet normal 0 0 -1
    outer loop
      vertex -16.284561245171346 49.45 96
      vertex -22.6 49.646152422706635 96
      vertex -16.6 49.646152422706635 96
    endloop
  endfacet
  facet normal 0 0 -1
    outer loop
      vertex -16.6 49.646152422706635 96
      vertex -22.25373214131401 49.83123644919613 96
      vertex -16.946267858685992 49.83123644919613 96
    endloop
  endfacet
  facet normal 0 0 -1
    outer loop
      vertex -16.946267858685992 49.83123644919613 96
      vertex -21.896100594190543 49.99327719506772 96
      vertex -17.30389940580946 49.99327719506772 96
    endloop
  endfacet
  facet normal 0 0 -1
    outer loop
      vertex -16.6 49.646152422706635 96
      vertex -22.6 49.646152422706635 96
      vertex -22.25373214131401 49.83123644919613 96
    endloop
  endfacet
  facet normal 0 0 -1
    outer loop
      vertex -16.946267858685992 49.83123644919613 96
      vertex -22.25373214131401 49.83123644919613 96
      vertex -21.896100594190543 49.99327719506772 96
    endloop
  endfacet
  facet normal 0 0 -1
    outer loop
      vertex -17.30389940580946 49.99327719506772 96
      vertex -21.52863679181897 50.13158077697064 96
      vertex -17.671363208181035 50.13158077697064 96
    endloop
  endfacet
  facet normal 0 0 -1
    outer loop
      vertex -17.30389940580946 49.99327719506772 96
      vertex -21.896100594190543 49.99327719506772 96
      vertex -21.52863679181897 50.13158077697064 96
    endloop
  endfacet
  facet normal 0 0 -1
    outer loop
      vertex -17.671363208181035 50.13158077697064 96
      vertex -21.52863679181897 50.13158077697064 96
      vertex -21.152914270615128 50.24555495773441 96
    endloop
  endfacet
  facet normal 0 0 -1
    outer loop
      vertex -17.671363208181035 50.13158077697064 96
      vertex -21.152914270615128 50.24555495773441 96
      vertex -18.047085729384875 50.24555495773441 96
    endloop
  endfacet
  facet normal 0 0 -1
    outer loop
      vertex -18.047085729384875 50.24555495773441 96
      vertex -20.77054193209677 50.33471168241938 96
      vertex -18.429458067903234 50.33471168241938 96
    endloop
  endfacet
  facet normal 0 0 -1
    outer loop
      vertex -18.429458067903234 50.33471168241938 96
      vertex -20.38315715332031 50.39866916824286 96
      vertex -18.81684284667969 50.39866916824286 96
    endloop
  endfacet
  facet normal 0 0 -1
    outer loop
      vertex -18.81684284667969 50.39866916824286 96
      vertex -19.992418775380862 50.43715353943162 96
      vertex -19.20758122461914 50.43715353943162 96
    endloop
  endfacet
  facet normal 0 0 -1
    outer loop
      vertex -18.81684284667969 50.39866916824286 96
      vertex -20.38315715332031 50.39866916824286 96
      vertex -19.992418775380862 50.43715353943162 96
    endloop
  endfacet
  facet normal 0 0 -1
    outer loop
      vertex -18.047085729384875 50.24555495773441 96
      vertex -21.152914270615128 50.24555495773441 96
      vertex -20.77054193209677 50.33471168241938 96
    endloop
  endfacet
  facet normal 0 0 -1
    outer loop
      vertex -18.429458067903234 50.33471168241938 96
      vertex -20.77054193209677 50.33471168241938 96
      vertex -20.38315715332031 50.39866916824286 96
    endloop
  endfacet
  facet normal 0 0 -1
    outer loop
      vertex -15.357359312880718 48.69264068711929 96
      vertex -23.842640687119285 48.69264068711929 96
      vertex -23.556074890600414 48.96103884487387 96
    endloop
  endfacet
  facet normal 0 0 -1
    outer loop
      vertex -15.64392510939959 48.96103884487387 96
      vertex -23.556074890600414 48.96103884487387 96
      vertex -23.252568574052326 49.210120041747416 96
    endloop
  endfacet
  facet normal 0 0 -1
    outer loop
      vertex -15.947431425947677 49.210120041747416 96
      vertex -23.252568574052326 49.210120041747416 96
      vertex -22.933421398117616 49.43881767381527 96
    endloop
  endfacet
  facet normal 0 0 -1
    outer loop
      vertex -16.266578601882387 49.43881767381527 96
      vertex -22.933421398117616 49.43881767381527 96
      vertex -22.6 49.646152422706635 96
    endloop
  endfacet
  facet normal 0 0 -1
    outer loop
      vertex -19.20758122461914 50.43715353943162 96
      vertex -19.992418775380862 50.43715353943162 96
      vertex -19.6 50.45 96
    endloop
  endfacet
  facet normal 0.9951847266721968 0.0980171403295605 0
    outer loop
      vertex -13.612846460568381 44.842418775380864 104
      vertex -13.65133083175714 45.23315715332031 104
      vertex -13.612846460568381 44.842418775380864 119
    endloop
  endfacet
  facet normal 0.986643332084879 0.16289547339458907 0
    outer loop
      vertex -13.65133083175714 45.23315715332031 104
      vertex -13.715288317580619 45.62054193209677 104
      vertex -13.65133083175714 45.23315715332031 119
    endloop
  endfacet
  facet normal 0.9738769792773343 0.2270762630343701 0
    outer loop
      vertex -13.715288317580619 45.62054193209677 104
      vertex -13.804445042265591 46.00291427061513 104
      vertex -13.715288317580619 45.62054193209677 119
    endloop
  endfacet
  facet normal 0.9569403357322076 0.29028467725446644 0
    outer loop
      vertex -13.804445042265591 46.00291427061513 104
      vertex -13.918419223029368 46.37863679181897 104
      vertex -13.804445042265591 46.00291427061513 119
    endloop
  endfacet
  facet normal 0.935905926757327 0.35225004792123016 0
    outer loop
      vertex -13.918419223029368 46.37863679181897 104
      vertex -14.056722804932281 46.746100594190544 104
      vertex -13.918419223029368 46.37863679181897 119
    endloop
  endfacet
  facet normal -0.995184726672197 0.09801714032956052 0
    outer loop
      vertex -25.58715353943162 44.842418775380864 96
      vertex -25.58715353943162 44.842418775380864 119
      vertex -25.54866916824286 45.23315715332031 96
    endloop
  endfacet
  facet normal -0.986643332084879 0.1628954733945891 0
    outer loop
      vertex -25.54866916824286 45.23315715332031 96
      vertex -25.54866916824286 45.23315715332031 119
      vertex -25.48471168241938 45.62054193209677 96
    endloop
  endfacet
  facet normal -0.9738769792773363 0.22707626303436151 0
    outer loop
      vertex -25.48471168241938 45.62054193209677 96
      vertex -25.48471168241938 45.62054193209677 119
      vertex -25.39555495773441 46.00291427061513 96
    endloop
  endfacet
  facet normal -0.9569403357322077 0.29028467725446644 0
    outer loop
      vertex -25.39555495773441 46.00291427061513 96
      vertex -25.39555495773441 46.00291427061513 119
      vertex -25.281580776970635 46.37863679181897 96
    endloop
  endfacet
  facet normal -0.9359059267573239 0.35225004792123804 0
    outer loop
      vertex -25.281580776970635 46.37863679181897 96
      vertex -25.281580776970635 46.37863679181897 119
      vertex -25.143277195067718 46.746100594190544 96
    endloop
  endfacet
  facet normal -0.9108638249211799 0.41270702980438595 0
    outer loop
      vertex -25.143277195067718 46.746100594190544 96
      vertex -25.143277195067718 46.746100594190544 119
      vertex -24.981236449196132 47.10373214131401 96
    endloop
  endfacet
  facet normal -0.8819212643483536 0.47139673682600003 0
    outer loop
      vertex -24.981236449196132 47.10373214131401 96
      vertex -24.981236449196132 47.10373214131401 119
      vertex -24.796152422706633 47.45 96
    endloop
  endfacet
  facet normal -0.8492021815265774 0.5280678506503702 0
    outer loop
      vertex -24.796152422706633 47.45 96
      vertex -24.796152422706633 47.45 119
      vertex -24.58881767381527 47.78342139811762 96
    endloop
  endfacet
  facet normal -0.8128466845916196 0.5824776968677963 0
    outer loop
      vertex -24.58881767381527 47.78342139811762 96
      vertex -24.58881767381527 47.78342139811762 119
      vertex -24.360120041747415 48.10256857405233 96
    endloop
  endfacet
  facet normal -0.7730104533627347 0.6343932841636483 0
    outer loop
      vertex -24.360120041747415 48.10256857405233 96
      vertex -24.360120041747415 48.10256857405233 119
      vertex -24.111038844873868 48.406074890600415 96
    endloop
  endfacet
  facet normal -0.7298640726978317 0.6835923020228757 0
    outer loop
      vertex -24.111038844873868 48.406074890600415 96
      vertex -24.111038844873868 48.406074890600415 119
      vertex -23.842640687119285 48.69264068711929 96
    endloop
  endfacet
  facet normal 0.9108638249211765 0.41270702980439344 0
    outer loop
      vertex -14.056722804932281 46.746100594190544 104
      vertex -14.218763550803871 47.10373214131401 104
      vertex -14.056722804932281 46.746100594190544 119
    endloop
  endfacet
  facet normal 0.8819212643483536 0.47139673682600003 0
    outer loop
      vertex -14.218763550803871 47.10373214131401 104
      vertex -14.40384757729337 47.45 104
      vertex -14.218763550803871 47.10373214131401 119
    endloop
  endfacet
  facet normal 0.8492021815265774 0.5280678506503702 0
    outer loop
      vertex -14.40384757729337 47.45 104
      vertex -14.611182326184732 47.78342139811762 104
      vertex -14.40384757729337 47.45 119
    endloop
  endfacet
  facet normal 0.8128466845916195 0.5824776968677962 0
    outer loop
      vertex -14.611182326184732 47.78342139811762 104
      vertex -14.839879958252588 48.10256857405233 104
      vertex -14.611182326184732 47.78342139811762 119
    endloop
  endfacet
  facet normal 0.7730104533627348 0.6343932841636483 0
    outer loop
      vertex -14.839879958252588 48.10256857405233 104
      vertex -15.088961155126135 48.406074890600415 104
      vertex -14.839879958252588 48.10256857405233 119
    endloop
  endfacet
  facet normal 0.7298640726978317 0.6835923020228757 0
    outer loop
      vertex -15.088961155126135 48.406074890600415 104
      vertex -15.357359312880718 48.69264068711929 104
      vertex -15.088961155126135 48.406074890600415 119
    endloop
  endfacet
  facet normal 0.5280678506503664 0.8492021815265799 0
    outer loop
      vertex -16.284561245171346 49.45 96
      vertex -16.6 49.646152422706635 96
      vertex -16.6 49.646152422706635 119
    endloop
  endfacet
  facet normal 0.47139673682600003 0.8819212643483536 0
    outer loop
      vertex -16.6 49.646152422706635 96
      vertex -16.946267858685992 49.83123644919613 96
      vertex -16.946267858685992 49.83123644919613 119
    endloop
  endfacet
  facet normal 0.41270702980438595 0.9108638249211799 0
    outer loop
      vertex -16.946267858685992 49.83123644919613 96
      vertex -17.30389940580946 49.99327719506772 96
      vertex -17.30389940580946 49.99327719506772 119
    endloop
  endfacet
  facet normal 0.35225004792123804 0.9359059267573239 0
    outer loop
      vertex -17.30389940580946 49.99327719506772 96
      vertex -17.671363208181035 50.13158077697064 96
      vertex -17.671363208181035 50.13158077697064 119
    endloop
  endfacet
  facet normal 0.29028467725446644 0.9569403357322077 0
    outer loop
      vertex -17.671363208181035 50.13158077697064 96
      vertex -18.047085729384875 50.24555495773441 96
      vertex -18.047085729384875 50.24555495773441 119
    endloop
  endfacet
  facet normal 0.22707626303436151 0.9738769792773363 0
    outer loop
      vertex -18.047085729384875 50.24555495773441 96
      vertex -18.429458067903234 50.33471168241938 96
      vertex -18.429458067903234 50.33471168241938 119
    endloop
  endfacet
  facet normal 0.1628954733945891 0.986643332084879 0
    outer loop
      vertex -18.429458067903234 50.33471168241938 96
      vertex -18.81684284667969 50.39866916824286 96
      vertex -18.81684284667969 50.39866916824286 119
    endloop
  endfacet
  facet normal 0.09801714032956052 0.995184726672197 0
    outer loop
      vertex -18.81684284667969 50.39866916824286 96
      vertex -19.20758122461914 50.43715353943162 96
      vertex -19.20758122461914 50.43715353943162 119
    endloop
  endfacet
  facet normal -0.09801714032956052 0.995184726672197 0
    outer loop
      vertex -19.992418775380862 50.43715353943162 96
      vertex -20.38315715332031 50.39866916824286 96
      vertex -20.38315715332031 50.39866916824286 119
    endloop
  endfacet
  facet normal -0.6835923020228757 0.7298640726978317 0
    outer loop
      vertex -23.556074890600414 48.96103884487387 96
      vertex -23.842640687119285 48.69264068711929 96
      vertex -23.842640687119285 48.69264068711929 119
    endloop
  endfacet
  facet normal -0.6343932841636483 0.7730104533627347 0
    outer loop
      vertex -23.556074890600414 48.96103884487387 96
      vertex -23.556074890600414 48.96103884487387 119
      vertex -23.252568574052326 49.210120041747416 96
    endloop
  endfacet
  facet normal -0.5824776968677963 0.8128466845916196 0
    outer loop
      vertex -23.252568574052326 49.210120041747416 96
      vertex -23.252568574052326 49.210120041747416 119
      vertex -22.933421398117616 49.43881767381527 96
    endloop
  endfacet
  facet normal -0.41270702980438595 0.9108638249211799 0
    outer loop
      vertex -22.25373214131401 49.83123644919613 96
      vertex -22.25373214131401 49.83123644919613 119
      vertex -21.896100594190543 49.99327719506772 96
    endloop
  endfacet
  facet normal -0.5280678506503702 0.8492021815265774 0
    outer loop
      vertex -22.933421398117616 49.43881767381527 96
      vertex -22.933421398117616 49.43881767381527 119
      vertex -22.6 49.646152422706635 96
    endloop
  endfacet
  facet normal -0.47139673682600003 0.8819212643483536 0
    outer loop
      vertex -22.6 49.646152422706635 96
      vertex -22.6 49.646152422706635 119
      vertex -22.25373214131401 49.83123644919613 96
    endloop
  endfacet
  facet normal -0.35225004792123804 0.9359059267573239 0
    outer loop
      vertex -21.896100594190543 49.99327719506772 96
      vertex -21.896100594190543 49.99327719506772 119
      vertex -21.52863679181897 50.13158077697064 96
    endloop
  endfacet
  facet normal -0.29028467725446644 0.9569403357322077 0
    outer loop
      vertex -21.52863679181897 50.13158077697064 96
      vertex -21.52863679181897 50.13158077697064 119
      vertex -21.152914270615128 50.24555495773441 96
    endloop
  endfacet
  facet normal -0.22707626303436151 0.9738769792773363 0
    outer loop
      vertex -21.152914270615128 50.24555495773441 96
      vertex -21.152914270615128 50.24555495773441 119
      vertex -20.77054193209677 50.33471168241938 96
    endloop
  endfacet
  facet normal -0.1628954733945891 0.986643332084879 0
    outer loop
      vertex -20.38315715332031 50.39866916824286 96
      vertex -20.77054193209677 50.33471168241938 96
      vertex -20.77054193209677 50.33471168241938 119
    endloop
  endfacet
  facet normal 0.03271908282178652 0.9994645874763652 0
    outer loop
      vertex -19.20758122461914 50.43715353943162 96
      vertex -19.6 50.45 96
      vertex -19.6 50.45 119
    endloop
  endfacet
  facet normal -0.03271908282178652 0.9994645874763652 0
    outer loop
      vertex -19.992418775380862 50.43715353943162 96
      vertex -19.992418775380862 50.43715353943162 119
      vertex -19.6 50.45 96
    endloop
  endfacet
  facet normal 0.5280678506503664 0.8492021815265798 0
    outer loop
      vertex -16.284561245171346 49.45 96
      vertex -16.6 49.646152422706635 119
      vertex -16.284561245171346 49.45 104
    endloop
  endfacet
  facet normal 0.6835923020228757 0.7298640726978317 0
    outer loop
      vertex -15.357359312880718 48.69264068711929 104
      vertex -15.64392510939959 48.96103884487387 104
      vertex -15.357359312880718 48.69264068711929 119
    endloop
  endfacet
  facet normal 0.6343932841636483 0.7730104533627348 0
    outer loop
      vertex -15.64392510939959 48.96103884487387 104
      vertex -15.947431425947677 49.210120041747416 104
      vertex -15.64392510939959 48.96103884487387 119
    endloop
  endfacet
  facet normal 0.5824776968677962 0.8128466845916195 0
    outer loop
      vertex -15.947431425947677 49.210120041747416 104
      vertex -16.266578601882387 49.43881767381527 104
      vertex -15.947431425947677 49.210120041747416 119
    endloop
  endfacet
  facet normal 0.528067850650437 0.8492021815265359 0
    outer loop
      vertex -16.266578601882387 49.43881767381527 104
      vertex -16.284561245171346 49.45 104
      vertex -16.266578601882387 49.43881767381527 119
    endloop
  endfacet
  facet normal 0.41270702980438595 -0.9108638249211799 0
    outer loop
      vertex -17.30389940580946 38.906722804932286 96
      vertex -16.946267858685992 39.06876355080387 119
      vertex -17.30389940580946 38.906722804932286 119
    endloop
  endfacet
  facet normal 0.1628954733945891 -0.986643332084879 0
    outer loop
      vertex -18.81684284667969 38.501330831757144 96
      vertex -18.429458067903234 38.565288317580624 119
      vertex -18.81684284667969 38.501330831757144 119
    endloop
  endfacet
  facet normal 0.09801714032956052 -0.995184726672197 0
    outer loop
      vertex -19.20758122461914 38.462846460568386 96
      vertex -18.81684284667969 38.501330831757144 119
      vertex -19.20758122461914 38.462846460568386 119
    endloop
  endfacet
  facet normal 0.03271908282178652 -0.9994645874763652 0
    outer loop
      vertex -19.6 38.45 96
      vertex -19.20758122461914 38.462846460568386 119
      vertex -19.6 38.45 119
    endloop
  endfacet
  facet normal -0.03271908282178652 -0.9994645874763652 0
    outer loop
      vertex -19.992418775380862 38.462846460568386 96
      vertex -19.6 38.45 119
      vertex -19.992418775380862 38.462846460568386 119
    endloop
  endfacet
  facet normal -0.09801714032956052 -0.995184726672197 0
    outer loop
      vertex -20.38315715332031 38.501330831757144 96
      vertex -19.992418775380862 38.462846460568386 119
      vertex -20.38315715332031 38.501330831757144 119
    endloop
  endfacet
  facet normal 0.29028467725446644 -0.9569403357322077 0
    outer loop
      vertex -18.047085729384875 38.65444504226559 96
      vertex -17.671363208181035 38.76841922302937 119
      vertex -18.047085729384875 38.65444504226559 119
    endloop
  endfacet
  facet normal 0.22707626303436151 -0.9738769792773363 0
    outer loop
      vertex -18.429458067903234 38.565288317580624 96
      vertex -18.047085729384875 38.65444504226559 119
      vertex -18.429458067903234 38.565288317580624 119
    endloop
  endfacet
  facet normal 0.35225004792123804 -0.9359059267573239 0
    outer loop
      vertex -17.671363208181035 38.76841922302937 96
      vertex -17.30389940580946 38.906722804932286 119
      vertex -17.671363208181035 38.76841922302937 119
    endloop
  endfacet
  facet normal -0.1628954733945891 -0.986643332084879 0
    outer loop
      vertex -20.77054193209677 38.565288317580624 96
      vertex -20.38315715332031 38.501330831757144 119
      vertex -20.77054193209677 38.565288317580624 119
    endloop
  endfacet
  facet normal -0.22707626303436151 -0.9738769792773363 0
    outer loop
      vertex -21.152914270615128 38.65444504226559 96
      vertex -20.77054193209677 38.565288317580624 119
      vertex -21.152914270615128 38.65444504226559 119
    endloop
  endfacet
  facet normal -0.29028467725446644 -0.9569403357322077 0
    outer loop
      vertex -21.52863679181897 38.76841922302937 96
      vertex -21.152914270615128 38.65444504226559 119
      vertex -21.52863679181897 38.76841922302937 119
    endloop
  endfacet
  facet normal -0.35225004792123804 -0.9359059267573239 0
    outer loop
      vertex -21.896100594190543 38.906722804932286 96
      vertex -21.52863679181897 38.76841922302937 119
      vertex -21.896100594190543 38.906722804932286 119
    endloop
  endfacet
  facet normal -0.41270702980438595 -0.9108638249211799 0
    outer loop
      vertex -22.25373214131401 39.06876355080387 96
      vertex -21.896100594190543 38.906722804932286 119
      vertex -22.25373214131401 39.06876355080387 119
    endloop
  endfacet
  facet normal 0.47139673682600003 -0.8819212643483536 0
    outer loop
      vertex -16.946267858685992 39.06876355080387 96
      vertex -16.6 39.25384757729337 119
      vertex -16.946267858685992 39.06876355080387 119
    endloop
  endfacet
  facet normal 0.5280678506503702 -0.8492021815265774 0
    outer loop
      vertex -16.6 39.25384757729337 96
      vertex -16.266578601882387 39.46118232618473 119
      vertex -16.6 39.25384757729337 119
    endloop
  endfacet
  facet normal -0.47139673682600003 -0.8819212643483536 0
    outer loop
      vertex -22.6 39.25384757729337 96
      vertex -22.25373214131401 39.06876355080387 119
      vertex -22.6 39.25384757729337 119
    endloop
  endfacet
  facet normal -0.5280678506503702 -0.8492021815265774 0
    outer loop
      vertex -22.933421398117616 39.46118232618473 96
      vertex -22.6 39.25384757729337 119
      vertex -22.933421398117616 39.46118232618473 119
    endloop
  endfacet
  facet normal -0.5824776968677963 -0.8128466845916196 0
    outer loop
      vertex -23.252568574052326 39.68987995825259 96
      vertex -22.933421398117616 39.46118232618473 119
      vertex -23.252568574052326 39.68987995825259 119
    endloop
  endfacet
  facet normal -0.6343932841636483 -0.7730104533627347 0
    outer loop
      vertex -23.556074890600414 39.93896115512614 96
      vertex -23.252568574052326 39.68987995825259 119
      vertex -23.556074890600414 39.93896115512614 119
    endloop
  endfacet
  facet normal -0.6835923020228757 -0.7298640726978317 0
    outer loop
      vertex -23.842640687119285 40.20735931288072 96
      vertex -23.556074890600414 39.93896115512614 119
      vertex -23.842640687119285 40.20735931288072 119
    endloop
  endfacet
  facet normal -0.7298640726978317 -0.6835923020228757 0
    outer loop
      vertex -24.111038844873868 40.49392510939959 96
      vertex -23.842640687119285 40.20735931288072 119
      vertex -24.111038844873868 40.49392510939959 119
    endloop
  endfacet
  facet normal -0.7730104533627347 -0.6343932841636483 0
    outer loop
      vertex -24.360120041747415 40.79743142594768 96
      vertex -24.111038844873868 40.49392510939959 119
      vertex -24.360120041747415 40.79743142594768 119
    endloop
  endfacet
  facet normal 0.5824776968677962 -0.8128466845916195 0
    outer loop
      vertex -15.947431425947677 39.68987995825259 104
      vertex -15.947431425947677 39.68987995825259 119
      vertex -16.266578601882387 39.46118232618473 119
    endloop
  endfacet
  facet normal 0.6343932841636483 -0.7730104533627348 0
    outer loop
      vertex -15.64392510939959 39.93896115512614 104
      vertex -15.64392510939959 39.93896115512614 119
      vertex -15.947431425947677 39.68987995825259 119
    endloop
  endfacet
  facet normal 0.6835923020228757 -0.7298640726978317 0
    outer loop
      vertex -15.357359312880718 40.20735931288072 104
      vertex -15.357359312880718 40.20735931288072 119
      vertex -15.64392510939959 39.93896115512614 119
    endloop
  endfacet
  facet normal 0.7298640726978317 -0.6835923020228757 0
    outer loop
      vertex -15.088961155126135 40.49392510939959 104
      vertex -15.088961155126135 40.49392510939959 119
      vertex -15.357359312880718 40.20735931288072 119
    endloop
  endfacet
  facet normal 0.7730104533627348 -0.6343932841636483 0
    outer loop
      vertex -14.839879958252588 40.79743142594768 104
      vertex -14.839879958252588 40.79743142594768 119
      vertex -15.088961155126135 40.49392510939959 119
    endloop
  endfacet
  facet normal 0.935905926757327 -0.35225004792123016 0
    outer loop
      vertex -13.918419223029368 42.521363208181036 104
      vertex -13.918419223029368 42.521363208181036 119
      vertex -14.056722804932281 42.15389940580946 119
    endloop
  endfacet
  facet normal 0.9569403357322076 -0.29028467725446644 0
    outer loop
      vertex -13.804445042265591 42.89708572938488 104
      vertex -13.804445042265591 42.89708572938488 119
      vertex -13.918419223029368 42.521363208181036 119
    endloop
  endfacet
  facet normal 0.9738769792773343 -0.2270762630343701 0
    outer loop
      vertex -13.715288317580619 43.279458067903235 104
      vertex -13.715288317580619 43.279458067903235 119
      vertex -13.804445042265591 42.89708572938488 119
    endloop
  endfacet
  facet normal 0.986643332084879 -0.16289547339458907 0
    outer loop
      vertex -13.65133083175714 43.66684284667969 104
      vertex -13.65133083175714 43.66684284667969 119
      vertex -13.715288317580619 43.279458067903235 119
    endloop
  endfacet
  facet normal 0.9951847266721968 -0.0980171403295605 0
    outer loop
      vertex -13.612846460568381 44.05758122461914 104
      vertex -13.612846460568381 44.05758122461914 119
      vertex -13.65133083175714 43.66684284667969 119
    endloop
  endfacet
  facet normal 0.9994645874763656 -0.032719082821777476 0
    outer loop
      vertex -13.600000000000001 44.45 104
      vertex -13.600000000000001 44.45 119
      vertex -13.612846460568381 44.05758122461914 119
    endloop
  endfacet
  facet normal 0.9994645874763656 0.032719082821777476 0
    outer loop
      vertex -13.612846460568381 44.842418775380864 104
      vertex -13.612846460568381 44.842418775380864 119
      vertex -13.600000000000001 44.45 119
    endloop
  endfacet
  facet normal -0.8128466845916196 -0.5824776968677963 0
    outer loop
      vertex -24.58881767381527 41.11657860188239 96
      vertex -24.360120041747415 40.79743142594768 119
      vertex -24.58881767381527 41.11657860188239 119
    endloop
  endfacet
  facet normal -0.8492021815265774 -0.5280678506503702 0
    outer loop
      vertex -24.796152422706633 41.45 96
      vertex -24.58881767381527 41.11657860188239 119
      vertex -24.796152422706633 41.45 119
    endloop
  endfacet
  facet normal -0.8819212643483536 -0.47139673682600003 0
    outer loop
      vertex -24.981236449196132 41.796267858685994 96
      vertex -24.796152422706633 41.45 119
      vertex -24.981236449196132 41.796267858685994 119
    endloop
  endfacet
  facet normal -0.9108638249211799 -0.41270702980438595 0
    outer loop
      vertex -25.143277195067718 42.15389940580946 96
      vertex -24.981236449196132 41.796267858685994 119
      vertex -25.143277195067718 42.15389940580946 119
    endloop
  endfacet
  facet normal -0.9359059267573239 -0.35225004792123804 0
    outer loop
      vertex -25.281580776970635 42.521363208181036 96
      vertex -25.143277195067718 42.15389940580946 119
      vertex -25.281580776970635 42.521363208181036 119
    endloop
  endfacet
  facet normal -0.9569403357322077 -0.29028467725446644 0
    outer loop
      vertex -25.39555495773441 42.89708572938488 96
      vertex -25.281580776970635 42.521363208181036 119
      vertex -25.39555495773441 42.89708572938488 119
    endloop
  endfacet
  facet normal -0.9738769792773363 -0.22707626303436151 0
    outer loop
      vertex -25.48471168241938 43.279458067903235 96
      vertex -25.39555495773441 42.89708572938488 119
      vertex -25.48471168241938 43.279458067903235 119
    endloop
  endfacet
  facet normal -0.986643332084879 -0.1628954733945891 0
    outer loop
      vertex -25.54866916824286 43.66684284667969 96
      vertex -25.48471168241938 43.279458067903235 119
      vertex -25.54866916824286 43.66684284667969 119
    endloop
  endfacet
  facet normal -0.995184726672197 -0.09801714032956052 0
    outer loop
      vertex -25.58715353943162 44.05758122461914 96
      vertex -25.54866916824286 43.66684284667969 119
      vertex -25.58715353943162 44.05758122461914 119
    endloop
  endfacet
  facet normal -0.9994645874763652 -0.03271908282178652 0
    outer loop
      vertex -25.6 44.45 96
      vertex -25.58715353943162 44.05758122461914 119
      vertex -25.6 44.45 119
    endloop
  endfacet
  facet normal -0.9994645874763652 0.03271908282178652 0
    outer loop
      vertex -25.58715353943162 44.842418775380864 96
      vertex -25.6 44.45 119
      vertex -25.58715353943162 44.842418775380864 119
    endloop
  endfacet
  facet normal 0.8128466845916195 -0.5824776968677962 0
    outer loop
      vertex -14.611182326184732 41.11657860188239 104
      vertex -14.611182326184732 41.11657860188239 119
      vertex -14.839879958252588 40.79743142594768 119
    endloop
  endfacet
  facet normal 0.8492021815265774 -0.5280678506503702 0
    outer loop
      vertex -14.40384757729337 41.45 104
      vertex -14.40384757729337 41.45 119
      vertex -14.611182326184732 41.11657860188239 119
    endloop
  endfacet
  facet normal 0.8819212643483536 -0.47139673682600003 0
    outer loop
      vertex -14.218763550803871 41.796267858685994 104
      vertex -14.218763550803871 41.796267858685994 119
      vertex -14.40384757729337 41.45 119
    endloop
  endfacet
  facet normal 0.9108638249211765 -0.41270702980439344 0
    outer loop
      vertex -14.056722804932281 42.15389940580946 104
      vertex -14.056722804932281 42.15389940580946 119
      vertex -14.218763550803871 41.796267858685994 119
    endloop
  endfacet
  facet normal 0.9951847266721968 0.0980171403295605 0
    outer loop
      vertex -13.65133083175714 45.23315715332031 104
      vertex -13.65133083175714 45.23315715332031 119
      vertex -13.612846460568381 44.842418775380864 119
    endloop
  endfacet
  facet normal 0.986643332084879 0.16289547339458907 0
    outer loop
      vertex -13.715288317580619 45.62054193209677 104
      vertex -13.715288317580619 45.62054193209677 119
      vertex -13.65133083175714 45.23315715332031 119
    endloop
  endfacet
  facet normal 0.9738769792773343 0.2270762630343701 0
    outer loop
      vertex -13.804445042265591 46.00291427061513 104
      vertex -13.804445042265591 46.00291427061513 119
      vertex -13.715288317580619 45.62054193209677 119
    endloop
  endfacet
  facet normal 0.9569403357322076 0.29028467725446644 0
    outer loop
      vertex -13.918419223029368 46.37863679181897 104
      vertex -13.918419223029368 46.37863679181897 119
      vertex -13.804445042265591 46.00291427061513 119
    endloop
  endfacet
  facet normal -0.995184726672197 0.09801714032956052 0
    outer loop
      vertex -25.54866916824286 45.23315715332031 96
      vertex -25.58715353943162 44.842418775380864 119
      vertex -25.54866916824286 45.23315715332031 119
    endloop
  endfacet
  facet normal -0.986643332084879 0.1628954733945891 0
    outer loop
      vertex -25.48471168241938 45.62054193209677 96
      vertex -25.54866916824286 45.23315715332031 119
      vertex -25.48471168241938 45.62054193209677 119
    endloop
  endfacet
  facet normal -0.9738769792773363 0.22707626303436151 0
    outer loop
      vertex -25.39555495773441 46.00291427061513 96
      vertex -25.48471168241938 45.62054193209677 119
      vertex -25.39555495773441 46.00291427061513 119
    endloop
  endfacet
  facet normal -0.9569403357322077 0.29028467725446644 0
    outer loop
      vertex -25.281580776970635 46.37863679181897 96
      vertex -25.39555495773441 46.00291427061513 119
      vertex -25.281580776970635 46.37863679181897 119
    endloop
  endfacet
  facet normal -0.9359059267573239 0.35225004792123804 0
    outer loop
      vertex -25.143277195067718 46.746100594190544 96
      vertex -25.281580776970635 46.37863679181897 119
      vertex -25.143277195067718 46.746100594190544 119
    endloop
  endfacet
  facet normal -0.9108638249211799 0.41270702980438595 0
    outer loop
      vertex -24.981236449196132 47.10373214131401 96
      vertex -25.143277195067718 46.746100594190544 119
      vertex -24.981236449196132 47.10373214131401 119
    endloop
  endfacet
  facet normal -0.8819212643483536 0.47139673682600003 0
    outer loop
      vertex -24.796152422706633 47.45 96
      vertex -24.981236449196132 47.10373214131401 119
      vertex -24.796152422706633 47.45 119
    endloop
  endfacet
  facet normal -0.8492021815265774 0.5280678506503702 0
    outer loop
      vertex -24.58881767381527 47.78342139811762 96
      vertex -24.796152422706633 47.45 119
      vertex -24.58881767381527 47.78342139811762 119
    endloop
  endfacet
  facet normal -0.8128466845916196 0.5824776968677963 0
    outer loop
      vertex -24.360120041747415 48.10256857405233 96
      vertex -24.58881767381527 47.78342139811762 119
      vertex -24.360120041747415 48.10256857405233 119
    endloop
  endfacet
  facet normal -0.7730104533627347 0.6343932841636483 0
    outer loop
      vertex -24.111038844873868 48.406074890600415 96
      vertex -24.360120041747415 48.10256857405233 119
      vertex -24.111038844873868 48.406074890600415 119
    endloop
  endfacet
  facet normal 0.935905926757327 0.35225004792123016 0
    outer loop
      vertex -14.056722804932281 46.746100594190544 104
      vertex -14.056722804932281 46.746100594190544 119
      vertex -13.918419223029368 46.37863679181897 119
    endloop
  endfacet
  facet normal 0.9108638249211765 0.41270702980439344 0
    outer loop
      vertex -14.218763550803871 47.10373214131401 104
      vertex -14.218763550803871 47.10373214131401 119
      vertex -14.056722804932281 46.746100594190544 119
    endloop
  endfacet
  facet normal 0.8819212643483536 0.47139673682600003 0
    outer loop
      vertex -14.40384757729337 47.45 104
      vertex -14.40384757729337 47.45 119
      vertex -14.218763550803871 47.10373214131401 119
    endloop
  endfacet
  facet normal 0.8492021815265774 0.5280678506503702 0
    outer loop
      vertex -14.611182326184732 47.78342139811762 104
      vertex -14.611182326184732 47.78342139811762 119
      vertex -14.40384757729337 47.45 119
    endloop
  endfacet
  facet normal 0.8128466845916195 0.5824776968677962 0
    outer loop
      vertex -14.839879958252588 48.10256857405233 104
      vertex -14.839879958252588 48.10256857405233 119
      vertex -14.611182326184732 47.78342139811762 119
    endloop
  endfacet
  facet normal 0.7730104533627348 0.6343932841636483 0
    outer loop
      vertex -15.088961155126135 48.406074890600415 104
      vertex -15.088961155126135 48.406074890600415 119
      vertex -14.839879958252588 48.10256857405233 119
    endloop
  endfacet
  facet normal 0.47139673682600003 0.8819212643483536 0
    outer loop
      vertex -16.6 49.646152422706635 96
      vertex -16.946267858685992 49.83123644919613 119
      vertex -16.6 49.646152422706635 119
    endloop
  endfacet
  facet normal 0.41270702980438595 0.9108638249211799 0
    outer loop
      vertex -16.946267858685992 49.83123644919613 96
      vertex -17.30389940580946 49.99327719506772 119
      vertex -16.946267858685992 49.83123644919613 119
    endloop
  endfacet
  facet normal 0.35225004792123804 0.9359059267573239 0
    outer loop
      vertex -17.30389940580946 49.99327719506772 96
      vertex -17.671363208181035 50.13158077697064 119
      vertex -17.30389940580946 49.99327719506772 119
    endloop
  endfacet
  facet normal 0.29028467725446644 0.9569403357322077 0
    outer loop
      vertex -17.671363208181035 50.13158077697064 96
      vertex -18.047085729384875 50.24555495773441 119
      vertex -17.671363208181035 50.13158077697064 119
    endloop
  endfacet
  facet normal 0.22707626303436151 0.9738769792773363 0
    outer loop
      vertex -18.047085729384875 50.24555495773441 96
      vertex -18.429458067903234 50.33471168241938 119
      vertex -18.047085729384875 50.24555495773441 119
    endloop
  endfacet
  facet normal 0.1628954733945891 0.986643332084879 0
    outer loop
      vertex -18.429458067903234 50.33471168241938 96
      vertex -18.81684284667969 50.39866916824286 119
      vertex -18.429458067903234 50.33471168241938 119
    endloop
  endfacet
  facet normal 0.09801714032956052 0.995184726672197 0
    outer loop
      vertex -18.81684284667969 50.39866916824286 96
      vertex -19.20758122461914 50.43715353943162 119
      vertex -18.81684284667969 50.39866916824286 119
    endloop
  endfacet
  facet normal -0.09801714032956052 0.995184726672197 0
    outer loop
      vertex -19.992418775380862 50.43715353943162 96
      vertex -20.38315715332031 50.39866916824286 119
      vertex -19.992418775380862 50.43715353943162 119
    endloop
  endfacet
  facet normal -0.1628954733945891 0.986643332084879 0
    outer loop
      vertex -20.38315715332031 50.39866916824286 96
      vertex -20.77054193209677 50.33471168241938 119
      vertex -20.38315715332031 50.39866916824286 119
    endloop
  endfacet
  facet normal -0.6835923020228757 0.7298640726978317 0
    outer loop
      vertex -23.556074890600414 48.96103884487387 96
      vertex -23.842640687119285 48.69264068711929 119
      vertex -23.556074890600414 48.96103884487387 119
    endloop
  endfacet
  facet normal -0.6343932841636483 0.7730104533627347 0
    outer loop
      vertex -23.252568574052326 49.210120041747416 96
      vertex -23.556074890600414 48.96103884487387 119
      vertex -23.252568574052326 49.210120041747416 119
    endloop
  endfacet
  facet normal -0.5824776968677963 0.8128466845916196 0
    outer loop
      vertex -22.933421398117616 49.43881767381527 96
      vertex -23.252568574052326 49.210120041747416 119
      vertex -22.933421398117616 49.43881767381527 119
    endloop
  endfacet
  facet normal -0.7298640726978317 0.6835923020228757 0
    outer loop
      vertex -23.842640687119285 48.69264068711929 96
      vertex -24.111038844873868 48.406074890600415 119
      vertex -23.842640687119285 48.69264068711929 119
    endloop
  endfacet
  facet normal -0.41270702980438595 0.9108638249211799 0
    outer loop
      vertex -21.896100594190543 49.99327719506772 96
      vertex -22.25373214131401 49.83123644919613 119
      vertex -21.896100594190543 49.99327719506772 119
    endloop
  endfacet
  facet normal -0.5280678506503702 0.8492021815265774 0
    outer loop
      vertex -22.6 49.646152422706635 96
      vertex -22.933421398117616 49.43881767381527 119
      vertex -22.6 49.646152422706635 119
    endloop
  endfacet
  facet normal -0.47139673682600003 0.8819212643483536 0
    outer loop
      vertex -22.25373214131401 49.83123644919613 96
      vertex -22.6 49.646152422706635 119
      vertex -22.25373214131401 49.83123644919613 119
    endloop
  endfacet
  facet normal -0.35225004792123804 0.9359059267573239 0
    outer loop
      vertex -21.52863679181897 50.13158077697064 96
      vertex -21.896100594190543 49.99327719506772 119
      vertex -21.52863679181897 50.13158077697064 119
    endloop
  endfacet
  facet normal -0.22707626303436151 0.9738769792773363 0
    outer loop
      vertex -20.77054193209677 50.33471168241938 96
      vertex -21.152914270615128 50.24555495773441 119
      vertex -20.77054193209677 50.33471168241938 119
    endloop
  endfacet
  facet normal -0.29028467725446644 0.9569403357322077 0
    outer loop
      vertex -21.152914270615128 50.24555495773441 96
      vertex -21.52863679181897 50.13158077697064 119
      vertex -21.152914270615128 50.24555495773441 119
    endloop
  endfacet
  facet normal 0.03271908282178652 0.9994645874763652 0
    outer loop
      vertex -19.20758122461914 50.43715353943162 96
      vertex -19.6 50.45 119
      vertex -19.20758122461914 50.43715353943162 119
    endloop
  endfacet
  facet normal -0.03271908282178652 0.9994645874763652 0
    outer loop
      vertex -19.6 50.45 96
      vertex -19.992418775380862 50.43715353943162 119
      vertex -19.6 50.45 119
    endloop
  endfacet
  facet normal 0.7298640726978317 0.6835923020228757 0
    outer loop
      vertex -15.357359312880718 48.69264068711929 104
      vertex -15.357359312880718 48.69264068711929 119
      vertex -15.088961155126135 48.406074890600415 119
    endloop
  endfacet
  facet normal 0.6835923020228757 0.7298640726978317 0
    outer loop
      vertex -15.64392510939959 48.96103884487387 104
      vertex -15.64392510939959 48.96103884487387 119
      vertex -15.357359312880718 48.69264068711929 119
    endloop
  endfacet
  facet normal 0.6343932841636483 0.7730104533627348 0
    outer loop
      vertex -15.947431425947677 49.210120041747416 104
      vertex -15.947431425947677 49.210120041747416 119
      vertex -15.64392510939959 48.96103884487387 119
    endloop
  endfacet
  facet normal 0.5824776968677962 0.8128466845916195 0
    outer loop
      vertex -16.266578601882387 49.43881767381527 104
      vertex -16.266578601882387 49.43881767381527 119
      vertex -15.947431425947677 49.210120041747416 119
    endloop
  endfacet
  facet normal 0.5280678506503702 0.8492021815265774 1.1104473700249418e-16
    outer loop
      vertex -16.284561245171346 49.45 104
      vertex -16.6 49.646152422706635 119
      vertex -16.266578601882387 49.43881767381527 119
    endloop
  endfacet
  facet normal 0.7818314824680299 -0.6234898018587334 0
    outer loop
      vertex -14.923826486059504 38.58626388148978 119
      vertex -12.84273349073186 41.19587195661832 119
      vertex -12.84273349073186 41.19587195661832 125
    endloop
  endfacet
  facet normal 0 0 -1
    outer loop
      vertex -17.931092995327646 37.13804065863633 119
      vertex -18.81684284667969 38.501330831757144 119
      vertex -18.429458067903234 38.565288317580624 119
    endloop
  endfacet
  facet normal 0 0 -1
    outer loop
      vertex -17.931092995327646 37.13804065863633 119
      vertex -19.6 38.45 119
      vertex -19.20758122461914 38.462846460568386 119
    endloop
  endfacet
  facet normal 0 0 -1
    outer loop
      vertex -17.931092995327646 37.13804065863633 119
      vertex -19.20758122461914 38.462846460568386 119
      vertex -18.81684284667969 38.501330831757144 119
    endloop
  endfacet
  facet normal 0 0 -1
    outer loop
      vertex -17.931092995327646 37.13804065863633 119
      vertex -18.047085729384875 38.65444504226559 119
      vertex -14.923826486059504 38.58626388148978 119
    endloop
  endfacet
  facet normal 0 0 -1
    outer loop
      vertex -14.923826486059504 38.58626388148978 119
      vertex -18.047085729384875 38.65444504226559 119
      vertex -17.671363208181035 38.76841922302937 119
    endloop
  endfacet
  facet normal 0 0 -1
    outer loop
      vertex -14.923826486059504 38.58626388148978 119
      vertex -17.671363208181035 38.76841922302937 119
      vertex -17.30389940580946 38.906722804932286 119
    endloop
  endfacet
  facet normal 0 0 -1
    outer loop
      vertex -14.923826486059504 38.58626388148978 119
      vertex -17.30389940580946 38.906722804932286 119
      vertex -16.946267858685992 39.06876355080387 119
    endloop
  endfacet
  facet normal 0 0 -1
    outer loop
      vertex -14.923826486059504 38.58626388148978 119
      vertex -16.946267858685992 39.06876355080387 119
      vertex -16.6 39.25384757729337 119
    endloop
  endfacet
  facet normal 0 0 -1
    outer loop
      vertex -17.931092995327646 37.13804065863633 119
      vertex -18.429458067903234 38.565288317580624 119
      vertex -18.047085729384875 38.65444504226559 119
    endloop
  endfacet
  facet normal 0.4338837391175574 -0.9009688679024194 0
    outer loop
      vertex -17.931092995327646 37.13804065863633 119
      vertex -14.923826486059504 38.58626388148978 119
      vertex -17.931092995327646 37.13804065863633 125
    endloop
  endfacet
  facet normal 0 -1 0
    outer loop
      vertex -17.931092995327646 37.13804065863633 119
      vertex -21.268907004672357 37.13804065863633 125
      vertex -21.268907004672357 37.13804065863633 119
    endloop
  endfacet
  facet normal 0 0 -1
    outer loop
      vertex -17.931092995327646 37.13804065863633 119
      vertex -21.268907004672357 37.13804065863633 119
      vertex -24.276173513940506 38.58626388148978 119
    endloop
  endfacet
  facet normal 0 0 -1
    outer loop
      vertex -17.931092995327646 37.13804065863633 119
      vertex -24.276173513940506 38.58626388148978 119
      vertex -19.6 38.45 119
    endloop
  endfacet
  facet normal 0 0 -1
    outer loop
      vertex -19.6 38.45 119
      vertex -24.276173513940506 38.58626388148978 119
      vertex -19.992418775380862 38.462846460568386 119
    endloop
  endfacet
  facet normal 0 0 -1
    outer loop
      vertex -19.992418775380862 38.462846460568386 119
      vertex -24.276173513940506 38.58626388148978 119
      vertex -20.38315715332031 38.501330831757144 119
    endloop
  endfacet
  facet normal 0 0 -1
    outer loop
      vertex -20.38315715332031 38.501330831757144 119
      vertex -24.276173513940506 38.58626388148978 119
      vertex -20.77054193209677 38.565288317580624 119
    endloop
  endfacet
  facet normal 0 0 -1
    outer loop
      vertex -20.77054193209677 38.565288317580624 119
      vertex -24.276173513940506 38.58626388148978 119
      vertex -21.152914270615128 38.65444504226559 119
    endloop
  endfacet
  facet normal 0 0 -1
    outer loop
      vertex -21.152914270615128 38.65444504226559 119
      vertex -24.276173513940506 38.58626388148978 119
      vertex -21.52863679181897 38.76841922302937 119
    endloop
  endfacet
  facet normal 0 0 -1
    outer loop
      vertex -21.52863679181897 38.76841922302937 119
      vertex -24.276173513940506 38.58626388148978 119
      vertex -21.896100594190543 38.906722804932286 119
    endloop
  endfacet
  facet normal 0 0 -1
    outer loop
      vertex -21.896100594190543 38.906722804932286 119
      vertex -24.276173513940506 38.58626388148978 119
      vertex -22.25373214131401 39.06876355080387 119
    endloop
  endfacet
  facet normal 0 0 -1
    outer loop
      vertex -24.276173513940506 38.58626388148978 119
      vertex -22.6 39.25384757729337 119
      vertex -22.25373214131401 39.06876355080387 119
    endloop
  endfacet
  facet normal -0.4338837391175567 -0.9009688679024199 0
    outer loop
      vertex -21.268907004672357 37.13804065863633 119
      vertex -24.276173513940506 38.58626388148978 125
      vertex -24.276173513940506 38.58626388148978 119
    endloop
  endfacet
  facet normal 0 0 -1
    outer loop
      vertex -14.923826486059504 38.58626388148978 119
      vertex -15.947431425947677 39.68987995825259 119
      vertex -15.64392510939959 39.93896115512614 119
    endloop
  endfacet
  facet normal 0 0 -1
    outer loop
      vertex -14.923826486059504 38.58626388148978 119
      vertex -16.6 39.25384757729337 119
      vertex -16.266578601882387 39.46118232618473 119
    endloop
  endfacet
  facet normal 0 0 -1
    outer loop
      vertex -14.923826486059504 38.58626388148978 119
      vertex -16.266578601882387 39.46118232618473 119
      vertex -15.947431425947677 39.68987995825259 119
    endloop
  endfacet
  facet normal 0 0 -1
    outer loop
      vertex -14.923826486059504 38.58626388148978 119
      vertex -15.64392510939959 39.93896115512614 119
      vertex -15.357359312880718 40.20735931288072 119
    endloop
  endfacet
  facet normal 0 0 -1
    outer loop
      vertex -14.923826486059504 38.58626388148978 119
      vertex -15.357359312880718 40.20735931288072 119
      vertex -15.088961155126135 40.49392510939959 119
    endloop
  endfacet
  facet normal 0 0 -1
    outer loop
      vertex -14.923826486059504 38.58626388148978 119
      vertex -15.088961155126135 40.49392510939959 119
      vertex -14.839879958252588 40.79743142594768 119
    endloop
  endfacet
  facet normal 0 0 -1
    outer loop
      vertex -14.923826486059504 38.58626388148978 119
      vertex -14.839879958252588 40.79743142594768 119
      vertex -12.84273349073186 41.19587195661832 119
    endloop
  endfacet
  facet normal 0 0 -1
    outer loop
      vertex -24.276173513940506 38.58626388148978 119
      vertex -22.933421398117616 39.46118232618473 119
      vertex -22.6 39.25384757729337 119
    endloop
  endfacet
  facet normal 0 0 -1
    outer loop
      vertex -24.276173513940506 38.58626388148978 119
      vertex -23.252568574052326 39.68987995825259 119
      vertex -22.933421398117616 39.46118232618473 119
    endloop
  endfacet
  facet normal 0 0 -1
    outer loop
      vertex -24.276173513940506 38.58626388148978 119
      vertex -23.556074890600414 39.93896115512614 119
      vertex -23.252568574052326 39.68987995825259 119
    endloop
  endfacet
  facet normal 0 0 -1
    outer loop
      vertex -24.276173513940506 38.58626388148978 119
      vertex -23.842640687119285 40.20735931288072 119
      vertex -23.556074890600414 39.93896115512614 119
    endloop
  endfacet
  facet normal 0 0 -1
    outer loop
      vertex -24.276173513940506 38.58626388148978 119
      vertex -24.111038844873868 40.49392510939959 119
      vertex -23.842640687119285 40.20735931288072 119
    endloop
  endfacet
  facet normal 0 0 -1
    outer loop
      vertex -24.276173513940506 38.58626388148978 119
      vertex -26.357266509268143 41.19587195661832 119
      vertex -24.111038844873868 40.49392510939959 119
    endloop
  endfacet
  facet normal 0 0 -1
    outer loop
      vertex -24.111038844873868 40.49392510939959 119
      vertex -26.357266509268143 41.19587195661832 119
      vertex -24.360120041747415 40.79743142594768 119
    endloop
  endfacet
  facet normal -0.781831482468031 -0.6234898018587322 0
    outer loop
      vertex -24.276173513940506 38.58626388148978 119
      vertex -24.276173513940506 38.58626388148978 125
      vertex -26.357266509268143 41.19587195661832 119
    endloop
  endfacet
  facet normal 0 -1 0
    outer loop
      vertex -17.931092995327646 37.13804065863633 119
      vertex -17.931092995327646 37.13804065863633 125
      vertex -21.268907004672357 37.13804065863633 125
    endloop
  endfacet
  facet normal 0.4338837391175574 -0.9009688679024194 0
    outer loop
      vertex -14.923826486059504 38.58626388148978 119
      vertex -14.923826486059504 38.58626388148978 125
      vertex -17.931092995327646 37.13804065863633 125
    endloop
  endfacet
  facet normal 0 0 1
    outer loop
      vertex -17.931092995327646 37.13804065863633 125
      vertex -14.923826486059504 38.58626388148978 125
      vertex -21.268907004672357 37.13804065863633 125
    endloop
  endfacet
  facet normal 0 0 1
    outer loop
      vertex -14.923826486059504 38.58626388148978 125
      vertex -24.276173513940506 38.58626388148978 125
      vertex -21.268907004672357 37.13804065863633 125
    endloop
  endfacet
  facet normal -0.4338837391175567 -0.9009688679024199 0
    outer loop
      vertex -21.268907004672357 37.13804065863633 119
      vertex -21.268907004672357 37.13804065863633 125
      vertex -24.276173513940506 38.58626388148978 125
    endloop
  endfacet
  facet normal 0.7818314824680299 -0.6234898018587334 0
    outer loop
      vertex -14.923826486059504 38.58626388148978 119
      vertex -12.84273349073186 41.19587195661832 125
      vertex -14.923826486059504 38.58626388148978 125
    endloop
  endfacet
  facet normal 0 0 1
    outer loop
      vertex -14.923826486059504 38.58626388148978 125
      vertex -12.84273349073186 41.19587195661832 125
      vertex -24.276173513940506 38.58626388148978 125
    endloop
  endfacet
  facet normal -0.781831482468031 -0.6234898018587322 0
    outer loop
      vertex -24.276173513940506 38.58626388148978 125
      vertex -26.357266509268143 41.19587195661832 125
      vertex -26.357266509268143 41.19587195661832 119
    endloop
  endfacet
  facet normal 0 0 1
    outer loop
      vertex -24.276173513940506 38.58626388148978 125
      vertex -12.84273349073186 41.19587195661832 125
      vertex -26.357266509268143 41.19587195661832 125
    endloop
  endfacet
  facet normal 0 0 -1
    outer loop
      vertex -12.84273349073186 41.19587195661832 119
      vertex -14.611182326184732 41.11657860188239 119
      vertex -14.40384757729337 41.45 119
    endloop
  endfacet
  facet normal 0 0 -1
    outer loop
      vertex -12.84273349073186 41.19587195661832 119
      vertex -14.40384757729337 41.45 119
      vertex -14.218763550803871 41.796267858685994 119
    endloop
  endfacet
  facet normal 0 0 -1
    outer loop
      vertex -12.84273349073186 41.19587195661832 119
      vertex -14.218763550803871 41.796267858685994 119
      vertex -14.056722804932281 42.15389940580946 119
    endloop
  endfacet
  facet normal 0 0 -1
    outer loop
      vertex -12.84273349073186 41.19587195661832 119
      vertex -14.056722804932281 42.15389940580946 119
      vertex -13.918419223029368 42.521363208181036 119
    endloop
  endfacet
  facet normal 0 0 -1
    outer loop
      vertex -12.84273349073186 41.19587195661832 119
      vertex -13.918419223029368 42.521363208181036 119
      vertex -13.804445042265591 42.89708572938488 119
    endloop
  endfacet
  facet normal 0 0 -1
    outer loop
      vertex -12.84273349073186 41.19587195661832 119
      vertex -13.804445042265591 42.89708572938488 119
      vertex -13.715288317580619 43.279458067903235 119
    endloop
  endfacet
  facet normal 0 0 -1
    outer loop
      vertex -12.84273349073186 41.19587195661832 119
      vertex -13.715288317580619 43.279458067903235 119
      vertex -12.100000000000001 44.45 119
    endloop
  endfacet
  facet normal 0 0 -1
    outer loop
      vertex -13.715288317580619 43.279458067903235 119
      vertex -13.65133083175714 43.66684284667969 119
      vertex -12.100000000000001 44.45 119
    endloop
  endfacet
  facet normal 0 0 -1
    outer loop
      vertex -13.65133083175714 43.66684284667969 119
      vertex -13.612846460568381 44.05758122461914 119
      vertex -12.100000000000001 44.45 119
    endloop
  endfacet
  facet normal 0 0 -1
    outer loop
      vertex -13.612846460568381 44.05758122461914 119
      vertex -13.600000000000001 44.45 119
      vertex -12.100000000000001 44.45 119
    endloop
  endfacet
  facet normal 0 0 -1
    outer loop
      vertex -12.100000000000001 44.45 119
      vertex -13.600000000000001 44.45 119
      vertex -13.612846460568381 44.842418775380864 119
    endloop
  endfacet
  facet normal 0.9749279121818234 -0.22252093395631498 0
    outer loop
      vertex -12.84273349073186 41.19587195661832 119
      vertex -12.100000000000001 44.45 119
      vertex -12.100000000000001 44.45 125
    endloop
  endfacet
  facet normal 0.9749279121818234 -0.22252093395631498 0
    outer loop
      vertex -12.84273349073186 41.19587195661832 119
      vertex -12.100000000000001 44.45 125
      vertex -12.84273349073186 41.19587195661832 125
    endloop
  endfacet
  facet normal 0 0 -1
    outer loop
      vertex -14.839879958252588 40.79743142594768 119
      vertex -14.611182326184732 41.11657860188239 119
      vertex -12.84273349073186 41.19587195661832 119
    endloop
  endfacet
  facet normal 0 0 -1
    outer loop
      vertex -24.360120041747415 40.79743142594768 119
      vertex -26.357266509268143 41.19587195661832 119
      vertex -24.58881767381527 41.11657860188239 119
    endloop
  endfacet
  facet normal 0 0 -1
    outer loop
      vertex -24.58881767381527 41.11657860188239 119
      vertex -26.357266509268143 41.19587195661832 119
      vertex -24.796152422706633 41.45 119
    endloop
  endfacet
  facet normal 0 0 -1
    outer loop
      vertex -26.357266509268143 41.19587195661832 119
      vertex -24.981236449196132 41.796267858685994 119
      vertex -24.796152422706633 41.45 119
    endloop
  endfacet
  facet normal 0 0 -1
    outer loop
      vertex -26.357266509268143 41.19587195661832 119
      vertex -25.143277195067718 42.15389940580946 119
      vertex -24.981236449196132 41.796267858685994 119
    endloop
  endfacet
  facet normal 0 0 -1
    outer loop
      vertex -26.357266509268143 41.19587195661832 119
      vertex -25.281580776970635 42.521363208181036 119
      vertex -25.143277195067718 42.15389940580946 119
    endloop
  endfacet
  facet normal 0 0 -1
    outer loop
      vertex -26.357266509268143 41.19587195661832 119
      vertex -25.39555495773441 42.89708572938488 119
      vertex -25.281580776970635 42.521363208181036 119
    endloop
  endfacet
  facet normal 0 0 -1
    outer loop
      vertex -26.357266509268143 41.19587195661832 119
      vertex -25.48471168241938 43.279458067903235 119
      vertex -25.39555495773441 42.89708572938488 119
    endloop
  endfacet
  facet normal -0.9749279121818234 -0.22252093395631498 0
    outer loop
      vertex -26.357266509268143 41.19587195661832 119
      vertex -26.357266509268143 41.19587195661832 125
      vertex -27.1 44.45 119
    endloop
  endfacet
  facet normal 0 0 -1
    outer loop
      vertex -26.357266509268143 41.19587195661832 119
      vertex -27.1 44.45 119
      vertex -25.48471168241938 43.279458067903235 119
    endloop
  endfacet
  facet normal 0 0 -1
    outer loop
      vertex -25.48471168241938 43.279458067903235 119
      vertex -27.1 44.45 119
      vertex -25.54866916824286 43.66684284667969 119
    endloop
  endfacet
  facet normal 0 0 -1
    outer loop
      vertex -25.54866916824286 43.66684284667969 119
      vertex -27.1 44.45 119
      vertex -25.58715353943162 44.05758122461914 119
    endloop
  endfacet
  facet normal 0 0 -1
    outer loop
      vertex -25.58715353943162 44.05758122461914 119
      vertex -27.1 44.45 119
      vertex -25.6 44.45 119
    endloop
  endfacet
  facet normal 0 0 -1
    outer loop
      vertex -25.6 44.45 119
      vertex -27.1 44.45 119
      vertex -25.58715353943162 44.842418775380864 119
    endloop
  endfacet
  facet normal 0 0 1
    outer loop
      vertex -12.84273349073186 41.19587195661832 125
      vertex -12.100000000000001 44.45 125
      vertex -26.357266509268143 41.19587195661832 125
    endloop
  endfacet
  facet normal -0.9749279121818234 -0.22252093395631498 0
    outer loop
      vertex -27.1 44.45 119
      vertex -26.357266509268143 41.19587195661832 125
      vertex -27.1 44.45 125
    endloop
  endfacet
  facet normal 0 0 1
    outer loop
      vertex -12.100000000000001 44.45 125
      vertex -27.1 44.45 125
      vertex -26.357266509268143 41.19587195661832 125
    endloop
  endfacet
  facet normal 0 0 -1
    outer loop
      vertex -12.100000000000001 44.45 119
      vertex -13.612846460568381 44.842418775380864 119
      vertex -13.65133083175714 45.23315715332031 119
    endloop
  endfacet
  facet normal 0 0 -1
    outer loop
      vertex -12.100000000000001 44.45 119
      vertex -13.65133083175714 45.23315715332031 119
      vertex -13.715288317580619 45.62054193209677 119
    endloop
  endfacet
  facet normal 0 0 -1
    outer loop
      vertex -12.100000000000001 44.45 119
      vertex -13.715288317580619 45.62054193209677 119
      vertex -12.84273349073186 47.70412804338169 119
    endloop
  endfacet
  facet normal 0 0 -1
    outer loop
      vertex -13.715288317580619 45.62054193209677 119
      vertex -13.804445042265591 46.00291427061513 119
      vertex -12.84273349073186 47.70412804338169 119
    endloop
  endfacet
  facet normal 0.9749279121818234 0.22252093395631498 0
    outer loop
      vertex -12.100000000000001 44.45 119
      vertex -12.84273349073186 47.70412804338169 119
      vertex -12.84273349073186 47.70412804338169 125
    endloop
  endfacet
  facet normal 0 0 -1
    outer loop
      vertex -13.804445042265591 46.00291427061513 119
      vertex -13.918419223029368 46.37863679181897 119
      vertex -12.84273349073186 47.70412804338169 119
    endloop
  endfacet
  facet normal 0 0 -1
    outer loop
      vertex -13.918419223029368 46.37863679181897 119
      vertex -14.056722804932281 46.746100594190544 119
      vertex -12.84273349073186 47.70412804338169 119
    endloop
  endfacet
  facet normal 0 0 -1
    outer loop
      vertex -12.84273349073186 47.70412804338169 119
      vertex -14.056722804932281 46.746100594190544 119
      vertex -14.218763550803871 47.10373214131401 119
    endloop
  endfacet
  facet normal 0 0 -1
    outer loop
      vertex -12.84273349073186 47.70412804338169 119
      vertex -14.218763550803871 47.10373214131401 119
      vertex -14.40384757729337 47.45 119
    endloop
  endfacet
  facet normal 0 0 -1
    outer loop
      vertex -12.84273349073186 47.70412804338169 119
      vertex -14.40384757729337 47.45 119
      vertex -14.611182326184732 47.78342139811762 119
    endloop
  endfacet
  facet normal 0.9749279121818234 0.22252093395631498 0
    outer loop
      vertex -12.100000000000001 44.45 119
      vertex -12.84273349073186 47.70412804338169 125
      vertex -12.100000000000001 44.45 125
    endloop
  endfacet
  facet normal 0 0 -1
    outer loop
      vertex -27.1 44.45 119
      vertex -25.54866916824286 45.23315715332031 119
      vertex -25.58715353943162 44.842418775380864 119
    endloop
  endfacet
  facet normal 0 0 -1
    outer loop
      vertex -27.1 44.45 119
      vertex -25.48471168241938 45.62054193209677 119
      vertex -25.54866916824286 45.23315715332031 119
    endloop
  endfacet
  facet normal 0 0 -1
    outer loop
      vertex -27.1 44.45 119
      vertex -26.357266509268143 47.70412804338169 119
      vertex -25.48471168241938 45.62054193209677 119
    endloop
  endfacet
  facet normal 0 0 -1
    outer loop
      vertex -25.48471168241938 45.62054193209677 119
      vertex -26.357266509268143 47.70412804338169 119
      vertex -25.39555495773441 46.00291427061513 119
    endloop
  endfacet
  facet normal -0.9749279121818234 0.22252093395631498 0
    outer loop
      vertex -27.1 44.45 119
      vertex -27.1 44.45 125
      vertex -26.357266509268143 47.70412804338169 119
    endloop
  endfacet
  facet normal 0 0 -1
    outer loop
      vertex -12.84273349073186 47.70412804338169 119
      vertex -14.611182326184732 47.78342139811762 119
      vertex -14.839879958252588 48.10256857405233 119
    endloop
  endfacet
  facet normal 0 0 -1
    outer loop
      vertex -12.84273349073186 47.70412804338169 119
      vertex -14.839879958252588 48.10256857405233 119
      vertex -15.088961155126135 48.406074890600415 119
    endloop
  endfacet
  facet normal 0 0 -1
    outer loop
      vertex -25.39555495773441 46.00291427061513 119
      vertex -26.357266509268143 47.70412804338169 119
      vertex -25.281580776970635 46.37863679181897 119
    endloop
  endfacet
  facet normal 0 0 -1
    outer loop
      vertex -25.281580776970635 46.37863679181897 119
      vertex -26.357266509268143 47.70412804338169 119
      vertex -25.143277195067718 46.746100594190544 119
    endloop
  endfacet
  facet normal 0 0 -1
    outer loop
      vertex -24.981236449196132 47.10373214131401 119
      vertex -26.357266509268143 47.70412804338169 119
      vertex -24.796152422706633 47.45 119
    endloop
  endfacet
  facet normal 0 0 -1
    outer loop
      vertex -25.143277195067718 46.746100594190544 119
      vertex -26.357266509268143 47.70412804338169 119
      vertex -24.981236449196132 47.10373214131401 119
    endloop
  endfacet
  facet normal 0 0 -1
    outer loop
      vertex -24.796152422706633 47.45 119
      vertex -26.357266509268143 47.70412804338169 119
      vertex -24.58881767381527 47.78342139811762 119
    endloop
  endfacet
  facet normal 0 0 -1
    outer loop
      vertex -24.58881767381527 47.78342139811762 119
      vertex -26.357266509268143 47.70412804338169 119
      vertex -24.360120041747415 48.10256857405233 119
    endloop
  endfacet
  facet normal 0 0 1
    outer loop
      vertex -12.100000000000001 44.45 125
      vertex -12.84273349073186 47.70412804338169 125
      vertex -27.1 44.45 125
    endloop
  endfacet
  facet normal -0.9749279121818234 0.22252093395631498 0
    outer loop
      vertex -27.1 44.45 125
      vertex -26.357266509268143 47.70412804338169 125
      vertex -26.357266509268143 47.70412804338169 119
    endloop
  endfacet
  facet normal 0 0 1
    outer loop
      vertex -27.1 44.45 125
      vertex -12.84273349073186 47.70412804338169 125
      vertex -26.357266509268143 47.70412804338169 125
    endloop
  endfacet
  facet normal 0.7818314824680299 0.6234898018587334 0
    outer loop
      vertex -12.84273349073186 47.70412804338169 119
      vertex -14.923826486059504 50.31373611851023 125
      vertex -12.84273349073186 47.70412804338169 125
    endloop
  endfacet
  facet normal 0 0 -1
    outer loop
      vertex -12.84273349073186 47.70412804338169 119
      vertex -15.088961155126135 48.406074890600415 119
      vertex -14.923826486059504 50.31373611851023 119
    endloop
  endfacet
  facet normal 0 0 -1
    outer loop
      vertex -15.088961155126135 48.406074890600415 119
      vertex -15.357359312880718 48.69264068711929 119
      vertex -14.923826486059504 50.31373611851023 119
    endloop
  endfacet
  facet normal 0 0 -1
    outer loop
      vertex -15.357359312880718 48.69264068711929 119
      vertex -15.64392510939959 48.96103884487387 119
      vertex -14.923826486059504 50.31373611851023 119
    endloop
  endfacet
  facet normal 0 0 -1
    outer loop
      vertex -15.64392510939959 48.96103884487387 119
      vertex -15.947431425947677 49.210120041747416 119
      vertex -14.923826486059504 50.31373611851023 119
    endloop
  endfacet
  facet normal 0 0 -1
    outer loop
      vertex -15.947431425947677 49.210120041747416 119
      vertex -16.266578601882387 49.43881767381527 119
      vertex -14.923826486059504 50.31373611851023 119
    endloop
  endfacet
  facet normal 0 0 -1
    outer loop
      vertex -16.266578601882387 49.43881767381527 119
      vertex -16.6 49.646152422706635 119
      vertex -14.923826486059504 50.31373611851023 119
    endloop
  endfacet
  facet normal 0 0 -1
    outer loop
      vertex -16.6 49.646152422706635 119
      vertex -16.946267858685992 49.83123644919613 119
      vertex -14.923826486059504 50.31373611851023 119
    endloop
  endfacet
  facet normal 0 0 -1
    outer loop
      vertex -16.946267858685992 49.83123644919613 119
      vertex -17.30389940580946 49.99327719506772 119
      vertex -14.923826486059504 50.31373611851023 119
    endloop
  endfacet
  facet normal 0 0 -1
    outer loop
      vertex -14.923826486059504 50.31373611851023 119
      vertex -17.30389940580946 49.99327719506772 119
      vertex -17.671363208181035 50.13158077697064 119
    endloop
  endfacet
  facet normal 0 0 -1
    outer loop
      vertex -14.923826486059504 50.31373611851023 119
      vertex -17.671363208181035 50.13158077697064 119
      vertex -18.047085729384875 50.24555495773441 119
    endloop
  endfacet
  facet normal 0 0 -1
    outer loop
      vertex -14.923826486059504 50.31373611851023 119
      vertex -18.047085729384875 50.24555495773441 119
      vertex -18.429458067903234 50.33471168241938 119
    endloop
  endfacet
  facet normal 0 0 -1
    outer loop
      vertex -14.923826486059504 50.31373611851023 119
      vertex -18.429458067903234 50.33471168241938 119
      vertex -18.81684284667969 50.39866916824286 119
    endloop
  endfacet
  facet normal 0 0 -1
    outer loop
      vertex -14.923826486059504 50.31373611851023 119
      vertex -18.81684284667969 50.39866916824286 119
      vertex -19.20758122461914 50.43715353943162 119
    endloop
  endfacet
  facet normal 0 0 -1
    outer loop
      vertex -14.923826486059504 50.31373611851023 119
      vertex -19.20758122461914 50.43715353943162 119
      vertex -19.6 50.45 119
    endloop
  endfacet
  facet normal 0.7818314824680299 0.6234898018587334 0
    outer loop
      vertex -12.84273349073186 47.70412804338169 119
      vertex -14.923826486059504 50.31373611851023 119
      vertex -14.923826486059504 50.31373611851023 125
    endloop
  endfacet
  facet normal 0 0 -1
    outer loop
      vertex -26.357266509268143 47.70412804338169 119
      vertex -24.276173513940506 50.31373611851023 119
      vertex -24.360120041747415 48.10256857405233 119
    endloop
  endfacet
  facet normal 0 0 -1
    outer loop
      vertex -24.360120041747415 48.10256857405233 119
      vertex -24.276173513940506 50.31373611851023 119
      vertex -24.111038844873868 48.406074890600415 119
    endloop
  endfacet
  facet normal 0 0 -1
    outer loop
      vertex -24.111038844873868 48.406074890600415 119
      vertex -24.276173513940506 50.31373611851023 119
      vertex -23.842640687119285 48.69264068711929 119
    endloop
  endfacet
  facet normal 0 0 -1
    outer loop
      vertex -23.556074890600414 48.96103884487387 119
      vertex -23.842640687119285 48.69264068711929 119
      vertex -24.276173513940506 50.31373611851023 119
    endloop
  endfacet
  facet normal 0 0 -1
    outer loop
      vertex -23.556074890600414 48.96103884487387 119
      vertex -24.276173513940506 50.31373611851023 119
      vertex -23.252568574052326 49.210120041747416 119
    endloop
  endfacet
  facet normal 0 0 -1
    outer loop
      vertex -23.252568574052326 49.210120041747416 119
      vertex -24.276173513940506 50.31373611851023 119
      vertex -22.933421398117616 49.43881767381527 119
    endloop
  endfacet
  facet normal 0 0 -1
    outer loop
      vertex -22.933421398117616 49.43881767381527 119
      vertex -24.276173513940506 50.31373611851023 119
      vertex -22.6 49.646152422706635 119
    endloop
  endfacet
  facet normal 0 0 -1
    outer loop
      vertex -22.6 49.646152422706635 119
      vertex -24.276173513940506 50.31373611851023 119
      vertex -22.25373214131401 49.83123644919613 119
    endloop
  endfacet
  facet normal 0 0 -1
    outer loop
      vertex -22.25373214131401 49.83123644919613 119
      vertex -24.276173513940506 50.31373611851023 119
      vertex -21.896100594190543 49.99327719506772 119
    endloop
  endfacet
  facet normal 0 0 -1
    outer loop
      vertex -21.896100594190543 49.99327719506772 119
      vertex -24.276173513940506 50.31373611851023 119
      vertex -21.52863679181897 50.13158077697064 119
    endloop
  endfacet
  facet normal 0 0 -1
    outer loop
      vertex -21.52863679181897 50.13158077697064 119
      vertex -24.276173513940506 50.31373611851023 119
      vertex -21.152914270615128 50.24555495773441 119
    endloop
  endfacet
  facet normal -0.781831482468031 0.6234898018587322 0
    outer loop
      vertex -26.357266509268143 47.70412804338169 119
      vertex -26.357266509268143 47.70412804338169 125
      vertex -24.276173513940506 50.31373611851023 119
    endloop
  endfacet
  facet normal 0 0 -1
    outer loop
      vertex -14.923826486059504 50.31373611851023 119
      vertex -19.6 50.45 119
      vertex -21.268907004672357 51.76195934136368 119
    endloop
  endfacet
  facet normal 0 0 -1
    outer loop
      vertex -19.992418775380862 50.43715353943162 119
      vertex -21.268907004672357 51.76195934136368 119
      vertex -19.6 50.45 119
    endloop
  endfacet
  facet normal 0 0 -1
    outer loop
      vertex -19.992418775380862 50.43715353943162 119
      vertex -20.38315715332031 50.39866916824286 119
      vertex -21.268907004672357 51.76195934136368 119
    endloop
  endfacet
  facet normal 0 0 -1
    outer loop
      vertex -14.923826486059504 50.31373611851023 119
      vertex -21.268907004672357 51.76195934136368 119
      vertex -17.931092995327646 51.76195934136368 119
    endloop
  endfacet
  facet normal 0.4338837391175574 0.9009688679024194 0
    outer loop
      vertex -14.923826486059504 50.31373611851023 119
      vertex -17.931092995327646 51.76195934136368 119
      vertex -14.923826486059504 50.31373611851023 125
    endloop
  endfacet
  facet normal 0 1 0
    outer loop
      vertex -17.931092995327646 51.76195934136368 119
      vertex -21.268907004672357 51.76195934136368 119
      vertex -17.931092995327646 51.76195934136368 125
    endloop
  endfacet
  facet normal 0 0 -1
    outer loop
      vertex -21.152914270615128 50.24555495773441 119
      vertex -21.268907004672357 51.76195934136368 119
      vertex -20.77054193209677 50.33471168241938 119
    endloop
  endfacet
  facet normal 0 0 -1
    outer loop
      vertex -20.38315715332031 50.39866916824286 119
      vertex -20.77054193209677 50.33471168241938 119
      vertex -21.268907004672357 51.76195934136368 119
    endloop
  endfacet
  facet normal 0 0 -1
    outer loop
      vertex -21.152914270615128 50.24555495773441 119
      vertex -24.276173513940506 50.31373611851023 119
      vertex -21.268907004672357 51.76195934136368 119
    endloop
  endfacet
  facet normal -0.4338837391175567 0.9009688679024199 0
    outer loop
      vertex -24.276173513940506 50.31373611851023 119
      vertex -21.268907004672357 51.76195934136368 125
      vertex -21.268907004672357 51.76195934136368 119
    endloop
  endfacet
  facet normal 0 0 1
    outer loop
      vertex -12.84273349073186 47.70412804338169 125
      vertex -14.923826486059504 50.31373611851023 125
      vertex -26.357266509268143 47.70412804338169 125
    endloop
  endfacet
  facet normal -0.781831482468031 0.6234898018587322 0
    outer loop
      vertex -26.357266509268143 47.70412804338169 125
      vertex -24.276173513940506 50.31373611851023 125
      vertex -24.276173513940506 50.31373611851023 119
    endloop
  endfacet
  facet normal 0 0 1
    outer loop
      vertex -26.357266509268143 47.70412804338169 125
      vertex -14.923826486059504 50.31373611851023 125
      vertex -24.276173513940506 50.31373611851023 125
    endloop
  endfacet
  facet normal 0.4338837391175574 0.9009688679024194 0
    outer loop
      vertex -17.931092995327646 51.76195934136368 119
      vertex -17.931092995327646 51.76195934136368 125
      vertex -14.923826486059504 50.31373611851023 125
    endloop
  endfacet
  facet normal 0 1 0
    outer loop
      vertex -21.268907004672357 51.76195934136368 119
      vertex -21.268907004672357 51.76195934136368 125
      vertex -17.931092995327646 51.76195934136368 125
    endloop
  endfacet
  facet normal 0 0 1
    outer loop
      vertex -14.923826486059504 50.31373611851023 125
      vertex -17.931092995327646 51.76195934136368 125
      vertex -24.276173513940506 50.31373611851023 125
    endloop
  endfacet
  facet normal -0.4338837391175567 0.9009688679024199 0
    outer loop
      vertex -24.276173513940506 50.31373611851023 119
      vertex -24.276173513940506 50.31373611851023 125
      vertex -21.268907004672357 51.76195934136368 125
    endloop
  endfacet
  facet normal 0 0 1
    outer loop
      vertex -24.276173513940506 50.31373611851023 125
      vertex -17.931092995327646 51.76195934136368 125
      vertex -21.268907004672357 51.76195934136368 125
    endloop
  endfacet
  facet normal -0.16289547339462107 0.9866433320848736 0
    outer loop
      vertex 17.731653547427417 42.782665023314514 94.5
      vertex 17.621894526774085 42.764543735664525 94.5
      vertex 17.621894526774085 42.764543735664525 110.5
    endloop
  endfacet
  facet normal -0.0980171403295416 0.9951847266721987 0
    outer loop
      vertex 17.621894526774085 42.764543735664525 94.5
      vertex 17.511185319691243 42.75363983049438 94.5
      vertex 17.511185319691243 42.75363983049438 110.5
    endloop
  endfacet
  facet normal -0.2270762630343512 0.9738769792773387 0
    outer loop
      vertex 17.839992376674285 42.80792609530859 94.5
      vertex 17.731653547427417 42.782665023314514 94.5
      vertex 17.731653547427417 42.782665023314514 110.5
    endloop
  endfacet
  facet normal -0.29028467725447915 0.9569403357322037 0
    outer loop
      vertex 17.946447091015372 42.840218779858326 94.5
      vertex 17.839992376674285 42.80792609530859 94.5
      vertex 17.839992376674285 42.80792609530859 110.5
    endloop
  endfacet
  facet normal -0.03271908282181814 0.9994645874763642 0
    outer loop
      vertex 17.511185319691243 42.75363983049438 94.5
      vertex 17.4 42.75 94.5
      vertex 17.4 42.75 110.5
    endloop
  endfacet
  facet normal 0.03271908282181814 0.9994645874763642 0
    outer loop
      vertex 17.4 42.75 94.5
      vertex 17.288814680308754 42.75363983049438 94.5
      vertex 17.288814680308754 42.75363983049438 110.5
    endloop
  endfacet
  facet normal 0.0980171403295416 0.9951847266721987 0
    outer loop
      vertex 17.288814680308754 42.75363983049438 94.5
      vertex 17.178105473225912 42.764543735664525 94.5
      vertex 17.178105473225912 42.764543735664525 110.5
    endloop
  endfacet
  facet normal 0.16289547339462107 0.9866433320848736 0
    outer loop
      vertex 17.178105473225912 42.764543735664525 94.5
      vertex 17.06834645257258 42.782665023314514 94.5
      vertex 17.06834645257258 42.782665023314514 110.5
    endloop
  endfacet
  facet normal 0.2270762630343512 0.9738769792773387 0
    outer loop
      vertex 17.06834645257258 42.782665023314514 94.5
      vertex 16.960007623325712 42.80792609530859 94.5
      vertex 16.960007623325712 42.80792609530859 110.5
    endloop
  endfacet
  facet normal 0.29028467725447915 0.9569403357322037 0
    outer loop
      vertex 16.960007623325712 42.80792609530859 94.5
      vertex 16.853552908984625 42.840218779858326 94.5
      vertex 16.853552908984625 42.840218779858326 110.5
    endloop
  endfacet
  facet normal -0.8128466845916205 0.5824776968677947 0
    outer loop
      vertex 18.748700678495098 43.41510557068518 94.5
      vertex 18.748700678495098 43.41510557068518 110.5
      vertex 18.813498340914325 43.50553060386668 94.5
    endloop
  endfacet
  facet normal -0.8492021815265723 0.5280678506503785 0
    outer loop
      vertex 18.813498340914325 43.50553060386668 94.5
      vertex 18.813498340914325 43.50553060386668 110.5
      vertex 18.872243186433543 43.6 94.5
    endloop
  endfacet
  facet normal -0.8819212643483482 0.4713967368260105 0
    outer loop
      vertex 18.872243186433543 43.6 94.5
      vertex 18.872243186433543 43.6 110.5
      vertex 18.92468366060557 43.6981092266277 94.5
    endloop
  endfacet
  facet normal -0.9108638249211868 0.4127070298043705 0
    outer loop
      vertex 18.970595205269184 43.79943816497935 94.5
      vertex 18.92468366060557 43.6981092266277 94.5
      vertex 18.92468366060557 43.6981092266277 110.5
    endloop
  endfacet
  facet normal -0.9359059267573187 0.3522500479212523 0
    outer loop
      vertex 18.970595205269184 43.79943816497935 110.5
      vertex 19.00978122014168 43.90355290898463 94.5
      vertex 18.970595205269184 43.79943816497935 94.5
    endloop
  endfacet
  facet normal -0.9569403357322153 0.290284677254441 0
    outer loop
      vertex 19.00978122014168 43.90355290898463 94.5
      vertex 19.00978122014168 43.90355290898463 110.5
      vertex 19.042073904691414 44.01000762332572 94.5
    endloop
  endfacet
  facet normal -0.9738769792773317 0.22707626303438147 0
    outer loop
      vertex 19.042073904691414 44.01000762332572 94.5
      vertex 19.042073904691414 44.01000762332572 110.5
      vertex 19.06733497668549 44.11834645257259 94.5
    endloop
  endfacet
  facet normal -0.9866433320848781 0.16289547339459512 0
    outer loop
      vertex 19.06733497668549 44.11834645257259 94.5
      vertex 19.06733497668549 44.11834645257259 110.5
      vertex 19.085456264335477 44.22810547322592 94.5
    endloop
  endfacet
  facet normal -0.9951847266721987 0.0980171403295416 0
    outer loop
      vertex 19.085456264335477 44.22810547322592 94.5
      vertex 19.085456264335477 44.22810547322592 110.5
      vertex 19.096360169505623 44.33881468030876 94.5
    endloop
  endfacet
  facet normal -0.9994645874763654 0.03271908282178624 0
    outer loop
      vertex 19.096360169505623 44.33881468030876 94.5
      vertex 19.096360169505623 44.33881468030876 110.5
      vertex 19.099999999999998 44.45 94.5
    endloop
  endfacet
  facet normal -0.9994645874763654 -0.03271908282178624 0
    outer loop
      vertex 19.099999999999998 44.45 110.5
      vertex 19.096360169505623 44.56118531969125 94.5
      vertex 19.099999999999998 44.45 94.5
    endloop
  endfacet
  facet normal -0.9951847266721987 -0.0980171403295416 0
    outer loop
      vertex 19.096360169505623 44.56118531969125 94.5
      vertex 19.096360169505623 44.56118531969125 110.5
      vertex 19.085456264335477 44.67189452677409 94.5
    endloop
  endfacet
  facet normal -0.9866433320848781 -0.16289547339459512 0
    outer loop
      vertex 19.085456264335477 44.67189452677409 94.5
      vertex 19.085456264335477 44.67189452677409 110.5
      vertex 19.06733497668549 44.78165354742742 94.5
    endloop
  endfacet
  facet normal -0.3522500479212243 0.9359059267573291 0
    outer loop
      vertex 18.050561835020652 42.87940479473082 94.5
      vertex 17.946447091015372 42.840218779858326 94.5
      vertex 17.946447091015372 42.840218779858326 110.5
    endloop
  endfacet
  facet normal -0.41270702980439705 0.9108638249211749 0
    outer loop
      vertex 18.1518907733723 42.925316339394435 94.5
      vertex 18.050561835020652 42.87940479473082 94.5
      vertex 18.050561835020652 42.87940479473082 110.5
    endloop
  endfacet
  facet normal -0.47139673682598565 0.8819212643483614 0
    outer loop
      vertex 18.25 42.97775681356646 94.5
      vertex 18.1518907733723 42.925316339394435 94.5
      vertex 18.1518907733723 42.925316339394435 110.5
    endloop
  endfacet
  facet normal -0.5824776968678309 0.8128466845915945 0
    outer loop
      vertex 18.434894429314824 43.101299321504904 94.5
      vertex 18.344469396133324 43.03650165908567 94.5
      vertex 18.344469396133324 43.03650165908567 110.5
    endloop
  endfacet
  facet normal -0.5280678506503412 0.8492021815265957 0
    outer loop
      vertex 18.344469396133324 43.03650165908567 94.5
      vertex 18.25 42.97775681356646 94.5
      vertex 18.25 42.97775681356646 110.5
    endloop
  endfacet
  facet normal -0.6343932841636315 0.7730104533627484 0
    outer loop
      vertex 18.520887885670117 43.17187232728574 94.5
      vertex 18.434894429314824 43.101299321504904 94.5
      vertex 18.434894429314824 43.101299321504904 110.5
    endloop
  endfacet
  facet normal -0.6835923020228705 0.7298640726978364 0
    outer loop
      vertex 18.60208152801713 43.24791847198287 94.5
      vertex 18.520887885670117 43.17187232728574 94.5
      vertex 18.520887885670117 43.17187232728574 110.5
    endloop
  endfacet
  facet normal -0.7298640726978513 0.6835923020228546 0
    outer loop
      vertex 18.60208152801713 43.24791847198287 94.5
      vertex 18.60208152801713 43.24791847198287 110.5
      vertex 18.67812767271426 43.32911211432989 94.5
    endloop
  endfacet
  facet normal 0.3522500479212243 0.9359059267573291 0
    outer loop
      vertex 16.853552908984625 42.840218779858326 94.5
      vertex 16.749438164979345 42.87940479473082 94.5
      vertex 16.749438164979345 42.87940479473082 110.5
    endloop
  endfacet
  facet normal 0.41270702980439705 0.9108638249211749 0
    outer loop
      vertex 16.749438164979345 42.87940479473082 94.5
      vertex 16.648109226627696 42.925316339394435 94.5
      vertex 16.648109226627696 42.925316339394435 110.5
    endloop
  endfacet
  facet normal 0.47139673682598565 0.8819212643483614 0
    outer loop
      vertex 16.648109226627696 42.925316339394435 94.5
      vertex 16.549999999999997 42.97775681356646 94.5
      vertex 16.549999999999997 42.97775681356646 110.5
    endloop
  endfacet
  facet normal 0.5280678506503412 0.8492021815265957 0
    outer loop
      vertex 16.549999999999997 42.97775681356646 94.5
      vertex 16.455530603866674 43.03650165908567 94.5
      vertex 16.455530603866674 43.03650165908567 110.5
    endloop
  endfacet
  facet normal 0.5824776968678309 0.8128466845915945 0
    outer loop
      vertex 16.455530603866674 43.03650165908567 94.5
      vertex 16.365105570685174 43.101299321504904 94.5
      vertex 16.365105570685174 43.101299321504904 110.5
    endloop
  endfacet
  facet normal 0.6343932841636315 0.7730104533627484 0
    outer loop
      vertex 16.365105570685174 43.101299321504904 94.5
      vertex 16.27911211432988 43.17187232728574 94.5
      vertex 16.27911211432988 43.17187232728574 110.5
    endloop
  endfacet
  facet normal 0.6835923020228705 0.7298640726978364 0
    outer loop
      vertex 16.27911211432988 43.17187232728574 94.5
      vertex 16.197918471982867 43.24791847198287 94.5
      vertex 16.197918471982867 43.24791847198287 110.5
    endloop
  endfacet
  facet normal 0.7298640726978513 0.6835923020228546 0
    outer loop
      vertex 16.121872327285736 43.32911211432989 94.5
      vertex 16.121872327285736 43.32911211432989 110.5
      vertex 16.197918471982867 43.24791847198287 94.5
    endloop
  endfacet
  facet normal -0.7730104533627356 0.6343932841636472 0
    outer loop
      vertex 18.67812767271426 43.32911211432989 94.5
      vertex 18.67812767271426 43.32911211432989 110.5
      vertex 18.748700678495098 43.41510557068518 94.5
    endloop
  endfacet
  facet normal 0.7730104533627356 0.6343932841636472 0
    outer loop
      vertex 16.0512993215049 43.41510557068518 94.5
      vertex 16.0512993215049 43.41510557068518 110.5
      vertex 16.121872327285736 43.32911211432989 94.5
    endloop
  endfacet
  facet normal 0.8128466845916205 0.5824776968677947 0
    outer loop
      vertex 15.986501659085672 43.50553060386668 94.5
      vertex 15.986501659085672 43.50553060386668 110.5
      vertex 16.0512993215049 43.41510557068518 94.5
    endloop
  endfacet
  facet normal 0.8492021815265723 0.5280678506503785 0
    outer loop
      vertex 15.927756813566454 43.6 94.5
      vertex 15.927756813566454 43.6 110.5
      vertex 15.986501659085672 43.50553060386668 94.5
    endloop
  endfacet
  facet normal 0.8819212643483548 0.4713967368259981 0
    outer loop
      vertex 15.875316339394429 43.6981092266277 94.5
      vertex 15.875316339394429 43.6981092266277 110.5
      vertex 15.927756813566454 43.6 94.5
    endloop
  endfacet
  facet normal 0.9108638249211749 0.41270702980439705 0
    outer loop
      vertex 15.829404794730811 43.79943816497935 94.5
      vertex 15.829404794730811 43.79943816497935 110.5
      vertex 15.875316339394429 43.6981092266277 94.5
    endloop
  endfacet
  facet normal 0.9359059267573291 0.3522500479212243 0
    outer loop
      vertex 15.79021877985832 43.90355290898463 94.5
      vertex 15.79021877985832 43.90355290898463 110.5
      vertex 15.829404794730811 43.79943816497935 94.5
    endloop
  endfacet
  facet normal 0.9569403357322065 0.29028467725447027 0
    outer loop
      vertex 15.79021877985832 43.90355290898463 94.5
      vertex 15.757926095308582 44.01000762332572 94.5
      vertex 15.757926095308582 44.01000762332572 110.5
    endloop
  endfacet
  facet normal 0.9738769792773352 0.22707626303436632 0
    outer loop
      vertex 15.732665023314507 44.11834645257259 94.5
      vertex 15.732665023314507 44.11834645257259 110.5
      vertex 15.757926095308582 44.01000762332572 94.5
    endloop
  endfacet
  facet normal 0.9866433320848781 0.16289547339459512 0
    outer loop
      vertex 15.71454373566452 44.22810547322592 94.5
      vertex 15.71454373566452 44.22810547322592 110.5
      vertex 15.732665023314507 44.11834645257259 94.5
    endloop
  endfacet
  facet normal 0.9951847266721972 0.09801714032955741 0
    outer loop
      vertex 15.703639830494373 44.33881468030876 94.5
      vertex 15.703639830494373 44.33881468030876 110.5
      vertex 15.71454373566452 44.22810547322592 94.5
    endloop
  endfacet
  facet normal 0.9994645874763659 0.03271908282177029 0
    outer loop
      vertex 15.7 44.45 94.5
      vertex 15.7 44.45 110.5
      vertex 15.703639830494373 44.33881468030876 94.5
    endloop
  endfacet
  facet normal 0.9994645874763659 -0.03271908282177029 0
    outer loop
      vertex 15.703639830494373 44.56118531969125 94.5
      vertex 15.703639830494373 44.56118531969125 110.5
      vertex 15.7 44.45 94.5
    endloop
  endfacet
  facet normal 0.9951847266721972 -0.09801714032955741 0
    outer loop
      vertex 15.71454373566452 44.67189452677409 94.5
      vertex 15.71454373566452 44.67189452677409 110.5
      vertex 15.703639830494373 44.56118531969125 94.5
    endloop
  endfacet
  facet normal -0.16289547339462107 0.9866433320848736 0
    outer loop
      vertex 17.731653547427417 42.782665023314514 94.5
      vertex 17.621894526774085 42.764543735664525 110.5
      vertex 17.731653547427417 42.782665023314514 110.5
    endloop
  endfacet
  facet normal -0.0980171403295416 0.9951847266721987 0
    outer loop
      vertex 17.621894526774085 42.764543735664525 94.5
      vertex 17.511185319691243 42.75363983049438 110.5
      vertex 17.621894526774085 42.764543735664525 110.5
    endloop
  endfacet
  facet normal -0.2270762630343512 0.9738769792773387 0
    outer loop
      vertex 17.839992376674285 42.80792609530859 94.5
      vertex 17.731653547427417 42.782665023314514 110.5
      vertex 17.839992376674285 42.80792609530859 110.5
    endloop
  endfacet
  facet normal -0.29028467725447915 0.9569403357322037 0
    outer loop
      vertex 17.946447091015372 42.840218779858326 94.5
      vertex 17.839992376674285 42.80792609530859 110.5
      vertex 17.946447091015372 42.840218779858326 110.5
    endloop
  endfacet
  facet normal -0.03271908282181814 0.9994645874763642 0
    outer loop
      vertex 17.511185319691243 42.75363983049438 94.5
      vertex 17.4 42.75 110.5
      vertex 17.511185319691243 42.75363983049438 110.5
    endloop
  endfacet
  facet normal 0.03271908282181814 0.9994645874763642 0
    outer loop
      vertex 17.4 42.75 94.5
      vertex 17.288814680308754 42.75363983049438 110.5
      vertex 17.4 42.75 110.5
    endloop
  endfacet
  facet normal 0.0980171403295416 0.9951847266721987 0
    outer loop
      vertex 17.288814680308754 42.75363983049438 94.5
      vertex 17.178105473225912 42.764543735664525 110.5
      vertex 17.288814680308754 42.75363983049438 110.5
    endloop
  endfacet
  facet normal 0.16289547339462107 0.9866433320848736 0
    outer loop
      vertex 17.178105473225912 42.764543735664525 94.5
      vertex 17.06834645257258 42.782665023314514 110.5
      vertex 17.178105473225912 42.764543735664525 110.5
    endloop
  endfacet
  facet normal 0.2270762630343512 0.9738769792773387 0
    outer loop
      vertex 17.06834645257258 42.782665023314514 94.5
      vertex 16.960007623325712 42.80792609530859 110.5
      vertex 17.06834645257258 42.782665023314514 110.5
    endloop
  endfacet
  facet normal 0.29028467725447915 0.9569403357322037 0
    outer loop
      vertex 16.960007623325712 42.80792609530859 94.5
      vertex 16.853552908984625 42.840218779858326 110.5
      vertex 16.960007623325712 42.80792609530859 110.5
    endloop
  endfacet
  facet normal -0.8128466845916205 0.5824776968677947 0
    outer loop
      vertex 18.813498340914325 43.50553060386668 94.5
      vertex 18.748700678495098 43.41510557068518 110.5
      vertex 18.813498340914325 43.50553060386668 110.5
    endloop
  endfacet
  facet normal -0.8492021815265723 0.5280678506503785 0
    outer loop
      vertex 18.872243186433543 43.6 94.5
      vertex 18.813498340914325 43.50553060386668 110.5
      vertex 18.872243186433543 43.6 110.5
    endloop
  endfacet
  facet normal -0.8819212643483482 0.4713967368260105 0
    outer loop
      vertex 18.92468366060557 43.6981092266277 94.5
      vertex 18.872243186433543 43.6 110.5
      vertex 18.92468366060557 43.6981092266277 110.5
    endloop
  endfacet
  facet normal -0.9108638249211868 0.4127070298043705 0
    outer loop
      vertex 18.970595205269184 43.79943816497935 94.5
      vertex 18.92468366060557 43.6981092266277 110.5
      vertex 18.970595205269184 43.79943816497935 110.5
    endloop
  endfacet
  facet normal -0.9359059267573187 0.3522500479212523 0
    outer loop
      vertex 19.00978122014168 43.90355290898463 94.5
      vertex 18.970595205269184 43.79943816497935 110.5
      vertex 19.00978122014168 43.90355290898463 110.5
    endloop
  endfacet
  facet normal -0.9569403357322153 0.290284677254441 0
    outer loop
      vertex 19.00978122014168 43.90355290898463 110.5
      vertex 19.042073904691414 44.01000762332572 110.5
      vertex 19.042073904691414 44.01000762332572 94.5
    endloop
  endfacet
  facet normal -0.9738769792773317 0.22707626303438147 0
    outer loop
      vertex 19.06733497668549 44.11834645257259 94.5
      vertex 19.042073904691414 44.01000762332572 110.5
      vertex 19.06733497668549 44.11834645257259 110.5
    endloop
  endfacet
  facet normal -0.9866433320848781 0.16289547339459512 0
    outer loop
      vertex 19.085456264335477 44.22810547322592 94.5
      vertex 19.06733497668549 44.11834645257259 110.5
      vertex 19.085456264335477 44.22810547322592 110.5
    endloop
  endfacet
  facet normal -0.9951847266721987 0.0980171403295416 0
    outer loop
      vertex 19.096360169505623 44.33881468030876 94.5
      vertex 19.085456264335477 44.22810547322592 110.5
      vertex 19.096360169505623 44.33881468030876 110.5
    endloop
  endfacet
  facet normal -0.9994645874763654 0.03271908282178624 0
    outer loop
      vertex 19.099999999999998 44.45 94.5
      vertex 19.096360169505623 44.33881468030876 110.5
      vertex 19.099999999999998 44.45 110.5
    endloop
  endfacet
  facet normal -0.9994645874763654 -0.03271908282178624 0
    outer loop
      vertex 19.096360169505623 44.56118531969125 94.5
      vertex 19.099999999999998 44.45 110.5
      vertex 19.096360169505623 44.56118531969125 110.5
    endloop
  endfacet
  facet normal -0.9951847266721987 -0.0980171403295416 0
    outer loop
      vertex 19.085456264335477 44.67189452677409 94.5
      vertex 19.096360169505623 44.56118531969125 110.5
      vertex 19.085456264335477 44.67189452677409 110.5
    endloop
  endfacet
  facet normal -0.3522500479212243 0.9359059267573291 0
    outer loop
      vertex 18.050561835020652 42.87940479473082 94.5
      vertex 17.946447091015372 42.840218779858326 110.5
      vertex 18.050561835020652 42.87940479473082 110.5
    endloop
  endfacet
  facet normal -0.41270702980439705 0.9108638249211749 0
    outer loop
      vertex 18.1518907733723 42.925316339394435 94.5
      vertex 18.050561835020652 42.87940479473082 110.5
      vertex 18.1518907733723 42.925316339394435 110.5
    endloop
  endfacet
  facet normal -0.47139673682598565 0.8819212643483614 0
    outer loop
      vertex 18.25 42.97775681356646 94.5
      vertex 18.1518907733723 42.925316339394435 110.5
      vertex 18.25 42.97775681356646 110.5
    endloop
  endfacet
  facet normal -0.5280678506503412 0.8492021815265957 0
    outer loop
      vertex 18.344469396133324 43.03650165908567 94.5
      vertex 18.25 42.97775681356646 110.5
      vertex 18.344469396133324 43.03650165908567 110.5
    endloop
  endfacet
  facet normal -0.5824776968678309 0.8128466845915945 0
    outer loop
      vertex 18.344469396133324 43.03650165908567 110.5
      vertex 18.434894429314824 43.101299321504904 110.5
      vertex 18.434894429314824 43.101299321504904 94.5
    endloop
  endfacet
  facet normal -0.6343932841636315 0.7730104533627484 0
    outer loop
      vertex 18.520887885670117 43.17187232728574 94.5
      vertex 18.434894429314824 43.101299321504904 110.5
      vertex 18.520887885670117 43.17187232728574 110.5
    endloop
  endfacet
  facet normal -0.6835923020228705 0.7298640726978364 0
    outer loop
      vertex 18.60208152801713 43.24791847198287 94.5
      vertex 18.520887885670117 43.17187232728574 110.5
      vertex 18.60208152801713 43.24791847198287 110.5
    endloop
  endfacet
  facet normal -0.7298640726978513 0.6835923020228546 0
    outer loop
      vertex 18.67812767271426 43.32911211432989 94.5
      vertex 18.60208152801713 43.24791847198287 110.5
      vertex 18.67812767271426 43.32911211432989 110.5
    endloop
  endfacet
  facet normal 0.3522500479212243 0.9359059267573291 0
    outer loop
      vertex 16.749438164979345 42.87940479473082 110.5
      vertex 16.853552908984625 42.840218779858326 110.5
      vertex 16.853552908984625 42.840218779858326 94.5
    endloop
  endfacet
  facet normal 0.41270702980439705 0.9108638249211749 0
    outer loop
      vertex 16.749438164979345 42.87940479473082 94.5
      vertex 16.648109226627696 42.925316339394435 110.5
      vertex 16.749438164979345 42.87940479473082 110.5
    endloop
  endfacet
  facet normal 0.47139673682598565 0.8819212643483614 0
    outer loop
      vertex 16.648109226627696 42.925316339394435 94.5
      vertex 16.549999999999997 42.97775681356646 110.5
      vertex 16.648109226627696 42.925316339394435 110.5
    endloop
  endfacet
  facet normal 0.5280678506503412 0.8492021815265957 0
    outer loop
      vertex 16.549999999999997 42.97775681356646 94.5
      vertex 16.455530603866674 43.03650165908567 110.5
      vertex 16.549999999999997 42.97775681356646 110.5
    endloop
  endfacet
  facet normal 0.5824776968678309 0.8128466845915945 0
    outer loop
      vertex 16.455530603866674 43.03650165908567 94.5
      vertex 16.365105570685174 43.101299321504904 110.5
      vertex 16.455530603866674 43.03650165908567 110.5
    endloop
  endfacet
  facet normal 0.6343932841636315 0.7730104533627484 0
    outer loop
      vertex 16.365105570685174 43.101299321504904 94.5
      vertex 16.27911211432988 43.17187232728574 110.5
      vertex 16.365105570685174 43.101299321504904 110.5
    endloop
  endfacet
  facet normal 0.6835923020228705 0.7298640726978364 0
    outer loop
      vertex 16.27911211432988 43.17187232728574 94.5
      vertex 16.197918471982867 43.24791847198287 110.5
      vertex 16.27911211432988 43.17187232728574 110.5
    endloop
  endfacet
  facet normal 0.7298640726978513 0.6835923020228546 0
    outer loop
      vertex 16.121872327285736 43.32911211432989 110.5
      vertex 16.197918471982867 43.24791847198287 110.5
      vertex 16.197918471982867 43.24791847198287 94.5
    endloop
  endfacet
  facet normal -0.7730104533627356 0.6343932841636472 0
    outer loop
      vertex 18.748700678495098 43.41510557068518 94.5
      vertex 18.67812767271426 43.32911211432989 110.5
      vertex 18.748700678495098 43.41510557068518 110.5
    endloop
  endfacet
  facet normal 0.7730104533627356 0.6343932841636472 0
    outer loop
      vertex 16.121872327285736 43.32911211432989 94.5
      vertex 16.0512993215049 43.41510557068518 110.5
      vertex 16.121872327285736 43.32911211432989 110.5
    endloop
  endfacet
  facet normal 0.8128466845916205 0.5824776968677947 0
    outer loop
      vertex 16.0512993215049 43.41510557068518 94.5
      vertex 15.986501659085672 43.50553060386668 110.5
      vertex 16.0512993215049 43.41510557068518 110.5
    endloop
  endfacet
  facet normal 0.8492021815265723 0.5280678506503785 0
    outer loop
      vertex 15.927756813566454 43.6 110.5
      vertex 15.986501659085672 43.50553060386668 110.5
      vertex 15.986501659085672 43.50553060386668 94.5
    endloop
  endfacet
  facet normal 0.8819212643483548 0.4713967368259981 0
    outer loop
      vertex 15.927756813566454 43.6 94.5
      vertex 15.875316339394429 43.6981092266277 110.5
      vertex 15.927756813566454 43.6 110.5
    endloop
  endfacet
  facet normal 0.9108638249211749 0.41270702980439705 0
    outer loop
      vertex 15.829404794730811 43.79943816497935 110.5
      vertex 15.875316339394429 43.6981092266277 110.5
      vertex 15.875316339394429 43.6981092266277 94.5
    endloop
  endfacet
  facet normal 0.9359059267573291 0.3522500479212243 0
    outer loop
      vertex 15.829404794730811 43.79943816497935 94.5
      vertex 15.79021877985832 43.90355290898463 110.5
      vertex 15.829404794730811 43.79943816497935 110.5
    endloop
  endfacet
  facet normal 0.9569403357322065 0.29028467725447027 0
    outer loop
      vertex 15.79021877985832 43.90355290898463 94.5
      vertex 15.757926095308582 44.01000762332572 110.5
      vertex 15.79021877985832 43.90355290898463 110.5
    endloop
  endfacet
  facet normal 0.9738769792773352 0.22707626303436632 0
    outer loop
      vertex 15.757926095308582 44.01000762332572 94.5
      vertex 15.732665023314507 44.11834645257259 110.5
      vertex 15.757926095308582 44.01000762332572 110.5
    endloop
  endfacet
  facet normal 0.9866433320848781 0.16289547339459512 0
    outer loop
      vertex 15.71454373566452 44.22810547322592 110.5
      vertex 15.732665023314507 44.11834645257259 110.5
      vertex 15.732665023314507 44.11834645257259 94.5
    endloop
  endfacet
  facet normal 0.9951847266721972 0.09801714032955741 0
    outer loop
      vertex 15.71454373566452 44.22810547322592 94.5
      vertex 15.703639830494373 44.33881468030876 110.5
      vertex 15.71454373566452 44.22810547322592 110.5
    endloop
  endfacet
  facet normal 0.9994645874763659 0.03271908282177029 0
    outer loop
      vertex 15.703639830494373 44.33881468030876 94.5
      vertex 15.7 44.45 110.5
      vertex 15.703639830494373 44.33881468030876 110.5
    endloop
  endfacet
  facet normal 0.9994645874763659 -0.03271908282177029 0
    outer loop
      vertex 15.7 44.45 94.5
      vertex 15.703639830494373 44.56118531969125 110.5
      vertex 15.7 44.45 110.5
    endloop
  endfacet
  facet normal 0.9951847266721972 -0.09801714032955741 0
    outer loop
      vertex 15.703639830494373 44.56118531969125 94.5
      vertex 15.71454373566452 44.67189452677409 110.5
      vertex 15.703639830494373 44.56118531969125 110.5
    endloop
  endfacet
  facet normal 0.9866433320848781 -0.16289547339459512 0
    outer loop
      vertex 15.71454373566452 44.67189452677409 94.5
      vertex 15.732665023314507 44.78165354742742 110.5
      vertex 15.71454373566452 44.67189452677409 110.5
    endloop
  endfacet
  facet normal -0.9738769792773317 -0.22707626303438147 0
    outer loop
      vertex 19.06733497668549 44.78165354742742 94.5
      vertex 19.06733497668549 44.78165354742742 110.5
      vertex 19.042073904691414 44.889992376674286 94.5
    endloop
  endfacet
  facet normal -0.9569403357322153 -0.290284677254441 0
    outer loop
      vertex 19.00978122014168 44.996447091015376 94.5
      vertex 19.042073904691414 44.889992376674286 94.5
      vertex 19.042073904691414 44.889992376674286 110.5
    endloop
  endfacet
  facet normal -0.9359059267573187 -0.3522500479212523 0
    outer loop
      vertex 19.00978122014168 44.996447091015376 94.5
      vertex 19.00978122014168 44.996447091015376 110.5
      vertex 18.970595205269184 45.100561835020656 94.5
    endloop
  endfacet
  facet normal -0.9108638249211868 -0.4127070298043705 0
    outer loop
      vertex 18.970595205269184 45.100561835020656 94.5
      vertex 18.970595205269184 45.100561835020656 110.5
      vertex 18.92468366060557 45.201890773372305 94.5
    endloop
  endfacet
  facet normal -0.8819212643483482 -0.4713967368260105 0
    outer loop
      vertex 18.92468366060557 45.201890773372305 94.5
      vertex 18.92468366060557 45.201890773372305 110.5
      vertex 18.872243186433543 45.300000000000004 94.5
    endloop
  endfacet
  facet normal -0.8492021815265723 -0.5280678506503785 0
    outer loop
      vertex 18.872243186433543 45.300000000000004 94.5
      vertex 18.872243186433543 45.300000000000004 110.5
      vertex 18.813498340914325 45.394469396133324 94.5
    endloop
  endfacet
  facet normal -0.8128466845916205 -0.5824776968677947 0
    outer loop
      vertex 18.813498340914325 45.394469396133324 94.5
      vertex 18.813498340914325 45.394469396133324 110.5
      vertex 18.748700678495098 45.48489442931483 94.5
    endloop
  endfacet
  facet normal 0.9866433320848781 -0.16289547339459512 0
    outer loop
      vertex 15.732665023314507 44.78165354742742 94.5
      vertex 15.732665023314507 44.78165354742742 110.5
      vertex 15.71454373566452 44.67189452677409 94.5
    endloop
  endfacet
  facet normal 0.9738769792773352 -0.22707626303436632 0
    outer loop
      vertex 15.757926095308582 44.889992376674286 94.5
      vertex 15.757926095308582 44.889992376674286 110.5
      vertex 15.732665023314507 44.78165354742742 94.5
    endloop
  endfacet
  facet normal 0.9569403357322065 -0.29028467725447027 0
    outer loop
      vertex 15.79021877985832 44.996447091015376 94.5
      vertex 15.79021877985832 44.996447091015376 110.5
      vertex 15.757926095308582 44.889992376674286 94.5
    endloop
  endfacet
  facet normal 0.9359059267573291 -0.3522500479212243 0
    outer loop
      vertex 15.829404794730811 45.100561835020656 110.5
      vertex 15.79021877985832 44.996447091015376 94.5
      vertex 15.829404794730811 45.100561835020656 94.5
    endloop
  endfacet
  facet normal 0.9108638249211749 -0.41270702980439705 0
    outer loop
      vertex 15.829404794730811 45.100561835020656 94.5
      vertex 15.875316339394429 45.201890773372305 94.5
      vertex 15.875316339394429 45.201890773372305 110.5
    endloop
  endfacet
  facet normal -0.7730104533627356 -0.6343932841636472 0
    outer loop
      vertex 18.748700678495098 45.48489442931483 94.5
      vertex 18.748700678495098 45.48489442931483 110.5
      vertex 18.67812767271426 45.57088788567012 94.5
    endloop
  endfacet
  facet normal -0.7298640726978513 -0.6835923020228546 0
    outer loop
      vertex 18.67812767271426 45.57088788567012 94.5
      vertex 18.67812767271426 45.57088788567012 110.5
      vertex 18.60208152801713 45.652081528017135 94.5
    endloop
  endfacet
  facet normal -0.6835923020228705 -0.7298640726978364 0
    outer loop
      vertex 18.60208152801713 45.652081528017135 94.5
      vertex 18.60208152801713 45.652081528017135 110.5
      vertex 18.520887885670117 45.728127672714265 94.5
    endloop
  endfacet
  facet normal 0.8819212643483548 -0.4713967368259981 0
    outer loop
      vertex 15.927756813566454 45.300000000000004 94.5
      vertex 15.927756813566454 45.300000000000004 110.5
      vertex 15.875316339394429 45.201890773372305 94.5
    endloop
  endfacet
  facet normal 0.8492021815265723 -0.5280678506503785 0
    outer loop
      vertex 15.986501659085672 45.394469396133324 94.5
      vertex 15.986501659085672 45.394469396133324 110.5
      vertex 15.927756813566454 45.300000000000004 94.5
    endloop
  endfacet
  facet normal 0.8128466845916205 -0.5824776968677947 0
    outer loop
      vertex 16.0512993215049 45.48489442931483 94.5
      vertex 16.0512993215049 45.48489442931483 110.5
      vertex 15.986501659085672 45.394469396133324 94.5
    endloop
  endfacet
  facet normal 0.7730104533627356 -0.6343932841636472 0
    outer loop
      vertex 16.121872327285736 45.57088788567012 94.5
      vertex 16.121872327285736 45.57088788567012 110.5
      vertex 16.0512993215049 45.48489442931483 94.5
    endloop
  endfacet
  facet normal 0.7298640726978513 -0.6835923020228546 0
    outer loop
      vertex 16.121872327285736 45.57088788567012 94.5
      vertex 16.197918471982867 45.652081528017135 94.5
      vertex 16.197918471982867 45.652081528017135 110.5
    endloop
  endfacet
  facet normal -0.6343932841636315 -0.7730104533627484 0
    outer loop
      vertex 18.434894429314824 45.7987006784951 94.5
      vertex 18.520887885670117 45.728127672714265 94.5
      vertex 18.520887885670117 45.728127672714265 110.5
    endloop
  endfacet
  facet normal -0.5824776968678309 -0.8128466845915945 0
    outer loop
      vertex 18.344469396133324 45.86349834091433 94.5
      vertex 18.434894429314824 45.7987006784951 94.5
      vertex 18.434894429314824 45.7987006784951 110.5
    endloop
  endfacet
  facet normal -0.5280678506503412 -0.8492021815265957 0
    outer loop
      vertex 18.25 45.92224318643355 94.5
      vertex 18.344469396133324 45.86349834091433 94.5
      vertex 18.344469396133324 45.86349834091433 110.5
    endloop
  endfacet
  facet normal -0.47139673682598565 -0.8819212643483614 0
    outer loop
      vertex 18.1518907733723 45.97468366060557 94.5
      vertex 18.25 45.92224318643355 94.5
      vertex 18.25 45.92224318643355 110.5
    endloop
  endfacet
  facet normal -0.41270702980439705 -0.9108638249211749 0
    outer loop
      vertex 18.050561835020652 46.02059520526919 94.5
      vertex 18.1518907733723 45.97468366060557 94.5
      vertex 18.1518907733723 45.97468366060557 110.5
    endloop
  endfacet
  facet normal -0.3522500479212243 -0.9359059267573291 0
    outer loop
      vertex 17.946447091015372 46.05978122014168 94.5
      vertex 18.050561835020652 46.02059520526919 94.5
      vertex 18.050561835020652 46.02059520526919 110.5
    endloop
  endfacet
  facet normal -0.29028467725447915 -0.9569403357322037 0
    outer loop
      vertex 17.839992376674285 46.09207390469142 94.5
      vertex 17.946447091015372 46.05978122014168 94.5
      vertex 17.946447091015372 46.05978122014168 110.5
    endloop
  endfacet
  facet normal -0.2270762630343512 -0.9738769792773387 0
    outer loop
      vertex 17.731653547427417 46.11733497668549 94.5
      vertex 17.839992376674285 46.09207390469142 94.5
      vertex 17.839992376674285 46.09207390469142 110.5
    endloop
  endfacet
  facet normal -0.16289547339462107 -0.9866433320848736 0
    outer loop
      vertex 17.621894526774085 46.13545626433548 94.5
      vertex 17.731653547427417 46.11733497668549 94.5
      vertex 17.731653547427417 46.11733497668549 110.5
    endloop
  endfacet
  facet normal -0.0980171403295416 -0.9951847266721987 0
    outer loop
      vertex 17.511185319691243 46.14636016950563 94.5
      vertex 17.621894526774085 46.13545626433548 94.5
      vertex 17.621894526774085 46.13545626433548 110.5
    endloop
  endfacet
  facet normal -0.03271908282181814 -0.9994645874763642 0
    outer loop
      vertex 17.4 46.150000000000006 94.5
      vertex 17.511185319691243 46.14636016950563 94.5
      vertex 17.511185319691243 46.14636016950563 110.5
    endloop
  endfacet
  facet normal 0.03271908282181814 -0.9994645874763642 0
    outer loop
      vertex 17.288814680308754 46.14636016950563 94.5
      vertex 17.4 46.150000000000006 94.5
      vertex 17.4 46.150000000000006 110.5
    endloop
  endfacet
  facet normal 0.16289547339462107 -0.9866433320848736 0
    outer loop
      vertex 17.06834645257258 46.11733497668549 94.5
      vertex 17.178105473225912 46.13545626433548 94.5
      vertex 17.178105473225912 46.13545626433548 110.5
    endloop
  endfacet
  facet normal 0.0980171403295416 -0.9951847266721987 0
    outer loop
      vertex 17.178105473225912 46.13545626433548 94.5
      vertex 17.288814680308754 46.14636016950563 94.5
      vertex 17.288814680308754 46.14636016950563 110.5
    endloop
  endfacet
  facet normal 0.6343932841636315 -0.7730104533627484 0
    outer loop
      vertex 16.27911211432988 45.728127672714265 94.5
      vertex 16.365105570685174 45.7987006784951 94.5
      vertex 16.365105570685174 45.7987006784951 110.5
    endloop
  endfacet
  facet normal 0.5824776968678309 -0.8128466845915945 0
    outer loop
      vertex 16.365105570685174 45.7987006784951 94.5
      vertex 16.455530603866674 45.86349834091433 94.5
      vertex 16.455530603866674 45.86349834091433 110.5
    endloop
  endfacet
  facet normal 0.5280678506503412 -0.8492021815265957 0
    outer loop
      vertex 16.455530603866674 45.86349834091433 94.5
      vertex 16.549999999999997 45.92224318643355 94.5
      vertex 16.549999999999997 45.92224318643355 110.5
    endloop
  endfacet
  facet normal 0.6835923020228705 -0.7298640726978364 0
    outer loop
      vertex 16.197918471982867 45.652081528017135 94.5
      vertex 16.27911211432988 45.728127672714265 94.5
      vertex 16.27911211432988 45.728127672714265 110.5
    endloop
  endfacet
  facet normal 0.41270702980439705 -0.9108638249211749 0
    outer loop
      vertex 16.648109226627696 45.97468366060557 94.5
      vertex 16.749438164979345 46.02059520526919 94.5
      vertex 16.749438164979345 46.02059520526919 110.5
    endloop
  endfacet
  facet normal 0.47139673682598565 -0.8819212643483614 0
    outer loop
      vertex 16.549999999999997 45.92224318643355 94.5
      vertex 16.648109226627696 45.97468366060557 94.5
      vertex 16.648109226627696 45.97468366060557 110.5
    endloop
  endfacet
  facet normal 0.29028467725447915 -0.9569403357322037 0
    outer loop
      vertex 16.853552908984625 46.05978122014168 94.5
      vertex 16.960007623325712 46.09207390469142 94.5
      vertex 16.960007623325712 46.09207390469142 110.5
    endloop
  endfacet
  facet normal 0.3522500479212243 -0.9359059267573291 0
    outer loop
      vertex 16.749438164979345 46.02059520526919 94.5
      vertex 16.853552908984625 46.05978122014168 94.5
      vertex 16.853552908984625 46.05978122014168 110.5
    endloop
  endfacet
  facet normal 0.2270762630343512 -0.9738769792773387 0
    outer loop
      vertex 16.960007623325712 46.09207390469142 94.5
      vertex 17.06834645257258 46.11733497668549 94.5
      vertex 17.06834645257258 46.11733497668549 110.5
    endloop
  endfacet
  facet normal -0.9866433320848781 -0.16289547339459512 0
    outer loop
      vertex 19.085456264335477 44.67189452677409 110.5
      vertex 19.06733497668549 44.78165354742742 110.5
      vertex 19.06733497668549 44.78165354742742 94.5
    endloop
  endfacet
  facet normal -0.9738769792773317 -0.22707626303438147 0
    outer loop
      vertex 19.042073904691414 44.889992376674286 94.5
      vertex 19.06733497668549 44.78165354742742 110.5
      vertex 19.042073904691414 44.889992376674286 110.5
    endloop
  endfacet
  facet normal -0.9569403357322153 -0.290284677254441 0
    outer loop
      vertex 19.00978122014168 44.996447091015376 94.5
      vertex 19.042073904691414 44.889992376674286 110.5
      vertex 19.00978122014168 44.996447091015376 110.5
    endloop
  endfacet
  facet normal -0.9359059267573187 -0.3522500479212523 0
    outer loop
      vertex 18.970595205269184 45.100561835020656 94.5
      vertex 19.00978122014168 44.996447091015376 110.5
      vertex 18.970595205269184 45.100561835020656 110.5
    endloop
  endfacet
  facet normal -0.9108638249211868 -0.4127070298043705 0
    outer loop
      vertex 18.970595205269184 45.100561835020656 110.5
      vertex 18.92468366060557 45.201890773372305 110.5
      vertex 18.92468366060557 45.201890773372305 94.5
    endloop
  endfacet
  facet normal -0.8819212643483482 -0.4713967368260105 0
    outer loop
      vertex 18.872243186433543 45.300000000000004 94.5
      vertex 18.92468366060557 45.201890773372305 110.5
      vertex 18.872243186433543 45.300000000000004 110.5
    endloop
  endfacet
  facet normal -0.8492021815265723 -0.5280678506503785 0
    outer loop
      vertex 18.872243186433543 45.300000000000004 110.5
      vertex 18.813498340914325 45.394469396133324 110.5
      vertex 18.813498340914325 45.394469396133324 94.5
    endloop
  endfacet
  facet normal -0.8128466845916205 -0.5824776968677947 0
    outer loop
      vertex 18.748700678495098 45.48489442931483 94.5
      vertex 18.813498340914325 45.394469396133324 110.5
      vertex 18.748700678495098 45.48489442931483 110.5
    endloop
  endfacet
  facet normal 0.9738769792773352 -0.22707626303436632 0
    outer loop
      vertex 15.732665023314507 44.78165354742742 94.5
      vertex 15.757926095308582 44.889992376674286 110.5
      vertex 15.732665023314507 44.78165354742742 110.5
    endloop
  endfacet
  facet normal 0.9569403357322065 -0.29028467725447027 0
    outer loop
      vertex 15.79021877985832 44.996447091015376 110.5
      vertex 15.757926095308582 44.889992376674286 110.5
      vertex 15.757926095308582 44.889992376674286 94.5
    endloop
  endfacet
  facet normal 0.9359059267573291 -0.3522500479212243 0
    outer loop
      vertex 15.79021877985832 44.996447091015376 94.5
      vertex 15.829404794730811 45.100561835020656 110.5
      vertex 15.79021877985832 44.996447091015376 110.5
    endloop
  endfacet
  facet normal 0.9108638249211749 -0.41270702980439705 0
    outer loop
      vertex 15.829404794730811 45.100561835020656 94.5
      vertex 15.875316339394429 45.201890773372305 110.5
      vertex 15.829404794730811 45.100561835020656 110.5
    endloop
  endfacet
  facet normal -0.7730104533627356 -0.6343932841636472 0
    outer loop
      vertex 18.67812767271426 45.57088788567012 94.5
      vertex 18.748700678495098 45.48489442931483 110.5
      vertex 18.67812767271426 45.57088788567012 110.5
    endloop
  endfacet
  facet normal -0.7298640726978513 -0.6835923020228546 0
    outer loop
      vertex 18.67812767271426 45.57088788567012 110.5
      vertex 18.60208152801713 45.652081528017135 110.5
      vertex 18.60208152801713 45.652081528017135 94.5
    endloop
  endfacet
  facet normal 0.8819212643483548 -0.4713967368259981 0
    outer loop
      vertex 15.875316339394429 45.201890773372305 94.5
      vertex 15.927756813566454 45.300000000000004 110.5
      vertex 15.875316339394429 45.201890773372305 110.5
    endloop
  endfacet
  facet normal 0.8492021815265723 -0.5280678506503785 0
    outer loop
      vertex 15.927756813566454 45.300000000000004 94.5
      vertex 15.986501659085672 45.394469396133324 110.5
      vertex 15.927756813566454 45.300000000000004 110.5
    endloop
  endfacet
  facet normal 0.8128466845916205 -0.5824776968677947 0
    outer loop
      vertex 15.986501659085672 45.394469396133324 94.5
      vertex 16.0512993215049 45.48489442931483 110.5
      vertex 15.986501659085672 45.394469396133324 110.5
    endloop
  endfacet
  facet normal 0.7730104533627356 -0.6343932841636472 0
    outer loop
      vertex 16.0512993215049 45.48489442931483 94.5
      vertex 16.121872327285736 45.57088788567012 110.5
      vertex 16.0512993215049 45.48489442931483 110.5
    endloop
  endfacet
  facet normal 0.7298640726978513 -0.6835923020228546 0
    outer loop
      vertex 16.121872327285736 45.57088788567012 94.5
      vertex 16.197918471982867 45.652081528017135 110.5
      vertex 16.121872327285736 45.57088788567012 110.5
    endloop
  endfacet
  facet normal 0.6835923020228705 -0.7298640726978364 0
    outer loop
      vertex 16.197918471982867 45.652081528017135 94.5
      vertex 16.27911211432988 45.728127672714265 110.5
      vertex 16.197918471982867 45.652081528017135 110.5
    endloop
  endfacet
  facet normal -0.6835923020228705 -0.7298640726978364 0
    outer loop
      vertex 18.520887885670117 45.728127672714265 94.5
      vertex 18.60208152801713 45.652081528017135 110.5
      vertex 18.520887885670117 45.728127672714265 110.5
    endloop
  endfacet
  facet normal -0.6343932841636315 -0.7730104533627484 0
    outer loop
      vertex 18.434894429314824 45.7987006784951 94.5
      vertex 18.520887885670117 45.728127672714265 110.5
      vertex 18.434894429314824 45.7987006784951 110.5
    endloop
  endfacet
  facet normal -0.5824776968678309 -0.8128466845915945 0
    outer loop
      vertex 18.344469396133324 45.86349834091433 94.5
      vertex 18.434894429314824 45.7987006784951 110.5
      vertex 18.344469396133324 45.86349834091433 110.5
    endloop
  endfacet
  facet normal -0.5280678506503412 -0.8492021815265957 0
    outer loop
      vertex 18.25 45.92224318643355 94.5
      vertex 18.344469396133324 45.86349834091433 110.5
      vertex 18.25 45.92224318643355 110.5
    endloop
  endfacet
  facet normal -0.47139673682598565 -0.8819212643483614 0
    outer loop
      vertex 18.1518907733723 45.97468366060557 94.5
      vertex 18.25 45.92224318643355 110.5
      vertex 18.1518907733723 45.97468366060557 110.5
    endloop
  endfacet
  facet normal -0.41270702980439705 -0.9108638249211749 0
    outer loop
      vertex 18.050561835020652 46.02059520526919 94.5
      vertex 18.1518907733723 45.97468366060557 110.5
      vertex 18.050561835020652 46.02059520526919 110.5
    endloop
  endfacet
  facet normal -0.3522500479212243 -0.9359059267573291 0
    outer loop
      vertex 18.050561835020652 46.02059520526919 110.5
      vertex 17.946447091015372 46.05978122014168 110.5
      vertex 17.946447091015372 46.05978122014168 94.5
    endloop
  endfacet
  facet normal -0.29028467725447915 -0.9569403357322037 0
    outer loop
      vertex 17.839992376674285 46.09207390469142 94.5
      vertex 17.946447091015372 46.05978122014168 110.5
      vertex 17.839992376674285 46.09207390469142 110.5
    endloop
  endfacet
  facet normal -0.2270762630343512 -0.9738769792773387 0
    outer loop
      vertex 17.731653547427417 46.11733497668549 94.5
      vertex 17.839992376674285 46.09207390469142 110.5
      vertex 17.731653547427417 46.11733497668549 110.5
    endloop
  endfacet
  facet normal -0.16289547339462107 -0.9866433320848736 0
    outer loop
      vertex 17.621894526774085 46.13545626433548 94.5
      vertex 17.731653547427417 46.11733497668549 110.5
      vertex 17.621894526774085 46.13545626433548 110.5
    endloop
  endfacet
  facet normal -0.0980171403295416 -0.9951847266721987 0
    outer loop
      vertex 17.511185319691243 46.14636016950563 94.5
      vertex 17.621894526774085 46.13545626433548 110.5
      vertex 17.511185319691243 46.14636016950563 110.5
    endloop
  endfacet
  facet normal -0.03271908282181814 -0.9994645874763642 0
    outer loop
      vertex 17.4 46.150000000000006 94.5
      vertex 17.511185319691243 46.14636016950563 110.5
      vertex 17.4 46.150000000000006 110.5
    endloop
  endfacet
  facet normal 0.03271908282181814 -0.9994645874763642 0
    outer loop
      vertex 17.288814680308754 46.14636016950563 94.5
      vertex 17.4 46.150000000000006 110.5
      vertex 17.288814680308754 46.14636016950563 110.5
    endloop
  endfacet
  facet normal 0.16289547339462107 -0.9866433320848736 0
    outer loop
      vertex 17.06834645257258 46.11733497668549 94.5
      vertex 17.178105473225912 46.13545626433548 110.5
      vertex 17.06834645257258 46.11733497668549 110.5
    endloop
  endfacet
  facet normal 0.0980171403295416 -0.9951847266721987 0
    outer loop
      vertex 17.178105473225912 46.13545626433548 94.5
      vertex 17.288814680308754 46.14636016950563 110.5
      vertex 17.178105473225912 46.13545626433548 110.5
    endloop
  endfacet
  facet normal 0.6343932841636315 -0.7730104533627484 0
    outer loop
      vertex 16.27911211432988 45.728127672714265 94.5
      vertex 16.365105570685174 45.7987006784951 110.5
      vertex 16.27911211432988 45.728127672714265 110.5
    endloop
  endfacet
  facet normal 0.5824776968678309 -0.8128466845915945 0
    outer loop
      vertex 16.455530603866674 45.86349834091433 110.5
      vertex 16.365105570685174 45.7987006784951 110.5
      vertex 16.365105570685174 45.7987006784951 94.5
    endloop
  endfacet
  facet normal 0.5280678506503412 -0.8492021815265957 0
    outer loop
      vertex 16.455530603866674 45.86349834091433 94.5
      vertex 16.549999999999997 45.92224318643355 110.5
      vertex 16.455530603866674 45.86349834091433 110.5
    endloop
  endfacet
  facet normal 0.3522500479212243 -0.9359059267573291 0
    outer loop
      vertex 16.749438164979345 46.02059520526919 94.5
      vertex 16.853552908984625 46.05978122014168 110.5
      vertex 16.749438164979345 46.02059520526919 110.5
    endloop
  endfacet
  facet normal 0.47139673682598565 -0.8819212643483614 0
    outer loop
      vertex 16.549999999999997 45.92224318643355 94.5
      vertex 16.648109226627696 45.97468366060557 110.5
      vertex 16.549999999999997 45.92224318643355 110.5
    endloop
  endfacet
  facet normal 0.41270702980439705 -0.9108638249211749 0
    outer loop
      vertex 16.648109226627696 45.97468366060557 94.5
      vertex 16.749438164979345 46.02059520526919 110.5
      vertex 16.648109226627696 45.97468366060557 110.5
    endloop
  endfacet
  facet normal 0.2270762630343512 -0.9738769792773387 0
    outer loop
      vertex 16.960007623325712 46.09207390469142 94.5
      vertex 17.06834645257258 46.11733497668549 110.5
      vertex 16.960007623325712 46.09207390469142 110.5
    endloop
  endfacet
  facet normal 0.29028467725447915 -0.9569403357322037 0
    outer loop
      vertex 16.853552908984625 46.05978122014168 94.5
      vertex 16.960007623325712 46.09207390469142 110.5
      vertex 16.853552908984625 46.05978122014168 110.5
    endloop
  endfacet
endsolid OpenSCAD_Model
