solid OpenSCAD_Model
  facet normal 0.29028467725446383 0.9569403357322084 0
    outer loop
      vertex 98.3928026734842 20.815349352524475 -3
      vertex 98.3928026734842 20.815349352524475 0
      vertex 98.7059047744874 20.720370868554664 -3
    endloop
  endfacet
  facet normal 0.2270762630343779 0.9738769792773325 0
    outer loop
      vertex 98.7059047744874 20.720370868554664 -3
      vertex 98.7059047744874 20.720370868554664 0
      vertex 99.02454838991936 20.64607359798385 -3
    endloop
  endfacet
  facet normal 0.6343932841636558 0.7730104533627287 0
    outer loop
      vertex 96.70327092449966 21.79080096260512 -3
      vertex 96.70327092449966 21.79080096260512 0
      vertex 96.9561928549564 21.583233298543828 -3
    endloop
  endfacet
  facet normal 0.7298640726978263 0.6835923020228815 0
    outer loop
      vertex 96.46446609406726 22.014466094067267 -3
      vertex 96.2408009626051 22.25327092449966 -3
      vertex 96.2408009626051 22.25327092449966 0
    endloop
  endfacet
  facet normal 0.683592302022859 0.7298640726978473 0
    outer loop
      vertex 96.70327092449966 21.79080096260512 -3
      vertex 96.46446609406726 22.014466094067267 -3
      vertex 96.46446609406726 22.014466094067267 0
    endloop
  endfacet
  facet normal 0.4713967368260029 0.8819212643483522 0
    outer loop
      vertex 97.78855654890499 21.065636292336563 -3
      vertex 97.5 21.219872981077813 -3
      vertex 97.5 21.219872981077813 0
    endloop
  endfacet
  facet normal 0.5280678506503556 0.8492021815265867 0
    outer loop
      vertex 97.22214883490199 21.392651938487276 -3
      vertex 97.22214883490199 21.392651938487276 0
      vertex 97.5 21.219872981077813 -3
    endloop
  endfacet
  facet normal 0.5824776968678109 0.812846684591609 0
    outer loop
      vertex 97.22214883490199 21.392651938487276 -3
      vertex 96.9561928549564 21.583233298543828 -3
      vertex 96.9561928549564 21.583233298543828 0
    endloop
  endfacet
  facet normal 0.3522500479212293 0.9359059267573272 0
    outer loop
      vertex 98.3928026734842 20.815349352524475 -3
      vertex 98.08658283817455 20.93060233744357 -3
      vertex 98.08658283817455 20.93060233744357 0
    endloop
  endfacet
  facet normal 0.41270702980439655 0.910863824921175 0
    outer loop
      vertex 97.78855654890499 21.065636292336563 -3
      vertex 97.78855654890499 21.065636292336563 0
      vertex 98.08658283817455 20.93060233744357 -3
    endloop
  endfacet
  facet normal 0.16289547339458146 0.9866433320848802 0
    outer loop
      vertex 99.02454838991936 20.64607359798385 -3
      vertex 99.02454838991936 20.64607359798385 0
      vertex 99.34736903889974 20.592775693130953 -3
    endloop
  endfacet
  facet normal 0.09801714032956305 0.9951847266721967 0
    outer loop
      vertex 99.34736903889974 20.592775693130953 -3
      vertex 99.34736903889974 20.592775693130953 0
      vertex 99.67298435384929 20.560705383806987 -3
    endloop
  endfacet
  facet normal 0.032719082821776144 0.9994645874763656 0
    outer loop
      vertex 99.67298435384929 20.560705383806987 -3
      vertex 99.67298435384929 20.560705383806987 0
      vertex 100 20.550000000000004 -3
    endloop
  endfacet
  facet normal -0.032719082821776144 0.9994645874763656 0
    outer loop
      vertex 100 20.550000000000004 -3
      vertex 100 20.550000000000004 0
      vertex 100.32701564615071 20.560705383806987 -3
    endloop
  endfacet
  facet normal -0.09801714032956305 0.9951847266721967 0
    outer loop
      vertex 100.32701564615071 20.560705383806987 -3
      vertex 100.32701564615071 20.560705383806987 0
      vertex 100.65263096110026 20.592775693130953 -3
    endloop
  endfacet
  facet normal -0.16289547339458146 0.9866433320848802 0
    outer loop
      vertex 100.65263096110026 20.592775693130953 -3
      vertex 100.65263096110026 20.592775693130953 0
      vertex 100.97545161008064 20.64607359798385 -3
    endloop
  endfacet
  facet normal -0.2270762630343779 0.9738769792773325 0
    outer loop
      vertex 100.97545161008064 20.64607359798385 -3
      vertex 100.97545161008064 20.64607359798385 0
      vertex 101.2940952255126 20.720370868554664 -3
    endloop
  endfacet
  facet normal -0.29028467725446383 0.9569403357322084 0
    outer loop
      vertex 101.2940952255126 20.720370868554664 -3
      vertex 101.2940952255126 20.720370868554664 0
      vertex 101.6071973265158 20.815349352524475 -3
    endloop
  endfacet
  facet normal -0.3522500479212293 0.9359059267573272 0
    outer loop
      vertex 101.6071973265158 20.815349352524475 -3
      vertex 101.6071973265158 20.815349352524475 0
      vertex 101.91341716182545 20.93060233744357 -3
    endloop
  endfacet
  facet normal -0.41270702980439655 0.910863824921175 0
    outer loop
      vertex 101.91341716182545 20.93060233744357 -3
      vertex 101.91341716182545 20.93060233744357 0
      vertex 102.21144345109501 21.065636292336563 -3
    endloop
  endfacet
  facet normal -0.4713967368260029 0.8819212643483522 0
    outer loop
      vertex 102.21144345109501 21.065636292336563 -3
      vertex 102.21144345109501 21.065636292336563 0
      vertex 102.5 21.219872981077813 -3
    endloop
  endfacet
  facet normal -0.5280678506503556 0.8492021815265867 0
    outer loop
      vertex 102.5 21.219872981077813 -3
      vertex 102.5 21.219872981077813 0
      vertex 102.77785116509801 21.392651938487276 -3
    endloop
  endfacet
  facet normal -0.5824776968678109 0.812846684591609 0
    outer loop
      vertex 102.77785116509801 21.392651938487276 -3
      vertex 102.77785116509801 21.392651938487276 0
      vertex 103.0438071450436 21.583233298543828 -3
    endloop
  endfacet
  facet normal -0.6343932841636558 0.7730104533627287 0
    outer loop
      vertex 103.0438071450436 21.583233298543828 -3
      vertex 103.0438071450436 21.583233298543828 0
      vertex 103.29672907550034 21.79080096260512 -3
    endloop
  endfacet
  facet normal -0.683592302022859 0.7298640726978473 0
    outer loop
      vertex 103.29672907550034 21.79080096260512 -3
      vertex 103.29672907550034 21.79080096260512 0
      vertex 103.53553390593274 22.014466094067267 -3
    endloop
  endfacet
  facet normal -0.7298640726978263 0.6835923020228815 0
    outer loop
      vertex 103.53553390593274 22.014466094067267 -3
      vertex 103.53553390593274 22.014466094067267 0
      vertex 103.7591990373949 22.25327092449966 -3
    endloop
  endfacet
  facet normal 0.29028467725446383 0.9569403357322084 0
    outer loop
      vertex 98.7059047744874 20.720370868554664 -3
      vertex 98.3928026734842 20.815349352524475 0
      vertex 98.7059047744874 20.720370868554664 0
    endloop
  endfacet
  facet normal 0.683592302022859 0.7298640726978473 0
    outer loop
      vertex 96.70327092449966 21.79080096260512 -3
      vertex 96.46446609406726 22.014466094067267 0
      vertex 96.70327092449966 21.79080096260512 0
    endloop
  endfacet
  facet normal 0.7298640726978263 0.6835923020228815 0
    outer loop
      vertex 96.46446609406726 22.014466094067267 -3
      vertex 96.2408009626051 22.25327092449966 0
      vertex 96.46446609406726 22.014466094067267 0
    endloop
  endfacet
  facet normal 0.4713967368260029 0.8819212643483522 0
    outer loop
      vertex 97.78855654890499 21.065636292336563 -3
      vertex 97.5 21.219872981077813 0
      vertex 97.78855654890499 21.065636292336563 0
    endloop
  endfacet
  facet normal 0.5824776968678109 0.812846684591609 0
    outer loop
      vertex 97.22214883490199 21.392651938487276 -3
      vertex 96.9561928549564 21.583233298543828 0
      vertex 97.22214883490199 21.392651938487276 0
    endloop
  endfacet
  facet normal 0.5280678506503556 0.8492021815265867 0
    outer loop
      vertex 97.5 21.219872981077813 -3
      vertex 97.22214883490199 21.392651938487276 0
      vertex 97.5 21.219872981077813 0
    endloop
  endfacet
  facet normal 0.41270702980439655 0.910863824921175 0
    outer loop
      vertex 98.08658283817455 20.93060233744357 -3
      vertex 97.78855654890499 21.065636292336563 0
      vertex 98.08658283817455 20.93060233744357 0
    endloop
  endfacet
  facet normal 0.3522500479212293 0.9359059267573272 0
    outer loop
      vertex 98.3928026734842 20.815349352524475 -3
      vertex 98.08658283817455 20.93060233744357 0
      vertex 98.3928026734842 20.815349352524475 0
    endloop
  endfacet
  facet normal 0.6343932841636558 0.7730104533627287 0
    outer loop
      vertex 96.9561928549564 21.583233298543828 -3
      vertex 96.70327092449966 21.79080096260512 0
      vertex 96.9561928549564 21.583233298543828 0
    endloop
  endfacet
  facet normal 0.16289547339458146 0.9866433320848802 0
    outer loop
      vertex 99.34736903889974 20.592775693130953 -3
      vertex 99.02454838991936 20.64607359798385 0
      vertex 99.34736903889974 20.592775693130953 0
    endloop
  endfacet
  facet normal 0.2270762630343779 0.9738769792773325 0
    outer loop
      vertex 99.02454838991936 20.64607359798385 -3
      vertex 98.7059047744874 20.720370868554664 0
      vertex 99.02454838991936 20.64607359798385 0
    endloop
  endfacet
  facet normal 0.09801714032956305 0.9951847266721967 0
    outer loop
      vertex 99.67298435384929 20.560705383806987 -3
      vertex 99.34736903889974 20.592775693130953 0
      vertex 99.67298435384929 20.560705383806987 0
    endloop
  endfacet
  facet normal 0.032719082821776144 0.9994645874763656 0
    outer loop
      vertex 100 20.550000000000004 -3
      vertex 99.67298435384929 20.560705383806987 0
      vertex 100 20.550000000000004 0
    endloop
  endfacet
  facet normal -0.032719082821776144 0.9994645874763656 0
    outer loop
      vertex 100.32701564615071 20.560705383806987 -3
      vertex 100 20.550000000000004 0
      vertex 100.32701564615071 20.560705383806987 0
    endloop
  endfacet
  facet normal -0.09801714032956305 0.9951847266721967 0
    outer loop
      vertex 100.65263096110026 20.592775693130953 -3
      vertex 100.32701564615071 20.560705383806987 0
      vertex 100.65263096110026 20.592775693130953 0
    endloop
  endfacet
  facet normal -0.16289547339458146 0.9866433320848802 0
    outer loop
      vertex 100.97545161008064 20.64607359798385 -3
      vertex 100.65263096110026 20.592775693130953 0
      vertex 100.97545161008064 20.64607359798385 0
    endloop
  endfacet
  facet normal -0.2270762630343779 0.9738769792773325 0
    outer loop
      vertex 101.2940952255126 20.720370868554664 -3
      vertex 100.97545161008064 20.64607359798385 0
      vertex 101.2940952255126 20.720370868554664 0
    endloop
  endfacet
  facet normal -0.29028467725446383 0.9569403357322084 0
    outer loop
      vertex 101.6071973265158 20.815349352524475 -3
      vertex 101.2940952255126 20.720370868554664 0
      vertex 101.6071973265158 20.815349352524475 0
    endloop
  endfacet
  facet normal -0.3522500479212293 0.9359059267573272 0
    outer loop
      vertex 101.91341716182545 20.93060233744357 -3
      vertex 101.6071973265158 20.815349352524475 0
      vertex 101.91341716182545 20.93060233744357 0
    endloop
  endfacet
  facet normal -0.41270702980439655 0.910863824921175 0
    outer loop
      vertex 102.21144345109501 21.065636292336563 -3
      vertex 101.91341716182545 20.93060233744357 0
      vertex 102.21144345109501 21.065636292336563 0
    endloop
  endfacet
  facet normal -0.4713967368260029 0.8819212643483522 0
    outer loop
      vertex 102.5 21.219872981077813 -3
      vertex 102.21144345109501 21.065636292336563 0
      vertex 102.5 21.219872981077813 0
    endloop
  endfacet
  facet normal -0.5280678506503556 0.8492021815265867 0
    outer loop
      vertex 102.77785116509801 21.392651938487276 -3
      vertex 102.5 21.219872981077813 0
      vertex 102.77785116509801 21.392651938487276 0
    endloop
  endfacet
  facet normal -0.5824776968678109 0.812846684591609 0
    outer loop
      vertex 103.0438071450436 21.583233298543828 -3
      vertex 102.77785116509801 21.392651938487276 0
      vertex 103.0438071450436 21.583233298543828 0
    endloop
  endfacet
  facet normal -0.6343932841636558 0.7730104533627287 0
    outer loop
      vertex 103.29672907550034 21.79080096260512 -3
      vertex 103.0438071450436 21.583233298543828 0
      vertex 103.29672907550034 21.79080096260512 0
    endloop
  endfacet
  facet normal -0.683592302022859 0.7298640726978473 0
    outer loop
      vertex 103.53553390593274 22.014466094067267 -3
      vertex 103.29672907550034 21.79080096260512 0
      vertex 103.53553390593274 22.014466094067267 0
    endloop
  endfacet
  facet normal -0.7298640726978263 0.6835923020228815 0
    outer loop
      vertex 103.7591990373949 22.25327092449966 -3
      vertex 103.53553390593274 22.014466094067267 0
      vertex 103.7591990373949 22.25327092449966 0
    endloop
  endfacet
  facet normal 0.7730104533627425 0.6343932841636386 0
    outer loop
      vertex 96.2408009626051 22.25327092449966 -3
      vertex 96.03323329854382 22.506192854956403 -3
      vertex 96.03323329854382 22.506192854956403 0
    endloop
  endfacet
  facet normal 0.812846684591628 0.5824776968677842 0
    outer loop
      vertex 95.84265193848728 22.772148834901994 -3
      vertex 95.84265193848728 22.772148834901994 0
      vertex 96.03323329854382 22.506192854956403 -3
    endloop
  endfacet
  facet normal 0.8492021815265641 0.5280678506503917 0
    outer loop
      vertex 95.84265193848728 22.772148834901994 -3
      vertex 95.6698729810778 23.050000000000004 -3
      vertex 95.6698729810778 23.050000000000004 0
    endloop
  endfacet
  facet normal 0.8819212643483522 0.4713967368260029 0
    outer loop
      vertex 95.6698729810778 23.050000000000004 -3
      vertex 95.51563629233655 23.338556548904997 -3
      vertex 95.51563629233655 23.338556548904997 0
    endloop
  endfacet
  facet normal 0.9108638249211791 0.41270702980438756 0
    outer loop
      vertex 95.51563629233655 23.338556548904997 -3
      vertex 95.38060233744356 23.636582838174554 -3
      vertex 95.38060233744356 23.636582838174554 0
    endloop
  endfacet
  facet normal 0.9359059267573245 0.3522500479212365 0
    outer loop
      vertex 95.26534935252447 23.942802673484195 -3
      vertex 95.26534935252447 23.942802673484195 0
      vertex 95.38060233744356 23.636582838174554 -3
    endloop
  endfacet
  facet normal 0.956940335732211 0.2902846772544548 0
    outer loop
      vertex 95.26534935252447 23.942802673484195 -3
      vertex 95.17037086855466 24.2559047744874 -3
      vertex 95.17037086855466 24.2559047744874 0
    endloop
  endfacet
  facet normal 0.9738769792773344 0.22707626303437 0
    outer loop
      vertex 95.17037086855466 24.2559047744874 -3
      vertex 95.09607359798385 24.574548389919364 -3
      vertex 95.09607359798385 24.574548389919364 0
    endloop
  endfacet
  facet normal 0.9866433320848802 0.16289547339458146 0
    outer loop
      vertex 95.09607359798385 24.574548389919364 -3
      vertex 95.04277569313095 24.897369038899747 -3
      vertex 95.04277569313095 24.897369038899747 0
    endloop
  endfacet
  facet normal 0.9951847266721955 0.09801714032957486 0
    outer loop
      vertex 95.04277569313095 24.897369038899747 -3
      vertex 95.01070538380698 25.222984353849288 -3
      vertex 95.01070538380698 25.222984353849288 0
    endloop
  endfacet
  facet normal 0.999464587476366 0.032719082821764944 0
    outer loop
      vertex 95.01070538380698 25.222984353849288 -3
      vertex 95 25.550000000000004 -3
      vertex 95 25.550000000000004 0
    endloop
  endfacet
  facet normal -0.7730104533627425 0.6343932841636386 0
    outer loop
      vertex 103.7591990373949 22.25327092449966 -3
      vertex 103.7591990373949 22.25327092449966 0
      vertex 103.96676670145618 22.506192854956403 -3
    endloop
  endfacet
  facet normal -0.812846684591628 0.5824776968677842 0
    outer loop
      vertex 103.96676670145618 22.506192854956403 -3
      vertex 103.96676670145618 22.506192854956403 0
      vertex 104.15734806151272 22.772148834901994 -3
    endloop
  endfacet
  facet normal -0.8492021815265641 0.5280678506503917 0
    outer loop
      vertex 104.15734806151272 22.772148834901994 -3
      vertex 104.15734806151272 22.772148834901994 0
      vertex 104.3301270189222 23.050000000000004 -3
    endloop
  endfacet
  facet normal -0.8819212643483522 0.4713967368260029 0
    outer loop
      vertex 104.3301270189222 23.050000000000004 -3
      vertex 104.3301270189222 23.050000000000004 0
      vertex 104.48436370766345 23.338556548904997 -3
    endloop
  endfacet
  facet normal -0.9108638249211791 0.41270702980438756 0
    outer loop
      vertex 104.48436370766345 23.338556548904997 -3
      vertex 104.48436370766345 23.338556548904997 0
      vertex 104.61939766255644 23.636582838174554 -3
    endloop
  endfacet
  facet normal -0.9359059267573245 0.3522500479212365 0
    outer loop
      vertex 104.61939766255644 23.636582838174554 -3
      vertex 104.61939766255644 23.636582838174554 0
      vertex 104.73465064747553 23.942802673484195 -3
    endloop
  endfacet
  facet normal -0.956940335732211 0.2902846772544548 0
    outer loop
      vertex 104.73465064747553 23.942802673484195 -3
      vertex 104.73465064747553 23.942802673484195 0
      vertex 104.82962913144534 24.2559047744874 -3
    endloop
  endfacet
  facet normal -0.9738769792773344 0.22707626303437 0
    outer loop
      vertex 104.82962913144534 24.2559047744874 -3
      vertex 104.82962913144534 24.2559047744874 0
      vertex 104.90392640201615 24.574548389919364 -3
    endloop
  endfacet
  facet normal -0.9866433320848802 0.16289547339458146 0
    outer loop
      vertex 104.90392640201615 24.574548389919364 -3
      vertex 104.90392640201615 24.574548389919364 0
      vertex 104.95722430686905 24.897369038899747 -3
    endloop
  endfacet
  facet normal -0.9951847266721955 0.09801714032957486 0
    outer loop
      vertex 104.95722430686905 24.897369038899747 -3
      vertex 104.95722430686905 24.897369038899747 0
      vertex 104.98929461619302 25.222984353849288 -3
    endloop
  endfacet
  facet normal -0.999464587476366 0.032719082821764944 0
    outer loop
      vertex 104.98929461619302 25.222984353849288 -3
      vertex 104.98929461619302 25.222984353849288 0
      vertex 105 25.550000000000004 -3
    endloop
  endfacet
  facet normal 0.8492021815265641 0.5280678506503917 0
    outer loop
      vertex 95.84265193848728 22.772148834901994 -3
      vertex 95.6698729810778 23.050000000000004 0
      vertex 95.84265193848728 22.772148834901994 0
    endloop
  endfacet
  facet normal 0.7730104533627425 0.6343932841636386 0
    outer loop
      vertex 96.2408009626051 22.25327092449966 -3
      vertex 96.03323329854382 22.506192854956403 0
      vertex 96.2408009626051 22.25327092449966 0
    endloop
  endfacet
  facet normal 0.812846684591628 0.5824776968677842 0
    outer loop
      vertex 96.03323329854382 22.506192854956403 -3
      vertex 95.84265193848728 22.772148834901994 0
      vertex 96.03323329854382 22.506192854956403 0
    endloop
  endfacet
  facet normal 0.8819212643483522 0.4713967368260029 0
    outer loop
      vertex 95.6698729810778 23.050000000000004 -3
      vertex 95.51563629233655 23.338556548904997 0
      vertex 95.6698729810778 23.050000000000004 0
    endloop
  endfacet
  facet normal 0.9108638249211791 0.41270702980438756 0
    outer loop
      vertex 95.51563629233655 23.338556548904997 -3
      vertex 95.38060233744356 23.636582838174554 0
      vertex 95.51563629233655 23.338556548904997 0
    endloop
  endfacet
  facet normal 0.9359059267573245 0.3522500479212365 0
    outer loop
      vertex 95.38060233744356 23.636582838174554 -3
      vertex 95.26534935252447 23.942802673484195 0
      vertex 95.38060233744356 23.636582838174554 0
    endloop
  endfacet
  facet normal 0.956940335732211 0.2902846772544548 0
    outer loop
      vertex 95.26534935252447 23.942802673484195 -3
      vertex 95.17037086855466 24.2559047744874 0
      vertex 95.26534935252447 23.942802673484195 0
    endloop
  endfacet
  facet normal 0.9738769792773344 0.22707626303437 0
    outer loop
      vertex 95.17037086855466 24.2559047744874 -3
      vertex 95.09607359798385 24.574548389919364 0
      vertex 95.17037086855466 24.2559047744874 0
    endloop
  endfacet
  facet normal 0.9866433320848802 0.16289547339458146 0
    outer loop
      vertex 95.09607359798385 24.574548389919364 -3
      vertex 95.04277569313095 24.897369038899747 0
      vertex 95.09607359798385 24.574548389919364 0
    endloop
  endfacet
  facet normal 0.9951847266721955 0.09801714032957486 0
    outer loop
      vertex 95.04277569313095 24.897369038899747 -3
      vertex 95.01070538380698 25.222984353849288 0
      vertex 95.04277569313095 24.897369038899747 0
    endloop
  endfacet
  facet normal 0.999464587476366 0.032719082821764944 0
    outer loop
      vertex 95.01070538380698 25.222984353849288 -3
      vertex 95 25.550000000000004 0
      vertex 95.01070538380698 25.222984353849288 0
    endloop
  endfacet
  facet normal -0.7730104533627425 0.6343932841636386 0
    outer loop
      vertex 103.96676670145618 22.506192854956403 -3
      vertex 103.7591990373949 22.25327092449966 0
      vertex 103.96676670145618 22.506192854956403 0
    endloop
  endfacet
  facet normal -0.812846684591628 0.5824776968677842 0
    outer loop
      vertex 104.15734806151272 22.772148834901994 -3
      vertex 103.96676670145618 22.506192854956403 0
      vertex 104.15734806151272 22.772148834901994 0
    endloop
  endfacet
  facet normal -0.8492021815265641 0.5280678506503917 0
    outer loop
      vertex 104.3301270189222 23.050000000000004 -3
      vertex 104.15734806151272 22.772148834901994 0
      vertex 104.3301270189222 23.050000000000004 0
    endloop
  endfacet
  facet normal -0.8819212643483522 0.4713967368260029 0
    outer loop
      vertex 104.48436370766345 23.338556548904997 -3
      vertex 104.3301270189222 23.050000000000004 0
      vertex 104.48436370766345 23.338556548904997 0
    endloop
  endfacet
  facet normal -0.9108638249211791 0.41270702980438756 0
    outer loop
      vertex 104.61939766255644 23.636582838174554 -3
      vertex 104.48436370766345 23.338556548904997 0
      vertex 104.61939766255644 23.636582838174554 0
    endloop
  endfacet
  facet normal -0.9359059267573245 0.3522500479212365 0
    outer loop
      vertex 104.73465064747553 23.942802673484195 -3
      vertex 104.61939766255644 23.636582838174554 0
      vertex 104.73465064747553 23.942802673484195 0
    endloop
  endfacet
  facet normal -0.956940335732211 0.2902846772544548 0
    outer loop
      vertex 104.82962913144534 24.2559047744874 -3
      vertex 104.73465064747553 23.942802673484195 0
      vertex 104.82962913144534 24.2559047744874 0
    endloop
  endfacet
  facet normal -0.9738769792773344 0.22707626303437 0
    outer loop
      vertex 104.90392640201615 24.574548389919364 -3
      vertex 104.82962913144534 24.2559047744874 0
      vertex 104.90392640201615 24.574548389919364 0
    endloop
  endfacet
  facet normal -0.9866433320848802 0.16289547339458146 0
    outer loop
      vertex 104.95722430686905 24.897369038899747 -3
      vertex 104.90392640201615 24.574548389919364 0
      vertex 104.95722430686905 24.897369038899747 0
    endloop
  endfacet
  facet normal -0.9951847266721955 0.09801714032957486 0
    outer loop
      vertex 104.98929461619302 25.222984353849288 -3
      vertex 104.95722430686905 24.897369038899747 0
      vertex 104.98929461619302 25.222984353849288 0
    endloop
  endfacet
  facet normal -0.999464587476366 0.032719082821764944 0
    outer loop
      vertex 105 25.550000000000004 -3
      vertex 104.98929461619302 25.222984353849288 0
      vertex 105 25.550000000000004 0
    endloop
  endfacet
  facet normal -1 0 0
    outer loop
      vertex 105 25.550000000000004 -3
      vertex 105 25.550000000000004 0
      vertex 105 63.35 -3
    endloop
  endfacet
  facet normal 1 0 0
    outer loop
      vertex 95 25.550000000000004 -3
      vertex 95 63.35 0
      vertex 95 25.550000000000004 0
    endloop
  endfacet
  facet normal 1 0 0
    outer loop
      vertex 95 25.550000000000004 -3
      vertex 95 63.35 -3
      vertex 95 63.35 0
    endloop
  endfacet
  facet normal -1 0 0
    outer loop
      vertex 105 25.550000000000004 0
      vertex 105 63.35 0
      vertex 105 63.35 -3
    endloop
  endfacet
  facet normal 0.999464587476366 -0.0327190828217653 0
    outer loop
      vertex 95 63.35 -3
      vertex 95.01070538380698 63.677015646150714 -3
      vertex 95.01070538380698 63.677015646150714 0
    endloop
  endfacet
  facet normal 0.9951847266721957 -0.09801714032957168 0
    outer loop
      vertex 95.01070538380698 63.677015646150714 -3
      vertex 95.04277569313095 64.00263096110027 -3
      vertex 95.04277569313095 64.00263096110027 0
    endloop
  endfacet
  facet normal 0.9866433320848802 -0.16289547339458146 0
    outer loop
      vertex 95.04277569313095 64.00263096110027 -3
      vertex 95.09607359798385 64.32545161008065 -3
      vertex 95.09607359798385 64.32545161008065 0
    endloop
  endfacet
  facet normal 0.9738769792773327 -0.2270762630343772 0
    outer loop
      vertex 95.09607359798385 64.32545161008065 -3
      vertex 95.17037086855466 64.6440952255126 -3
      vertex 95.17037086855466 64.6440952255126 0
    endloop
  endfacet
  facet normal 0.9569403357322122 -0.2902846772544518 0
    outer loop
      vertex 95.17037086855466 64.6440952255126 -3
      vertex 95.26534935252447 64.95719732651581 -3
      vertex 95.26534935252447 64.95719732651581 0
    endloop
  endfacet
  facet normal 0.9359059267573219 -0.3522500479212437 0
    outer loop
      vertex 95.26534935252447 64.95719732651581 -3
      vertex 95.38060233744356 65.26341716182544 -3
      vertex 95.38060233744356 65.26341716182544 0
    endloop
  endfacet
  facet normal 0.9108638249211791 -0.41270702980438756 0
    outer loop
      vertex 95.38060233744356 65.26341716182544 -3
      vertex 95.51563629233655 65.561443451095 -3
      vertex 95.51563629233655 65.561443451095 0
    endloop
  endfacet
  facet normal 0.8819212643483522 -0.4713967368260029 0
    outer loop
      vertex 95.51563629233655 65.561443451095 -3
      vertex 95.6698729810778 65.85 -3
      vertex 95.6698729810778 65.85 0
    endloop
  endfacet
  facet normal 0.8492021815265671 -0.5280678506503869 0
    outer loop
      vertex 95.6698729810778 65.85 -3
      vertex 95.84265193848728 66.12785116509801 -3
      vertex 95.84265193848728 66.12785116509801 0
    endloop
  endfacet
  facet normal 0.8128466845916391 -0.5824776968677687 0
    outer loop
      vertex 95.84265193848728 66.12785116509801 -3
      vertex 96.03323329854382 66.39380714504361 -3
      vertex 96.03323329854382 66.39380714504361 0
    endloop
  endfacet
  facet normal 0.7730104533627339 -0.6343932841636493 0
    outer loop
      vertex 96.03323329854382 66.39380714504361 -3
      vertex 96.2408009626051 66.64672907550035 -3
      vertex 96.2408009626051 66.64672907550035 0
    endloop
  endfacet
  facet normal -0.999464587476366 -0.0327190828217653 0
    outer loop
      vertex 105 63.35 -3
      vertex 105 63.35 0
      vertex 104.98929461619302 63.677015646150714 -3
    endloop
  endfacet
  facet normal -0.9951847266721957 -0.09801714032957168 0
    outer loop
      vertex 104.98929461619302 63.677015646150714 -3
      vertex 104.98929461619302 63.677015646150714 0
      vertex 104.95722430686905 64.00263096110027 -3
    endloop
  endfacet
  facet normal -0.9359059267573219 -0.3522500479212437 0
    outer loop
      vertex 104.73465064747553 64.95719732651581 -3
      vertex 104.73465064747553 64.95719732651581 0
      vertex 104.61939766255644 65.26341716182544 -3
    endloop
  endfacet
  facet normal -0.9866433320848802 -0.16289547339458146 0
    outer loop
      vertex 104.95722430686905 64.00263096110027 -3
      vertex 104.95722430686905 64.00263096110027 0
      vertex 104.90392640201615 64.32545161008065 -3
    endloop
  endfacet
  facet normal -0.9738769792773327 -0.2270762630343772 0
    outer loop
      vertex 104.90392640201615 64.32545161008065 -3
      vertex 104.90392640201615 64.32545161008065 0
      vertex 104.82962913144534 64.6440952255126 -3
    endloop
  endfacet
  facet normal -0.9569403357322122 -0.2902846772544518 0
    outer loop
      vertex 104.73465064747553 64.95719732651581 -3
      vertex 104.82962913144534 64.6440952255126 -3
      vertex 104.82962913144534 64.6440952255126 0
    endloop
  endfacet
  facet normal -0.9108638249211791 -0.41270702980438756 0
    outer loop
      vertex 104.61939766255644 65.26341716182544 -3
      vertex 104.61939766255644 65.26341716182544 0
      vertex 104.48436370766345 65.561443451095 -3
    endloop
  endfacet
  facet normal -0.8819212643483522 -0.4713967368260029 0
    outer loop
      vertex 104.48436370766345 65.561443451095 -3
      vertex 104.48436370766345 65.561443451095 0
      vertex 104.3301270189222 65.85 -3
    endloop
  endfacet
  facet normal -0.8492021815265671 -0.5280678506503869 0
    outer loop
      vertex 104.3301270189222 65.85 -3
      vertex 104.3301270189222 65.85 0
      vertex 104.15734806151272 66.12785116509801 -3
    endloop
  endfacet
  facet normal -0.8128466845916391 -0.5824776968677687 0
    outer loop
      vertex 104.15734806151272 66.12785116509801 -3
      vertex 104.15734806151272 66.12785116509801 0
      vertex 103.96676670145618 66.39380714504361 -3
    endloop
  endfacet
  facet normal -0.7730104533627339 -0.6343932841636493 0
    outer loop
      vertex 103.7591990373949 66.64672907550035 -3
      vertex 103.96676670145618 66.39380714504361 -3
      vertex 103.96676670145618 66.39380714504361 0
    endloop
  endfacet
  facet normal 0.999464587476366 -0.0327190828217653 0
    outer loop
      vertex 95 63.35 -3
      vertex 95.01070538380698 63.677015646150714 0
      vertex 95 63.35 0
    endloop
  endfacet
  facet normal 0.9951847266721957 -0.09801714032957168 0
    outer loop
      vertex 95.01070538380698 63.677015646150714 -3
      vertex 95.04277569313095 64.00263096110027 0
      vertex 95.01070538380698 63.677015646150714 0
    endloop
  endfacet
  facet normal 0.9866433320848802 -0.16289547339458146 0
    outer loop
      vertex 95.04277569313095 64.00263096110027 -3
      vertex 95.09607359798385 64.32545161008065 0
      vertex 95.04277569313095 64.00263096110027 0
    endloop
  endfacet
  facet normal 0.9738769792773327 -0.2270762630343772 0
    outer loop
      vertex 95.09607359798385 64.32545161008065 -3
      vertex 95.17037086855466 64.6440952255126 0
      vertex 95.09607359798385 64.32545161008065 0
    endloop
  endfacet
  facet normal 0.9569403357322122 -0.2902846772544518 0
    outer loop
      vertex 95.17037086855466 64.6440952255126 -3
      vertex 95.26534935252447 64.95719732651581 0
      vertex 95.17037086855466 64.6440952255126 0
    endloop
  endfacet
  facet normal 0.9359059267573219 -0.3522500479212437 0
    outer loop
      vertex 95.26534935252447 64.95719732651581 -3
      vertex 95.38060233744356 65.26341716182544 0
      vertex 95.26534935252447 64.95719732651581 0
    endloop
  endfacet
  facet normal 0.9108638249211791 -0.41270702980438756 0
    outer loop
      vertex 95.38060233744356 65.26341716182544 -3
      vertex 95.51563629233655 65.561443451095 0
      vertex 95.38060233744356 65.26341716182544 0
    endloop
  endfacet
  facet normal 0.8819212643483522 -0.4713967368260029 0
    outer loop
      vertex 95.51563629233655 65.561443451095 -3
      vertex 95.6698729810778 65.85 0
      vertex 95.51563629233655 65.561443451095 0
    endloop
  endfacet
  facet normal 0.8492021815265671 -0.5280678506503869 0
    outer loop
      vertex 95.6698729810778 65.85 -3
      vertex 95.84265193848728 66.12785116509801 0
      vertex 95.6698729810778 65.85 0
    endloop
  endfacet
  facet normal 0.8128466845916391 -0.5824776968677687 0
    outer loop
      vertex 95.84265193848728 66.12785116509801 -3
      vertex 96.03323329854382 66.39380714504361 0
      vertex 95.84265193848728 66.12785116509801 0
    endloop
  endfacet
  facet normal 0.7730104533627339 -0.6343932841636493 0
    outer loop
      vertex 96.03323329854382 66.39380714504361 -3
      vertex 96.2408009626051 66.64672907550035 0
      vertex 96.03323329854382 66.39380714504361 0
    endloop
  endfacet
  facet normal -0.999464587476366 -0.0327190828217653 0
    outer loop
      vertex 104.98929461619302 63.677015646150714 -3
      vertex 105 63.35 0
      vertex 104.98929461619302 63.677015646150714 0
    endloop
  endfacet
  facet normal -0.9951847266721957 -0.09801714032957168 0
    outer loop
      vertex 104.95722430686905 64.00263096110027 -3
      vertex 104.98929461619302 63.677015646150714 0
      vertex 104.95722430686905 64.00263096110027 0
    endloop
  endfacet
  facet normal -0.9359059267573219 -0.3522500479212437 0
    outer loop
      vertex 104.61939766255644 65.26341716182544 -3
      vertex 104.73465064747553 64.95719732651581 0
      vertex 104.61939766255644 65.26341716182544 0
    endloop
  endfacet
  facet normal -0.9866433320848802 -0.16289547339458146 0
    outer loop
      vertex 104.90392640201615 64.32545161008065 -3
      vertex 104.95722430686905 64.00263096110027 0
      vertex 104.90392640201615 64.32545161008065 0
    endloop
  endfacet
  facet normal -0.9738769792773327 -0.2270762630343772 0
    outer loop
      vertex 104.82962913144534 64.6440952255126 -3
      vertex 104.90392640201615 64.32545161008065 0
      vertex 104.82962913144534 64.6440952255126 0
    endloop
  endfacet
  facet normal -0.9569403357322122 -0.2902846772544518 0
    outer loop
      vertex 104.73465064747553 64.95719732651581 -3
      vertex 104.82962913144534 64.6440952255126 0
      vertex 104.73465064747553 64.95719732651581 0
    endloop
  endfacet
  facet normal -0.9108638249211791 -0.41270702980438756 0
    outer loop
      vertex 104.48436370766345 65.561443451095 -3
      vertex 104.61939766255644 65.26341716182544 0
      vertex 104.48436370766345 65.561443451095 0
    endloop
  endfacet
  facet normal -0.8819212643483522 -0.4713967368260029 0
    outer loop
      vertex 104.3301270189222 65.85 -3
      vertex 104.48436370766345 65.561443451095 0
      vertex 104.3301270189222 65.85 0
    endloop
  endfacet
  facet normal -0.8492021815265671 -0.5280678506503869 0
    outer loop
      vertex 104.15734806151272 66.12785116509801 -3
      vertex 104.3301270189222 65.85 0
      vertex 104.15734806151272 66.12785116509801 0
    endloop
  endfacet
  facet normal -0.8128466845916391 -0.5824776968677687 0
    outer loop
      vertex 103.96676670145618 66.39380714504361 -3
      vertex 104.15734806151272 66.12785116509801 0
      vertex 103.96676670145618 66.39380714504361 0
    endloop
  endfacet
  facet normal -0.7730104533627339 -0.6343932841636493 0
    outer loop
      vertex 103.7591990373949 66.64672907550035 -3
      vertex 103.96676670145618 66.39380714504361 0
      vertex 103.7591990373949 66.64672907550035 0
    endloop
  endfacet
  facet normal 0.7298640726978161 -0.6835923020228922 0
    outer loop
      vertex 96.2408009626051 66.64672907550035 -3
      vertex 96.46446609406726 66.88553390593273 -3
      vertex 96.46446609406726 66.88553390593273 0
    endloop
  endfacet
  facet normal 0.6835923020228706 -0.7298640726978364 0
    outer loop
      vertex 96.46446609406726 66.88553390593273 -3
      vertex 96.70327092449966 67.10919903739489 -3
      vertex 96.70327092449966 67.10919903739489 0
    endloop
  endfacet
  facet normal 0.6343932841636493 -0.7730104533627339 0
    outer loop
      vertex 96.70327092449966 67.10919903739489 -3
      vertex 96.9561928549564 67.31676670145617 -3
      vertex 96.9561928549564 67.31676670145617 0
    endloop
  endfacet
  facet normal 0.582477696867818 -0.8128466845916038 0
    outer loop
      vertex 96.9561928549564 67.31676670145617 -3
      vertex 97.22214883490199 67.50734806151273 -3
      vertex 97.22214883490199 67.50734806151273 0
    endloop
  endfacet
  facet normal 0.5280678506503556 -0.8492021815265867 0
    outer loop
      vertex 97.22214883490199 67.50734806151273 -3
      vertex 97.5 67.68012701892219 -3
      vertex 97.5 67.68012701892219 0
    endloop
  endfacet
  facet normal 0.4713967368260029 -0.8819212643483522 0
    outer loop
      vertex 97.5 67.68012701892219 -3
      vertex 97.78855654890499 67.83436370766344 -3
      vertex 97.78855654890499 67.83436370766344 0
    endloop
  endfacet
  facet normal 0.41270702980438756 -0.9108638249211791 0
    outer loop
      vertex 97.78855654890499 67.83436370766344 -3
      vertex 98.08658283817455 67.96939766255643 -3
      vertex 98.08658283817455 67.96939766255643 0
    endloop
  endfacet
  facet normal 0.3522500479212293 -0.9359059267573272 0
    outer loop
      vertex 98.08658283817455 67.96939766255643 -3
      vertex 98.3928026734842 68.08465064747553 -3
      vertex 98.3928026734842 68.08465064747553 0
    endloop
  endfacet
  facet normal 0.29028467725446383 -0.9569403357322084 0
    outer loop
      vertex 98.3928026734842 68.08465064747553 -3
      vertex 98.7059047744874 68.17962913144534 -3
      vertex 98.7059047744874 68.17962913144534 0
    endloop
  endfacet
  facet normal -0.5280678506503556 -0.8492021815265867 0
    outer loop
      vertex 102.77785116509801 67.50734806151273 -3
      vertex 102.77785116509801 67.50734806151273 0
      vertex 102.5 67.68012701892219 -3
    endloop
  endfacet
  facet normal -0.41270702980438756 -0.9108638249211791 0
    outer loop
      vertex 102.21144345109501 67.83436370766344 -3
      vertex 102.21144345109501 67.83436370766344 0
      vertex 101.91341716182545 67.96939766255643 -3
    endloop
  endfacet
  facet normal -0.3522500479212293 -0.9359059267573272 0
    outer loop
      vertex 101.91341716182545 67.96939766255643 -3
      vertex 101.91341716182545 67.96939766255643 0
      vertex 101.6071973265158 68.08465064747553 -3
    endloop
  endfacet
  facet normal -0.4713967368260029 -0.8819212643483522 0
    outer loop
      vertex 102.5 67.68012701892219 -3
      vertex 102.5 67.68012701892219 0
      vertex 102.21144345109501 67.83436370766344 -3
    endloop
  endfacet
  facet normal 0.2270762630343676 -0.973876979277335 0
    outer loop
      vertex 98.7059047744874 68.17962913144534 -3
      vertex 99.02454838991936 68.25392640201615 -3
      vertex 99.02454838991936 68.25392640201615 0
    endloop
  endfacet
  facet normal 0.16289547339462374 -0.9866433320848733 0
    outer loop
      vertex 99.02454838991936 68.25392640201615 -3
      vertex 99.34736903889974 68.30722430686906 -3
      vertex 99.34736903889974 68.30722430686906 0
    endloop
  endfacet
  facet normal 0.09801714032953078 -0.9951847266721998 0
    outer loop
      vertex 99.34736903889974 68.30722430686906 -3
      vertex 99.67298435384929 68.33929461619302 -3
      vertex 99.67298435384929 68.33929461619302 0
    endloop
  endfacet
  facet normal 0.0327190828217653 -0.999464587476366 0
    outer loop
      vertex 99.67298435384929 68.33929461619302 -3
      vertex 100 68.35 -3
      vertex 100 68.35 0
    endloop
  endfacet
  facet normal -0.0327190828217653 -0.999464587476366 0
    outer loop
      vertex 100 68.35 -3
      vertex 100.32701564615071 68.33929461619302 -3
      vertex 100.32701564615071 68.33929461619302 0
    endloop
  endfacet
  facet normal -0.09801714032953078 -0.9951847266721998 0
    outer loop
      vertex 100.32701564615071 68.33929461619302 -3
      vertex 100.65263096110026 68.30722430686906 -3
      vertex 100.65263096110026 68.30722430686906 0
    endloop
  endfacet
  facet normal -0.2270762630343676 -0.973876979277335 0
    outer loop
      vertex 101.2940952255126 68.17962913144534 -3
      vertex 101.2940952255126 68.17962913144534 0
      vertex 100.97545161008064 68.25392640201615 -3
    endloop
  endfacet
  facet normal -0.16289547339462374 -0.9866433320848733 0
    outer loop
      vertex 100.65263096110026 68.30722430686906 -3
      vertex 100.97545161008064 68.25392640201615 -3
      vertex 100.97545161008064 68.25392640201615 0
    endloop
  endfacet
  facet normal -0.29028467725446383 -0.9569403357322084 0
    outer loop
      vertex 101.2940952255126 68.17962913144534 -3
      vertex 101.6071973265158 68.08465064747553 -3
      vertex 101.6071973265158 68.08465064747553 0
    endloop
  endfacet
  facet normal -0.7298640726978161 -0.6835923020228922 0
    outer loop
      vertex 103.7591990373949 66.64672907550035 -3
      vertex 103.7591990373949 66.64672907550035 0
      vertex 103.53553390593274 66.88553390593273 -3
    endloop
  endfacet
  facet normal -0.6835923020228706 -0.7298640726978364 0
    outer loop
      vertex 103.53553390593274 66.88553390593273 -3
      vertex 103.53553390593274 66.88553390593273 0
      vertex 103.29672907550034 67.10919903739489 -3
    endloop
  endfacet
  facet normal -0.6343932841636493 -0.7730104533627339 0
    outer loop
      vertex 103.0438071450436 67.31676670145617 -3
      vertex 103.29672907550034 67.10919903739489 -3
      vertex 103.29672907550034 67.10919903739489 0
    endloop
  endfacet
  facet normal -0.582477696867818 -0.8128466845916038 0
    outer loop
      vertex 102.77785116509801 67.50734806151273 -3
      vertex 103.0438071450436 67.31676670145617 -3
      vertex 103.0438071450436 67.31676670145617 0
    endloop
  endfacet
  facet normal 0.7298640726978161 -0.6835923020228922 0
    outer loop
      vertex 96.2408009626051 66.64672907550035 -3
      vertex 96.46446609406726 66.88553390593273 0
      vertex 96.2408009626051 66.64672907550035 0
    endloop
  endfacet
  facet normal 0.6835923020228706 -0.7298640726978364 0
    outer loop
      vertex 96.46446609406726 66.88553390593273 -3
      vertex 96.70327092449966 67.10919903739489 0
      vertex 96.46446609406726 66.88553390593273 0
    endloop
  endfacet
  facet normal 0.6343932841636493 -0.7730104533627339 0
    outer loop
      vertex 96.70327092449966 67.10919903739489 -3
      vertex 96.9561928549564 67.31676670145617 0
      vertex 96.70327092449966 67.10919903739489 0
    endloop
  endfacet
  facet normal 0.582477696867818 -0.8128466845916038 0
    outer loop
      vertex 96.9561928549564 67.31676670145617 -3
      vertex 97.22214883490199 67.50734806151273 0
      vertex 96.9561928549564 67.31676670145617 0
    endloop
  endfacet
  facet normal 0.5280678506503556 -0.8492021815265867 0
    outer loop
      vertex 97.22214883490199 67.50734806151273 -3
      vertex 97.5 67.68012701892219 0
      vertex 97.22214883490199 67.50734806151273 0
    endloop
  endfacet
  facet normal 0.4713967368260029 -0.8819212643483522 0
    outer loop
      vertex 97.5 67.68012701892219 -3
      vertex 97.78855654890499 67.83436370766344 0
      vertex 97.5 67.68012701892219 0
    endloop
  endfacet
  facet normal 0.41270702980438756 -0.9108638249211791 0
    outer loop
      vertex 97.78855654890499 67.83436370766344 -3
      vertex 98.08658283817455 67.96939766255643 0
      vertex 97.78855654890499 67.83436370766344 0
    endloop
  endfacet
  facet normal 0.3522500479212293 -0.9359059267573272 0
    outer loop
      vertex 98.08658283817455 67.96939766255643 -3
      vertex 98.3928026734842 68.08465064747553 0
      vertex 98.08658283817455 67.96939766255643 0
    endloop
  endfacet
  facet normal 0.29028467725446383 -0.9569403357322084 0
    outer loop
      vertex 98.3928026734842 68.08465064747553 -3
      vertex 98.7059047744874 68.17962913144534 0
      vertex 98.3928026734842 68.08465064747553 0
    endloop
  endfacet
  facet normal 0.2270762630343676 -0.973876979277335 0
    outer loop
      vertex 98.7059047744874 68.17962913144534 -3
      vertex 99.02454838991936 68.25392640201615 0
      vertex 98.7059047744874 68.17962913144534 0
    endloop
  endfacet
  facet normal -0.3522500479212293 -0.9359059267573272 0
    outer loop
      vertex 101.6071973265158 68.08465064747553 -3
      vertex 101.91341716182545 67.96939766255643 0
      vertex 101.6071973265158 68.08465064747553 0
    endloop
  endfacet
  facet normal -0.5280678506503556 -0.8492021815265867 0
    outer loop
      vertex 102.5 67.68012701892219 -3
      vertex 102.77785116509801 67.50734806151273 0
      vertex 102.5 67.68012701892219 0
    endloop
  endfacet
  facet normal -0.41270702980438756 -0.9108638249211791 0
    outer loop
      vertex 101.91341716182545 67.96939766255643 -3
      vertex 102.21144345109501 67.83436370766344 0
      vertex 101.91341716182545 67.96939766255643 0
    endloop
  endfacet
  facet normal -0.4713967368260029 -0.8819212643483522 0
    outer loop
      vertex 102.21144345109501 67.83436370766344 -3
      vertex 102.5 67.68012701892219 0
      vertex 102.21144345109501 67.83436370766344 0
    endloop
  endfacet
  facet normal 0.16289547339462374 -0.9866433320848733 0
    outer loop
      vertex 99.02454838991936 68.25392640201615 -3
      vertex 99.34736903889974 68.30722430686906 0
      vertex 99.02454838991936 68.25392640201615 0
    endloop
  endfacet
  facet normal 0.09801714032953078 -0.9951847266721998 0
    outer loop
      vertex 99.34736903889974 68.30722430686906 -3
      vertex 99.67298435384929 68.33929461619302 0
      vertex 99.34736903889974 68.30722430686906 0
    endloop
  endfacet
  facet normal 0.0327190828217653 -0.999464587476366 0
    outer loop
      vertex 99.67298435384929 68.33929461619302 -3
      vertex 100 68.35 0
      vertex 99.67298435384929 68.33929461619302 0
    endloop
  endfacet
  facet normal -0.0327190828217653 -0.999464587476366 0
    outer loop
      vertex 100 68.35 -3
      vertex 100.32701564615071 68.33929461619302 0
      vertex 100 68.35 0
    endloop
  endfacet
  facet normal -0.09801714032953078 -0.9951847266721998 0
    outer loop
      vertex 100.32701564615071 68.33929461619302 -3
      vertex 100.65263096110026 68.30722430686906 0
      vertex 100.32701564615071 68.33929461619302 0
    endloop
  endfacet
  facet normal -0.16289547339462374 -0.9866433320848733 0
    outer loop
      vertex 100.65263096110026 68.30722430686906 -3
      vertex 100.97545161008064 68.25392640201615 0
      vertex 100.65263096110026 68.30722430686906 0
    endloop
  endfacet
  facet normal -0.2270762630343676 -0.973876979277335 0
    outer loop
      vertex 100.97545161008064 68.25392640201615 -3
      vertex 101.2940952255126 68.17962913144534 0
      vertex 100.97545161008064 68.25392640201615 0
    endloop
  endfacet
  facet normal -0.29028467725446383 -0.9569403357322084 0
    outer loop
      vertex 101.2940952255126 68.17962913144534 -3
      vertex 101.6071973265158 68.08465064747553 0
      vertex 101.2940952255126 68.17962913144534 0
    endloop
  endfacet
  facet normal -0.7298640726978161 -0.6835923020228922 0
    outer loop
      vertex 103.53553390593274 66.88553390593273 -3
      vertex 103.7591990373949 66.64672907550035 0
      vertex 103.53553390593274 66.88553390593273 0
    endloop
  endfacet
  facet normal -0.6343932841636493 -0.7730104533627339 0
    outer loop
      vertex 103.0438071450436 67.31676670145617 -3
      vertex 103.29672907550034 67.10919903739489 0
      vertex 103.0438071450436 67.31676670145617 0
    endloop
  endfacet
  facet normal -0.6835923020228706 -0.7298640726978364 0
    outer loop
      vertex 103.29672907550034 67.10919903739489 -3
      vertex 103.53553390593274 66.88553390593273 0
      vertex 103.29672907550034 67.10919903739489 0
    endloop
  endfacet
  facet normal -0.582477696867818 -0.8128466845916038 0
    outer loop
      vertex 102.77785116509801 67.50734806151273 -3
      vertex 103.0438071450436 67.31676670145617 0
      vertex 102.77785116509801 67.50734806151273 0
    endloop
  endfacet
  facet normal 0.5824776968677734 0.8128466845916359 0
    outer loop
      vertex -123.0278181408039 4.063458566168 -3
      vertex -123.17409392977399 4.168278314199103 -3
      vertex -123.17409392977399 4.168278314199103 0
    endloop
  endfacet
  facet normal 0.4713967368259912 0.8819212643483584 0
    outer loop
      vertex -122.875 3.9684301395927934 -3
      vertex -122.875 3.9684301395927934 0
      vertex -122.71629389810225 3.883599960785107 -3
    endloop
  endfacet
  facet normal 0.412707029804406 0.9108638249211708 0
    outer loop
      vertex -122.552379439004 3.809331285593961 -3
      vertex -122.71629389810225 3.883599960785107 -3
      vertex -122.71629389810225 3.883599960785107 0
    endloop
  endfacet
  facet normal 0.5280678506503786 0.8492021815265722 0
    outer loop
      vertex -122.875 3.9684301395927934 -3
      vertex -123.0278181408039 4.063458566168 -3
      vertex -123.0278181408039 4.063458566168 0
    endloop
  endfacet
  facet normal 0.7730104533627479 0.634393284163632 0
    outer loop
      vertex -123.56755947056719 4.53679900847481 -3
      vertex -123.6817216858009 4.675906070226018 -3
      vertex -123.6817216858009 4.675906070226018 0
    endloop
  endfacet
  facet normal 0.8128466845916094 0.5824776968678103 0
    outer loop
      vertex -123.6817216858009 4.675906070226018 -3
      vertex -123.786541433832 4.822181859196093 -3
      vertex -123.786541433832 4.822181859196093 0
    endloop
  endfacet
  facet normal 0.6343932841636536 0.7730104533627304 0
    outer loop
      vertex -123.31320099152519 4.282440529432812 -3
      vertex -123.31320099152519 4.282440529432812 0
      vertex -123.17409392977399 4.168278314199103 -3
    endloop
  endfacet
  facet normal 0.6835923020228779 0.7298640726978295 0
    outer loop
      vertex -123.31320099152519 4.282440529432812 -3
      vertex -123.44454364826301 4.405456351736994 -3
      vertex -123.44454364826301 4.405456351736994 0
    endloop
  endfacet
  facet normal 0.729864072697834 0.6835923020228729 0
    outer loop
      vertex -123.56755947056719 4.53679900847481 -3
      vertex -123.56755947056719 4.53679900847481 0
      vertex -123.44454364826301 4.405456351736994 -3
    endloop
  endfacet
  facet normal 0.849202181526567 0.5280678506503872 0
    outer loop
      vertex -123.786541433832 4.822181859196093 -3
      vertex -123.88156986040721 4.975 -3
      vertex -123.88156986040721 4.975 0
    endloop
  endfacet
  facet normal 0.8819212643483746 0.4713967368259609 0
    outer loop
      vertex -123.88156986040721 4.975 -3
      vertex -123.96640003921489 5.133706101897746 -3
      vertex -123.96640003921489 5.133706101897746 0
    endloop
  endfacet
  facet normal 0.9359059267573303 0.3522500479212218 0
    outer loop
      vertex -124.04066871440604 5.297620560996003 -3
      vertex -124.10405785611154 5.466041470416306 -3
      vertex -124.10405785611154 5.466041470416306 0
    endloop
  endfacet
  facet normal 0.9108638249211684 0.41270702980441126 0
    outer loop
      vertex -123.96640003921489 5.133706101897746 -3
      vertex -124.04066871440604 5.297620560996003 -3
      vertex -124.04066871440604 5.297620560996003 0
    endloop
  endfacet
  facet normal 0.2902846772544598 0.9569403357322096 0
    outer loop
      vertex -122.3839585295837 3.745942143888459 -3
      vertex -122.3839585295837 3.745942143888459 0
      vertex -122.21175237403193 3.693703977705062 -3
    endloop
  endfacet
  facet normal 0.35225004792122977 0.935905926757327 0
    outer loop
      vertex -122.552379439004 3.809331285593961 -3
      vertex -122.552379439004 3.809331285593961 0
      vertex -122.3839585295837 3.745942143888459 -3
    endloop
  endfacet
  facet normal 0.22707626303436915 0.9738769792773347 0
    outer loop
      vertex -122.21175237403193 3.693703977705062 -3
      vertex -122.21175237403193 3.693703977705062 0
      vertex -122.03649838554435 3.652840478891116 -3
    endloop
  endfacet
  facet normal 0.1628954733945952 0.986643332084878 0
    outer loop
      vertex -121.85894702860514 3.623526631222021 -3
      vertex -122.03649838554435 3.652840478891116 -3
      vertex -122.03649838554435 3.652840478891116 0
    endloop
  endfacet
  facet normal 0.09801714032955633 0.9951847266721974 0
    outer loop
      vertex -121.85894702860514 3.623526631222021 -3
      vertex -121.85894702860514 3.623526631222021 0
      vertex -121.67985860538289 3.60588796109384 -3
    endloop
  endfacet
  facet normal 0.03271908282177752 0.9994645874763657 0
    outer loop
      vertex -121.67985860538289 3.60588796109384 -3
      vertex -121.67985860538289 3.60588796109384 0
      vertex -121.5 3.5999999999999996 -3
    endloop
  endfacet
  facet normal -0.03271908282177752 0.9994645874763657 0
    outer loop
      vertex -121.5 3.5999999999999996 -3
      vertex -121.5 3.5999999999999996 0
      vertex -121.32014139461711 3.60588796109384 -3
    endloop
  endfacet
  facet normal -0.09801714032955633 0.9951847266721974 0
    outer loop
      vertex -121.32014139461711 3.60588796109384 -3
      vertex -121.32014139461711 3.60588796109384 0
      vertex -121.14105297139486 3.623526631222021 -3
    endloop
  endfacet
  facet normal -0.1628954733945952 0.986643332084878 0
    outer loop
      vertex -121.14105297139486 3.623526631222021 -3
      vertex -121.14105297139486 3.623526631222021 0
      vertex -120.96350161445565 3.652840478891116 -3
    endloop
  endfacet
  facet normal -0.22707626303436915 0.9738769792773347 0
    outer loop
      vertex -120.96350161445565 3.652840478891116 -3
      vertex -120.96350161445565 3.652840478891116 0
      vertex -120.78824762596807 3.693703977705062 -3
    endloop
  endfacet
  facet normal -0.2902846772544598 0.9569403357322096 0
    outer loop
      vertex -120.78824762596807 3.693703977705062 -3
      vertex -120.78824762596807 3.693703977705062 0
      vertex -120.6160414704163 3.745942143888459 -3
    endloop
  endfacet
  facet normal -0.35225004792122977 0.935905926757327 0
    outer loop
      vertex -120.6160414704163 3.745942143888459 -3
      vertex -120.6160414704163 3.745942143888459 0
      vertex -120.447620560996 3.809331285593961 -3
    endloop
  endfacet
  facet normal -0.412707029804406 0.9108638249211708 0
    outer loop
      vertex -120.447620560996 3.809331285593961 -3
      vertex -120.447620560996 3.809331285593961 0
      vertex -120.28370610189775 3.883599960785107 -3
    endloop
  endfacet
  facet normal -0.4713967368259912 0.8819212643483584 0
    outer loop
      vertex -120.28370610189775 3.883599960785107 -3
      vertex -120.28370610189775 3.883599960785107 0
      vertex -120.125 3.9684301395927934 -3
    endloop
  endfacet
  facet normal -0.5280678506503786 0.8492021815265722 0
    outer loop
      vertex -120.125 3.9684301395927934 -3
      vertex -120.125 3.9684301395927934 0
      vertex -119.9721818591961 4.063458566168 -3
    endloop
  endfacet
  facet normal -0.5824776968677734 0.8128466845916359 0
    outer loop
      vertex -119.9721818591961 4.063458566168 -3
      vertex -119.9721818591961 4.063458566168 0
      vertex -119.82590607022601 4.168278314199103 -3
    endloop
  endfacet
  facet normal -0.6343932841636536 0.7730104533627304 0
    outer loop
      vertex -119.82590607022601 4.168278314199103 -3
      vertex -119.82590607022601 4.168278314199103 0
      vertex -119.68679900847481 4.282440529432812 -3
    endloop
  endfacet
  facet normal -0.6835923020228779 0.7298640726978295 0
    outer loop
      vertex -119.68679900847481 4.282440529432812 -3
      vertex -119.68679900847481 4.282440529432812 0
      vertex -119.55545635173699 4.405456351736994 -3
    endloop
  endfacet
  facet normal -0.729864072697834 0.6835923020228729 0
    outer loop
      vertex -119.55545635173699 4.405456351736994 -3
      vertex -119.55545635173699 4.405456351736994 0
      vertex -119.43244052943281 4.53679900847481 -3
    endloop
  endfacet
  facet normal -0.7730104533627479 0.634393284163632 0
    outer loop
      vertex -119.43244052943281 4.53679900847481 -3
      vertex -119.43244052943281 4.53679900847481 0
      vertex -119.3182783141991 4.675906070226018 -3
    endloop
  endfacet
  facet normal -0.8128466845916094 0.5824776968678103 0
    outer loop
      vertex -119.3182783141991 4.675906070226018 -3
      vertex -119.3182783141991 4.675906070226018 0
      vertex -119.213458566168 4.822181859196093 -3
    endloop
  endfacet
  facet normal -0.849202181526567 0.5280678506503872 0
    outer loop
      vertex -119.213458566168 4.822181859196093 -3
      vertex -119.213458566168 4.822181859196093 0
      vertex -119.11843013959279 4.975 -3
    endloop
  endfacet
  facet normal -0.8819212643483746 0.4713967368259609 0
    outer loop
      vertex -119.11843013959279 4.975 -3
      vertex -119.11843013959279 4.975 0
      vertex -119.03359996078511 5.133706101897746 -3
    endloop
  endfacet
  facet normal -0.9108638249211684 0.41270702980441126 0
    outer loop
      vertex -119.03359996078511 5.133706101897746 -3
      vertex -119.03359996078511 5.133706101897746 0
      vertex -118.95933128559396 5.297620560996003 -3
    endloop
  endfacet
  facet normal -0.9359059267573303 0.3522500479212218 0
    outer loop
      vertex -118.95933128559396 5.297620560996003 -3
      vertex -118.95933128559396 5.297620560996003 0
      vertex -118.89594214388846 5.466041470416306 -3
    endloop
  endfacet
  facet normal -0.9569403357322037 0.2902846772544792 0
    outer loop
      vertex -118.89594214388846 5.466041470416306 -3
      vertex -118.89594214388846 5.466041470416306 0
      vertex -118.84370397770506 5.638247625968067 -3
    endloop
  endfacet
  facet normal 0.5824776968677734 0.8128466845916359 0
    outer loop
      vertex -123.0278181408039 4.063458566168 -3
      vertex -123.17409392977399 4.168278314199103 0
      vertex -123.0278181408039 4.063458566168 0
    endloop
  endfacet
  facet normal 0.412707029804406 0.9108638249211708 0
    outer loop
      vertex -122.552379439004 3.809331285593961 -3
      vertex -122.71629389810225 3.883599960785107 0
      vertex -122.552379439004 3.809331285593961 0
    endloop
  endfacet
  facet normal 0.4713967368259912 0.8819212643483584 0
    outer loop
      vertex -122.71629389810225 3.883599960785107 -3
      vertex -122.875 3.9684301395927934 0
      vertex -122.71629389810225 3.883599960785107 0
    endloop
  endfacet
  facet normal 0.5280678506503786 0.8492021815265722 0
    outer loop
      vertex -122.875 3.9684301395927934 -3
      vertex -123.0278181408039 4.063458566168 0
      vertex -122.875 3.9684301395927934 0
    endloop
  endfacet
  facet normal 0.7730104533627479 0.634393284163632 0
    outer loop
      vertex -123.56755947056719 4.53679900847481 -3
      vertex -123.6817216858009 4.675906070226018 0
      vertex -123.56755947056719 4.53679900847481 0
    endloop
  endfacet
  facet normal 0.8128466845916094 0.5824776968678103 0
    outer loop
      vertex -123.6817216858009 4.675906070226018 -3
      vertex -123.786541433832 4.822181859196093 0
      vertex -123.6817216858009 4.675906070226018 0
    endloop
  endfacet
  facet normal 0.6835923020228779 0.7298640726978295 0
    outer loop
      vertex -123.31320099152519 4.282440529432812 -3
      vertex -123.44454364826301 4.405456351736994 0
      vertex -123.31320099152519 4.282440529432812 0
    endloop
  endfacet
  facet normal 0.6343932841636536 0.7730104533627304 0
    outer loop
      vertex -123.17409392977399 4.168278314199103 -3
      vertex -123.31320099152519 4.282440529432812 0
      vertex -123.17409392977399 4.168278314199103 0
    endloop
  endfacet
  facet normal 0.729864072697834 0.6835923020228729 0
    outer loop
      vertex -123.44454364826301 4.405456351736994 -3
      vertex -123.56755947056719 4.53679900847481 0
      vertex -123.44454364826301 4.405456351736994 0
    endloop
  endfacet
  facet normal 0.849202181526567 0.5280678506503872 0
    outer loop
      vertex -123.786541433832 4.822181859196093 -3
      vertex -123.88156986040721 4.975 0
      vertex -123.786541433832 4.822181859196093 0
    endloop
  endfacet
  facet normal 0.8819212643483746 0.4713967368259609 0
    outer loop
      vertex -123.88156986040721 4.975 -3
      vertex -123.96640003921489 5.133706101897746 0
      vertex -123.88156986040721 4.975 0
    endloop
  endfacet
  facet normal 0.9108638249211684 0.41270702980441126 0
    outer loop
      vertex -123.96640003921489 5.133706101897746 -3
      vertex -124.04066871440604 5.297620560996003 0
      vertex -123.96640003921489 5.133706101897746 0
    endloop
  endfacet
  facet normal 0.9359059267573303 0.3522500479212218 0
    outer loop
      vertex -124.04066871440604 5.297620560996003 -3
      vertex -124.10405785611154 5.466041470416306 0
      vertex -124.04066871440604 5.297620560996003 0
    endloop
  endfacet
  facet normal 0.9569403357322037 0.2902846772544792 0
    outer loop
      vertex -124.10405785611154 5.466041470416306 -3
      vertex -124.15629602229494 5.638247625968067 0
      vertex -124.10405785611154 5.466041470416306 0
    endloop
  endfacet
  facet normal 0.35225004792122977 0.935905926757327 0
    outer loop
      vertex -122.3839585295837 3.745942143888459 -3
      vertex -122.552379439004 3.809331285593961 0
      vertex -122.3839585295837 3.745942143888459 0
    endloop
  endfacet
  facet normal 0.22707626303436915 0.9738769792773347 0
    outer loop
      vertex -122.03649838554435 3.652840478891116 -3
      vertex -122.21175237403193 3.693703977705062 0
      vertex -122.03649838554435 3.652840478891116 0
    endloop
  endfacet
  facet normal 0.2902846772544598 0.9569403357322096 0
    outer loop
      vertex -122.21175237403193 3.693703977705062 -3
      vertex -122.3839585295837 3.745942143888459 0
      vertex -122.21175237403193 3.693703977705062 0
    endloop
  endfacet
  facet normal 0.1628954733945952 0.986643332084878 0
    outer loop
      vertex -121.85894702860514 3.623526631222021 -3
      vertex -122.03649838554435 3.652840478891116 0
      vertex -121.85894702860514 3.623526631222021 0
    endloop
  endfacet
  facet normal 0.09801714032955633 0.9951847266721974 0
    outer loop
      vertex -121.67985860538289 3.60588796109384 -3
      vertex -121.85894702860514 3.623526631222021 0
      vertex -121.67985860538289 3.60588796109384 0
    endloop
  endfacet
  facet normal 0.03271908282177752 0.9994645874763657 0
    outer loop
      vertex -121.5 3.5999999999999996 -3
      vertex -121.67985860538289 3.60588796109384 0
      vertex -121.5 3.5999999999999996 0
    endloop
  endfacet
  facet normal -0.03271908282177752 0.9994645874763657 0
    outer loop
      vertex -121.32014139461711 3.60588796109384 -3
      vertex -121.5 3.5999999999999996 0
      vertex -121.32014139461711 3.60588796109384 0
    endloop
  endfacet
  facet normal -0.09801714032955633 0.9951847266721974 0
    outer loop
      vertex -121.14105297139486 3.623526631222021 -3
      vertex -121.32014139461711 3.60588796109384 0
      vertex -121.14105297139486 3.623526631222021 0
    endloop
  endfacet
  facet normal -0.1628954733945952 0.986643332084878 0
    outer loop
      vertex -120.96350161445565 3.652840478891116 -3
      vertex -121.14105297139486 3.623526631222021 0
      vertex -120.96350161445565 3.652840478891116 0
    endloop
  endfacet
  facet normal -0.22707626303436915 0.9738769792773347 0
    outer loop
      vertex -120.78824762596807 3.693703977705062 -3
      vertex -120.96350161445565 3.652840478891116 0
      vertex -120.78824762596807 3.693703977705062 0
    endloop
  endfacet
  facet normal -0.2902846772544598 0.9569403357322096 0
    outer loop
      vertex -120.6160414704163 3.745942143888459 -3
      vertex -120.78824762596807 3.693703977705062 0
      vertex -120.6160414704163 3.745942143888459 0
    endloop
  endfacet
  facet normal -0.35225004792122977 0.935905926757327 0
    outer loop
      vertex -120.447620560996 3.809331285593961 -3
      vertex -120.6160414704163 3.745942143888459 0
      vertex -120.447620560996 3.809331285593961 0
    endloop
  endfacet
  facet normal -0.412707029804406 0.9108638249211708 0
    outer loop
      vertex -120.28370610189775 3.883599960785107 -3
      vertex -120.447620560996 3.809331285593961 0
      vertex -120.28370610189775 3.883599960785107 0
    endloop
  endfacet
  facet normal -0.4713967368259912 0.8819212643483584 0
    outer loop
      vertex -120.125 3.9684301395927934 -3
      vertex -120.28370610189775 3.883599960785107 0
      vertex -120.125 3.9684301395927934 0
    endloop
  endfacet
  facet normal -0.5280678506503786 0.8492021815265722 0
    outer loop
      vertex -119.9721818591961 4.063458566168 -3
      vertex -120.125 3.9684301395927934 0
      vertex -119.9721818591961 4.063458566168 0
    endloop
  endfacet
  facet normal -0.5824776968677734 0.8128466845916359 0
    outer loop
      vertex -119.82590607022601 4.168278314199103 -3
      vertex -119.9721818591961 4.063458566168 0
      vertex -119.82590607022601 4.168278314199103 0
    endloop
  endfacet
  facet normal -0.6343932841636536 0.7730104533627304 0
    outer loop
      vertex -119.68679900847481 4.282440529432812 -3
      vertex -119.82590607022601 4.168278314199103 0
      vertex -119.68679900847481 4.282440529432812 0
    endloop
  endfacet
  facet normal -0.6835923020228779 0.7298640726978295 0
    outer loop
      vertex -119.55545635173699 4.405456351736994 -3
      vertex -119.68679900847481 4.282440529432812 0
      vertex -119.55545635173699 4.405456351736994 0
    endloop
  endfacet
  facet normal -0.729864072697834 0.6835923020228729 0
    outer loop
      vertex -119.43244052943281 4.53679900847481 -3
      vertex -119.55545635173699 4.405456351736994 0
      vertex -119.43244052943281 4.53679900847481 0
    endloop
  endfacet
  facet normal -0.7730104533627479 0.634393284163632 0
    outer loop
      vertex -119.3182783141991 4.675906070226018 -3
      vertex -119.43244052943281 4.53679900847481 0
      vertex -119.3182783141991 4.675906070226018 0
    endloop
  endfacet
  facet normal -0.8128466845916094 0.5824776968678103 0
    outer loop
      vertex -119.213458566168 4.822181859196093 -3
      vertex -119.3182783141991 4.675906070226018 0
      vertex -119.213458566168 4.822181859196093 0
    endloop
  endfacet
  facet normal -0.849202181526567 0.5280678506503872 0
    outer loop
      vertex -119.11843013959279 4.975 -3
      vertex -119.213458566168 4.822181859196093 0
      vertex -119.11843013959279 4.975 0
    endloop
  endfacet
  facet normal -0.8819212643483746 0.4713967368259609 0
    outer loop
      vertex -119.03359996078511 5.133706101897746 -3
      vertex -119.11843013959279 4.975 0
      vertex -119.03359996078511 5.133706101897746 0
    endloop
  endfacet
  facet normal -0.9108638249211684 0.41270702980441126 0
    outer loop
      vertex -118.95933128559396 5.297620560996003 -3
      vertex -119.03359996078511 5.133706101897746 0
      vertex -118.95933128559396 5.297620560996003 0
    endloop
  endfacet
  facet normal -0.9359059267573303 0.3522500479212218 0
    outer loop
      vertex -118.89594214388846 5.466041470416306 -3
      vertex -118.95933128559396 5.297620560996003 0
      vertex -118.89594214388846 5.466041470416306 0
    endloop
  endfacet
  facet normal 0.9569403357322037 0.2902846772544792 0
    outer loop
      vertex -124.10405785611154 5.466041470416306 -3
      vertex -124.15629602229494 5.638247625968067 -3
      vertex -124.15629602229494 5.638247625968067 0
    endloop
  endfacet
  facet normal 0.9738769792773307 0.22707626303438516 0
    outer loop
      vertex -124.15629602229494 5.638247625968067 -3
      vertex -124.19715952110889 5.813501614455647 -3
      vertex -124.19715952110889 5.813501614455647 0
    endloop
  endfacet
  facet normal 0.986643332084886 0.16289547339454638 0
    outer loop
      vertex -124.19715952110889 5.813501614455647 -3
      vertex -124.22647336877797 5.991052971394858 -3
      vertex -124.22647336877797 5.991052971394858 0
    endloop
  endfacet
  facet normal 0.9951847266721905 0.0980171403296252 0
    outer loop
      vertex -124.22647336877797 5.991052971394858 -3
      vertex -124.24411203890617 6.170141394617106 -3
      vertex -124.24411203890617 6.170141394617106 0
    endloop
  endfacet
  facet normal 0.999464587476367 0.03271908282173743 0
    outer loop
      vertex -124.24411203890617 6.170141394617106 -3
      vertex -124.25 6.35 -3
      vertex -124.25 6.35 0
    endloop
  endfacet
  facet normal 0.999464587476367 -0.03271908282173743 0
    outer loop
      vertex -124.25 6.35 -3
      vertex -124.24411203890617 6.529858605382893 -3
      vertex -124.24411203890617 6.529858605382893 0
    endloop
  endfacet
  facet normal 0.9951847266721905 -0.0980171403296252 0
    outer loop
      vertex -124.24411203890617 6.529858605382893 -3
      vertex -124.22647336877797 6.708947028605142 -3
      vertex -124.22647336877797 6.708947028605142 0
    endloop
  endfacet
  facet normal 0.986643332084886 -0.16289547339454638 0
    outer loop
      vertex -124.22647336877797 6.708947028605142 -3
      vertex -124.19715952110889 6.8864983855443525 -3
      vertex -124.19715952110889 6.8864983855443525 0
    endloop
  endfacet
  facet normal 0.9738769792773307 -0.22707626303438516 0
    outer loop
      vertex -124.19715952110889 6.8864983855443525 -3
      vertex -124.15629602229494 7.061752374031932 -3
      vertex -124.15629602229494 7.061752374031932 0
    endloop
  endfacet
  facet normal 0.9569403357322037 -0.2902846772544792 0
    outer loop
      vertex -124.15629602229494 7.061752374031932 -3
      vertex -124.10405785611154 7.233958529583694 -3
      vertex -124.10405785611154 7.233958529583694 0
    endloop
  endfacet
  facet normal 0.9359059267573303 -0.3522500479212218 0
    outer loop
      vertex -124.10405785611154 7.233958529583694 -3
      vertex -124.04066871440604 7.4023794390039965 -3
      vertex -124.04066871440604 7.4023794390039965 0
    endloop
  endfacet
  facet normal 0.9108638249211684 -0.41270702980441126 0
    outer loop
      vertex -124.04066871440604 7.4023794390039965 -3
      vertex -123.96640003921489 7.566293898102253 -3
      vertex -123.96640003921489 7.566293898102253 0
    endloop
  endfacet
  facet normal 0.8819212643483746 -0.4713967368259609 0
    outer loop
      vertex -123.96640003921489 7.566293898102253 -3
      vertex -123.88156986040721 7.725 -3
      vertex -123.88156986040721 7.725 0
    endloop
  endfacet
  facet normal 0.849202181526567 -0.5280678506503872 0
    outer loop
      vertex -123.88156986040721 7.725 -3
      vertex -123.786541433832 7.877818140803906 -3
      vertex -123.786541433832 7.877818140803906 0
    endloop
  endfacet
  facet normal 0.8128466845916094 -0.5824776968678103 0
    outer loop
      vertex -123.786541433832 7.877818140803906 -3
      vertex -123.6817216858009 8.024093929773981 -3
      vertex -123.6817216858009 8.024093929773981 0
    endloop
  endfacet
  facet normal 0.7730104533627479 -0.634393284163632 0
    outer loop
      vertex -123.6817216858009 8.024093929773981 -3
      vertex -123.56755947056719 8.163200991525189 -3
      vertex -123.56755947056719 8.163200991525189 0
    endloop
  endfacet
  facet normal 0.729864072697834 -0.6835923020228729 0
    outer loop
      vertex -123.56755947056719 8.163200991525189 -3
      vertex -123.44454364826301 8.294543648263005 -3
      vertex -123.44454364826301 8.294543648263005 0
    endloop
  endfacet
  facet normal -0.9738769792773307 0.22707626303438516 0
    outer loop
      vertex -118.84370397770506 5.638247625968067 -3
      vertex -118.84370397770506 5.638247625968067 0
      vertex -118.80284047889111 5.813501614455647 -3
    endloop
  endfacet
  facet normal -0.986643332084886 0.16289547339454638 0
    outer loop
      vertex -118.80284047889111 5.813501614455647 -3
      vertex -118.80284047889111 5.813501614455647 0
      vertex -118.77352663122203 5.991052971394858 -3
    endloop
  endfacet
  facet normal -0.9951847266721905 0.0980171403296252 0
    outer loop
      vertex -118.77352663122203 5.991052971394858 -3
      vertex -118.77352663122203 5.991052971394858 0
      vertex -118.75588796109383 6.170141394617106 -3
    endloop
  endfacet
  facet normal -0.999464587476367 0.03271908282173743 0
    outer loop
      vertex -118.75588796109383 6.170141394617106 -3
      vertex -118.75588796109383 6.170141394617106 0
      vertex -118.75 6.35 -3
    endloop
  endfacet
  facet normal -0.999464587476367 -0.03271908282173743 0
    outer loop
      vertex -118.75 6.35 -3
      vertex -118.75 6.35 0
      vertex -118.75588796109383 6.529858605382893 -3
    endloop
  endfacet
  facet normal -0.9951847266721905 -0.0980171403296252 0
    outer loop
      vertex -118.75588796109383 6.529858605382893 -3
      vertex -118.75588796109383 6.529858605382893 0
      vertex -118.77352663122203 6.708947028605142 -3
    endloop
  endfacet
  facet normal -0.986643332084886 -0.16289547339454638 0
    outer loop
      vertex -118.77352663122203 6.708947028605142 -3
      vertex -118.77352663122203 6.708947028605142 0
      vertex -118.80284047889111 6.8864983855443525 -3
    endloop
  endfacet
  facet normal -0.9738769792773307 -0.22707626303438516 0
    outer loop
      vertex -118.80284047889111 6.8864983855443525 -3
      vertex -118.80284047889111 6.8864983855443525 0
      vertex -118.84370397770506 7.061752374031932 -3
    endloop
  endfacet
  facet normal -0.9569403357322037 -0.2902846772544792 0
    outer loop
      vertex -118.84370397770506 7.061752374031932 -3
      vertex -118.84370397770506 7.061752374031932 0
      vertex -118.89594214388846 7.233958529583694 -3
    endloop
  endfacet
  facet normal -0.9359059267573303 -0.3522500479212218 0
    outer loop
      vertex -118.89594214388846 7.233958529583694 -3
      vertex -118.89594214388846 7.233958529583694 0
      vertex -118.95933128559396 7.4023794390039965 -3
    endloop
  endfacet
  facet normal -0.9108638249211684 -0.41270702980441126 0
    outer loop
      vertex -118.95933128559396 7.4023794390039965 -3
      vertex -118.95933128559396 7.4023794390039965 0
      vertex -119.03359996078511 7.566293898102253 -3
    endloop
  endfacet
  facet normal -0.8819212643483746 -0.4713967368259609 0
    outer loop
      vertex -119.03359996078511 7.566293898102253 -3
      vertex -119.03359996078511 7.566293898102253 0
      vertex -119.11843013959279 7.725 -3
    endloop
  endfacet
  facet normal -0.849202181526567 -0.5280678506503872 0
    outer loop
      vertex -119.11843013959279 7.725 -3
      vertex -119.11843013959279 7.725 0
      vertex -119.213458566168 7.877818140803906 -3
    endloop
  endfacet
  facet normal -0.8128466845916094 -0.5824776968678103 0
    outer loop
      vertex -119.213458566168 7.877818140803906 -3
      vertex -119.213458566168 7.877818140803906 0
      vertex -119.3182783141991 8.024093929773981 -3
    endloop
  endfacet
  facet normal -0.7730104533627479 -0.634393284163632 0
    outer loop
      vertex -119.3182783141991 8.024093929773981 -3
      vertex -119.3182783141991 8.024093929773981 0
      vertex -119.43244052943281 8.163200991525189 -3
    endloop
  endfacet
  facet normal -0.729864072697834 -0.6835923020228729 0
    outer loop
      vertex -119.43244052943281 8.163200991525189 -3
      vertex -119.43244052943281 8.163200991525189 0
      vertex -119.55545635173699 8.294543648263005 -3
    endloop
  endfacet
  facet normal 0.6835923020228779 -0.7298640726978295 0
    outer loop
      vertex -123.44454364826301 8.294543648263005 -3
      vertex -123.31320099152519 8.417559470567188 -3
      vertex -123.31320099152519 8.417559470567188 0
    endloop
  endfacet
  facet normal 0.6343932841636536 -0.7730104533627304 0
    outer loop
      vertex -123.31320099152519 8.417559470567188 -3
      vertex -123.17409392977399 8.531721685800896 -3
      vertex -123.17409392977399 8.531721685800896 0
    endloop
  endfacet
  facet normal 0.5824776968677734 -0.8128466845916359 0
    outer loop
      vertex -123.17409392977399 8.531721685800896 -3
      vertex -123.0278181408039 8.636541433831999 -3
      vertex -123.0278181408039 8.636541433831999 0
    endloop
  endfacet
  facet normal 0.5280678506503769 -0.8492021815265735 0
    outer loop
      vertex -123.0278181408039 8.636541433831999 -3
      vertex -122.875 8.731569860407205 -3
      vertex -122.875 8.731569860407205 0
    endloop
  endfacet
  facet normal 0.4713967368259932 -0.8819212643483575 0
    outer loop
      vertex -122.875 8.731569860407205 -3
      vertex -122.71629389810225 8.816400039214892 -3
      vertex -122.71629389810225 8.816400039214892 0
    endloop
  endfacet
  facet normal 0.412707029804406 -0.9108638249211708 0
    outer loop
      vertex -122.71629389810225 8.816400039214892 -3
      vertex -122.552379439004 8.890668714406038 -3
      vertex -122.552379439004 8.890668714406038 0
    endloop
  endfacet
  facet normal 0.35225004792122544 -0.9359059267573288 0
    outer loop
      vertex -122.552379439004 8.890668714406038 -3
      vertex -122.3839585295837 8.95405785611154 -3
      vertex -122.3839585295837 8.95405785611154 0
    endloop
  endfacet
  facet normal 0.2902846772544598 -0.9569403357322096 0
    outer loop
      vertex -122.3839585295837 8.95405785611154 -3
      vertex -122.21175237403193 9.006296022294936 -3
      vertex -122.21175237403193 9.006296022294936 0
    endloop
  endfacet
  facet normal -0.22707626303437148 -0.9738769792773341 0
    outer loop
      vertex -120.78824762596807 9.006296022294936 -3
      vertex -120.78824762596807 9.006296022294936 0
      vertex -120.96350161445565 9.047159521108883 -3
    endloop
  endfacet
  facet normal -0.2902846772544598 -0.9569403357322096 0
    outer loop
      vertex -120.6160414704163 8.95405785611154 -3
      vertex -120.6160414704163 8.95405785611154 0
      vertex -120.78824762596807 9.006296022294936 -3
    endloop
  endfacet
  facet normal 0.22707626303437148 -0.9738769792773341 0
    outer loop
      vertex -122.21175237403193 9.006296022294936 -3
      vertex -122.03649838554435 9.047159521108883 -3
      vertex -122.03649838554435 9.047159521108883 0
    endloop
  endfacet
  facet normal 0.1628954733946 -0.9866433320848772 0
    outer loop
      vertex -122.03649838554435 9.047159521108883 -3
      vertex -121.85894702860514 9.076473368777979 -3
      vertex -121.85894702860514 9.076473368777979 0
    endloop
  endfacet
  facet normal 0.09801714032955389 -0.9951847266721976 0
    outer loop
      vertex -121.85894702860514 9.076473368777979 -3
      vertex -121.67985860538289 9.09411203890616 -3
      vertex -121.67985860538289 9.09411203890616 0
    endloop
  endfacet
  facet normal 0.03271908282177752 -0.9994645874763657 0
    outer loop
      vertex -121.67985860538289 9.09411203890616 -3
      vertex -121.5 9.1 -3
      vertex -121.5 9.1 0
    endloop
  endfacet
  facet normal -0.03271908282177752 -0.9994645874763657 0
    outer loop
      vertex -121.5 9.1 -3
      vertex -121.32014139461711 9.09411203890616 -3
      vertex -121.32014139461711 9.09411203890616 0
    endloop
  endfacet
  facet normal -0.09801714032955389 -0.9951847266721976 0
    outer loop
      vertex -121.32014139461711 9.09411203890616 -3
      vertex -121.14105297139486 9.076473368777979 -3
      vertex -121.14105297139486 9.076473368777979 0
    endloop
  endfacet
  facet normal -0.1628954733946 -0.9866433320848772 0
    outer loop
      vertex -121.14105297139486 9.076473368777979 -3
      vertex -120.96350161445565 9.047159521108883 -3
      vertex -120.96350161445565 9.047159521108883 0
    endloop
  endfacet
  facet normal -0.6835923020228779 -0.7298640726978295 0
    outer loop
      vertex -119.55545635173699 8.294543648263005 -3
      vertex -119.55545635173699 8.294543648263005 0
      vertex -119.68679900847481 8.417559470567188 -3
    endloop
  endfacet
  facet normal -0.6343932841636536 -0.7730104533627304 0
    outer loop
      vertex -119.68679900847481 8.417559470567188 -3
      vertex -119.68679900847481 8.417559470567188 0
      vertex -119.82590607022601 8.531721685800896 -3
    endloop
  endfacet
  facet normal -0.5824776968677734 -0.8128466845916359 0
    outer loop
      vertex -119.9721818591961 8.636541433831999 -3
      vertex -119.82590607022601 8.531721685800896 -3
      vertex -119.82590607022601 8.531721685800896 0
    endloop
  endfacet
  facet normal -0.5280678506503769 -0.8492021815265735 0
    outer loop
      vertex -119.9721818591961 8.636541433831999 -3
      vertex -119.9721818591961 8.636541433831999 0
      vertex -120.125 8.731569860407205 -3
    endloop
  endfacet
  facet normal -0.412707029804406 -0.9108638249211708 0
    outer loop
      vertex -120.28370610189775 8.816400039214892 -3
      vertex -120.28370610189775 8.816400039214892 0
      vertex -120.447620560996 8.890668714406038 -3
    endloop
  endfacet
  facet normal -0.4713967368259932 -0.8819212643483575 0
    outer loop
      vertex -120.125 8.731569860407205 -3
      vertex -120.125 8.731569860407205 0
      vertex -120.28370610189775 8.816400039214892 -3
    endloop
  endfacet
  facet normal -0.35225004792122544 -0.9359059267573288 0
    outer loop
      vertex -120.6160414704163 8.95405785611154 -3
      vertex -120.447620560996 8.890668714406038 -3
      vertex -120.447620560996 8.890668714406038 0
    endloop
  endfacet
  facet normal 0.9738769792773307 0.22707626303438516 0
    outer loop
      vertex -124.15629602229494 5.638247625968067 -3
      vertex -124.19715952110889 5.813501614455647 0
      vertex -124.15629602229494 5.638247625968067 0
    endloop
  endfacet
  facet normal 0.986643332084886 0.16289547339454638 0
    outer loop
      vertex -124.19715952110889 5.813501614455647 -3
      vertex -124.22647336877797 5.991052971394858 0
      vertex -124.19715952110889 5.813501614455647 0
    endloop
  endfacet
  facet normal 0.9951847266721905 0.0980171403296252 0
    outer loop
      vertex -124.22647336877797 5.991052971394858 -3
      vertex -124.24411203890617 6.170141394617106 0
      vertex -124.22647336877797 5.991052971394858 0
    endloop
  endfacet
  facet normal 0.999464587476367 0.03271908282173743 0
    outer loop
      vertex -124.24411203890617 6.170141394617106 -3
      vertex -124.25 6.35 0
      vertex -124.24411203890617 6.170141394617106 0
    endloop
  endfacet
  facet normal 0.999464587476367 -0.03271908282173743 0
    outer loop
      vertex -124.25 6.35 -3
      vertex -124.24411203890617 6.529858605382893 0
      vertex -124.25 6.35 0
    endloop
  endfacet
  facet normal 0.9951847266721905 -0.0980171403296252 0
    outer loop
      vertex -124.24411203890617 6.529858605382893 -3
      vertex -124.22647336877797 6.708947028605142 0
      vertex -124.24411203890617 6.529858605382893 0
    endloop
  endfacet
  facet normal 0.986643332084886 -0.16289547339454638 0
    outer loop
      vertex -124.22647336877797 6.708947028605142 -3
      vertex -124.19715952110889 6.8864983855443525 0
      vertex -124.22647336877797 6.708947028605142 0
    endloop
  endfacet
  facet normal 0.9738769792773307 -0.22707626303438516 0
    outer loop
      vertex -124.19715952110889 6.8864983855443525 -3
      vertex -124.15629602229494 7.061752374031932 0
      vertex -124.19715952110889 6.8864983855443525 0
    endloop
  endfacet
  facet normal 0.9569403357322037 -0.2902846772544792 0
    outer loop
      vertex -124.15629602229494 7.061752374031932 -3
      vertex -124.10405785611154 7.233958529583694 0
      vertex -124.15629602229494 7.061752374031932 0
    endloop
  endfacet
  facet normal 0.9359059267573303 -0.3522500479212218 0
    outer loop
      vertex -124.10405785611154 7.233958529583694 -3
      vertex -124.04066871440604 7.4023794390039965 0
      vertex -124.10405785611154 7.233958529583694 0
    endloop
  endfacet
  facet normal 0.9108638249211684 -0.41270702980441126 0
    outer loop
      vertex -124.04066871440604 7.4023794390039965 -3
      vertex -123.96640003921489 7.566293898102253 0
      vertex -124.04066871440604 7.4023794390039965 0
    endloop
  endfacet
  facet normal 0.8819212643483746 -0.4713967368259609 0
    outer loop
      vertex -123.96640003921489 7.566293898102253 -3
      vertex -123.88156986040721 7.725 0
      vertex -123.96640003921489 7.566293898102253 0
    endloop
  endfacet
  facet normal 0.849202181526567 -0.5280678506503872 0
    outer loop
      vertex -123.88156986040721 7.725 -3
      vertex -123.786541433832 7.877818140803906 0
      vertex -123.88156986040721 7.725 0
    endloop
  endfacet
  facet normal 0.8128466845916094 -0.5824776968678103 0
    outer loop
      vertex -123.786541433832 7.877818140803906 -3
      vertex -123.6817216858009 8.024093929773981 0
      vertex -123.786541433832 7.877818140803906 0
    endloop
  endfacet
  facet normal 0.7730104533627479 -0.634393284163632 0
    outer loop
      vertex -123.6817216858009 8.024093929773981 -3
      vertex -123.56755947056719 8.163200991525189 0
      vertex -123.6817216858009 8.024093929773981 0
    endloop
  endfacet
  facet normal 0.729864072697834 -0.6835923020228729 0
    outer loop
      vertex -123.56755947056719 8.163200991525189 -3
      vertex -123.44454364826301 8.294543648263005 0
      vertex -123.56755947056719 8.163200991525189 0
    endloop
  endfacet
  facet normal -0.9569403357322037 0.2902846772544792 0
    outer loop
      vertex -118.84370397770506 5.638247625968067 -3
      vertex -118.89594214388846 5.466041470416306 0
      vertex -118.84370397770506 5.638247625968067 0
    endloop
  endfacet
  facet normal -0.9738769792773307 0.22707626303438516 0
    outer loop
      vertex -118.80284047889111 5.813501614455647 -3
      vertex -118.84370397770506 5.638247625968067 0
      vertex -118.80284047889111 5.813501614455647 0
    endloop
  endfacet
  facet normal -0.986643332084886 0.16289547339454638 0
    outer loop
      vertex -118.77352663122203 5.991052971394858 -3
      vertex -118.80284047889111 5.813501614455647 0
      vertex -118.77352663122203 5.991052971394858 0
    endloop
  endfacet
  facet normal -0.9951847266721905 0.0980171403296252 0
    outer loop
      vertex -118.75588796109383 6.170141394617106 -3
      vertex -118.77352663122203 5.991052971394858 0
      vertex -118.75588796109383 6.170141394617106 0
    endloop
  endfacet
  facet normal -0.999464587476367 0.03271908282173743 0
    outer loop
      vertex -118.75 6.35 -3
      vertex -118.75588796109383 6.170141394617106 0
      vertex -118.75 6.35 0
    endloop
  endfacet
  facet normal -0.999464587476367 -0.03271908282173743 0
    outer loop
      vertex -118.75588796109383 6.529858605382893 -3
      vertex -118.75 6.35 0
      vertex -118.75588796109383 6.529858605382893 0
    endloop
  endfacet
  facet normal -0.9951847266721905 -0.0980171403296252 0
    outer loop
      vertex -118.77352663122203 6.708947028605142 -3
      vertex -118.75588796109383 6.529858605382893 0
      vertex -118.77352663122203 6.708947028605142 0
    endloop
  endfacet
  facet normal -0.986643332084886 -0.16289547339454638 0
    outer loop
      vertex -118.80284047889111 6.8864983855443525 -3
      vertex -118.77352663122203 6.708947028605142 0
      vertex -118.80284047889111 6.8864983855443525 0
    endloop
  endfacet
  facet normal -0.9738769792773307 -0.22707626303438516 0
    outer loop
      vertex -118.84370397770506 7.061752374031932 -3
      vertex -118.80284047889111 6.8864983855443525 0
      vertex -118.84370397770506 7.061752374031932 0
    endloop
  endfacet
  facet normal -0.9569403357322037 -0.2902846772544792 0
    outer loop
      vertex -118.89594214388846 7.233958529583694 -3
      vertex -118.84370397770506 7.061752374031932 0
      vertex -118.89594214388846 7.233958529583694 0
    endloop
  endfacet
  facet normal -0.9359059267573303 -0.3522500479212218 0
    outer loop
      vertex -118.95933128559396 7.4023794390039965 -3
      vertex -118.89594214388846 7.233958529583694 0
      vertex -118.95933128559396 7.4023794390039965 0
    endloop
  endfacet
  facet normal -0.9108638249211684 -0.41270702980441126 0
    outer loop
      vertex -119.03359996078511 7.566293898102253 -3
      vertex -118.95933128559396 7.4023794390039965 0
      vertex -119.03359996078511 7.566293898102253 0
    endloop
  endfacet
  facet normal -0.8819212643483746 -0.4713967368259609 0
    outer loop
      vertex -119.11843013959279 7.725 -3
      vertex -119.03359996078511 7.566293898102253 0
      vertex -119.11843013959279 7.725 0
    endloop
  endfacet
  facet normal -0.849202181526567 -0.5280678506503872 0
    outer loop
      vertex -119.213458566168 7.877818140803906 -3
      vertex -119.11843013959279 7.725 0
      vertex -119.213458566168 7.877818140803906 0
    endloop
  endfacet
  facet normal -0.8128466845916094 -0.5824776968678103 0
    outer loop
      vertex -119.3182783141991 8.024093929773981 -3
      vertex -119.213458566168 7.877818140803906 0
      vertex -119.3182783141991 8.024093929773981 0
    endloop
  endfacet
  facet normal -0.7730104533627479 -0.634393284163632 0
    outer loop
      vertex -119.43244052943281 8.163200991525189 -3
      vertex -119.3182783141991 8.024093929773981 0
      vertex -119.43244052943281 8.163200991525189 0
    endloop
  endfacet
  facet normal -0.729864072697834 -0.6835923020228729 0
    outer loop
      vertex -119.55545635173699 8.294543648263005 -3
      vertex -119.43244052943281 8.163200991525189 0
      vertex -119.55545635173699 8.294543648263005 0
    endloop
  endfacet
  facet normal 0.6835923020228779 -0.7298640726978295 0
    outer loop
      vertex -123.44454364826301 8.294543648263005 -3
      vertex -123.31320099152519 8.417559470567188 0
      vertex -123.44454364826301 8.294543648263005 0
    endloop
  endfacet
  facet normal 0.6343932841636536 -0.7730104533627304 0
    outer loop
      vertex -123.31320099152519 8.417559470567188 -3
      vertex -123.17409392977399 8.531721685800896 0
      vertex -123.31320099152519 8.417559470567188 0
    endloop
  endfacet
  facet normal 0.5824776968677734 -0.8128466845916359 0
    outer loop
      vertex -123.17409392977399 8.531721685800896 -3
      vertex -123.0278181408039 8.636541433831999 0
      vertex -123.17409392977399 8.531721685800896 0
    endloop
  endfacet
  facet normal 0.5280678506503769 -0.8492021815265735 0
    outer loop
      vertex -123.0278181408039 8.636541433831999 -3
      vertex -122.875 8.731569860407205 0
      vertex -123.0278181408039 8.636541433831999 0
    endloop
  endfacet
  facet normal 0.4713967368259932 -0.8819212643483575 0
    outer loop
      vertex -122.875 8.731569860407205 -3
      vertex -122.71629389810225 8.816400039214892 0
      vertex -122.875 8.731569860407205 0
    endloop
  endfacet
  facet normal 0.412707029804406 -0.9108638249211708 0
    outer loop
      vertex -122.71629389810225 8.816400039214892 -3
      vertex -122.552379439004 8.890668714406038 0
      vertex -122.71629389810225 8.816400039214892 0
    endloop
  endfacet
  facet normal 0.35225004792122544 -0.9359059267573288 0
    outer loop
      vertex -122.552379439004 8.890668714406038 -3
      vertex -122.3839585295837 8.95405785611154 0
      vertex -122.552379439004 8.890668714406038 0
    endloop
  endfacet
  facet normal 0.2902846772544598 -0.9569403357322096 0
    outer loop
      vertex -122.3839585295837 8.95405785611154 -3
      vertex -122.21175237403193 9.006296022294936 0
      vertex -122.3839585295837 8.95405785611154 0
    endloop
  endfacet
  facet normal 0.22707626303437148 -0.9738769792773341 0
    outer loop
      vertex -122.21175237403193 9.006296022294936 -3
      vertex -122.03649838554435 9.047159521108883 0
      vertex -122.21175237403193 9.006296022294936 0
    endloop
  endfacet
  facet normal -0.2902846772544598 -0.9569403357322096 0
    outer loop
      vertex -120.78824762596807 9.006296022294936 -3
      vertex -120.6160414704163 8.95405785611154 0
      vertex -120.78824762596807 9.006296022294936 0
    endloop
  endfacet
  facet normal 0.1628954733946 -0.9866433320848772 0
    outer loop
      vertex -122.03649838554435 9.047159521108883 -3
      vertex -121.85894702860514 9.076473368777979 0
      vertex -122.03649838554435 9.047159521108883 0
    endloop
  endfacet
  facet normal 0.09801714032955389 -0.9951847266721976 0
    outer loop
      vertex -121.85894702860514 9.076473368777979 -3
      vertex -121.67985860538289 9.09411203890616 0
      vertex -121.85894702860514 9.076473368777979 0
    endloop
  endfacet
  facet normal 0.03271908282177752 -0.9994645874763657 0
    outer loop
      vertex -121.67985860538289 9.09411203890616 -3
      vertex -121.5 9.1 0
      vertex -121.67985860538289 9.09411203890616 0
    endloop
  endfacet
  facet normal -0.03271908282177752 -0.9994645874763657 0
    outer loop
      vertex -121.5 9.1 -3
      vertex -121.32014139461711 9.09411203890616 0
      vertex -121.5 9.1 0
    endloop
  endfacet
  facet normal -0.09801714032955389 -0.9951847266721976 0
    outer loop
      vertex -121.32014139461711 9.09411203890616 -3
      vertex -121.14105297139486 9.076473368777979 0
      vertex -121.32014139461711 9.09411203890616 0
    endloop
  endfacet
  facet normal -0.1628954733946 -0.9866433320848772 0
    outer loop
      vertex -121.14105297139486 9.076473368777979 -3
      vertex -120.96350161445565 9.047159521108883 0
      vertex -121.14105297139486 9.076473368777979 0
    endloop
  endfacet
  facet normal -0.22707626303437148 -0.9738769792773341 0
    outer loop
      vertex -120.96350161445565 9.047159521108883 -3
      vertex -120.78824762596807 9.006296022294936 0
      vertex -120.96350161445565 9.047159521108883 0
    endloop
  endfacet
  facet normal -0.6835923020228779 -0.7298640726978295 0
    outer loop
      vertex -119.68679900847481 8.417559470567188 -3
      vertex -119.55545635173699 8.294543648263005 0
      vertex -119.68679900847481 8.417559470567188 0
    endloop
  endfacet
  facet normal -0.6343932841636536 -0.7730104533627304 0
    outer loop
      vertex -119.82590607022601 8.531721685800896 -3
      vertex -119.68679900847481 8.417559470567188 0
      vertex -119.82590607022601 8.531721685800896 0
    endloop
  endfacet
  facet normal -0.5824776968677734 -0.8128466845916359 0
    outer loop
      vertex -119.9721818591961 8.636541433831999 -3
      vertex -119.82590607022601 8.531721685800896 0
      vertex -119.9721818591961 8.636541433831999 0
    endloop
  endfacet
  facet normal -0.4713967368259932 -0.8819212643483575 0
    outer loop
      vertex -120.28370610189775 8.816400039214892 -3
      vertex -120.125 8.731569860407205 0
      vertex -120.28370610189775 8.816400039214892 0
    endloop
  endfacet
  facet normal -0.412707029804406 -0.9108638249211708 0
    outer loop
      vertex -120.447620560996 8.890668714406038 -3
      vertex -120.28370610189775 8.816400039214892 0
      vertex -120.447620560996 8.890668714406038 0
    endloop
  endfacet
  facet normal -0.35225004792122544 -0.9359059267573288 0
    outer loop
      vertex -120.6160414704163 8.95405785611154 -3
      vertex -120.447620560996 8.890668714406038 0
      vertex -120.6160414704163 8.95405785611154 0
    endloop
  endfacet
  facet normal -0.5280678506503769 -0.8492021815265735 0
    outer loop
      vertex -120.125 8.731569860407205 -3
      vertex -119.9721818591961 8.636541433831999 0
      vertex -120.125 8.731569860407205 0
    endloop
  endfacet
  facet normal 0.4713967368259548 0.881921264348378 0
    outer loop
      vertex -122.875 80.16843013959279 -3
      vertex -122.875 80.16843013959279 0
      vertex -122.71629389810225 80.08359996078511 -3
    endloop
  endfacet
  facet normal 0.41270702980442237 0.9108638249211632 0
    outer loop
      vertex -122.552379439004 80.00933128559396 -3
      vertex -122.71629389810225 80.08359996078511 -3
      vertex -122.71629389810225 80.08359996078511 0
    endloop
  endfacet
  facet normal 0.58247769686778 0.8128466845916312 0
    outer loop
      vertex -123.17409392977399 80.3682783141991 -3
      vertex -123.17409392977399 80.3682783141991 0
      vertex -123.0278181408039 80.263458566168 -3
    endloop
  endfacet
  facet normal 0.6835923020228779 0.7298640726978295 0
    outer loop
      vertex -123.31320099152519 80.48244052943281 -3
      vertex -123.44454364826301 80.60545635173699 -3
      vertex -123.44454364826301 80.60545635173699 0
    endloop
  endfacet
  facet normal 0.6343932841636418 0.7730104533627401 0
    outer loop
      vertex -123.17409392977399 80.3682783141991 -3
      vertex -123.31320099152519 80.48244052943281 -3
      vertex -123.31320099152519 80.48244052943281 0
    endloop
  endfacet
  facet normal 0.5280678506503983 0.8492021815265601 0
    outer loop
      vertex -122.875 80.16843013959279 -3
      vertex -123.0278181408039 80.263458566168 -3
      vertex -123.0278181408039 80.263458566168 0
    endloop
  endfacet
  facet normal 0.16289547339455196 0.9866433320848851 0
    outer loop
      vertex -122.03649838554435 79.85284047889111 -3
      vertex -122.03649838554435 79.85284047889111 0
      vertex -121.85894702860514 79.82352663122202 -3
    endloop
  endfacet
  facet normal 0.09801714032954412 0.9951847266721986 0
    outer loop
      vertex -121.85894702860514 79.82352663122202 -3
      vertex -121.85894702860514 79.82352663122202 0
      vertex -121.67985860538289 79.80588796109384 -3
    endloop
  endfacet
  facet normal 0.03271908282181696 0.9994645874763642 0
    outer loop
      vertex -121.67985860538289 79.80588796109384 -3
      vertex -121.67985860538289 79.80588796109384 0
      vertex -121.5 79.8 -3
    endloop
  endfacet
  facet normal -0.03271908282181696 0.9994645874763642 0
    outer loop
      vertex -121.5 79.8 -3
      vertex -121.5 79.8 0
      vertex -121.32014139461711 79.80588796109384 -3
    endloop
  endfacet
  facet normal -0.09801714032954412 0.9951847266721986 0
    outer loop
      vertex -121.32014139461711 79.80588796109384 -3
      vertex -121.32014139461711 79.80588796109384 0
      vertex -121.14105297139486 79.82352663122202 -3
    endloop
  endfacet
  facet normal -0.16289547339455196 0.9866433320848851 0
    outer loop
      vertex -121.14105297139486 79.82352663122202 -3
      vertex -121.14105297139486 79.82352663122202 0
      vertex -120.96350161445565 79.85284047889111 -3
    endloop
  endfacet
  facet normal -0.22707626303438083 0.9738769792773319 0
    outer loop
      vertex -120.96350161445565 79.85284047889111 -3
      vertex -120.96350161445565 79.85284047889111 0
      vertex -120.78824762596807 79.89370397770506 -3
    endloop
  endfacet
  facet normal 0.2902846772544778 0.9569403357322042 0
    outer loop
      vertex -122.3839585295837 79.94594214388846 -3
      vertex -122.3839585295837 79.94594214388846 0
      vertex -122.21175237403193 79.89370397770506 -3
    endloop
  endfacet
  facet normal 0.35225004792121684 0.935905926757332 0
    outer loop
      vertex -122.552379439004 80.00933128559396 -3
      vertex -122.552379439004 80.00933128559396 0
      vertex -122.3839585295837 79.94594214388846 -3
    endloop
  endfacet
  facet normal 0.22707626303438083 0.9738769792773319 0
    outer loop
      vertex -122.03649838554435 79.85284047889111 -3
      vertex -122.21175237403193 79.89370397770506 -3
      vertex -122.21175237403193 79.89370397770506 0
    endloop
  endfacet
  facet normal -0.2902846772544778 0.9569403357322042 0
    outer loop
      vertex -120.78824762596807 79.89370397770506 -3
      vertex -120.78824762596807 79.89370397770506 0
      vertex -120.6160414704163 79.94594214388846 -3
    endloop
  endfacet
  facet normal -0.35225004792121684 0.935905926757332 0
    outer loop
      vertex -120.6160414704163 79.94594214388846 -3
      vertex -120.6160414704163 79.94594214388846 0
      vertex -120.447620560996 80.00933128559396 -3
    endloop
  endfacet
  facet normal -0.41270702980442237 0.9108638249211632 0
    outer loop
      vertex -120.447620560996 80.00933128559396 -3
      vertex -120.447620560996 80.00933128559396 0
      vertex -120.28370610189775 80.08359996078511 -3
    endloop
  endfacet
  facet normal -0.4713967368259548 0.881921264348378 0
    outer loop
      vertex -120.28370610189775 80.08359996078511 -3
      vertex -120.28370610189775 80.08359996078511 0
      vertex -120.125 80.16843013959279 -3
    endloop
  endfacet
  facet normal -0.5280678506503983 0.8492021815265601 0
    outer loop
      vertex -120.125 80.16843013959279 -3
      vertex -120.125 80.16843013959279 0
      vertex -119.9721818591961 80.263458566168 -3
    endloop
  endfacet
  facet normal -0.58247769686778 0.8128466845916312 0
    outer loop
      vertex -119.9721818591961 80.263458566168 -3
      vertex -119.9721818591961 80.263458566168 0
      vertex -119.82590607022601 80.3682783141991 -3
    endloop
  endfacet
  facet normal -0.6343932841636418 0.7730104533627401 0
    outer loop
      vertex -119.82590607022601 80.3682783141991 -3
      vertex -119.82590607022601 80.3682783141991 0
      vertex -119.68679900847481 80.48244052943281 -3
    endloop
  endfacet
  facet normal -0.6835923020228779 0.7298640726978295 0
    outer loop
      vertex -119.68679900847481 80.48244052943281 -3
      vertex -119.68679900847481 80.48244052943281 0
      vertex -119.55545635173699 80.60545635173699 -3
    endloop
  endfacet
  facet normal 0.7730104533627401 0.6343932841636418 0
    outer loop
      vertex -123.56755947056719 80.7367990084748 -3
      vertex -123.6817216858009 80.87590607022601 -3
      vertex -123.6817216858009 80.87590607022601 0
    endloop
  endfacet
  facet normal 0.8128466845916312 0.58247769686778 0
    outer loop
      vertex -123.6817216858009 80.87590607022601 -3
      vertex -123.786541433832 81.0221818591961 -3
      vertex -123.786541433832 81.0221818591961 0
    endloop
  endfacet
  facet normal 0.8492021815265601 0.5280678506503983 0
    outer loop
      vertex -123.786541433832 81.0221818591961 -3
      vertex -123.88156986040721 81.175 -3
      vertex -123.88156986040721 81.175 0
    endloop
  endfacet
  facet normal 0.7298640726978295 0.6835923020228779 0
    outer loop
      vertex -123.56755947056719 80.7367990084748 -3
      vertex -123.56755947056719 80.7367990084748 0
      vertex -123.44454364826301 80.60545635173699 -3
    endloop
  endfacet
  facet normal 0.881921264348378 0.4713967368259548 0
    outer loop
      vertex -123.88156986040721 81.175 -3
      vertex -123.96640003921489 81.33370610189775 -3
      vertex -123.96640003921489 81.33370610189775 0
    endloop
  endfacet
  facet normal 0.9108638249211632 0.41270702980442237 0
    outer loop
      vertex -124.04066871440604 81.497620560996 -3
      vertex -124.04066871440604 81.497620560996 0
      vertex -123.96640003921489 81.33370610189775 -3
    endloop
  endfacet
  facet normal 0.935905926757332 0.35225004792121684 0
    outer loop
      vertex -124.04066871440604 81.497620560996 -3
      vertex -124.10405785611154 81.6660414704163 -3
      vertex -124.10405785611154 81.6660414704163 0
    endloop
  endfacet
  facet normal 0.9569403357322042 0.2902846772544778 0
    outer loop
      vertex -124.10405785611154 81.6660414704163 -3
      vertex -124.15629602229494 81.83824762596807 -3
      vertex -124.15629602229494 81.83824762596807 0
    endloop
  endfacet
  facet normal 0.9738769792773319 0.22707626303438083 0
    outer loop
      vertex -124.15629602229494 81.83824762596807 -3
      vertex -124.19715952110889 82.01350161445565 -3
      vertex -124.19715952110889 82.01350161445565 0
    endloop
  endfacet
  facet normal 0.9866433320848851 0.16289547339455196 0
    outer loop
      vertex -124.19715952110889 82.01350161445565 -3
      vertex -124.22647336877797 82.19105297139485 -3
      vertex -124.22647336877797 82.19105297139485 0
    endloop
  endfacet
  facet normal 0.9951847266721908 0.09801714032962232 0
    outer loop
      vertex -124.22647336877797 82.19105297139485 -3
      vertex -124.24411203890617 82.37014139461711 -3
      vertex -124.24411203890617 82.37014139461711 0
    endloop
  endfacet
  facet normal 0.999464587476367 0.03271908282173808 0
    outer loop
      vertex -124.24411203890617 82.37014139461711 -3
      vertex -124.25 82.55 -3
      vertex -124.25 82.55 0
    endloop
  endfacet
  facet normal 0.999464587476367 -0.03271908282173808 0
    outer loop
      vertex -124.25 82.55 -3
      vertex -124.24411203890617 82.72985860538289 -3
      vertex -124.24411203890617 82.72985860538289 0
    endloop
  endfacet
  facet normal 0.9951847266721908 -0.09801714032962232 0
    outer loop
      vertex -124.24411203890617 82.72985860538289 -3
      vertex -124.22647336877797 82.90894702860514 -3
      vertex -124.22647336877797 82.90894702860514 0
    endloop
  endfacet
  facet normal 0.9866433320848851 -0.16289547339455196 0
    outer loop
      vertex -124.22647336877797 82.90894702860514 -3
      vertex -124.19715952110889 83.08649838554435 -3
      vertex -124.19715952110889 83.08649838554435 0
    endloop
  endfacet
  facet normal 0.9738769792773319 -0.22707626303438083 0
    outer loop
      vertex -124.19715952110889 83.08649838554435 -3
      vertex -124.15629602229494 83.26175237403193 -3
      vertex -124.15629602229494 83.26175237403193 0
    endloop
  endfacet
  facet normal -0.7298640726978295 0.6835923020228779 0
    outer loop
      vertex -119.55545635173699 80.60545635173699 -3
      vertex -119.55545635173699 80.60545635173699 0
      vertex -119.43244052943281 80.7367990084748 -3
    endloop
  endfacet
  facet normal -0.7730104533627401 0.6343932841636418 0
    outer loop
      vertex -119.43244052943281 80.7367990084748 -3
      vertex -119.43244052943281 80.7367990084748 0
      vertex -119.3182783141991 80.87590607022601 -3
    endloop
  endfacet
  facet normal -0.8128466845916312 0.58247769686778 0
    outer loop
      vertex -119.3182783141991 80.87590607022601 -3
      vertex -119.3182783141991 80.87590607022601 0
      vertex -119.213458566168 81.0221818591961 -3
    endloop
  endfacet
  facet normal -0.8492021815265601 0.5280678506503983 0
    outer loop
      vertex -119.213458566168 81.0221818591961 -3
      vertex -119.213458566168 81.0221818591961 0
      vertex -119.11843013959279 81.175 -3
    endloop
  endfacet
  facet normal -0.881921264348378 0.4713967368259548 0
    outer loop
      vertex -119.11843013959279 81.175 -3
      vertex -119.11843013959279 81.175 0
      vertex -119.03359996078511 81.33370610189775 -3
    endloop
  endfacet
  facet normal -0.9108638249211632 0.41270702980442237 0
    outer loop
      vertex -119.03359996078511 81.33370610189775 -3
      vertex -119.03359996078511 81.33370610189775 0
      vertex -118.95933128559396 81.497620560996 -3
    endloop
  endfacet
  facet normal -0.935905926757332 0.35225004792121684 0
    outer loop
      vertex -118.95933128559396 81.497620560996 -3
      vertex -118.95933128559396 81.497620560996 0
      vertex -118.89594214388846 81.6660414704163 -3
    endloop
  endfacet
  facet normal -0.9569403357322042 0.2902846772544778 0
    outer loop
      vertex -118.89594214388846 81.6660414704163 -3
      vertex -118.89594214388846 81.6660414704163 0
      vertex -118.84370397770506 81.83824762596807 -3
    endloop
  endfacet
  facet normal -0.9738769792773319 0.22707626303438083 0
    outer loop
      vertex -118.84370397770506 81.83824762596807 -3
      vertex -118.84370397770506 81.83824762596807 0
      vertex -118.80284047889111 82.01350161445565 -3
    endloop
  endfacet
  facet normal -0.9866433320848851 0.16289547339455196 0
    outer loop
      vertex -118.80284047889111 82.01350161445565 -3
      vertex -118.80284047889111 82.01350161445565 0
      vertex -118.77352663122203 82.19105297139485 -3
    endloop
  endfacet
  facet normal -0.9951847266721908 0.09801714032962232 0
    outer loop
      vertex -118.77352663122203 82.19105297139485 -3
      vertex -118.77352663122203 82.19105297139485 0
      vertex -118.75588796109383 82.37014139461711 -3
    endloop
  endfacet
  facet normal -0.999464587476367 0.03271908282173808 0
    outer loop
      vertex -118.75588796109383 82.37014139461711 -3
      vertex -118.75588796109383 82.37014139461711 0
      vertex -118.75 82.55 -3
    endloop
  endfacet
  facet normal -0.999464587476367 -0.03271908282173808 0
    outer loop
      vertex -118.75 82.55 -3
      vertex -118.75 82.55 0
      vertex -118.75588796109383 82.72985860538289 -3
    endloop
  endfacet
  facet normal -0.9951847266721908 -0.09801714032962232 0
    outer loop
      vertex -118.75588796109383 82.72985860538289 -3
      vertex -118.75588796109383 82.72985860538289 0
      vertex -118.77352663122203 82.90894702860514 -3
    endloop
  endfacet
  facet normal -0.9866433320848851 -0.16289547339455196 0
    outer loop
      vertex -118.77352663122203 82.90894702860514 -3
      vertex -118.77352663122203 82.90894702860514 0
      vertex -118.80284047889111 83.08649838554435 -3
    endloop
  endfacet
  facet normal -0.9738769792773319 -0.22707626303438083 0
    outer loop
      vertex -118.80284047889111 83.08649838554435 -3
      vertex -118.80284047889111 83.08649838554435 0
      vertex -118.84370397770506 83.26175237403193 -3
    endloop
  endfacet
  facet normal -0.9569403357322042 -0.2902846772544778 0
    outer loop
      vertex -118.84370397770506 83.26175237403193 -3
      vertex -118.84370397770506 83.26175237403193 0
      vertex -118.89594214388846 83.43395852958369 -3
    endloop
  endfacet
  facet normal 0.41270702980442237 0.9108638249211632 0
    outer loop
      vertex -122.552379439004 80.00933128559396 -3
      vertex -122.71629389810225 80.08359996078511 0
      vertex -122.552379439004 80.00933128559396 0
    endloop
  endfacet
  facet normal 0.5280678506503983 0.8492021815265601 0
    outer loop
      vertex -122.875 80.16843013959279 -3
      vertex -123.0278181408039 80.263458566168 0
      vertex -122.875 80.16843013959279 0
    endloop
  endfacet
  facet normal 0.4713967368259548 0.881921264348378 0
    outer loop
      vertex -122.71629389810225 80.08359996078511 -3
      vertex -122.875 80.16843013959279 0
      vertex -122.71629389810225 80.08359996078511 0
    endloop
  endfacet
  facet normal 0.58247769686778 0.8128466845916312 0
    outer loop
      vertex -123.0278181408039 80.263458566168 -3
      vertex -123.17409392977399 80.3682783141991 0
      vertex -123.0278181408039 80.263458566168 0
    endloop
  endfacet
  facet normal 0.6835923020228779 0.7298640726978295 0
    outer loop
      vertex -123.31320099152519 80.48244052943281 -3
      vertex -123.44454364826301 80.60545635173699 0
      vertex -123.31320099152519 80.48244052943281 0
    endloop
  endfacet
  facet normal 0.6343932841636418 0.7730104533627401 0
    outer loop
      vertex -123.17409392977399 80.3682783141991 -3
      vertex -123.31320099152519 80.48244052943281 0
      vertex -123.17409392977399 80.3682783141991 0
    endloop
  endfacet
  facet normal 0.22707626303438083 0.9738769792773319 0
    outer loop
      vertex -122.03649838554435 79.85284047889111 -3
      vertex -122.21175237403193 79.89370397770506 0
      vertex -122.03649838554435 79.85284047889111 0
    endloop
  endfacet
  facet normal 0.16289547339455196 0.9866433320848851 0
    outer loop
      vertex -121.85894702860514 79.82352663122202 -3
      vertex -122.03649838554435 79.85284047889111 0
      vertex -121.85894702860514 79.82352663122202 0
    endloop
  endfacet
  facet normal 0.09801714032954412 0.9951847266721986 0
    outer loop
      vertex -121.67985860538289 79.80588796109384 -3
      vertex -121.85894702860514 79.82352663122202 0
      vertex -121.67985860538289 79.80588796109384 0
    endloop
  endfacet
  facet normal 0.03271908282181696 0.9994645874763642 0
    outer loop
      vertex -121.5 79.8 -3
      vertex -121.67985860538289 79.80588796109384 0
      vertex -121.5 79.8 0
    endloop
  endfacet
  facet normal -0.03271908282181696 0.9994645874763642 0
    outer loop
      vertex -121.32014139461711 79.80588796109384 -3
      vertex -121.5 79.8 0
      vertex -121.32014139461711 79.80588796109384 0
    endloop
  endfacet
  facet normal -0.09801714032954412 0.9951847266721986 0
    outer loop
      vertex -121.14105297139486 79.82352663122202 -3
      vertex -121.32014139461711 79.80588796109384 0
      vertex -121.14105297139486 79.82352663122202 0
    endloop
  endfacet
  facet normal -0.16289547339455196 0.9866433320848851 0
    outer loop
      vertex -120.96350161445565 79.85284047889111 -3
      vertex -121.14105297139486 79.82352663122202 0
      vertex -120.96350161445565 79.85284047889111 0
    endloop
  endfacet
  facet normal 0.35225004792121684 0.935905926757332 0
    outer loop
      vertex -122.3839585295837 79.94594214388846 -3
      vertex -122.552379439004 80.00933128559396 0
      vertex -122.3839585295837 79.94594214388846 0
    endloop
  endfacet
  facet normal 0.2902846772544778 0.9569403357322042 0
    outer loop
      vertex -122.21175237403193 79.89370397770506 -3
      vertex -122.3839585295837 79.94594214388846 0
      vertex -122.21175237403193 79.89370397770506 0
    endloop
  endfacet
  facet normal -0.22707626303438083 0.9738769792773319 0
    outer loop
      vertex -120.78824762596807 79.89370397770506 -3
      vertex -120.96350161445565 79.85284047889111 0
      vertex -120.78824762596807 79.89370397770506 0
    endloop
  endfacet
  facet normal -0.2902846772544778 0.9569403357322042 0
    outer loop
      vertex -120.6160414704163 79.94594214388846 -3
      vertex -120.78824762596807 79.89370397770506 0
      vertex -120.6160414704163 79.94594214388846 0
    endloop
  endfacet
  facet normal -0.35225004792121684 0.935905926757332 0
    outer loop
      vertex -120.447620560996 80.00933128559396 -3
      vertex -120.6160414704163 79.94594214388846 0
      vertex -120.447620560996 80.00933128559396 0
    endloop
  endfacet
  facet normal -0.41270702980442237 0.9108638249211632 0
    outer loop
      vertex -120.28370610189775 80.08359996078511 -3
      vertex -120.447620560996 80.00933128559396 0
      vertex -120.28370610189775 80.08359996078511 0
    endloop
  endfacet
  facet normal -0.4713967368259548 0.881921264348378 0
    outer loop
      vertex -120.125 80.16843013959279 -3
      vertex -120.28370610189775 80.08359996078511 0
      vertex -120.125 80.16843013959279 0
    endloop
  endfacet
  facet normal -0.5280678506503983 0.8492021815265601 0
    outer loop
      vertex -119.9721818591961 80.263458566168 -3
      vertex -120.125 80.16843013959279 0
      vertex -119.9721818591961 80.263458566168 0
    endloop
  endfacet
  facet normal -0.58247769686778 0.8128466845916312 0
    outer loop
      vertex -119.82590607022601 80.3682783141991 -3
      vertex -119.9721818591961 80.263458566168 0
      vertex -119.82590607022601 80.3682783141991 0
    endloop
  endfacet
  facet normal -0.6343932841636418 0.7730104533627401 0
    outer loop
      vertex -119.68679900847481 80.48244052943281 -3
      vertex -119.82590607022601 80.3682783141991 0
      vertex -119.68679900847481 80.48244052943281 0
    endloop
  endfacet
  facet normal -0.6835923020228779 0.7298640726978295 0
    outer loop
      vertex -119.55545635173699 80.60545635173699 -3
      vertex -119.68679900847481 80.48244052943281 0
      vertex -119.55545635173699 80.60545635173699 0
    endloop
  endfacet
  facet normal 0.7730104533627401 0.6343932841636418 0
    outer loop
      vertex -123.56755947056719 80.7367990084748 -3
      vertex -123.6817216858009 80.87590607022601 0
      vertex -123.56755947056719 80.7367990084748 0
    endloop
  endfacet
  facet normal 0.8492021815265601 0.5280678506503983 0
    outer loop
      vertex -123.786541433832 81.0221818591961 -3
      vertex -123.88156986040721 81.175 0
      vertex -123.786541433832 81.0221818591961 0
    endloop
  endfacet
  facet normal 0.8128466845916312 0.58247769686778 0
    outer loop
      vertex -123.6817216858009 80.87590607022601 -3
      vertex -123.786541433832 81.0221818591961 0
      vertex -123.6817216858009 80.87590607022601 0
    endloop
  endfacet
  facet normal 0.881921264348378 0.4713967368259548 0
    outer loop
      vertex -123.88156986040721 81.175 -3
      vertex -123.96640003921489 81.33370610189775 0
      vertex -123.88156986040721 81.175 0
    endloop
  endfacet
  facet normal 0.7298640726978295 0.6835923020228779 0
    outer loop
      vertex -123.44454364826301 80.60545635173699 -3
      vertex -123.56755947056719 80.7367990084748 0
      vertex -123.44454364826301 80.60545635173699 0
    endloop
  endfacet
  facet normal 0.935905926757332 0.35225004792121684 0
    outer loop
      vertex -124.04066871440604 81.497620560996 -3
      vertex -124.10405785611154 81.6660414704163 0
      vertex -124.04066871440604 81.497620560996 0
    endloop
  endfacet
  facet normal 0.9108638249211632 0.41270702980442237 0
    outer loop
      vertex -123.96640003921489 81.33370610189775 -3
      vertex -124.04066871440604 81.497620560996 0
      vertex -123.96640003921489 81.33370610189775 0
    endloop
  endfacet
  facet normal 0.9569403357322042 0.2902846772544778 0
    outer loop
      vertex -124.10405785611154 81.6660414704163 -3
      vertex -124.15629602229494 81.83824762596807 0
      vertex -124.10405785611154 81.6660414704163 0
    endloop
  endfacet
  facet normal 0.9738769792773319 0.22707626303438083 0
    outer loop
      vertex -124.15629602229494 81.83824762596807 -3
      vertex -124.19715952110889 82.01350161445565 0
      vertex -124.15629602229494 81.83824762596807 0
    endloop
  endfacet
  facet normal 0.9866433320848851 0.16289547339455196 0
    outer loop
      vertex -124.19715952110889 82.01350161445565 -3
      vertex -124.22647336877797 82.19105297139485 0
      vertex -124.19715952110889 82.01350161445565 0
    endloop
  endfacet
  facet normal 0.9951847266721908 0.09801714032962232 0
    outer loop
      vertex -124.22647336877797 82.19105297139485 -3
      vertex -124.24411203890617 82.37014139461711 0
      vertex -124.22647336877797 82.19105297139485 0
    endloop
  endfacet
  facet normal 0.999464587476367 0.03271908282173808 0
    outer loop
      vertex -124.24411203890617 82.37014139461711 -3
      vertex -124.25 82.55 0
      vertex -124.24411203890617 82.37014139461711 0
    endloop
  endfacet
  facet normal 0.999464587476367 -0.03271908282173808 0
    outer loop
      vertex -124.25 82.55 -3
      vertex -124.24411203890617 82.72985860538289 0
      vertex -124.25 82.55 0
    endloop
  endfacet
  facet normal 0.9951847266721908 -0.09801714032962232 0
    outer loop
      vertex -124.24411203890617 82.72985860538289 -3
      vertex -124.22647336877797 82.90894702860514 0
      vertex -124.24411203890617 82.72985860538289 0
    endloop
  endfacet
  facet normal 0.9866433320848851 -0.16289547339455196 0
    outer loop
      vertex -124.22647336877797 82.90894702860514 -3
      vertex -124.19715952110889 83.08649838554435 0
      vertex -124.22647336877797 82.90894702860514 0
    endloop
  endfacet
  facet normal 0.9738769792773319 -0.22707626303438083 0
    outer loop
      vertex -124.19715952110889 83.08649838554435 -3
      vertex -124.15629602229494 83.26175237403193 0
      vertex -124.19715952110889 83.08649838554435 0
    endloop
  endfacet
  facet normal 0.9569403357322042 -0.2902846772544778 0
    outer loop
      vertex -124.15629602229494 83.26175237403193 -3
      vertex -124.10405785611154 83.43395852958369 0
      vertex -124.15629602229494 83.26175237403193 0
    endloop
  endfacet
  facet normal -0.7298640726978295 0.6835923020228779 0
    outer loop
      vertex -119.43244052943281 80.7367990084748 -3
      vertex -119.55545635173699 80.60545635173699 0
      vertex -119.43244052943281 80.7367990084748 0
    endloop
  endfacet
  facet normal -0.7730104533627401 0.6343932841636418 0
    outer loop
      vertex -119.3182783141991 80.87590607022601 -3
      vertex -119.43244052943281 80.7367990084748 0
      vertex -119.3182783141991 80.87590607022601 0
    endloop
  endfacet
  facet normal -0.8128466845916312 0.58247769686778 0
    outer loop
      vertex -119.213458566168 81.0221818591961 -3
      vertex -119.3182783141991 80.87590607022601 0
      vertex -119.213458566168 81.0221818591961 0
    endloop
  endfacet
  facet normal -0.8492021815265601 0.5280678506503983 0
    outer loop
      vertex -119.11843013959279 81.175 -3
      vertex -119.213458566168 81.0221818591961 0
      vertex -119.11843013959279 81.175 0
    endloop
  endfacet
  facet normal -0.881921264348378 0.4713967368259548 0
    outer loop
      vertex -119.03359996078511 81.33370610189775 -3
      vertex -119.11843013959279 81.175 0
      vertex -119.03359996078511 81.33370610189775 0
    endloop
  endfacet
  facet normal -0.9108638249211632 0.41270702980442237 0
    outer loop
      vertex -118.95933128559396 81.497620560996 -3
      vertex -119.03359996078511 81.33370610189775 0
      vertex -118.95933128559396 81.497620560996 0
    endloop
  endfacet
  facet normal -0.935905926757332 0.35225004792121684 0
    outer loop
      vertex -118.89594214388846 81.6660414704163 -3
      vertex -118.95933128559396 81.497620560996 0
      vertex -118.89594214388846 81.6660414704163 0
    endloop
  endfacet
  facet normal -0.9569403357322042 0.2902846772544778 0
    outer loop
      vertex -118.84370397770506 81.83824762596807 -3
      vertex -118.89594214388846 81.6660414704163 0
      vertex -118.84370397770506 81.83824762596807 0
    endloop
  endfacet
  facet normal -0.9738769792773319 0.22707626303438083 0
    outer loop
      vertex -118.80284047889111 82.01350161445565 -3
      vertex -118.84370397770506 81.83824762596807 0
      vertex -118.80284047889111 82.01350161445565 0
    endloop
  endfacet
  facet normal -0.9866433320848851 0.16289547339455196 0
    outer loop
      vertex -118.77352663122203 82.19105297139485 -3
      vertex -118.80284047889111 82.01350161445565 0
      vertex -118.77352663122203 82.19105297139485 0
    endloop
  endfacet
  facet normal -0.9951847266721908 0.09801714032962232 0
    outer loop
      vertex -118.75588796109383 82.37014139461711 -3
      vertex -118.77352663122203 82.19105297139485 0
      vertex -118.75588796109383 82.37014139461711 0
    endloop
  endfacet
  facet normal -0.999464587476367 0.03271908282173808 0
    outer loop
      vertex -118.75 82.55 -3
      vertex -118.75588796109383 82.37014139461711 0
      vertex -118.75 82.55 0
    endloop
  endfacet
  facet normal -0.999464587476367 -0.03271908282173808 0
    outer loop
      vertex -118.75588796109383 82.72985860538289 -3
      vertex -118.75 82.55 0
      vertex -118.75588796109383 82.72985860538289 0
    endloop
  endfacet
  facet normal -0.9951847266721908 -0.09801714032962232 0
    outer loop
      vertex -118.77352663122203 82.90894702860514 -3
      vertex -118.75588796109383 82.72985860538289 0
      vertex -118.77352663122203 82.90894702860514 0
    endloop
  endfacet
  facet normal -0.9866433320848851 -0.16289547339455196 0
    outer loop
      vertex -118.80284047889111 83.08649838554435 -3
      vertex -118.77352663122203 82.90894702860514 0
      vertex -118.80284047889111 83.08649838554435 0
    endloop
  endfacet
  facet normal -0.9738769792773319 -0.22707626303438083 0
    outer loop
      vertex -118.84370397770506 83.26175237403193 -3
      vertex -118.80284047889111 83.08649838554435 0
      vertex -118.84370397770506 83.26175237403193 0
    endloop
  endfacet
  facet normal 0.9569403357322042 -0.2902846772544778 0
    outer loop
      vertex -124.15629602229494 83.26175237403193 -3
      vertex -124.10405785611154 83.43395852958369 -3
      vertex -124.10405785611154 83.43395852958369 0
    endloop
  endfacet
  facet normal 0.935905926757332 -0.35225004792121684 0
    outer loop
      vertex -124.10405785611154 83.43395852958369 -3
      vertex -124.04066871440604 83.602379439004 -3
      vertex -124.04066871440604 83.602379439004 0
    endloop
  endfacet
  facet normal 0.9108638249211632 -0.41270702980442237 0
    outer loop
      vertex -124.04066871440604 83.602379439004 -3
      vertex -123.96640003921489 83.76629389810225 -3
      vertex -123.96640003921489 83.76629389810225 0
    endloop
  endfacet
  facet normal 0.881921264348378 -0.4713967368259548 0
    outer loop
      vertex -123.96640003921489 83.76629389810225 -3
      vertex -123.88156986040721 83.925 -3
      vertex -123.88156986040721 83.925 0
    endloop
  endfacet
  facet normal 0.8492021815265601 -0.5280678506503983 0
    outer loop
      vertex -123.88156986040721 83.925 -3
      vertex -123.786541433832 84.0778181408039 -3
      vertex -123.786541433832 84.0778181408039 0
    endloop
  endfacet
  facet normal 0.8128466845916312 -0.58247769686778 0
    outer loop
      vertex -123.786541433832 84.0778181408039 -3
      vertex -123.6817216858009 84.22409392977399 -3
      vertex -123.6817216858009 84.22409392977399 0
    endloop
  endfacet
  facet normal 0.7730104533627401 -0.6343932841636418 0
    outer loop
      vertex -123.6817216858009 84.22409392977399 -3
      vertex -123.56755947056719 84.36320099152519 -3
      vertex -123.56755947056719 84.36320099152519 0
    endloop
  endfacet
  facet normal 0.7298640726978295 -0.6835923020228779 0
    outer loop
      vertex -123.56755947056719 84.36320099152519 -3
      vertex -123.44454364826301 84.494543648263 -3
      vertex -123.44454364826301 84.494543648263 0
    endloop
  endfacet
  facet normal 0.6835923020228779 -0.7298640726978295 0
    outer loop
      vertex -123.44454364826301 84.494543648263 -3
      vertex -123.31320099152519 84.61755947056719 -3
      vertex -123.31320099152519 84.61755947056719 0
    endloop
  endfacet
  facet normal 0.6343932841636418 -0.7730104533627401 0
    outer loop
      vertex -123.31320099152519 84.61755947056719 -3
      vertex -123.17409392977399 84.73172168580089 -3
      vertex -123.17409392977399 84.73172168580089 0
    endloop
  endfacet
  facet normal 0.58247769686778 -0.8128466845916312 0
    outer loop
      vertex -123.17409392977399 84.73172168580089 -3
      vertex -123.0278181408039 84.836541433832 -3
      vertex -123.0278181408039 84.836541433832 0
    endloop
  endfacet
  facet normal 0.5280678506503983 -0.8492021815265601 0
    outer loop
      vertex -123.0278181408039 84.836541433832 -3
      vertex -122.875 84.93156986040721 -3
      vertex -122.875 84.93156986040721 0
    endloop
  endfacet
  facet normal 0.4713967368259548 -0.881921264348378 0
    outer loop
      vertex -122.875 84.93156986040721 -3
      vertex -122.71629389810225 85.01640003921489 -3
      vertex -122.71629389810225 85.01640003921489 0
    endloop
  endfacet
  facet normal 0.41270702980442237 -0.9108638249211632 0
    outer loop
      vertex -122.71629389810225 85.01640003921489 -3
      vertex -122.552379439004 85.09066871440604 -3
      vertex -122.552379439004 85.09066871440604 0
    endloop
  endfacet
  facet normal -0.935905926757332 -0.35225004792121684 0
    outer loop
      vertex -118.89594214388846 83.43395852958369 -3
      vertex -118.89594214388846 83.43395852958369 0
      vertex -118.95933128559396 83.602379439004 -3
    endloop
  endfacet
  facet normal -0.9108638249211632 -0.41270702980442237 0
    outer loop
      vertex -118.95933128559396 83.602379439004 -3
      vertex -118.95933128559396 83.602379439004 0
      vertex -119.03359996078511 83.76629389810225 -3
    endloop
  endfacet
  facet normal -0.8492021815265601 -0.5280678506503983 0
    outer loop
      vertex -119.11843013959279 83.925 -3
      vertex -119.11843013959279 83.925 0
      vertex -119.213458566168 84.0778181408039 -3
    endloop
  endfacet
  facet normal -0.881921264348378 -0.4713967368259548 0
    outer loop
      vertex -119.11843013959279 83.925 -3
      vertex -119.03359996078511 83.76629389810225 -3
      vertex -119.03359996078511 83.76629389810225 0
    endloop
  endfacet
  facet normal -0.6835923020228779 -0.7298640726978295 0
    outer loop
      vertex -119.68679900847481 84.61755947056719 -3
      vertex -119.55545635173699 84.494543648263 -3
      vertex -119.55545635173699 84.494543648263 0
    endloop
  endfacet
  facet normal -0.6343932841636418 -0.7730104533627401 0
    outer loop
      vertex -119.68679900847481 84.61755947056719 -3
      vertex -119.68679900847481 84.61755947056719 0
      vertex -119.82590607022601 84.73172168580089 -3
    endloop
  endfacet
  facet normal -0.8128466845916312 -0.58247769686778 0
    outer loop
      vertex -119.213458566168 84.0778181408039 -3
      vertex -119.213458566168 84.0778181408039 0
      vertex -119.3182783141991 84.22409392977399 -3
    endloop
  endfacet
  facet normal -0.7730104533627401 -0.6343932841636418 0
    outer loop
      vertex -119.43244052943281 84.36320099152519 -3
      vertex -119.3182783141991 84.22409392977399 -3
      vertex -119.3182783141991 84.22409392977399 0
    endloop
  endfacet
  facet normal -0.7298640726978295 -0.6835923020228779 0
    outer loop
      vertex -119.43244052943281 84.36320099152519 -3
      vertex -119.43244052943281 84.36320099152519 0
      vertex -119.55545635173699 84.494543648263 -3
    endloop
  endfacet
  facet normal 0.35225004792121684 -0.935905926757332 0
    outer loop
      vertex -122.552379439004 85.09066871440604 -3
      vertex -122.3839585295837 85.15405785611154 -3
      vertex -122.3839585295837 85.15405785611154 0
    endloop
  endfacet
  facet normal 0.2902846772544778 -0.9569403357322042 0
    outer loop
      vertex -122.3839585295837 85.15405785611154 -3
      vertex -122.21175237403193 85.20629602229494 -3
      vertex -122.21175237403193 85.20629602229494 0
    endloop
  endfacet
  facet normal 0.22707626303438083 -0.9738769792773319 0
    outer loop
      vertex -122.21175237403193 85.20629602229494 -3
      vertex -122.03649838554435 85.24715952110888 -3
      vertex -122.03649838554435 85.24715952110888 0
    endloop
  endfacet
  facet normal 0.16289547339455196 -0.9866433320848851 0
    outer loop
      vertex -122.03649838554435 85.24715952110888 -3
      vertex -121.85894702860514 85.27647336877797 -3
      vertex -121.85894702860514 85.27647336877797 0
    endloop
  endfacet
  facet normal 0.09801714032954412 -0.9951847266721986 0
    outer loop
      vertex -121.85894702860514 85.27647336877797 -3
      vertex -121.67985860538289 85.29411203890615 -3
      vertex -121.67985860538289 85.29411203890615 0
    endloop
  endfacet
  facet normal 0.03271908282181696 -0.9994645874763642 0
    outer loop
      vertex -121.67985860538289 85.29411203890615 -3
      vertex -121.5 85.3 -3
      vertex -121.5 85.3 0
    endloop
  endfacet
  facet normal -0.03271908282181696 -0.9994645874763642 0
    outer loop
      vertex -121.5 85.3 -3
      vertex -121.32014139461711 85.29411203890615 -3
      vertex -121.32014139461711 85.29411203890615 0
    endloop
  endfacet
  facet normal -0.09801714032954412 -0.9951847266721986 0
    outer loop
      vertex -121.32014139461711 85.29411203890615 -3
      vertex -121.14105297139486 85.27647336877797 -3
      vertex -121.14105297139486 85.27647336877797 0
    endloop
  endfacet
  facet normal -0.22707626303438083 -0.9738769792773319 0
    outer loop
      vertex -120.96350161445565 85.24715952110888 -3
      vertex -120.78824762596807 85.20629602229494 -3
      vertex -120.78824762596807 85.20629602229494 0
    endloop
  endfacet
  facet normal -0.2902846772544778 -0.9569403357322042 0
    outer loop
      vertex -120.6160414704163 85.15405785611154 -3
      vertex -120.6160414704163 85.15405785611154 0
      vertex -120.78824762596807 85.20629602229494 -3
    endloop
  endfacet
  facet normal -0.16289547339455196 -0.9866433320848851 0
    outer loop
      vertex -121.14105297139486 85.27647336877797 -3
      vertex -120.96350161445565 85.24715952110888 -3
      vertex -120.96350161445565 85.24715952110888 0
    endloop
  endfacet
  facet normal -0.41270702980442237 -0.9108638249211632 0
    outer loop
      vertex -120.28370610189775 85.01640003921489 -3
      vertex -120.28370610189775 85.01640003921489 0
      vertex -120.447620560996 85.09066871440604 -3
    endloop
  endfacet
  facet normal -0.4713967368259548 -0.881921264348378 0
    outer loop
      vertex -120.125 84.93156986040721 -3
      vertex -120.125 84.93156986040721 0
      vertex -120.28370610189775 85.01640003921489 -3
    endloop
  endfacet
  facet normal -0.58247769686778 -0.8128466845916312 0
    outer loop
      vertex -119.82590607022601 84.73172168580089 -3
      vertex -119.82590607022601 84.73172168580089 0
      vertex -119.9721818591961 84.836541433832 -3
    endloop
  endfacet
  facet normal -0.5280678506503983 -0.8492021815265601 0
    outer loop
      vertex -120.125 84.93156986040721 -3
      vertex -119.9721818591961 84.836541433832 -3
      vertex -119.9721818591961 84.836541433832 0
    endloop
  endfacet
  facet normal -0.35225004792121684 -0.935905926757332 0
    outer loop
      vertex -120.6160414704163 85.15405785611154 -3
      vertex -120.447620560996 85.09066871440604 -3
      vertex -120.447620560996 85.09066871440604 0
    endloop
  endfacet
  facet normal 0.935905926757332 -0.35225004792121684 0
    outer loop
      vertex -124.10405785611154 83.43395852958369 -3
      vertex -124.04066871440604 83.602379439004 0
      vertex -124.10405785611154 83.43395852958369 0
    endloop
  endfacet
  facet normal 0.9108638249211632 -0.41270702980442237 0
    outer loop
      vertex -124.04066871440604 83.602379439004 -3
      vertex -123.96640003921489 83.76629389810225 0
      vertex -124.04066871440604 83.602379439004 0
    endloop
  endfacet
  facet normal 0.881921264348378 -0.4713967368259548 0
    outer loop
      vertex -123.96640003921489 83.76629389810225 -3
      vertex -123.88156986040721 83.925 0
      vertex -123.96640003921489 83.76629389810225 0
    endloop
  endfacet
  facet normal 0.8492021815265601 -0.5280678506503983 0
    outer loop
      vertex -123.88156986040721 83.925 -3
      vertex -123.786541433832 84.0778181408039 0
      vertex -123.88156986040721 83.925 0
    endloop
  endfacet
  facet normal 0.8128466845916312 -0.58247769686778 0
    outer loop
      vertex -123.786541433832 84.0778181408039 -3
      vertex -123.6817216858009 84.22409392977399 0
      vertex -123.786541433832 84.0778181408039 0
    endloop
  endfacet
  facet normal 0.7730104533627401 -0.6343932841636418 0
    outer loop
      vertex -123.6817216858009 84.22409392977399 -3
      vertex -123.56755947056719 84.36320099152519 0
      vertex -123.6817216858009 84.22409392977399 0
    endloop
  endfacet
  facet normal 0.7298640726978295 -0.6835923020228779 0
    outer loop
      vertex -123.56755947056719 84.36320099152519 -3
      vertex -123.44454364826301 84.494543648263 0
      vertex -123.56755947056719 84.36320099152519 0
    endloop
  endfacet
  facet normal 0.6835923020228779 -0.7298640726978295 0
    outer loop
      vertex -123.44454364826301 84.494543648263 -3
      vertex -123.31320099152519 84.61755947056719 0
      vertex -123.44454364826301 84.494543648263 0
    endloop
  endfacet
  facet normal 0.6343932841636418 -0.7730104533627401 0
    outer loop
      vertex -123.31320099152519 84.61755947056719 -3
      vertex -123.17409392977399 84.73172168580089 0
      vertex -123.31320099152519 84.61755947056719 0
    endloop
  endfacet
  facet normal 0.58247769686778 -0.8128466845916312 0
    outer loop
      vertex -123.17409392977399 84.73172168580089 -3
      vertex -123.0278181408039 84.836541433832 0
      vertex -123.17409392977399 84.73172168580089 0
    endloop
  endfacet
  facet normal 0.5280678506503983 -0.8492021815265601 0
    outer loop
      vertex -123.0278181408039 84.836541433832 -3
      vertex -122.875 84.93156986040721 0
      vertex -123.0278181408039 84.836541433832 0
    endloop
  endfacet
  facet normal 0.4713967368259548 -0.881921264348378 0
    outer loop
      vertex -122.875 84.93156986040721 -3
      vertex -122.71629389810225 85.01640003921489 0
      vertex -122.875 84.93156986040721 0
    endloop
  endfacet
  facet normal 0.41270702980442237 -0.9108638249211632 0
    outer loop
      vertex -122.71629389810225 85.01640003921489 -3
      vertex -122.552379439004 85.09066871440604 0
      vertex -122.71629389810225 85.01640003921489 0
    endloop
  endfacet
  facet normal -0.9569403357322042 -0.2902846772544778 0
    outer loop
      vertex -118.89594214388846 83.43395852958369 -3
      vertex -118.84370397770506 83.26175237403193 0
      vertex -118.89594214388846 83.43395852958369 0
    endloop
  endfacet
  facet normal -0.935905926757332 -0.35225004792121684 0
    outer loop
      vertex -118.95933128559396 83.602379439004 -3
      vertex -118.89594214388846 83.43395852958369 0
      vertex -118.95933128559396 83.602379439004 0
    endloop
  endfacet
  facet normal -0.881921264348378 -0.4713967368259548 0
    outer loop
      vertex -119.11843013959279 83.925 -3
      vertex -119.03359996078511 83.76629389810225 0
      vertex -119.11843013959279 83.925 0
    endloop
  endfacet
  facet normal -0.8492021815265601 -0.5280678506503983 0
    outer loop
      vertex -119.213458566168 84.0778181408039 -3
      vertex -119.11843013959279 83.925 0
      vertex -119.213458566168 84.0778181408039 0
    endloop
  endfacet
  facet normal -0.9108638249211632 -0.41270702980442237 0
    outer loop
      vertex -119.03359996078511 83.76629389810225 -3
      vertex -118.95933128559396 83.602379439004 0
      vertex -119.03359996078511 83.76629389810225 0
    endloop
  endfacet
  facet normal -0.6835923020228779 -0.7298640726978295 0
    outer loop
      vertex -119.68679900847481 84.61755947056719 -3
      vertex -119.55545635173699 84.494543648263 0
      vertex -119.68679900847481 84.61755947056719 0
    endloop
  endfacet
  facet normal -0.6343932841636418 -0.7730104533627401 0
    outer loop
      vertex -119.82590607022601 84.73172168580089 -3
      vertex -119.68679900847481 84.61755947056719 0
      vertex -119.82590607022601 84.73172168580089 0
    endloop
  endfacet
  facet normal -0.8128466845916312 -0.58247769686778 0
    outer loop
      vertex -119.3182783141991 84.22409392977399 -3
      vertex -119.213458566168 84.0778181408039 0
      vertex -119.3182783141991 84.22409392977399 0
    endloop
  endfacet
  facet normal -0.7730104533627401 -0.6343932841636418 0
    outer loop
      vertex -119.43244052943281 84.36320099152519 -3
      vertex -119.3182783141991 84.22409392977399 0
      vertex -119.43244052943281 84.36320099152519 0
    endloop
  endfacet
  facet normal -0.7298640726978295 -0.6835923020228779 0
    outer loop
      vertex -119.55545635173699 84.494543648263 -3
      vertex -119.43244052943281 84.36320099152519 0
      vertex -119.55545635173699 84.494543648263 0
    endloop
  endfacet
  facet normal 0.35225004792121684 -0.935905926757332 0
    outer loop
      vertex -122.552379439004 85.09066871440604 -3
      vertex -122.3839585295837 85.15405785611154 0
      vertex -122.552379439004 85.09066871440604 0
    endloop
  endfacet
  facet normal 0.2902846772544778 -0.9569403357322042 0
    outer loop
      vertex -122.3839585295837 85.15405785611154 -3
      vertex -122.21175237403193 85.20629602229494 0
      vertex -122.3839585295837 85.15405785611154 0
    endloop
  endfacet
  facet normal 0.22707626303438083 -0.9738769792773319 0
    outer loop
      vertex -122.21175237403193 85.20629602229494 -3
      vertex -122.03649838554435 85.24715952110888 0
      vertex -122.21175237403193 85.20629602229494 0
    endloop
  endfacet
  facet normal 0.16289547339455196 -0.9866433320848851 0
    outer loop
      vertex -122.03649838554435 85.24715952110888 -3
      vertex -121.85894702860514 85.27647336877797 0
      vertex -122.03649838554435 85.24715952110888 0
    endloop
  endfacet
  facet normal 0.09801714032954412 -0.9951847266721986 0
    outer loop
      vertex -121.85894702860514 85.27647336877797 -3
      vertex -121.67985860538289 85.29411203890615 0
      vertex -121.85894702860514 85.27647336877797 0
    endloop
  endfacet
  facet normal 0.03271908282181696 -0.9994645874763642 0
    outer loop
      vertex -121.67985860538289 85.29411203890615 -3
      vertex -121.5 85.3 0
      vertex -121.67985860538289 85.29411203890615 0
    endloop
  endfacet
  facet normal -0.03271908282181696 -0.9994645874763642 0
    outer loop
      vertex -121.5 85.3 -3
      vertex -121.32014139461711 85.29411203890615 0
      vertex -121.5 85.3 0
    endloop
  endfacet
  facet normal -0.09801714032954412 -0.9951847266721986 0
    outer loop
      vertex -121.32014139461711 85.29411203890615 -3
      vertex -121.14105297139486 85.27647336877797 0
      vertex -121.32014139461711 85.29411203890615 0
    endloop
  endfacet
  facet normal -0.16289547339455196 -0.9866433320848851 0
    outer loop
      vertex -121.14105297139486 85.27647336877797 -3
      vertex -120.96350161445565 85.24715952110888 0
      vertex -121.14105297139486 85.27647336877797 0
    endloop
  endfacet
  facet normal -0.22707626303438083 -0.9738769792773319 0
    outer loop
      vertex -120.96350161445565 85.24715952110888 -3
      vertex -120.78824762596807 85.20629602229494 0
      vertex -120.96350161445565 85.24715952110888 0
    endloop
  endfacet
  facet normal -0.2902846772544778 -0.9569403357322042 0
    outer loop
      vertex -120.78824762596807 85.20629602229494 -3
      vertex -120.6160414704163 85.15405785611154 0
      vertex -120.78824762596807 85.20629602229494 0
    endloop
  endfacet
  facet normal -0.41270702980442237 -0.9108638249211632 0
    outer loop
      vertex -120.447620560996 85.09066871440604 -3
      vertex -120.28370610189775 85.01640003921489 0
      vertex -120.447620560996 85.09066871440604 0
    endloop
  endfacet
  facet normal -0.4713967368259548 -0.881921264348378 0
    outer loop
      vertex -120.28370610189775 85.01640003921489 -3
      vertex -120.125 84.93156986040721 0
      vertex -120.28370610189775 85.01640003921489 0
    endloop
  endfacet
  facet normal -0.58247769686778 -0.8128466845916312 0
    outer loop
      vertex -119.9721818591961 84.836541433832 -3
      vertex -119.82590607022601 84.73172168580089 0
      vertex -119.9721818591961 84.836541433832 0
    endloop
  endfacet
  facet normal -0.5280678506503983 -0.8492021815265601 0
    outer loop
      vertex -120.125 84.93156986040721 -3
      vertex -119.9721818591961 84.836541433832 0
      vertex -120.125 84.93156986040721 0
    endloop
  endfacet
  facet normal -0.35225004792121684 -0.935905926757332 0
    outer loop
      vertex -120.6160414704163 85.15405785611154 -3
      vertex -120.447620560996 85.09066871440604 0
      vertex -120.6160414704163 85.15405785611154 0
    endloop
  endfacet
  facet normal 0.35225004792122977 0.935905926757327 0
    outer loop
      vertex 120.447620560996 3.809331285593961 -3
      vertex 120.447620560996 3.809331285593961 0
      vertex 120.6160414704163 3.745942143888459 -3
    endloop
  endfacet
  facet normal 0.5280678506503786 0.8492021815265722 0
    outer loop
      vertex 119.9721818591961 4.063458566168 -3
      vertex 119.9721818591961 4.063458566168 0
      vertex 120.125 3.9684301395927934 -3
    endloop
  endfacet
  facet normal 0.5824776968677734 0.8128466845916359 0
    outer loop
      vertex 119.9721818591961 4.063458566168 -3
      vertex 119.82590607022601 4.168278314199103 -3
      vertex 119.82590607022601 4.168278314199103 0
    endloop
  endfacet
  facet normal 0.4713967368259912 0.8819212643483584 0
    outer loop
      vertex 120.28370610189775 3.883599960785107 -3
      vertex 120.125 3.9684301395927934 -3
      vertex 120.125 3.9684301395927934 0
    endloop
  endfacet
  facet normal 0.412707029804406 0.9108638249211708 0
    outer loop
      vertex 120.447620560996 3.809331285593961 -3
      vertex 120.28370610189775 3.883599960785107 -3
      vertex 120.28370610189775 3.883599960785107 0
    endloop
  endfacet
  facet normal 0.1628954733945952 0.986643332084878 0
    outer loop
      vertex 120.96350161445565 3.652840478891116 -3
      vertex 120.96350161445565 3.652840478891116 0
      vertex 121.14105297139486 3.623526631222021 -3
    endloop
  endfacet
  facet normal 0.2902846772544598 0.9569403357322096 0
    outer loop
      vertex 120.78824762596807 3.693703977705062 -3
      vertex 120.6160414704163 3.745942143888459 -3
      vertex 120.6160414704163 3.745942143888459 0
    endloop
  endfacet
  facet normal 0.22707626303436915 0.9738769792773347 0
    outer loop
      vertex 120.78824762596807 3.693703977705062 -3
      vertex 120.78824762596807 3.693703977705062 0
      vertex 120.96350161445565 3.652840478891116 -3
    endloop
  endfacet
  facet normal 0.09801714032955633 0.9951847266721974 0
    outer loop
      vertex 121.14105297139486 3.623526631222021 -3
      vertex 121.14105297139486 3.623526631222021 0
      vertex 121.32014139461711 3.60588796109384 -3
    endloop
  endfacet
  facet normal 0.03271908282177752 0.9994645874763657 0
    outer loop
      vertex 121.32014139461711 3.60588796109384 -3
      vertex 121.32014139461711 3.60588796109384 0
      vertex 121.5 3.5999999999999996 -3
    endloop
  endfacet
  facet normal -0.03271908282177752 0.9994645874763657 0
    outer loop
      vertex 121.5 3.5999999999999996 -3
      vertex 121.5 3.5999999999999996 0
      vertex 121.67985860538289 3.60588796109384 -3
    endloop
  endfacet
  facet normal -0.09801714032955633 0.9951847266721974 0
    outer loop
      vertex 121.67985860538289 3.60588796109384 -3
      vertex 121.67985860538289 3.60588796109384 0
      vertex 121.85894702860514 3.623526631222021 -3
    endloop
  endfacet
  facet normal -0.1628954733945952 0.986643332084878 0
    outer loop
      vertex 121.85894702860514 3.623526631222021 -3
      vertex 121.85894702860514 3.623526631222021 0
      vertex 122.03649838554435 3.652840478891116 -3
    endloop
  endfacet
  facet normal -0.22707626303436915 0.9738769792773347 0
    outer loop
      vertex 122.03649838554435 3.652840478891116 -3
      vertex 122.03649838554435 3.652840478891116 0
      vertex 122.21175237403193 3.693703977705062 -3
    endloop
  endfacet
  facet normal -0.2902846772544598 0.9569403357322096 0
    outer loop
      vertex 122.21175237403193 3.693703977705062 -3
      vertex 122.21175237403193 3.693703977705062 0
      vertex 122.3839585295837 3.745942143888459 -3
    endloop
  endfacet
  facet normal -0.35225004792122977 0.935905926757327 0
    outer loop
      vertex 122.3839585295837 3.745942143888459 -3
      vertex 122.3839585295837 3.745942143888459 0
      vertex 122.552379439004 3.809331285593961 -3
    endloop
  endfacet
  facet normal 0.729864072697834 0.6835923020228729 0
    outer loop
      vertex 119.55545635173699 4.405456351736994 -3
      vertex 119.43244052943281 4.53679900847481 -3
      vertex 119.43244052943281 4.53679900847481 0
    endloop
  endfacet
  facet normal 0.7730104533627479 0.634393284163632 0
    outer loop
      vertex 119.3182783141991 4.675906070226018 -3
      vertex 119.3182783141991 4.675906070226018 0
      vertex 119.43244052943281 4.53679900847481 -3
    endloop
  endfacet
  facet normal 0.8128466845916094 0.5824776968678103 0
    outer loop
      vertex 119.3182783141991 4.675906070226018 -3
      vertex 119.213458566168 4.822181859196093 -3
      vertex 119.213458566168 4.822181859196093 0
    endloop
  endfacet
  facet normal 0.6343932841636536 0.7730104533627304 0
    outer loop
      vertex 119.82590607022601 4.168278314199103 -3
      vertex 119.68679900847481 4.282440529432812 -3
      vertex 119.68679900847481 4.282440529432812 0
    endloop
  endfacet
  facet normal 0.6835923020228779 0.7298640726978295 0
    outer loop
      vertex 119.55545635173699 4.405456351736994 -3
      vertex 119.55545635173699 4.405456351736994 0
      vertex 119.68679900847481 4.282440529432812 -3
    endloop
  endfacet
  facet normal 0.8819212643483746 0.4713967368259609 0
    outer loop
      vertex 119.03359996078511 5.133706101897746 -3
      vertex 119.03359996078511 5.133706101897746 0
      vertex 119.11843013959279 4.975 -3
    endloop
  endfacet
  facet normal 0.849202181526567 0.5280678506503872 0
    outer loop
      vertex 119.213458566168 4.822181859196093 -3
      vertex 119.11843013959279 4.975 -3
      vertex 119.11843013959279 4.975 0
    endloop
  endfacet
  facet normal 0.9108638249211684 0.41270702980441126 0
    outer loop
      vertex 119.03359996078511 5.133706101897746 -3
      vertex 118.95933128559396 5.297620560996003 -3
      vertex 118.95933128559396 5.297620560996003 0
    endloop
  endfacet
  facet normal 0.9359059267573303 0.3522500479212218 0
    outer loop
      vertex 118.95933128559396 5.297620560996003 -3
      vertex 118.89594214388846 5.466041470416306 -3
      vertex 118.89594214388846 5.466041470416306 0
    endloop
  endfacet
  facet normal -0.412707029804406 0.9108638249211708 0
    outer loop
      vertex 122.552379439004 3.809331285593961 -3
      vertex 122.552379439004 3.809331285593961 0
      vertex 122.71629389810225 3.883599960785107 -3
    endloop
  endfacet
  facet normal -0.4713967368259912 0.8819212643483584 0
    outer loop
      vertex 122.71629389810225 3.883599960785107 -3
      vertex 122.71629389810225 3.883599960785107 0
      vertex 122.875 3.9684301395927934 -3
    endloop
  endfacet
  facet normal -0.5280678506503786 0.8492021815265722 0
    outer loop
      vertex 122.875 3.9684301395927934 -3
      vertex 122.875 3.9684301395927934 0
      vertex 123.0278181408039 4.063458566168 -3
    endloop
  endfacet
  facet normal -0.5824776968677734 0.8128466845916359 0
    outer loop
      vertex 123.0278181408039 4.063458566168 -3
      vertex 123.0278181408039 4.063458566168 0
      vertex 123.17409392977399 4.168278314199103 -3
    endloop
  endfacet
  facet normal -0.6343932841636536 0.7730104533627304 0
    outer loop
      vertex 123.17409392977399 4.168278314199103 -3
      vertex 123.17409392977399 4.168278314199103 0
      vertex 123.31320099152519 4.282440529432812 -3
    endloop
  endfacet
  facet normal -0.6835923020228779 0.7298640726978295 0
    outer loop
      vertex 123.31320099152519 4.282440529432812 -3
      vertex 123.31320099152519 4.282440529432812 0
      vertex 123.44454364826301 4.405456351736994 -3
    endloop
  endfacet
  facet normal -0.729864072697834 0.6835923020228729 0
    outer loop
      vertex 123.44454364826301 4.405456351736994 -3
      vertex 123.44454364826301 4.405456351736994 0
      vertex 123.56755947056719 4.53679900847481 -3
    endloop
  endfacet
  facet normal -0.7730104533627479 0.634393284163632 0
    outer loop
      vertex 123.56755947056719 4.53679900847481 -3
      vertex 123.56755947056719 4.53679900847481 0
      vertex 123.6817216858009 4.675906070226018 -3
    endloop
  endfacet
  facet normal -0.8128466845916094 0.5824776968678103 0
    outer loop
      vertex 123.6817216858009 4.675906070226018 -3
      vertex 123.6817216858009 4.675906070226018 0
      vertex 123.786541433832 4.822181859196093 -3
    endloop
  endfacet
  facet normal -0.849202181526567 0.5280678506503872 0
    outer loop
      vertex 123.786541433832 4.822181859196093 -3
      vertex 123.786541433832 4.822181859196093 0
      vertex 123.88156986040721 4.975 -3
    endloop
  endfacet
  facet normal -0.8819212643483746 0.4713967368259609 0
    outer loop
      vertex 123.88156986040721 4.975 -3
      vertex 123.88156986040721 4.975 0
      vertex 123.96640003921489 5.133706101897746 -3
    endloop
  endfacet
  facet normal -0.9108638249211684 0.41270702980441126 0
    outer loop
      vertex 123.96640003921489 5.133706101897746 -3
      vertex 123.96640003921489 5.133706101897746 0
      vertex 124.04066871440604 5.297620560996003 -3
    endloop
  endfacet
  facet normal -0.9359059267573303 0.3522500479212218 0
    outer loop
      vertex 124.04066871440604 5.297620560996003 -3
      vertex 124.04066871440604 5.297620560996003 0
      vertex 124.10405785611154 5.466041470416306 -3
    endloop
  endfacet
  facet normal -0.9569403357322037 0.2902846772544792 0
    outer loop
      vertex 124.10405785611154 5.466041470416306 -3
      vertex 124.10405785611154 5.466041470416306 0
      vertex 124.15629602229494 5.638247625968067 -3
    endloop
  endfacet
  facet normal 0.35225004792122977 0.935905926757327 0
    outer loop
      vertex 120.6160414704163 3.745942143888459 -3
      vertex 120.447620560996 3.809331285593961 0
      vertex 120.6160414704163 3.745942143888459 0
    endloop
  endfacet
  facet normal 0.5280678506503786 0.8492021815265722 0
    outer loop
      vertex 120.125 3.9684301395927934 -3
      vertex 119.9721818591961 4.063458566168 0
      vertex 120.125 3.9684301395927934 0
    endloop
  endfacet
  facet normal 0.5824776968677734 0.8128466845916359 0
    outer loop
      vertex 119.9721818591961 4.063458566168 -3
      vertex 119.82590607022601 4.168278314199103 0
      vertex 119.9721818591961 4.063458566168 0
    endloop
  endfacet
  facet normal 0.4713967368259912 0.8819212643483584 0
    outer loop
      vertex 120.28370610189775 3.883599960785107 -3
      vertex 120.125 3.9684301395927934 0
      vertex 120.28370610189775 3.883599960785107 0
    endloop
  endfacet
  facet normal 0.412707029804406 0.9108638249211708 0
    outer loop
      vertex 120.447620560996 3.809331285593961 -3
      vertex 120.28370610189775 3.883599960785107 0
      vertex 120.447620560996 3.809331285593961 0
    endloop
  endfacet
  facet normal 0.2902846772544598 0.9569403357322096 0
    outer loop
      vertex 120.78824762596807 3.693703977705062 -3
      vertex 120.6160414704163 3.745942143888459 0
      vertex 120.78824762596807 3.693703977705062 0
    endloop
  endfacet
  facet normal 0.22707626303436915 0.9738769792773347 0
    outer loop
      vertex 120.96350161445565 3.652840478891116 -3
      vertex 120.78824762596807 3.693703977705062 0
      vertex 120.96350161445565 3.652840478891116 0
    endloop
  endfacet
  facet normal 0.1628954733945952 0.986643332084878 0
    outer loop
      vertex 121.14105297139486 3.623526631222021 -3
      vertex 120.96350161445565 3.652840478891116 0
      vertex 121.14105297139486 3.623526631222021 0
    endloop
  endfacet
  facet normal 0.09801714032955633 0.9951847266721974 0
    outer loop
      vertex 121.32014139461711 3.60588796109384 -3
      vertex 121.14105297139486 3.623526631222021 0
      vertex 121.32014139461711 3.60588796109384 0
    endloop
  endfacet
  facet normal 0.03271908282177752 0.9994645874763657 0
    outer loop
      vertex 121.5 3.5999999999999996 -3
      vertex 121.32014139461711 3.60588796109384 0
      vertex 121.5 3.5999999999999996 0
    endloop
  endfacet
  facet normal -0.03271908282177752 0.9994645874763657 0
    outer loop
      vertex 121.67985860538289 3.60588796109384 -3
      vertex 121.5 3.5999999999999996 0
      vertex 121.67985860538289 3.60588796109384 0
    endloop
  endfacet
  facet normal -0.09801714032955633 0.9951847266721974 0
    outer loop
      vertex 121.85894702860514 3.623526631222021 -3
      vertex 121.67985860538289 3.60588796109384 0
      vertex 121.85894702860514 3.623526631222021 0
    endloop
  endfacet
  facet normal -0.1628954733945952 0.986643332084878 0
    outer loop
      vertex 122.03649838554435 3.652840478891116 -3
      vertex 121.85894702860514 3.623526631222021 0
      vertex 122.03649838554435 3.652840478891116 0
    endloop
  endfacet
  facet normal -0.22707626303436915 0.9738769792773347 0
    outer loop
      vertex 122.21175237403193 3.693703977705062 -3
      vertex 122.03649838554435 3.652840478891116 0
      vertex 122.21175237403193 3.693703977705062 0
    endloop
  endfacet
  facet normal -0.2902846772544598 0.9569403357322096 0
    outer loop
      vertex 122.3839585295837 3.745942143888459 -3
      vertex 122.21175237403193 3.693703977705062 0
      vertex 122.3839585295837 3.745942143888459 0
    endloop
  endfacet
  facet normal -0.35225004792122977 0.935905926757327 0
    outer loop
      vertex 122.552379439004 3.809331285593961 -3
      vertex 122.3839585295837 3.745942143888459 0
      vertex 122.552379439004 3.809331285593961 0
    endloop
  endfacet
  facet normal 0.729864072697834 0.6835923020228729 0
    outer loop
      vertex 119.55545635173699 4.405456351736994 -3
      vertex 119.43244052943281 4.53679900847481 0
      vertex 119.55545635173699 4.405456351736994 0
    endloop
  endfacet
  facet normal 0.7730104533627479 0.634393284163632 0
    outer loop
      vertex 119.43244052943281 4.53679900847481 -3
      vertex 119.3182783141991 4.675906070226018 0
      vertex 119.43244052943281 4.53679900847481 0
    endloop
  endfacet
  facet normal 0.8128466845916094 0.5824776968678103 0
    outer loop
      vertex 119.3182783141991 4.675906070226018 -3
      vertex 119.213458566168 4.822181859196093 0
      vertex 119.3182783141991 4.675906070226018 0
    endloop
  endfacet
  facet normal 0.6343932841636536 0.7730104533627304 0
    outer loop
      vertex 119.82590607022601 4.168278314199103 -3
      vertex 119.68679900847481 4.282440529432812 0
      vertex 119.82590607022601 4.168278314199103 0
    endloop
  endfacet
  facet normal 0.6835923020228779 0.7298640726978295 0
    outer loop
      vertex 119.68679900847481 4.282440529432812 -3
      vertex 119.55545635173699 4.405456351736994 0
      vertex 119.68679900847481 4.282440529432812 0
    endloop
  endfacet
  facet normal 0.9108638249211684 0.41270702980441126 0
    outer loop
      vertex 119.03359996078511 5.133706101897746 -3
      vertex 118.95933128559396 5.297620560996003 0
      vertex 119.03359996078511 5.133706101897746 0
    endloop
  endfacet
  facet normal 0.849202181526567 0.5280678506503872 0
    outer loop
      vertex 119.213458566168 4.822181859196093 -3
      vertex 119.11843013959279 4.975 0
      vertex 119.213458566168 4.822181859196093 0
    endloop
  endfacet
  facet normal 0.8819212643483746 0.4713967368259609 0
    outer loop
      vertex 119.11843013959279 4.975 -3
      vertex 119.03359996078511 5.133706101897746 0
      vertex 119.11843013959279 4.975 0
    endloop
  endfacet
  facet normal 0.9359059267573303 0.3522500479212218 0
    outer loop
      vertex 118.95933128559396 5.297620560996003 -3
      vertex 118.89594214388846 5.466041470416306 0
      vertex 118.95933128559396 5.297620560996003 0
    endloop
  endfacet
  facet normal 0.9569403357322037 0.2902846772544792 0
    outer loop
      vertex 118.89594214388846 5.466041470416306 -3
      vertex 118.84370397770506 5.638247625968067 0
      vertex 118.89594214388846 5.466041470416306 0
    endloop
  endfacet
  facet normal -0.412707029804406 0.9108638249211708 0
    outer loop
      vertex 122.71629389810225 3.883599960785107 -3
      vertex 122.552379439004 3.809331285593961 0
      vertex 122.71629389810225 3.883599960785107 0
    endloop
  endfacet
  facet normal -0.4713967368259912 0.8819212643483584 0
    outer loop
      vertex 122.875 3.9684301395927934 -3
      vertex 122.71629389810225 3.883599960785107 0
      vertex 122.875 3.9684301395927934 0
    endloop
  endfacet
  facet normal -0.5280678506503786 0.8492021815265722 0
    outer loop
      vertex 123.0278181408039 4.063458566168 -3
      vertex 122.875 3.9684301395927934 0
      vertex 123.0278181408039 4.063458566168 0
    endloop
  endfacet
  facet normal -0.5824776968677734 0.8128466845916359 0
    outer loop
      vertex 123.17409392977399 4.168278314199103 -3
      vertex 123.0278181408039 4.063458566168 0
      vertex 123.17409392977399 4.168278314199103 0
    endloop
  endfacet
  facet normal -0.6343932841636536 0.7730104533627304 0
    outer loop
      vertex 123.31320099152519 4.282440529432812 -3
      vertex 123.17409392977399 4.168278314199103 0
      vertex 123.31320099152519 4.282440529432812 0
    endloop
  endfacet
  facet normal -0.6835923020228779 0.7298640726978295 0
    outer loop
      vertex 123.44454364826301 4.405456351736994 -3
      vertex 123.31320099152519 4.282440529432812 0
      vertex 123.44454364826301 4.405456351736994 0
    endloop
  endfacet
  facet normal -0.729864072697834 0.6835923020228729 0
    outer loop
      vertex 123.56755947056719 4.53679900847481 -3
      vertex 123.44454364826301 4.405456351736994 0
      vertex 123.56755947056719 4.53679900847481 0
    endloop
  endfacet
  facet normal -0.7730104533627479 0.634393284163632 0
    outer loop
      vertex 123.6817216858009 4.675906070226018 -3
      vertex 123.56755947056719 4.53679900847481 0
      vertex 123.6817216858009 4.675906070226018 0
    endloop
  endfacet
  facet normal -0.8128466845916094 0.5824776968678103 0
    outer loop
      vertex 123.786541433832 4.822181859196093 -3
      vertex 123.6817216858009 4.675906070226018 0
      vertex 123.786541433832 4.822181859196093 0
    endloop
  endfacet
  facet normal -0.849202181526567 0.5280678506503872 0
    outer loop
      vertex 123.88156986040721 4.975 -3
      vertex 123.786541433832 4.822181859196093 0
      vertex 123.88156986040721 4.975 0
    endloop
  endfacet
  facet normal -0.8819212643483746 0.4713967368259609 0
    outer loop
      vertex 123.96640003921489 5.133706101897746 -3
      vertex 123.88156986040721 4.975 0
      vertex 123.96640003921489 5.133706101897746 0
    endloop
  endfacet
  facet normal -0.9108638249211684 0.41270702980441126 0
    outer loop
      vertex 124.04066871440604 5.297620560996003 -3
      vertex 123.96640003921489 5.133706101897746 0
      vertex 124.04066871440604 5.297620560996003 0
    endloop
  endfacet
  facet normal -0.9359059267573303 0.3522500479212218 0
    outer loop
      vertex 124.10405785611154 5.466041470416306 -3
      vertex 124.04066871440604 5.297620560996003 0
      vertex 124.10405785611154 5.466041470416306 0
    endloop
  endfacet
  facet normal 0.9569403357322037 0.2902846772544792 0
    outer loop
      vertex 118.89594214388846 5.466041470416306 -3
      vertex 118.84370397770506 5.638247625968067 -3
      vertex 118.84370397770506 5.638247625968067 0
    endloop
  endfacet
  facet normal 0.9738769792773307 0.22707626303438516 0
    outer loop
      vertex 118.84370397770506 5.638247625968067 -3
      vertex 118.80284047889111 5.813501614455647 -3
      vertex 118.80284047889111 5.813501614455647 0
    endloop
  endfacet
  facet normal 0.986643332084886 0.16289547339454638 0
    outer loop
      vertex 118.80284047889111 5.813501614455647 -3
      vertex 118.77352663122203 5.991052971394858 -3
      vertex 118.77352663122203 5.991052971394858 0
    endloop
  endfacet
  facet normal 0.9951847266721905 0.0980171403296252 0
    outer loop
      vertex 118.77352663122203 5.991052971394858 -3
      vertex 118.75588796109383 6.170141394617106 -3
      vertex 118.75588796109383 6.170141394617106 0
    endloop
  endfacet
  facet normal 0.999464587476367 0.03271908282173743 0
    outer loop
      vertex 118.75588796109383 6.170141394617106 -3
      vertex 118.75 6.35 -3
      vertex 118.75 6.35 0
    endloop
  endfacet
  facet normal 0.999464587476367 -0.03271908282173743 0
    outer loop
      vertex 118.75 6.35 -3
      vertex 118.75588796109383 6.529858605382893 -3
      vertex 118.75588796109383 6.529858605382893 0
    endloop
  endfacet
  facet normal 0.9951847266721905 -0.0980171403296252 0
    outer loop
      vertex 118.75588796109383 6.529858605382893 -3
      vertex 118.77352663122203 6.708947028605142 -3
      vertex 118.77352663122203 6.708947028605142 0
    endloop
  endfacet
  facet normal 0.986643332084886 -0.16289547339454638 0
    outer loop
      vertex 118.77352663122203 6.708947028605142 -3
      vertex 118.80284047889111 6.8864983855443525 -3
      vertex 118.80284047889111 6.8864983855443525 0
    endloop
  endfacet
  facet normal 0.9738769792773307 -0.22707626303438516 0
    outer loop
      vertex 118.80284047889111 6.8864983855443525 -3
      vertex 118.84370397770506 7.061752374031932 -3
      vertex 118.84370397770506 7.061752374031932 0
    endloop
  endfacet
  facet normal 0.9569403357322037 -0.2902846772544792 0
    outer loop
      vertex 118.84370397770506 7.061752374031932 -3
      vertex 118.89594214388846 7.233958529583694 -3
      vertex 118.89594214388846 7.233958529583694 0
    endloop
  endfacet
  facet normal 0.9359059267573303 -0.3522500479212218 0
    outer loop
      vertex 118.89594214388846 7.233958529583694 -3
      vertex 118.95933128559396 7.4023794390039965 -3
      vertex 118.95933128559396 7.4023794390039965 0
    endloop
  endfacet
  facet normal 0.9108638249211684 -0.41270702980441126 0
    outer loop
      vertex 118.95933128559396 7.4023794390039965 -3
      vertex 119.03359996078511 7.566293898102253 -3
      vertex 119.03359996078511 7.566293898102253 0
    endloop
  endfacet
  facet normal 0.8819212643483746 -0.4713967368259609 0
    outer loop
      vertex 119.03359996078511 7.566293898102253 -3
      vertex 119.11843013959279 7.725 -3
      vertex 119.11843013959279 7.725 0
    endloop
  endfacet
  facet normal 0.849202181526567 -0.5280678506503872 0
    outer loop
      vertex 119.11843013959279 7.725 -3
      vertex 119.213458566168 7.877818140803906 -3
      vertex 119.213458566168 7.877818140803906 0
    endloop
  endfacet
  facet normal 0.8128466845916094 -0.5824776968678103 0
    outer loop
      vertex 119.213458566168 7.877818140803906 -3
      vertex 119.3182783141991 8.024093929773981 -3
      vertex 119.3182783141991 8.024093929773981 0
    endloop
  endfacet
  facet normal 0.7730104533627479 -0.634393284163632 0
    outer loop
      vertex 119.3182783141991 8.024093929773981 -3
      vertex 119.43244052943281 8.163200991525189 -3
      vertex 119.43244052943281 8.163200991525189 0
    endloop
  endfacet
  facet normal 0.729864072697834 -0.6835923020228729 0
    outer loop
      vertex 119.43244052943281 8.163200991525189 -3
      vertex 119.55545635173699 8.294543648263005 -3
      vertex 119.55545635173699 8.294543648263005 0
    endloop
  endfacet
  facet normal -0.9738769792773307 0.22707626303438516 0
    outer loop
      vertex 124.15629602229494 5.638247625968067 -3
      vertex 124.15629602229494 5.638247625968067 0
      vertex 124.19715952110889 5.813501614455647 -3
    endloop
  endfacet
  facet normal -0.986643332084886 0.16289547339454638 0
    outer loop
      vertex 124.19715952110889 5.813501614455647 -3
      vertex 124.19715952110889 5.813501614455647 0
      vertex 124.22647336877797 5.991052971394858 -3
    endloop
  endfacet
  facet normal -0.9951847266721905 0.0980171403296252 0
    outer loop
      vertex 124.22647336877797 5.991052971394858 -3
      vertex 124.22647336877797 5.991052971394858 0
      vertex 124.24411203890617 6.170141394617106 -3
    endloop
  endfacet
  facet normal -0.999464587476367 0.03271908282173743 0
    outer loop
      vertex 124.24411203890617 6.170141394617106 -3
      vertex 124.24411203890617 6.170141394617106 0
      vertex 124.25 6.35 -3
    endloop
  endfacet
  facet normal -0.999464587476367 -0.03271908282173743 0
    outer loop
      vertex 124.25 6.35 -3
      vertex 124.25 6.35 0
      vertex 124.24411203890617 6.529858605382893 -3
    endloop
  endfacet
  facet normal -0.9951847266721905 -0.0980171403296252 0
    outer loop
      vertex 124.24411203890617 6.529858605382893 -3
      vertex 124.24411203890617 6.529858605382893 0
      vertex 124.22647336877797 6.708947028605142 -3
    endloop
  endfacet
  facet normal -0.986643332084886 -0.16289547339454638 0
    outer loop
      vertex 124.22647336877797 6.708947028605142 -3
      vertex 124.22647336877797 6.708947028605142 0
      vertex 124.19715952110889 6.8864983855443525 -3
    endloop
  endfacet
  facet normal -0.9738769792773307 -0.22707626303438516 0
    outer loop
      vertex 124.19715952110889 6.8864983855443525 -3
      vertex 124.19715952110889 6.8864983855443525 0
      vertex 124.15629602229494 7.061752374031932 -3
    endloop
  endfacet
  facet normal -0.9569403357322037 -0.2902846772544792 0
    outer loop
      vertex 124.15629602229494 7.061752374031932 -3
      vertex 124.15629602229494 7.061752374031932 0
      vertex 124.10405785611154 7.233958529583694 -3
    endloop
  endfacet
  facet normal -0.9359059267573303 -0.3522500479212218 0
    outer loop
      vertex 124.10405785611154 7.233958529583694 -3
      vertex 124.10405785611154 7.233958529583694 0
      vertex 124.04066871440604 7.4023794390039965 -3
    endloop
  endfacet
  facet normal -0.9108638249211684 -0.41270702980441126 0
    outer loop
      vertex 123.96640003921489 7.566293898102253 -3
      vertex 124.04066871440604 7.4023794390039965 -3
      vertex 124.04066871440604 7.4023794390039965 0
    endloop
  endfacet
  facet normal -0.8819212643483746 -0.4713967368259609 0
    outer loop
      vertex 123.96640003921489 7.566293898102253 -3
      vertex 123.96640003921489 7.566293898102253 0
      vertex 123.88156986040721 7.725 -3
    endloop
  endfacet
  facet normal -0.729864072697834 -0.6835923020228729 0
    outer loop
      vertex 123.44454364826301 8.294543648263005 -3
      vertex 123.56755947056719 8.163200991525189 -3
      vertex 123.56755947056719 8.163200991525189 0
    endloop
  endfacet
  facet normal -0.849202181526567 -0.5280678506503872 0
    outer loop
      vertex 123.88156986040721 7.725 -3
      vertex 123.88156986040721 7.725 0
      vertex 123.786541433832 7.877818140803906 -3
    endloop
  endfacet
  facet normal -0.8128466845916094 -0.5824776968678103 0
    outer loop
      vertex 123.786541433832 7.877818140803906 -3
      vertex 123.786541433832 7.877818140803906 0
      vertex 123.6817216858009 8.024093929773981 -3
    endloop
  endfacet
  facet normal -0.7730104533627479 -0.634393284163632 0
    outer loop
      vertex 123.6817216858009 8.024093929773981 -3
      vertex 123.6817216858009 8.024093929773981 0
      vertex 123.56755947056719 8.163200991525189 -3
    endloop
  endfacet
  facet normal 0.6835923020228779 -0.7298640726978295 0
    outer loop
      vertex 119.55545635173699 8.294543648263005 -3
      vertex 119.68679900847481 8.417559470567188 -3
      vertex 119.68679900847481 8.417559470567188 0
    endloop
  endfacet
  facet normal 0.6343932841636536 -0.7730104533627304 0
    outer loop
      vertex 119.68679900847481 8.417559470567188 -3
      vertex 119.82590607022601 8.531721685800896 -3
      vertex 119.82590607022601 8.531721685800896 0
    endloop
  endfacet
  facet normal 0.5824776968677734 -0.8128466845916359 0
    outer loop
      vertex 119.82590607022601 8.531721685800896 -3
      vertex 119.9721818591961 8.636541433831999 -3
      vertex 119.9721818591961 8.636541433831999 0
    endloop
  endfacet
  facet normal 0.5280678506503769 -0.8492021815265735 0
    outer loop
      vertex 119.9721818591961 8.636541433831999 -3
      vertex 120.125 8.731569860407205 -3
      vertex 120.125 8.731569860407205 0
    endloop
  endfacet
  facet normal 0.4713967368259932 -0.8819212643483575 0
    outer loop
      vertex 120.125 8.731569860407205 -3
      vertex 120.28370610189775 8.816400039214892 -3
      vertex 120.28370610189775 8.816400039214892 0
    endloop
  endfacet
  facet normal 0.412707029804406 -0.9108638249211708 0
    outer loop
      vertex 120.28370610189775 8.816400039214892 -3
      vertex 120.447620560996 8.890668714406038 -3
      vertex 120.447620560996 8.890668714406038 0
    endloop
  endfacet
  facet normal 0.35225004792122544 -0.9359059267573288 0
    outer loop
      vertex 120.447620560996 8.890668714406038 -3
      vertex 120.6160414704163 8.95405785611154 -3
      vertex 120.6160414704163 8.95405785611154 0
    endloop
  endfacet
  facet normal 0.2902846772544598 -0.9569403357322096 0
    outer loop
      vertex 120.6160414704163 8.95405785611154 -3
      vertex 120.78824762596807 9.006296022294936 -3
      vertex 120.78824762596807 9.006296022294936 0
    endloop
  endfacet
  facet normal -0.22707626303437148 -0.9738769792773341 0
    outer loop
      vertex 122.21175237403193 9.006296022294936 -3
      vertex 122.21175237403193 9.006296022294936 0
      vertex 122.03649838554435 9.047159521108883 -3
    endloop
  endfacet
  facet normal -0.35225004792122544 -0.9359059267573288 0
    outer loop
      vertex 122.3839585295837 8.95405785611154 -3
      vertex 122.552379439004 8.890668714406038 -3
      vertex 122.552379439004 8.890668714406038 0
    endloop
  endfacet
  facet normal -0.2902846772544598 -0.9569403357322096 0
    outer loop
      vertex 122.21175237403193 9.006296022294936 -3
      vertex 122.3839585295837 8.95405785611154 -3
      vertex 122.3839585295837 8.95405785611154 0
    endloop
  endfacet
  facet normal 0.22707626303437148 -0.9738769792773341 0
    outer loop
      vertex 120.78824762596807 9.006296022294936 -3
      vertex 120.96350161445565 9.047159521108883 -3
      vertex 120.96350161445565 9.047159521108883 0
    endloop
  endfacet
  facet normal 0.1628954733946 -0.9866433320848772 0
    outer loop
      vertex 120.96350161445565 9.047159521108883 -3
      vertex 121.14105297139486 9.076473368777979 -3
      vertex 121.14105297139486 9.076473368777979 0
    endloop
  endfacet
  facet normal 0.09801714032955389 -0.9951847266721976 0
    outer loop
      vertex 121.14105297139486 9.076473368777979 -3
      vertex 121.32014139461711 9.09411203890616 -3
      vertex 121.32014139461711 9.09411203890616 0
    endloop
  endfacet
  facet normal 0.03271908282177752 -0.9994645874763657 0
    outer loop
      vertex 121.32014139461711 9.09411203890616 -3
      vertex 121.5 9.1 -3
      vertex 121.5 9.1 0
    endloop
  endfacet
  facet normal -0.03271908282177752 -0.9994645874763657 0
    outer loop
      vertex 121.5 9.1 -3
      vertex 121.67985860538289 9.09411203890616 -3
      vertex 121.67985860538289 9.09411203890616 0
    endloop
  endfacet
  facet normal -0.09801714032955389 -0.9951847266721976 0
    outer loop
      vertex 121.67985860538289 9.09411203890616 -3
      vertex 121.85894702860514 9.076473368777979 -3
      vertex 121.85894702860514 9.076473368777979 0
    endloop
  endfacet
  facet normal -0.1628954733946 -0.9866433320848772 0
    outer loop
      vertex 121.85894702860514 9.076473368777979 -3
      vertex 122.03649838554435 9.047159521108883 -3
      vertex 122.03649838554435 9.047159521108883 0
    endloop
  endfacet
  facet normal -0.5280678506503769 -0.8492021815265735 0
    outer loop
      vertex 123.0278181408039 8.636541433831999 -3
      vertex 123.0278181408039 8.636541433831999 0
      vertex 122.875 8.731569860407205 -3
    endloop
  endfacet
  facet normal -0.6343932841636536 -0.7730104533627304 0
    outer loop
      vertex 123.31320099152519 8.417559470567188 -3
      vertex 123.31320099152519 8.417559470567188 0
      vertex 123.17409392977399 8.531721685800896 -3
    endloop
  endfacet
  facet normal -0.6835923020228779 -0.7298640726978295 0
    outer loop
      vertex 123.44454364826301 8.294543648263005 -3
      vertex 123.44454364826301 8.294543648263005 0
      vertex 123.31320099152519 8.417559470567188 -3
    endloop
  endfacet
  facet normal -0.5824776968677734 -0.8128466845916359 0
    outer loop
      vertex 123.0278181408039 8.636541433831999 -3
      vertex 123.17409392977399 8.531721685800896 -3
      vertex 123.17409392977399 8.531721685800896 0
    endloop
  endfacet
  facet normal -0.412707029804406 -0.9108638249211708 0
    outer loop
      vertex 122.71629389810225 8.816400039214892 -3
      vertex 122.71629389810225 8.816400039214892 0
      vertex 122.552379439004 8.890668714406038 -3
    endloop
  endfacet
  facet normal -0.4713967368259932 -0.8819212643483575 0
    outer loop
      vertex 122.71629389810225 8.816400039214892 -3
      vertex 122.875 8.731569860407205 -3
      vertex 122.875 8.731569860407205 0
    endloop
  endfacet
  facet normal 0.9738769792773307 0.22707626303438516 0
    outer loop
      vertex 118.84370397770506 5.638247625968067 -3
      vertex 118.80284047889111 5.813501614455647 0
      vertex 118.84370397770506 5.638247625968067 0
    endloop
  endfacet
  facet normal 0.986643332084886 0.16289547339454638 0
    outer loop
      vertex 118.80284047889111 5.813501614455647 -3
      vertex 118.77352663122203 5.991052971394858 0
      vertex 118.80284047889111 5.813501614455647 0
    endloop
  endfacet
  facet normal 0.9951847266721905 0.0980171403296252 0
    outer loop
      vertex 118.77352663122203 5.991052971394858 -3
      vertex 118.75588796109383 6.170141394617106 0
      vertex 118.77352663122203 5.991052971394858 0
    endloop
  endfacet
  facet normal 0.999464587476367 0.03271908282173743 0
    outer loop
      vertex 118.75588796109383 6.170141394617106 -3
      vertex 118.75 6.35 0
      vertex 118.75588796109383 6.170141394617106 0
    endloop
  endfacet
  facet normal 0.999464587476367 -0.03271908282173743 0
    outer loop
      vertex 118.75 6.35 -3
      vertex 118.75588796109383 6.529858605382893 0
      vertex 118.75 6.35 0
    endloop
  endfacet
  facet normal 0.9951847266721905 -0.0980171403296252 0
    outer loop
      vertex 118.75588796109383 6.529858605382893 -3
      vertex 118.77352663122203 6.708947028605142 0
      vertex 118.75588796109383 6.529858605382893 0
    endloop
  endfacet
  facet normal 0.986643332084886 -0.16289547339454638 0
    outer loop
      vertex 118.77352663122203 6.708947028605142 -3
      vertex 118.80284047889111 6.8864983855443525 0
      vertex 118.77352663122203 6.708947028605142 0
    endloop
  endfacet
  facet normal 0.9738769792773307 -0.22707626303438516 0
    outer loop
      vertex 118.80284047889111 6.8864983855443525 -3
      vertex 118.84370397770506 7.061752374031932 0
      vertex 118.80284047889111 6.8864983855443525 0
    endloop
  endfacet
  facet normal 0.9569403357322037 -0.2902846772544792 0
    outer loop
      vertex 118.84370397770506 7.061752374031932 -3
      vertex 118.89594214388846 7.233958529583694 0
      vertex 118.84370397770506 7.061752374031932 0
    endloop
  endfacet
  facet normal 0.9359059267573303 -0.3522500479212218 0
    outer loop
      vertex 118.89594214388846 7.233958529583694 -3
      vertex 118.95933128559396 7.4023794390039965 0
      vertex 118.89594214388846 7.233958529583694 0
    endloop
  endfacet
  facet normal 0.9108638249211684 -0.41270702980441126 0
    outer loop
      vertex 118.95933128559396 7.4023794390039965 -3
      vertex 119.03359996078511 7.566293898102253 0
      vertex 118.95933128559396 7.4023794390039965 0
    endloop
  endfacet
  facet normal 0.8819212643483746 -0.4713967368259609 0
    outer loop
      vertex 119.03359996078511 7.566293898102253 -3
      vertex 119.11843013959279 7.725 0
      vertex 119.03359996078511 7.566293898102253 0
    endloop
  endfacet
  facet normal 0.849202181526567 -0.5280678506503872 0
    outer loop
      vertex 119.11843013959279 7.725 -3
      vertex 119.213458566168 7.877818140803906 0
      vertex 119.11843013959279 7.725 0
    endloop
  endfacet
  facet normal 0.8128466845916094 -0.5824776968678103 0
    outer loop
      vertex 119.213458566168 7.877818140803906 -3
      vertex 119.3182783141991 8.024093929773981 0
      vertex 119.213458566168 7.877818140803906 0
    endloop
  endfacet
  facet normal 0.7730104533627479 -0.634393284163632 0
    outer loop
      vertex 119.3182783141991 8.024093929773981 -3
      vertex 119.43244052943281 8.163200991525189 0
      vertex 119.3182783141991 8.024093929773981 0
    endloop
  endfacet
  facet normal 0.729864072697834 -0.6835923020228729 0
    outer loop
      vertex 119.43244052943281 8.163200991525189 -3
      vertex 119.55545635173699 8.294543648263005 0
      vertex 119.43244052943281 8.163200991525189 0
    endloop
  endfacet
  facet normal -0.9569403357322037 0.2902846772544792 0
    outer loop
      vertex 124.15629602229494 5.638247625968067 -3
      vertex 124.10405785611154 5.466041470416306 0
      vertex 124.15629602229494 5.638247625968067 0
    endloop
  endfacet
  facet normal -0.9738769792773307 0.22707626303438516 0
    outer loop
      vertex 124.19715952110889 5.813501614455647 -3
      vertex 124.15629602229494 5.638247625968067 0
      vertex 124.19715952110889 5.813501614455647 0
    endloop
  endfacet
  facet normal -0.986643332084886 0.16289547339454638 0
    outer loop
      vertex 124.22647336877797 5.991052971394858 -3
      vertex 124.19715952110889 5.813501614455647 0
      vertex 124.22647336877797 5.991052971394858 0
    endloop
  endfacet
  facet normal -0.9951847266721905 0.0980171403296252 0
    outer loop
      vertex 124.24411203890617 6.170141394617106 -3
      vertex 124.22647336877797 5.991052971394858 0
      vertex 124.24411203890617 6.170141394617106 0
    endloop
  endfacet
  facet normal -0.999464587476367 0.03271908282173743 0
    outer loop
      vertex 124.25 6.35 -3
      vertex 124.24411203890617 6.170141394617106 0
      vertex 124.25 6.35 0
    endloop
  endfacet
  facet normal -0.999464587476367 -0.03271908282173743 0
    outer loop
      vertex 124.24411203890617 6.529858605382893 -3
      vertex 124.25 6.35 0
      vertex 124.24411203890617 6.529858605382893 0
    endloop
  endfacet
  facet normal -0.9951847266721905 -0.0980171403296252 0
    outer loop
      vertex 124.22647336877797 6.708947028605142 -3
      vertex 124.24411203890617 6.529858605382893 0
      vertex 124.22647336877797 6.708947028605142 0
    endloop
  endfacet
  facet normal -0.986643332084886 -0.16289547339454638 0
    outer loop
      vertex 124.19715952110889 6.8864983855443525 -3
      vertex 124.22647336877797 6.708947028605142 0
      vertex 124.19715952110889 6.8864983855443525 0
    endloop
  endfacet
  facet normal -0.9738769792773307 -0.22707626303438516 0
    outer loop
      vertex 124.15629602229494 7.061752374031932 -3
      vertex 124.19715952110889 6.8864983855443525 0
      vertex 124.15629602229494 7.061752374031932 0
    endloop
  endfacet
  facet normal -0.9569403357322037 -0.2902846772544792 0
    outer loop
      vertex 124.10405785611154 7.233958529583694 -3
      vertex 124.15629602229494 7.061752374031932 0
      vertex 124.10405785611154 7.233958529583694 0
    endloop
  endfacet
  facet normal -0.9108638249211684 -0.41270702980441126 0
    outer loop
      vertex 123.96640003921489 7.566293898102253 -3
      vertex 124.04066871440604 7.4023794390039965 0
      vertex 123.96640003921489 7.566293898102253 0
    endloop
  endfacet
  facet normal -0.9359059267573303 -0.3522500479212218 0
    outer loop
      vertex 124.04066871440604 7.4023794390039965 -3
      vertex 124.10405785611154 7.233958529583694 0
      vertex 124.04066871440604 7.4023794390039965 0
    endloop
  endfacet
  facet normal -0.729864072697834 -0.6835923020228729 0
    outer loop
      vertex 123.44454364826301 8.294543648263005 -3
      vertex 123.56755947056719 8.163200991525189 0
      vertex 123.44454364826301 8.294543648263005 0
    endloop
  endfacet
  facet normal -0.8819212643483746 -0.4713967368259609 0
    outer loop
      vertex 123.88156986040721 7.725 -3
      vertex 123.96640003921489 7.566293898102253 0
      vertex 123.88156986040721 7.725 0
    endloop
  endfacet
  facet normal -0.8128466845916094 -0.5824776968678103 0
    outer loop
      vertex 123.6817216858009 8.024093929773981 -3
      vertex 123.786541433832 7.877818140803906 0
      vertex 123.6817216858009 8.024093929773981 0
    endloop
  endfacet
  facet normal -0.849202181526567 -0.5280678506503872 0
    outer loop
      vertex 123.786541433832 7.877818140803906 -3
      vertex 123.88156986040721 7.725 0
      vertex 123.786541433832 7.877818140803906 0
    endloop
  endfacet
  facet normal -0.7730104533627479 -0.634393284163632 0
    outer loop
      vertex 123.56755947056719 8.163200991525189 -3
      vertex 123.6817216858009 8.024093929773981 0
      vertex 123.56755947056719 8.163200991525189 0
    endloop
  endfacet
  facet normal 0.6835923020228779 -0.7298640726978295 0
    outer loop
      vertex 119.55545635173699 8.294543648263005 -3
      vertex 119.68679900847481 8.417559470567188 0
      vertex 119.55545635173699 8.294543648263005 0
    endloop
  endfacet
  facet normal 0.6343932841636536 -0.7730104533627304 0
    outer loop
      vertex 119.68679900847481 8.417559470567188 -3
      vertex 119.82590607022601 8.531721685800896 0
      vertex 119.68679900847481 8.417559470567188 0
    endloop
  endfacet
  facet normal 0.5824776968677734 -0.8128466845916359 0
    outer loop
      vertex 119.82590607022601 8.531721685800896 -3
      vertex 119.9721818591961 8.636541433831999 0
      vertex 119.82590607022601 8.531721685800896 0
    endloop
  endfacet
  facet normal 0.5280678506503769 -0.8492021815265735 0
    outer loop
      vertex 119.9721818591961 8.636541433831999 -3
      vertex 120.125 8.731569860407205 0
      vertex 119.9721818591961 8.636541433831999 0
    endloop
  endfacet
  facet normal 0.4713967368259932 -0.8819212643483575 0
    outer loop
      vertex 120.125 8.731569860407205 -3
      vertex 120.28370610189775 8.816400039214892 0
      vertex 120.125 8.731569860407205 0
    endloop
  endfacet
  facet normal 0.412707029804406 -0.9108638249211708 0
    outer loop
      vertex 120.28370610189775 8.816400039214892 -3
      vertex 120.447620560996 8.890668714406038 0
      vertex 120.28370610189775 8.816400039214892 0
    endloop
  endfacet
  facet normal 0.35225004792122544 -0.9359059267573288 0
    outer loop
      vertex 120.447620560996 8.890668714406038 -3
      vertex 120.6160414704163 8.95405785611154 0
      vertex 120.447620560996 8.890668714406038 0
    endloop
  endfacet
  facet normal 0.2902846772544598 -0.9569403357322096 0
    outer loop
      vertex 120.6160414704163 8.95405785611154 -3
      vertex 120.78824762596807 9.006296022294936 0
      vertex 120.6160414704163 8.95405785611154 0
    endloop
  endfacet
  facet normal 0.22707626303437148 -0.9738769792773341 0
    outer loop
      vertex 120.78824762596807 9.006296022294936 -3
      vertex 120.96350161445565 9.047159521108883 0
      vertex 120.78824762596807 9.006296022294936 0
    endloop
  endfacet
  facet normal -0.2902846772544598 -0.9569403357322096 0
    outer loop
      vertex 122.21175237403193 9.006296022294936 -3
      vertex 122.3839585295837 8.95405785611154 0
      vertex 122.21175237403193 9.006296022294936 0
    endloop
  endfacet
  facet normal -0.35225004792122544 -0.9359059267573288 0
    outer loop
      vertex 122.3839585295837 8.95405785611154 -3
      vertex 122.552379439004 8.890668714406038 0
      vertex 122.3839585295837 8.95405785611154 0
    endloop
  endfacet
  facet normal 0.1628954733946 -0.9866433320848772 0
    outer loop
      vertex 120.96350161445565 9.047159521108883 -3
      vertex 121.14105297139486 9.076473368777979 0
      vertex 120.96350161445565 9.047159521108883 0
    endloop
  endfacet
  facet normal 0.09801714032955389 -0.9951847266721976 0
    outer loop
      vertex 121.14105297139486 9.076473368777979 -3
      vertex 121.32014139461711 9.09411203890616 0
      vertex 121.14105297139486 9.076473368777979 0
    endloop
  endfacet
  facet normal 0.03271908282177752 -0.9994645874763657 0
    outer loop
      vertex 121.32014139461711 9.09411203890616 -3
      vertex 121.5 9.1 0
      vertex 121.32014139461711 9.09411203890616 0
    endloop
  endfacet
  facet normal -0.03271908282177752 -0.9994645874763657 0
    outer loop
      vertex 121.5 9.1 -3
      vertex 121.67985860538289 9.09411203890616 0
      vertex 121.5 9.1 0
    endloop
  endfacet
  facet normal -0.09801714032955389 -0.9951847266721976 0
    outer loop
      vertex 121.67985860538289 9.09411203890616 -3
      vertex 121.85894702860514 9.076473368777979 0
      vertex 121.67985860538289 9.09411203890616 0
    endloop
  endfacet
  facet normal -0.1628954733946 -0.9866433320848772 0
    outer loop
      vertex 121.85894702860514 9.076473368777979 -3
      vertex 122.03649838554435 9.047159521108883 0
      vertex 121.85894702860514 9.076473368777979 0
    endloop
  endfacet
  facet normal -0.22707626303437148 -0.9738769792773341 0
    outer loop
      vertex 122.03649838554435 9.047159521108883 -3
      vertex 122.21175237403193 9.006296022294936 0
      vertex 122.03649838554435 9.047159521108883 0
    endloop
  endfacet
  facet normal -0.6343932841636536 -0.7730104533627304 0
    outer loop
      vertex 123.17409392977399 8.531721685800896 -3
      vertex 123.31320099152519 8.417559470567188 0
      vertex 123.17409392977399 8.531721685800896 0
    endloop
  endfacet
  facet normal -0.6835923020228779 -0.7298640726978295 0
    outer loop
      vertex 123.31320099152519 8.417559470567188 -3
      vertex 123.44454364826301 8.294543648263005 0
      vertex 123.31320099152519 8.417559470567188 0
    endloop
  endfacet
  facet normal -0.5824776968677734 -0.8128466845916359 0
    outer loop
      vertex 123.0278181408039 8.636541433831999 -3
      vertex 123.17409392977399 8.531721685800896 0
      vertex 123.0278181408039 8.636541433831999 0
    endloop
  endfacet
  facet normal -0.4713967368259932 -0.8819212643483575 0
    outer loop
      vertex 122.71629389810225 8.816400039214892 -3
      vertex 122.875 8.731569860407205 0
      vertex 122.71629389810225 8.816400039214892 0
    endloop
  endfacet
  facet normal -0.5280678506503769 -0.8492021815265735 0
    outer loop
      vertex 122.875 8.731569860407205 -3
      vertex 123.0278181408039 8.636541433831999 0
      vertex 122.875 8.731569860407205 0
    endloop
  endfacet
  facet normal -0.412707029804406 -0.9108638249211708 0
    outer loop
      vertex 122.552379439004 8.890668714406038 -3
      vertex 122.71629389810225 8.816400039214892 0
      vertex 122.552379439004 8.890668714406038 0
    endloop
  endfacet
  facet normal 0.35225004792121684 0.935905926757332 0
    outer loop
      vertex 120.447620560996 80.00933128559396 -3
      vertex 120.447620560996 80.00933128559396 0
      vertex 120.6160414704163 79.94594214388846 -3
    endloop
  endfacet
  facet normal 0.4713967368259548 0.881921264348378 0
    outer loop
      vertex 120.28370610189775 80.08359996078511 -3
      vertex 120.125 80.16843013959279 -3
      vertex 120.125 80.16843013959279 0
    endloop
  endfacet
  facet normal 0.41270702980442237 0.9108638249211632 0
    outer loop
      vertex 120.447620560996 80.00933128559396 -3
      vertex 120.28370610189775 80.08359996078511 -3
      vertex 120.28370610189775 80.08359996078511 0
    endloop
  endfacet
  facet normal 0.5280678506503983 0.8492021815265601 0
    outer loop
      vertex 120.125 80.16843013959279 -3
      vertex 119.9721818591961 80.263458566168 -3
      vertex 119.9721818591961 80.263458566168 0
    endloop
  endfacet
  facet normal 0.58247769686778 0.8128466845916312 0
    outer loop
      vertex 119.82590607022601 80.3682783141991 -3
      vertex 119.82590607022601 80.3682783141991 0
      vertex 119.9721818591961 80.263458566168 -3
    endloop
  endfacet
  facet normal 0.6343932841636418 0.7730104533627401 0
    outer loop
      vertex 119.82590607022601 80.3682783141991 -3
      vertex 119.68679900847481 80.48244052943281 -3
      vertex 119.68679900847481 80.48244052943281 0
    endloop
  endfacet
  facet normal 0.6835923020228779 0.7298640726978295 0
    outer loop
      vertex 119.68679900847481 80.48244052943281 -3
      vertex 119.55545635173699 80.60545635173699 -3
      vertex 119.55545635173699 80.60545635173699 0
    endloop
  endfacet
  facet normal 0.16289547339455196 0.9866433320848851 0
    outer loop
      vertex 120.96350161445565 79.85284047889111 -3
      vertex 120.96350161445565 79.85284047889111 0
      vertex 121.14105297139486 79.82352663122202 -3
    endloop
  endfacet
  facet normal 0.09801714032954412 0.9951847266721986 0
    outer loop
      vertex 121.14105297139486 79.82352663122202 -3
      vertex 121.14105297139486 79.82352663122202 0
      vertex 121.32014139461711 79.80588796109384 -3
    endloop
  endfacet
  facet normal 0.03271908282181696 0.9994645874763642 0
    outer loop
      vertex 121.32014139461711 79.80588796109384 -3
      vertex 121.32014139461711 79.80588796109384 0
      vertex 121.5 79.8 -3
    endloop
  endfacet
  facet normal -0.03271908282181696 0.9994645874763642 0
    outer loop
      vertex 121.5 79.8 -3
      vertex 121.5 79.8 0
      vertex 121.67985860538289 79.80588796109384 -3
    endloop
  endfacet
  facet normal -0.09801714032954412 0.9951847266721986 0
    outer loop
      vertex 121.67985860538289 79.80588796109384 -3
      vertex 121.67985860538289 79.80588796109384 0
      vertex 121.85894702860514 79.82352663122202 -3
    endloop
  endfacet
  facet normal -0.16289547339455196 0.9866433320848851 0
    outer loop
      vertex 121.85894702860514 79.82352663122202 -3
      vertex 121.85894702860514 79.82352663122202 0
      vertex 122.03649838554435 79.85284047889111 -3
    endloop
  endfacet
  facet normal -0.22707626303438083 0.9738769792773319 0
    outer loop
      vertex 122.03649838554435 79.85284047889111 -3
      vertex 122.03649838554435 79.85284047889111 0
      vertex 122.21175237403193 79.89370397770506 -3
    endloop
  endfacet
  facet normal 0.2902846772544778 0.9569403357322042 0
    outer loop
      vertex 120.78824762596807 79.89370397770506 -3
      vertex 120.6160414704163 79.94594214388846 -3
      vertex 120.6160414704163 79.94594214388846 0
    endloop
  endfacet
  facet normal 0.22707626303438083 0.9738769792773319 0
    outer loop
      vertex 120.96350161445565 79.85284047889111 -3
      vertex 120.78824762596807 79.89370397770506 -3
      vertex 120.78824762596807 79.89370397770506 0
    endloop
  endfacet
  facet normal -0.2902846772544778 0.9569403357322042 0
    outer loop
      vertex 122.21175237403193 79.89370397770506 -3
      vertex 122.21175237403193 79.89370397770506 0
      vertex 122.3839585295837 79.94594214388846 -3
    endloop
  endfacet
  facet normal -0.35225004792121684 0.935905926757332 0
    outer loop
      vertex 122.3839585295837 79.94594214388846 -3
      vertex 122.3839585295837 79.94594214388846 0
      vertex 122.552379439004 80.00933128559396 -3
    endloop
  endfacet
  facet normal -0.41270702980442237 0.9108638249211632 0
    outer loop
      vertex 122.552379439004 80.00933128559396 -3
      vertex 122.552379439004 80.00933128559396 0
      vertex 122.71629389810225 80.08359996078511 -3
    endloop
  endfacet
  facet normal -0.4713967368259548 0.881921264348378 0
    outer loop
      vertex 122.71629389810225 80.08359996078511 -3
      vertex 122.71629389810225 80.08359996078511 0
      vertex 122.875 80.16843013959279 -3
    endloop
  endfacet
  facet normal -0.5280678506503983 0.8492021815265601 0
    outer loop
      vertex 122.875 80.16843013959279 -3
      vertex 122.875 80.16843013959279 0
      vertex 123.0278181408039 80.263458566168 -3
    endloop
  endfacet
  facet normal -0.58247769686778 0.8128466845916312 0
    outer loop
      vertex 123.0278181408039 80.263458566168 -3
      vertex 123.0278181408039 80.263458566168 0
      vertex 123.17409392977399 80.3682783141991 -3
    endloop
  endfacet
  facet normal -0.6343932841636418 0.7730104533627401 0
    outer loop
      vertex 123.17409392977399 80.3682783141991 -3
      vertex 123.17409392977399 80.3682783141991 0
      vertex 123.31320099152519 80.48244052943281 -3
    endloop
  endfacet
  facet normal -0.6835923020228779 0.7298640726978295 0
    outer loop
      vertex 123.31320099152519 80.48244052943281 -3
      vertex 123.31320099152519 80.48244052943281 0
      vertex 123.44454364826301 80.60545635173699 -3
    endloop
  endfacet
  facet normal 0.7298640726978295 0.6835923020228779 0
    outer loop
      vertex 119.55545635173699 80.60545635173699 -3
      vertex 119.43244052943281 80.7367990084748 -3
      vertex 119.43244052943281 80.7367990084748 0
    endloop
  endfacet
  facet normal 0.7730104533627401 0.6343932841636418 0
    outer loop
      vertex 119.43244052943281 80.7367990084748 -3
      vertex 119.3182783141991 80.87590607022601 -3
      vertex 119.3182783141991 80.87590607022601 0
    endloop
  endfacet
  facet normal 0.8128466845916312 0.58247769686778 0
    outer loop
      vertex 119.3182783141991 80.87590607022601 -3
      vertex 119.213458566168 81.0221818591961 -3
      vertex 119.213458566168 81.0221818591961 0
    endloop
  endfacet
  facet normal 0.8492021815265601 0.5280678506503983 0
    outer loop
      vertex 119.213458566168 81.0221818591961 -3
      vertex 119.11843013959279 81.175 -3
      vertex 119.11843013959279 81.175 0
    endloop
  endfacet
  facet normal 0.881921264348378 0.4713967368259548 0
    outer loop
      vertex 119.11843013959279 81.175 -3
      vertex 119.03359996078511 81.33370610189775 -3
      vertex 119.03359996078511 81.33370610189775 0
    endloop
  endfacet
  facet normal 0.9108638249211632 0.41270702980442237 0
    outer loop
      vertex 119.03359996078511 81.33370610189775 -3
      vertex 118.95933128559396 81.497620560996 -3
      vertex 118.95933128559396 81.497620560996 0
    endloop
  endfacet
  facet normal 0.935905926757332 0.35225004792121684 0
    outer loop
      vertex 118.95933128559396 81.497620560996 -3
      vertex 118.89594214388846 81.6660414704163 -3
      vertex 118.89594214388846 81.6660414704163 0
    endloop
  endfacet
  facet normal 0.9569403357322042 0.2902846772544778 0
    outer loop
      vertex 118.89594214388846 81.6660414704163 -3
      vertex 118.84370397770506 81.83824762596807 -3
      vertex 118.84370397770506 81.83824762596807 0
    endloop
  endfacet
  facet normal 0.9738769792773319 0.22707626303438083 0
    outer loop
      vertex 118.84370397770506 81.83824762596807 -3
      vertex 118.80284047889111 82.01350161445565 -3
      vertex 118.80284047889111 82.01350161445565 0
    endloop
  endfacet
  facet normal 0.9866433320848851 0.16289547339455196 0
    outer loop
      vertex 118.80284047889111 82.01350161445565 -3
      vertex 118.77352663122203 82.19105297139485 -3
      vertex 118.77352663122203 82.19105297139485 0
    endloop
  endfacet
  facet normal 0.9951847266721908 0.09801714032962232 0
    outer loop
      vertex 118.77352663122203 82.19105297139485 -3
      vertex 118.75588796109383 82.37014139461711 -3
      vertex 118.75588796109383 82.37014139461711 0
    endloop
  endfacet
  facet normal 0.999464587476367 0.03271908282173808 0
    outer loop
      vertex 118.75588796109383 82.37014139461711 -3
      vertex 118.75 82.55 -3
      vertex 118.75 82.55 0
    endloop
  endfacet
  facet normal 0.999464587476367 -0.03271908282173808 0
    outer loop
      vertex 118.75 82.55 -3
      vertex 118.75588796109383 82.72985860538289 -3
      vertex 118.75588796109383 82.72985860538289 0
    endloop
  endfacet
  facet normal 0.9951847266721908 -0.09801714032962232 0
    outer loop
      vertex 118.75588796109383 82.72985860538289 -3
      vertex 118.77352663122203 82.90894702860514 -3
      vertex 118.77352663122203 82.90894702860514 0
    endloop
  endfacet
  facet normal 0.9866433320848851 -0.16289547339455196 0
    outer loop
      vertex 118.77352663122203 82.90894702860514 -3
      vertex 118.80284047889111 83.08649838554435 -3
      vertex 118.80284047889111 83.08649838554435 0
    endloop
  endfacet
  facet normal 0.9738769792773319 -0.22707626303438083 0
    outer loop
      vertex 118.80284047889111 83.08649838554435 -3
      vertex 118.84370397770506 83.26175237403193 -3
      vertex 118.84370397770506 83.26175237403193 0
    endloop
  endfacet
  facet normal -0.7298640726978295 0.6835923020228779 0
    outer loop
      vertex 123.44454364826301 80.60545635173699 -3
      vertex 123.44454364826301 80.60545635173699 0
      vertex 123.56755947056719 80.7367990084748 -3
    endloop
  endfacet
  facet normal -0.7730104533627401 0.6343932841636418 0
    outer loop
      vertex 123.56755947056719 80.7367990084748 -3
      vertex 123.56755947056719 80.7367990084748 0
      vertex 123.6817216858009 80.87590607022601 -3
    endloop
  endfacet
  facet normal -0.8128466845916312 0.58247769686778 0
    outer loop
      vertex 123.6817216858009 80.87590607022601 -3
      vertex 123.6817216858009 80.87590607022601 0
      vertex 123.786541433832 81.0221818591961 -3
    endloop
  endfacet
  facet normal -0.8492021815265601 0.5280678506503983 0
    outer loop
      vertex 123.786541433832 81.0221818591961 -3
      vertex 123.786541433832 81.0221818591961 0
      vertex 123.88156986040721 81.175 -3
    endloop
  endfacet
  facet normal -0.881921264348378 0.4713967368259548 0
    outer loop
      vertex 123.88156986040721 81.175 -3
      vertex 123.88156986040721 81.175 0
      vertex 123.96640003921489 81.33370610189775 -3
    endloop
  endfacet
  facet normal -0.9108638249211632 0.41270702980442237 0
    outer loop
      vertex 123.96640003921489 81.33370610189775 -3
      vertex 123.96640003921489 81.33370610189775 0
      vertex 124.04066871440604 81.497620560996 -3
    endloop
  endfacet
  facet normal -0.935905926757332 0.35225004792121684 0
    outer loop
      vertex 124.04066871440604 81.497620560996 -3
      vertex 124.04066871440604 81.497620560996 0
      vertex 124.10405785611154 81.6660414704163 -3
    endloop
  endfacet
  facet normal -0.9569403357322042 0.2902846772544778 0
    outer loop
      vertex 124.10405785611154 81.6660414704163 -3
      vertex 124.10405785611154 81.6660414704163 0
      vertex 124.15629602229494 81.83824762596807 -3
    endloop
  endfacet
  facet normal -0.9738769792773319 0.22707626303438083 0
    outer loop
      vertex 124.15629602229494 81.83824762596807 -3
      vertex 124.15629602229494 81.83824762596807 0
      vertex 124.19715952110889 82.01350161445565 -3
    endloop
  endfacet
  facet normal -0.9866433320848851 0.16289547339455196 0
    outer loop
      vertex 124.19715952110889 82.01350161445565 -3
      vertex 124.19715952110889 82.01350161445565 0
      vertex 124.22647336877797 82.19105297139485 -3
    endloop
  endfacet
  facet normal -0.9951847266721908 0.09801714032962232 0
    outer loop
      vertex 124.22647336877797 82.19105297139485 -3
      vertex 124.22647336877797 82.19105297139485 0
      vertex 124.24411203890617 82.37014139461711 -3
    endloop
  endfacet
  facet normal -0.999464587476367 0.03271908282173808 0
    outer loop
      vertex 124.24411203890617 82.37014139461711 -3
      vertex 124.24411203890617 82.37014139461711 0
      vertex 124.25 82.55 -3
    endloop
  endfacet
  facet normal -0.999464587476367 -0.03271908282173808 0
    outer loop
      vertex 124.25 82.55 -3
      vertex 124.25 82.55 0
      vertex 124.24411203890617 82.72985860538289 -3
    endloop
  endfacet
  facet normal -0.9951847266721908 -0.09801714032962232 0
    outer loop
      vertex 124.24411203890617 82.72985860538289 -3
      vertex 124.24411203890617 82.72985860538289 0
      vertex 124.22647336877797 82.90894702860514 -3
    endloop
  endfacet
  facet normal -0.9866433320848851 -0.16289547339455196 0
    outer loop
      vertex 124.22647336877797 82.90894702860514 -3
      vertex 124.22647336877797 82.90894702860514 0
      vertex 124.19715952110889 83.08649838554435 -3
    endloop
  endfacet
  facet normal -0.9738769792773319 -0.22707626303438083 0
    outer loop
      vertex 124.19715952110889 83.08649838554435 -3
      vertex 124.19715952110889 83.08649838554435 0
      vertex 124.15629602229494 83.26175237403193 -3
    endloop
  endfacet
  facet normal -0.9569403357322042 -0.2902846772544778 0
    outer loop
      vertex 124.15629602229494 83.26175237403193 -3
      vertex 124.15629602229494 83.26175237403193 0
      vertex 124.10405785611154 83.43395852958369 -3
    endloop
  endfacet
  facet normal 0.5280678506503983 0.8492021815265601 0
    outer loop
      vertex 120.125 80.16843013959279 -3
      vertex 119.9721818591961 80.263458566168 0
      vertex 120.125 80.16843013959279 0
    endloop
  endfacet
  facet normal 0.35225004792121684 0.935905926757332 0
    outer loop
      vertex 120.6160414704163 79.94594214388846 -3
      vertex 120.447620560996 80.00933128559396 0
      vertex 120.6160414704163 79.94594214388846 0
    endloop
  endfacet
  facet normal 0.41270702980442237 0.9108638249211632 0
    outer loop
      vertex 120.447620560996 80.00933128559396 -3
      vertex 120.28370610189775 80.08359996078511 0
      vertex 120.447620560996 80.00933128559396 0
    endloop
  endfacet
  facet normal 0.4713967368259548 0.881921264348378 0
    outer loop
      vertex 120.28370610189775 80.08359996078511 -3
      vertex 120.125 80.16843013959279 0
      vertex 120.28370610189775 80.08359996078511 0
    endloop
  endfacet
  facet normal 0.58247769686778 0.8128466845916312 0
    outer loop
      vertex 119.9721818591961 80.263458566168 -3
      vertex 119.82590607022601 80.3682783141991 0
      vertex 119.9721818591961 80.263458566168 0
    endloop
  endfacet
  facet normal 0.6343932841636418 0.7730104533627401 0
    outer loop
      vertex 119.82590607022601 80.3682783141991 -3
      vertex 119.68679900847481 80.48244052943281 0
      vertex 119.82590607022601 80.3682783141991 0
    endloop
  endfacet
  facet normal 0.6835923020228779 0.7298640726978295 0
    outer loop
      vertex 119.68679900847481 80.48244052943281 -3
      vertex 119.55545635173699 80.60545635173699 0
      vertex 119.68679900847481 80.48244052943281 0
    endloop
  endfacet
  facet normal 0.22707626303438083 0.9738769792773319 0
    outer loop
      vertex 120.96350161445565 79.85284047889111 -3
      vertex 120.78824762596807 79.89370397770506 0
      vertex 120.96350161445565 79.85284047889111 0
    endloop
  endfacet
  facet normal 0.16289547339455196 0.9866433320848851 0
    outer loop
      vertex 121.14105297139486 79.82352663122202 -3
      vertex 120.96350161445565 79.85284047889111 0
      vertex 121.14105297139486 79.82352663122202 0
    endloop
  endfacet
  facet normal 0.09801714032954412 0.9951847266721986 0
    outer loop
      vertex 121.32014139461711 79.80588796109384 -3
      vertex 121.14105297139486 79.82352663122202 0
      vertex 121.32014139461711 79.80588796109384 0
    endloop
  endfacet
  facet normal 0.03271908282181696 0.9994645874763642 0
    outer loop
      vertex 121.5 79.8 -3
      vertex 121.32014139461711 79.80588796109384 0
      vertex 121.5 79.8 0
    endloop
  endfacet
  facet normal -0.03271908282181696 0.9994645874763642 0
    outer loop
      vertex 121.67985860538289 79.80588796109384 -3
      vertex 121.5 79.8 0
      vertex 121.67985860538289 79.80588796109384 0
    endloop
  endfacet
  facet normal -0.09801714032954412 0.9951847266721986 0
    outer loop
      vertex 121.85894702860514 79.82352663122202 -3
      vertex 121.67985860538289 79.80588796109384 0
      vertex 121.85894702860514 79.82352663122202 0
    endloop
  endfacet
  facet normal -0.16289547339455196 0.9866433320848851 0
    outer loop
      vertex 122.03649838554435 79.85284047889111 -3
      vertex 121.85894702860514 79.82352663122202 0
      vertex 122.03649838554435 79.85284047889111 0
    endloop
  endfacet
  facet normal 0.2902846772544778 0.9569403357322042 0
    outer loop
      vertex 120.78824762596807 79.89370397770506 -3
      vertex 120.6160414704163 79.94594214388846 0
      vertex 120.78824762596807 79.89370397770506 0
    endloop
  endfacet
  facet normal -0.22707626303438083 0.9738769792773319 0
    outer loop
      vertex 122.21175237403193 79.89370397770506 -3
      vertex 122.03649838554435 79.85284047889111 0
      vertex 122.21175237403193 79.89370397770506 0
    endloop
  endfacet
  facet normal -0.2902846772544778 0.9569403357322042 0
    outer loop
      vertex 122.3839585295837 79.94594214388846 -3
      vertex 122.21175237403193 79.89370397770506 0
      vertex 122.3839585295837 79.94594214388846 0
    endloop
  endfacet
  facet normal -0.35225004792121684 0.935905926757332 0
    outer loop
      vertex 122.552379439004 80.00933128559396 -3
      vertex 122.3839585295837 79.94594214388846 0
      vertex 122.552379439004 80.00933128559396 0
    endloop
  endfacet
  facet normal -0.41270702980442237 0.9108638249211632 0
    outer loop
      vertex 122.71629389810225 80.08359996078511 -3
      vertex 122.552379439004 80.00933128559396 0
      vertex 122.71629389810225 80.08359996078511 0
    endloop
  endfacet
  facet normal -0.4713967368259548 0.881921264348378 0
    outer loop
      vertex 122.875 80.16843013959279 -3
      vertex 122.71629389810225 80.08359996078511 0
      vertex 122.875 80.16843013959279 0
    endloop
  endfacet
  facet normal -0.5280678506503983 0.8492021815265601 0
    outer loop
      vertex 123.0278181408039 80.263458566168 -3
      vertex 122.875 80.16843013959279 0
      vertex 123.0278181408039 80.263458566168 0
    endloop
  endfacet
  facet normal -0.58247769686778 0.8128466845916312 0
    outer loop
      vertex 123.17409392977399 80.3682783141991 -3
      vertex 123.0278181408039 80.263458566168 0
      vertex 123.17409392977399 80.3682783141991 0
    endloop
  endfacet
  facet normal -0.6343932841636418 0.7730104533627401 0
    outer loop
      vertex 123.31320099152519 80.48244052943281 -3
      vertex 123.17409392977399 80.3682783141991 0
      vertex 123.31320099152519 80.48244052943281 0
    endloop
  endfacet
  facet normal -0.6835923020228779 0.7298640726978295 0
    outer loop
      vertex 123.44454364826301 80.60545635173699 -3
      vertex 123.31320099152519 80.48244052943281 0
      vertex 123.44454364826301 80.60545635173699 0
    endloop
  endfacet
  facet normal 0.7298640726978295 0.6835923020228779 0
    outer loop
      vertex 119.55545635173699 80.60545635173699 -3
      vertex 119.43244052943281 80.7367990084748 0
      vertex 119.55545635173699 80.60545635173699 0
    endloop
  endfacet
  facet normal 0.7730104533627401 0.6343932841636418 0
    outer loop
      vertex 119.43244052943281 80.7367990084748 -3
      vertex 119.3182783141991 80.87590607022601 0
      vertex 119.43244052943281 80.7367990084748 0
    endloop
  endfacet
  facet normal 0.8128466845916312 0.58247769686778 0
    outer loop
      vertex 119.3182783141991 80.87590607022601 -3
      vertex 119.213458566168 81.0221818591961 0
      vertex 119.3182783141991 80.87590607022601 0
    endloop
  endfacet
  facet normal 0.8492021815265601 0.5280678506503983 0
    outer loop
      vertex 119.213458566168 81.0221818591961 -3
      vertex 119.11843013959279 81.175 0
      vertex 119.213458566168 81.0221818591961 0
    endloop
  endfacet
  facet normal 0.881921264348378 0.4713967368259548 0
    outer loop
      vertex 119.11843013959279 81.175 -3
      vertex 119.03359996078511 81.33370610189775 0
      vertex 119.11843013959279 81.175 0
    endloop
  endfacet
  facet normal 0.9108638249211632 0.41270702980442237 0
    outer loop
      vertex 119.03359996078511 81.33370610189775 -3
      vertex 118.95933128559396 81.497620560996 0
      vertex 119.03359996078511 81.33370610189775 0
    endloop
  endfacet
  facet normal 0.935905926757332 0.35225004792121684 0
    outer loop
      vertex 118.95933128559396 81.497620560996 -3
      vertex 118.89594214388846 81.6660414704163 0
      vertex 118.95933128559396 81.497620560996 0
    endloop
  endfacet
  facet normal 0.9569403357322042 0.2902846772544778 0
    outer loop
      vertex 118.89594214388846 81.6660414704163 -3
      vertex 118.84370397770506 81.83824762596807 0
      vertex 118.89594214388846 81.6660414704163 0
    endloop
  endfacet
  facet normal 0.9738769792773319 0.22707626303438083 0
    outer loop
      vertex 118.84370397770506 81.83824762596807 -3
      vertex 118.80284047889111 82.01350161445565 0
      vertex 118.84370397770506 81.83824762596807 0
    endloop
  endfacet
  facet normal 0.9866433320848851 0.16289547339455196 0
    outer loop
      vertex 118.80284047889111 82.01350161445565 -3
      vertex 118.77352663122203 82.19105297139485 0
      vertex 118.80284047889111 82.01350161445565 0
    endloop
  endfacet
  facet normal 0.9951847266721908 0.09801714032962232 0
    outer loop
      vertex 118.77352663122203 82.19105297139485 -3
      vertex 118.75588796109383 82.37014139461711 0
      vertex 118.77352663122203 82.19105297139485 0
    endloop
  endfacet
  facet normal 0.999464587476367 0.03271908282173808 0
    outer loop
      vertex 118.75588796109383 82.37014139461711 -3
      vertex 118.75 82.55 0
      vertex 118.75588796109383 82.37014139461711 0
    endloop
  endfacet
  facet normal 0.999464587476367 -0.03271908282173808 0
    outer loop
      vertex 118.75 82.55 -3
      vertex 118.75588796109383 82.72985860538289 0
      vertex 118.75 82.55 0
    endloop
  endfacet
  facet normal 0.9951847266721908 -0.09801714032962232 0
    outer loop
      vertex 118.75588796109383 82.72985860538289 -3
      vertex 118.77352663122203 82.90894702860514 0
      vertex 118.75588796109383 82.72985860538289 0
    endloop
  endfacet
  facet normal 0.9866433320848851 -0.16289547339455196 0
    outer loop
      vertex 118.77352663122203 82.90894702860514 -3
      vertex 118.80284047889111 83.08649838554435 0
      vertex 118.77352663122203 82.90894702860514 0
    endloop
  endfacet
  facet normal 0.9738769792773319 -0.22707626303438083 0
    outer loop
      vertex 118.80284047889111 83.08649838554435 -3
      vertex 118.84370397770506 83.26175237403193 0
      vertex 118.80284047889111 83.08649838554435 0
    endloop
  endfacet
  facet normal 0.9569403357322042 -0.2902846772544778 0
    outer loop
      vertex 118.84370397770506 83.26175237403193 -3
      vertex 118.89594214388846 83.43395852958369 0
      vertex 118.84370397770506 83.26175237403193 0
    endloop
  endfacet
  facet normal -0.7298640726978295 0.6835923020228779 0
    outer loop
      vertex 123.56755947056719 80.7367990084748 -3
      vertex 123.44454364826301 80.60545635173699 0
      vertex 123.56755947056719 80.7367990084748 0
    endloop
  endfacet
  facet normal -0.7730104533627401 0.6343932841636418 0
    outer loop
      vertex 123.6817216858009 80.87590607022601 -3
      vertex 123.56755947056719 80.7367990084748 0
      vertex 123.6817216858009 80.87590607022601 0
    endloop
  endfacet
  facet normal -0.8128466845916312 0.58247769686778 0
    outer loop
      vertex 123.786541433832 81.0221818591961 -3
      vertex 123.6817216858009 80.87590607022601 0
      vertex 123.786541433832 81.0221818591961 0
    endloop
  endfacet
  facet normal -0.8492021815265601 0.5280678506503983 0
    outer loop
      vertex 123.88156986040721 81.175 -3
      vertex 123.786541433832 81.0221818591961 0
      vertex 123.88156986040721 81.175 0
    endloop
  endfacet
  facet normal -0.881921264348378 0.4713967368259548 0
    outer loop
      vertex 123.96640003921489 81.33370610189775 -3
      vertex 123.88156986040721 81.175 0
      vertex 123.96640003921489 81.33370610189775 0
    endloop
  endfacet
  facet normal -0.9108638249211632 0.41270702980442237 0
    outer loop
      vertex 124.04066871440604 81.497620560996 -3
      vertex 123.96640003921489 81.33370610189775 0
      vertex 124.04066871440604 81.497620560996 0
    endloop
  endfacet
  facet normal -0.935905926757332 0.35225004792121684 0
    outer loop
      vertex 124.10405785611154 81.6660414704163 -3
      vertex 124.04066871440604 81.497620560996 0
      vertex 124.10405785611154 81.6660414704163 0
    endloop
  endfacet
  facet normal -0.9569403357322042 0.2902846772544778 0
    outer loop
      vertex 124.15629602229494 81.83824762596807 -3
      vertex 124.10405785611154 81.6660414704163 0
      vertex 124.15629602229494 81.83824762596807 0
    endloop
  endfacet
  facet normal -0.9738769792773319 0.22707626303438083 0
    outer loop
      vertex 124.19715952110889 82.01350161445565 -3
      vertex 124.15629602229494 81.83824762596807 0
      vertex 124.19715952110889 82.01350161445565 0
    endloop
  endfacet
  facet normal -0.9866433320848851 0.16289547339455196 0
    outer loop
      vertex 124.22647336877797 82.19105297139485 -3
      vertex 124.19715952110889 82.01350161445565 0
      vertex 124.22647336877797 82.19105297139485 0
    endloop
  endfacet
  facet normal -0.9951847266721908 0.09801714032962232 0
    outer loop
      vertex 124.24411203890617 82.37014139461711 -3
      vertex 124.22647336877797 82.19105297139485 0
      vertex 124.24411203890617 82.37014139461711 0
    endloop
  endfacet
  facet normal -0.999464587476367 0.03271908282173808 0
    outer loop
      vertex 124.25 82.55 -3
      vertex 124.24411203890617 82.37014139461711 0
      vertex 124.25 82.55 0
    endloop
  endfacet
  facet normal -0.999464587476367 -0.03271908282173808 0
    outer loop
      vertex 124.24411203890617 82.72985860538289 -3
      vertex 124.25 82.55 0
      vertex 124.24411203890617 82.72985860538289 0
    endloop
  endfacet
  facet normal -0.9951847266721908 -0.09801714032962232 0
    outer loop
      vertex 124.22647336877797 82.90894702860514 -3
      vertex 124.24411203890617 82.72985860538289 0
      vertex 124.22647336877797 82.90894702860514 0
    endloop
  endfacet
  facet normal -0.9866433320848851 -0.16289547339455196 0
    outer loop
      vertex 124.19715952110889 83.08649838554435 -3
      vertex 124.22647336877797 82.90894702860514 0
      vertex 124.19715952110889 83.08649838554435 0
    endloop
  endfacet
  facet normal -0.9738769792773319 -0.22707626303438083 0
    outer loop
      vertex 124.15629602229494 83.26175237403193 -3
      vertex 124.19715952110889 83.08649838554435 0
      vertex 124.15629602229494 83.26175237403193 0
    endloop
  endfacet
  facet normal 0.9569403357322042 -0.2902846772544778 0
    outer loop
      vertex 118.84370397770506 83.26175237403193 -3
      vertex 118.89594214388846 83.43395852958369 -3
      vertex 118.89594214388846 83.43395852958369 0
    endloop
  endfacet
  facet normal 0.935905926757332 -0.35225004792121684 0
    outer loop
      vertex 118.89594214388846 83.43395852958369 -3
      vertex 118.95933128559396 83.602379439004 -3
      vertex 118.95933128559396 83.602379439004 0
    endloop
  endfacet
  facet normal 0.9108638249211632 -0.41270702980442237 0
    outer loop
      vertex 118.95933128559396 83.602379439004 -3
      vertex 119.03359996078511 83.76629389810225 -3
      vertex 119.03359996078511 83.76629389810225 0
    endloop
  endfacet
  facet normal 0.881921264348378 -0.4713967368259548 0
    outer loop
      vertex 119.03359996078511 83.76629389810225 -3
      vertex 119.11843013959279 83.925 -3
      vertex 119.11843013959279 83.925 0
    endloop
  endfacet
  facet normal 0.8492021815265601 -0.5280678506503983 0
    outer loop
      vertex 119.11843013959279 83.925 -3
      vertex 119.213458566168 84.0778181408039 -3
      vertex 119.213458566168 84.0778181408039 0
    endloop
  endfacet
  facet normal 0.8128466845916312 -0.58247769686778 0
    outer loop
      vertex 119.213458566168 84.0778181408039 -3
      vertex 119.3182783141991 84.22409392977399 -3
      vertex 119.3182783141991 84.22409392977399 0
    endloop
  endfacet
  facet normal 0.7730104533627401 -0.6343932841636418 0
    outer loop
      vertex 119.3182783141991 84.22409392977399 -3
      vertex 119.43244052943281 84.36320099152519 -3
      vertex 119.43244052943281 84.36320099152519 0
    endloop
  endfacet
  facet normal 0.7298640726978295 -0.6835923020228779 0
    outer loop
      vertex 119.43244052943281 84.36320099152519 -3
      vertex 119.55545635173699 84.494543648263 -3
      vertex 119.55545635173699 84.494543648263 0
    endloop
  endfacet
  facet normal 0.6835923020228779 -0.7298640726978295 0
    outer loop
      vertex 119.55545635173699 84.494543648263 -3
      vertex 119.68679900847481 84.61755947056719 -3
      vertex 119.68679900847481 84.61755947056719 0
    endloop
  endfacet
  facet normal 0.6343932841636418 -0.7730104533627401 0
    outer loop
      vertex 119.68679900847481 84.61755947056719 -3
      vertex 119.82590607022601 84.73172168580089 -3
      vertex 119.82590607022601 84.73172168580089 0
    endloop
  endfacet
  facet normal 0.58247769686778 -0.8128466845916312 0
    outer loop
      vertex 119.82590607022601 84.73172168580089 -3
      vertex 119.9721818591961 84.836541433832 -3
      vertex 119.9721818591961 84.836541433832 0
    endloop
  endfacet
  facet normal 0.5280678506503983 -0.8492021815265601 0
    outer loop
      vertex 119.9721818591961 84.836541433832 -3
      vertex 120.125 84.93156986040721 -3
      vertex 120.125 84.93156986040721 0
    endloop
  endfacet
  facet normal 0.4713967368259548 -0.881921264348378 0
    outer loop
      vertex 120.125 84.93156986040721 -3
      vertex 120.28370610189775 85.01640003921489 -3
      vertex 120.28370610189775 85.01640003921489 0
    endloop
  endfacet
  facet normal 0.41270702980442237 -0.9108638249211632 0
    outer loop
      vertex 120.28370610189775 85.01640003921489 -3
      vertex 120.447620560996 85.09066871440604 -3
      vertex 120.447620560996 85.09066871440604 0
    endloop
  endfacet
  facet normal 0.35225004792121684 -0.935905926757332 0
    outer loop
      vertex 120.447620560996 85.09066871440604 -3
      vertex 120.6160414704163 85.15405785611154 -3
      vertex 120.6160414704163 85.15405785611154 0
    endloop
  endfacet
  facet normal 0.2902846772544778 -0.9569403357322042 0
    outer loop
      vertex 120.6160414704163 85.15405785611154 -3
      vertex 120.78824762596807 85.20629602229494 -3
      vertex 120.78824762596807 85.20629602229494 0
    endloop
  endfacet
  facet normal 0.22707626303438083 -0.9738769792773319 0
    outer loop
      vertex 120.78824762596807 85.20629602229494 -3
      vertex 120.96350161445565 85.24715952110888 -3
      vertex 120.96350161445565 85.24715952110888 0
    endloop
  endfacet
  facet normal 0.16289547339455196 -0.9866433320848851 0
    outer loop
      vertex 120.96350161445565 85.24715952110888 -3
      vertex 121.14105297139486 85.27647336877797 -3
      vertex 121.14105297139486 85.27647336877797 0
    endloop
  endfacet
  facet normal 0.09801714032954412 -0.9951847266721986 0
    outer loop
      vertex 121.14105297139486 85.27647336877797 -3
      vertex 121.32014139461711 85.29411203890615 -3
      vertex 121.32014139461711 85.29411203890615 0
    endloop
  endfacet
  facet normal 0.03271908282181696 -0.9994645874763642 0
    outer loop
      vertex 121.32014139461711 85.29411203890615 -3
      vertex 121.5 85.3 -3
      vertex 121.5 85.3 0
    endloop
  endfacet
  facet normal -0.03271908282181696 -0.9994645874763642 0
    outer loop
      vertex 121.5 85.3 -3
      vertex 121.67985860538289 85.29411203890615 -3
      vertex 121.67985860538289 85.29411203890615 0
    endloop
  endfacet
  facet normal -0.09801714032954412 -0.9951847266721986 0
    outer loop
      vertex 121.67985860538289 85.29411203890615 -3
      vertex 121.85894702860514 85.27647336877797 -3
      vertex 121.85894702860514 85.27647336877797 0
    endloop
  endfacet
  facet normal -0.16289547339455196 -0.9866433320848851 0
    outer loop
      vertex 122.03649838554435 85.24715952110888 -3
      vertex 122.03649838554435 85.24715952110888 0
      vertex 121.85894702860514 85.27647336877797 -3
    endloop
  endfacet
  facet normal -0.22707626303438083 -0.9738769792773319 0
    outer loop
      vertex 122.03649838554435 85.24715952110888 -3
      vertex 122.21175237403193 85.20629602229494 -3
      vertex 122.21175237403193 85.20629602229494 0
    endloop
  endfacet
  facet normal -0.35225004792121684 -0.935905926757332 0
    outer loop
      vertex 122.3839585295837 85.15405785611154 -3
      vertex 122.552379439004 85.09066871440604 -3
      vertex 122.552379439004 85.09066871440604 0
    endloop
  endfacet
  facet normal -0.2902846772544778 -0.9569403357322042 0
    outer loop
      vertex 122.21175237403193 85.20629602229494 -3
      vertex 122.3839585295837 85.15405785611154 -3
      vertex 122.3839585295837 85.15405785611154 0
    endloop
  endfacet
  facet normal -0.9108638249211632 -0.41270702980442237 0
    outer loop
      vertex 124.04066871440604 83.602379439004 -3
      vertex 124.04066871440604 83.602379439004 0
      vertex 123.96640003921489 83.76629389810225 -3
    endloop
  endfacet
  facet normal -0.935905926757332 -0.35225004792121684 0
    outer loop
      vertex 124.10405785611154 83.43395852958369 -3
      vertex 124.10405785611154 83.43395852958369 0
      vertex 124.04066871440604 83.602379439004 -3
    endloop
  endfacet
  facet normal -0.881921264348378 -0.4713967368259548 0
    outer loop
      vertex 123.96640003921489 83.76629389810225 -3
      vertex 123.96640003921489 83.76629389810225 0
      vertex 123.88156986040721 83.925 -3
    endloop
  endfacet
  facet normal -0.8492021815265601 -0.5280678506503983 0
    outer loop
      vertex 123.88156986040721 83.925 -3
      vertex 123.88156986040721 83.925 0
      vertex 123.786541433832 84.0778181408039 -3
    endloop
  endfacet
  facet normal -0.7298640726978295 -0.6835923020228779 0
    outer loop
      vertex 123.44454364826301 84.494543648263 -3
      vertex 123.56755947056719 84.36320099152519 -3
      vertex 123.56755947056719 84.36320099152519 0
    endloop
  endfacet
  facet normal -0.6835923020228779 -0.7298640726978295 0
    outer loop
      vertex 123.44454364826301 84.494543648263 -3
      vertex 123.44454364826301 84.494543648263 0
      vertex 123.31320099152519 84.61755947056719 -3
    endloop
  endfacet
  facet normal -0.6343932841636418 -0.7730104533627401 0
    outer loop
      vertex 123.17409392977399 84.73172168580089 -3
      vertex 123.31320099152519 84.61755947056719 -3
      vertex 123.31320099152519 84.61755947056719 0
    endloop
  endfacet
  facet normal -0.8128466845916312 -0.58247769686778 0
    outer loop
      vertex 123.786541433832 84.0778181408039 -3
      vertex 123.786541433832 84.0778181408039 0
      vertex 123.6817216858009 84.22409392977399 -3
    endloop
  endfacet
  facet normal -0.7730104533627401 -0.6343932841636418 0
    outer loop
      vertex 123.6817216858009 84.22409392977399 -3
      vertex 123.6817216858009 84.22409392977399 0
      vertex 123.56755947056719 84.36320099152519 -3
    endloop
  endfacet
  facet normal -0.5280678506503983 -0.8492021815265601 0
    outer loop
      vertex 123.0278181408039 84.836541433832 -3
      vertex 123.0278181408039 84.836541433832 0
      vertex 122.875 84.93156986040721 -3
    endloop
  endfacet
  facet normal -0.41270702980442237 -0.9108638249211632 0
    outer loop
      vertex 122.71629389810225 85.01640003921489 -3
      vertex 122.71629389810225 85.01640003921489 0
      vertex 122.552379439004 85.09066871440604 -3
    endloop
  endfacet
  facet normal -0.4713967368259548 -0.881921264348378 0
    outer loop
      vertex 122.71629389810225 85.01640003921489 -3
      vertex 122.875 84.93156986040721 -3
      vertex 122.875 84.93156986040721 0
    endloop
  endfacet
  facet normal -0.58247769686778 -0.8128466845916312 0
    outer loop
      vertex 123.17409392977399 84.73172168580089 -3
      vertex 123.17409392977399 84.73172168580089 0
      vertex 123.0278181408039 84.836541433832 -3
    endloop
  endfacet
  facet normal 0.935905926757332 -0.35225004792121684 0
    outer loop
      vertex 118.89594214388846 83.43395852958369 -3
      vertex 118.95933128559396 83.602379439004 0
      vertex 118.89594214388846 83.43395852958369 0
    endloop
  endfacet
  facet normal 0.9108638249211632 -0.41270702980442237 0
    outer loop
      vertex 118.95933128559396 83.602379439004 -3
      vertex 119.03359996078511 83.76629389810225 0
      vertex 118.95933128559396 83.602379439004 0
    endloop
  endfacet
  facet normal 0.881921264348378 -0.4713967368259548 0
    outer loop
      vertex 119.03359996078511 83.76629389810225 -3
      vertex 119.11843013959279 83.925 0
      vertex 119.03359996078511 83.76629389810225 0
    endloop
  endfacet
  facet normal 0.8492021815265601 -0.5280678506503983 0
    outer loop
      vertex 119.11843013959279 83.925 -3
      vertex 119.213458566168 84.0778181408039 0
      vertex 119.11843013959279 83.925 0
    endloop
  endfacet
  facet normal 0.8128466845916312 -0.58247769686778 0
    outer loop
      vertex 119.213458566168 84.0778181408039 -3
      vertex 119.3182783141991 84.22409392977399 0
      vertex 119.213458566168 84.0778181408039 0
    endloop
  endfacet
  facet normal 0.7730104533627401 -0.6343932841636418 0
    outer loop
      vertex 119.3182783141991 84.22409392977399 -3
      vertex 119.43244052943281 84.36320099152519 0
      vertex 119.3182783141991 84.22409392977399 0
    endloop
  endfacet
  facet normal 0.7298640726978295 -0.6835923020228779 0
    outer loop
      vertex 119.43244052943281 84.36320099152519 -3
      vertex 119.55545635173699 84.494543648263 0
      vertex 119.43244052943281 84.36320099152519 0
    endloop
  endfacet
  facet normal 0.6835923020228779 -0.7298640726978295 0
    outer loop
      vertex 119.55545635173699 84.494543648263 -3
      vertex 119.68679900847481 84.61755947056719 0
      vertex 119.55545635173699 84.494543648263 0
    endloop
  endfacet
  facet normal 0.6343932841636418 -0.7730104533627401 0
    outer loop
      vertex 119.68679900847481 84.61755947056719 -3
      vertex 119.82590607022601 84.73172168580089 0
      vertex 119.68679900847481 84.61755947056719 0
    endloop
  endfacet
  facet normal 0.58247769686778 -0.8128466845916312 0
    outer loop
      vertex 119.82590607022601 84.73172168580089 -3
      vertex 119.9721818591961 84.836541433832 0
      vertex 119.82590607022601 84.73172168580089 0
    endloop
  endfacet
  facet normal 0.5280678506503983 -0.8492021815265601 0
    outer loop
      vertex 119.9721818591961 84.836541433832 -3
      vertex 120.125 84.93156986040721 0
      vertex 119.9721818591961 84.836541433832 0
    endloop
  endfacet
  facet normal 0.4713967368259548 -0.881921264348378 0
    outer loop
      vertex 120.125 84.93156986040721 -3
      vertex 120.28370610189775 85.01640003921489 0
      vertex 120.125 84.93156986040721 0
    endloop
  endfacet
  facet normal 0.41270702980442237 -0.9108638249211632 0
    outer loop
      vertex 120.28370610189775 85.01640003921489 -3
      vertex 120.447620560996 85.09066871440604 0
      vertex 120.28370610189775 85.01640003921489 0
    endloop
  endfacet
  facet normal 0.35225004792121684 -0.935905926757332 0
    outer loop
      vertex 120.447620560996 85.09066871440604 -3
      vertex 120.6160414704163 85.15405785611154 0
      vertex 120.447620560996 85.09066871440604 0
    endloop
  endfacet
  facet normal 0.2902846772544778 -0.9569403357322042 0
    outer loop
      vertex 120.6160414704163 85.15405785611154 -3
      vertex 120.78824762596807 85.20629602229494 0
      vertex 120.6160414704163 85.15405785611154 0
    endloop
  endfacet
  facet normal 0.22707626303438083 -0.9738769792773319 0
    outer loop
      vertex 120.78824762596807 85.20629602229494 -3
      vertex 120.96350161445565 85.24715952110888 0
      vertex 120.78824762596807 85.20629602229494 0
    endloop
  endfacet
  facet normal 0.16289547339455196 -0.9866433320848851 0
    outer loop
      vertex 120.96350161445565 85.24715952110888 -3
      vertex 121.14105297139486 85.27647336877797 0
      vertex 120.96350161445565 85.24715952110888 0
    endloop
  endfacet
  facet normal 0.09801714032954412 -0.9951847266721986 0
    outer loop
      vertex 121.14105297139486 85.27647336877797 -3
      vertex 121.32014139461711 85.29411203890615 0
      vertex 121.14105297139486 85.27647336877797 0
    endloop
  endfacet
  facet normal 0.03271908282181696 -0.9994645874763642 0
    outer loop
      vertex 121.32014139461711 85.29411203890615 -3
      vertex 121.5 85.3 0
      vertex 121.32014139461711 85.29411203890615 0
    endloop
  endfacet
  facet normal -0.03271908282181696 -0.9994645874763642 0
    outer loop
      vertex 121.5 85.3 -3
      vertex 121.67985860538289 85.29411203890615 0
      vertex 121.5 85.3 0
    endloop
  endfacet
  facet normal -0.09801714032954412 -0.9951847266721986 0
    outer loop
      vertex 121.67985860538289 85.29411203890615 -3
      vertex 121.85894702860514 85.27647336877797 0
      vertex 121.67985860538289 85.29411203890615 0
    endloop
  endfacet
  facet normal -0.16289547339455196 -0.9866433320848851 0
    outer loop
      vertex 121.85894702860514 85.27647336877797 -3
      vertex 122.03649838554435 85.24715952110888 0
      vertex 121.85894702860514 85.27647336877797 0
    endloop
  endfacet
  facet normal -0.2902846772544778 -0.9569403357322042 0
    outer loop
      vertex 122.21175237403193 85.20629602229494 -3
      vertex 122.3839585295837 85.15405785611154 0
      vertex 122.21175237403193 85.20629602229494 0
    endloop
  endfacet
  facet normal -0.22707626303438083 -0.9738769792773319 0
    outer loop
      vertex 122.03649838554435 85.24715952110888 -3
      vertex 122.21175237403193 85.20629602229494 0
      vertex 122.03649838554435 85.24715952110888 0
    endloop
  endfacet
  facet normal -0.35225004792121684 -0.935905926757332 0
    outer loop
      vertex 122.3839585295837 85.15405785611154 -3
      vertex 122.552379439004 85.09066871440604 0
      vertex 122.3839585295837 85.15405785611154 0
    endloop
  endfacet
  facet normal -0.9569403357322042 -0.2902846772544778 0
    outer loop
      vertex 124.10405785611154 83.43395852958369 -3
      vertex 124.15629602229494 83.26175237403193 0
      vertex 124.10405785611154 83.43395852958369 0
    endloop
  endfacet
  facet normal -0.935905926757332 -0.35225004792121684 0
    outer loop
      vertex 124.04066871440604 83.602379439004 -3
      vertex 124.10405785611154 83.43395852958369 0
      vertex 124.04066871440604 83.602379439004 0
    endloop
  endfacet
  facet normal -0.9108638249211632 -0.41270702980442237 0
    outer loop
      vertex 123.96640003921489 83.76629389810225 -3
      vertex 124.04066871440604 83.602379439004 0
      vertex 123.96640003921489 83.76629389810225 0
    endloop
  endfacet
  facet normal -0.881921264348378 -0.4713967368259548 0
    outer loop
      vertex 123.88156986040721 83.925 -3
      vertex 123.96640003921489 83.76629389810225 0
      vertex 123.88156986040721 83.925 0
    endloop
  endfacet
  facet normal -0.8492021815265601 -0.5280678506503983 0
    outer loop
      vertex 123.786541433832 84.0778181408039 -3
      vertex 123.88156986040721 83.925 0
      vertex 123.786541433832 84.0778181408039 0
    endloop
  endfacet
  facet normal -0.7298640726978295 -0.6835923020228779 0
    outer loop
      vertex 123.44454364826301 84.494543648263 -3
      vertex 123.56755947056719 84.36320099152519 0
      vertex 123.44454364826301 84.494543648263 0
    endloop
  endfacet
  facet normal -0.6343932841636418 -0.7730104533627401 0
    outer loop
      vertex 123.17409392977399 84.73172168580089 -3
      vertex 123.31320099152519 84.61755947056719 0
      vertex 123.17409392977399 84.73172168580089 0
    endloop
  endfacet
  facet normal -0.6835923020228779 -0.7298640726978295 0
    outer loop
      vertex 123.31320099152519 84.61755947056719 -3
      vertex 123.44454364826301 84.494543648263 0
      vertex 123.31320099152519 84.61755947056719 0
    endloop
  endfacet
  facet normal -0.8128466845916312 -0.58247769686778 0
    outer loop
      vertex 123.6817216858009 84.22409392977399 -3
      vertex 123.786541433832 84.0778181408039 0
      vertex 123.6817216858009 84.22409392977399 0
    endloop
  endfacet
  facet normal -0.7730104533627401 -0.6343932841636418 0
    outer loop
      vertex 123.56755947056719 84.36320099152519 -3
      vertex 123.6817216858009 84.22409392977399 0
      vertex 123.56755947056719 84.36320099152519 0
    endloop
  endfacet
  facet normal -0.5280678506503983 -0.8492021815265601 0
    outer loop
      vertex 122.875 84.93156986040721 -3
      vertex 123.0278181408039 84.836541433832 0
      vertex 122.875 84.93156986040721 0
    endloop
  endfacet
  facet normal -0.4713967368259548 -0.881921264348378 0
    outer loop
      vertex 122.71629389810225 85.01640003921489 -3
      vertex 122.875 84.93156986040721 0
      vertex 122.71629389810225 85.01640003921489 0
    endloop
  endfacet
  facet normal -0.41270702980442237 -0.9108638249211632 0
    outer loop
      vertex 122.552379439004 85.09066871440604 -3
      vertex 122.71629389810225 85.01640003921489 0
      vertex 122.552379439004 85.09066871440604 0
    endloop
  endfacet
  facet normal -0.58247769686778 -0.8128466845916312 0
    outer loop
      vertex 123.0278181408039 84.836541433832 -3
      vertex 123.17409392977399 84.73172168580089 0
      vertex 123.0278181408039 84.836541433832 0
    endloop
  endfacet
  facet normal 0 0 -1
    outer loop
      vertex -126.5 0 -3
      vertex -123.0278181408039 4.063458566168 -3
      vertex -122.875 3.9684301395927934 -3
    endloop
  endfacet
  facet normal 0 0 -1
    outer loop
      vertex -126.5 0 -3
      vertex -122.875 3.9684301395927934 -3
      vertex -122.71629389810225 3.883599960785107 -3
    endloop
  endfacet
  facet normal 0 0 -1
    outer loop
      vertex -126.5 0 -3
      vertex -123.17409392977399 4.168278314199103 -3
      vertex -123.0278181408039 4.063458566168 -3
    endloop
  endfacet
  facet normal 0 0 -1
    outer loop
      vertex -126.5 0 -3
      vertex -122.71629389810225 3.883599960785107 -3
      vertex -122.552379439004 3.809331285593961 -3
    endloop
  endfacet
  facet normal 0 0 -1
    outer loop
      vertex -126.5 0 -3
      vertex -122.552379439004 3.809331285593961 -3
      vertex -122.3839585295837 3.745942143888459 -3
    endloop
  endfacet
  facet normal 0 0 -1
    outer loop
      vertex -126.5 0 -3
      vertex -122.3839585295837 3.745942143888459 -3
      vertex -122.21175237403193 3.693703977705062 -3
    endloop
  endfacet
  facet normal 0 0 -1
    outer loop
      vertex -126.5 0 -3
      vertex -122.21175237403193 3.693703977705062 -3
      vertex -122.03649838554435 3.652840478891116 -3
    endloop
  endfacet
  facet normal 0 0 -1
    outer loop
      vertex -126.5 0 -3
      vertex -122.03649838554435 3.652840478891116 -3
      vertex -121.85894702860514 3.623526631222021 -3
    endloop
  endfacet
  facet normal 0 0 -1
    outer loop
      vertex -126.5 0 -3
      vertex -121.85894702860514 3.623526631222021 -3
      vertex -121.67985860538289 3.60588796109384 -3
    endloop
  endfacet
  facet normal 0 0 -1
    outer loop
      vertex -126.5 0 -3
      vertex -121.67985860538289 3.60588796109384 -3
      vertex -121.5 3.5999999999999996 -3
    endloop
  endfacet
  facet normal 0 0 -1
    outer loop
      vertex -126.5 0 -3
      vertex -121.5 3.5999999999999996 -3
      vertex -121.32014139461711 3.60588796109384 -3
    endloop
  endfacet
  facet normal 0 0 -1
    outer loop
      vertex -126.5 0 -3
      vertex -121.32014139461711 3.60588796109384 -3
      vertex -121.14105297139486 3.623526631222021 -3
    endloop
  endfacet
  facet normal 0 0 -1
    outer loop
      vertex -126.5 0 -3
      vertex -121.14105297139486 3.623526631222021 -3
      vertex -120.96350161445565 3.652840478891116 -3
    endloop
  endfacet
  facet normal 0 0 -1
    outer loop
      vertex -126.5 0 -3
      vertex -120.96350161445565 3.652840478891116 -3
      vertex -120.78824762596807 3.693703977705062 -3
    endloop
  endfacet
  facet normal 0 0 -1
    outer loop
      vertex -126.5 0 -3
      vertex -120.78824762596807 3.693703977705062 -3
      vertex -120.6160414704163 3.745942143888459 -3
    endloop
  endfacet
  facet normal 0 0 -1
    outer loop
      vertex -126.5 0 -3
      vertex -123.6817216858009 4.675906070226018 -3
      vertex -123.56755947056719 4.53679900847481 -3
    endloop
  endfacet
  facet normal 0 0 -1
    outer loop
      vertex -126.5 0 -3
      vertex -123.786541433832 4.822181859196093 -3
      vertex -123.6817216858009 4.675906070226018 -3
    endloop
  endfacet
  facet normal 0 0 -1
    outer loop
      vertex -126.5 0 -3
      vertex -123.88156986040721 4.975 -3
      vertex -123.786541433832 4.822181859196093 -3
    endloop
  endfacet
  facet normal 0 0 -1
    outer loop
      vertex -126.5 0 -3
      vertex -123.96640003921489 5.133706101897746 -3
      vertex -123.88156986040721 4.975 -3
    endloop
  endfacet
  facet normal 0 0 -1
    outer loop
      vertex -126.5 0 -3
      vertex -124.04066871440604 5.297620560996003 -3
      vertex -123.96640003921489 5.133706101897746 -3
    endloop
  endfacet
  facet normal 0 0 -1
    outer loop
      vertex -126.5 0 -3
      vertex -124.10405785611154 5.466041470416306 -3
      vertex -124.04066871440604 5.297620560996003 -3
    endloop
  endfacet
  facet normal 0 0 -1
    outer loop
      vertex -126.5 0 -3
      vertex -124.15629602229494 5.638247625968067 -3
      vertex -124.10405785611154 5.466041470416306 -3
    endloop
  endfacet
  facet normal 0 0 -1
    outer loop
      vertex -126.5 0 -3
      vertex -124.19715952110889 5.813501614455647 -3
      vertex -124.15629602229494 5.638247625968067 -3
    endloop
  endfacet
  facet normal 0 0 -1
    outer loop
      vertex -126.5 0 -3
      vertex -124.22647336877797 5.991052971394858 -3
      vertex -124.19715952110889 5.813501614455647 -3
    endloop
  endfacet
  facet normal 0 0 -1
    outer loop
      vertex -126.5 0 -3
      vertex -124.24411203890617 6.170141394617106 -3
      vertex -124.22647336877797 5.991052971394858 -3
    endloop
  endfacet
  facet normal 0 0 -1
    outer loop
      vertex -126.5 0 -3
      vertex -123.31320099152519 4.282440529432812 -3
      vertex -123.17409392977399 4.168278314199103 -3
    endloop
  endfacet
  facet normal 0 0 -1
    outer loop
      vertex -126.5 0 -3
      vertex -123.44454364826301 4.405456351736994 -3
      vertex -123.31320099152519 4.282440529432812 -3
    endloop
  endfacet
  facet normal 0 0 -1
    outer loop
      vertex -126.5 0 -3
      vertex -123.56755947056719 4.53679900847481 -3
      vertex -123.44454364826301 4.405456351736994 -3
    endloop
  endfacet
  facet normal 0 0 -1
    outer loop
      vertex -126.5 0 -3
      vertex -124.25 6.35 -3
      vertex -124.24411203890617 6.170141394617106 -3
    endloop
  endfacet
  facet normal 0 0 -1
    outer loop
      vertex -126.5 0 -3
      vertex -120.6160414704163 3.745942143888459 -3
      vertex -87.5 0.6500000000000057 -3
    endloop
  endfacet
  facet normal 0 0 1
    outer loop
      vertex -126.5 0 0
      vertex -122.71629389810225 3.883599960785107 0
      vertex -122.875 3.9684301395927934 0
    endloop
  endfacet
  facet normal 0 0 1
    outer loop
      vertex -126.5 0 0
      vertex -122.875 3.9684301395927934 0
      vertex -123.0278181408039 4.063458566168 0
    endloop
  endfacet
  facet normal 0 0 1
    outer loop
      vertex -126.5 0 0
      vertex -123.0278181408039 4.063458566168 0
      vertex -123.17409392977399 4.168278314199103 0
    endloop
  endfacet
  facet normal 0 0 1
    outer loop
      vertex -126.5 0 0
      vertex -122.3839585295837 3.745942143888459 0
      vertex -122.552379439004 3.809331285593961 0
    endloop
  endfacet
  facet normal 0 0 1
    outer loop
      vertex -126.5 0 0
      vertex -122.552379439004 3.809331285593961 0
      vertex -122.71629389810225 3.883599960785107 0
    endloop
  endfacet
  facet normal 0 0 1
    outer loop
      vertex -126.5 0 0
      vertex -122.03649838554435 3.652840478891116 0
      vertex -122.21175237403193 3.693703977705062 0
    endloop
  endfacet
  facet normal 0 0 1
    outer loop
      vertex -126.5 0 0
      vertex -122.21175237403193 3.693703977705062 0
      vertex -122.3839585295837 3.745942143888459 0
    endloop
  endfacet
  facet normal 0 0 1
    outer loop
      vertex -126.5 0 0
      vertex -121.67985860538289 3.60588796109384 0
      vertex -121.85894702860514 3.623526631222021 0
    endloop
  endfacet
  facet normal 0 0 1
    outer loop
      vertex -126.5 0 0
      vertex -121.85894702860514 3.623526631222021 0
      vertex -122.03649838554435 3.652840478891116 0
    endloop
  endfacet
  facet normal 0 0 1
    outer loop
      vertex -126.5 0 0
      vertex -121.32014139461711 3.60588796109384 0
      vertex -121.5 3.5999999999999996 0
    endloop
  endfacet
  facet normal 0 0 1
    outer loop
      vertex -126.5 0 0
      vertex -121.5 3.5999999999999996 0
      vertex -121.67985860538289 3.60588796109384 0
    endloop
  endfacet
  facet normal 0 0 1
    outer loop
      vertex -126.5 0 0
      vertex -120.96350161445565 3.652840478891116 0
      vertex -121.14105297139486 3.623526631222021 0
    endloop
  endfacet
  facet normal 0 0 1
    outer loop
      vertex -126.5 0 0
      vertex -121.14105297139486 3.623526631222021 0
      vertex -121.32014139461711 3.60588796109384 0
    endloop
  endfacet
  facet normal 0 0 1
    outer loop
      vertex -126.5 0 0
      vertex -120.6160414704163 3.745942143888459 0
      vertex -120.78824762596807 3.693703977705062 0
    endloop
  endfacet
  facet normal 0 0 1
    outer loop
      vertex -126.5 0 0
      vertex -120.78824762596807 3.693703977705062 0
      vertex -120.96350161445565 3.652840478891116 0
    endloop
  endfacet
  facet normal 0 0 1
    outer loop
      vertex -126.5 0 0
      vertex -120.28370610189775 3.883599960785107 0
      vertex -120.447620560996 3.809331285593961 0
    endloop
  endfacet
  facet normal 0 0 1
    outer loop
      vertex -126.5 0 0
      vertex -120.447620560996 3.809331285593961 0
      vertex -120.6160414704163 3.745942143888459 0
    endloop
  endfacet
  facet normal 0 0 1
    outer loop
      vertex -126.5 0 0
      vertex -120.125 3.9684301395927934 0
      vertex -120.28370610189775 3.883599960785107 0
    endloop
  endfacet
  facet normal 0 0 1
    outer loop
      vertex -126.5 0 0
      vertex -119.9721818591961 4.063458566168 0
      vertex -120.125 3.9684301395927934 0
    endloop
  endfacet
  facet normal 0 0 1
    outer loop
      vertex -126.5 0 0
      vertex -123.56755947056719 4.53679900847481 0
      vertex -123.6817216858009 4.675906070226018 0
    endloop
  endfacet
  facet normal 0 0 1
    outer loop
      vertex -126.5 0 0
      vertex -123.6817216858009 4.675906070226018 0
      vertex -123.786541433832 4.822181859196093 0
    endloop
  endfacet
  facet normal 0 0 1
    outer loop
      vertex -126.5 0 0
      vertex -123.786541433832 4.822181859196093 0
      vertex -123.88156986040721 4.975 0
    endloop
  endfacet
  facet normal 0 0 1
    outer loop
      vertex -126.5 0 0
      vertex -123.88156986040721 4.975 0
      vertex -123.96640003921489 5.133706101897746 0
    endloop
  endfacet
  facet normal 0 0 1
    outer loop
      vertex -126.5 0 0
      vertex -123.96640003921489 5.133706101897746 0
      vertex -124.04066871440604 5.297620560996003 0
    endloop
  endfacet
  facet normal 0 0 1
    outer loop
      vertex -126.5 0 0
      vertex -124.04066871440604 5.297620560996003 0
      vertex -124.10405785611154 5.466041470416306 0
    endloop
  endfacet
  facet normal 0 0 1
    outer loop
      vertex -126.5 0 0
      vertex -124.10405785611154 5.466041470416306 0
      vertex -124.15629602229494 5.638247625968067 0
    endloop
  endfacet
  facet normal 0 0 1
    outer loop
      vertex -126.5 0 0
      vertex -124.15629602229494 5.638247625968067 0
      vertex -124.19715952110889 5.813501614455647 0
    endloop
  endfacet
  facet normal 0 0 1
    outer loop
      vertex -126.5 0 0
      vertex -124.19715952110889 5.813501614455647 0
      vertex -124.22647336877797 5.991052971394858 0
    endloop
  endfacet
  facet normal 0 0 1
    outer loop
      vertex -126.5 0 0
      vertex -124.22647336877797 5.991052971394858 0
      vertex -124.24411203890617 6.170141394617106 0
    endloop
  endfacet
  facet normal 0 0 1
    outer loop
      vertex -126.5 0 0
      vertex -123.17409392977399 4.168278314199103 0
      vertex -123.31320099152519 4.282440529432812 0
    endloop
  endfacet
  facet normal 0 0 1
    outer loop
      vertex -126.5 0 0
      vertex -123.31320099152519 4.282440529432812 0
      vertex -123.44454364826301 4.405456351736994 0
    endloop
  endfacet
  facet normal 0 0 1
    outer loop
      vertex -126.5 0 0
      vertex -123.44454364826301 4.405456351736994 0
      vertex -123.56755947056719 4.53679900847481 0
    endloop
  endfacet
  facet normal 0 0 1
    outer loop
      vertex -126.5 0 0
      vertex -124.24411203890617 6.170141394617106 0
      vertex -124.25 6.35 0
    endloop
  endfacet
  facet normal 0 0 -1
    outer loop
      vertex -120.6160414704163 3.745942143888459 -3
      vertex -120.447620560996 3.809331285593961 -3
      vertex -87.5 0.6500000000000057 -3
    endloop
  endfacet
  facet normal 0 0 -1
    outer loop
      vertex -120.447620560996 3.809331285593961 -3
      vertex -120.28370610189775 3.883599960785107 -3
      vertex -87.5 0.6500000000000057 -3
    endloop
  endfacet
  facet normal 0 0 -1
    outer loop
      vertex -120.28370610189775 3.883599960785107 -3
      vertex -120.125 3.9684301395927934 -3
      vertex -87.5 0.6500000000000057 -3
    endloop
  endfacet
  facet normal 0 0 -1
    outer loop
      vertex -120.125 3.9684301395927934 -3
      vertex -119.9721818591961 4.063458566168 -3
      vertex -87.5 0.6500000000000057 -3
    endloop
  endfacet
  facet normal 0 0 -1
    outer loop
      vertex -119.9721818591961 4.063458566168 -3
      vertex -119.82590607022601 4.168278314199103 -3
      vertex -87.5 0.6500000000000057 -3
    endloop
  endfacet
  facet normal 0 0 -1
    outer loop
      vertex -119.82590607022601 4.168278314199103 -3
      vertex -119.68679900847481 4.282440529432812 -3
      vertex -87.5 0.6500000000000057 -3
    endloop
  endfacet
  facet normal 0 0 -1
    outer loop
      vertex -119.68679900847481 4.282440529432812 -3
      vertex -119.55545635173699 4.405456351736994 -3
      vertex -87.5 0.6500000000000057 -3
    endloop
  endfacet
  facet normal 0 0 -1
    outer loop
      vertex -119.55545635173699 4.405456351736994 -3
      vertex -119.43244052943281 4.53679900847481 -3
      vertex -87.5 0.6500000000000057 -3
    endloop
  endfacet
  facet normal 0 0 -1
    outer loop
      vertex -119.43244052943281 4.53679900847481 -3
      vertex -119.3182783141991 4.675906070226018 -3
      vertex -87.5 0.6500000000000057 -3
    endloop
  endfacet
  facet normal 0 0 -1
    outer loop
      vertex -119.3182783141991 4.675906070226018 -3
      vertex -119.213458566168 4.822181859196093 -3
      vertex -87.5 0.6500000000000057 -3
    endloop
  endfacet
  facet normal 0 0 -1
    outer loop
      vertex -119.213458566168 4.822181859196093 -3
      vertex -119.11843013959279 4.975 -3
      vertex -87.5 0.6500000000000057 -3
    endloop
  endfacet
  facet normal 0 0 -1
    outer loop
      vertex -119.11843013959279 4.975 -3
      vertex -119.03359996078511 5.133706101897746 -3
      vertex -87.5 0.6500000000000057 -3
    endloop
  endfacet
  facet normal 0 0 -1
    outer loop
      vertex -119.03359996078511 5.133706101897746 -3
      vertex -118.95933128559396 5.297620560996003 -3
      vertex -87.5 0.6500000000000057 -3
    endloop
  endfacet
  facet normal 0 0 -1
    outer loop
      vertex -118.95933128559396 5.297620560996003 -3
      vertex -118.89594214388846 5.466041470416306 -3
      vertex -87.5 0.6500000000000057 -3
    endloop
  endfacet
  facet normal 0 0 -1
    outer loop
      vertex -118.89594214388846 5.466041470416306 -3
      vertex -118.84370397770506 5.638247625968067 -3
      vertex -87.5 0.6500000000000057 -3
    endloop
  endfacet
  facet normal 0 0 -1
    outer loop
      vertex -118.84370397770506 5.638247625968067 -3
      vertex -118.80284047889111 5.813501614455647 -3
      vertex -87.5 0.6500000000000057 -3
    endloop
  endfacet
  facet normal 0 0 -1
    outer loop
      vertex -118.80284047889111 5.813501614455647 -3
      vertex -118.77352663122203 5.991052971394858 -3
      vertex -87.5 0.6500000000000057 -3
    endloop
  endfacet
  facet normal 0 0 -1
    outer loop
      vertex -118.77352663122203 5.991052971394858 -3
      vertex -118.75588796109383 6.170141394617106 -3
      vertex -87.5 0.6500000000000057 -3
    endloop
  endfacet
  facet normal 0 0 -1
    outer loop
      vertex -118.75588796109383 6.170141394617106 -3
      vertex -118.75 6.35 -3
      vertex -87.5 0.6500000000000057 -3
    endloop
  endfacet
  facet normal 0 0 -1
    outer loop
      vertex -118.75 6.35 -3
      vertex -118.75588796109383 6.529858605382893 -3
      vertex -87.5 0.6500000000000057 -3
    endloop
  endfacet
  facet normal 0 0 -1
    outer loop
      vertex -118.75588796109383 6.529858605382893 -3
      vertex -118.77352663122203 6.708947028605142 -3
      vertex -87.5 0.6500000000000057 -3
    endloop
  endfacet
  facet normal 0 0 -1
    outer loop
      vertex -118.77352663122203 6.708947028605142 -3
      vertex -118.80284047889111 6.8864983855443525 -3
      vertex -87.5 0.6500000000000057 -3
    endloop
  endfacet
  facet normal 0 0 -1
    outer loop
      vertex -118.80284047889111 6.8864983855443525 -3
      vertex -118.84370397770506 7.061752374031932 -3
      vertex -87.5 0.6500000000000057 -3
    endloop
  endfacet
  facet normal 0 0 1
    outer loop
      vertex -126.5 0 0
      vertex -85 3.1500000000000057 0
      vertex -119.9721818591961 4.063458566168 0
    endloop
  endfacet
  facet normal 0 0 1
    outer loop
      vertex -119.9721818591961 4.063458566168 0
      vertex -85 3.1500000000000057 0
      vertex -119.82590607022601 4.168278314199103 0
    endloop
  endfacet
  facet normal 0 0 1
    outer loop
      vertex -119.82590607022601 4.168278314199103 0
      vertex -85 3.1500000000000057 0
      vertex -119.68679900847481 4.282440529432812 0
    endloop
  endfacet
  facet normal 0 0 1
    outer loop
      vertex -119.68679900847481 4.282440529432812 0
      vertex -85 3.1500000000000057 0
      vertex -119.55545635173699 4.405456351736994 0
    endloop
  endfacet
  facet normal 0 0 1
    outer loop
      vertex -119.55545635173699 4.405456351736994 0
      vertex -85 3.1500000000000057 0
      vertex -119.43244052943281 4.53679900847481 0
    endloop
  endfacet
  facet normal 0 0 1
    outer loop
      vertex -119.43244052943281 4.53679900847481 0
      vertex -85 3.1500000000000057 0
      vertex -119.3182783141991 4.675906070226018 0
    endloop
  endfacet
  facet normal 0 0 1
    outer loop
      vertex -119.3182783141991 4.675906070226018 0
      vertex -85 3.1500000000000057 0
      vertex -119.213458566168 4.822181859196093 0
    endloop
  endfacet
  facet normal 0 0 1
    outer loop
      vertex -119.213458566168 4.822181859196093 0
      vertex -85 3.1500000000000057 0
      vertex -119.11843013959279 4.975 0
    endloop
  endfacet
  facet normal 0 0 1
    outer loop
      vertex -119.11843013959279 4.975 0
      vertex -85 3.1500000000000057 0
      vertex -119.03359996078511 5.133706101897746 0
    endloop
  endfacet
  facet normal 0 0 1
    outer loop
      vertex -119.03359996078511 5.133706101897746 0
      vertex -85 3.1500000000000057 0
      vertex -118.95933128559396 5.297620560996003 0
    endloop
  endfacet
  facet normal 0 0 1
    outer loop
      vertex -118.95933128559396 5.297620560996003 0
      vertex -85 3.1500000000000057 0
      vertex -118.89594214388846 5.466041470416306 0
    endloop
  endfacet
  facet normal 0 0 1
    outer loop
      vertex -118.89594214388846 5.466041470416306 0
      vertex -85 3.1500000000000057 0
      vertex -118.84370397770506 5.638247625968067 0
    endloop
  endfacet
  facet normal 0 0 1
    outer loop
      vertex -118.84370397770506 5.638247625968067 0
      vertex -85 3.1500000000000057 0
      vertex -118.80284047889111 5.813501614455647 0
    endloop
  endfacet
  facet normal 0 0 1
    outer loop
      vertex -118.80284047889111 5.813501614455647 0
      vertex -85 3.1500000000000057 0
      vertex -118.77352663122203 5.991052971394858 0
    endloop
  endfacet
  facet normal 0 0 1
    outer loop
      vertex -118.77352663122203 5.991052971394858 0
      vertex -85 3.1500000000000057 0
      vertex -118.75588796109383 6.170141394617106 0
    endloop
  endfacet
  facet normal 0 0 1
    outer loop
      vertex -118.75588796109383 6.170141394617106 0
      vertex -85 3.1500000000000057 0
      vertex -118.75 6.35 0
    endloop
  endfacet
  facet normal 0 0 -1
    outer loop
      vertex -126.5 0 -3
      vertex -124.25 82.55 -3
      vertex -124.25 6.35 -3
    endloop
  endfacet
  facet normal 0 0 -1
    outer loop
      vertex -124.25 6.35 -3
      vertex -124.24411203890617 82.37014139461711 -3
      vertex -124.24411203890617 6.529858605382893 -3
    endloop
  endfacet
  facet normal 0 0 -1
    outer loop
      vertex -124.24411203890617 6.529858605382893 -3
      vertex -124.22647336877797 82.19105297139485 -3
      vertex -124.22647336877797 6.708947028605142 -3
    endloop
  endfacet
  facet normal 0 0 -1
    outer loop
      vertex -124.22647336877797 6.708947028605142 -3
      vertex -124.19715952110889 82.01350161445565 -3
      vertex -124.19715952110889 6.8864983855443525 -3
    endloop
  endfacet
  facet normal 0 0 -1
    outer loop
      vertex -124.19715952110889 6.8864983855443525 -3
      vertex -124.15629602229494 81.83824762596807 -3
      vertex -124.15629602229494 7.061752374031932 -3
    endloop
  endfacet
  facet normal 0 0 -1
    outer loop
      vertex -124.15629602229494 7.061752374031932 -3
      vertex -124.10405785611154 81.6660414704163 -3
      vertex -124.10405785611154 7.233958529583694 -3
    endloop
  endfacet
  facet normal 0 0 -1
    outer loop
      vertex -124.10405785611154 7.233958529583694 -3
      vertex -124.04066871440604 81.497620560996 -3
      vertex -124.04066871440604 7.4023794390039965 -3
    endloop
  endfacet
  facet normal 0 0 -1
    outer loop
      vertex -124.04066871440604 7.4023794390039965 -3
      vertex -123.96640003921489 81.33370610189775 -3
      vertex -123.96640003921489 7.566293898102253 -3
    endloop
  endfacet
  facet normal 0 0 -1
    outer loop
      vertex -123.96640003921489 7.566293898102253 -3
      vertex -123.88156986040721 81.175 -3
      vertex -123.88156986040721 7.725 -3
    endloop
  endfacet
  facet normal 0 0 -1
    outer loop
      vertex -123.88156986040721 7.725 -3
      vertex -123.786541433832 81.0221818591961 -3
      vertex -123.786541433832 7.877818140803906 -3
    endloop
  endfacet
  facet normal 0 0 -1
    outer loop
      vertex -123.786541433832 7.877818140803906 -3
      vertex -123.6817216858009 80.87590607022601 -3
      vertex -123.6817216858009 8.024093929773981 -3
    endloop
  endfacet
  facet normal 0 0 -1
    outer loop
      vertex -123.6817216858009 8.024093929773981 -3
      vertex -123.56755947056719 80.7367990084748 -3
      vertex -123.56755947056719 8.163200991525189 -3
    endloop
  endfacet
  facet normal 0 0 -1
    outer loop
      vertex -123.56755947056719 8.163200991525189 -3
      vertex -123.44454364826301 80.60545635173699 -3
      vertex -123.44454364826301 8.294543648263005 -3
    endloop
  endfacet
  facet normal 0 0 -1
    outer loop
      vertex -123.44454364826301 8.294543648263005 -3
      vertex -123.31320099152519 80.48244052943281 -3
      vertex -123.31320099152519 8.417559470567188 -3
    endloop
  endfacet
  facet normal 0 0 -1
    outer loop
      vertex -123.31320099152519 8.417559470567188 -3
      vertex -123.17409392977399 80.3682783141991 -3
      vertex -123.17409392977399 8.531721685800896 -3
    endloop
  endfacet
  facet normal 0 0 -1
    outer loop
      vertex -123.17409392977399 8.531721685800896 -3
      vertex -123.0278181408039 80.263458566168 -3
      vertex -123.0278181408039 8.636541433831999 -3
    endloop
  endfacet
  facet normal 0 0 -1
    outer loop
      vertex -123.0278181408039 8.636541433831999 -3
      vertex -122.875 80.16843013959279 -3
      vertex -122.875 8.731569860407205 -3
    endloop
  endfacet
  facet normal 0 0 -1
    outer loop
      vertex -122.875 8.731569860407205 -3
      vertex -122.71629389810225 80.08359996078511 -3
      vertex -122.71629389810225 8.816400039214892 -3
    endloop
  endfacet
  facet normal 0 0 -1
    outer loop
      vertex -122.71629389810225 8.816400039214892 -3
      vertex -122.552379439004 80.00933128559396 -3
      vertex -122.552379439004 8.890668714406038 -3
    endloop
  endfacet
  facet normal 0 0 -1
    outer loop
      vertex -122.552379439004 8.890668714406038 -3
      vertex -122.3839585295837 79.94594214388846 -3
      vertex -122.3839585295837 8.95405785611154 -3
    endloop
  endfacet
  facet normal 0 0 -1
    outer loop
      vertex -122.3839585295837 8.95405785611154 -3
      vertex -122.21175237403193 79.89370397770506 -3
      vertex -122.21175237403193 9.006296022294936 -3
    endloop
  endfacet
  facet normal 0 0 -1
    outer loop
      vertex -122.21175237403193 9.006296022294936 -3
      vertex -122.03649838554435 79.85284047889111 -3
      vertex -122.03649838554435 9.047159521108883 -3
    endloop
  endfacet
  facet normal 0 0 -1
    outer loop
      vertex -120.6160414704163 8.95405785611154 -3
      vertex -120.78824762596807 9.006296022294936 -3
      vertex -120.6160414704163 79.94594214388846 -3
    endloop
  endfacet
  facet normal 0 0 -1
    outer loop
      vertex -122.03649838554435 9.047159521108883 -3
      vertex -121.85894702860514 79.82352663122202 -3
      vertex -121.85894702860514 9.076473368777979 -3
    endloop
  endfacet
  facet normal 0 0 -1
    outer loop
      vertex -121.85894702860514 9.076473368777979 -3
      vertex -121.67985860538289 79.80588796109384 -3
      vertex -121.67985860538289 9.09411203890616 -3
    endloop
  endfacet
  facet normal 0 0 -1
    outer loop
      vertex -121.67985860538289 9.09411203890616 -3
      vertex -121.5 79.8 -3
      vertex -121.5 9.1 -3
    endloop
  endfacet
  facet normal 0 0 -1
    outer loop
      vertex -121.5 9.1 -3
      vertex -121.32014139461711 79.80588796109384 -3
      vertex -121.32014139461711 9.09411203890616 -3
    endloop
  endfacet
  facet normal 0 0 -1
    outer loop
      vertex -121.32014139461711 9.09411203890616 -3
      vertex -121.14105297139486 79.82352663122202 -3
      vertex -121.14105297139486 9.076473368777979 -3
    endloop
  endfacet
  facet normal 0 0 -1
    outer loop
      vertex -121.14105297139486 9.076473368777979 -3
      vertex -120.96350161445565 79.85284047889111 -3
      vertex -120.96350161445565 9.047159521108883 -3
    endloop
  endfacet
  facet normal 0 0 -1
    outer loop
      vertex -120.78824762596807 9.006296022294936 -3
      vertex -120.96350161445565 9.047159521108883 -3
      vertex -120.78824762596807 79.89370397770506 -3
    endloop
  endfacet
  facet normal 0 0 -1
    outer loop
      vertex -120.6160414704163 8.95405785611154 -3
      vertex -120.447620560996 80.00933128559396 -3
      vertex -120.447620560996 8.890668714406038 -3
    endloop
  endfacet
  facet normal 0 0 -1
    outer loop
      vertex -120.28370610189775 8.816400039214892 -3
      vertex -120.447620560996 8.890668714406038 -3
      vertex -120.28370610189775 80.08359996078511 -3
    endloop
  endfacet
  facet normal 0 0 -1
    outer loop
      vertex -120.125 8.731569860407205 -3
      vertex -120.28370610189775 8.816400039214892 -3
      vertex -120.125 80.16843013959279 -3
    endloop
  endfacet
  facet normal 0 0 -1
    outer loop
      vertex -119.55545635173699 8.294543648263005 -3
      vertex -119.68679900847481 8.417559470567188 -3
      vertex -119.55545635173699 80.60545635173699 -3
    endloop
  endfacet
  facet normal 0 0 -1
    outer loop
      vertex -119.9721818591961 8.636541433831999 -3
      vertex -120.125 8.731569860407205 -3
      vertex -119.9721818591961 80.263458566168 -3
    endloop
  endfacet
  facet normal 0 0 -1
    outer loop
      vertex -119.9721818591961 8.636541433831999 -3
      vertex -119.82590607022601 80.3682783141991 -3
      vertex -119.82590607022601 8.531721685800896 -3
    endloop
  endfacet
  facet normal 0 0 -1
    outer loop
      vertex -119.68679900847481 8.417559470567188 -3
      vertex -119.82590607022601 8.531721685800896 -3
      vertex -119.68679900847481 80.48244052943281 -3
    endloop
  endfacet
  facet normal 0 0 -1
    outer loop
      vertex -119.11843013959279 7.725 -3
      vertex -119.213458566168 7.877818140803906 -3
      vertex -119.11843013959279 81.175 -3
    endloop
  endfacet
  facet normal 0 0 -1
    outer loop
      vertex -118.89594214388846 7.233958529583694 -3
      vertex -118.95933128559396 7.4023794390039965 -3
      vertex -118.89594214388846 81.6660414704163 -3
    endloop
  endfacet
  facet normal 0 0 -1
    outer loop
      vertex -118.84370397770506 7.061752374031932 -3
      vertex -118.89594214388846 7.233958529583694 -3
      vertex -118.84370397770506 81.83824762596807 -3
    endloop
  endfacet
  facet normal 0 0 -1
    outer loop
      vertex -119.03359996078511 7.566293898102253 -3
      vertex -119.11843013959279 7.725 -3
      vertex -119.03359996078511 81.33370610189775 -3
    endloop
  endfacet
  facet normal 0 0 -1
    outer loop
      vertex -118.95933128559396 7.4023794390039965 -3
      vertex -119.03359996078511 7.566293898102253 -3
      vertex -118.95933128559396 81.497620560996 -3
    endloop
  endfacet
  facet normal 0 0 -1
    outer loop
      vertex -119.3182783141991 8.024093929773981 -3
      vertex -119.43244052943281 8.163200991525189 -3
      vertex -119.3182783141991 80.87590607022601 -3
    endloop
  endfacet
  facet normal 0 0 -1
    outer loop
      vertex -119.43244052943281 8.163200991525189 -3
      vertex -119.55545635173699 8.294543648263005 -3
      vertex -119.43244052943281 80.7367990084748 -3
    endloop
  endfacet
  facet normal 0 0 -1
    outer loop
      vertex -119.213458566168 7.877818140803906 -3
      vertex -119.3182783141991 8.024093929773981 -3
      vertex -119.213458566168 81.0221818591961 -3
    endloop
  endfacet
  facet normal -1 0 0
    outer loop
      vertex -126.5 0 -3
      vertex -126.5 0 0
      vertex -126.5 88.9 0
    endloop
  endfacet
  facet normal 0 0 1
    outer loop
      vertex -126.5 0 0
      vertex -124.25 6.35 0
      vertex -126.5 88.9 0
    endloop
  endfacet
  facet normal 0 0 1
    outer loop
      vertex -123.96640003921489 7.566293898102253 0
      vertex -123.88156986040721 7.725 0
      vertex -123.96640003921489 81.33370610189775 0
    endloop
  endfacet
  facet normal 0 0 1
    outer loop
      vertex -124.04066871440604 7.4023794390039965 0
      vertex -123.96640003921489 7.566293898102253 0
      vertex -124.04066871440604 81.497620560996 0
    endloop
  endfacet
  facet normal 0 0 1
    outer loop
      vertex -123.88156986040721 7.725 0
      vertex -123.786541433832 7.877818140803906 0
      vertex -123.88156986040721 81.175 0
    endloop
  endfacet
  facet normal 0 0 1
    outer loop
      vertex -123.6817216858009 8.024093929773981 0
      vertex -123.56755947056719 8.163200991525189 0
      vertex -123.6817216858009 80.87590607022601 0
    endloop
  endfacet
  facet normal 0 0 1
    outer loop
      vertex -123.786541433832 7.877818140803906 0
      vertex -123.6817216858009 8.024093929773981 0
      vertex -123.786541433832 81.0221818591961 0
    endloop
  endfacet
  facet normal 0 0 1
    outer loop
      vertex -123.44454364826301 8.294543648263005 0
      vertex -123.31320099152519 8.417559470567188 0
      vertex -123.44454364826301 80.60545635173699 0
    endloop
  endfacet
  facet normal 0 0 1
    outer loop
      vertex -123.56755947056719 8.163200991525189 0
      vertex -123.44454364826301 8.294543648263005 0
      vertex -123.56755947056719 80.7367990084748 0
    endloop
  endfacet
  facet normal 0 0 1
    outer loop
      vertex -123.17409392977399 8.531721685800896 0
      vertex -123.0278181408039 8.636541433831999 0
      vertex -123.17409392977399 80.3682783141991 0
    endloop
  endfacet
  facet normal 0 0 1
    outer loop
      vertex -123.31320099152519 8.417559470567188 0
      vertex -123.17409392977399 8.531721685800896 0
      vertex -123.31320099152519 80.48244052943281 0
    endloop
  endfacet
  facet normal 0 0 1
    outer loop
      vertex -123.0278181408039 8.636541433831999 0
      vertex -122.875 8.731569860407205 0
      vertex -123.0278181408039 80.263458566168 0
    endloop
  endfacet
  facet normal 0 0 1
    outer loop
      vertex -122.875 8.731569860407205 0
      vertex -122.71629389810225 8.816400039214892 0
      vertex -122.875 80.16843013959279 0
    endloop
  endfacet
  facet normal 0 0 1
    outer loop
      vertex -122.71629389810225 8.816400039214892 0
      vertex -122.552379439004 8.890668714406038 0
      vertex -122.71629389810225 80.08359996078511 0
    endloop
  endfacet
  facet normal 0 0 1
    outer loop
      vertex -122.3839585295837 8.95405785611154 0
      vertex -122.21175237403193 9.006296022294936 0
      vertex -122.3839585295837 79.94594214388846 0
    endloop
  endfacet
  facet normal 0 0 1
    outer loop
      vertex -122.552379439004 8.890668714406038 0
      vertex -122.3839585295837 8.95405785611154 0
      vertex -122.552379439004 80.00933128559396 0
    endloop
  endfacet
  facet normal 0 0 1
    outer loop
      vertex -120.78824762596807 9.006296022294936 0
      vertex -120.96350161445565 79.85284047889111 0
      vertex -120.96350161445565 9.047159521108883 0
    endloop
  endfacet
  facet normal 0 0 1
    outer loop
      vertex -120.6160414704163 8.95405785611154 0
      vertex -120.78824762596807 79.89370397770506 0
      vertex -120.78824762596807 9.006296022294936 0
    endloop
  endfacet
  facet normal 0 0 1
    outer loop
      vertex -122.21175237403193 9.006296022294936 0
      vertex -122.03649838554435 9.047159521108883 0
      vertex -122.21175237403193 79.89370397770506 0
    endloop
  endfacet
  facet normal 0 0 1
    outer loop
      vertex -122.03649838554435 9.047159521108883 0
      vertex -121.85894702860514 9.076473368777979 0
      vertex -122.03649838554435 79.85284047889111 0
    endloop
  endfacet
  facet normal 0 0 1
    outer loop
      vertex -121.67985860538289 9.09411203890616 0
      vertex -121.5 9.1 0
      vertex -121.67985860538289 79.80588796109384 0
    endloop
  endfacet
  facet normal 0 0 1
    outer loop
      vertex -121.85894702860514 9.076473368777979 0
      vertex -121.67985860538289 9.09411203890616 0
      vertex -121.85894702860514 79.82352663122202 0
    endloop
  endfacet
  facet normal 0 0 1
    outer loop
      vertex -121.5 9.1 0
      vertex -121.32014139461711 9.09411203890616 0
      vertex -121.5 79.8 0
    endloop
  endfacet
  facet normal 0 0 1
    outer loop
      vertex -121.14105297139486 9.076473368777979 0
      vertex -120.96350161445565 9.047159521108883 0
      vertex -121.14105297139486 79.82352663122202 0
    endloop
  endfacet
  facet normal 0 0 1
    outer loop
      vertex -121.32014139461711 9.09411203890616 0
      vertex -121.14105297139486 9.076473368777979 0
      vertex -121.32014139461711 79.80588796109384 0
    endloop
  endfacet
  facet normal 0 0 1
    outer loop
      vertex -120.6160414704163 8.95405785611154 0
      vertex -120.447620560996 8.890668714406038 0
      vertex -120.6160414704163 79.94594214388846 0
    endloop
  endfacet
  facet normal 0 0 -1
    outer loop
      vertex -118.84370397770506 7.061752374031932 -3
      vertex -118.84370397770506 81.83824762596807 -3
      vertex -87.5 0.6500000000000057 -3
    endloop
  endfacet
  facet normal 0 0 1
    outer loop
      vertex -118.75 6.35 0
      vertex -85 85.75 0
      vertex -118.75588796109383 6.529858605382893 0
    endloop
  endfacet
  facet normal 0 0 1
    outer loop
      vertex -118.75588796109383 6.529858605382893 0
      vertex -85 85.75 0
      vertex -118.77352663122203 6.708947028605142 0
    endloop
  endfacet
  facet normal 0 0 1
    outer loop
      vertex -118.77352663122203 6.708947028605142 0
      vertex -85 85.75 0
      vertex -118.80284047889111 6.8864983855443525 0
    endloop
  endfacet
  facet normal 0 0 1
    outer loop
      vertex -118.80284047889111 6.8864983855443525 0
      vertex -85 85.75 0
      vertex -118.84370397770506 7.061752374031932 0
    endloop
  endfacet
  facet normal 0 0 1
    outer loop
      vertex -118.75 6.35 0
      vertex -85 3.1500000000000057 0
      vertex -85 85.75 0
    endloop
  endfacet
  facet normal 0 0 1
    outer loop
      vertex -124.25 6.35 0
      vertex -124.24411203890617 6.529858605382893 0
      vertex -126.5 88.9 0
    endloop
  endfacet
  facet normal 0 0 1
    outer loop
      vertex -124.24411203890617 6.529858605382893 0
      vertex -124.22647336877797 6.708947028605142 0
      vertex -126.5 88.9 0
    endloop
  endfacet
  facet normal 0 0 1
    outer loop
      vertex -124.22647336877797 6.708947028605142 0
      vertex -124.19715952110889 6.8864983855443525 0
      vertex -126.5 88.9 0
    endloop
  endfacet
  facet normal 0 0 1
    outer loop
      vertex -124.19715952110889 6.8864983855443525 0
      vertex -124.15629602229494 7.061752374031932 0
      vertex -126.5 88.9 0
    endloop
  endfacet
  facet normal 0 0 1
    outer loop
      vertex -124.15629602229494 7.061752374031932 0
      vertex -124.10405785611154 7.233958529583694 0
      vertex -126.5 88.9 0
    endloop
  endfacet
  facet normal 0 0 1
    outer loop
      vertex -124.10405785611154 7.233958529583694 0
      vertex -124.04066871440604 7.4023794390039965 0
      vertex -126.5 88.9 0
    endloop
  endfacet
  facet normal 0 0 1
    outer loop
      vertex -119.11843013959279 7.725 0
      vertex -85 85.75 0
      vertex -119.213458566168 7.877818140803906 0
    endloop
  endfacet
  facet normal 0 0 1
    outer loop
      vertex -119.213458566168 7.877818140803906 0
      vertex -85 85.75 0
      vertex -119.3182783141991 8.024093929773981 0
    endloop
  endfacet
  facet normal 0 0 1
    outer loop
      vertex -119.3182783141991 8.024093929773981 0
      vertex -85 85.75 0
      vertex -119.43244052943281 8.163200991525189 0
    endloop
  endfacet
  facet normal 0 0 1
    outer loop
      vertex -118.84370397770506 7.061752374031932 0
      vertex -85 85.75 0
      vertex -118.89594214388846 7.233958529583694 0
    endloop
  endfacet
  facet normal 0 0 1
    outer loop
      vertex -118.89594214388846 7.233958529583694 0
      vertex -85 85.75 0
      vertex -118.95933128559396 7.4023794390039965 0
    endloop
  endfacet
  facet normal 0 0 1
    outer loop
      vertex -118.95933128559396 7.4023794390039965 0
      vertex -85 85.75 0
      vertex -119.03359996078511 7.566293898102253 0
    endloop
  endfacet
  facet normal 0 0 1
    outer loop
      vertex -119.03359996078511 7.566293898102253 0
      vertex -85 85.75 0
      vertex -119.11843013959279 7.725 0
    endloop
  endfacet
  facet normal 0 0 1
    outer loop
      vertex -119.9721818591961 8.636541433831999 0
      vertex -119.82590607022601 8.531721685800896 0
      vertex -85 85.75 0
    endloop
  endfacet
  facet normal 0 0 1
    outer loop
      vertex -119.9721818591961 8.636541433831999 0
      vertex -85 85.75 0
      vertex -120.125 8.731569860407205 0
    endloop
  endfacet
  facet normal 0 0 1
    outer loop
      vertex -119.43244052943281 8.163200991525189 0
      vertex -85 85.75 0
      vertex -119.55545635173699 8.294543648263005 0
    endloop
  endfacet
  facet normal 0 0 1
    outer loop
      vertex -119.55545635173699 8.294543648263005 0
      vertex -85 85.75 0
      vertex -119.68679900847481 8.417559470567188 0
    endloop
  endfacet
  facet normal 0 0 1
    outer loop
      vertex -119.68679900847481 8.417559470567188 0
      vertex -85 85.75 0
      vertex -119.82590607022601 8.531721685800896 0
    endloop
  endfacet
  facet normal 0 0 1
    outer loop
      vertex -120.125 8.731569860407205 0
      vertex -85 85.75 0
      vertex -120.28370610189775 8.816400039214892 0
    endloop
  endfacet
  facet normal 0 0 1
    outer loop
      vertex -120.28370610189775 8.816400039214892 0
      vertex -85 85.75 0
      vertex -120.447620560996 8.890668714406038 0
    endloop
  endfacet
  facet normal 0 -1 0
    outer loop
      vertex -126.5 0 -3
      vertex 126.5 0 0
      vertex -126.5 0 0
    endloop
  endfacet
  facet normal 0 0 1
    outer loop
      vertex -126.5 0 0
      vertex 85 3.1500000000000057 0
      vertex -85 3.1500000000000057 0
    endloop
  endfacet
  facet normal 0 0 -1
    outer loop
      vertex -126.5 0 -3
      vertex -87.5 0.6500000000000057 -3
      vertex 126.5 0 -3
    endloop
  endfacet
  facet normal 0 0 -1
    outer loop
      vertex -123.786541433832 7.877818140803906 -3
      vertex -123.786541433832 81.0221818591961 -3
      vertex -123.6817216858009 80.87590607022601 -3
    endloop
  endfacet
  facet normal 0 0 -1
    outer loop
      vertex -123.6817216858009 8.024093929773981 -3
      vertex -123.6817216858009 80.87590607022601 -3
      vertex -123.56755947056719 80.7367990084748 -3
    endloop
  endfacet
  facet normal 0 0 -1
    outer loop
      vertex -124.15629602229494 7.061752374031932 -3
      vertex -124.15629602229494 81.83824762596807 -3
      vertex -124.10405785611154 81.6660414704163 -3
    endloop
  endfacet
  facet normal 0 0 -1
    outer loop
      vertex -124.10405785611154 7.233958529583694 -3
      vertex -124.10405785611154 81.6660414704163 -3
      vertex -124.04066871440604 81.497620560996 -3
    endloop
  endfacet
  facet normal 0 0 -1
    outer loop
      vertex -124.19715952110889 6.8864983855443525 -3
      vertex -124.19715952110889 82.01350161445565 -3
      vertex -124.15629602229494 81.83824762596807 -3
    endloop
  endfacet
  facet normal 0 0 -1
    outer loop
      vertex -123.88156986040721 7.725 -3
      vertex -123.88156986040721 81.175 -3
      vertex -123.786541433832 81.0221818591961 -3
    endloop
  endfacet
  facet normal 0 0 -1
    outer loop
      vertex -124.04066871440604 7.4023794390039965 -3
      vertex -124.04066871440604 81.497620560996 -3
      vertex -123.96640003921489 81.33370610189775 -3
    endloop
  endfacet
  facet normal 0 0 -1
    outer loop
      vertex -123.96640003921489 7.566293898102253 -3
      vertex -123.96640003921489 81.33370610189775 -3
      vertex -123.88156986040721 81.175 -3
    endloop
  endfacet
  facet normal 0 0 -1
    outer loop
      vertex -123.31320099152519 8.417559470567188 -3
      vertex -123.31320099152519 80.48244052943281 -3
      vertex -123.17409392977399 80.3682783141991 -3
    endloop
  endfacet
  facet normal 0 0 -1
    outer loop
      vertex -123.17409392977399 8.531721685800896 -3
      vertex -123.17409392977399 80.3682783141991 -3
      vertex -123.0278181408039 80.263458566168 -3
    endloop
  endfacet
  facet normal 0 0 -1
    outer loop
      vertex -123.56755947056719 8.163200991525189 -3
      vertex -123.56755947056719 80.7367990084748 -3
      vertex -123.44454364826301 80.60545635173699 -3
    endloop
  endfacet
  facet normal 0 0 -1
    outer loop
      vertex -123.44454364826301 8.294543648263005 -3
      vertex -123.44454364826301 80.60545635173699 -3
      vertex -123.31320099152519 80.48244052943281 -3
    endloop
  endfacet
  facet normal 0 0 -1
    outer loop
      vertex -122.875 8.731569860407205 -3
      vertex -122.875 80.16843013959279 -3
      vertex -122.71629389810225 80.08359996078511 -3
    endloop
  endfacet
  facet normal 0 0 -1
    outer loop
      vertex -123.0278181408039 8.636541433831999 -3
      vertex -123.0278181408039 80.263458566168 -3
      vertex -122.875 80.16843013959279 -3
    endloop
  endfacet
  facet normal 0 0 -1
    outer loop
      vertex -122.71629389810225 8.816400039214892 -3
      vertex -122.71629389810225 80.08359996078511 -3
      vertex -122.552379439004 80.00933128559396 -3
    endloop
  endfacet
  facet normal 0 0 -1
    outer loop
      vertex -126.5 0 -3
      vertex -126.5 88.9 -3
      vertex -124.25 82.55 -3
    endloop
  endfacet
  facet normal 0 0 -1
    outer loop
      vertex -124.24411203890617 6.529858605382893 -3
      vertex -124.24411203890617 82.37014139461711 -3
      vertex -124.22647336877797 82.19105297139485 -3
    endloop
  endfacet
  facet normal 0 0 -1
    outer loop
      vertex -124.22647336877797 6.708947028605142 -3
      vertex -124.22647336877797 82.19105297139485 -3
      vertex -124.19715952110889 82.01350161445565 -3
    endloop
  endfacet
  facet normal 0 0 -1
    outer loop
      vertex -124.25 6.35 -3
      vertex -124.25 82.55 -3
      vertex -124.24411203890617 82.37014139461711 -3
    endloop
  endfacet
  facet normal 0 0 -1
    outer loop
      vertex -122.21175237403193 9.006296022294936 -3
      vertex -122.21175237403193 79.89370397770506 -3
      vertex -122.03649838554435 79.85284047889111 -3
    endloop
  endfacet
  facet normal 0 0 -1
    outer loop
      vertex -122.03649838554435 9.047159521108883 -3
      vertex -122.03649838554435 79.85284047889111 -3
      vertex -121.85894702860514 79.82352663122202 -3
    endloop
  endfacet
  facet normal 0 0 -1
    outer loop
      vertex -121.85894702860514 9.076473368777979 -3
      vertex -121.85894702860514 79.82352663122202 -3
      vertex -121.67985860538289 79.80588796109384 -3
    endloop
  endfacet
  facet normal 0 0 -1
    outer loop
      vertex -121.67985860538289 9.09411203890616 -3
      vertex -121.67985860538289 79.80588796109384 -3
      vertex -121.5 79.8 -3
    endloop
  endfacet
  facet normal 0 0 -1
    outer loop
      vertex -121.5 9.1 -3
      vertex -121.5 79.8 -3
      vertex -121.32014139461711 79.80588796109384 -3
    endloop
  endfacet
  facet normal 0 0 -1
    outer loop
      vertex -121.32014139461711 9.09411203890616 -3
      vertex -121.32014139461711 79.80588796109384 -3
      vertex -121.14105297139486 79.82352663122202 -3
    endloop
  endfacet
  facet normal 0 0 -1
    outer loop
      vertex -121.14105297139486 9.076473368777979 -3
      vertex -121.14105297139486 79.82352663122202 -3
      vertex -120.96350161445565 79.85284047889111 -3
    endloop
  endfacet
  facet normal 0 0 -1
    outer loop
      vertex -122.552379439004 8.890668714406038 -3
      vertex -122.552379439004 80.00933128559396 -3
      vertex -122.3839585295837 79.94594214388846 -3
    endloop
  endfacet
  facet normal 0 0 -1
    outer loop
      vertex -122.3839585295837 8.95405785611154 -3
      vertex -122.3839585295837 79.94594214388846 -3
      vertex -122.21175237403193 79.89370397770506 -3
    endloop
  endfacet
  facet normal 0 0 -1
    outer loop
      vertex -120.96350161445565 9.047159521108883 -3
      vertex -120.96350161445565 79.85284047889111 -3
      vertex -120.78824762596807 79.89370397770506 -3
    endloop
  endfacet
  facet normal 0 0 -1
    outer loop
      vertex -120.78824762596807 9.006296022294936 -3
      vertex -120.78824762596807 79.89370397770506 -3
      vertex -120.6160414704163 79.94594214388846 -3
    endloop
  endfacet
  facet normal 0 0 -1
    outer loop
      vertex -120.6160414704163 8.95405785611154 -3
      vertex -120.6160414704163 79.94594214388846 -3
      vertex -120.447620560996 80.00933128559396 -3
    endloop
  endfacet
  facet normal 0 0 -1
    outer loop
      vertex -120.447620560996 8.890668714406038 -3
      vertex -120.447620560996 80.00933128559396 -3
      vertex -120.28370610189775 80.08359996078511 -3
    endloop
  endfacet
  facet normal 0 0 -1
    outer loop
      vertex -120.28370610189775 8.816400039214892 -3
      vertex -120.28370610189775 80.08359996078511 -3
      vertex -120.125 80.16843013959279 -3
    endloop
  endfacet
  facet normal 0 0 -1
    outer loop
      vertex -120.125 8.731569860407205 -3
      vertex -120.125 80.16843013959279 -3
      vertex -119.9721818591961 80.263458566168 -3
    endloop
  endfacet
  facet normal 0 0 -1
    outer loop
      vertex -119.9721818591961 8.636541433831999 -3
      vertex -119.9721818591961 80.263458566168 -3
      vertex -119.82590607022601 80.3682783141991 -3
    endloop
  endfacet
  facet normal 0 0 -1
    outer loop
      vertex -119.82590607022601 8.531721685800896 -3
      vertex -119.82590607022601 80.3682783141991 -3
      vertex -119.68679900847481 80.48244052943281 -3
    endloop
  endfacet
  facet normal 0 0 -1
    outer loop
      vertex -119.68679900847481 8.417559470567188 -3
      vertex -119.68679900847481 80.48244052943281 -3
      vertex -119.55545635173699 80.60545635173699 -3
    endloop
  endfacet
  facet normal 0 0 -1
    outer loop
      vertex -119.55545635173699 8.294543648263005 -3
      vertex -119.55545635173699 80.60545635173699 -3
      vertex -119.43244052943281 80.7367990084748 -3
    endloop
  endfacet
  facet normal 0 0 -1
    outer loop
      vertex -119.43244052943281 8.163200991525189 -3
      vertex -119.43244052943281 80.7367990084748 -3
      vertex -119.3182783141991 80.87590607022601 -3
    endloop
  endfacet
  facet normal 0 0 -1
    outer loop
      vertex -119.3182783141991 8.024093929773981 -3
      vertex -119.3182783141991 80.87590607022601 -3
      vertex -119.213458566168 81.0221818591961 -3
    endloop
  endfacet
  facet normal 0 0 -1
    outer loop
      vertex -119.213458566168 7.877818140803906 -3
      vertex -119.213458566168 81.0221818591961 -3
      vertex -119.11843013959279 81.175 -3
    endloop
  endfacet
  facet normal 0 0 -1
    outer loop
      vertex -119.11843013959279 7.725 -3
      vertex -119.11843013959279 81.175 -3
      vertex -119.03359996078511 81.33370610189775 -3
    endloop
  endfacet
  facet normal 0 0 -1
    outer loop
      vertex -119.03359996078511 7.566293898102253 -3
      vertex -119.03359996078511 81.33370610189775 -3
      vertex -118.95933128559396 81.497620560996 -3
    endloop
  endfacet
  facet normal 0 0 -1
    outer loop
      vertex -118.95933128559396 7.4023794390039965 -3
      vertex -118.95933128559396 81.497620560996 -3
      vertex -118.89594214388846 81.6660414704163 -3
    endloop
  endfacet
  facet normal 0 0 -1
    outer loop
      vertex -118.89594214388846 7.233958529583694 -3
      vertex -118.89594214388846 81.6660414704163 -3
      vertex -118.84370397770506 81.83824762596807 -3
    endloop
  endfacet
  facet normal -1 0 0
    outer loop
      vertex -126.5 0 -3
      vertex -126.5 88.9 0
      vertex -126.5 88.9 -3
    endloop
  endfacet
  facet normal 0 0 1
    outer loop
      vertex -123.56755947056719 8.163200991525189 0
      vertex -123.56755947056719 80.7367990084748 0
      vertex -123.6817216858009 80.87590607022601 0
    endloop
  endfacet
  facet normal 0 0 1
    outer loop
      vertex -124.04066871440604 7.4023794390039965 0
      vertex -124.04066871440604 81.497620560996 0
      vertex -124.10405785611154 81.6660414704163 0
    endloop
  endfacet
  facet normal 0 0 1
    outer loop
      vertex -123.786541433832 7.877818140803906 0
      vertex -123.786541433832 81.0221818591961 0
      vertex -123.88156986040721 81.175 0
    endloop
  endfacet
  facet normal 0 0 1
    outer loop
      vertex -123.88156986040721 7.725 0
      vertex -123.88156986040721 81.175 0
      vertex -123.96640003921489 81.33370610189775 0
    endloop
  endfacet
  facet normal 0 0 1
    outer loop
      vertex -123.6817216858009 8.024093929773981 0
      vertex -123.6817216858009 80.87590607022601 0
      vertex -123.786541433832 81.0221818591961 0
    endloop
  endfacet
  facet normal 0 0 1
    outer loop
      vertex -123.96640003921489 7.566293898102253 0
      vertex -123.96640003921489 81.33370610189775 0
      vertex -124.04066871440604 81.497620560996 0
    endloop
  endfacet
  facet normal 0 0 1
    outer loop
      vertex -123.0278181408039 8.636541433831999 0
      vertex -123.0278181408039 80.263458566168 0
      vertex -123.17409392977399 80.3682783141991 0
    endloop
  endfacet
  facet normal 0 0 1
    outer loop
      vertex -123.31320099152519 8.417559470567188 0
      vertex -123.31320099152519 80.48244052943281 0
      vertex -123.44454364826301 80.60545635173699 0
    endloop
  endfacet
  facet normal 0 0 1
    outer loop
      vertex -123.44454364826301 8.294543648263005 0
      vertex -123.44454364826301 80.60545635173699 0
      vertex -123.56755947056719 80.7367990084748 0
    endloop
  endfacet
  facet normal 0 0 1
    outer loop
      vertex -123.17409392977399 8.531721685800896 0
      vertex -123.17409392977399 80.3682783141991 0
      vertex -123.31320099152519 80.48244052943281 0
    endloop
  endfacet
  facet normal 0 0 1
    outer loop
      vertex -122.875 8.731569860407205 0
      vertex -122.875 80.16843013959279 0
      vertex -123.0278181408039 80.263458566168 0
    endloop
  endfacet
  facet normal 0 0 1
    outer loop
      vertex -122.552379439004 8.890668714406038 0
      vertex -122.552379439004 80.00933128559396 0
      vertex -122.71629389810225 80.08359996078511 0
    endloop
  endfacet
  facet normal 0 0 1
    outer loop
      vertex -122.71629389810225 8.816400039214892 0
      vertex -122.71629389810225 80.08359996078511 0
      vertex -122.875 80.16843013959279 0
    endloop
  endfacet
  facet normal 0 0 1
    outer loop
      vertex -121.85894702860514 9.076473368777979 0
      vertex -121.85894702860514 79.82352663122202 0
      vertex -122.03649838554435 79.85284047889111 0
    endloop
  endfacet
  facet normal 0 0 1
    outer loop
      vertex -121.5 9.1 0
      vertex -121.5 79.8 0
      vertex -121.67985860538289 79.80588796109384 0
    endloop
  endfacet
  facet normal 0 0 1
    outer loop
      vertex -121.67985860538289 9.09411203890616 0
      vertex -121.67985860538289 79.80588796109384 0
      vertex -121.85894702860514 79.82352663122202 0
    endloop
  endfacet
  facet normal 0 0 1
    outer loop
      vertex -121.32014139461711 9.09411203890616 0
      vertex -121.32014139461711 79.80588796109384 0
      vertex -121.5 79.8 0
    endloop
  endfacet
  facet normal 0 0 1
    outer loop
      vertex -121.14105297139486 9.076473368777979 0
      vertex -121.14105297139486 79.82352663122202 0
      vertex -121.32014139461711 79.80588796109384 0
    endloop
  endfacet
  facet normal 0 0 1
    outer loop
      vertex -120.78824762596807 9.006296022294936 0
      vertex -120.78824762596807 79.89370397770506 0
      vertex -120.96350161445565 79.85284047889111 0
    endloop
  endfacet
  facet normal 0 0 1
    outer loop
      vertex -120.96350161445565 9.047159521108883 0
      vertex -120.96350161445565 79.85284047889111 0
      vertex -121.14105297139486 79.82352663122202 0
    endloop
  endfacet
  facet normal 0 0 1
    outer loop
      vertex -122.3839585295837 8.95405785611154 0
      vertex -122.3839585295837 79.94594214388846 0
      vertex -122.552379439004 80.00933128559396 0
    endloop
  endfacet
  facet normal 0 0 1
    outer loop
      vertex -122.03649838554435 9.047159521108883 0
      vertex -122.03649838554435 79.85284047889111 0
      vertex -122.21175237403193 79.89370397770506 0
    endloop
  endfacet
  facet normal 0 0 1
    outer loop
      vertex -122.21175237403193 9.006296022294936 0
      vertex -122.21175237403193 79.89370397770506 0
      vertex -122.3839585295837 79.94594214388846 0
    endloop
  endfacet
  facet normal 0 0 1
    outer loop
      vertex -120.6160414704163 8.95405785611154 0
      vertex -120.6160414704163 79.94594214388846 0
      vertex -120.78824762596807 79.89370397770506 0
    endloop
  endfacet
  facet normal 0 0 1
    outer loop
      vertex -120.447620560996 8.890668714406038 0
      vertex -120.28370610189775 80.08359996078511 0
      vertex -120.447620560996 80.00933128559396 0
    endloop
  endfacet
  facet normal 0 0 1
    outer loop
      vertex -120.447620560996 8.890668714406038 0
      vertex -120.447620560996 80.00933128559396 0
      vertex -120.6160414704163 79.94594214388846 0
    endloop
  endfacet
  facet normal 0 0 1
    outer loop
      vertex -120.447620560996 8.890668714406038 0
      vertex -120.125 80.16843013959279 0
      vertex -120.28370610189775 80.08359996078511 0
    endloop
  endfacet
  facet normal 0 0 1
    outer loop
      vertex -120.447620560996 8.890668714406038 0
      vertex -119.82590607022601 80.3682783141991 0
      vertex -119.9721818591961 80.263458566168 0
    endloop
  endfacet
  facet normal 0 0 1
    outer loop
      vertex -120.447620560996 8.890668714406038 0
      vertex -119.9721818591961 80.263458566168 0
      vertex -120.125 80.16843013959279 0
    endloop
  endfacet
  facet normal 0 0 1
    outer loop
      vertex -120.447620560996 8.890668714406038 0
      vertex -119.68679900847481 80.48244052943281 0
      vertex -119.82590607022601 80.3682783141991 0
    endloop
  endfacet
  facet normal 0 0 1
    outer loop
      vertex -120.447620560996 8.890668714406038 0
      vertex -119.55545635173699 80.60545635173699 0
      vertex -119.68679900847481 80.48244052943281 0
    endloop
  endfacet
  facet normal 0 0 1
    outer loop
      vertex -120.447620560996 8.890668714406038 0
      vertex -119.43244052943281 80.7367990084748 0
      vertex -119.55545635173699 80.60545635173699 0
    endloop
  endfacet
  facet normal 0 0 1
    outer loop
      vertex -120.447620560996 8.890668714406038 0
      vertex -119.3182783141991 80.87590607022601 0
      vertex -119.43244052943281 80.7367990084748 0
    endloop
  endfacet
  facet normal 0 0 1
    outer loop
      vertex -120.447620560996 8.890668714406038 0
      vertex -119.213458566168 81.0221818591961 0
      vertex -119.3182783141991 80.87590607022601 0
    endloop
  endfacet
  facet normal 0 0 1
    outer loop
      vertex -120.447620560996 8.890668714406038 0
      vertex -119.11843013959279 81.175 0
      vertex -119.213458566168 81.0221818591961 0
    endloop
  endfacet
  facet normal 0 0 1
    outer loop
      vertex -120.447620560996 8.890668714406038 0
      vertex -119.03359996078511 81.33370610189775 0
      vertex -119.11843013959279 81.175 0
    endloop
  endfacet
  facet normal 0 0 1
    outer loop
      vertex -120.447620560996 8.890668714406038 0
      vertex -118.95933128559396 81.497620560996 0
      vertex -119.03359996078511 81.33370610189775 0
    endloop
  endfacet
  facet normal 0 0 1
    outer loop
      vertex -120.447620560996 8.890668714406038 0
      vertex -118.89594214388846 81.6660414704163 0
      vertex -118.95933128559396 81.497620560996 0
    endloop
  endfacet
  facet normal 0 0 1
    outer loop
      vertex -124.04066871440604 7.4023794390039965 0
      vertex -124.10405785611154 81.6660414704163 0
      vertex -126.5 88.9 0
    endloop
  endfacet
  facet normal 0 0 -1
    outer loop
      vertex -118.84370397770506 81.83824762596807 -3
      vertex -87.5 88.25 -3
      vertex -87.5 0.6500000000000057 -3
    endloop
  endfacet
  facet normal 0 0 1
    outer loop
      vertex -120.447620560996 8.890668714406038 0
      vertex -85 85.75 0
      vertex -118.89594214388846 81.6660414704163 0
    endloop
  endfacet
  facet normal 0 0 -1
    outer loop
      vertex -124.25 82.55 -3
      vertex -126.5 88.9 -3
      vertex -124.24411203890617 82.72985860538289 -3
    endloop
  endfacet
  facet normal 0 0 -1
    outer loop
      vertex -124.24411203890617 82.72985860538289 -3
      vertex -126.5 88.9 -3
      vertex -124.22647336877797 82.90894702860514 -3
    endloop
  endfacet
  facet normal 0 0 -1
    outer loop
      vertex -124.22647336877797 82.90894702860514 -3
      vertex -126.5 88.9 -3
      vertex -124.19715952110889 83.08649838554435 -3
    endloop
  endfacet
  facet normal 0 0 -1
    outer loop
      vertex -124.19715952110889 83.08649838554435 -3
      vertex -126.5 88.9 -3
      vertex -124.15629602229494 83.26175237403193 -3
    endloop
  endfacet
  facet normal 0 0 -1
    outer loop
      vertex -124.15629602229494 83.26175237403193 -3
      vertex -126.5 88.9 -3
      vertex -124.10405785611154 83.43395852958369 -3
    endloop
  endfacet
  facet normal 0 0 -1
    outer loop
      vertex -124.10405785611154 83.43395852958369 -3
      vertex -126.5 88.9 -3
      vertex -124.04066871440604 83.602379439004 -3
    endloop
  endfacet
  facet normal 0 0 -1
    outer loop
      vertex -124.04066871440604 83.602379439004 -3
      vertex -126.5 88.9 -3
      vertex -123.96640003921489 83.76629389810225 -3
    endloop
  endfacet
  facet normal 0 0 -1
    outer loop
      vertex -123.96640003921489 83.76629389810225 -3
      vertex -126.5 88.9 -3
      vertex -123.88156986040721 83.925 -3
    endloop
  endfacet
  facet normal 0 0 -1
    outer loop
      vertex -123.88156986040721 83.925 -3
      vertex -126.5 88.9 -3
      vertex -123.786541433832 84.0778181408039 -3
    endloop
  endfacet
  facet normal 0 0 -1
    outer loop
      vertex -123.786541433832 84.0778181408039 -3
      vertex -126.5 88.9 -3
      vertex -123.6817216858009 84.22409392977399 -3
    endloop
  endfacet
  facet normal 0 0 -1
    outer loop
      vertex -123.6817216858009 84.22409392977399 -3
      vertex -126.5 88.9 -3
      vertex -123.56755947056719 84.36320099152519 -3
    endloop
  endfacet
  facet normal 0 0 -1
    outer loop
      vertex -123.56755947056719 84.36320099152519 -3
      vertex -126.5 88.9 -3
      vertex -123.44454364826301 84.494543648263 -3
    endloop
  endfacet
  facet normal 0 0 -1
    outer loop
      vertex -123.44454364826301 84.494543648263 -3
      vertex -126.5 88.9 -3
      vertex -123.31320099152519 84.61755947056719 -3
    endloop
  endfacet
  facet normal 0 0 -1
    outer loop
      vertex -123.31320099152519 84.61755947056719 -3
      vertex -126.5 88.9 -3
      vertex -123.17409392977399 84.73172168580089 -3
    endloop
  endfacet
  facet normal 0 0 -1
    outer loop
      vertex -123.17409392977399 84.73172168580089 -3
      vertex -126.5 88.9 -3
      vertex -123.0278181408039 84.836541433832 -3
    endloop
  endfacet
  facet normal 0 0 -1
    outer loop
      vertex -123.0278181408039 84.836541433832 -3
      vertex -126.5 88.9 -3
      vertex -122.875 84.93156986040721 -3
    endloop
  endfacet
  facet normal 0 0 -1
    outer loop
      vertex -122.875 84.93156986040721 -3
      vertex -126.5 88.9 -3
      vertex -122.71629389810225 85.01640003921489 -3
    endloop
  endfacet
  facet normal 0 0 -1
    outer loop
      vertex -122.71629389810225 85.01640003921489 -3
      vertex -126.5 88.9 -3
      vertex -122.552379439004 85.09066871440604 -3
    endloop
  endfacet
  facet normal 0 0 -1
    outer loop
      vertex -122.552379439004 85.09066871440604 -3
      vertex -126.5 88.9 -3
      vertex -122.3839585295837 85.15405785611154 -3
    endloop
  endfacet
  facet normal 0 0 -1
    outer loop
      vertex -122.3839585295837 85.15405785611154 -3
      vertex -126.5 88.9 -3
      vertex -122.21175237403193 85.20629602229494 -3
    endloop
  endfacet
  facet normal 0 0 -1
    outer loop
      vertex -122.21175237403193 85.20629602229494 -3
      vertex -126.5 88.9 -3
      vertex -122.03649838554435 85.24715952110888 -3
    endloop
  endfacet
  facet normal 0 0 -1
    outer loop
      vertex -122.03649838554435 85.24715952110888 -3
      vertex -126.5 88.9 -3
      vertex -121.85894702860514 85.27647336877797 -3
    endloop
  endfacet
  facet normal 0 0 -1
    outer loop
      vertex -121.85894702860514 85.27647336877797 -3
      vertex -126.5 88.9 -3
      vertex -121.67985860538289 85.29411203890615 -3
    endloop
  endfacet
  facet normal 0 0 -1
    outer loop
      vertex -121.67985860538289 85.29411203890615 -3
      vertex -126.5 88.9 -3
      vertex -121.5 85.3 -3
    endloop
  endfacet
  facet normal 0 0 -1
    outer loop
      vertex -121.5 85.3 -3
      vertex -126.5 88.9 -3
      vertex -121.32014139461711 85.29411203890615 -3
    endloop
  endfacet
  facet normal 0 0 -1
    outer loop
      vertex -121.32014139461711 85.29411203890615 -3
      vertex -126.5 88.9 -3
      vertex -87.5 88.25 -3
    endloop
  endfacet
  facet normal 0 0 1
    outer loop
      vertex -124.10405785611154 81.6660414704163 0
      vertex -124.15629602229494 81.83824762596807 0
      vertex -126.5 88.9 0
    endloop
  endfacet
  facet normal 0 0 1
    outer loop
      vertex -124.15629602229494 81.83824762596807 0
      vertex -124.19715952110889 82.01350161445565 0
      vertex -126.5 88.9 0
    endloop
  endfacet
  facet normal 0 0 1
    outer loop
      vertex -124.19715952110889 82.01350161445565 0
      vertex -124.22647336877797 82.19105297139485 0
      vertex -126.5 88.9 0
    endloop
  endfacet
  facet normal 0 0 1
    outer loop
      vertex -124.22647336877797 82.19105297139485 0
      vertex -124.24411203890617 82.37014139461711 0
      vertex -126.5 88.9 0
    endloop
  endfacet
  facet normal 0 0 1
    outer loop
      vertex -124.24411203890617 82.37014139461711 0
      vertex -124.25 82.55 0
      vertex -126.5 88.9 0
    endloop
  endfacet
  facet normal 0 0 1
    outer loop
      vertex -124.25 82.55 0
      vertex -124.24411203890617 82.72985860538289 0
      vertex -126.5 88.9 0
    endloop
  endfacet
  facet normal 0 0 1
    outer loop
      vertex -124.24411203890617 82.72985860538289 0
      vertex -124.22647336877797 82.90894702860514 0
      vertex -126.5 88.9 0
    endloop
  endfacet
  facet normal 0 0 1
    outer loop
      vertex -124.22647336877797 82.90894702860514 0
      vertex -124.19715952110889 83.08649838554435 0
      vertex -126.5 88.9 0
    endloop
  endfacet
  facet normal 0 0 1
    outer loop
      vertex -124.19715952110889 83.08649838554435 0
      vertex -124.15629602229494 83.26175237403193 0
      vertex -126.5 88.9 0
    endloop
  endfacet
  facet normal 0 0 1
    outer loop
      vertex -124.15629602229494 83.26175237403193 0
      vertex -124.10405785611154 83.43395852958369 0
      vertex -126.5 88.9 0
    endloop
  endfacet
  facet normal 0 0 1
    outer loop
      vertex -124.10405785611154 83.43395852958369 0
      vertex -124.04066871440604 83.602379439004 0
      vertex -126.5 88.9 0
    endloop
  endfacet
  facet normal 0 0 1
    outer loop
      vertex -124.04066871440604 83.602379439004 0
      vertex -123.96640003921489 83.76629389810225 0
      vertex -126.5 88.9 0
    endloop
  endfacet
  facet normal 0 0 1
    outer loop
      vertex -123.96640003921489 83.76629389810225 0
      vertex -123.88156986040721 83.925 0
      vertex -126.5 88.9 0
    endloop
  endfacet
  facet normal 0 0 1
    outer loop
      vertex -123.88156986040721 83.925 0
      vertex -123.786541433832 84.0778181408039 0
      vertex -126.5 88.9 0
    endloop
  endfacet
  facet normal 0 0 1
    outer loop
      vertex -123.786541433832 84.0778181408039 0
      vertex -123.6817216858009 84.22409392977399 0
      vertex -126.5 88.9 0
    endloop
  endfacet
  facet normal 0 0 1
    outer loop
      vertex -123.6817216858009 84.22409392977399 0
      vertex -123.56755947056719 84.36320099152519 0
      vertex -126.5 88.9 0
    endloop
  endfacet
  facet normal 0 0 1
    outer loop
      vertex -123.56755947056719 84.36320099152519 0
      vertex -123.44454364826301 84.494543648263 0
      vertex -126.5 88.9 0
    endloop
  endfacet
  facet normal 0 0 1
    outer loop
      vertex -123.44454364826301 84.494543648263 0
      vertex -123.31320099152519 84.61755947056719 0
      vertex -126.5 88.9 0
    endloop
  endfacet
  facet normal 0 0 1
    outer loop
      vertex -123.31320099152519 84.61755947056719 0
      vertex -123.17409392977399 84.73172168580089 0
      vertex -126.5 88.9 0
    endloop
  endfacet
  facet normal 0 0 1
    outer loop
      vertex -123.17409392977399 84.73172168580089 0
      vertex -123.0278181408039 84.836541433832 0
      vertex -126.5 88.9 0
    endloop
  endfacet
  facet normal 0 0 1
    outer loop
      vertex -123.0278181408039 84.836541433832 0
      vertex -122.875 84.93156986040721 0
      vertex -126.5 88.9 0
    endloop
  endfacet
  facet normal 0 0 1
    outer loop
      vertex -122.875 84.93156986040721 0
      vertex -122.71629389810225 85.01640003921489 0
      vertex -126.5 88.9 0
    endloop
  endfacet
  facet normal 0 0 1
    outer loop
      vertex -122.71629389810225 85.01640003921489 0
      vertex -122.552379439004 85.09066871440604 0
      vertex -126.5 88.9 0
    endloop
  endfacet
  facet normal 0 0 1
    outer loop
      vertex -122.552379439004 85.09066871440604 0
      vertex -122.3839585295837 85.15405785611154 0
      vertex -126.5 88.9 0
    endloop
  endfacet
  facet normal 0 0 1
    outer loop
      vertex -122.3839585295837 85.15405785611154 0
      vertex -122.21175237403193 85.20629602229494 0
      vertex -126.5 88.9 0
    endloop
  endfacet
  facet normal 0 0 1
    outer loop
      vertex -122.21175237403193 85.20629602229494 0
      vertex -122.03649838554435 85.24715952110888 0
      vertex -126.5 88.9 0
    endloop
  endfacet
  facet normal 0 0 1
    outer loop
      vertex -120.96350161445565 85.24715952110888 0
      vertex -120.78824762596807 85.20629602229494 0
      vertex -126.5 88.9 0
    endloop
  endfacet
  facet normal 0 0 1
    outer loop
      vertex -120.6160414704163 85.15405785611154 0
      vertex -126.5 88.9 0
      vertex -120.78824762596807 85.20629602229494 0
    endloop
  endfacet
  facet normal 0 0 1
    outer loop
      vertex -122.03649838554435 85.24715952110888 0
      vertex -121.85894702860514 85.27647336877797 0
      vertex -126.5 88.9 0
    endloop
  endfacet
  facet normal 0 0 1
    outer loop
      vertex -121.85894702860514 85.27647336877797 0
      vertex -121.67985860538289 85.29411203890615 0
      vertex -126.5 88.9 0
    endloop
  endfacet
  facet normal 0 0 1
    outer loop
      vertex -121.67985860538289 85.29411203890615 0
      vertex -121.5 85.3 0
      vertex -126.5 88.9 0
    endloop
  endfacet
  facet normal 0 0 1
    outer loop
      vertex -121.5 85.3 0
      vertex -121.32014139461711 85.29411203890615 0
      vertex -126.5 88.9 0
    endloop
  endfacet
  facet normal 0 0 1
    outer loop
      vertex -121.32014139461711 85.29411203890615 0
      vertex -121.14105297139486 85.27647336877797 0
      vertex -126.5 88.9 0
    endloop
  endfacet
  facet normal 0 0 1
    outer loop
      vertex -121.14105297139486 85.27647336877797 0
      vertex -120.96350161445565 85.24715952110888 0
      vertex -126.5 88.9 0
    endloop
  endfacet
  facet normal 0 0 1
    outer loop
      vertex -120.125 84.93156986040721 0
      vertex -126.5 88.9 0
      vertex -120.28370610189775 85.01640003921489 0
    endloop
  endfacet
  facet normal 0 0 1
    outer loop
      vertex -120.125 84.93156986040721 0
      vertex -119.9721818591961 84.836541433832 0
      vertex -126.5 88.9 0
    endloop
  endfacet
  facet normal 0 0 1
    outer loop
      vertex -120.28370610189775 85.01640003921489 0
      vertex -126.5 88.9 0
      vertex -120.447620560996 85.09066871440604 0
    endloop
  endfacet
  facet normal 0 0 1
    outer loop
      vertex -120.6160414704163 85.15405785611154 0
      vertex -120.447620560996 85.09066871440604 0
      vertex -126.5 88.9 0
    endloop
  endfacet
  facet normal 0 0 1
    outer loop
      vertex -118.89594214388846 81.6660414704163 0
      vertex -85 85.75 0
      vertex -118.84370397770506 81.83824762596807 0
    endloop
  endfacet
  facet normal 0 0 1
    outer loop
      vertex -118.84370397770506 81.83824762596807 0
      vertex -85 85.75 0
      vertex -118.80284047889111 82.01350161445565 0
    endloop
  endfacet
  facet normal 0 0 1
    outer loop
      vertex -118.80284047889111 82.01350161445565 0
      vertex -85 85.75 0
      vertex -118.77352663122203 82.19105297139485 0
    endloop
  endfacet
  facet normal 0 0 -1
    outer loop
      vertex -118.84370397770506 81.83824762596807 -3
      vertex -118.80284047889111 82.01350161445565 -3
      vertex -87.5 88.25 -3
    endloop
  endfacet
  facet normal 0 0 -1
    outer loop
      vertex -118.80284047889111 82.01350161445565 -3
      vertex -118.77352663122203 82.19105297139485 -3
      vertex -87.5 88.25 -3
    endloop
  endfacet
  facet normal 0 0 -1
    outer loop
      vertex -118.77352663122203 82.19105297139485 -3
      vertex -118.75588796109383 82.37014139461711 -3
      vertex -87.5 88.25 -3
    endloop
  endfacet
  facet normal 0 0 -1
    outer loop
      vertex -118.75588796109383 82.37014139461711 -3
      vertex -118.75 82.55 -3
      vertex -87.5 88.25 -3
    endloop
  endfacet
  facet normal 0 0 -1
    outer loop
      vertex -118.75 82.55 -3
      vertex -118.75588796109383 82.72985860538289 -3
      vertex -87.5 88.25 -3
    endloop
  endfacet
  facet normal 0 0 -1
    outer loop
      vertex -118.75588796109383 82.72985860538289 -3
      vertex -118.77352663122203 82.90894702860514 -3
      vertex -87.5 88.25 -3
    endloop
  endfacet
  facet normal 0 0 -1
    outer loop
      vertex -119.43244052943281 84.36320099152519 -3
      vertex -87.5 88.25 -3
      vertex -119.3182783141991 84.22409392977399 -3
    endloop
  endfacet
  facet normal 0 0 -1
    outer loop
      vertex -119.43244052943281 84.36320099152519 -3
      vertex -119.55545635173699 84.494543648263 -3
      vertex -87.5 88.25 -3
    endloop
  endfacet
  facet normal 0 0 -1
    outer loop
      vertex -120.125 84.93156986040721 -3
      vertex -120.28370610189775 85.01640003921489 -3
      vertex -87.5 88.25 -3
    endloop
  endfacet
  facet normal 0 0 -1
    outer loop
      vertex -120.28370610189775 85.01640003921489 -3
      vertex -120.447620560996 85.09066871440604 -3
      vertex -87.5 88.25 -3
    endloop
  endfacet
  facet normal 0 0 -1
    outer loop
      vertex -119.68679900847481 84.61755947056719 -3
      vertex -119.82590607022601 84.73172168580089 -3
      vertex -87.5 88.25 -3
    endloop
  endfacet
  facet normal 0 0 -1
    outer loop
      vertex -119.82590607022601 84.73172168580089 -3
      vertex -119.9721818591961 84.836541433832 -3
      vertex -87.5 88.25 -3
    endloop
  endfacet
  facet normal 0 0 -1
    outer loop
      vertex -119.68679900847481 84.61755947056719 -3
      vertex -87.5 88.25 -3
      vertex -119.55545635173699 84.494543648263 -3
    endloop
  endfacet
  facet normal 0 0 -1
    outer loop
      vertex -120.125 84.93156986040721 -3
      vertex -87.5 88.25 -3
      vertex -119.9721818591961 84.836541433832 -3
    endloop
  endfacet
  facet normal 0 0 -1
    outer loop
      vertex -118.77352663122203 82.90894702860514 -3
      vertex -118.80284047889111 83.08649838554435 -3
      vertex -87.5 88.25 -3
    endloop
  endfacet
  facet normal 0 0 -1
    outer loop
      vertex -118.80284047889111 83.08649838554435 -3
      vertex -118.84370397770506 83.26175237403193 -3
      vertex -87.5 88.25 -3
    endloop
  endfacet
  facet normal 0 0 -1
    outer loop
      vertex -118.84370397770506 83.26175237403193 -3
      vertex -118.89594214388846 83.43395852958369 -3
      vertex -87.5 88.25 -3
    endloop
  endfacet
  facet normal 0 0 -1
    outer loop
      vertex -118.95933128559396 83.602379439004 -3
      vertex -119.03359996078511 83.76629389810225 -3
      vertex -87.5 88.25 -3
    endloop
  endfacet
  facet normal 0 0 -1
    outer loop
      vertex -118.89594214388846 83.43395852958369 -3
      vertex -118.95933128559396 83.602379439004 -3
      vertex -87.5 88.25 -3
    endloop
  endfacet
  facet normal 0 0 -1
    outer loop
      vertex -119.11843013959279 83.925 -3
      vertex -87.5 88.25 -3
      vertex -119.03359996078511 83.76629389810225 -3
    endloop
  endfacet
  facet normal 0 0 -1
    outer loop
      vertex -119.11843013959279 83.925 -3
      vertex -119.213458566168 84.0778181408039 -3
      vertex -87.5 88.25 -3
    endloop
  endfacet
  facet normal 0 0 -1
    outer loop
      vertex -119.213458566168 84.0778181408039 -3
      vertex -119.3182783141991 84.22409392977399 -3
      vertex -87.5 88.25 -3
    endloop
  endfacet
  facet normal 0 0 -1
    outer loop
      vertex -121.32014139461711 85.29411203890615 -3
      vertex -87.5 88.25 -3
      vertex -121.14105297139486 85.27647336877797 -3
    endloop
  endfacet
  facet normal 0 0 -1
    outer loop
      vertex -120.96350161445565 85.24715952110888 -3
      vertex -87.5 88.25 -3
      vertex -120.78824762596807 85.20629602229494 -3
    endloop
  endfacet
  facet normal 0 0 -1
    outer loop
      vertex -121.14105297139486 85.27647336877797 -3
      vertex -87.5 88.25 -3
      vertex -120.96350161445565 85.24715952110888 -3
    endloop
  endfacet
  facet normal 0 0 -1
    outer loop
      vertex -120.6160414704163 85.15405785611154 -3
      vertex -120.78824762596807 85.20629602229494 -3
      vertex -87.5 88.25 -3
    endloop
  endfacet
  facet normal 0 0 -1
    outer loop
      vertex -120.6160414704163 85.15405785611154 -3
      vertex -87.5 88.25 -3
      vertex -120.447620560996 85.09066871440604 -3
    endloop
  endfacet
  facet normal 0 0 1
    outer loop
      vertex -118.77352663122203 82.19105297139485 0
      vertex -85 85.75 0
      vertex -118.75588796109383 82.37014139461711 0
    endloop
  endfacet
  facet normal 0 0 1
    outer loop
      vertex -118.75588796109383 82.37014139461711 0
      vertex -85 85.75 0
      vertex -118.75 82.55 0
    endloop
  endfacet
  facet normal 0 0 1
    outer loop
      vertex -118.75 82.55 0
      vertex -85 85.75 0
      vertex -118.75588796109383 82.72985860538289 0
    endloop
  endfacet
  facet normal 0 0 1
    outer loop
      vertex -118.75588796109383 82.72985860538289 0
      vertex -85 85.75 0
      vertex -118.77352663122203 82.90894702860514 0
    endloop
  endfacet
  facet normal 0 0 1
    outer loop
      vertex -118.77352663122203 82.90894702860514 0
      vertex -85 85.75 0
      vertex -118.80284047889111 83.08649838554435 0
    endloop
  endfacet
  facet normal 0 0 1
    outer loop
      vertex -118.80284047889111 83.08649838554435 0
      vertex -85 85.75 0
      vertex -118.84370397770506 83.26175237403193 0
    endloop
  endfacet
  facet normal 0 0 1
    outer loop
      vertex -119.11843013959279 83.925 0
      vertex -85 85.75 0
      vertex -119.213458566168 84.0778181408039 0
    endloop
  endfacet
  facet normal 0 0 1
    outer loop
      vertex -119.213458566168 84.0778181408039 0
      vertex -85 85.75 0
      vertex -119.3182783141991 84.22409392977399 0
    endloop
  endfacet
  facet normal 0 0 1
    outer loop
      vertex -118.84370397770506 83.26175237403193 0
      vertex -85 85.75 0
      vertex -118.89594214388846 83.43395852958369 0
    endloop
  endfacet
  facet normal 0 0 1
    outer loop
      vertex -118.89594214388846 83.43395852958369 0
      vertex -85 85.75 0
      vertex -118.95933128559396 83.602379439004 0
    endloop
  endfacet
  facet normal 0 0 1
    outer loop
      vertex -118.95933128559396 83.602379439004 0
      vertex -85 85.75 0
      vertex -119.03359996078511 83.76629389810225 0
    endloop
  endfacet
  facet normal 0 0 1
    outer loop
      vertex -119.11843013959279 83.925 0
      vertex -119.03359996078511 83.76629389810225 0
      vertex -85 85.75 0
    endloop
  endfacet
  facet normal 0 0 1
    outer loop
      vertex -119.43244052943281 84.36320099152519 0
      vertex -85 85.75 0
      vertex -119.55545635173699 84.494543648263 0
    endloop
  endfacet
  facet normal 0 0 1
    outer loop
      vertex -119.43244052943281 84.36320099152519 0
      vertex -119.3182783141991 84.22409392977399 0
      vertex -85 85.75 0
    endloop
  endfacet
  facet normal 0 0 1
    outer loop
      vertex -119.68679900847481 84.61755947056719 0
      vertex -119.55545635173699 84.494543648263 0
      vertex -85 85.75 0
    endloop
  endfacet
  facet normal 0 0 1
    outer loop
      vertex -119.68679900847481 84.61755947056719 0
      vertex -85 85.75 0
      vertex -119.82590607022601 84.73172168580089 0
    endloop
  endfacet
  facet normal 0 0 1
    outer loop
      vertex -119.82590607022601 84.73172168580089 0
      vertex -85 85.75 0
      vertex -119.9721818591961 84.836541433832 0
    endloop
  endfacet
  facet normal 0 0 1
    outer loop
      vertex -119.9721818591961 84.836541433832 0
      vertex -85 85.75 0
      vertex -126.5 88.9 0
    endloop
  endfacet
  facet normal 0 0 -1
    outer loop
      vertex -126.5 88.9 -3
      vertex 87.5 88.25 -3
      vertex -87.5 88.25 -3
    endloop
  endfacet
  facet normal 0 1 0
    outer loop
      vertex -126.5 88.9 -3
      vertex -126.5 88.9 0
      vertex 126.5 88.9 -3
    endloop
  endfacet
  facet normal 0 0 1
    outer loop
      vertex -126.5 88.9 0
      vertex -85 85.75 0
      vertex 126.5 88.9 0
    endloop
  endfacet
  facet normal 0 0 1
    outer loop
      vertex -126.5 0 0
      vertex 126.5 0 0
      vertex 85 3.1500000000000057 0
    endloop
  endfacet
  facet normal 0 0 -1
    outer loop
      vertex 126.5 0 -3
      vertex -87.5 0.6500000000000057 -3
      vertex 87.5 0.6500000000000057 -3
    endloop
  endfacet
  facet normal 0 -1 0
    outer loop
      vertex -126.5 0 -3
      vertex 126.5 0 -3
      vertex 126.5 0 0
    endloop
  endfacet
  facet normal 0 0 -1
    outer loop
      vertex 98.3928026734842 20.815349352524475 -3
      vertex 98.7059047744874 20.720370868554664 -3
      vertex 87.5 0.6500000000000057 -3
    endloop
  endfacet
  facet normal 0 0 -1
    outer loop
      vertex 97.78855654890499 21.065636292336563 -3
      vertex 98.08658283817455 20.93060233744357 -3
      vertex 87.5 0.6500000000000057 -3
    endloop
  endfacet
  facet normal 0 0 -1
    outer loop
      vertex 98.3928026734842 20.815349352524475 -3
      vertex 87.5 0.6500000000000057 -3
      vertex 98.08658283817455 20.93060233744357 -3
    endloop
  endfacet
  facet normal 0 0 -1
    outer loop
      vertex 97.78855654890499 21.065636292336563 -3
      vertex 87.5 0.6500000000000057 -3
      vertex 97.5 21.219872981077813 -3
    endloop
  endfacet
  facet normal 0 0 -1
    outer loop
      vertex 97.22214883490199 21.392651938487276 -3
      vertex 97.5 21.219872981077813 -3
      vertex 87.5 0.6500000000000057 -3
    endloop
  endfacet
  facet normal 0 0 -1
    outer loop
      vertex 97.22214883490199 21.392651938487276 -3
      vertex 87.5 0.6500000000000057 -3
      vertex 96.9561928549564 21.583233298543828 -3
    endloop
  endfacet
  facet normal 0 0 -1
    outer loop
      vertex 96.70327092449966 21.79080096260512 -3
      vertex 96.9561928549564 21.583233298543828 -3
      vertex 87.5 0.6500000000000057 -3
    endloop
  endfacet
  facet normal 0 0 -1
    outer loop
      vertex 96.70327092449966 21.79080096260512 -3
      vertex 87.5 0.6500000000000057 -3
      vertex 96.46446609406726 22.014466094067267 -3
    endloop
  endfacet
  facet normal 0 0 -1
    outer loop
      vertex 96.2408009626051 22.25327092449966 -3
      vertex 87.5 0.6500000000000057 -3
      vertex 96.03323329854382 22.506192854956403 -3
    endloop
  endfacet
  facet normal 0 0 -1
    outer loop
      vertex 96.46446609406726 22.014466094067267 -3
      vertex 87.5 0.6500000000000057 -3
      vertex 96.2408009626051 22.25327092449966 -3
    endloop
  endfacet
  facet normal 0 0 -1
    outer loop
      vertex 95.6698729810778 23.050000000000004 -3
      vertex 87.5 0.6500000000000057 -3
      vertex 95.51563629233655 23.338556548904997 -3
    endloop
  endfacet
  facet normal 0 0 -1
    outer loop
      vertex 95.51563629233655 23.338556548904997 -3
      vertex 87.5 0.6500000000000057 -3
      vertex 95.38060233744356 23.636582838174554 -3
    endloop
  endfacet
  facet normal 0 0 -1
    outer loop
      vertex 95.26534935252447 23.942802673484195 -3
      vertex 95.38060233744356 23.636582838174554 -3
      vertex 87.5 0.6500000000000057 -3
    endloop
  endfacet
  facet normal 0 0 -1
    outer loop
      vertex 95.26534935252447 23.942802673484195 -3
      vertex 87.5 0.6500000000000057 -3
      vertex 95.17037086855466 24.2559047744874 -3
    endloop
  endfacet
  facet normal 0 0 -1
    outer loop
      vertex 95.17037086855466 24.2559047744874 -3
      vertex 87.5 0.6500000000000057 -3
      vertex 95.09607359798385 24.574548389919364 -3
    endloop
  endfacet
  facet normal 0 0 -1
    outer loop
      vertex 95.84265193848728 22.772148834901994 -3
      vertex 96.03323329854382 22.506192854956403 -3
      vertex 87.5 0.6500000000000057 -3
    endloop
  endfacet
  facet normal 0 0 -1
    outer loop
      vertex 95.84265193848728 22.772148834901994 -3
      vertex 87.5 0.6500000000000057 -3
      vertex 95.6698729810778 23.050000000000004 -3
    endloop
  endfacet
  facet normal 0 0 1
    outer loop
      vertex 85 3.2165592264303022 0
      vertex 97.5 21.219872981077813 0
      vertex 97.22214883490199 21.392651938487276 0
    endloop
  endfacet
  facet normal 0 0 1
    outer loop
      vertex 85 3.2165592264303022 0
      vertex 98.08658283817455 20.93060233744357 0
      vertex 97.78855654890499 21.065636292336563 0
    endloop
  endfacet
  facet normal 0 0 1
    outer loop
      vertex 85 3.2165592264303022 0
      vertex 98.3928026734842 20.815349352524475 0
      vertex 98.08658283817455 20.93060233744357 0
    endloop
  endfacet
  facet normal 0 0 1
    outer loop
      vertex 85 3.2165592264303022 0
      vertex 97.78855654890499 21.065636292336563 0
      vertex 97.5 21.219872981077813 0
    endloop
  endfacet
  facet normal 0 0 1
    outer loop
      vertex 85 3.2165592264303022 0
      vertex 98.7059047744874 20.720370868554664 0
      vertex 98.3928026734842 20.815349352524475 0
    endloop
  endfacet
  facet normal 0 0 1
    outer loop
      vertex 85 3.2165592264303022 0
      vertex 99.02454838991936 20.64607359798385 0
      vertex 98.7059047744874 20.720370868554664 0
    endloop
  endfacet
  facet normal 0 0 1
    outer loop
      vertex 85 3.2165592264303022 0
      vertex 99.34736903889974 20.592775693130953 0
      vertex 99.02454838991936 20.64607359798385 0
    endloop
  endfacet
  facet normal 0 0 1
    outer loop
      vertex 85 3.2165592264303022 0
      vertex 96.9561928549564 21.583233298543828 0
      vertex 96.70327092449966 21.79080096260512 0
    endloop
  endfacet
  facet normal 0 0 1
    outer loop
      vertex 85 3.2165592264303022 0
      vertex 96.70327092449966 21.79080096260512 0
      vertex 96.46446609406726 22.014466094067267 0
    endloop
  endfacet
  facet normal 0 0 1
    outer loop
      vertex 85 3.2165592264303022 0
      vertex 96.46446609406726 22.014466094067267 0
      vertex 96.2408009626051 22.25327092449966 0
    endloop
  endfacet
  facet normal 0 0 1
    outer loop
      vertex 85 3.2165592264303022 0
      vertex 96.03323329854382 22.506192854956403 0
      vertex 95.84265193848728 22.772148834901994 0
    endloop
  endfacet
  facet normal 0 0 1
    outer loop
      vertex 85 3.2165592264303022 0
      vertex 96.2408009626051 22.25327092449966 0
      vertex 96.03323329854382 22.506192854956403 0
    endloop
  endfacet
  facet normal 0 0 1
    outer loop
      vertex 85 3.2165592264303022 0
      vertex 95.84265193848728 22.772148834901994 0
      vertex 95.6698729810778 23.050000000000004 0
    endloop
  endfacet
  facet normal 0 0 1
    outer loop
      vertex 85 3.2165592264303022 0
      vertex 95.6698729810778 23.050000000000004 0
      vertex 95.51563629233655 23.338556548904997 0
    endloop
  endfacet
  facet normal 0 0 1
    outer loop
      vertex 85 3.2165592264303022 0
      vertex 97.22214883490199 21.392651938487276 0
      vertex 96.9561928549564 21.583233298543828 0
    endloop
  endfacet
  facet normal 0 0 -1
    outer loop
      vertex 95.09607359798385 24.574548389919364 -3
      vertex 87.5 0.6500000000000057 -3
      vertex 95.04277569313095 24.897369038899747 -3
    endloop
  endfacet
  facet normal 0 0 -1
    outer loop
      vertex 95.04277569313095 24.897369038899747 -3
      vertex 87.5 0.6500000000000057 -3
      vertex 95.01070538380698 25.222984353849288 -3
    endloop
  endfacet
  facet normal 0 0 -1
    outer loop
      vertex 95.01070538380698 25.222984353849288 -3
      vertex 87.5 0.6500000000000057 -3
      vertex 95 25.550000000000004 -3
    endloop
  endfacet
  facet normal 0 0 -1
    outer loop
      vertex 95 25.550000000000004 -3
      vertex 87.5 0.6500000000000057 -3
      vertex 89 36.45 -3
    endloop
  endfacet
  facet normal 0 0 1
    outer loop
      vertex 85 3.2165592264303022 0
      vertex 95.38060233744356 23.636582838174554 0
      vertex 95.26534935252447 23.942802673484195 0
    endloop
  endfacet
  facet normal 0 0 1
    outer loop
      vertex 85 3.2165592264303022 0
      vertex 95.26534935252447 23.942802673484195 0
      vertex 95.17037086855466 24.2559047744874 0
    endloop
  endfacet
  facet normal 0 0 1
    outer loop
      vertex 85 3.2165592264303022 0
      vertex 95.17037086855466 24.2559047744874 0
      vertex 95.09607359798385 24.574548389919364 0
    endloop
  endfacet
  facet normal 0 0 1
    outer loop
      vertex 85 3.2165592264303022 0
      vertex 95.51563629233655 23.338556548904997 0
      vertex 95.38060233744356 23.636582838174554 0
    endloop
  endfacet
  facet normal 0 0 1
    outer loop
      vertex 85 3.2165592264303022 0
      vertex 95.09607359798385 24.574548389919364 0
      vertex 95.04277569313095 24.897369038899747 0
    endloop
  endfacet
  facet normal 0 0 1
    outer loop
      vertex 85 3.2165592264303022 0
      vertex 95.04277569313095 24.897369038899747 0
      vertex 95.01070538380698 25.222984353849288 0
    endloop
  endfacet
  facet normal 0 0 1
    outer loop
      vertex 85 3.2165592264303022 0
      vertex 95.01070538380698 25.222984353849288 0
      vertex 95 25.550000000000004 0
    endloop
  endfacet
  facet normal 0 0 -1
    outer loop
      vertex 120.447620560996 3.809331285593961 -3
      vertex 120.6160414704163 3.745942143888459 -3
      vertex 87.5 0.6500000000000057 -3
    endloop
  endfacet
  facet normal 0 0 -1
    outer loop
      vertex 120.78824762596807 3.693703977705062 -3
      vertex 87.5 0.6500000000000057 -3
      vertex 120.6160414704163 3.745942143888459 -3
    endloop
  endfacet
  facet normal 0 0 -1
    outer loop
      vertex 120.96350161445565 3.652840478891116 -3
      vertex 121.14105297139486 3.623526631222021 -3
      vertex 87.5 0.6500000000000057 -3
    endloop
  endfacet
  facet normal 0 0 -1
    outer loop
      vertex 120.78824762596807 3.693703977705062 -3
      vertex 120.96350161445565 3.652840478891116 -3
      vertex 87.5 0.6500000000000057 -3
    endloop
  endfacet
  facet normal 0 0 -1
    outer loop
      vertex 121.14105297139486 3.623526631222021 -3
      vertex 121.32014139461711 3.60588796109384 -3
      vertex 87.5 0.6500000000000057 -3
    endloop
  endfacet
  facet normal 0 0 -1
    outer loop
      vertex 119.3182783141991 4.675906070226018 -3
      vertex 87.5 0.6500000000000057 -3
      vertex 119.213458566168 4.822181859196093 -3
    endloop
  endfacet
  facet normal 0 0 -1
    outer loop
      vertex 119.213458566168 4.822181859196093 -3
      vertex 87.5 0.6500000000000057 -3
      vertex 119.11843013959279 4.975 -3
    endloop
  endfacet
  facet normal 0 0 -1
    outer loop
      vertex 119.03359996078511 5.133706101897746 -3
      vertex 119.11843013959279 4.975 -3
      vertex 87.5 0.6500000000000057 -3
    endloop
  endfacet
  facet normal 0 0 -1
    outer loop
      vertex 118.95933128559396 5.297620560996003 -3
      vertex 87.5 0.6500000000000057 -3
      vertex 118.89594214388846 5.466041470416306 -3
    endloop
  endfacet
  facet normal 0 0 -1
    outer loop
      vertex 119.03359996078511 5.133706101897746 -3
      vertex 87.5 0.6500000000000057 -3
      vertex 118.95933128559396 5.297620560996003 -3
    endloop
  endfacet
  facet normal 0 0 -1
    outer loop
      vertex 118.89594214388846 5.466041470416306 -3
      vertex 87.5 0.6500000000000057 -3
      vertex 118.84370397770506 5.638247625968067 -3
    endloop
  endfacet
  facet normal 0 0 -1
    outer loop
      vertex 118.84370397770506 5.638247625968067 -3
      vertex 87.5 0.6500000000000057 -3
      vertex 118.80284047889111 5.813501614455647 -3
    endloop
  endfacet
  facet normal 0 0 -1
    outer loop
      vertex 118.80284047889111 5.813501614455647 -3
      vertex 87.5 0.6500000000000057 -3
      vertex 118.77352663122203 5.991052971394858 -3
    endloop
  endfacet
  facet normal 0 0 -1
    outer loop
      vertex 119.9721818591961 4.063458566168 -3
      vertex 120.125 3.9684301395927934 -3
      vertex 87.5 0.6500000000000057 -3
    endloop
  endfacet
  facet normal 0 0 -1
    outer loop
      vertex 119.55545635173699 4.405456351736994 -3
      vertex 119.68679900847481 4.282440529432812 -3
      vertex 87.5 0.6500000000000057 -3
    endloop
  endfacet
  facet normal 0 0 -1
    outer loop
      vertex 119.9721818591961 4.063458566168 -3
      vertex 87.5 0.6500000000000057 -3
      vertex 119.82590607022601 4.168278314199103 -3
    endloop
  endfacet
  facet normal 0 0 -1
    outer loop
      vertex 119.82590607022601 4.168278314199103 -3
      vertex 87.5 0.6500000000000057 -3
      vertex 119.68679900847481 4.282440529432812 -3
    endloop
  endfacet
  facet normal 0 0 -1
    outer loop
      vertex 120.447620560996 3.809331285593961 -3
      vertex 87.5 0.6500000000000057 -3
      vertex 120.28370610189775 3.883599960785107 -3
    endloop
  endfacet
  facet normal 0 0 -1
    outer loop
      vertex 120.28370610189775 3.883599960785107 -3
      vertex 87.5 0.6500000000000057 -3
      vertex 120.125 3.9684301395927934 -3
    endloop
  endfacet
  facet normal 0 0 -1
    outer loop
      vertex 119.55545635173699 4.405456351736994 -3
      vertex 87.5 0.6500000000000057 -3
      vertex 119.43244052943281 4.53679900847481 -3
    endloop
  endfacet
  facet normal 0 0 -1
    outer loop
      vertex 119.3182783141991 4.675906070226018 -3
      vertex 119.43244052943281 4.53679900847481 -3
      vertex 87.5 0.6500000000000057 -3
    endloop
  endfacet
  facet normal 0 0 -1
    outer loop
      vertex 118.77352663122203 5.991052971394858 -3
      vertex 87.5 0.6500000000000057 -3
      vertex 118.75588796109383 6.170141394617106 -3
    endloop
  endfacet
  facet normal 0 0 -1
    outer loop
      vertex 118.75588796109383 6.170141394617106 -3
      vertex 87.5 0.6500000000000057 -3
      vertex 118.75 6.35 -3
    endloop
  endfacet
  facet normal 0 0 -1
    outer loop
      vertex 118.75 6.35 -3
      vertex 87.5 0.6500000000000057 -3
      vertex 118.75588796109383 6.529858605382893 -3
    endloop
  endfacet
  facet normal 0 0 -1
    outer loop
      vertex 118.75588796109383 6.529858605382893 -3
      vertex 87.5 0.6500000000000057 -3
      vertex 118.77352663122203 6.708947028605142 -3
    endloop
  endfacet
  facet normal 0 0 -1
    outer loop
      vertex 118.77352663122203 6.708947028605142 -3
      vertex 87.5 0.6500000000000057 -3
      vertex 118.80284047889111 6.8864983855443525 -3
    endloop
  endfacet
  facet normal 0 0 -1
    outer loop
      vertex 118.80284047889111 6.8864983855443525 -3
      vertex 87.5 0.6500000000000057 -3
      vertex 118.84370397770506 7.061752374031932 -3
    endloop
  endfacet
  facet normal 0 0 1
    outer loop
      vertex 85 3.1500000000000057 0
      vertex 126.5 0 0
      vertex 85 3.2165592264303022 0
    endloop
  endfacet
  facet normal 0 0 1
    outer loop
      vertex 85 3.2165592264303022 0
      vertex 126.5 0 0
      vertex 119.9721818591961 4.063458566168 0
    endloop
  endfacet
  facet normal 0 0 1
    outer loop
      vertex 85 3.2165592264303022 0
      vertex 119.9721818591961 4.063458566168 0
      vertex 119.82590607022601 4.168278314199103 0
    endloop
  endfacet
  facet normal 0 0 1
    outer loop
      vertex 85 3.2165592264303022 0
      vertex 119.82590607022601 4.168278314199103 0
      vertex 119.68679900847481 4.282440529432812 0
    endloop
  endfacet
  facet normal 0 0 1
    outer loop
      vertex 85 3.2165592264303022 0
      vertex 119.68679900847481 4.282440529432812 0
      vertex 119.55545635173699 4.405456351736994 0
    endloop
  endfacet
  facet normal 0 0 1
    outer loop
      vertex 85 3.2165592264303022 0
      vertex 119.43244052943281 4.53679900847481 0
      vertex 119.3182783141991 4.675906070226018 0
    endloop
  endfacet
  facet normal 0 0 1
    outer loop
      vertex 85 3.2165592264303022 0
      vertex 119.55545635173699 4.405456351736994 0
      vertex 119.43244052943281 4.53679900847481 0
    endloop
  endfacet
  facet normal 0 0 1
    outer loop
      vertex 85 3.2165592264303022 0
      vertex 119.11843013959279 4.975 0
      vertex 119.03359996078511 5.133706101897746 0
    endloop
  endfacet
  facet normal 0 0 1
    outer loop
      vertex 85 3.2165592264303022 0
      vertex 119.03359996078511 5.133706101897746 0
      vertex 118.95933128559396 5.297620560996003 0
    endloop
  endfacet
  facet normal 0 0 1
    outer loop
      vertex 85 3.2165592264303022 0
      vertex 118.95933128559396 5.297620560996003 0
      vertex 118.89594214388846 5.466041470416306 0
    endloop
  endfacet
  facet normal 0 0 1
    outer loop
      vertex 85 3.2165592264303022 0
      vertex 119.3182783141991 4.675906070226018 0
      vertex 119.213458566168 4.822181859196093 0
    endloop
  endfacet
  facet normal 0 0 1
    outer loop
      vertex 85 3.2165592264303022 0
      vertex 119.213458566168 4.822181859196093 0
      vertex 119.11843013959279 4.975 0
    endloop
  endfacet
  facet normal 0 0 -1
    outer loop
      vertex 118.84370397770506 7.061752374031932 -3
      vertex 87.5 0.6500000000000057 -3
      vertex 98.7059047744874 20.720370868554664 -3
    endloop
  endfacet
  facet normal 0 0 1
    outer loop
      vertex 85 3.2165592264303022 0
      vertex 118.89594214388846 5.466041470416306 0
      vertex 99.34736903889974 20.592775693130953 0
    endloop
  endfacet
  facet normal 0 0 -1
    outer loop
      vertex 126.5 0 -3
      vertex 87.5 0.6500000000000057 -3
      vertex 121.32014139461711 3.60588796109384 -3
    endloop
  endfacet
  facet normal 0 0 -1
    outer loop
      vertex 126.5 0 -3
      vertex 121.5 3.5999999999999996 -3
      vertex 121.67985860538289 3.60588796109384 -3
    endloop
  endfacet
  facet normal 0 0 -1
    outer loop
      vertex 126.5 0 -3
      vertex 121.32014139461711 3.60588796109384 -3
      vertex 121.5 3.5999999999999996 -3
    endloop
  endfacet
  facet normal 0 0 -1
    outer loop
      vertex 126.5 0 -3
      vertex 121.85894702860514 3.623526631222021 -3
      vertex 122.03649838554435 3.652840478891116 -3
    endloop
  endfacet
  facet normal 0 0 -1
    outer loop
      vertex 126.5 0 -3
      vertex 121.67985860538289 3.60588796109384 -3
      vertex 121.85894702860514 3.623526631222021 -3
    endloop
  endfacet
  facet normal 0 0 -1
    outer loop
      vertex 126.5 0 -3
      vertex 122.21175237403193 3.693703977705062 -3
      vertex 122.3839585295837 3.745942143888459 -3
    endloop
  endfacet
  facet normal 0 0 -1
    outer loop
      vertex 126.5 0 -3
      vertex 122.03649838554435 3.652840478891116 -3
      vertex 122.21175237403193 3.693703977705062 -3
    endloop
  endfacet
  facet normal 0 0 -1
    outer loop
      vertex 126.5 0 -3
      vertex 122.552379439004 3.809331285593961 -3
      vertex 122.71629389810225 3.883599960785107 -3
    endloop
  endfacet
  facet normal 0 0 -1
    outer loop
      vertex 126.5 0 -3
      vertex 122.3839585295837 3.745942143888459 -3
      vertex 122.552379439004 3.809331285593961 -3
    endloop
  endfacet
  facet normal 0 0 -1
    outer loop
      vertex 126.5 0 -3
      vertex 122.875 3.9684301395927934 -3
      vertex 123.0278181408039 4.063458566168 -3
    endloop
  endfacet
  facet normal 0 0 -1
    outer loop
      vertex 126.5 0 -3
      vertex 122.71629389810225 3.883599960785107 -3
      vertex 122.875 3.9684301395927934 -3
    endloop
  endfacet
  facet normal 0 0 -1
    outer loop
      vertex 126.5 0 -3
      vertex 123.0278181408039 4.063458566168 -3
      vertex 123.17409392977399 4.168278314199103 -3
    endloop
  endfacet
  facet normal 0 0 -1
    outer loop
      vertex 126.5 0 -3
      vertex 123.17409392977399 4.168278314199103 -3
      vertex 123.31320099152519 4.282440529432812 -3
    endloop
  endfacet
  facet normal 0 0 -1
    outer loop
      vertex 126.5 0 -3
      vertex 123.31320099152519 4.282440529432812 -3
      vertex 123.44454364826301 4.405456351736994 -3
    endloop
  endfacet
  facet normal 0 0 -1
    outer loop
      vertex 126.5 0 -3
      vertex 123.44454364826301 4.405456351736994 -3
      vertex 123.56755947056719 4.53679900847481 -3
    endloop
  endfacet
  facet normal 0 0 -1
    outer loop
      vertex 126.5 0 -3
      vertex 123.56755947056719 4.53679900847481 -3
      vertex 123.6817216858009 4.675906070226018 -3
    endloop
  endfacet
  facet normal 0 0 -1
    outer loop
      vertex 126.5 0 -3
      vertex 123.6817216858009 4.675906070226018 -3
      vertex 123.786541433832 4.822181859196093 -3
    endloop
  endfacet
  facet normal 0 0 -1
    outer loop
      vertex 126.5 0 -3
      vertex 123.786541433832 4.822181859196093 -3
      vertex 123.88156986040721 4.975 -3
    endloop
  endfacet
  facet normal 0 0 -1
    outer loop
      vertex 126.5 0 -3
      vertex 123.88156986040721 4.975 -3
      vertex 123.96640003921489 5.133706101897746 -3
    endloop
  endfacet
  facet normal 0 0 -1
    outer loop
      vertex 126.5 0 -3
      vertex 123.96640003921489 5.133706101897746 -3
      vertex 124.04066871440604 5.297620560996003 -3
    endloop
  endfacet
  facet normal 0 0 -1
    outer loop
      vertex 126.5 0 -3
      vertex 124.04066871440604 5.297620560996003 -3
      vertex 124.10405785611154 5.466041470416306 -3
    endloop
  endfacet
  facet normal 0 0 -1
    outer loop
      vertex 126.5 0 -3
      vertex 124.10405785611154 5.466041470416306 -3
      vertex 124.15629602229494 5.638247625968067 -3
    endloop
  endfacet
  facet normal 0 0 -1
    outer loop
      vertex 126.5 0 -3
      vertex 124.15629602229494 5.638247625968067 -3
      vertex 124.19715952110889 5.813501614455647 -3
    endloop
  endfacet
  facet normal 0 0 -1
    outer loop
      vertex 126.5 0 -3
      vertex 124.19715952110889 5.813501614455647 -3
      vertex 124.22647336877797 5.991052971394858 -3
    endloop
  endfacet
  facet normal 0 0 -1
    outer loop
      vertex 126.5 0 -3
      vertex 124.22647336877797 5.991052971394858 -3
      vertex 124.24411203890617 6.170141394617106 -3
    endloop
  endfacet
  facet normal 0 0 -1
    outer loop
      vertex 126.5 0 -3
      vertex 124.24411203890617 6.170141394617106 -3
      vertex 124.25 6.35 -3
    endloop
  endfacet
  facet normal 0 0 -1
    outer loop
      vertex 126.5 0 -3
      vertex 124.25 6.35 -3
      vertex 124.24411203890617 6.529858605382893 -3
    endloop
  endfacet
  facet normal 0 0 -1
    outer loop
      vertex 126.5 0 -3
      vertex 124.24411203890617 6.529858605382893 -3
      vertex 124.22647336877797 6.708947028605142 -3
    endloop
  endfacet
  facet normal 0 0 -1
    outer loop
      vertex 126.5 0 -3
      vertex 124.22647336877797 6.708947028605142 -3
      vertex 124.19715952110889 6.8864983855443525 -3
    endloop
  endfacet
  facet normal 0 0 -1
    outer loop
      vertex 126.5 0 -3
      vertex 124.19715952110889 6.8864983855443525 -3
      vertex 124.15629602229494 7.061752374031932 -3
    endloop
  endfacet
  facet normal 0 0 -1
    outer loop
      vertex 126.5 0 -3
      vertex 124.15629602229494 7.061752374031932 -3
      vertex 124.10405785611154 7.233958529583694 -3
    endloop
  endfacet
  facet normal 0 0 1
    outer loop
      vertex 126.5 0 0
      vertex 120.447620560996 3.809331285593961 0
      vertex 120.28370610189775 3.883599960785107 0
    endloop
  endfacet
  facet normal 0 0 1
    outer loop
      vertex 126.5 0 0
      vertex 120.6160414704163 3.745942143888459 0
      vertex 120.447620560996 3.809331285593961 0
    endloop
  endfacet
  facet normal 0 0 1
    outer loop
      vertex 126.5 0 0
      vertex 120.125 3.9684301395927934 0
      vertex 119.9721818591961 4.063458566168 0
    endloop
  endfacet
  facet normal 0 0 1
    outer loop
      vertex 126.5 0 0
      vertex 120.28370610189775 3.883599960785107 0
      vertex 120.125 3.9684301395927934 0
    endloop
  endfacet
  facet normal 0 0 1
    outer loop
      vertex 126.5 0 0
      vertex 121.32014139461711 3.60588796109384 0
      vertex 121.14105297139486 3.623526631222021 0
    endloop
  endfacet
  facet normal 0 0 1
    outer loop
      vertex 126.5 0 0
      vertex 121.14105297139486 3.623526631222021 0
      vertex 120.96350161445565 3.652840478891116 0
    endloop
  endfacet
  facet normal 0 0 1
    outer loop
      vertex 126.5 0 0
      vertex 121.67985860538289 3.60588796109384 0
      vertex 121.5 3.5999999999999996 0
    endloop
  endfacet
  facet normal 0 0 1
    outer loop
      vertex 126.5 0 0
      vertex 121.5 3.5999999999999996 0
      vertex 121.32014139461711 3.60588796109384 0
    endloop
  endfacet
  facet normal 0 0 1
    outer loop
      vertex 126.5 0 0
      vertex 122.03649838554435 3.652840478891116 0
      vertex 121.85894702860514 3.623526631222021 0
    endloop
  endfacet
  facet normal 0 0 1
    outer loop
      vertex 126.5 0 0
      vertex 121.85894702860514 3.623526631222021 0
      vertex 121.67985860538289 3.60588796109384 0
    endloop
  endfacet
  facet normal 0 0 1
    outer loop
      vertex 126.5 0 0
      vertex 120.96350161445565 3.652840478891116 0
      vertex 120.78824762596807 3.693703977705062 0
    endloop
  endfacet
  facet normal 0 0 1
    outer loop
      vertex 126.5 0 0
      vertex 120.78824762596807 3.693703977705062 0
      vertex 120.6160414704163 3.745942143888459 0
    endloop
  endfacet
  facet normal 0 0 1
    outer loop
      vertex 126.5 0 0
      vertex 122.3839585295837 3.745942143888459 0
      vertex 122.21175237403193 3.693703977705062 0
    endloop
  endfacet
  facet normal 0 0 1
    outer loop
      vertex 126.5 0 0
      vertex 122.21175237403193 3.693703977705062 0
      vertex 122.03649838554435 3.652840478891116 0
    endloop
  endfacet
  facet normal 0 0 1
    outer loop
      vertex 126.5 0 0
      vertex 122.71629389810225 3.883599960785107 0
      vertex 122.552379439004 3.809331285593961 0
    endloop
  endfacet
  facet normal 0 0 1
    outer loop
      vertex 126.5 0 0
      vertex 122.552379439004 3.809331285593961 0
      vertex 122.3839585295837 3.745942143888459 0
    endloop
  endfacet
  facet normal 0 0 1
    outer loop
      vertex 126.5 0 0
      vertex 123.0278181408039 4.063458566168 0
      vertex 122.875 3.9684301395927934 0
    endloop
  endfacet
  facet normal 0 0 1
    outer loop
      vertex 126.5 0 0
      vertex 122.875 3.9684301395927934 0
      vertex 122.71629389810225 3.883599960785107 0
    endloop
  endfacet
  facet normal 0 0 1
    outer loop
      vertex 126.5 0 0
      vertex 123.17409392977399 4.168278314199103 0
      vertex 123.0278181408039 4.063458566168 0
    endloop
  endfacet
  facet normal 0 0 1
    outer loop
      vertex 126.5 0 0
      vertex 123.31320099152519 4.282440529432812 0
      vertex 123.17409392977399 4.168278314199103 0
    endloop
  endfacet
  facet normal 0 0 1
    outer loop
      vertex 126.5 0 0
      vertex 123.44454364826301 4.405456351736994 0
      vertex 123.31320099152519 4.282440529432812 0
    endloop
  endfacet
  facet normal 0 0 1
    outer loop
      vertex 126.5 0 0
      vertex 123.56755947056719 4.53679900847481 0
      vertex 123.44454364826301 4.405456351736994 0
    endloop
  endfacet
  facet normal 0 0 1
    outer loop
      vertex 126.5 0 0
      vertex 123.6817216858009 4.675906070226018 0
      vertex 123.56755947056719 4.53679900847481 0
    endloop
  endfacet
  facet normal 0 0 1
    outer loop
      vertex 126.5 0 0
      vertex 123.786541433832 4.822181859196093 0
      vertex 123.6817216858009 4.675906070226018 0
    endloop
  endfacet
  facet normal 0 0 1
    outer loop
      vertex 126.5 0 0
      vertex 123.88156986040721 4.975 0
      vertex 123.786541433832 4.822181859196093 0
    endloop
  endfacet
  facet normal 0 0 1
    outer loop
      vertex 126.5 0 0
      vertex 123.96640003921489 5.133706101897746 0
      vertex 123.88156986040721 4.975 0
    endloop
  endfacet
  facet normal 0 0 1
    outer loop
      vertex 126.5 0 0
      vertex 124.04066871440604 5.297620560996003 0
      vertex 123.96640003921489 5.133706101897746 0
    endloop
  endfacet
  facet normal 0 0 1
    outer loop
      vertex 126.5 0 0
      vertex 124.10405785611154 5.466041470416306 0
      vertex 124.04066871440604 5.297620560996003 0
    endloop
  endfacet
  facet normal 0 0 1
    outer loop
      vertex 126.5 0 0
      vertex 124.15629602229494 5.638247625968067 0
      vertex 124.10405785611154 5.466041470416306 0
    endloop
  endfacet
  facet normal 0 0 1
    outer loop
      vertex 126.5 0 0
      vertex 124.19715952110889 5.813501614455647 0
      vertex 124.15629602229494 5.638247625968067 0
    endloop
  endfacet
  facet normal 0 0 1
    outer loop
      vertex 126.5 0 0
      vertex 124.22647336877797 5.991052971394858 0
      vertex 124.19715952110889 5.813501614455647 0
    endloop
  endfacet
  facet normal 0 0 1
    outer loop
      vertex 126.5 0 0
      vertex 124.24411203890617 6.170141394617106 0
      vertex 124.22647336877797 5.991052971394858 0
    endloop
  endfacet
  facet normal 0 0 1
    outer loop
      vertex 126.5 0 0
      vertex 124.25 6.35 0
      vertex 124.24411203890617 6.170141394617106 0
    endloop
  endfacet
  facet normal 0 0 1
    outer loop
      vertex 118.89594214388846 5.466041470416306 0
      vertex 118.84370397770506 5.638247625968067 0
      vertex 99.67298435384929 20.560705383806987 0
    endloop
  endfacet
  facet normal 0 0 1
    outer loop
      vertex 118.84370397770506 5.638247625968067 0
      vertex 118.80284047889111 5.813501614455647 0
      vertex 100 20.550000000000004 0
    endloop
  endfacet
  facet normal 0 0 1
    outer loop
      vertex 118.80284047889111 5.813501614455647 0
      vertex 118.77352663122203 5.991052971394858 0
      vertex 100.32701564615071 20.560705383806987 0
    endloop
  endfacet
  facet normal 0 0 1
    outer loop
      vertex 118.77352663122203 5.991052971394858 0
      vertex 118.75588796109383 6.170141394617106 0
      vertex 100.65263096110026 20.592775693130953 0
    endloop
  endfacet
  facet normal 0 0 1
    outer loop
      vertex 118.75588796109383 6.170141394617106 0
      vertex 118.75 6.35 0
      vertex 100.97545161008064 20.64607359798385 0
    endloop
  endfacet
  facet normal 0 0 -1
    outer loop
      vertex 118.84370397770506 7.061752374031932 -3
      vertex 98.7059047744874 20.720370868554664 -3
      vertex 99.02454838991936 20.64607359798385 -3
    endloop
  endfacet
  facet normal 0 0 -1
    outer loop
      vertex 118.84370397770506 7.061752374031932 -3
      vertex 99.02454838991936 20.64607359798385 -3
      vertex 99.34736903889974 20.592775693130953 -3
    endloop
  endfacet
  facet normal 0 0 -1
    outer loop
      vertex 118.84370397770506 7.061752374031932 -3
      vertex 99.34736903889974 20.592775693130953 -3
      vertex 99.67298435384929 20.560705383806987 -3
    endloop
  endfacet
  facet normal 0 0 -1
    outer loop
      vertex 118.84370397770506 7.061752374031932 -3
      vertex 99.67298435384929 20.560705383806987 -3
      vertex 100 20.550000000000004 -3
    endloop
  endfacet
  facet normal 0 0 -1
    outer loop
      vertex 118.84370397770506 7.061752374031932 -3
      vertex 100 20.550000000000004 -3
      vertex 100.32701564615071 20.560705383806987 -3
    endloop
  endfacet
  facet normal 0 0 -1
    outer loop
      vertex 118.84370397770506 7.061752374031932 -3
      vertex 100.32701564615071 20.560705383806987 -3
      vertex 100.65263096110026 20.592775693130953 -3
    endloop
  endfacet
  facet normal 0 0 -1
    outer loop
      vertex 118.84370397770506 7.061752374031932 -3
      vertex 100.65263096110026 20.592775693130953 -3
      vertex 100.97545161008064 20.64607359798385 -3
    endloop
  endfacet
  facet normal 0 0 -1
    outer loop
      vertex 118.84370397770506 7.061752374031932 -3
      vertex 100.97545161008064 20.64607359798385 -3
      vertex 101.2940952255126 20.720370868554664 -3
    endloop
  endfacet
  facet normal 0 0 -1
    outer loop
      vertex 118.84370397770506 7.061752374031932 -3
      vertex 101.2940952255126 20.720370868554664 -3
      vertex 101.6071973265158 20.815349352524475 -3
    endloop
  endfacet
  facet normal 0 0 -1
    outer loop
      vertex 118.84370397770506 7.061752374031932 -3
      vertex 101.6071973265158 20.815349352524475 -3
      vertex 101.91341716182545 20.93060233744357 -3
    endloop
  endfacet
  facet normal 0 0 -1
    outer loop
      vertex 118.84370397770506 7.061752374031932 -3
      vertex 101.91341716182545 20.93060233744357 -3
      vertex 102.21144345109501 21.065636292336563 -3
    endloop
  endfacet
  facet normal 0 0 -1
    outer loop
      vertex 118.84370397770506 7.061752374031932 -3
      vertex 102.21144345109501 21.065636292336563 -3
      vertex 102.5 21.219872981077813 -3
    endloop
  endfacet
  facet normal 0 0 -1
    outer loop
      vertex 118.89594214388846 7.233958529583694 -3
      vertex 102.5 21.219872981077813 -3
      vertex 102.77785116509801 21.392651938487276 -3
    endloop
  endfacet
  facet normal 0 0 1
    outer loop
      vertex 118.89594214388846 5.466041470416306 0
      vertex 99.67298435384929 20.560705383806987 0
      vertex 99.34736903889974 20.592775693130953 0
    endloop
  endfacet
  facet normal 0 0 1
    outer loop
      vertex 118.84370397770506 5.638247625968067 0
      vertex 100 20.550000000000004 0
      vertex 99.67298435384929 20.560705383806987 0
    endloop
  endfacet
  facet normal 0 0 1
    outer loop
      vertex 118.80284047889111 5.813501614455647 0
      vertex 100.32701564615071 20.560705383806987 0
      vertex 100 20.550000000000004 0
    endloop
  endfacet
  facet normal 0 0 1
    outer loop
      vertex 118.77352663122203 5.991052971394858 0
      vertex 100.65263096110026 20.592775693130953 0
      vertex 100.32701564615071 20.560705383806987 0
    endloop
  endfacet
  facet normal 0 0 1
    outer loop
      vertex 118.75588796109383 6.170141394617106 0
      vertex 100.97545161008064 20.64607359798385 0
      vertex 100.65263096110026 20.592775693130953 0
    endloop
  endfacet
  facet normal 0 0 1
    outer loop
      vertex 118.75 6.35 0
      vertex 101.2940952255126 20.720370868554664 0
      vertex 100.97545161008064 20.64607359798385 0
    endloop
  endfacet
  facet normal 0 0 1
    outer loop
      vertex 118.77352663122203 6.708947028605142 0
      vertex 101.6071973265158 20.815349352524475 0
      vertex 101.2940952255126 20.720370868554664 0
    endloop
  endfacet
  facet normal 0 0 1
    outer loop
      vertex 118.80284047889111 6.8864983855443525 0
      vertex 101.91341716182545 20.93060233744357 0
      vertex 101.6071973265158 20.815349352524475 0
    endloop
  endfacet
  facet normal 0 0 1
    outer loop
      vertex 118.84370397770506 7.061752374031932 0
      vertex 102.21144345109501 21.065636292336563 0
      vertex 101.91341716182545 20.93060233744357 0
    endloop
  endfacet
  facet normal 0 0 1
    outer loop
      vertex 118.89594214388846 7.233958529583694 0
      vertex 102.5 21.219872981077813 0
      vertex 102.21144345109501 21.065636292336563 0
    endloop
  endfacet
  facet normal 0 0 -1
    outer loop
      vertex 118.95933128559396 7.4023794390039965 -3
      vertex 102.77785116509801 21.392651938487276 -3
      vertex 103.0438071450436 21.583233298543828 -3
    endloop
  endfacet
  facet normal 0 0 -1
    outer loop
      vertex 119.11843013959279 7.725 -3
      vertex 103.0438071450436 21.583233298543828 -3
      vertex 103.29672907550034 21.79080096260512 -3
    endloop
  endfacet
  facet normal 0 0 -1
    outer loop
      vertex 119.213458566168 7.877818140803906 -3
      vertex 103.29672907550034 21.79080096260512 -3
      vertex 103.53553390593274 22.014466094067267 -3
    endloop
  endfacet
  facet normal 0 0 -1
    outer loop
      vertex 119.43244052943281 8.163200991525189 -3
      vertex 103.53553390593274 22.014466094067267 -3
      vertex 103.7591990373949 22.25327092449966 -3
    endloop
  endfacet
  facet normal 0 0 -1
    outer loop
      vertex 119.55545635173699 8.294543648263005 -3
      vertex 103.7591990373949 22.25327092449966 -3
      vertex 103.96676670145618 22.506192854956403 -3
    endloop
  endfacet
  facet normal 0 0 -1
    outer loop
      vertex 119.68679900847481 8.417559470567188 -3
      vertex 103.96676670145618 22.506192854956403 -3
      vertex 104.15734806151272 22.772148834901994 -3
    endloop
  endfacet
  facet normal 0 0 -1
    outer loop
      vertex 119.82590607022601 8.531721685800896 -3
      vertex 104.15734806151272 22.772148834901994 -3
      vertex 104.3301270189222 23.050000000000004 -3
    endloop
  endfacet
  facet normal 0 0 -1
    outer loop
      vertex 119.9721818591961 8.636541433831999 -3
      vertex 104.3301270189222 23.050000000000004 -3
      vertex 104.48436370766345 23.338556548904997 -3
    endloop
  endfacet
  facet normal 0 0 -1
    outer loop
      vertex 120.125 8.731569860407205 -3
      vertex 104.48436370766345 23.338556548904997 -3
      vertex 104.61939766255644 23.636582838174554 -3
    endloop
  endfacet
  facet normal 0 0 -1
    outer loop
      vertex 120.28370610189775 8.816400039214892 -3
      vertex 104.61939766255644 23.636582838174554 -3
      vertex 104.73465064747553 23.942802673484195 -3
    endloop
  endfacet
  facet normal 0 0 -1
    outer loop
      vertex 120.6160414704163 8.95405785611154 -3
      vertex 104.73465064747553 23.942802673484195 -3
      vertex 104.82962913144534 24.2559047744874 -3
    endloop
  endfacet
  facet normal 0 0 -1
    outer loop
      vertex 120.78824762596807 9.006296022294936 -3
      vertex 104.82962913144534 24.2559047744874 -3
      vertex 104.90392640201615 24.574548389919364 -3
    endloop
  endfacet
  facet normal 0 0 -1
    outer loop
      vertex 120.96350161445565 9.047159521108883 -3
      vertex 104.90392640201615 24.574548389919364 -3
      vertex 104.95722430686905 24.897369038899747 -3
    endloop
  endfacet
  facet normal 0 0 -1
    outer loop
      vertex 121.14105297139486 9.076473368777979 -3
      vertex 104.95722430686905 24.897369038899747 -3
      vertex 104.98929461619302 25.222984353849288 -3
    endloop
  endfacet
  facet normal 0 0 -1
    outer loop
      vertex 121.32014139461711 9.09411203890616 -3
      vertex 104.98929461619302 25.222984353849288 -3
      vertex 105 25.550000000000004 -3
    endloop
  endfacet
  facet normal 0 0 1
    outer loop
      vertex 118.95933128559396 7.4023794390039965 0
      vertex 102.77785116509801 21.392651938487276 0
      vertex 102.5 21.219872981077813 0
    endloop
  endfacet
  facet normal 0 0 1
    outer loop
      vertex 119.03359996078511 7.566293898102253 0
      vertex 103.0438071450436 21.583233298543828 0
      vertex 102.77785116509801 21.392651938487276 0
    endloop
  endfacet
  facet normal 0 0 1
    outer loop
      vertex 119.11843013959279 7.725 0
      vertex 103.29672907550034 21.79080096260512 0
      vertex 103.0438071450436 21.583233298543828 0
    endloop
  endfacet
  facet normal 0 0 1
    outer loop
      vertex 119.3182783141991 8.024093929773981 0
      vertex 103.53553390593274 22.014466094067267 0
      vertex 103.29672907550034 21.79080096260512 0
    endloop
  endfacet
  facet normal 0 0 1
    outer loop
      vertex 119.43244052943281 8.163200991525189 0
      vertex 103.7591990373949 22.25327092449966 0
      vertex 103.53553390593274 22.014466094067267 0
    endloop
  endfacet
  facet normal 0 0 1
    outer loop
      vertex 119.68679900847481 8.417559470567188 0
      vertex 103.96676670145618 22.506192854956403 0
      vertex 103.7591990373949 22.25327092449966 0
    endloop
  endfacet
  facet normal 0 0 1
    outer loop
      vertex 119.68679900847481 8.417559470567188 0
      vertex 104.15734806151272 22.772148834901994 0
      vertex 103.96676670145618 22.506192854956403 0
    endloop
  endfacet
  facet normal 0 0 1
    outer loop
      vertex 119.68679900847481 8.417559470567188 0
      vertex 104.3301270189222 23.050000000000004 0
      vertex 104.15734806151272 22.772148834901994 0
    endloop
  endfacet
  facet normal 0 0 1
    outer loop
      vertex 119.68679900847481 8.417559470567188 0
      vertex 104.48436370766345 23.338556548904997 0
      vertex 104.3301270189222 23.050000000000004 0
    endloop
  endfacet
  facet normal 0 0 1
    outer loop
      vertex 119.68679900847481 8.417559470567188 0
      vertex 104.61939766255644 23.636582838174554 0
      vertex 104.48436370766345 23.338556548904997 0
    endloop
  endfacet
  facet normal 0 0 1
    outer loop
      vertex 119.68679900847481 8.417559470567188 0
      vertex 104.73465064747553 23.942802673484195 0
      vertex 104.61939766255644 23.636582838174554 0
    endloop
  endfacet
  facet normal 0 0 1
    outer loop
      vertex 119.68679900847481 8.417559470567188 0
      vertex 104.82962913144534 24.2559047744874 0
      vertex 104.73465064747553 23.942802673484195 0
    endloop
  endfacet
  facet normal 0 0 1
    outer loop
      vertex 119.68679900847481 8.417559470567188 0
      vertex 104.90392640201615 24.574548389919364 0
      vertex 104.82962913144534 24.2559047744874 0
    endloop
  endfacet
  facet normal 0 0 1
    outer loop
      vertex 119.68679900847481 8.417559470567188 0
      vertex 104.95722430686905 24.897369038899747 0
      vertex 104.90392640201615 24.574548389919364 0
    endloop
  endfacet
  facet normal 0 0 1
    outer loop
      vertex 119.68679900847481 8.417559470567188 0
      vertex 104.98929461619302 25.222984353849288 0
      vertex 104.95722430686905 24.897369038899747 0
    endloop
  endfacet
  facet normal 0 0 1
    outer loop
      vertex 119.68679900847481 8.417559470567188 0
      vertex 105 25.550000000000004 0
      vertex 104.98929461619302 25.222984353849288 0
    endloop
  endfacet
  facet normal 0 0 -1
    outer loop
      vertex 118.84370397770506 7.061752374031932 -3
      vertex 102.5 21.219872981077813 -3
      vertex 118.89594214388846 7.233958529583694 -3
    endloop
  endfacet
  facet normal 0 0 -1
    outer loop
      vertex 118.89594214388846 7.233958529583694 -3
      vertex 102.77785116509801 21.392651938487276 -3
      vertex 118.95933128559396 7.4023794390039965 -3
    endloop
  endfacet
  facet normal 0 0 -1
    outer loop
      vertex 118.95933128559396 7.4023794390039965 -3
      vertex 103.0438071450436 21.583233298543828 -3
      vertex 119.03359996078511 7.566293898102253 -3
    endloop
  endfacet
  facet normal 0 0 -1
    outer loop
      vertex 119.03359996078511 7.566293898102253 -3
      vertex 103.0438071450436 21.583233298543828 -3
      vertex 119.11843013959279 7.725 -3
    endloop
  endfacet
  facet normal 0 0 -1
    outer loop
      vertex 119.11843013959279 7.725 -3
      vertex 103.29672907550034 21.79080096260512 -3
      vertex 119.213458566168 7.877818140803906 -3
    endloop
  endfacet
  facet normal 0 0 -1
    outer loop
      vertex 119.213458566168 7.877818140803906 -3
      vertex 103.53553390593274 22.014466094067267 -3
      vertex 119.3182783141991 8.024093929773981 -3
    endloop
  endfacet
  facet normal 0 0 -1
    outer loop
      vertex 119.3182783141991 8.024093929773981 -3
      vertex 103.53553390593274 22.014466094067267 -3
      vertex 119.43244052943281 8.163200991525189 -3
    endloop
  endfacet
  facet normal 0 0 -1
    outer loop
      vertex 119.43244052943281 8.163200991525189 -3
      vertex 103.7591990373949 22.25327092449966 -3
      vertex 119.55545635173699 8.294543648263005 -3
    endloop
  endfacet
  facet normal 0 0 -1
    outer loop
      vertex 119.55545635173699 8.294543648263005 -3
      vertex 103.96676670145618 22.506192854956403 -3
      vertex 119.68679900847481 8.417559470567188 -3
    endloop
  endfacet
  facet normal 0 0 -1
    outer loop
      vertex 119.68679900847481 8.417559470567188 -3
      vertex 104.15734806151272 22.772148834901994 -3
      vertex 119.82590607022601 8.531721685800896 -3
    endloop
  endfacet
  facet normal 0 0 -1
    outer loop
      vertex 119.82590607022601 8.531721685800896 -3
      vertex 104.3301270189222 23.050000000000004 -3
      vertex 119.9721818591961 8.636541433831999 -3
    endloop
  endfacet
  facet normal 0 0 -1
    outer loop
      vertex 119.9721818591961 8.636541433831999 -3
      vertex 104.48436370766345 23.338556548904997 -3
      vertex 120.125 8.731569860407205 -3
    endloop
  endfacet
  facet normal 0 0 -1
    outer loop
      vertex 120.125 8.731569860407205 -3
      vertex 104.61939766255644 23.636582838174554 -3
      vertex 120.28370610189775 8.816400039214892 -3
    endloop
  endfacet
  facet normal 0 0 -1
    outer loop
      vertex 120.28370610189775 8.816400039214892 -3
      vertex 104.73465064747553 23.942802673484195 -3
      vertex 120.447620560996 8.890668714406038 -3
    endloop
  endfacet
  facet normal 0 0 -1
    outer loop
      vertex 120.447620560996 8.890668714406038 -3
      vertex 104.73465064747553 23.942802673484195 -3
      vertex 120.6160414704163 8.95405785611154 -3
    endloop
  endfacet
  facet normal 0 0 -1
    outer loop
      vertex 120.6160414704163 8.95405785611154 -3
      vertex 104.82962913144534 24.2559047744874 -3
      vertex 120.78824762596807 9.006296022294936 -3
    endloop
  endfacet
  facet normal 0 0 -1
    outer loop
      vertex 120.78824762596807 9.006296022294936 -3
      vertex 104.90392640201615 24.574548389919364 -3
      vertex 120.96350161445565 9.047159521108883 -3
    endloop
  endfacet
  facet normal 0 0 -1
    outer loop
      vertex 120.96350161445565 9.047159521108883 -3
      vertex 104.95722430686905 24.897369038899747 -3
      vertex 121.14105297139486 9.076473368777979 -3
    endloop
  endfacet
  facet normal 0 0 -1
    outer loop
      vertex 121.14105297139486 9.076473368777979 -3
      vertex 104.98929461619302 25.222984353849288 -3
      vertex 121.32014139461711 9.09411203890616 -3
    endloop
  endfacet
  facet normal 0 0 -1
    outer loop
      vertex 121.32014139461711 9.09411203890616 -3
      vertex 105 25.550000000000004 -3
      vertex 121.5 9.1 -3
    endloop
  endfacet
  facet normal 0 0 1
    outer loop
      vertex 118.75 6.35 0
      vertex 118.75588796109383 6.529858605382893 0
      vertex 101.2940952255126 20.720370868554664 0
    endloop
  endfacet
  facet normal 0 0 1
    outer loop
      vertex 118.75588796109383 6.529858605382893 0
      vertex 118.77352663122203 6.708947028605142 0
      vertex 101.2940952255126 20.720370868554664 0
    endloop
  endfacet
  facet normal 0 0 1
    outer loop
      vertex 118.77352663122203 6.708947028605142 0
      vertex 118.80284047889111 6.8864983855443525 0
      vertex 101.6071973265158 20.815349352524475 0
    endloop
  endfacet
  facet normal 0 0 1
    outer loop
      vertex 118.80284047889111 6.8864983855443525 0
      vertex 118.84370397770506 7.061752374031932 0
      vertex 101.91341716182545 20.93060233744357 0
    endloop
  endfacet
  facet normal 0 0 1
    outer loop
      vertex 118.84370397770506 7.061752374031932 0
      vertex 118.89594214388846 7.233958529583694 0
      vertex 102.21144345109501 21.065636292336563 0
    endloop
  endfacet
  facet normal 0 0 1
    outer loop
      vertex 118.89594214388846 7.233958529583694 0
      vertex 118.95933128559396 7.4023794390039965 0
      vertex 102.5 21.219872981077813 0
    endloop
  endfacet
  facet normal 0 0 1
    outer loop
      vertex 118.95933128559396 7.4023794390039965 0
      vertex 119.03359996078511 7.566293898102253 0
      vertex 102.77785116509801 21.392651938487276 0
    endloop
  endfacet
  facet normal 0 0 1
    outer loop
      vertex 119.03359996078511 7.566293898102253 0
      vertex 119.11843013959279 7.725 0
      vertex 103.0438071450436 21.583233298543828 0
    endloop
  endfacet
  facet normal 0 0 1
    outer loop
      vertex 119.11843013959279 7.725 0
      vertex 119.213458566168 7.877818140803906 0
      vertex 103.29672907550034 21.79080096260512 0
    endloop
  endfacet
  facet normal 0 0 1
    outer loop
      vertex 119.213458566168 7.877818140803906 0
      vertex 119.3182783141991 8.024093929773981 0
      vertex 103.29672907550034 21.79080096260512 0
    endloop
  endfacet
  facet normal 0 0 1
    outer loop
      vertex 119.3182783141991 8.024093929773981 0
      vertex 119.43244052943281 8.163200991525189 0
      vertex 103.53553390593274 22.014466094067267 0
    endloop
  endfacet
  facet normal 0 0 1
    outer loop
      vertex 119.43244052943281 8.163200991525189 0
      vertex 119.55545635173699 8.294543648263005 0
      vertex 103.7591990373949 22.25327092449966 0
    endloop
  endfacet
  facet normal 0 0 1
    outer loop
      vertex 119.55545635173699 8.294543648263005 0
      vertex 119.68679900847481 8.417559470567188 0
      vertex 103.7591990373949 22.25327092449966 0
    endloop
  endfacet
  facet normal 0 0 -1
    outer loop
      vertex 122.71629389810225 8.816400039214892 -3
      vertex 122.552379439004 8.890668714406038 -3
      vertex 118 36.45 -3
    endloop
  endfacet
  facet normal 0 0 -1
    outer loop
      vertex 122.71629389810225 8.816400039214892 -3
      vertex 118 36.45 -3
      vertex 122.875 8.731569860407205 -3
    endloop
  endfacet
  facet normal 0 0 -1
    outer loop
      vertex 121.5 9.1 -3
      vertex 118 36.45 -3
      vertex 121.67985860538289 9.09411203890616 -3
    endloop
  endfacet
  facet normal 0 0 -1
    outer loop
      vertex 121.67985860538289 9.09411203890616 -3
      vertex 118 36.45 -3
      vertex 121.85894702860514 9.076473368777979 -3
    endloop
  endfacet
  facet normal 0 0 -1
    outer loop
      vertex 121.85894702860514 9.076473368777979 -3
      vertex 118 36.45 -3
      vertex 122.03649838554435 9.047159521108883 -3
    endloop
  endfacet
  facet normal 0 0 -1
    outer loop
      vertex 122.21175237403193 9.006296022294936 -3
      vertex 122.03649838554435 9.047159521108883 -3
      vertex 118 36.45 -3
    endloop
  endfacet
  facet normal 0 0 -1
    outer loop
      vertex 122.21175237403193 9.006296022294936 -3
      vertex 118 36.45 -3
      vertex 122.3839585295837 8.95405785611154 -3
    endloop
  endfacet
  facet normal 0 0 -1
    outer loop
      vertex 122.3839585295837 8.95405785611154 -3
      vertex 118 36.45 -3
      vertex 122.552379439004 8.890668714406038 -3
    endloop
  endfacet
  facet normal 0 0 -1
    outer loop
      vertex 123.0278181408039 8.636541433831999 -3
      vertex 122.875 8.731569860407205 -3
      vertex 123 36.45 -3
    endloop
  endfacet
  facet normal 0 0 -1
    outer loop
      vertex 95 25.550000000000004 -3
      vertex 89 36.45 -3
      vertex 94 36.45 -3
    endloop
  endfacet
  facet normal 0 0 1
    outer loop
      vertex 85 3.2165592264303022 0
      vertex 95 25.550000000000004 0
      vertex 95 63.35 0
    endloop
  endfacet
  facet normal 0 0 -1
    outer loop
      vertex 89 36.45 -3
      vertex 87.5 0.6500000000000057 -3
      vertex 87.5 88.25 -3
    endloop
  endfacet
  facet normal 0 0 -1
    outer loop
      vertex 95 25.550000000000004 -3
      vertex 94 36.45 -3
      vertex 95 63.35 -3
    endloop
  endfacet
  facet normal 0 0 1
    outer loop
      vertex 85 3.2165592264303022 0
      vertex 95 63.35 0
      vertex 95.01070538380698 63.677015646150714 0
    endloop
  endfacet
  facet normal 0 0 1
    outer loop
      vertex 85 3.2165592264303022 0
      vertex 95.01070538380698 63.677015646150714 0
      vertex 95.04277569313095 64.00263096110027 0
    endloop
  endfacet
  facet normal 0 0 1
    outer loop
      vertex 85 3.2165592264303022 0
      vertex 95.04277569313095 64.00263096110027 0
      vertex 95.09607359798385 64.32545161008065 0
    endloop
  endfacet
  facet normal 0 0 -1
    outer loop
      vertex 121.5 9.1 -3
      vertex 105 25.550000000000004 -3
      vertex 105 63.35 -3
    endloop
  endfacet
  facet normal 0 0 -1
    outer loop
      vertex 122.875 8.731569860407205 -3
      vertex 118 36.45 -3
      vertex 123 36.45 -3
    endloop
  endfacet
  facet normal 0 0 -1
    outer loop
      vertex 126.5 0 -3
      vertex 124.10405785611154 7.233958529583694 -3
      vertex 124.10405785611154 81.6660414704163 -3
    endloop
  endfacet
  facet normal 1 0 0
    outer loop
      vertex 126.5 0 -3
      vertex 126.5 88.9 -3
      vertex 126.5 0 0
    endloop
  endfacet
  facet normal 0 0 -1
    outer loop
      vertex 123.0278181408039 8.636541433831999 -3
      vertex 123 36.45 -3
      vertex 123 52.45 -3
    endloop
  endfacet
  facet normal 0 0 -1
    outer loop
      vertex 123.44454364826301 8.294543648263005 -3
      vertex 123.31320099152519 8.417559470567188 -3
      vertex 123.44454364826301 80.60545635173699 -3
    endloop
  endfacet
  facet normal 0 0 -1
    outer loop
      vertex 123.44454364826301 8.294543648263005 -3
      vertex 123.56755947056719 80.7367990084748 -3
      vertex 123.56755947056719 8.163200991525189 -3
    endloop
  endfacet
  facet normal 0 0 -1
    outer loop
      vertex 123.0278181408039 8.636541433831999 -3
      vertex 123.17409392977399 80.3682783141991 -3
      vertex 123.17409392977399 8.531721685800896 -3
    endloop
  endfacet
  facet normal 0 0 -1
    outer loop
      vertex 123.31320099152519 8.417559470567188 -3
      vertex 123.17409392977399 8.531721685800896 -3
      vertex 123.31320099152519 80.48244052943281 -3
    endloop
  endfacet
  facet normal 0 0 -1
    outer loop
      vertex 123.96640003921489 7.566293898102253 -3
      vertex 123.88156986040721 7.725 -3
      vertex 123.96640003921489 81.33370610189775 -3
    endloop
  endfacet
  facet normal 0 0 -1
    outer loop
      vertex 123.96640003921489 7.566293898102253 -3
      vertex 124.04066871440604 81.497620560996 -3
      vertex 124.04066871440604 7.4023794390039965 -3
    endloop
  endfacet
  facet normal 0 0 -1
    outer loop
      vertex 123.88156986040721 7.725 -3
      vertex 123.786541433832 7.877818140803906 -3
      vertex 123.88156986040721 81.175 -3
    endloop
  endfacet
  facet normal 0 0 -1
    outer loop
      vertex 124.10405785611154 7.233958529583694 -3
      vertex 124.04066871440604 7.4023794390039965 -3
      vertex 124.10405785611154 81.6660414704163 -3
    endloop
  endfacet
  facet normal 0 0 -1
    outer loop
      vertex 123.6817216858009 8.024093929773981 -3
      vertex 123.56755947056719 8.163200991525189 -3
      vertex 123.6817216858009 80.87590607022601 -3
    endloop
  endfacet
  facet normal 0 0 -1
    outer loop
      vertex 123.786541433832 7.877818140803906 -3
      vertex 123.6817216858009 8.024093929773981 -3
      vertex 123.786541433832 81.0221818591961 -3
    endloop
  endfacet
  facet normal 0 0 1
    outer loop
      vertex 126.5 0 0
      vertex 124.25 82.55 0
      vertex 124.25 6.35 0
    endloop
  endfacet
  facet normal 0 0 1
    outer loop
      vertex 119.82590607022601 8.531721685800896 0
      vertex 119.9721818591961 8.636541433831999 0
      vertex 123.31320099152519 80.48244052943281 0
    endloop
  endfacet
  facet normal 0 0 1
    outer loop
      vertex 119.68679900847481 8.417559470567188 0
      vertex 119.82590607022601 8.531721685800896 0
      vertex 123.31320099152519 80.48244052943281 0
    endloop
  endfacet
  facet normal 0 0 1
    outer loop
      vertex 119.9721818591961 8.636541433831999 0
      vertex 120.125 8.731569860407205 0
      vertex 123.31320099152519 80.48244052943281 0
    endloop
  endfacet
  facet normal 0 0 1
    outer loop
      vertex 120.125 8.731569860407205 0
      vertex 120.28370610189775 8.816400039214892 0
      vertex 123.31320099152519 80.48244052943281 0
    endloop
  endfacet
  facet normal 0 0 1
    outer loop
      vertex 120.447620560996 8.890668714406038 0
      vertex 120.6160414704163 8.95405785611154 0
      vertex 123.31320099152519 80.48244052943281 0
    endloop
  endfacet
  facet normal 0 0 1
    outer loop
      vertex 120.28370610189775 8.816400039214892 0
      vertex 120.447620560996 8.890668714406038 0
      vertex 123.31320099152519 80.48244052943281 0
    endloop
  endfacet
  facet normal 0 0 1
    outer loop
      vertex 120.6160414704163 8.95405785611154 0
      vertex 120.78824762596807 9.006296022294936 0
      vertex 123.31320099152519 80.48244052943281 0
    endloop
  endfacet
  facet normal 0 0 1
    outer loop
      vertex 120.78824762596807 9.006296022294936 0
      vertex 120.96350161445565 9.047159521108883 0
      vertex 123.31320099152519 80.48244052943281 0
    endloop
  endfacet
  facet normal 0 0 1
    outer loop
      vertex 121.32014139461711 9.09411203890616 0
      vertex 121.5 9.1 0
      vertex 123.31320099152519 80.48244052943281 0
    endloop
  endfacet
  facet normal 0 0 1
    outer loop
      vertex 121.14105297139486 9.076473368777979 0
      vertex 121.32014139461711 9.09411203890616 0
      vertex 123.31320099152519 80.48244052943281 0
    endloop
  endfacet
  facet normal 0 0 1
    outer loop
      vertex 120.96350161445565 9.047159521108883 0
      vertex 121.14105297139486 9.076473368777979 0
      vertex 123.31320099152519 80.48244052943281 0
    endloop
  endfacet
  facet normal 0 0 1
    outer loop
      vertex 121.67985860538289 9.09411203890616 0
      vertex 121.85894702860514 9.076473368777979 0
      vertex 123.31320099152519 80.48244052943281 0
    endloop
  endfacet
  facet normal 0 0 1
    outer loop
      vertex 121.5 9.1 0
      vertex 121.67985860538289 9.09411203890616 0
      vertex 123.31320099152519 80.48244052943281 0
    endloop
  endfacet
  facet normal 0 0 1
    outer loop
      vertex 122.21175237403193 9.006296022294936 0
      vertex 123.31320099152519 80.48244052943281 0
      vertex 122.03649838554435 9.047159521108883 0
    endloop
  endfacet
  facet normal 0 0 1
    outer loop
      vertex 121.85894702860514 9.076473368777979 0
      vertex 122.03649838554435 9.047159521108883 0
      vertex 123.31320099152519 80.48244052943281 0
    endloop
  endfacet
  facet normal 0 0 1
    outer loop
      vertex 124.25 6.35 0
      vertex 124.24411203890617 82.37014139461711 0
      vertex 124.24411203890617 6.529858605382893 0
    endloop
  endfacet
  facet normal 0 0 1
    outer loop
      vertex 124.24411203890617 6.529858605382893 0
      vertex 124.22647336877797 82.19105297139485 0
      vertex 124.22647336877797 6.708947028605142 0
    endloop
  endfacet
  facet normal 0 0 1
    outer loop
      vertex 124.22647336877797 6.708947028605142 0
      vertex 124.19715952110889 82.01350161445565 0
      vertex 124.19715952110889 6.8864983855443525 0
    endloop
  endfacet
  facet normal 0 0 1
    outer loop
      vertex 124.19715952110889 6.8864983855443525 0
      vertex 124.15629602229494 81.83824762596807 0
      vertex 124.15629602229494 7.061752374031932 0
    endloop
  endfacet
  facet normal 0 0 1
    outer loop
      vertex 123.44454364826301 8.294543648263005 0
      vertex 123.56755947056719 8.163200991525189 0
      vertex 123.31320099152519 80.48244052943281 0
    endloop
  endfacet
  facet normal 0 0 1
    outer loop
      vertex 123.44454364826301 8.294543648263005 0
      vertex 123.31320099152519 80.48244052943281 0
      vertex 123.31320099152519 8.417559470567188 0
    endloop
  endfacet
  facet normal 0 0 1
    outer loop
      vertex 123.31320099152519 8.417559470567188 0
      vertex 123.31320099152519 80.48244052943281 0
      vertex 123.17409392977399 8.531721685800896 0
    endloop
  endfacet
  facet normal 0 0 1
    outer loop
      vertex 123.0278181408039 8.636541433831999 0
      vertex 123.17409392977399 8.531721685800896 0
      vertex 123.31320099152519 80.48244052943281 0
    endloop
  endfacet
  facet normal 0 0 1
    outer loop
      vertex 123.0278181408039 8.636541433831999 0
      vertex 123.31320099152519 80.48244052943281 0
      vertex 122.875 8.731569860407205 0
    endloop
  endfacet
  facet normal 0 0 1
    outer loop
      vertex 123.96640003921489 7.566293898102253 0
      vertex 124.04066871440604 7.4023794390039965 0
      vertex 123.96640003921489 81.33370610189775 0
    endloop
  endfacet
  facet normal 0 0 1
    outer loop
      vertex 123.786541433832 7.877818140803906 0
      vertex 123.6817216858009 80.87590607022601 0
      vertex 123.6817216858009 8.024093929773981 0
    endloop
  endfacet
  facet normal 0 0 1
    outer loop
      vertex 123.96640003921489 7.566293898102253 0
      vertex 123.88156986040721 81.175 0
      vertex 123.88156986040721 7.725 0
    endloop
  endfacet
  facet normal 0 0 1
    outer loop
      vertex 123.88156986040721 7.725 0
      vertex 123.786541433832 81.0221818591961 0
      vertex 123.786541433832 7.877818140803906 0
    endloop
  endfacet
  facet normal 0 0 1
    outer loop
      vertex 124.15629602229494 7.061752374031932 0
      vertex 124.10405785611154 81.6660414704163 0
      vertex 124.10405785611154 7.233958529583694 0
    endloop
  endfacet
  facet normal 0 0 1
    outer loop
      vertex 124.10405785611154 7.233958529583694 0
      vertex 124.04066871440604 81.497620560996 0
      vertex 124.04066871440604 7.4023794390039965 0
    endloop
  endfacet
  facet normal 0 0 1
    outer loop
      vertex 123.6817216858009 8.024093929773981 0
      vertex 123.56755947056719 80.7367990084748 0
      vertex 123.56755947056719 8.163200991525189 0
    endloop
  endfacet
  facet normal 0 0 1
    outer loop
      vertex 122.3839585295837 8.95405785611154 0
      vertex 122.552379439004 8.890668714406038 0
      vertex 123.31320099152519 80.48244052943281 0
    endloop
  endfacet
  facet normal 0 0 1
    outer loop
      vertex 122.21175237403193 9.006296022294936 0
      vertex 122.3839585295837 8.95405785611154 0
      vertex 123.31320099152519 80.48244052943281 0
    endloop
  endfacet
  facet normal 0 0 1
    outer loop
      vertex 122.71629389810225 8.816400039214892 0
      vertex 122.875 8.731569860407205 0
      vertex 123.31320099152519 80.48244052943281 0
    endloop
  endfacet
  facet normal 0 0 1
    outer loop
      vertex 122.71629389810225 8.816400039214892 0
      vertex 123.31320099152519 80.48244052943281 0
      vertex 122.552379439004 8.890668714406038 0
    endloop
  endfacet
  facet normal 0 0 -1
    outer loop
      vertex 121.5 9.1 -3
      vertex 105 63.35 -3
      vertex 118 36.45 -3
    endloop
  endfacet
  facet normal 0 0 1
    outer loop
      vertex 119.68679900847481 8.417559470567188 0
      vertex 123.31320099152519 80.48244052943281 0
      vertex 105 25.550000000000004 0
    endloop
  endfacet
  facet normal 0 0 -1
    outer loop
      vertex -126.5 88.9 -3
      vertex 126.5 88.9 -3
      vertex 87.5 88.25 -3
    endloop
  endfacet
  facet normal 0 1 0
    outer loop
      vertex -126.5 88.9 0
      vertex 126.5 88.9 0
      vertex 126.5 88.9 -3
    endloop
  endfacet
  facet normal 0 0 1
    outer loop
      vertex -85 85.75 0
      vertex 85 85.75 0
      vertex 126.5 88.9 0
    endloop
  endfacet
  facet normal 0 0 -1
    outer loop
      vertex 95 63.35 -3
      vertex 94 36.45 -3
      vertex 94 52.45 -3
    endloop
  endfacet
  facet normal 0 0 1
    outer loop
      vertex 85 3.2165592264303022 0
      vertex 95.09607359798385 64.32545161008065 0
      vertex 85 85.75 0
    endloop
  endfacet
  facet normal 0 0 -1
    outer loop
      vertex 95 63.35 -3
      vertex 94 52.45 -3
      vertex 89 52.45 -3
    endloop
  endfacet
  facet normal 0 0 -1
    outer loop
      vertex 89 36.45 -3
      vertex 87.5 88.25 -3
      vertex 89 52.45 -3
    endloop
  endfacet
  facet normal 0 0 -1
    outer loop
      vertex 123.0278181408039 8.636541433831999 -3
      vertex 123 52.45 -3
      vertex 123.0278181408039 80.263458566168 -3
    endloop
  endfacet
  facet normal 0 0 -1
    outer loop
      vertex 105 63.35 -3
      vertex 118 52.45 -3
      vertex 118 36.45 -3
    endloop
  endfacet
  facet normal 0 0 -1
    outer loop
      vertex 126.5 0 -3
      vertex 124.10405785611154 81.6660414704163 -3
      vertex 124.15629602229494 81.83824762596807 -3
    endloop
  endfacet
  facet normal 0 0 -1
    outer loop
      vertex 126.5 0 -3
      vertex 124.15629602229494 81.83824762596807 -3
      vertex 124.19715952110889 82.01350161445565 -3
    endloop
  endfacet
  facet normal 0 0 -1
    outer loop
      vertex 126.5 0 -3
      vertex 124.19715952110889 82.01350161445565 -3
      vertex 124.22647336877797 82.19105297139485 -3
    endloop
  endfacet
  facet normal 0 0 -1
    outer loop
      vertex 126.5 0 -3
      vertex 124.22647336877797 82.19105297139485 -3
      vertex 124.24411203890617 82.37014139461711 -3
    endloop
  endfacet
  facet normal 0 0 -1
    outer loop
      vertex 126.5 0 -3
      vertex 124.24411203890617 82.37014139461711 -3
      vertex 124.25 82.55 -3
    endloop
  endfacet
  facet normal 0 0 -1
    outer loop
      vertex 123.0278181408039 8.636541433831999 -3
      vertex 123.0278181408039 80.263458566168 -3
      vertex 123.17409392977399 80.3682783141991 -3
    endloop
  endfacet
  facet normal 0 0 -1
    outer loop
      vertex 123.17409392977399 8.531721685800896 -3
      vertex 123.17409392977399 80.3682783141991 -3
      vertex 123.31320099152519 80.48244052943281 -3
    endloop
  endfacet
  facet normal 0 0 -1
    outer loop
      vertex 123.31320099152519 8.417559470567188 -3
      vertex 123.31320099152519 80.48244052943281 -3
      vertex 123.44454364826301 80.60545635173699 -3
    endloop
  endfacet
  facet normal 0 0 -1
    outer loop
      vertex 123.44454364826301 8.294543648263005 -3
      vertex 123.44454364826301 80.60545635173699 -3
      vertex 123.56755947056719 80.7367990084748 -3
    endloop
  endfacet
  facet normal 0 0 -1
    outer loop
      vertex 123.56755947056719 8.163200991525189 -3
      vertex 123.56755947056719 80.7367990084748 -3
      vertex 123.6817216858009 80.87590607022601 -3
    endloop
  endfacet
  facet normal 0 0 -1
    outer loop
      vertex 123.6817216858009 8.024093929773981 -3
      vertex 123.6817216858009 80.87590607022601 -3
      vertex 123.786541433832 81.0221818591961 -3
    endloop
  endfacet
  facet normal 0 0 -1
    outer loop
      vertex 123.786541433832 7.877818140803906 -3
      vertex 123.786541433832 81.0221818591961 -3
      vertex 123.88156986040721 81.175 -3
    endloop
  endfacet
  facet normal 0 0 -1
    outer loop
      vertex 123.88156986040721 7.725 -3
      vertex 123.88156986040721 81.175 -3
      vertex 123.96640003921489 81.33370610189775 -3
    endloop
  endfacet
  facet normal 0 0 -1
    outer loop
      vertex 123.96640003921489 7.566293898102253 -3
      vertex 123.96640003921489 81.33370610189775 -3
      vertex 124.04066871440604 81.497620560996 -3
    endloop
  endfacet
  facet normal 0 0 -1
    outer loop
      vertex 124.04066871440604 7.4023794390039965 -3
      vertex 124.04066871440604 81.497620560996 -3
      vertex 124.10405785611154 81.6660414704163 -3
    endloop
  endfacet
  facet normal 0 0 -1
    outer loop
      vertex 126.5 0 -3
      vertex 124.25 82.55 -3
      vertex 126.5 88.9 -3
    endloop
  endfacet
  facet normal 0 0 1
    outer loop
      vertex 105 25.550000000000004 0
      vertex 123.31320099152519 80.48244052943281 0
      vertex 105 63.35 0
    endloop
  endfacet
  facet normal 0 0 1
    outer loop
      vertex 123.56755947056719 8.163200991525189 0
      vertex 123.44454364826301 80.60545635173699 0
      vertex 123.31320099152519 80.48244052943281 0
    endloop
  endfacet
  facet normal 0 0 1
    outer loop
      vertex 123.56755947056719 8.163200991525189 0
      vertex 123.56755947056719 80.7367990084748 0
      vertex 123.44454364826301 80.60545635173699 0
    endloop
  endfacet
  facet normal 0 0 1
    outer loop
      vertex 123.786541433832 7.877818140803906 0
      vertex 123.786541433832 81.0221818591961 0
      vertex 123.6817216858009 80.87590607022601 0
    endloop
  endfacet
  facet normal 0 0 1
    outer loop
      vertex 123.6817216858009 8.024093929773981 0
      vertex 123.6817216858009 80.87590607022601 0
      vertex 123.56755947056719 80.7367990084748 0
    endloop
  endfacet
  facet normal 0 0 1
    outer loop
      vertex 123.88156986040721 7.725 0
      vertex 123.88156986040721 81.175 0
      vertex 123.786541433832 81.0221818591961 0
    endloop
  endfacet
  facet normal 0 0 1
    outer loop
      vertex 124.04066871440604 7.4023794390039965 0
      vertex 124.04066871440604 81.497620560996 0
      vertex 123.96640003921489 81.33370610189775 0
    endloop
  endfacet
  facet normal 0 0 1
    outer loop
      vertex 123.96640003921489 7.566293898102253 0
      vertex 123.96640003921489 81.33370610189775 0
      vertex 123.88156986040721 81.175 0
    endloop
  endfacet
  facet normal 0 0 1
    outer loop
      vertex 124.15629602229494 7.061752374031932 0
      vertex 124.15629602229494 81.83824762596807 0
      vertex 124.10405785611154 81.6660414704163 0
    endloop
  endfacet
  facet normal 0 0 1
    outer loop
      vertex 124.10405785611154 7.233958529583694 0
      vertex 124.10405785611154 81.6660414704163 0
      vertex 124.04066871440604 81.497620560996 0
    endloop
  endfacet
  facet normal 0 0 1
    outer loop
      vertex 124.19715952110889 6.8864983855443525 0
      vertex 124.19715952110889 82.01350161445565 0
      vertex 124.15629602229494 81.83824762596807 0
    endloop
  endfacet
  facet normal 0 0 1
    outer loop
      vertex 124.24411203890617 6.529858605382893 0
      vertex 124.24411203890617 82.37014139461711 0
      vertex 124.22647336877797 82.19105297139485 0
    endloop
  endfacet
  facet normal 0 0 1
    outer loop
      vertex 124.22647336877797 6.708947028605142 0
      vertex 124.22647336877797 82.19105297139485 0
      vertex 124.19715952110889 82.01350161445565 0
    endloop
  endfacet
  facet normal 0 0 1
    outer loop
      vertex 124.25 6.35 0
      vertex 124.25 82.55 0
      vertex 124.24411203890617 82.37014139461711 0
    endloop
  endfacet
  facet normal 0 0 1
    outer loop
      vertex 126.5 0 0
      vertex 126.5 88.9 0
      vertex 124.25 82.55 0
    endloop
  endfacet
  facet normal 1 0 0
    outer loop
      vertex 126.5 0 0
      vertex 126.5 88.9 -3
      vertex 126.5 88.9 0
    endloop
  endfacet
  facet normal 0 0 -1
    outer loop
      vertex 105 63.35 -3
      vertex 122.71629389810225 80.08359996078511 -3
      vertex 118 52.45 -3
    endloop
  endfacet
  facet normal 0 0 -1
    outer loop
      vertex 122.71629389810225 80.08359996078511 -3
      vertex 123 52.45 -3
      vertex 118 52.45 -3
    endloop
  endfacet
  facet normal 0 0 -1
    outer loop
      vertex 95 63.35 -3
      vertex 89 52.45 -3
      vertex 87.5 88.25 -3
    endloop
  endfacet
  facet normal 0 0 -1
    outer loop
      vertex 95 63.35 -3
      vertex 87.5 88.25 -3
      vertex 95.01070538380698 63.677015646150714 -3
    endloop
  endfacet
  facet normal 0 0 -1
    outer loop
      vertex 95.01070538380698 63.677015646150714 -3
      vertex 87.5 88.25 -3
      vertex 95.04277569313095 64.00263096110027 -3
    endloop
  endfacet
  facet normal 0 0 -1
    outer loop
      vertex 95.04277569313095 64.00263096110027 -3
      vertex 87.5 88.25 -3
      vertex 95.09607359798385 64.32545161008065 -3
    endloop
  endfacet
  facet normal 0 0 1
    outer loop
      vertex 95.09607359798385 64.32545161008065 0
      vertex 95.17037086855466 64.6440952255126 0
      vertex 85 85.75 0
    endloop
  endfacet
  facet normal 0 0 1
    outer loop
      vertex 95.17037086855466 64.6440952255126 0
      vertex 95.26534935252447 64.95719732651581 0
      vertex 85 85.75 0
    endloop
  endfacet
  facet normal 0 0 1
    outer loop
      vertex 95.26534935252447 64.95719732651581 0
      vertex 95.38060233744356 65.26341716182544 0
      vertex 85 85.75 0
    endloop
  endfacet
  facet normal 0 0 1
    outer loop
      vertex 95.38060233744356 65.26341716182544 0
      vertex 95.51563629233655 65.561443451095 0
      vertex 85 85.75 0
    endloop
  endfacet
  facet normal 0 0 -1
    outer loop
      vertex 95.09607359798385 64.32545161008065 -3
      vertex 87.5 88.25 -3
      vertex 95.17037086855466 64.6440952255126 -3
    endloop
  endfacet
  facet normal 0 0 -1
    outer loop
      vertex 95.17037086855466 64.6440952255126 -3
      vertex 87.5 88.25 -3
      vertex 95.26534935252447 64.95719732651581 -3
    endloop
  endfacet
  facet normal 0 0 -1
    outer loop
      vertex 95.26534935252447 64.95719732651581 -3
      vertex 87.5 88.25 -3
      vertex 95.38060233744356 65.26341716182544 -3
    endloop
  endfacet
  facet normal 0 0 -1
    outer loop
      vertex 95.38060233744356 65.26341716182544 -3
      vertex 87.5 88.25 -3
      vertex 95.51563629233655 65.561443451095 -3
    endloop
  endfacet
  facet normal 0 0 -1
    outer loop
      vertex 95.51563629233655 65.561443451095 -3
      vertex 87.5 88.25 -3
      vertex 95.6698729810778 65.85 -3
    endloop
  endfacet
  facet normal 0 0 -1
    outer loop
      vertex 95.6698729810778 65.85 -3
      vertex 87.5 88.25 -3
      vertex 95.84265193848728 66.12785116509801 -3
    endloop
  endfacet
  facet normal 0 0 -1
    outer loop
      vertex 95.84265193848728 66.12785116509801 -3
      vertex 87.5 88.25 -3
      vertex 96.03323329854382 66.39380714504361 -3
    endloop
  endfacet
  facet normal 0 0 -1
    outer loop
      vertex 96.03323329854382 66.39380714504361 -3
      vertex 87.5 88.25 -3
      vertex 96.2408009626051 66.64672907550035 -3
    endloop
  endfacet
  facet normal 0 0 -1
    outer loop
      vertex 96.2408009626051 66.64672907550035 -3
      vertex 87.5 88.25 -3
      vertex 96.46446609406726 66.88553390593273 -3
    endloop
  endfacet
  facet normal 0 0 -1
    outer loop
      vertex 96.46446609406726 66.88553390593273 -3
      vertex 87.5 88.25 -3
      vertex 96.70327092449966 67.10919903739489 -3
    endloop
  endfacet
  facet normal 0 0 -1
    outer loop
      vertex 96.70327092449966 67.10919903739489 -3
      vertex 87.5 88.25 -3
      vertex 96.9561928549564 67.31676670145617 -3
    endloop
  endfacet
  facet normal 0 0 -1
    outer loop
      vertex 96.9561928549564 67.31676670145617 -3
      vertex 87.5 88.25 -3
      vertex 97.22214883490199 67.50734806151273 -3
    endloop
  endfacet
  facet normal 0 0 1
    outer loop
      vertex 95.51563629233655 65.561443451095 0
      vertex 95.6698729810778 65.85 0
      vertex 85 85.75 0
    endloop
  endfacet
  facet normal 0 0 1
    outer loop
      vertex 95.6698729810778 65.85 0
      vertex 95.84265193848728 66.12785116509801 0
      vertex 85 85.75 0
    endloop
  endfacet
  facet normal 0 0 1
    outer loop
      vertex 95.84265193848728 66.12785116509801 0
      vertex 96.03323329854382 66.39380714504361 0
      vertex 85 85.75 0
    endloop
  endfacet
  facet normal 0 0 1
    outer loop
      vertex 96.03323329854382 66.39380714504361 0
      vertex 96.2408009626051 66.64672907550035 0
      vertex 85 85.75 0
    endloop
  endfacet
  facet normal 0 0 1
    outer loop
      vertex 96.2408009626051 66.64672907550035 0
      vertex 96.46446609406726 66.88553390593273 0
      vertex 85 85.75 0
    endloop
  endfacet
  facet normal 0 0 1
    outer loop
      vertex 85 85.75 0
      vertex 96.46446609406726 66.88553390593273 0
      vertex 96.70327092449966 67.10919903739489 0
    endloop
  endfacet
  facet normal 0 0 1
    outer loop
      vertex 85 85.75 0
      vertex 96.70327092449966 67.10919903739489 0
      vertex 96.9561928549564 67.31676670145617 0
    endloop
  endfacet
  facet normal 0 0 1
    outer loop
      vertex 85 85.75 0
      vertex 96.9561928549564 67.31676670145617 0
      vertex 97.22214883490199 67.50734806151273 0
    endloop
  endfacet
  facet normal 0 0 1
    outer loop
      vertex 85 85.75 0
      vertex 97.22214883490199 67.50734806151273 0
      vertex 97.5 67.68012701892219 0
    endloop
  endfacet
  facet normal 0 0 1
    outer loop
      vertex 85 85.75 0
      vertex 97.5 67.68012701892219 0
      vertex 97.78855654890499 67.83436370766344 0
    endloop
  endfacet
  facet normal 0 0 1
    outer loop
      vertex 85 85.75 0
      vertex 97.78855654890499 67.83436370766344 0
      vertex 98.08658283817455 67.96939766255643 0
    endloop
  endfacet
  facet normal 0 0 1
    outer loop
      vertex 85 85.75 0
      vertex 98.08658283817455 67.96939766255643 0
      vertex 98.3928026734842 68.08465064747553 0
    endloop
  endfacet
  facet normal 0 0 1
    outer loop
      vertex 85 85.75 0
      vertex 98.3928026734842 68.08465064747553 0
      vertex 98.7059047744874 68.17962913144534 0
    endloop
  endfacet
  facet normal 0 0 1
    outer loop
      vertex 85 85.75 0
      vertex 98.7059047744874 68.17962913144534 0
      vertex 99.02454838991936 68.25392640201615 0
    endloop
  endfacet
  facet normal 0 0 1
    outer loop
      vertex 85 85.75 0
      vertex 99.02454838991936 68.25392640201615 0
      vertex 99.34736903889974 68.30722430686906 0
    endloop
  endfacet
  facet normal 0 0 1
    outer loop
      vertex 85 85.75 0
      vertex 99.34736903889974 68.30722430686906 0
      vertex 99.67298435384929 68.33929461619302 0
    endloop
  endfacet
  facet normal 0 0 -1
    outer loop
      vertex 105 63.35 -3
      vertex 104.98929461619302 63.677015646150714 -3
      vertex 121.5 79.8 -3
    endloop
  endfacet
  facet normal 0 0 -1
    outer loop
      vertex 104.98929461619302 63.677015646150714 -3
      vertex 104.95722430686905 64.00263096110027 -3
      vertex 121.14105297139486 79.82352663122202 -3
    endloop
  endfacet
  facet normal 0 0 -1
    outer loop
      vertex 104.95722430686905 64.00263096110027 -3
      vertex 104.90392640201615 64.32545161008065 -3
      vertex 120.96350161445565 79.85284047889111 -3
    endloop
  endfacet
  facet normal 0 0 -1
    outer loop
      vertex 104.90392640201615 64.32545161008065 -3
      vertex 104.82962913144534 64.6440952255126 -3
      vertex 120.78824762596807 79.89370397770506 -3
    endloop
  endfacet
  facet normal 0 0 -1
    outer loop
      vertex 104.73465064747553 64.95719732651581 -3
      vertex 120.6160414704163 79.94594214388846 -3
      vertex 104.82962913144534 64.6440952255126 -3
    endloop
  endfacet
  facet normal 0 0 -1
    outer loop
      vertex 104.73465064747553 64.95719732651581 -3
      vertex 104.61939766255644 65.26341716182544 -3
      vertex 120.447620560996 80.00933128559396 -3
    endloop
  endfacet
  facet normal 0 0 -1
    outer loop
      vertex 104.48436370766345 65.561443451095 -3
      vertex 104.3301270189222 65.85 -3
      vertex 119.9721818591961 80.263458566168 -3
    endloop
  endfacet
  facet normal 0 0 -1
    outer loop
      vertex 104.3301270189222 65.85 -3
      vertex 104.15734806151272 66.12785116509801 -3
      vertex 119.9721818591961 80.263458566168 -3
    endloop
  endfacet
  facet normal 0 0 -1
    outer loop
      vertex 104.61939766255644 65.26341716182544 -3
      vertex 104.48436370766345 65.561443451095 -3
      vertex 120.28370610189775 80.08359996078511 -3
    endloop
  endfacet
  facet normal 0 0 -1
    outer loop
      vertex 103.53553390593274 66.88553390593273 -3
      vertex 103.29672907550034 67.10919903739489 -3
      vertex 119.213458566168 81.0221818591961 -3
    endloop
  endfacet
  facet normal 0 0 -1
    outer loop
      vertex 103.0438071450436 67.31676670145617 -3
      vertex 119.213458566168 81.0221818591961 -3
      vertex 103.29672907550034 67.10919903739489 -3
    endloop
  endfacet
  facet normal 0 0 -1
    outer loop
      vertex 102.77785116509801 67.50734806151273 -3
      vertex 118.95933128559396 81.497620560996 -3
      vertex 103.0438071450436 67.31676670145617 -3
    endloop
  endfacet
  facet normal 0 0 -1
    outer loop
      vertex 104.15734806151272 66.12785116509801 -3
      vertex 103.96676670145618 66.39380714504361 -3
      vertex 119.68679900847481 80.48244052943281 -3
    endloop
  endfacet
  facet normal 0 0 -1
    outer loop
      vertex 103.7591990373949 66.64672907550035 -3
      vertex 119.55545635173699 80.60545635173699 -3
      vertex 103.96676670145618 66.39380714504361 -3
    endloop
  endfacet
  facet normal 0 0 -1
    outer loop
      vertex 103.7591990373949 66.64672907550035 -3
      vertex 103.53553390593274 66.88553390593273 -3
      vertex 119.43244052943281 80.7367990084748 -3
    endloop
  endfacet
  facet normal 0 0 1
    outer loop
      vertex 105 63.35 0
      vertex 121.67985860538289 79.80588796109384 0
      vertex 104.98929461619302 63.677015646150714 0
    endloop
  endfacet
  facet normal 0 0 1
    outer loop
      vertex 104.98929461619302 63.677015646150714 0
      vertex 121.67985860538289 79.80588796109384 0
      vertex 104.95722430686905 64.00263096110027 0
    endloop
  endfacet
  facet normal 0 0 1
    outer loop
      vertex 104.95722430686905 64.00263096110027 0
      vertex 121.14105297139486 79.82352663122202 0
      vertex 104.90392640201615 64.32545161008065 0
    endloop
  endfacet
  facet normal 0 0 1
    outer loop
      vertex 104.90392640201615 64.32545161008065 0
      vertex 121.14105297139486 79.82352663122202 0
      vertex 104.82962913144534 64.6440952255126 0
    endloop
  endfacet
  facet normal 0 0 1
    outer loop
      vertex 104.73465064747553 64.95719732651581 0
      vertex 104.82962913144534 64.6440952255126 0
      vertex 120.78824762596807 79.89370397770506 0
    endloop
  endfacet
  facet normal 0 0 1
    outer loop
      vertex 104.73465064747553 64.95719732651581 0
      vertex 120.447620560996 80.00933128559396 0
      vertex 104.61939766255644 65.26341716182544 0
    endloop
  endfacet
  facet normal 0 0 1
    outer loop
      vertex 104.48436370766345 65.561443451095 0
      vertex 120.125 80.16843013959279 0
      vertex 104.3301270189222 65.85 0
    endloop
  endfacet
  facet normal 0 0 1
    outer loop
      vertex 104.3301270189222 65.85 0
      vertex 119.68679900847481 80.48244052943281 0
      vertex 104.15734806151272 66.12785116509801 0
    endloop
  endfacet
  facet normal 0 0 1
    outer loop
      vertex 104.61939766255644 65.26341716182544 0
      vertex 120.125 80.16843013959279 0
      vertex 104.48436370766345 65.561443451095 0
    endloop
  endfacet
  facet normal 0 0 1
    outer loop
      vertex 103.0438071450436 67.31676670145617 0
      vertex 103.29672907550034 67.10919903739489 0
      vertex 119.11843013959279 81.175 0
    endloop
  endfacet
  facet normal 0 0 1
    outer loop
      vertex 102.77785116509801 67.50734806151273 0
      vertex 118.95933128559396 81.497620560996 0
      vertex 102.5 67.68012701892219 0
    endloop
  endfacet
  facet normal 0 0 1
    outer loop
      vertex 102.77785116509801 67.50734806151273 0
      vertex 103.0438071450436 67.31676670145617 0
      vertex 119.03359996078511 81.33370610189775 0
    endloop
  endfacet
  facet normal 0 0 1
    outer loop
      vertex 104.15734806151272 66.12785116509801 0
      vertex 119.68679900847481 80.48244052943281 0
      vertex 103.96676670145618 66.39380714504361 0
    endloop
  endfacet
  facet normal 0 0 1
    outer loop
      vertex 103.7591990373949 66.64672907550035 0
      vertex 103.96676670145618 66.39380714504361 0
      vertex 119.55545635173699 80.60545635173699 0
    endloop
  endfacet
  facet normal 0 0 1
    outer loop
      vertex 103.7591990373949 66.64672907550035 0
      vertex 119.3182783141991 80.87590607022601 0
      vertex 103.53553390593274 66.88553390593273 0
    endloop
  endfacet
  facet normal 0 0 1
    outer loop
      vertex 103.53553390593274 66.88553390593273 0
      vertex 119.3182783141991 80.87590607022601 0
      vertex 103.29672907550034 67.10919903739489 0
    endloop
  endfacet
  facet normal 0 0 -1
    outer loop
      vertex 97.22214883490199 67.50734806151273 -3
      vertex 118.75 82.55 -3
      vertex 97.5 67.68012701892219 -3
    endloop
  endfacet
  facet normal 0 0 -1
    outer loop
      vertex 97.5 67.68012701892219 -3
      vertex 118.75 82.55 -3
      vertex 97.78855654890499 67.83436370766344 -3
    endloop
  endfacet
  facet normal 0 0 -1
    outer loop
      vertex 97.78855654890499 67.83436370766344 -3
      vertex 118.75 82.55 -3
      vertex 98.08658283817455 67.96939766255643 -3
    endloop
  endfacet
  facet normal 0 0 -1
    outer loop
      vertex 98.08658283817455 67.96939766255643 -3
      vertex 118.75 82.55 -3
      vertex 98.3928026734842 68.08465064747553 -3
    endloop
  endfacet
  facet normal 0 0 -1
    outer loop
      vertex 98.3928026734842 68.08465064747553 -3
      vertex 118.75 82.55 -3
      vertex 98.7059047744874 68.17962913144534 -3
    endloop
  endfacet
  facet normal 0 0 -1
    outer loop
      vertex 98.7059047744874 68.17962913144534 -3
      vertex 118.75 82.55 -3
      vertex 99.02454838991936 68.25392640201615 -3
    endloop
  endfacet
  facet normal 0 0 -1
    outer loop
      vertex 99.02454838991936 68.25392640201615 -3
      vertex 118.75 82.55 -3
      vertex 99.34736903889974 68.30722430686906 -3
    endloop
  endfacet
  facet normal 0 0 -1
    outer loop
      vertex 99.34736903889974 68.30722430686906 -3
      vertex 118.75 82.55 -3
      vertex 99.67298435384929 68.33929461619302 -3
    endloop
  endfacet
  facet normal 0 0 -1
    outer loop
      vertex 99.67298435384929 68.33929461619302 -3
      vertex 118.75 82.55 -3
      vertex 100 68.35 -3
    endloop
  endfacet
  facet normal 0 0 -1
    outer loop
      vertex 100 68.35 -3
      vertex 118.75 82.55 -3
      vertex 100.32701564615071 68.33929461619302 -3
    endloop
  endfacet
  facet normal 0 0 -1
    outer loop
      vertex 100.32701564615071 68.33929461619302 -3
      vertex 118.75 82.55 -3
      vertex 100.65263096110026 68.30722430686906 -3
    endloop
  endfacet
  facet normal 0 0 -1
    outer loop
      vertex 101.2940952255126 68.17962913144534 -3
      vertex 118.75588796109383 82.37014139461711 -3
      vertex 101.6071973265158 68.08465064747553 -3
    endloop
  endfacet
  facet normal 0 0 -1
    outer loop
      vertex 101.91341716182545 67.96939766255643 -3
      vertex 101.6071973265158 68.08465064747553 -3
      vertex 118.77352663122203 82.19105297139485 -3
    endloop
  endfacet
  facet normal 0 0 -1
    outer loop
      vertex 102.21144345109501 67.83436370766344 -3
      vertex 101.91341716182545 67.96939766255643 -3
      vertex 118.77352663122203 82.19105297139485 -3
    endloop
  endfacet
  facet normal 0 0 -1
    outer loop
      vertex 102.5 67.68012701892219 -3
      vertex 102.21144345109501 67.83436370766344 -3
      vertex 118.89594214388846 81.6660414704163 -3
    endloop
  endfacet
  facet normal 0 0 -1
    outer loop
      vertex 102.77785116509801 67.50734806151273 -3
      vertex 102.5 67.68012701892219 -3
      vertex 118.89594214388846 81.6660414704163 -3
    endloop
  endfacet
  facet normal 0 0 -1
    outer loop
      vertex 100.65263096110026 68.30722430686906 -3
      vertex 118.75 82.55 -3
      vertex 100.97545161008064 68.25392640201615 -3
    endloop
  endfacet
  facet normal 0 0 -1
    outer loop
      vertex 101.2940952255126 68.17962913144534 -3
      vertex 100.97545161008064 68.25392640201615 -3
      vertex 118.75 82.55 -3
    endloop
  endfacet
  facet normal 0 0 1
    outer loop
      vertex 85 85.75 0
      vertex 99.67298435384929 68.33929461619302 0
      vertex 100 68.35 0
    endloop
  endfacet
  facet normal 0 0 1
    outer loop
      vertex 100 68.35 0
      vertex 100.32701564615071 68.33929461619302 0
      vertex 118.80284047889111 83.08649838554435 0
    endloop
  endfacet
  facet normal 0 0 1
    outer loop
      vertex 100.32701564615071 68.33929461619302 0
      vertex 100.65263096110026 68.30722430686906 0
      vertex 118.77352663122203 82.90894702860514 0
    endloop
  endfacet
  facet normal 0 0 1
    outer loop
      vertex 102.21144345109501 67.83436370766344 0
      vertex 118.84370397770506 81.83824762596807 0
      vertex 101.91341716182545 67.96939766255643 0
    endloop
  endfacet
  facet normal 0 0 1
    outer loop
      vertex 101.2940952255126 68.17962913144534 0
      vertex 101.6071973265158 68.08465064747553 0
      vertex 118.75588796109383 82.37014139461711 0
    endloop
  endfacet
  facet normal 0 0 1
    outer loop
      vertex 101.91341716182545 67.96939766255643 0
      vertex 118.77352663122203 82.19105297139485 0
      vertex 101.6071973265158 68.08465064747553 0
    endloop
  endfacet
  facet normal 0 0 1
    outer loop
      vertex 102.5 67.68012701892219 0
      vertex 118.89594214388846 81.6660414704163 0
      vertex 102.21144345109501 67.83436370766344 0
    endloop
  endfacet
  facet normal 0 0 1
    outer loop
      vertex 100.65263096110026 68.30722430686906 0
      vertex 100.97545161008064 68.25392640201615 0
      vertex 118.75588796109383 82.72985860538289 0
    endloop
  endfacet
  facet normal 0 0 1
    outer loop
      vertex 101.2940952255126 68.17962913144534 0
      vertex 118.75 82.55 0
      vertex 100.97545161008064 68.25392640201615 0
    endloop
  endfacet
  facet normal 0 0 -1
    outer loop
      vertex 122.71629389810225 80.08359996078511 -3
      vertex 122.875 80.16843013959279 -3
      vertex 123 52.45 -3
    endloop
  endfacet
  facet normal 0 0 -1
    outer loop
      vertex 122.875 80.16843013959279 -3
      vertex 123.0278181408039 80.263458566168 -3
      vertex 123 52.45 -3
    endloop
  endfacet
  facet normal 0 0 -1
    outer loop
      vertex 104.90392640201615 64.32545161008065 -3
      vertex 120.78824762596807 79.89370397770506 -3
      vertex 120.96350161445565 79.85284047889111 -3
    endloop
  endfacet
  facet normal 0 0 -1
    outer loop
      vertex 104.82962913144534 64.6440952255126 -3
      vertex 120.6160414704163 79.94594214388846 -3
      vertex 120.78824762596807 79.89370397770506 -3
    endloop
  endfacet
  facet normal 0 0 -1
    outer loop
      vertex 104.73465064747553 64.95719732651581 -3
      vertex 120.447620560996 80.00933128559396 -3
      vertex 120.6160414704163 79.94594214388846 -3
    endloop
  endfacet
  facet normal 0 0 -1
    outer loop
      vertex 104.98929461619302 63.677015646150714 -3
      vertex 121.14105297139486 79.82352663122202 -3
      vertex 121.32014139461711 79.80588796109384 -3
    endloop
  endfacet
  facet normal 0 0 -1
    outer loop
      vertex 105 63.35 -3
      vertex 121.5 79.8 -3
      vertex 121.67985860538289 79.80588796109384 -3
    endloop
  endfacet
  facet normal 0 0 -1
    outer loop
      vertex 104.98929461619302 63.677015646150714 -3
      vertex 121.32014139461711 79.80588796109384 -3
      vertex 121.5 79.8 -3
    endloop
  endfacet
  facet normal 0 0 -1
    outer loop
      vertex 104.95722430686905 64.00263096110027 -3
      vertex 120.96350161445565 79.85284047889111 -3
      vertex 121.14105297139486 79.82352663122202 -3
    endloop
  endfacet
  facet normal 0 0 -1
    outer loop
      vertex 105 63.35 -3
      vertex 121.67985860538289 79.80588796109384 -3
      vertex 121.85894702860514 79.82352663122202 -3
    endloop
  endfacet
  facet normal 0 0 -1
    outer loop
      vertex 105 63.35 -3
      vertex 121.85894702860514 79.82352663122202 -3
      vertex 122.03649838554435 79.85284047889111 -3
    endloop
  endfacet
  facet normal 0 0 -1
    outer loop
      vertex 105 63.35 -3
      vertex 122.03649838554435 79.85284047889111 -3
      vertex 122.21175237403193 79.89370397770506 -3
    endloop
  endfacet
  facet normal 0 0 -1
    outer loop
      vertex 105 63.35 -3
      vertex 122.21175237403193 79.89370397770506 -3
      vertex 122.3839585295837 79.94594214388846 -3
    endloop
  endfacet
  facet normal 0 0 -1
    outer loop
      vertex 105 63.35 -3
      vertex 122.3839585295837 79.94594214388846 -3
      vertex 122.552379439004 80.00933128559396 -3
    endloop
  endfacet
  facet normal 0 0 -1
    outer loop
      vertex 105 63.35 -3
      vertex 122.552379439004 80.00933128559396 -3
      vertex 122.71629389810225 80.08359996078511 -3
    endloop
  endfacet
  facet normal 0 0 -1
    outer loop
      vertex 104.15734806151272 66.12785116509801 -3
      vertex 119.68679900847481 80.48244052943281 -3
      vertex 119.82590607022601 80.3682783141991 -3
    endloop
  endfacet
  facet normal 0 0 -1
    outer loop
      vertex 103.96676670145618 66.39380714504361 -3
      vertex 119.55545635173699 80.60545635173699 -3
      vertex 119.68679900847481 80.48244052943281 -3
    endloop
  endfacet
  facet normal 0 0 -1
    outer loop
      vertex 103.7591990373949 66.64672907550035 -3
      vertex 119.43244052943281 80.7367990084748 -3
      vertex 119.55545635173699 80.60545635173699 -3
    endloop
  endfacet
  facet normal 0 0 -1
    outer loop
      vertex 103.53553390593274 66.88553390593273 -3
      vertex 119.3182783141991 80.87590607022601 -3
      vertex 119.43244052943281 80.7367990084748 -3
    endloop
  endfacet
  facet normal 0 0 -1
    outer loop
      vertex 103.53553390593274 66.88553390593273 -3
      vertex 119.213458566168 81.0221818591961 -3
      vertex 119.3182783141991 80.87590607022601 -3
    endloop
  endfacet
  facet normal 0 0 -1
    outer loop
      vertex 102.77785116509801 67.50734806151273 -3
      vertex 118.89594214388846 81.6660414704163 -3
      vertex 118.95933128559396 81.497620560996 -3
    endloop
  endfacet
  facet normal 0 0 -1
    outer loop
      vertex 103.0438071450436 67.31676670145617 -3
      vertex 119.11843013959279 81.175 -3
      vertex 119.213458566168 81.0221818591961 -3
    endloop
  endfacet
  facet normal 0 0 -1
    outer loop
      vertex 103.0438071450436 67.31676670145617 -3
      vertex 119.03359996078511 81.33370610189775 -3
      vertex 119.11843013959279 81.175 -3
    endloop
  endfacet
  facet normal 0 0 -1
    outer loop
      vertex 103.0438071450436 67.31676670145617 -3
      vertex 118.95933128559396 81.497620560996 -3
      vertex 119.03359996078511 81.33370610189775 -3
    endloop
  endfacet
  facet normal 0 0 -1
    outer loop
      vertex 102.21144345109501 67.83436370766344 -3
      vertex 118.84370397770506 81.83824762596807 -3
      vertex 118.89594214388846 81.6660414704163 -3
    endloop
  endfacet
  facet normal 0 0 -1
    outer loop
      vertex 102.21144345109501 67.83436370766344 -3
      vertex 118.80284047889111 82.01350161445565 -3
      vertex 118.84370397770506 81.83824762596807 -3
    endloop
  endfacet
  facet normal 0 0 -1
    outer loop
      vertex 102.21144345109501 67.83436370766344 -3
      vertex 118.77352663122203 82.19105297139485 -3
      vertex 118.80284047889111 82.01350161445565 -3
    endloop
  endfacet
  facet normal 0 0 -1
    outer loop
      vertex 101.6071973265158 68.08465064747553 -3
      vertex 118.75588796109383 82.37014139461711 -3
      vertex 118.77352663122203 82.19105297139485 -3
    endloop
  endfacet
  facet normal 0 0 -1
    outer loop
      vertex 101.2940952255126 68.17962913144534 -3
      vertex 118.75 82.55 -3
      vertex 118.75588796109383 82.37014139461711 -3
    endloop
  endfacet
  facet normal 0 0 -1
    outer loop
      vertex 104.61939766255644 65.26341716182544 -3
      vertex 120.28370610189775 80.08359996078511 -3
      vertex 120.447620560996 80.00933128559396 -3
    endloop
  endfacet
  facet normal 0 0 -1
    outer loop
      vertex 104.48436370766345 65.561443451095 -3
      vertex 119.9721818591961 80.263458566168 -3
      vertex 120.125 80.16843013959279 -3
    endloop
  endfacet
  facet normal 0 0 -1
    outer loop
      vertex 104.48436370766345 65.561443451095 -3
      vertex 120.125 80.16843013959279 -3
      vertex 120.28370610189775 80.08359996078511 -3
    endloop
  endfacet
  facet normal 0 0 -1
    outer loop
      vertex 104.15734806151272 66.12785116509801 -3
      vertex 119.82590607022601 80.3682783141991 -3
      vertex 119.9721818591961 80.263458566168 -3
    endloop
  endfacet
  facet normal 0 0 1
    outer loop
      vertex 104.82962913144534 64.6440952255126 0
      vertex 120.96350161445565 79.85284047889111 0
      vertex 120.78824762596807 79.89370397770506 0
    endloop
  endfacet
  facet normal 0 0 1
    outer loop
      vertex 104.73465064747553 64.95719732651581 0
      vertex 120.78824762596807 79.89370397770506 0
      vertex 120.6160414704163 79.94594214388846 0
    endloop
  endfacet
  facet normal 0 0 1
    outer loop
      vertex 104.73465064747553 64.95719732651581 0
      vertex 120.6160414704163 79.94594214388846 0
      vertex 120.447620560996 80.00933128559396 0
    endloop
  endfacet
  facet normal 0 0 1
    outer loop
      vertex 104.95722430686905 64.00263096110027 0
      vertex 121.32014139461711 79.80588796109384 0
      vertex 121.14105297139486 79.82352663122202 0
    endloop
  endfacet
  facet normal 0 0 1
    outer loop
      vertex 104.95722430686905 64.00263096110027 0
      vertex 121.67985860538289 79.80588796109384 0
      vertex 121.5 79.8 0
    endloop
  endfacet
  facet normal 0 0 1
    outer loop
      vertex 104.95722430686905 64.00263096110027 0
      vertex 121.5 79.8 0
      vertex 121.32014139461711 79.80588796109384 0
    endloop
  endfacet
  facet normal 0 0 1
    outer loop
      vertex 105 63.35 0
      vertex 122.03649838554435 79.85284047889111 0
      vertex 121.85894702860514 79.82352663122202 0
    endloop
  endfacet
  facet normal 0 0 1
    outer loop
      vertex 105 63.35 0
      vertex 121.85894702860514 79.82352663122202 0
      vertex 121.67985860538289 79.80588796109384 0
    endloop
  endfacet
  facet normal 0 0 1
    outer loop
      vertex 105 63.35 0
      vertex 122.3839585295837 79.94594214388846 0
      vertex 122.21175237403193 79.89370397770506 0
    endloop
  endfacet
  facet normal 0 0 1
    outer loop
      vertex 105 63.35 0
      vertex 122.21175237403193 79.89370397770506 0
      vertex 122.03649838554435 79.85284047889111 0
    endloop
  endfacet
  facet normal 0 0 1
    outer loop
      vertex 104.82962913144534 64.6440952255126 0
      vertex 121.14105297139486 79.82352663122202 0
      vertex 120.96350161445565 79.85284047889111 0
    endloop
  endfacet
  facet normal 0 0 1
    outer loop
      vertex 105 63.35 0
      vertex 122.71629389810225 80.08359996078511 0
      vertex 122.552379439004 80.00933128559396 0
    endloop
  endfacet
  facet normal 0 0 1
    outer loop
      vertex 105 63.35 0
      vertex 122.552379439004 80.00933128559396 0
      vertex 122.3839585295837 79.94594214388846 0
    endloop
  endfacet
  facet normal 0 0 1
    outer loop
      vertex 105 63.35 0
      vertex 122.875 80.16843013959279 0
      vertex 122.71629389810225 80.08359996078511 0
    endloop
  endfacet
  facet normal 0 0 1
    outer loop
      vertex 105 63.35 0
      vertex 123.17409392977399 80.3682783141991 0
      vertex 123.0278181408039 80.263458566168 0
    endloop
  endfacet
  facet normal 0 0 1
    outer loop
      vertex 105 63.35 0
      vertex 123.0278181408039 80.263458566168 0
      vertex 122.875 80.16843013959279 0
    endloop
  endfacet
  facet normal 0 0 1
    outer loop
      vertex 105 63.35 0
      vertex 123.31320099152519 80.48244052943281 0
      vertex 123.17409392977399 80.3682783141991 0
    endloop
  endfacet
  facet normal 0 0 1
    outer loop
      vertex 104.3301270189222 65.85 0
      vertex 119.82590607022601 80.3682783141991 0
      vertex 119.68679900847481 80.48244052943281 0
    endloop
  endfacet
  facet normal 0 0 1
    outer loop
      vertex 103.96676670145618 66.39380714504361 0
      vertex 119.68679900847481 80.48244052943281 0
      vertex 119.55545635173699 80.60545635173699 0
    endloop
  endfacet
  facet normal 0 0 1
    outer loop
      vertex 103.7591990373949 66.64672907550035 0
      vertex 119.55545635173699 80.60545635173699 0
      vertex 119.43244052943281 80.7367990084748 0
    endloop
  endfacet
  facet normal 0 0 1
    outer loop
      vertex 103.29672907550034 67.10919903739489 0
      vertex 119.3182783141991 80.87590607022601 0
      vertex 119.213458566168 81.0221818591961 0
    endloop
  endfacet
  facet normal 0 0 1
    outer loop
      vertex 103.7591990373949 66.64672907550035 0
      vertex 119.43244052943281 80.7367990084748 0
      vertex 119.3182783141991 80.87590607022601 0
    endloop
  endfacet
  facet normal 0 0 1
    outer loop
      vertex 102.77785116509801 67.50734806151273 0
      vertex 119.03359996078511 81.33370610189775 0
      vertex 118.95933128559396 81.497620560996 0
    endloop
  endfacet
  facet normal 0 0 1
    outer loop
      vertex 102.5 67.68012701892219 0
      vertex 118.95933128559396 81.497620560996 0
      vertex 118.89594214388846 81.6660414704163 0
    endloop
  endfacet
  facet normal 0 0 1
    outer loop
      vertex 103.29672907550034 67.10919903739489 0
      vertex 119.213458566168 81.0221818591961 0
      vertex 119.11843013959279 81.175 0
    endloop
  endfacet
  facet normal 0 0 1
    outer loop
      vertex 103.0438071450436 67.31676670145617 0
      vertex 119.11843013959279 81.175 0
      vertex 119.03359996078511 81.33370610189775 0
    endloop
  endfacet
  facet normal 0 0 1
    outer loop
      vertex 102.21144345109501 67.83436370766344 0
      vertex 118.89594214388846 81.6660414704163 0
      vertex 118.84370397770506 81.83824762596807 0
    endloop
  endfacet
  facet normal 0 0 1
    outer loop
      vertex 101.91341716182545 67.96939766255643 0
      vertex 118.84370397770506 81.83824762596807 0
      vertex 118.80284047889111 82.01350161445565 0
    endloop
  endfacet
  facet normal 0 0 1
    outer loop
      vertex 101.91341716182545 67.96939766255643 0
      vertex 118.80284047889111 82.01350161445565 0
      vertex 118.77352663122203 82.19105297139485 0
    endloop
  endfacet
  facet normal 0 0 1
    outer loop
      vertex 101.6071973265158 68.08465064747553 0
      vertex 118.77352663122203 82.19105297139485 0
      vertex 118.75588796109383 82.37014139461711 0
    endloop
  endfacet
  facet normal 0 0 1
    outer loop
      vertex 101.2940952255126 68.17962913144534 0
      vertex 118.75588796109383 82.37014139461711 0
      vertex 118.75 82.55 0
    endloop
  endfacet
  facet normal 0 0 1
    outer loop
      vertex 104.61939766255644 65.26341716182544 0
      vertex 120.447620560996 80.00933128559396 0
      vertex 120.28370610189775 80.08359996078511 0
    endloop
  endfacet
  facet normal 0 0 1
    outer loop
      vertex 104.61939766255644 65.26341716182544 0
      vertex 120.28370610189775 80.08359996078511 0
      vertex 120.125 80.16843013959279 0
    endloop
  endfacet
  facet normal 0 0 1
    outer loop
      vertex 104.3301270189222 65.85 0
      vertex 120.125 80.16843013959279 0
      vertex 119.9721818591961 80.263458566168 0
    endloop
  endfacet
  facet normal 0 0 1
    outer loop
      vertex 104.3301270189222 65.85 0
      vertex 119.9721818591961 80.263458566168 0
      vertex 119.82590607022601 80.3682783141991 0
    endloop
  endfacet
  facet normal 0 0 -1
    outer loop
      vertex 97.22214883490199 67.50734806151273 -3
      vertex 87.5 88.25 -3
      vertex 118.75 82.55 -3
    endloop
  endfacet
  facet normal 0 0 1
    outer loop
      vertex 85 85.75 0
      vertex 100 68.35 0
      vertex 118.84370397770506 83.26175237403193 0
    endloop
  endfacet
  facet normal 0 0 -1
    outer loop
      vertex 118.75 82.55 -3
      vertex 87.5 88.25 -3
      vertex 118.75588796109383 82.72985860538289 -3
    endloop
  endfacet
  facet normal 0 0 -1
    outer loop
      vertex 118.75588796109383 82.72985860538289 -3
      vertex 87.5 88.25 -3
      vertex 118.77352663122203 82.90894702860514 -3
    endloop
  endfacet
  facet normal 0 0 -1
    outer loop
      vertex 118.77352663122203 82.90894702860514 -3
      vertex 87.5 88.25 -3
      vertex 118.80284047889111 83.08649838554435 -3
    endloop
  endfacet
  facet normal 0 0 -1
    outer loop
      vertex 118.80284047889111 83.08649838554435 -3
      vertex 87.5 88.25 -3
      vertex 118.84370397770506 83.26175237403193 -3
    endloop
  endfacet
  facet normal 0 0 -1
    outer loop
      vertex 118.84370397770506 83.26175237403193 -3
      vertex 87.5 88.25 -3
      vertex 118.89594214388846 83.43395852958369 -3
    endloop
  endfacet
  facet normal 0 0 -1
    outer loop
      vertex 118.89594214388846 83.43395852958369 -3
      vertex 87.5 88.25 -3
      vertex 118.95933128559396 83.602379439004 -3
    endloop
  endfacet
  facet normal 0 0 -1
    outer loop
      vertex 118.95933128559396 83.602379439004 -3
      vertex 87.5 88.25 -3
      vertex 119.03359996078511 83.76629389810225 -3
    endloop
  endfacet
  facet normal 0 0 -1
    outer loop
      vertex 119.03359996078511 83.76629389810225 -3
      vertex 87.5 88.25 -3
      vertex 119.11843013959279 83.925 -3
    endloop
  endfacet
  facet normal 0 0 -1
    outer loop
      vertex 119.11843013959279 83.925 -3
      vertex 87.5 88.25 -3
      vertex 119.213458566168 84.0778181408039 -3
    endloop
  endfacet
  facet normal 0 0 -1
    outer loop
      vertex 119.213458566168 84.0778181408039 -3
      vertex 87.5 88.25 -3
      vertex 119.3182783141991 84.22409392977399 -3
    endloop
  endfacet
  facet normal 0 0 -1
    outer loop
      vertex 119.3182783141991 84.22409392977399 -3
      vertex 87.5 88.25 -3
      vertex 119.43244052943281 84.36320099152519 -3
    endloop
  endfacet
  facet normal 0 0 -1
    outer loop
      vertex 119.43244052943281 84.36320099152519 -3
      vertex 87.5 88.25 -3
      vertex 119.55545635173699 84.494543648263 -3
    endloop
  endfacet
  facet normal 0 0 -1
    outer loop
      vertex 119.55545635173699 84.494543648263 -3
      vertex 87.5 88.25 -3
      vertex 119.68679900847481 84.61755947056719 -3
    endloop
  endfacet
  facet normal 0 0 -1
    outer loop
      vertex 119.68679900847481 84.61755947056719 -3
      vertex 87.5 88.25 -3
      vertex 119.82590607022601 84.73172168580089 -3
    endloop
  endfacet
  facet normal 0 0 -1
    outer loop
      vertex 119.82590607022601 84.73172168580089 -3
      vertex 87.5 88.25 -3
      vertex 119.9721818591961 84.836541433832 -3
    endloop
  endfacet
  facet normal 0 0 1
    outer loop
      vertex 85 85.75 0
      vertex 118.84370397770506 83.26175237403193 0
      vertex 118.89594214388846 83.43395852958369 0
    endloop
  endfacet
  facet normal 0 0 1
    outer loop
      vertex 85 85.75 0
      vertex 118.89594214388846 83.43395852958369 0
      vertex 118.95933128559396 83.602379439004 0
    endloop
  endfacet
  facet normal 0 0 1
    outer loop
      vertex 85 85.75 0
      vertex 118.95933128559396 83.602379439004 0
      vertex 119.03359996078511 83.76629389810225 0
    endloop
  endfacet
  facet normal 0 0 1
    outer loop
      vertex 85 85.75 0
      vertex 119.03359996078511 83.76629389810225 0
      vertex 119.11843013959279 83.925 0
    endloop
  endfacet
  facet normal 0 0 1
    outer loop
      vertex 85 85.75 0
      vertex 119.11843013959279 83.925 0
      vertex 119.213458566168 84.0778181408039 0
    endloop
  endfacet
  facet normal 0 0 1
    outer loop
      vertex 85 85.75 0
      vertex 119.213458566168 84.0778181408039 0
      vertex 119.3182783141991 84.22409392977399 0
    endloop
  endfacet
  facet normal 0 0 1
    outer loop
      vertex 85 85.75 0
      vertex 119.3182783141991 84.22409392977399 0
      vertex 119.43244052943281 84.36320099152519 0
    endloop
  endfacet
  facet normal 0 0 1
    outer loop
      vertex 85 85.75 0
      vertex 119.43244052943281 84.36320099152519 0
      vertex 119.55545635173699 84.494543648263 0
    endloop
  endfacet
  facet normal 0 0 1
    outer loop
      vertex 85 85.75 0
      vertex 119.55545635173699 84.494543648263 0
      vertex 119.68679900847481 84.61755947056719 0
    endloop
  endfacet
  facet normal 0 0 1
    outer loop
      vertex 85 85.75 0
      vertex 119.68679900847481 84.61755947056719 0
      vertex 119.82590607022601 84.73172168580089 0
    endloop
  endfacet
  facet normal 0 0 1
    outer loop
      vertex 85 85.75 0
      vertex 119.82590607022601 84.73172168580089 0
      vertex 119.9721818591961 84.836541433832 0
    endloop
  endfacet
  facet normal 0 0 1
    outer loop
      vertex 85 85.75 0
      vertex 119.9721818591961 84.836541433832 0
      vertex 120.125 84.93156986040721 0
    endloop
  endfacet
  facet normal 0 0 1
    outer loop
      vertex 85 85.75 0
      vertex 120.125 84.93156986040721 0
      vertex 120.28370610189775 85.01640003921489 0
    endloop
  endfacet
  facet normal 0 0 1
    outer loop
      vertex 85 85.75 0
      vertex 120.447620560996 85.09066871440604 0
      vertex 120.6160414704163 85.15405785611154 0
    endloop
  endfacet
  facet normal 0 0 1
    outer loop
      vertex 85 85.75 0
      vertex 120.28370610189775 85.01640003921489 0
      vertex 120.447620560996 85.09066871440604 0
    endloop
  endfacet
  facet normal 0 0 1
    outer loop
      vertex 85 85.75 0
      vertex 120.78824762596807 85.20629602229494 0
      vertex 120.96350161445565 85.24715952110888 0
    endloop
  endfacet
  facet normal 0 0 1
    outer loop
      vertex 85 85.75 0
      vertex 120.6160414704163 85.15405785611154 0
      vertex 120.78824762596807 85.20629602229494 0
    endloop
  endfacet
  facet normal 0 0 1
    outer loop
      vertex 85 85.75 0
      vertex 120.96350161445565 85.24715952110888 0
      vertex 121.14105297139486 85.27647336877797 0
    endloop
  endfacet
  facet normal 0 0 1
    outer loop
      vertex 85 85.75 0
      vertex 121.14105297139486 85.27647336877797 0
      vertex 121.32014139461711 85.29411203890615 0
    endloop
  endfacet
  facet normal 0 0 1
    outer loop
      vertex 85 85.75 0
      vertex 121.32014139461711 85.29411203890615 0
      vertex 121.5 85.3 0
    endloop
  endfacet
  facet normal 0 0 1
    outer loop
      vertex 100.32701564615071 68.33929461619302 0
      vertex 118.77352663122203 82.90894702860514 0
      vertex 118.80284047889111 83.08649838554435 0
    endloop
  endfacet
  facet normal 0 0 1
    outer loop
      vertex 100 68.35 0
      vertex 118.80284047889111 83.08649838554435 0
      vertex 118.84370397770506 83.26175237403193 0
    endloop
  endfacet
  facet normal 0 0 1
    outer loop
      vertex 100.97545161008064 68.25392640201615 0
      vertex 118.75 82.55 0
      vertex 118.75588796109383 82.72985860538289 0
    endloop
  endfacet
  facet normal 0 0 1
    outer loop
      vertex 100.65263096110026 68.30722430686906 0
      vertex 118.75588796109383 82.72985860538289 0
      vertex 118.77352663122203 82.90894702860514 0
    endloop
  endfacet
  facet normal 0 0 -1
    outer loop
      vertex 119.9721818591961 84.836541433832 -3
      vertex 87.5 88.25 -3
      vertex 126.5 88.9 -3
    endloop
  endfacet
  facet normal 0 0 -1
    outer loop
      vertex 124.25 82.55 -3
      vertex 124.24411203890617 82.72985860538289 -3
      vertex 126.5 88.9 -3
    endloop
  endfacet
  facet normal 0 0 -1
    outer loop
      vertex 123.44454364826301 84.494543648263 -3
      vertex 126.5 88.9 -3
      vertex 123.56755947056719 84.36320099152519 -3
    endloop
  endfacet
  facet normal 0 0 -1
    outer loop
      vertex 123.44454364826301 84.494543648263 -3
      vertex 123.31320099152519 84.61755947056719 -3
      vertex 126.5 88.9 -3
    endloop
  endfacet
  facet normal 0 0 -1
    outer loop
      vertex 123.17409392977399 84.73172168580089 -3
      vertex 126.5 88.9 -3
      vertex 123.31320099152519 84.61755947056719 -3
    endloop
  endfacet
  facet normal 0 0 -1
    outer loop
      vertex 124.24411203890617 82.72985860538289 -3
      vertex 124.22647336877797 82.90894702860514 -3
      vertex 126.5 88.9 -3
    endloop
  endfacet
  facet normal 0 0 -1
    outer loop
      vertex 124.22647336877797 82.90894702860514 -3
      vertex 124.19715952110889 83.08649838554435 -3
      vertex 126.5 88.9 -3
    endloop
  endfacet
  facet normal 0 0 -1
    outer loop
      vertex 124.19715952110889 83.08649838554435 -3
      vertex 124.15629602229494 83.26175237403193 -3
      vertex 126.5 88.9 -3
    endloop
  endfacet
  facet normal 0 0 -1
    outer loop
      vertex 124.15629602229494 83.26175237403193 -3
      vertex 124.10405785611154 83.43395852958369 -3
      vertex 126.5 88.9 -3
    endloop
  endfacet
  facet normal 0 0 -1
    outer loop
      vertex 124.10405785611154 83.43395852958369 -3
      vertex 124.04066871440604 83.602379439004 -3
      vertex 126.5 88.9 -3
    endloop
  endfacet
  facet normal 0 0 -1
    outer loop
      vertex 124.04066871440604 83.602379439004 -3
      vertex 123.96640003921489 83.76629389810225 -3
      vertex 126.5 88.9 -3
    endloop
  endfacet
  facet normal 0 0 -1
    outer loop
      vertex 123.96640003921489 83.76629389810225 -3
      vertex 123.88156986040721 83.925 -3
      vertex 126.5 88.9 -3
    endloop
  endfacet
  facet normal 0 0 -1
    outer loop
      vertex 123.88156986040721 83.925 -3
      vertex 123.786541433832 84.0778181408039 -3
      vertex 126.5 88.9 -3
    endloop
  endfacet
  facet normal 0 0 -1
    outer loop
      vertex 123.786541433832 84.0778181408039 -3
      vertex 123.6817216858009 84.22409392977399 -3
      vertex 126.5 88.9 -3
    endloop
  endfacet
  facet normal 0 0 -1
    outer loop
      vertex 123.6817216858009 84.22409392977399 -3
      vertex 123.56755947056719 84.36320099152519 -3
      vertex 126.5 88.9 -3
    endloop
  endfacet
  facet normal 0 0 -1
    outer loop
      vertex 119.9721818591961 84.836541433832 -3
      vertex 126.5 88.9 -3
      vertex 120.125 84.93156986040721 -3
    endloop
  endfacet
  facet normal 0 0 -1
    outer loop
      vertex 120.125 84.93156986040721 -3
      vertex 126.5 88.9 -3
      vertex 120.28370610189775 85.01640003921489 -3
    endloop
  endfacet
  facet normal 0 0 -1
    outer loop
      vertex 120.28370610189775 85.01640003921489 -3
      vertex 126.5 88.9 -3
      vertex 120.447620560996 85.09066871440604 -3
    endloop
  endfacet
  facet normal 0 0 -1
    outer loop
      vertex 120.447620560996 85.09066871440604 -3
      vertex 126.5 88.9 -3
      vertex 120.6160414704163 85.15405785611154 -3
    endloop
  endfacet
  facet normal 0 0 -1
    outer loop
      vertex 120.6160414704163 85.15405785611154 -3
      vertex 126.5 88.9 -3
      vertex 120.78824762596807 85.20629602229494 -3
    endloop
  endfacet
  facet normal 0 0 -1
    outer loop
      vertex 120.78824762596807 85.20629602229494 -3
      vertex 126.5 88.9 -3
      vertex 120.96350161445565 85.24715952110888 -3
    endloop
  endfacet
  facet normal 0 0 -1
    outer loop
      vertex 120.96350161445565 85.24715952110888 -3
      vertex 126.5 88.9 -3
      vertex 121.14105297139486 85.27647336877797 -3
    endloop
  endfacet
  facet normal 0 0 -1
    outer loop
      vertex 121.14105297139486 85.27647336877797 -3
      vertex 126.5 88.9 -3
      vertex 121.32014139461711 85.29411203890615 -3
    endloop
  endfacet
  facet normal 0 0 -1
    outer loop
      vertex 121.32014139461711 85.29411203890615 -3
      vertex 126.5 88.9 -3
      vertex 121.5 85.3 -3
    endloop
  endfacet
  facet normal 0 0 -1
    outer loop
      vertex 121.5 85.3 -3
      vertex 126.5 88.9 -3
      vertex 121.67985860538289 85.29411203890615 -3
    endloop
  endfacet
  facet normal 0 0 -1
    outer loop
      vertex 121.67985860538289 85.29411203890615 -3
      vertex 126.5 88.9 -3
      vertex 121.85894702860514 85.27647336877797 -3
    endloop
  endfacet
  facet normal 0 0 -1
    outer loop
      vertex 122.03649838554435 85.24715952110888 -3
      vertex 121.85894702860514 85.27647336877797 -3
      vertex 126.5 88.9 -3
    endloop
  endfacet
  facet normal 0 0 -1
    outer loop
      vertex 122.03649838554435 85.24715952110888 -3
      vertex 126.5 88.9 -3
      vertex 122.21175237403193 85.20629602229494 -3
    endloop
  endfacet
  facet normal 0 0 -1
    outer loop
      vertex 122.21175237403193 85.20629602229494 -3
      vertex 126.5 88.9 -3
      vertex 122.3839585295837 85.15405785611154 -3
    endloop
  endfacet
  facet normal 0 0 -1
    outer loop
      vertex 122.3839585295837 85.15405785611154 -3
      vertex 126.5 88.9 -3
      vertex 122.552379439004 85.09066871440604 -3
    endloop
  endfacet
  facet normal 0 0 -1
    outer loop
      vertex 122.71629389810225 85.01640003921489 -3
      vertex 122.552379439004 85.09066871440604 -3
      vertex 126.5 88.9 -3
    endloop
  endfacet
  facet normal 0 0 -1
    outer loop
      vertex 123.17409392977399 84.73172168580089 -3
      vertex 123.0278181408039 84.836541433832 -3
      vertex 126.5 88.9 -3
    endloop
  endfacet
  facet normal 0 0 -1
    outer loop
      vertex 122.71629389810225 85.01640003921489 -3
      vertex 126.5 88.9 -3
      vertex 122.875 84.93156986040721 -3
    endloop
  endfacet
  facet normal 0 0 -1
    outer loop
      vertex 123.0278181408039 84.836541433832 -3
      vertex 122.875 84.93156986040721 -3
      vertex 126.5 88.9 -3
    endloop
  endfacet
  facet normal 0 0 1
    outer loop
      vertex 85 85.75 0
      vertex 121.5 85.3 0
      vertex 126.5 88.9 0
    endloop
  endfacet
  facet normal 0 0 1
    outer loop
      vertex 124.25 82.55 0
      vertex 126.5 88.9 0
      vertex 124.24411203890617 82.72985860538289 0
    endloop
  endfacet
  facet normal 0 0 1
    outer loop
      vertex 123.44454364826301 84.494543648263 0
      vertex 123.56755947056719 84.36320099152519 0
      vertex 126.5 88.9 0
    endloop
  endfacet
  facet normal 0 0 1
    outer loop
      vertex 123.44454364826301 84.494543648263 0
      vertex 126.5 88.9 0
      vertex 123.31320099152519 84.61755947056719 0
    endloop
  endfacet
  facet normal 0 0 1
    outer loop
      vertex 123.17409392977399 84.73172168580089 0
      vertex 123.31320099152519 84.61755947056719 0
      vertex 126.5 88.9 0
    endloop
  endfacet
  facet normal 0 0 1
    outer loop
      vertex 124.24411203890617 82.72985860538289 0
      vertex 126.5 88.9 0
      vertex 124.22647336877797 82.90894702860514 0
    endloop
  endfacet
  facet normal 0 0 1
    outer loop
      vertex 124.22647336877797 82.90894702860514 0
      vertex 126.5 88.9 0
      vertex 124.19715952110889 83.08649838554435 0
    endloop
  endfacet
  facet normal 0 0 1
    outer loop
      vertex 124.19715952110889 83.08649838554435 0
      vertex 126.5 88.9 0
      vertex 124.15629602229494 83.26175237403193 0
    endloop
  endfacet
  facet normal 0 0 1
    outer loop
      vertex 124.15629602229494 83.26175237403193 0
      vertex 126.5 88.9 0
      vertex 124.10405785611154 83.43395852958369 0
    endloop
  endfacet
  facet normal 0 0 1
    outer loop
      vertex 124.10405785611154 83.43395852958369 0
      vertex 126.5 88.9 0
      vertex 124.04066871440604 83.602379439004 0
    endloop
  endfacet
  facet normal 0 0 1
    outer loop
      vertex 124.04066871440604 83.602379439004 0
      vertex 126.5 88.9 0
      vertex 123.96640003921489 83.76629389810225 0
    endloop
  endfacet
  facet normal 0 0 1
    outer loop
      vertex 123.96640003921489 83.76629389810225 0
      vertex 126.5 88.9 0
      vertex 123.88156986040721 83.925 0
    endloop
  endfacet
  facet normal 0 0 1
    outer loop
      vertex 123.88156986040721 83.925 0
      vertex 126.5 88.9 0
      vertex 123.786541433832 84.0778181408039 0
    endloop
  endfacet
  facet normal 0 0 1
    outer loop
      vertex 123.786541433832 84.0778181408039 0
      vertex 126.5 88.9 0
      vertex 123.6817216858009 84.22409392977399 0
    endloop
  endfacet
  facet normal 0 0 1
    outer loop
      vertex 123.6817216858009 84.22409392977399 0
      vertex 126.5 88.9 0
      vertex 123.56755947056719 84.36320099152519 0
    endloop
  endfacet
  facet normal 0 0 1
    outer loop
      vertex 121.5 85.3 0
      vertex 121.67985860538289 85.29411203890615 0
      vertex 126.5 88.9 0
    endloop
  endfacet
  facet normal 0 0 1
    outer loop
      vertex 122.03649838554435 85.24715952110888 0
      vertex 126.5 88.9 0
      vertex 121.85894702860514 85.27647336877797 0
    endloop
  endfacet
  facet normal 0 0 1
    outer loop
      vertex 121.67985860538289 85.29411203890615 0
      vertex 121.85894702860514 85.27647336877797 0
      vertex 126.5 88.9 0
    endloop
  endfacet
  facet normal 0 0 1
    outer loop
      vertex 122.21175237403193 85.20629602229494 0
      vertex 122.3839585295837 85.15405785611154 0
      vertex 126.5 88.9 0
    endloop
  endfacet
  facet normal 0 0 1
    outer loop
      vertex 122.03649838554435 85.24715952110888 0
      vertex 122.21175237403193 85.20629602229494 0
      vertex 126.5 88.9 0
    endloop
  endfacet
  facet normal 0 0 1
    outer loop
      vertex 122.71629389810225 85.01640003921489 0
      vertex 126.5 88.9 0
      vertex 122.552379439004 85.09066871440604 0
    endloop
  endfacet
  facet normal 0 0 1
    outer loop
      vertex 122.3839585295837 85.15405785611154 0
      vertex 122.552379439004 85.09066871440604 0
      vertex 126.5 88.9 0
    endloop
  endfacet
  facet normal 0 0 1
    outer loop
      vertex 123.17409392977399 84.73172168580089 0
      vertex 126.5 88.9 0
      vertex 123.0278181408039 84.836541433832 0
    endloop
  endfacet
  facet normal 0 0 1
    outer loop
      vertex 123.0278181408039 84.836541433832 0
      vertex 126.5 88.9 0
      vertex 122.875 84.93156986040721 0
    endloop
  endfacet
  facet normal 0 0 1
    outer loop
      vertex 122.71629389810225 85.01640003921489 0
      vertex 122.875 84.93156986040721 0
      vertex 126.5 88.9 0
    endloop
  endfacet
  facet normal 0 1 0
    outer loop
      vertex -85 3.1500000000000057 -2.99
      vertex -84.81914893617022 3.1500000000000057 -3
      vertex -85 3.1500000000000057 -3
    endloop
  endfacet
  facet normal 1 0 0
    outer loop
      vertex -85 3.1500000000000057 0
      vertex -85 3.1500000000000057 -2.99
      vertex -85 85.75 0
    endloop
  endfacet
  facet normal 0 1 0
    outer loop
      vertex -85 3.1500000000000057 0
      vertex 84.43333333333335 3.1500000000000057 -2.99
      vertex -85 3.1500000000000057 -2.99
    endloop
  endfacet
  facet normal 1 0 0
    outer loop
      vertex -85 85.75 0
      vertex -85 3.1500000000000057 -2.99
      vertex -85 85.75 -2.99
    endloop
  endfacet
  facet normal 0 -1 0
    outer loop
      vertex 85 85.75 0
      vertex -85 85.75 -2.99
      vertex -85 85.75 -3
    endloop
  endfacet
  facet normal 0 -1 0
    outer loop
      vertex -85 85.75 0
      vertex -85 85.75 -2.99
      vertex 85 85.75 0
    endloop
  endfacet
  facet normal 0 1 0
    outer loop
      vertex -85 3.1500000000000057 0
      vertex 85 3.1500000000000057 0
      vertex 84.43333333333335 3.1500000000000057 -2.99
    endloop
  endfacet
  facet normal 0 1 0
    outer loop
      vertex 85 3.1500000000000057 0
      vertex 85 3.1500000000000057 -3
      vertex 84.43333333333335 3.1500000000000057 -2.99
    endloop
  endfacet
  facet normal -1 0 0
    outer loop
      vertex 85 3.2165592264303022 0
      vertex 85 3.2166129032258106 -2.9975806451612903
      vertex 85 3.1500000000000057 -3
    endloop
  endfacet
  facet normal -1 0 0
    outer loop
      vertex 85 3.1500000000000057 0
      vertex 85 3.2165592264303022 0
      vertex 85 3.1500000000000057 -3
    endloop
  endfacet
  facet normal -1 0 0
    outer loop
      vertex 85 3.2166129032258106 -2.9975806451612903
      vertex 85 85.75 -3
      vertex 85 3.2378723404255356 -3
    endloop
  endfacet
  facet normal -1 0 0
    outer loop
      vertex 85 3.2165592264303022 0
      vertex 85 85.47488853075477 -2.99
      vertex 85 3.2166129032258106 -2.9975806451612903
    endloop
  endfacet
  facet normal 0 -1 0
    outer loop
      vertex -85 85.75 -3
      vertex 85 85.75 -3
      vertex 85 85.75 -2.99
    endloop
  endfacet
  facet normal 0 -1 0
    outer loop
      vertex 85 85.75 0
      vertex -85 85.75 -3
      vertex 85 85.75 -2.99
    endloop
  endfacet
  facet normal -1 0 0
    outer loop
      vertex 85 85.47488853075477 -2.99
      vertex 85 85.75 -3
      vertex 85 3.2166129032258106 -2.9975806451612903
    endloop
  endfacet
  facet normal -1 0 0
    outer loop
      vertex 85 3.2165592264303022 0
      vertex 85 85.75 0
      vertex 85 85.47488853075477 -2.99
    endloop
  endfacet
  facet normal -1 0 0
    outer loop
      vertex 85 85.75 0
      vertex 85 85.75 -2.99
      vertex 85 85.47488853075477 -2.99
    endloop
  endfacet
  facet normal 0 1 0
    outer loop
      vertex -85 3.1500000000000057 -15.4
      vertex -85 3.1500000000000057 -12.4
      vertex -49 3.1500000000000057 -15.4
    endloop
  endfacet
  facet normal 1 0 0
    outer loop
      vertex -85 3.1500000000000057 -15.4
      vertex -85 85.75 -12.4
      vertex -85 3.1500000000000057 -12.4
    endloop
  endfacet
  facet normal 0 1 0
    outer loop
      vertex -49 3.1500000000000057 -15.4
      vertex -85 3.1500000000000057 -12.4
      vertex -49 3.1500000000000057 -12.4
    endloop
  endfacet
  facet normal -1 0 0
    outer loop
      vertex -49 3.1500000000000057 -15.4
      vertex -49 3.1500000000000057 -12.4
      vertex -49 85.75 -15.4
    endloop
  endfacet
  facet normal 1 0 0
    outer loop
      vertex -85 3.1500000000000057 -15.4
      vertex -85 85.75 -15.4
      vertex -85 85.75 -12.4
    endloop
  endfacet
  facet normal 0 -1 0
    outer loop
      vertex -85 85.75 -15.4
      vertex -49 85.75 -12.4
      vertex -85 85.75 -12.4
    endloop
  endfacet
  facet normal -1 0 0
    outer loop
      vertex -49 3.1500000000000057 -12.4
      vertex -49 85.75 -12.4
      vertex -49 85.75 -15.4
    endloop
  endfacet
  facet normal 0 -1 0
    outer loop
      vertex -85 85.75 -15.4
      vertex -49 85.75 -15.4
      vertex -49 85.75 -12.4
    endloop
  endfacet
  facet normal 0 1 0
    outer loop
      vertex 49 3.1500000000000057 -15.4
      vertex 49 3.1500000000000057 -12.4
      vertex 85 3.1500000000000057 -15.4
    endloop
  endfacet
  facet normal 1 0 0
    outer loop
      vertex 49 3.1500000000000057 -15.4
      vertex 49 85.75 -12.4
      vertex 49 3.1500000000000057 -12.4
    endloop
  endfacet
  facet normal 0 1 0
    outer loop
      vertex 85 3.1500000000000057 -15.4
      vertex 49 3.1500000000000057 -12.4
      vertex 85 3.1500000000000057 -12.4
    endloop
  endfacet
  facet normal -1 0 0
    outer loop
      vertex 85 3.1500000000000057 -15.4
      vertex 85 3.1500000000000057 -12.4
      vertex 85 85.75 -15.4
    endloop
  endfacet
  facet normal -1 0 0
    outer loop
      vertex 85 3.1500000000000057 -12.4
      vertex 85 3.4235099337748345 -12.4
      vertex 85 85.75 -15.4
    endloop
  endfacet
  facet normal -1 0 0
    outer loop
      vertex 85 3.1500000000000057 -12.39
      vertex 85 85.75 -12.39
      vertex 85 3.4235099337748345 -12.4
    endloop
  endfacet
  facet normal 1 0 0
    outer loop
      vertex 49 3.1500000000000057 -15.4
      vertex 49 85.75 -15.4
      vertex 49 85.75 -12.4
    endloop
  endfacet
  facet normal 0 -1 0
    outer loop
      vertex 49 85.75 -15.4
      vertex 85 85.75 -12.4
      vertex 49 85.75 -12.4
    endloop
  endfacet
  facet normal -1 0 0
    outer loop
      vertex 85 3.4235099337748345 -12.4
      vertex 85 85.75 -12.4
      vertex 85 85.75 -15.4
    endloop
  endfacet
  facet normal 0 -1 0
    outer loop
      vertex 49 85.75 -15.4
      vertex 85 85.75 -15.4
      vertex 85 85.75 -12.4
    endloop
  endfacet
  facet normal -1 0 0
    outer loop
      vertex 85 3.4235099337748345 -12.4
      vertex 85 85.75 -12.39
      vertex 85 85.75 -12.4
    endloop
  endfacet
  facet normal 0 0 -1
    outer loop
      vertex -87.5 0.6500000000000057 -15.4
      vertex -85 3.1500000000000057 -15.4
      vertex -49 3.1500000000000057 -15.4
    endloop
  endfacet
  facet normal 0 0 -1
    outer loop
      vertex -87.5 0.6500000000000057 -15.4
      vertex -87.5 88.25 -15.4
      vertex -85 3.1500000000000057 -15.4
    endloop
  endfacet
  facet normal 0 0 -1
    outer loop
      vertex -49 3.1500000000000057 -15.4
      vertex -24.660345685310457 22.823457264717746 -15.4
      vertex -23.19310242291876 21.256897577081244 -15.4
    endloop
  endfacet
  facet normal 0 0 -1
    outer loop
      vertex -49 3.1500000000000057 -15.4
      vertex -27.27220328352348 26.22729635695705 -15.4
      vertex -26.021989561552513 24.482625128513966 -15.4
    endloop
  endfacet
  facet normal 0 0 -1
    outer loop
      vertex -49 3.1500000000000057 -15.4
      vertex -26.021989561552513 24.482625128513966 -15.4
      vertex -24.660345685310457 22.823457264717746 -15.4
    endloop
  endfacet
  facet normal 0 0 -1
    outer loop
      vertex -49 3.1500000000000057 -15.4
      vertex -28.405633244129582 28.050000000000004 -15.4
      vertex -27.27220328352348 26.22729635695705 -15.4
    endloop
  endfacet
  facet normal 0 0 -1
    outer loop
      vertex -49 3.1500000000000057 -15.4
      vertex -29.417425922272173 29.94293096081676 -15.4
      vertex -28.405633244129582 28.050000000000004 -15.4
    endloop
  endfacet
  facet normal 0 0 -1
    outer loop
      vertex -49 3.1500000000000057 -15.4
      vertex -30.3032486663702 31.89798341842506 -15.4
      vertex -29.417425922272173 29.94293096081676 -15.4
    endloop
  endfacet
  facet normal 0 0 -1
    outer loop
      vertex -87.5 0.6500000000000057 -15.4
      vertex -49 3.1500000000000057 -15.4
      vertex 87.5 0.6500000000000057 -15.4
    endloop
  endfacet
  facet normal 0 0 -1
    outer loop
      vertex -49 3.1500000000000057 -15.4
      vertex -12.552016581574943 14.146751333629801 -15.4
      vertex -10.543214461943698 13.390691752560539 -15.4
    endloop
  endfacet
  facet normal 0 0 -1
    outer loop
      vertex -49 3.1500000000000057 -15.4
      vertex -14.507069039183241 15.03257407772783 -15.4
      vertex -12.552016581574943 14.146751333629801 -15.4
    endloop
  endfacet
  facet normal 0 0 -1
    outer loop
      vertex -49 3.1500000000000057 -15.4
      vertex -8.48926467936268 12.767632897718563 -15.4
      vertex -6.398962562129006 12.280242802774048 -15.4
    endloop
  endfacet
  facet normal 0 0 -1
    outer loop
      vertex -49 3.1500000000000057 -15.4
      vertex -6.398962562129006 12.280242802774048 -15.4
      vertex -6 12.214373817182882 -15.4
    endloop
  endfacet
  facet normal 0 0 -1
    outer loop
      vertex -49 3.1500000000000057 -15.4
      vertex -10.543214461943698 13.390691752560539 -15.4
      vertex -8.48926467936268 12.767632897718563 -15.4
    endloop
  endfacet
  facet normal 0 0 -1
    outer loop
      vertex -49 3.1500000000000057 -15.4
      vertex -6 12.214373817182882 -15.4
      vertex 6 12.214373817182882 -15.4
    endloop
  endfacet
  facet normal 0 0 -1
    outer loop
      vertex -49 3.1500000000000057 -15.4
      vertex -18.22270364304295 17.17779671647652 -15.4
      vertex -16.4 16.04436675587042 -15.4
    endloop
  endfacet
  facet normal 0 0 -1
    outer loop
      vertex -49 3.1500000000000057 -15.4
      vertex -21.626542735282257 19.789654314689546 -15.4
      vertex -19.967374871486037 18.42801043844749 -15.4
    endloop
  endfacet
  facet normal 0 0 -1
    outer loop
      vertex -49 3.1500000000000057 -15.4
      vertex -19.967374871486037 18.42801043844749 -15.4
      vertex -18.22270364304295 17.17779671647652 -15.4
    endloop
  endfacet
  facet normal 0 0 -1
    outer loop
      vertex -49 3.1500000000000057 -15.4
      vertex -16.4 16.04436675587042 -15.4
      vertex -14.507069039183241 15.03257407772783 -15.4
    endloop
  endfacet
  facet normal 0 0 -1
    outer loop
      vertex -49 3.1500000000000057 -15.4
      vertex -23.19310242291876 21.256897577081244 -15.4
      vertex -21.626542735282257 19.789654314689546 -15.4
    endloop
  endfacet
  facet normal 0 0 -1
    outer loop
      vertex -6 12.214373817182882 -15.4
      vertex -5.911236757088686 14.732206003782121 -15.4
      vertex -3.9549436242675626 14.409220700373549 -15.4
    endloop
  endfacet
  facet normal 0 0 -1
    outer loop
      vertex -6 12.214373817182882 -15.4
      vertex -3.9549436242675626 14.409220700373549 -15.4
      vertex -1.9817148156733349 14.214874625870316 -15.4
    endloop
  endfacet
  facet normal 0 0 -1
    outer loop
      vertex -6 12.214373817182882 -15.4
      vertex -1.9817148156733349 14.214874625870316 -15.4
      vertex 0 14.150000000000002 -15.4
    endloop
  endfacet
  facet normal 0 0 -1
    outer loop
      vertex -6 12.214373817182882 -15.4
      vertex 0 14.150000000000002 -15.4
      vertex 1.9817148156733349 14.214874625870316 -15.4
    endloop
  endfacet
  facet normal 0 0 -1
    outer loop
      vertex -6 12.214373817182882 -15.4
      vertex -6 14.752902689219813 -15.4
      vertex -5.911236757088686 14.732206003782121 -15.4
    endloop
  endfacet
  facet normal 0 0 -1
    outer loop
      vertex -49 3.1500000000000057 -15.4
      vertex -31.059308247439464 33.906785538056305 -15.4
      vertex -30.3032486663702 31.89798341842506 -15.4
    endloop
  endfacet
  facet normal 0 0 -1
    outer loop
      vertex -49 3.1500000000000057 -15.4
      vertex -31.68236710228144 35.960735320637326 -15.4
      vertex -31.059308247439464 33.906785538056305 -15.4
    endloop
  endfacet
  facet normal 0 0 -1
    outer loop
      vertex -49 3.1500000000000057 -15.4
      vertex -32.169757197225955 38.051037437870995 -15.4
      vertex -31.68236710228144 35.960735320637326 -15.4
    endloop
  endfacet
  facet normal 0 0 -1
    outer loop
      vertex -49 3.1500000000000057 -15.4
      vertex -32.519391453060976 40.16874089518231 -15.4
      vertex -32.169757197225955 38.051037437870995 -15.4
    endloop
  endfacet
  facet normal 0 0 -1
    outer loop
      vertex -49 3.1500000000000057 -15.4
      vertex -32.72977268222619 42.30477736125131 -15.4
      vertex -32.519391453060976 40.16874089518231 -15.4
    endloop
  endfacet
  facet normal 0 0 -1
    outer loop
      vertex -49 3.1500000000000057 -15.4
      vertex -32.8 44.45 -15.4
      vertex -32.72977268222619 42.30477736125131 -15.4
    endloop
  endfacet
  facet normal 0 0 -1
    outer loop
      vertex -49 3.1500000000000057 -15.4
      vertex -32.72977268222619 46.595222638748695 -15.4
      vertex -32.8 44.45 -15.4
    endloop
  endfacet
  facet normal -1 0 0
    outer loop
      vertex -87.5 0.6500000000000057 -15.4
      vertex -87.5 0.6500000000000057 -3
      vertex -87.5 88.25 -3
    endloop
  endfacet
  facet normal 0 -1 0
    outer loop
      vertex -87.5 0.6500000000000057 -15.4
      vertex 87.5 0.6500000000000057 -15.4
      vertex -87.5 0.6500000000000057 -3
    endloop
  endfacet
  facet normal 0 0 -1
    outer loop
      vertex -85 3.1500000000000057 -15.4
      vertex -87.5 88.25 -15.4
      vertex -85 85.75 -15.4
    endloop
  endfacet
  facet normal 0 0 -1
    outer loop
      vertex -85 85.75 -15.4
      vertex -87.5 88.25 -15.4
      vertex -49 85.75 -15.4
    endloop
  endfacet
  facet normal 0 0 -1
    outer loop
      vertex -49 3.1500000000000057 -15.4
      vertex -49 85.75 -15.4
      vertex -32.72977268222619 46.595222638748695 -15.4
    endloop
  endfacet
  facet normal 0 0 -1
    outer loop
      vertex -49 85.75 -15.4
      vertex -32.519391453060976 48.731259104817696 -15.4
      vertex -32.72977268222619 46.595222638748695 -15.4
    endloop
  endfacet
  facet normal 0 0 -1
    outer loop
      vertex -49 85.75 -15.4
      vertex -32.169757197225955 50.84896256212901 -15.4
      vertex -32.519391453060976 48.731259104817696 -15.4
    endloop
  endfacet
  facet normal 0 0 -1
    outer loop
      vertex -49 85.75 -15.4
      vertex -31.68236710228144 52.93926467936268 -15.4
      vertex -32.169757197225955 50.84896256212901 -15.4
    endloop
  endfacet
  facet normal 0 0 -1
    outer loop
      vertex -49 85.75 -15.4
      vertex -31.059308247439464 54.9932144619437 -15.4
      vertex -31.68236710228144 52.93926467936268 -15.4
    endloop
  endfacet
  facet normal 0 0 -1
    outer loop
      vertex -49 85.75 -15.4
      vertex -30.3032486663702 57.00201658157495 -15.4
      vertex -31.059308247439464 54.9932144619437 -15.4
    endloop
  endfacet
  facet normal 0 0 -1
    outer loop
      vertex -49 85.75 -15.4
      vertex -29.417425922272173 58.957069039183246 -15.4
      vertex -30.3032486663702 57.00201658157495 -15.4
    endloop
  endfacet
  facet normal 0 0 -1
    outer loop
      vertex -49 85.75 -15.4
      vertex -28.405633244129582 60.85 -15.4
      vertex -29.417425922272173 58.957069039183246 -15.4
    endloop
  endfacet
  facet normal 0 0 -1
    outer loop
      vertex -49 85.75 -15.4
      vertex -27.27220328352348 62.67270364304295 -15.4
      vertex -28.405633244129582 60.85 -15.4
    endloop
  endfacet
  facet normal 0 0 -1
    outer loop
      vertex -49 85.75 -15.4
      vertex -26.021989561552513 64.41737487148603 -15.4
      vertex -27.27220328352348 62.67270364304295 -15.4
    endloop
  endfacet
  facet normal 0 0 -1
    outer loop
      vertex -49 85.75 -15.4
      vertex -24.660345685310457 66.07654273528226 -15.4
      vertex -26.021989561552513 64.41737487148603 -15.4
    endloop
  endfacet
  facet normal 0 0 -1
    outer loop
      vertex -49 85.75 -15.4
      vertex -23.19310242291876 67.64310242291876 -15.4
      vertex -24.660345685310457 66.07654273528226 -15.4
    endloop
  endfacet
  facet normal 0 0 -1
    outer loop
      vertex -49 85.75 -15.4
      vertex -21.626542735282257 69.11034568531046 -15.4
      vertex -23.19310242291876 67.64310242291876 -15.4
    endloop
  endfacet
  facet normal 0 0 -1
    outer loop
      vertex -49 85.75 -15.4
      vertex -19.967374871486037 70.47198956155252 -15.4
      vertex -21.626542735282257 69.11034568531046 -15.4
    endloop
  endfacet
  facet normal 0 0 -1
    outer loop
      vertex -49 85.75 -15.4
      vertex -18.22270364304295 71.72220328352348 -15.4
      vertex -19.967374871486037 70.47198956155252 -15.4
    endloop
  endfacet
  facet normal 0 0 -1
    outer loop
      vertex -49 85.75 -15.4
      vertex -16.4 72.85563324412959 -15.4
      vertex -18.22270364304295 71.72220328352348 -15.4
    endloop
  endfacet
  facet normal 0 0 -1
    outer loop
      vertex -49 85.75 -15.4
      vertex -14.507069039183241 73.86742592227218 -15.4
      vertex -16.4 72.85563324412959 -15.4
    endloop
  endfacet
  facet normal 0 0 -1
    outer loop
      vertex -49 85.75 -15.4
      vertex -12.552016581574943 74.75324866637021 -15.4
      vertex -14.507069039183241 73.86742592227218 -15.4
    endloop
  endfacet
  facet normal 0 0 -1
    outer loop
      vertex -49 85.75 -15.4
      vertex -10.543214461943698 75.50930824743946 -15.4
      vertex -12.552016581574943 74.75324866637021 -15.4
    endloop
  endfacet
  facet normal 0 0 -1
    outer loop
      vertex -49 85.75 -15.4
      vertex -8.48926467936268 76.13236710228145 -15.4
      vertex -10.543214461943698 75.50930824743946 -15.4
    endloop
  endfacet
  facet normal 0 0 -1
    outer loop
      vertex -49 85.75 -15.4
      vertex -6.398962562129006 76.61975719722597 -15.4
      vertex -8.48926467936268 76.13236710228145 -15.4
    endloop
  endfacet
  facet normal 0 0 -1
    outer loop
      vertex -49 85.75 -15.4
      vertex -4.281259104817691 76.96939145306098 -15.4
      vertex -6.398962562129006 76.61975719722597 -15.4
    endloop
  endfacet
  facet normal 0 0 -1
    outer loop
      vertex -87.5 88.25 -15.4
      vertex 49 85.75 -15.4
      vertex -49 85.75 -15.4
    endloop
  endfacet
  facet normal 0 0 -1
    outer loop
      vertex -49 85.75 -15.4
      vertex 49 85.75 -15.4
      vertex -4.281259104817691 76.96939145306098 -15.4
    endloop
  endfacet
  facet normal -1 0 0
    outer loop
      vertex -87.5 0.6500000000000057 -15.4
      vertex -87.5 88.25 -3
      vertex -87.5 88.25 -15.4
    endloop
  endfacet
  facet normal 0 1 0
    outer loop
      vertex -87.5 88.25 -15.4
      vertex -87.5 88.25 -3
      vertex 87.5 88.25 -3
    endloop
  endfacet
  facet normal 0 0 -1
    outer loop
      vertex -49 3.1500000000000057 -15.4
      vertex 6 12.214373817182882 -15.4
      vertex 49 3.1500000000000057 -15.4
    endloop
  endfacet
  facet normal 0 0 -1
    outer loop
      vertex -49 3.1500000000000057 -15.4
      vertex 49 3.1500000000000057 -15.4
      vertex 87.5 0.6500000000000057 -15.4
    endloop
  endfacet
  facet normal 0 0 -1
    outer loop
      vertex 6 12.214373817182882 -15.4
      vertex 6.398962562129006 12.280242802774048 -15.4
      vertex 49 3.1500000000000057 -15.4
    endloop
  endfacet
  facet normal 0 0 -1
    outer loop
      vertex 6.398962562129006 12.280242802774048 -15.4
      vertex 8.48926467936268 12.767632897718563 -15.4
      vertex 49 3.1500000000000057 -15.4
    endloop
  endfacet
  facet normal 0 0 -1
    outer loop
      vertex 8.48926467936268 12.767632897718563 -15.4
      vertex 10.543214461943698 13.390691752560539 -15.4
      vertex 49 3.1500000000000057 -15.4
    endloop
  endfacet
  facet normal 0 0 -1
    outer loop
      vertex 10.543214461943698 13.390691752560539 -15.4
      vertex 12.552016581574943 14.146751333629801 -15.4
      vertex 49 3.1500000000000057 -15.4
    endloop
  endfacet
  facet normal 0 0 -1
    outer loop
      vertex 12.552016581574943 14.146751333629801 -15.4
      vertex 14.507069039183241 15.03257407772783 -15.4
      vertex 49 3.1500000000000057 -15.4
    endloop
  endfacet
  facet normal 0 0 -1
    outer loop
      vertex -6 12.214373817182882 -15.4
      vertex 1.9817148156733349 14.214874625870316 -15.4
      vertex 6 12.214373817182882 -15.4
    endloop
  endfacet
  facet normal 0 0 -1
    outer loop
      vertex 1.9817148156733349 14.214874625870316 -15.4
      vertex 3.9549436242675626 14.409220700373549 -15.4
      vertex 6 12.214373817182882 -15.4
    endloop
  endfacet
  facet normal 0 0 -1
    outer loop
      vertex 3.9549436242675626 14.409220700373549 -15.4
      vertex 5.911236757088686 14.732206003782121 -15.4
      vertex 6 12.214373817182882 -15.4
    endloop
  endfacet
  facet normal 0 0 -1
    outer loop
      vertex 6 12.214373817182882 -15.4
      vertex 5.911236757088686 14.732206003782121 -15.4
      vertex 6 14.752902689219813 -15.4
    endloop
  endfacet
  facet normal 0 0 -1
    outer loop
      vertex 14.507069039183241 15.03257407772783 -15.4
      vertex 16.4 16.04436675587042 -15.4
      vertex 49 3.1500000000000057 -15.4
    endloop
  endfacet
  facet normal 0 0 -1
    outer loop
      vertex 16.4 16.04436675587042 -15.4
      vertex 18.22270364304295 17.17779671647652 -15.4
      vertex 49 3.1500000000000057 -15.4
    endloop
  endfacet
  facet normal 0 0 -1
    outer loop
      vertex 18.22270364304295 17.17779671647652 -15.4
      vertex 19.967374871486037 18.42801043844749 -15.4
      vertex 49 3.1500000000000057 -15.4
    endloop
  endfacet
  facet normal 0 0 -1
    outer loop
      vertex 19.967374871486037 18.42801043844749 -15.4
      vertex 21.626542735282257 19.789654314689546 -15.4
      vertex 49 3.1500000000000057 -15.4
    endloop
  endfacet
  facet normal 0 0 -1
    outer loop
      vertex 21.626542735282257 19.789654314689546 -15.4
      vertex 23.19310242291876 21.256897577081244 -15.4
      vertex 49 3.1500000000000057 -15.4
    endloop
  endfacet
  facet normal 0 0 -1
    outer loop
      vertex 23.19310242291876 21.256897577081244 -15.4
      vertex 24.660345685310457 22.823457264717746 -15.4
      vertex 49 3.1500000000000057 -15.4
    endloop
  endfacet
  facet normal 0 0 -1
    outer loop
      vertex 49 3.1500000000000057 -15.4
      vertex 24.660345685310457 22.823457264717746 -15.4
      vertex 26.021989561552513 24.482625128513966 -15.4
    endloop
  endfacet
  facet normal 0 0 -1
    outer loop
      vertex 49 3.1500000000000057 -15.4
      vertex 26.021989561552513 24.482625128513966 -15.4
      vertex 27.27220328352348 26.22729635695705 -15.4
    endloop
  endfacet
  facet normal 0 0 -1
    outer loop
      vertex 49 3.1500000000000057 -15.4
      vertex 27.27220328352348 26.22729635695705 -15.4
      vertex 28.405633244129582 28.050000000000004 -15.4
    endloop
  endfacet
  facet normal 0 0 -1
    outer loop
      vertex 49 3.1500000000000057 -15.4
      vertex 28.405633244129582 28.050000000000004 -15.4
      vertex 29.417425922272173 29.94293096081676 -15.4
    endloop
  endfacet
  facet normal 0 0 -1
    outer loop
      vertex 49 3.1500000000000057 -15.4
      vertex 29.417425922272173 29.94293096081676 -15.4
      vertex 30.3032486663702 31.89798341842506 -15.4
    endloop
  endfacet
  facet normal 0 0 -1
    outer loop
      vertex 49 3.1500000000000057 -15.4
      vertex 30.3032486663702 31.89798341842506 -15.4
      vertex 31.059308247439464 33.906785538056305 -15.4
    endloop
  endfacet
  facet normal 0 0 -1
    outer loop
      vertex 49 3.1500000000000057 -15.4
      vertex 31.059308247439464 33.906785538056305 -15.4
      vertex 31.68236710228144 35.960735320637326 -15.4
    endloop
  endfacet
  facet normal 0 0 -1
    outer loop
      vertex 49 3.1500000000000057 -15.4
      vertex 31.68236710228144 35.960735320637326 -15.4
      vertex 32.169757197225955 38.051037437870995 -15.4
    endloop
  endfacet
  facet normal 0 0 -1
    outer loop
      vertex 49 3.1500000000000057 -15.4
      vertex 32.169757197225955 38.051037437870995 -15.4
      vertex 32.519391453060976 40.16874089518231 -15.4
    endloop
  endfacet
  facet normal 0 0 -1
    outer loop
      vertex 49 3.1500000000000057 -15.4
      vertex 32.519391453060976 40.16874089518231 -15.4
      vertex 32.72977268222619 42.30477736125131 -15.4
    endloop
  endfacet
  facet normal 0 0 -1
    outer loop
      vertex 49 3.1500000000000057 -15.4
      vertex 32.72977268222619 42.30477736125131 -15.4
      vertex 49 85.75 -15.4
    endloop
  endfacet
  facet normal 0 0 -1
    outer loop
      vertex 49 3.1500000000000057 -15.4
      vertex 85 3.1500000000000057 -15.4
      vertex 87.5 0.6500000000000057 -15.4
    endloop
  endfacet
  facet normal 0 0 -1
    outer loop
      vertex 85 3.1500000000000057 -15.4
      vertex 85 85.75 -15.4
      vertex 87.5 0.6500000000000057 -15.4
    endloop
  endfacet
  facet normal 0 -1 0
    outer loop
      vertex 87.5 0.6500000000000057 -15.4
      vertex 87.5 0.6500000000000057 -3
      vertex -87.5 0.6500000000000057 -3
    endloop
  endfacet
  facet normal 1 0 0
    outer loop
      vertex 87.5 0.6500000000000057 -15.4
      vertex 87.5 88.25 -15.4
      vertex 87.5 0.6500000000000057 -3
    endloop
  endfacet
  facet normal 0 0 -1
    outer loop
      vertex 32.72977268222619 42.30477736125131 -15.4
      vertex 32.8 44.45 -15.4
      vertex 49 85.75 -15.4
    endloop
  endfacet
  facet normal 0 0 -1
    outer loop
      vertex 32.8 44.45 -15.4
      vertex 32.72977268222619 46.595222638748695 -15.4
      vertex 49 85.75 -15.4
    endloop
  endfacet
  facet normal 0 0 -1
    outer loop
      vertex 32.72977268222619 46.595222638748695 -15.4
      vertex 32.519391453060976 48.731259104817696 -15.4
      vertex 49 85.75 -15.4
    endloop
  endfacet
  facet normal 0 0 -1
    outer loop
      vertex 32.519391453060976 48.731259104817696 -15.4
      vertex 32.169757197225955 50.84896256212901 -15.4
      vertex 49 85.75 -15.4
    endloop
  endfacet
  facet normal 0 0 -1
    outer loop
      vertex 32.169757197225955 50.84896256212901 -15.4
      vertex 31.68236710228144 52.93926467936268 -15.4
      vertex 49 85.75 -15.4
    endloop
  endfacet
  facet normal 0 0 -1
    outer loop
      vertex 31.68236710228144 52.93926467936268 -15.4
      vertex 31.059308247439464 54.9932144619437 -15.4
      vertex 49 85.75 -15.4
    endloop
  endfacet
  facet normal 0 0 -1
    outer loop
      vertex 31.059308247439464 54.9932144619437 -15.4
      vertex 30.3032486663702 57.00201658157495 -15.4
      vertex 49 85.75 -15.4
    endloop
  endfacet
  facet normal 0 0 -1
    outer loop
      vertex 23.19310242291876 67.64310242291876 -15.4
      vertex 21.626542735282257 69.11034568531046 -15.4
      vertex 49 85.75 -15.4
    endloop
  endfacet
  facet normal 0 0 -1
    outer loop
      vertex 16.4 72.85563324412959 -15.4
      vertex 14.507069039183241 73.86742592227218 -15.4
      vertex 49 85.75 -15.4
    endloop
  endfacet
  facet normal 0 0 -1
    outer loop
      vertex 18.22270364304295 71.72220328352348 -15.4
      vertex 49 85.75 -15.4
      vertex 19.967374871486037 70.47198956155252 -15.4
    endloop
  endfacet
  facet normal 0 0 -1
    outer loop
      vertex 19.967374871486037 70.47198956155252 -15.4
      vertex 49 85.75 -15.4
      vertex 21.626542735282257 69.11034568531046 -15.4
    endloop
  endfacet
  facet normal 0 0 -1
    outer loop
      vertex 16.4 72.85563324412959 -15.4
      vertex 49 85.75 -15.4
      vertex 18.22270364304295 71.72220328352348 -15.4
    endloop
  endfacet
  facet normal 0 0 -1
    outer loop
      vertex -4.281259104817691 76.96939145306098 -15.4
      vertex 49 85.75 -15.4
      vertex -2.145222638748692 77.1797726822262 -15.4
    endloop
  endfacet
  facet normal 0 0 -1
    outer loop
      vertex -2.145222638748692 77.1797726822262 -15.4
      vertex 49 85.75 -15.4
      vertex 0 77.25 -15.4
    endloop
  endfacet
  facet normal 0 0 -1
    outer loop
      vertex 0 77.25 -15.4
      vertex 49 85.75 -15.4
      vertex 2.145222638748692 77.1797726822262 -15.4
    endloop
  endfacet
  facet normal 0 0 -1
    outer loop
      vertex 2.145222638748692 77.1797726822262 -15.4
      vertex 49 85.75 -15.4
      vertex 4.281259104817691 76.96939145306098 -15.4
    endloop
  endfacet
  facet normal 0 0 -1
    outer loop
      vertex 10.543214461943698 75.50930824743946 -15.4
      vertex 8.48926467936268 76.13236710228145 -15.4
      vertex 49 85.75 -15.4
    endloop
  endfacet
  facet normal 0 0 -1
    outer loop
      vertex 4.281259104817691 76.96939145306098 -15.4
      vertex 49 85.75 -15.4
      vertex 6.398962562129006 76.61975719722597 -15.4
    endloop
  endfacet
  facet normal 0 0 -1
    outer loop
      vertex 6.398962562129006 76.61975719722597 -15.4
      vertex 49 85.75 -15.4
      vertex 8.48926467936268 76.13236710228145 -15.4
    endloop
  endfacet
  facet normal 0 0 -1
    outer loop
      vertex 14.507069039183241 73.86742592227218 -15.4
      vertex 12.552016581574943 74.75324866637021 -15.4
      vertex 49 85.75 -15.4
    endloop
  endfacet
  facet normal 0 0 -1
    outer loop
      vertex 10.543214461943698 75.50930824743946 -15.4
      vertex 49 85.75 -15.4
      vertex 12.552016581574943 74.75324866637021 -15.4
    endloop
  endfacet
  facet normal 0 0 -1
    outer loop
      vertex -87.5 88.25 -15.4
      vertex 87.5 88.25 -15.4
      vertex 49 85.75 -15.4
    endloop
  endfacet
  facet normal 0 0 -1
    outer loop
      vertex 30.3032486663702 57.00201658157495 -15.4
      vertex 29.417425922272173 58.957069039183246 -15.4
      vertex 49 85.75 -15.4
    endloop
  endfacet
  facet normal 0 0 -1
    outer loop
      vertex 29.417425922272173 58.957069039183246 -15.4
      vertex 28.405633244129582 60.85 -15.4
      vertex 49 85.75 -15.4
    endloop
  endfacet
  facet normal 0 0 -1
    outer loop
      vertex 28.405633244129582 60.85 -15.4
      vertex 27.27220328352348 62.67270364304295 -15.4
      vertex 49 85.75 -15.4
    endloop
  endfacet
  facet normal 0 0 -1
    outer loop
      vertex 26.021989561552513 64.41737487148603 -15.4
      vertex 24.660345685310457 66.07654273528226 -15.4
      vertex 49 85.75 -15.4
    endloop
  endfacet
  facet normal 0 0 -1
    outer loop
      vertex 27.27220328352348 62.67270364304295 -15.4
      vertex 26.021989561552513 64.41737487148603 -15.4
      vertex 49 85.75 -15.4
    endloop
  endfacet
  facet normal 0 0 -1
    outer loop
      vertex 24.660345685310457 66.07654273528226 -15.4
      vertex 23.19310242291876 67.64310242291876 -15.4
      vertex 49 85.75 -15.4
    endloop
  endfacet
  facet normal 0 0 -1
    outer loop
      vertex 87.5 0.6500000000000057 -15.4
      vertex 85 85.75 -15.4
      vertex 87.5 88.25 -15.4
    endloop
  endfacet
  facet normal 0 0 -1
    outer loop
      vertex 49 85.75 -15.4
      vertex 87.5 88.25 -15.4
      vertex 85 85.75 -15.4
    endloop
  endfacet
  facet normal 0 1 0
    outer loop
      vertex -87.5 88.25 -15.4
      vertex 87.5 88.25 -3
      vertex 87.5 88.25 -15.4
    endloop
  endfacet
  facet normal 1 0 0
    outer loop
      vertex 87.5 88.25 -15.4
      vertex 87.5 88.25 -3
      vertex 87.5 0.6500000000000057 -3
    endloop
  endfacet
  facet normal 0 1 0
    outer loop
      vertex -85 3.1500000000000057 -12.4
      vertex -84.81914893617022 3.1500000000000057 -3
      vertex -49 3.1500000000000057 -12.4
    endloop
  endfacet
  facet normal 0 1 0
    outer loop
      vertex -85 3.1500000000000057 -12.4
      vertex -85 3.1500000000000057 -3
      vertex -84.81914893617022 3.1500000000000057 -3
    endloop
  endfacet
  facet normal 1 0 0
    outer loop
      vertex -85 3.1500000000000057 -12.4
      vertex -85 85.75 -12.4
      vertex -85 3.1500000000000057 -3
    endloop
  endfacet
  facet normal 1 0 0
    outer loop
      vertex -85 3.1500000000000057 -2.99
      vertex -85 3.1500000000000057 -3
      vertex -85 85.75 -3
    endloop
  endfacet
  facet normal 0 0 1
    outer loop
      vertex -49 3.1500000000000057 -12.4
      vertex -22.780746166613014 24.471821802467918 -12.4
      vertex -24.038606210824426 26.004528701035767 -12.4
    endloop
  endfacet
  facet normal 0 0 1
    outer loop
      vertex -49 3.1500000000000057 -12.4
      vertex -24.038606210824426 26.004528701035767 -12.4
      vertex -25.19352925276712 27.616221939506058 -12.4
    endloop
  endfacet
  facet normal 0 0 1
    outer loop
      vertex -49 3.1500000000000057 -12.4
      vertex -25.19352925276712 27.616221939506058 -12.4
      vertex -26.24056973466849 29.300000000000004 -12.4
    endloop
  endfacet
  facet normal 0 0 1
    outer loop
      vertex -49 3.1500000000000057 -12.4
      vertex -26.24056973466849 29.300000000000004 -12.4
      vertex -27.175244068440456 31.048652686364264 -12.4
    endloop
  endfacet
  facet normal 0 0 1
    outer loop
      vertex -49 3.1500000000000057 -12.4
      vertex -5.911236757088686 14.732206003782121 -12.4
      vertex -7.842217066606379 15.182447463441232 -12.4
    endloop
  endfacet
  facet normal 0 0 1
    outer loop
      vertex -49 3.1500000000000057 -12.4
      vertex -3.9549436242675626 14.409220700373549 -12.4
      vertex -5.911236757088686 14.732206003782121 -12.4
    endloop
  endfacet
  facet normal 0 0 1
    outer loop
      vertex -49 3.1500000000000057 -12.4
      vertex -1.9817148156733349 14.214874625870316 -12.4
      vertex -3.9549436242675626 14.409220700373549 -12.4
    endloop
  endfacet
  facet normal 0 0 1
    outer loop
      vertex -49 3.1500000000000057 -12.4
      vertex 0 14.150000000000002 -12.4
      vertex -1.9817148156733349 14.214874625870316 -12.4
    endloop
  endfacet
  facet normal 0 0 1
    outer loop
      vertex -49 3.1500000000000057 -12.4
      vertex 1.9817148156733349 14.214874625870316 -12.4
      vertex 0 14.150000000000002 -12.4
    endloop
  endfacet
  facet normal 0 0 1
    outer loop
      vertex -49 3.1500000000000057 -12.4
      vertex 3.9549436242675626 14.409220700373549 -12.4
      vertex 1.9817148156733349 14.214874625870316 -12.4
    endloop
  endfacet
  facet normal 0 0 1
    outer loop
      vertex -49 3.1500000000000057 -12.4
      vertex 5.911236757088686 14.732206003782121 -12.4
      vertex 3.9549436242675626 14.409220700373549 -12.4
    endloop
  endfacet
  facet normal 0 1 0
    outer loop
      vertex -49 3.1500000000000057 -12.4
      vertex -84.81914893617022 3.1500000000000057 -3
      vertex 49 3.1500000000000057 -12.4
    endloop
  endfacet
  facet normal 0 0 1
    outer loop
      vertex -49 3.1500000000000057 -12.4
      vertex -11.59530800066222 16.456450164908013 -12.4
      vertex -13.401347313635739 17.274755931559547 -12.4
    endloop
  endfacet
  facet normal 0 0 1
    outer loop
      vertex -49 3.1500000000000057 -12.4
      vertex -13.401347313635739 17.274755931559547 -12.4
      vertex -15.15 18.209430265331513 -12.4
    endloop
  endfacet
  facet normal 0 0 1
    outer loop
      vertex -49 3.1500000000000057 -12.4
      vertex -15.15 18.209430265331513 -12.4
      vertex -16.833778060493945 19.256470747232882 -12.4
    endloop
  endfacet
  facet normal 0 0 1
    outer loop
      vertex -49 3.1500000000000057 -12.4
      vertex -16.833778060493945 19.256470747232882 -12.4
      vertex -18.445471298964236 20.411393789175577 -12.4
    endloop
  endfacet
  facet normal 0 0 1
    outer loop
      vertex -49 3.1500000000000057 -12.4
      vertex -18.445471298964236 20.411393789175577 -12.4
      vertex -19.978178197532085 21.66925383338699 -12.4
    endloop
  endfacet
  facet normal 0 0 1
    outer loop
      vertex -49 3.1500000000000057 -12.4
      vertex -19.978178197532085 21.66925383338699 -12.4
      vertex -21.42533546995239 23.024664530047612 -12.4
    endloop
  endfacet
  facet normal 0 0 1
    outer loop
      vertex -49 3.1500000000000057 -12.4
      vertex -9.739615798685797 15.758017076298298 -12.4
      vertex -11.59530800066222 16.456450164908013 -12.4
    endloop
  endfacet
  facet normal 0 0 1
    outer loop
      vertex -49 3.1500000000000057 -12.4
      vertex -7.842217066606379 15.182447463441232 -12.4
      vertex -9.739615798685797 15.758017076298298 -12.4
    endloop
  endfacet
  facet normal 0 0 1
    outer loop
      vertex -49 3.1500000000000057 -12.4
      vertex -21.42533546995239 23.024664530047612 -12.4
      vertex -22.780746166613014 24.471821802467918 -12.4
    endloop
  endfacet
  facet normal 0 1 0
    outer loop
      vertex -85 3.1500000000000057 -2.99
      vertex 84.43333333333335 3.1500000000000057 -2.99
      vertex -84.81914893617022 3.1500000000000057 -3
    endloop
  endfacet
  facet normal 0 0 1
    outer loop
      vertex -49 3.1500000000000057 -12.4
      vertex -28.691982923701705 34.710384201314206 -12.4
      vertex -29.26755253655877 36.60778293339362 -12.4
    endloop
  endfacet
  facet normal 0 0 1
    outer loop
      vertex -49 3.1500000000000057 -12.4
      vertex -27.175244068440456 31.048652686364264 -12.4
      vertex -27.99354983509199 32.85469199933778 -12.4
    endloop
  endfacet
  facet normal 0 0 1
    outer loop
      vertex -49 3.1500000000000057 -12.4
      vertex -27.99354983509199 32.85469199933778 -12.4
      vertex -28.691982923701705 34.710384201314206 -12.4
    endloop
  endfacet
  facet normal 0 0 1
    outer loop
      vertex -49 3.1500000000000057 -12.4
      vertex -29.26755253655877 36.60778293339362 -12.4
      vertex -29.717793996217882 38.538763242911315 -12.4
    endloop
  endfacet
  facet normal 0 0 1
    outer loop
      vertex -49 3.1500000000000057 -12.4
      vertex -29.717793996217882 38.538763242911315 -12.4
      vertex -30.040779299626454 40.49505637573244 -12.4
    endloop
  endfacet
  facet normal 0 0 1
    outer loop
      vertex -49 3.1500000000000057 -12.4
      vertex -30.040779299626454 40.49505637573244 -12.4
      vertex -30.235125374129687 42.46828518432667 -12.4
    endloop
  endfacet
  facet normal 0 0 1
    outer loop
      vertex -49 3.1500000000000057 -12.4
      vertex -30.235125374129687 42.46828518432667 -12.4
      vertex -49 85.75 -12.4
    endloop
  endfacet
  facet normal 1 0 0
    outer loop
      vertex -85 85.75 -12.4
      vertex -85 85.75 -3
      vertex -85 3.1500000000000057 -3
    endloop
  endfacet
  facet normal 1 0 0
    outer loop
      vertex -85 3.1500000000000057 -2.99
      vertex -85 85.75 -3
      vertex -85 85.75 -2.99
    endloop
  endfacet
  facet normal 0 -1 0
    outer loop
      vertex -85 85.75 -12.4
      vertex -49 85.75 -12.4
      vertex -85 85.75 -3
    endloop
  endfacet
  facet normal 0 0 1
    outer loop
      vertex -30.235125374129687 42.46828518432667 -12.4
      vertex -30.3 44.45 -12.4
      vertex -49 85.75 -12.4
    endloop
  endfacet
  facet normal 0 0 1
    outer loop
      vertex -49 85.75 -12.4
      vertex -30.3 44.45 -12.4
      vertex -30.235125374129687 46.43171481567334 -12.4
    endloop
  endfacet
  facet normal 0 0 1
    outer loop
      vertex -49 85.75 -12.4
      vertex -30.235125374129687 46.43171481567334 -12.4
      vertex -30.040779299626454 48.40494362426757 -12.4
    endloop
  endfacet
  facet normal 0 0 1
    outer loop
      vertex -49 85.75 -12.4
      vertex -30.040779299626454 48.40494362426757 -12.4
      vertex -29.717793996217882 50.36123675708869 -12.4
    endloop
  endfacet
  facet normal 0 0 1
    outer loop
      vertex -49 85.75 -12.4
      vertex -29.717793996217882 50.36123675708869 -12.4
      vertex -29.26755253655877 52.29221706660638 -12.4
    endloop
  endfacet
  facet normal 0 0 1
    outer loop
      vertex -49 85.75 -12.4
      vertex -29.26755253655877 52.29221706660638 -12.4
      vertex -28.691982923701705 54.1896157986858 -12.4
    endloop
  endfacet
  facet normal 0 0 1
    outer loop
      vertex -49 85.75 -12.4
      vertex -28.691982923701705 54.1896157986858 -12.4
      vertex -27.99354983509199 56.045308000662224 -12.4
    endloop
  endfacet
  facet normal 0 0 1
    outer loop
      vertex -49 85.75 -12.4
      vertex -27.99354983509199 56.045308000662224 -12.4
      vertex -27.175244068440456 57.85134731363574 -12.4
    endloop
  endfacet
  facet normal 0 0 1
    outer loop
      vertex -49 85.75 -12.4
      vertex -27.175244068440456 57.85134731363574 -12.4
      vertex -26.24056973466849 59.6 -12.4
    endloop
  endfacet
  facet normal 0 0 1
    outer loop
      vertex -49 85.75 -12.4
      vertex -26.24056973466849 59.6 -12.4
      vertex -25.19352925276712 61.283778060493944 -12.4
    endloop
  endfacet
  facet normal 0 0 1
    outer loop
      vertex -49 85.75 -12.4
      vertex -25.19352925276712 61.283778060493944 -12.4
      vertex -24.038606210824426 62.89547129896424 -12.4
    endloop
  endfacet
  facet normal 0 0 1
    outer loop
      vertex -49 85.75 -12.4
      vertex -24.038606210824426 62.89547129896424 -12.4
      vertex -22.780746166613014 64.42817819753209 -12.4
    endloop
  endfacet
  facet normal 0 0 1
    outer loop
      vertex -49 85.75 -12.4
      vertex -22.780746166613014 64.42817819753209 -12.4
      vertex -21.42533546995239 65.87533546995239 -12.4
    endloop
  endfacet
  facet normal 0 0 1
    outer loop
      vertex -49 85.75 -12.4
      vertex -21.42533546995239 65.87533546995239 -12.4
      vertex -19.978178197532085 67.23074616661302 -12.4
    endloop
  endfacet
  facet normal 0 0 1
    outer loop
      vertex -49 85.75 -12.4
      vertex -19.978178197532085 67.23074616661302 -12.4
      vertex -18.445471298964236 68.48860621082443 -12.4
    endloop
  endfacet
  facet normal 0 0 1
    outer loop
      vertex -49 85.75 -12.4
      vertex -18.445471298964236 68.48860621082443 -12.4
      vertex -16.833778060493945 69.64352925276712 -12.4
    endloop
  endfacet
  facet normal 0 0 1
    outer loop
      vertex -49 85.75 -12.4
      vertex -16.833778060493945 69.64352925276712 -12.4
      vertex -15.15 70.69056973466849 -12.4
    endloop
  endfacet
  facet normal 0 0 1
    outer loop
      vertex -49 85.75 -12.4
      vertex -15.15 70.69056973466849 -12.4
      vertex -13.401347313635739 71.62524406844045 -12.4
    endloop
  endfacet
  facet normal 0 0 1
    outer loop
      vertex -49 85.75 -12.4
      vertex -13.401347313635739 71.62524406844045 -12.4
      vertex -11.59530800066222 72.443549835092 -12.4
    endloop
  endfacet
  facet normal 0 0 1
    outer loop
      vertex -49 85.75 -12.4
      vertex -11.59530800066222 72.443549835092 -12.4
      vertex -9.739615798685797 73.1419829237017 -12.4
    endloop
  endfacet
  facet normal 0 0 1
    outer loop
      vertex -49 85.75 -12.4
      vertex -9.739615798685797 73.1419829237017 -12.4
      vertex -7.842217066606379 73.71755253655877 -12.4
    endloop
  endfacet
  facet normal 0 0 1
    outer loop
      vertex -49 85.75 -12.4
      vertex -7.842217066606379 73.71755253655877 -12.4
      vertex -5.911236757088686 74.16779399621788 -12.4
    endloop
  endfacet
  facet normal 0 0 1
    outer loop
      vertex -49 85.75 -12.4
      vertex -5.911236757088686 74.16779399621788 -12.4
      vertex 49 85.75 -12.4
    endloop
  endfacet
  facet normal 0 -1 0
    outer loop
      vertex -49 85.75 -12.4
      vertex 49 85.75 -12.4
      vertex -85 85.75 -3
    endloop
  endfacet
  facet normal 0 0 1
    outer loop
      vertex -49 3.1500000000000057 -12.4
      vertex 49 3.1500000000000057 -12.4
      vertex 5.911236757088686 14.732206003782121 -12.4
    endloop
  endfacet
  facet normal 0 0 1
    outer loop
      vertex 5.911236757088686 14.732206003782121 -12.4
      vertex 49 3.1500000000000057 -12.4
      vertex 7.842217066606379 15.182447463441232 -12.4
    endloop
  endfacet
  facet normal 0 1 0
    outer loop
      vertex 49 3.1500000000000057 -12.4
      vertex -84.81914893617022 3.1500000000000057 -3
      vertex 85 3.1500000000000057 -12.39
    endloop
  endfacet
  facet normal 0 0 1
    outer loop
      vertex 7.842217066606379 15.182447463441232 -12.4
      vertex 49 3.1500000000000057 -12.4
      vertex 9.739615798685797 15.758017076298298 -12.4
    endloop
  endfacet
  facet normal 0 0 1
    outer loop
      vertex 9.739615798685797 15.758017076298298 -12.4
      vertex 49 3.1500000000000057 -12.4
      vertex 11.59530800066222 16.456450164908013 -12.4
    endloop
  endfacet
  facet normal 0 0 1
    outer loop
      vertex 11.59530800066222 16.456450164908013 -12.4
      vertex 49 3.1500000000000057 -12.4
      vertex 13.401347313635739 17.274755931559547 -12.4
    endloop
  endfacet
  facet normal 0 0 1
    outer loop
      vertex 13.401347313635739 17.274755931559547 -12.4
      vertex 49 3.1500000000000057 -12.4
      vertex 15.15 18.209430265331513 -12.4
    endloop
  endfacet
  facet normal 0 0 1
    outer loop
      vertex 15.15 18.209430265331513 -12.4
      vertex 49 3.1500000000000057 -12.4
      vertex 16.833778060493945 19.256470747232882 -12.4
    endloop
  endfacet
  facet normal 0 0 1
    outer loop
      vertex 16.833778060493945 19.256470747232882 -12.4
      vertex 49 3.1500000000000057 -12.4
      vertex 18.445471298964236 20.411393789175577 -12.4
    endloop
  endfacet
  facet normal 0 0 1
    outer loop
      vertex 18.445471298964236 20.411393789175577 -12.4
      vertex 49 3.1500000000000057 -12.4
      vertex 19.978178197532085 21.66925383338699 -12.4
    endloop
  endfacet
  facet normal 0 0 1
    outer loop
      vertex 19.978178197532085 21.66925383338699 -12.4
      vertex 49 3.1500000000000057 -12.4
      vertex 21.42533546995239 23.024664530047612 -12.4
    endloop
  endfacet
  facet normal 0 0 1
    outer loop
      vertex 49 3.1500000000000057 -12.4
      vertex 22.780746166613014 24.471821802467918 -12.4
      vertex 21.42533546995239 23.024664530047612 -12.4
    endloop
  endfacet
  facet normal 0 0 1
    outer loop
      vertex 49 3.1500000000000057 -12.4
      vertex 24.038606210824426 26.004528701035767 -12.4
      vertex 22.780746166613014 24.471821802467918 -12.4
    endloop
  endfacet
  facet normal 0 0 1
    outer loop
      vertex 49 3.1500000000000057 -12.4
      vertex 25.19352925276712 27.616221939506058 -12.4
      vertex 24.038606210824426 26.004528701035767 -12.4
    endloop
  endfacet
  facet normal 0 0 1
    outer loop
      vertex 49 3.1500000000000057 -12.4
      vertex 26.24056973466849 29.300000000000004 -12.4
      vertex 25.19352925276712 27.616221939506058 -12.4
    endloop
  endfacet
  facet normal 0 0 1
    outer loop
      vertex 49 3.1500000000000057 -12.4
      vertex 27.175244068440456 31.048652686364264 -12.4
      vertex 26.24056973466849 29.300000000000004 -12.4
    endloop
  endfacet
  facet normal 0 1 0
    outer loop
      vertex 85 3.1500000000000057 -12.39
      vertex -84.81914893617022 3.1500000000000057 -3
      vertex 84.43333333333335 3.1500000000000057 -2.99
    endloop
  endfacet
  facet normal 0 0 1
    outer loop
      vertex 49 3.1500000000000057 -12.4
      vertex 27.99354983509199 32.85469199933778 -12.4
      vertex 27.175244068440456 31.048652686364264 -12.4
    endloop
  endfacet
  facet normal 0 0 1
    outer loop
      vertex 49 3.1500000000000057 -12.4
      vertex 28.691982923701705 34.710384201314206 -12.4
      vertex 27.99354983509199 32.85469199933778 -12.4
    endloop
  endfacet
  facet normal 0 0 1
    outer loop
      vertex 49 3.1500000000000057 -12.4
      vertex 29.26755253655877 36.60778293339362 -12.4
      vertex 28.691982923701705 34.710384201314206 -12.4
    endloop
  endfacet
  facet normal 0 0 1
    outer loop
      vertex 49 3.1500000000000057 -12.4
      vertex 29.717793996217882 38.538763242911315 -12.4
      vertex 29.26755253655877 36.60778293339362 -12.4
    endloop
  endfacet
  facet normal 0 0 1
    outer loop
      vertex 49 3.1500000000000057 -12.4
      vertex 30.040779299626454 40.49505637573244 -12.4
      vertex 29.717793996217882 38.538763242911315 -12.4
    endloop
  endfacet
  facet normal 0 0 1
    outer loop
      vertex 49 3.1500000000000057 -12.4
      vertex 30.235125374129687 42.46828518432667 -12.4
      vertex 30.040779299626454 40.49505637573244 -12.4
    endloop
  endfacet
  facet normal 0 0 1
    outer loop
      vertex 49 3.1500000000000057 -12.4
      vertex 30.3 44.45 -12.4
      vertex 30.235125374129687 42.46828518432667 -12.4
    endloop
  endfacet
  facet normal 0 0 1
    outer loop
      vertex 49 3.1500000000000057 -12.4
      vertex 30.235125374129687 46.43171481567334 -12.4
      vertex 30.3 44.45 -12.4
    endloop
  endfacet
  facet normal 0 1 0
    outer loop
      vertex 49 3.1500000000000057 -12.4
      vertex 85 3.1500000000000057 -12.39
      vertex 85 3.1500000000000057 -12.4
    endloop
  endfacet
  facet normal -1 0 0
    outer loop
      vertex 85 3.1500000000000057 -12.4
      vertex 85 3.1500000000000057 -12.39
      vertex 85 3.4235099337748345 -12.4
    endloop
  endfacet
  facet normal 0 1 0
    outer loop
      vertex 85 3.1500000000000057 -12.39
      vertex 84.43333333333335 3.1500000000000057 -2.99
      vertex 85 3.1500000000000057 -3
    endloop
  endfacet
  facet normal -1 0 0
    outer loop
      vertex 85 3.1500000000000057 -12.39
      vertex 85 3.1500000000000057 -3
      vertex 85 3.2166129032258106 -2.9975806451612903
    endloop
  endfacet
  facet normal -1 0 0
    outer loop
      vertex 85 3.1500000000000057 -12.39
      vertex 85 3.2166129032258106 -2.9975806451612903
      vertex 85 3.2378723404255356 -3
    endloop
  endfacet
  facet normal -1 0 0
    outer loop
      vertex 85 3.1500000000000057 -12.39
      vertex 85 3.2378723404255356 -3
      vertex 85 85.75 -12.39
    endloop
  endfacet
  facet normal 0 0 1
    outer loop
      vertex 49 3.1500000000000057 -12.4
      vertex 49 85.75 -12.4
      vertex 30.235125374129687 46.43171481567334 -12.4
    endloop
  endfacet
  facet normal 0 0 1
    outer loop
      vertex 30.235125374129687 46.43171481567334 -12.4
      vertex 49 85.75 -12.4
      vertex 30.040779299626454 48.40494362426757 -12.4
    endloop
  endfacet
  facet normal 0 0 1
    outer loop
      vertex 30.040779299626454 48.40494362426757 -12.4
      vertex 49 85.75 -12.4
      vertex 29.717793996217882 50.36123675708869 -12.4
    endloop
  endfacet
  facet normal 0 0 1
    outer loop
      vertex 29.717793996217882 50.36123675708869 -12.4
      vertex 49 85.75 -12.4
      vertex 29.26755253655877 52.29221706660638 -12.4
    endloop
  endfacet
  facet normal 0 0 1
    outer loop
      vertex 28.691982923701705 54.1896157986858 -12.4
      vertex 49 85.75 -12.4
      vertex 27.99354983509199 56.045308000662224 -12.4
    endloop
  endfacet
  facet normal 0 0 1
    outer loop
      vertex 27.175244068440456 57.85134731363574 -12.4
      vertex 27.99354983509199 56.045308000662224 -12.4
      vertex 49 85.75 -12.4
    endloop
  endfacet
  facet normal 0 0 1
    outer loop
      vertex 29.26755253655877 52.29221706660638 -12.4
      vertex 49 85.75 -12.4
      vertex 28.691982923701705 54.1896157986858 -12.4
    endloop
  endfacet
  facet normal 0 0 1
    outer loop
      vertex 22.780746166613014 64.42817819753209 -12.4
      vertex 49 85.75 -12.4
      vertex 21.42533546995239 65.87533546995239 -12.4
    endloop
  endfacet
  facet normal 0 0 1
    outer loop
      vertex 7.842217066606379 73.71755253655877 -12.4
      vertex 9.739615798685797 73.1419829237017 -12.4
      vertex 49 85.75 -12.4
    endloop
  endfacet
  facet normal 0 0 1
    outer loop
      vertex 9.739615798685797 73.1419829237017 -12.4
      vertex 11.59530800066222 72.443549835092 -12.4
      vertex 49 85.75 -12.4
    endloop
  endfacet
  facet normal 0 0 1
    outer loop
      vertex 21.42533546995239 65.87533546995239 -12.4
      vertex 49 85.75 -12.4
      vertex 19.978178197532085 67.23074616661302 -12.4
    endloop
  endfacet
  facet normal 0 0 1
    outer loop
      vertex 19.978178197532085 67.23074616661302 -12.4
      vertex 49 85.75 -12.4
      vertex 18.445471298964236 68.48860621082443 -12.4
    endloop
  endfacet
  facet normal 0 0 1
    outer loop
      vertex 16.833778060493945 69.64352925276712 -12.4
      vertex 18.445471298964236 68.48860621082443 -12.4
      vertex 49 85.75 -12.4
    endloop
  endfacet
  facet normal 0 0 1
    outer loop
      vertex 16.833778060493945 69.64352925276712 -12.4
      vertex 49 85.75 -12.4
      vertex 15.15 70.69056973466849 -12.4
    endloop
  endfacet
  facet normal 0 0 1
    outer loop
      vertex 13.401347313635739 71.62524406844045 -12.4
      vertex 15.15 70.69056973466849 -12.4
      vertex 49 85.75 -12.4
    endloop
  endfacet
  facet normal 0 0 1
    outer loop
      vertex 13.401347313635739 71.62524406844045 -12.4
      vertex 49 85.75 -12.4
      vertex 11.59530800066222 72.443549835092 -12.4
    endloop
  endfacet
  facet normal 0 0 1
    outer loop
      vertex -5.911236757088686 74.16779399621788 -12.4
      vertex -3.9549436242675626 74.49077929962645 -12.4
      vertex 49 85.75 -12.4
    endloop
  endfacet
  facet normal 0 0 1
    outer loop
      vertex -3.9549436242675626 74.49077929962645 -12.4
      vertex -1.9817148156733349 74.68512537412968 -12.4
      vertex 49 85.75 -12.4
    endloop
  endfacet
  facet normal 0 0 1
    outer loop
      vertex -1.9817148156733349 74.68512537412968 -12.4
      vertex 0 74.75 -12.4
      vertex 49 85.75 -12.4
    endloop
  endfacet
  facet normal 0 0 1
    outer loop
      vertex 0 74.75 -12.4
      vertex 1.9817148156733349 74.68512537412968 -12.4
      vertex 49 85.75 -12.4
    endloop
  endfacet
  facet normal 0 0 1
    outer loop
      vertex 3.9549436242675626 74.49077929962645 -12.4
      vertex 49 85.75 -12.4
      vertex 1.9817148156733349 74.68512537412968 -12.4
    endloop
  endfacet
  facet normal 0 0 1
    outer loop
      vertex 3.9549436242675626 74.49077929962645 -12.4
      vertex 5.911236757088686 74.16779399621788 -12.4
      vertex 49 85.75 -12.4
    endloop
  endfacet
  facet normal 0 0 1
    outer loop
      vertex 5.911236757088686 74.16779399621788 -12.4
      vertex 7.842217066606379 73.71755253655877 -12.4
      vertex 49 85.75 -12.4
    endloop
  endfacet
  facet normal 0 -1 0
    outer loop
      vertex 49 85.75 -12.4
      vertex 85 85.75 -12.39
      vertex -85 85.75 -3
    endloop
  endfacet
  facet normal 0 0 1
    outer loop
      vertex 27.175244068440456 57.85134731363574 -12.4
      vertex 49 85.75 -12.4
      vertex 26.24056973466849 59.6 -12.4
    endloop
  endfacet
  facet normal 0 0 1
    outer loop
      vertex 26.24056973466849 59.6 -12.4
      vertex 49 85.75 -12.4
      vertex 25.19352925276712 61.283778060493944 -12.4
    endloop
  endfacet
  facet normal 0 0 1
    outer loop
      vertex 24.038606210824426 62.89547129896424 -12.4
      vertex 25.19352925276712 61.283778060493944 -12.4
      vertex 49 85.75 -12.4
    endloop
  endfacet
  facet normal 0 0 1
    outer loop
      vertex 24.038606210824426 62.89547129896424 -12.4
      vertex 49 85.75 -12.4
      vertex 22.780746166613014 64.42817819753209 -12.4
    endloop
  endfacet
  facet normal 0 -1 0
    outer loop
      vertex 85 85.75 -12.39
      vertex 85 85.75 -3
      vertex -85 85.75 -3
    endloop
  endfacet
  facet normal -1 0 0
    outer loop
      vertex 85 85.75 -12.39
      vertex 85 3.2378723404255356 -3
      vertex 85 85.75 -3
    endloop
  endfacet
  facet normal 0 -1 0
    outer loop
      vertex 49 85.75 -12.4
      vertex 85 85.75 -12.4
      vertex 85 85.75 -12.39
    endloop
  endfacet
  facet normal -1 0 0
    outer loop
      vertex 85 85.75 -2.99
      vertex 85 85.75 -3
      vertex 85 85.47488853075477 -2.99
    endloop
  endfacet
  facet normal 0.6835923020228702 0.7298640726978367 0
    outer loop
      vertex -19.978178197532085 21.66925383338699 -15.4
      vertex -21.42533546995239 23.024664530047612 -12.4
      vertex -19.978178197532085 21.66925383338699 -12.41
    endloop
  endfacet
  facet normal 0.5824776968678007 0.8128466845916161 0
    outer loop
      vertex -16.833778060493945 19.256470747232882 -15.4
      vertex -18.440098988169336 20.407544045702434 -12.41
      vertex -16.833778060493945 19.256470747232882 -12.41
    endloop
  endfacet
  facet normal 0.22707626303437253 0.9738769792773339 0
    outer loop
      vertex -7.842217066606379 15.182447463441232 -15.4
      vertex -7.842217066606379 15.182447463441232 -12.41
      vertex -6 14.752902689219813 -15.4
    endloop
  endfacet
  facet normal 0.22707626303435874 0.9738769792773371 -8.937110234587033e-15
    outer loop
      vertex -6 14.752902689219813 -15.4
      vertex -7.842217066606379 15.182447463441232 -12.41
      vertex -5.911236757088686 14.732206003782121 -15.4
    endloop
  endfacet
  facet normal 0.16289547339458843 0.9866433320848792 0
    outer loop
      vertex -5.911236757088686 14.732206003782121 -15.4
      vertex -5.911236757088686 14.732206003782121 -12.4
      vertex -3.9549436242675626 14.409220700373549 -15.4
    endloop
  endfacet
  facet normal 0.09801714032956185 0.9951847266721967 0
    outer loop
      vertex -3.9549436242675626 14.409220700373549 -15.4
      vertex -3.9549436242675626 14.409220700373549 -12.4
      vertex -1.9817148156733349 14.214874625870316 -15.4
    endloop
  endfacet
  facet normal 0.032719082821776 0.9994645874763656 0
    outer loop
      vertex -1.9817148156733349 14.214874625870316 -15.4
      vertex -1.9817148156733349 14.214874625870316 -12.4
      vertex 0 14.150000000000002 -15.4
    endloop
  endfacet
  facet normal 0.22707626303437095 0.9738769792773342 0
    outer loop
      vertex -5.911236757088686 14.732206003782121 -15.4
      vertex -7.842217066606379 15.182447463441232 -12.41
      vertex -7.842217066606379 15.182447463441232 -12.4
    endloop
  endfacet
  facet normal 0.2270762630343719 0.973876979277334 0
    outer loop
      vertex -5.911236757088686 14.732206003782121 -15.4
      vertex -7.842217066606379 15.182447463441232 -12.4
      vertex -5.911236757088686 14.732206003782121 -12.4
    endloop
  endfacet
  facet normal 0.16289547339458843 0.9866433320848792 0
    outer loop
      vertex -3.9549436242675626 14.409220700373549 -15.4
      vertex -5.911236757088686 14.732206003782121 -12.4
      vertex -3.9549436242675626 14.409220700373549 -12.4
    endloop
  endfacet
  facet normal 0.09801714032956185 0.9951847266721967 0
    outer loop
      vertex -1.9817148156733349 14.214874625870316 -15.4
      vertex -3.9549436242675626 14.409220700373549 -12.4
      vertex -1.9817148156733349 14.214874625870316 -12.4
    endloop
  endfacet
  facet normal 0.032719082821776 0.9994645874763656 0
    outer loop
      vertex 0 14.150000000000002 -15.4
      vertex -1.9817148156733349 14.214874625870316 -12.4
      vertex 0 14.150000000000002 -12.4
    endloop
  endfacet
  facet normal 0.412707029804395 0.9108638249211757 0
    outer loop
      vertex -11.59530800066222 16.456450164908013 -15.4
      vertex -13.401347313635739 17.274755931559547 -15.4
      vertex -13.401347313635739 17.274755931559547 -12.41
    endloop
  endfacet
  facet normal 0.41270702980437896 0.910863824921183 0
    outer loop
      vertex -11.59530800066222 16.456450164908013 -15.4
      vertex -13.401347313635739 17.274755931559547 -12.41
      vertex -13.401347313635739 17.274755931559547 -12.4
    endloop
  endfacet
  facet normal 0.412707029804395 0.9108638249211757 0
    outer loop
      vertex -11.59530800066222 16.456450164908013 -15.4
      vertex -13.401347313635739 17.274755931559547 -12.4
      vertex -11.59530800066222 16.456450164908013 -12.41
    endloop
  endfacet
  facet normal 0.6835923020228702 0.7298640726978367 0
    outer loop
      vertex -19.978178197532085 21.66925383338699 -15.4
      vertex -21.42533546995239 23.024664530047612 -15.4
      vertex -21.42533546995239 23.024664530047612 -12.41
    endloop
  endfacet
  facet normal 0.6835923020228829 0.7298640726978249 0
    outer loop
      vertex -19.978178197532085 21.66925383338699 -15.4
      vertex -21.42533546995239 23.024664530047612 -12.41
      vertex -21.42533546995239 23.024664530047612 -12.4
    endloop
  endfacet
  facet normal 0.8819212643483546 0.4713967368259985 0
    outer loop
      vertex -26.24056973466849 29.300000000000004 -15.4
      vertex -27.175244068440456 31.048652686364264 -15.4
      vertex -27.175244068440456 31.048652686364264 -12.41
    endloop
  endfacet
  facet normal 0.8819212643483517 0.4713967368260036 0
    outer loop
      vertex -26.24056973466849 29.300000000000004 -15.4
      vertex -27.175244068440456 31.048652686364264 -12.41
      vertex -27.175244068440456 31.048652686364264 -12.4
    endloop
  endfacet
  facet normal 0.8819212643483546 0.4713967368259985 0
    outer loop
      vertex -26.24056973466849 29.300000000000004 -15.4
      vertex -27.175244068440456 31.048652686364264 -12.4
      vertex -26.24056973466849 29.300000000000004 -12.41
    endloop
  endfacet
  facet normal 0.5280678506503683 0.8492021815265787 0
    outer loop
      vertex -15.15 18.209430265331513 -12.4
      vertex -16.833778060493945 19.256470747232882 -12.41
      vertex -16.833778060493945 19.256470747232882 -12.4
    endloop
  endfacet
  facet normal 0.6835923020228701 0.7298640726978366 0
    outer loop
      vertex -19.978178197532085 21.66925383338699 -12.41
      vertex -21.42533546995239 23.024664530047612 -12.4
      vertex -19.978178197532085 21.66925383338699 -12.4
    endloop
  endfacet
  facet normal 0.5824776968678013 0.8128466845916159 -1.0078803768170548e-13
    outer loop
      vertex -16.833778060493945 19.256470747232882 -12.4
      vertex -18.440098988169336 20.407544045702434 -12.41
      vertex -18.445471298964236 20.411393789175577 -12.4
    endloop
  endfacet
  facet normal 0.6343932841636467 0.7730104533627359 0
    outer loop
      vertex -18.445471298964236 20.411393789175577 -12.41
      vertex -19.978178197532085 21.66925383338699 -12.41
      vertex -18.445471298964236 20.411393789175577 -12.4
    endloop
  endfacet
  facet normal 0.5824776968679357 0.8128466845915194 0
    outer loop
      vertex -18.440098988169336 20.407544045702434 -12.41
      vertex -18.445471298964236 20.411393789175577 -12.41
      vertex -18.445471298964236 20.411393789175577 -12.4
    endloop
  endfacet
  facet normal 0.5824776968678008 0.8128466845916162 0
    outer loop
      vertex -16.833778060493945 19.256470747232882 -12.41
      vertex -18.440098988169336 20.407544045702434 -12.41
      vertex -16.833778060493945 19.256470747232882 -12.4
    endloop
  endfacet
  facet normal 0.6343932841636467 0.7730104533627359 0
    outer loop
      vertex -18.445471298964236 20.411393789175577 -12.4
      vertex -19.978178197532085 21.66925383338699 -12.41
      vertex -19.978178197532085 21.66925383338699 -12.4
    endloop
  endfacet
  facet normal 0.35225004792123465 0.9359059267573253 0
    outer loop
      vertex -11.59530800066222 16.456450164908013 -12.41
      vertex -11.59530800066222 16.456450164908013 -12.4
      vertex -9.739615798685797 15.758017076298298 -12.4
    endloop
  endfacet
  facet normal 0.35225004792123465 0.9359059267573253 0
    outer loop
      vertex -11.59530800066222 16.456450164908013 -12.41
      vertex -9.739615798685797 15.758017076298298 -12.4
      vertex -9.739615798685797 15.758017076298298 -12.41
    endloop
  endfacet
  facet normal 0.29028467725446155 0.956940335732209 0
    outer loop
      vertex -9.739615798685797 15.758017076298298 -12.41
      vertex -9.739615798685797 15.758017076298298 -12.4
      vertex -7.842217066606379 15.182447463441232 -12.4
    endloop
  endfacet
  facet normal 0.29028467725446155 0.956940335732209 0
    outer loop
      vertex -9.739615798685797 15.758017076298298 -12.41
      vertex -7.842217066606379 15.182447463441232 -12.4
      vertex -7.842217066606379 15.182447463441232 -12.41
    endloop
  endfacet
  facet normal 0.47139673682599814 0.8819212643483547 0
    outer loop
      vertex -15.15 18.209430265331513 -12.41
      vertex -13.401347313635739 17.274755931559547 -12.4
      vertex -13.401347313635739 17.274755931559547 -12.41
    endloop
  endfacet
  facet normal 0.47139673682599814 0.8819212643483547 0
    outer loop
      vertex -15.15 18.209430265331513 -12.41
      vertex -15.15 18.209430265331513 -12.4
      vertex -13.401347313635739 17.274755931559547 -12.4
    endloop
  endfacet
  facet normal 0.412707029804395 0.9108638249211757 0
    outer loop
      vertex -11.59530800066222 16.456450164908013 -12.41
      vertex -13.401347313635739 17.274755931559547 -12.4
      vertex -11.59530800066222 16.456450164908013 -12.4
    endloop
  endfacet
  facet normal 0.5280678506503683 0.8492021815265787 0
    outer loop
      vertex -15.15 18.209430265331513 -12.41
      vertex -16.833778060493945 19.256470747232882 -12.41
      vertex -15.15 18.209430265331513 -12.4
    endloop
  endfacet
  facet normal 0.8128466845916159 0.5824776968678013 0
    outer loop
      vertex -25.19352925276712 27.616221939506058 -12.41
      vertex -25.19352925276712 27.616221939506058 -12.4
      vertex -24.038606210824426 26.004528701035767 -12.4
    endloop
  endfacet
  facet normal 0.8128466845916159 0.5824776968678013 0
    outer loop
      vertex -25.19352925276712 27.616221939506058 -12.41
      vertex -24.038606210824426 26.004528701035767 -12.4
      vertex -24.038606210824426 26.004528701035767 -12.41
    endloop
  endfacet
  facet normal 0.7298640726978366 0.6835923020228701 0
    outer loop
      vertex -22.780746166613014 24.471821802467918 -12.41
      vertex -21.42533546995239 23.024664530047612 -12.4
      vertex -21.42533546995239 23.024664530047612 -12.41
    endloop
  endfacet
  facet normal 0.7298640726978366 0.6835923020228701 0
    outer loop
      vertex -22.780746166613014 24.471821802467918 -12.41
      vertex -22.780746166613014 24.471821802467918 -12.4
      vertex -21.42533546995239 23.024664530047612 -12.4
    endloop
  endfacet
  facet normal 0.7730104533627359 0.6343932841636467 0
    outer loop
      vertex -22.780746166613014 24.471821802467918 -12.41
      vertex -24.038606210824426 26.004528701035767 -12.41
      vertex -22.780746166613014 24.471821802467918 -12.4
    endloop
  endfacet
  facet normal 0.7730104533627359 0.6343932841636467 0
    outer loop
      vertex -22.780746166613014 24.471821802467918 -12.4
      vertex -24.038606210824426 26.004528701035767 -12.41
      vertex -24.038606210824426 26.004528701035767 -12.4
    endloop
  endfacet
  facet normal 0.849202181526579 0.528067850650368 0
    outer loop
      vertex -25.19352925276712 27.616221939506058 -12.4
      vertex -26.24056973466849 29.300000000000004 -12.41
      vertex -26.24056973466849 29.300000000000004 -12.4
    endloop
  endfacet
  facet normal 0.849202181526579 0.528067850650368 0
    outer loop
      vertex -25.19352925276712 27.616221939506058 -12.41
      vertex -26.24056973466849 29.300000000000004 -12.41
      vertex -25.19352925276712 27.616221939506058 -12.4
    endloop
  endfacet
  facet normal 0.8819212643483547 0.47139673682599853 0
    outer loop
      vertex -26.24056973466849 29.300000000000004 -12.41
      vertex -27.175244068440456 31.048652686364264 -12.4
      vertex -26.24056973466849 29.300000000000004 -12.4
    endloop
  endfacet
  facet normal 0.9108638249211755 0.4127070298043953 0
    outer loop
      vertex -27.175244068440456 31.048652686364264 -12.4
      vertex -27.99354983509199 32.85469199933778 -12.41
      vertex -27.99354983509199 32.85469199933778 -12.4
    endloop
  endfacet
  facet normal 0.9108638249211755 0.4127070298043953 0
    outer loop
      vertex -27.175244068440456 31.048652686364264 -12.41
      vertex -27.99354983509199 32.85469199933778 -12.41
      vertex -27.175244068440456 31.048652686364264 -12.4
    endloop
  endfacet
  facet normal 0.9359059267573254 0.3522500479212343 0
    outer loop
      vertex -27.99354983509199 32.85469199933778 -12.41
      vertex -28.691982923701705 34.710384201314206 -12.41
      vertex -27.99354983509199 32.85469199933778 -12.4
    endloop
  endfacet
  facet normal 0.9359059267573254 0.3522500479212343 0
    outer loop
      vertex -27.99354983509199 32.85469199933778 -12.4
      vertex -28.691982923701705 34.710384201314206 -12.41
      vertex -28.691982923701705 34.710384201314206 -12.4
    endloop
  endfacet
  facet normal 0.956940335732209 0.29028467725446183 0
    outer loop
      vertex -28.691982923701705 34.710384201314206 -12.41
      vertex -29.26755253655877 36.60778293339362 -12.41
      vertex -28.691982923701705 34.710384201314206 -12.4
    endloop
  endfacet
  facet normal 0.956940335732209 0.29028467725446183 0
    outer loop
      vertex -28.691982923701705 34.710384201314206 -12.4
      vertex -29.26755253655877 36.60778293339362 -12.41
      vertex -29.26755253655877 36.60778293339362 -12.4
    endloop
  endfacet
  facet normal 0.973876979277334 0.2270762630343719 0
    outer loop
      vertex -29.26755253655877 36.60778293339362 -12.41
      vertex -29.717793996217882 38.538763242911315 -12.41
      vertex -29.26755253655877 36.60778293339362 -12.4
    endloop
  endfacet
  facet normal 0.973876979277334 0.2270762630343719 0
    outer loop
      vertex -29.26755253655877 36.60778293339362 -12.4
      vertex -29.717793996217882 38.538763242911315 -12.41
      vertex -29.717793996217882 38.538763242911315 -12.4
    endloop
  endfacet
  facet normal 0.986643332084879 0.16289547339458835 0
    outer loop
      vertex -29.717793996217882 38.538763242911315 -12.41
      vertex -30.040779299626454 40.49505637573244 -12.41
      vertex -29.717793996217882 38.538763242911315 -12.4
    endloop
  endfacet
  facet normal 0.986643332084879 0.16289547339458835 0
    outer loop
      vertex -29.717793996217882 38.538763242911315 -12.4
      vertex -30.040779299626454 40.49505637573244 -12.41
      vertex -30.040779299626454 40.49505637573244 -12.4
    endloop
  endfacet
  facet normal 0.9951847266721967 0.09801714032956181 0
    outer loop
      vertex -30.040779299626454 40.49505637573244 -12.41
      vertex -30.235125374129687 42.46828518432667 -12.41
      vertex -30.040779299626454 40.49505637573244 -12.4
    endloop
  endfacet
  facet normal 0.9951847266721967 0.09801714032956181 0
    outer loop
      vertex -30.040779299626454 40.49505637573244 -12.4
      vertex -30.235125374129687 42.46828518432667 -12.41
      vertex -30.235125374129687 42.46828518432667 -12.4
    endloop
  endfacet
  facet normal 0.9994645874763657 0.03271908282177599 0
    outer loop
      vertex -30.235125374129687 42.46828518432667 -12.41
      vertex -30.3 44.45 -12.41
      vertex -30.235125374129687 42.46828518432667 -12.4
    endloop
  endfacet
  facet normal 0.9994645874763657 0.03271908282177599 0
    outer loop
      vertex -30.235125374129687 42.46828518432667 -12.4
      vertex -30.3 44.45 -12.41
      vertex -30.3 44.45 -12.4
    endloop
  endfacet
  facet normal 0.8492021815265784 -0.5280678506503688 0
    outer loop
      vertex -26.24056973466849 59.6 -15.4
      vertex -25.19352925276712 61.283778060493944 -15.4
      vertex -25.19352925276712 61.283778060493944 -12.41
    endloop
  endfacet
  facet normal 0.8492021815265784 -0.5280678506503688 0
    outer loop
      vertex -26.24056973466849 59.6 -15.4
      vertex -25.19352925276712 61.283778060493944 -12.4
      vertex -26.24056973466849 59.6 -12.41
    endloop
  endfacet
  facet normal 0.8492021815265696 -0.5280678506503831 0
    outer loop
      vertex -26.24056973466849 59.6 -15.4
      vertex -25.19352925276712 61.283778060493944 -12.41
      vertex -25.19352925276712 61.283778060493944 -12.4
    endloop
  endfacet
  facet normal 0.7298640726978349 -0.6835923020228719 0
    outer loop
      vertex -22.780746166613014 64.42817819753209 -15.4
      vertex -21.42533546995239 65.87533546995239 -15.4
      vertex -21.42533546995239 65.87533546995239 -12.41
    endloop
  endfacet
  facet normal 0.7298640726978349 -0.6835923020228719 0
    outer loop
      vertex -22.780746166613014 64.42817819753209 -15.4
      vertex -21.42533546995239 65.87533546995239 -12.4
      vertex -22.780746166613014 64.42817819753209 -12.41
    endloop
  endfacet
  facet normal 0.7298640726978249 -0.6835923020228829 0
    outer loop
      vertex -22.780746166613014 64.42817819753209 -15.4
      vertex -21.42533546995239 65.87533546995239 -12.41
      vertex -21.42533546995239 65.87533546995239 -12.4
    endloop
  endfacet
  facet normal 0.6835923020228711 -0.7298640726978358 0
    outer loop
      vertex -21.42533546995239 65.87533546995239 -15.4
      vertex -19.978178197532085 67.23074616661302 -15.4
      vertex -19.978178197532085 67.23074616661302 -12.41
    endloop
  endfacet
  facet normal 0.6835923020229013 -0.7298640726978074 -3.370837380658495e-14
    outer loop
      vertex -21.42533546995239 65.87533546995239 -15.4
      vertex -19.978178197532085 67.23074616661302 -12.41
      vertex -19.98300205510682 67.22622813095748 -12.41
    endloop
  endfacet
  facet normal 0.47139673682599814 -0.8819212643483548 0
    outer loop
      vertex -15.15 70.69056973466849 -15.4
      vertex -13.401347313635739 71.62524406844045 -15.4
      vertex -13.401347313635739 71.62524406844045 -12.41
    endloop
  endfacet
  facet normal 0.47139673682599814 -0.8819212643483548 0
    outer loop
      vertex -15.15 70.69056973466849 -15.4
      vertex -13.401347313635739 71.62524406844045 -12.4
      vertex -15.15 70.69056973466849 -12.41
    endloop
  endfacet
  facet normal 0.4713967368260036 -0.8819212643483517 0
    outer loop
      vertex -15.15 70.69056973466849 -15.4
      vertex -13.401347313635739 71.62524406844045 -12.41
      vertex -13.401347313635739 71.62524406844045 -12.4
    endloop
  endfacet
  facet normal 0.09801714032956009 -0.9951847266721969 0
    outer loop
      vertex -3.9549436242675626 74.49077929962645 -15.4
      vertex -1.9817148156733349 74.68512537412968 -15.4
      vertex -1.9817148156733349 74.68512537412968 -12.41
    endloop
  endfacet
  facet normal 0.09801714032956009 -0.9951847266721969 0
    outer loop
      vertex -3.9549436242675626 74.49077929962645 -15.4
      vertex -1.9817148156733349 74.68512537412968 -12.4
      vertex -3.9549436242675626 74.49077929962645 -12.41
    endloop
  endfacet
  facet normal 0.09801714032955955 -0.995184726672197 0
    outer loop
      vertex -3.9549436242675626 74.49077929962645 -15.4
      vertex -1.9817148156733349 74.68512537412968 -12.41
      vertex -1.9817148156733349 74.68512537412968 -12.4
    endloop
  endfacet
  facet normal 0.9994645874763657 -0.03271908282177599 0
    outer loop
      vertex -30.3 44.45 -12.41
      vertex -30.235125374129687 46.43171481567334 -12.41
      vertex -30.3 44.45 -12.4
    endloop
  endfacet
  facet normal 0.9994645874763657 -0.03271908282177599 0
    outer loop
      vertex -30.3 44.45 -12.4
      vertex -30.235125374129687 46.43171481567334 -12.41
      vertex -30.235125374129687 46.43171481567334 -12.4
    endloop
  endfacet
  facet normal 0.9951847266721967 -0.09801714032956181 0
    outer loop
      vertex -30.235125374129687 46.43171481567334 -12.41
      vertex -30.040779299626454 48.40494362426757 -12.41
      vertex -30.235125374129687 46.43171481567334 -12.4
    endloop
  endfacet
  facet normal 0.9951847266721967 -0.09801714032956181 0
    outer loop
      vertex -30.235125374129687 46.43171481567334 -12.4
      vertex -30.040779299626454 48.40494362426757 -12.41
      vertex -30.040779299626454 48.40494362426757 -12.4
    endloop
  endfacet
  facet normal 0.986643332084879 -0.16289547339458835 0
    outer loop
      vertex -30.040779299626454 48.40494362426757 -12.41
      vertex -29.717793996217882 50.36123675708869 -12.41
      vertex -30.040779299626454 48.40494362426757 -12.4
    endloop
  endfacet
  facet normal 0.986643332084879 -0.16289547339458835 0
    outer loop
      vertex -30.040779299626454 48.40494362426757 -12.4
      vertex -29.717793996217882 50.36123675708869 -12.41
      vertex -29.717793996217882 50.36123675708869 -12.4
    endloop
  endfacet
  facet normal 0.973876979277334 -0.2270762630343719 0
    outer loop
      vertex -29.717793996217882 50.36123675708869 -12.41
      vertex -29.26755253655877 52.29221706660638 -12.41
      vertex -29.717793996217882 50.36123675708869 -12.4
    endloop
  endfacet
  facet normal 0.973876979277334 -0.2270762630343719 0
    outer loop
      vertex -29.717793996217882 50.36123675708869 -12.4
      vertex -29.26755253655877 52.29221706660638 -12.41
      vertex -29.26755253655877 52.29221706660638 -12.4
    endloop
  endfacet
  facet normal 0.956940335732209 -0.29028467725446183 0
    outer loop
      vertex -29.26755253655877 52.29221706660638 -12.41
      vertex -28.691982923701705 54.1896157986858 -12.41
      vertex -29.26755253655877 52.29221706660638 -12.4
    endloop
  endfacet
  facet normal 0.956940335732209 -0.29028467725446183 0
    outer loop
      vertex -29.26755253655877 52.29221706660638 -12.4
      vertex -28.691982923701705 54.1896157986858 -12.41
      vertex -28.691982923701705 54.1896157986858 -12.4
    endloop
  endfacet
  facet normal 0.9359059267573254 -0.3522500479212343 0
    outer loop
      vertex -28.691982923701705 54.1896157986858 -12.41
      vertex -27.99354983509199 56.045308000662224 -12.41
      vertex -28.691982923701705 54.1896157986858 -12.4
    endloop
  endfacet
  facet normal 0.9359059267573254 -0.3522500479212343 0
    outer loop
      vertex -28.691982923701705 54.1896157986858 -12.4
      vertex -27.99354983509199 56.045308000662224 -12.41
      vertex -27.99354983509199 56.045308000662224 -12.4
    endloop
  endfacet
  facet normal 0.9108638249211755 -0.4127070298043953 0
    outer loop
      vertex -27.99354983509199 56.045308000662224 -12.41
      vertex -27.175244068440456 57.85134731363574 -12.41
      vertex -27.99354983509199 56.045308000662224 -12.4
    endloop
  endfacet
  facet normal 0.9108638249211755 -0.4127070298043953 0
    outer loop
      vertex -27.99354983509199 56.045308000662224 -12.4
      vertex -27.175244068440456 57.85134731363574 -12.41
      vertex -27.175244068440456 57.85134731363574 -12.4
    endloop
  endfacet
  facet normal 0.8819212643483547 -0.47139673682599853 0
    outer loop
      vertex -27.175244068440456 57.85134731363574 -12.41
      vertex -26.24056973466849 59.6 -12.41
      vertex -27.175244068440456 57.85134731363574 -12.4
    endloop
  endfacet
  facet normal 0.8819212643483547 -0.47139673682599853 0
    outer loop
      vertex -27.175244068440456 57.85134731363574 -12.4
      vertex -26.24056973466849 59.6 -12.41
      vertex -26.24056973466849 59.6 -12.4
    endloop
  endfacet
  facet normal 0.8492021815265784 -0.5280678506503688 0
    outer loop
      vertex -26.24056973466849 59.6 -12.41
      vertex -25.19352925276712 61.283778060493944 -12.4
      vertex -26.24056973466849 59.6 -12.4
    endloop
  endfacet
  facet normal 0.8128466845916165 -0.5824776968678005 0
    outer loop
      vertex -25.19352925276712 61.283778060493944 -12.41
      vertex -24.038606210824426 62.89547129896424 -12.41
      vertex -25.19352925276712 61.283778060493944 -12.4
    endloop
  endfacet
  facet normal 0.8128466845916165 -0.5824776968678005 0
    outer loop
      vertex -25.19352925276712 61.283778060493944 -12.4
      vertex -24.038606210824426 62.89547129896424 -12.41
      vertex -24.038606210824426 62.89547129896424 -12.4
    endloop
  endfacet
  facet normal 0.7730104533627367 -0.6343932841636458 0
    outer loop
      vertex -24.038606210824426 62.89547129896424 -12.41
      vertex -22.780746166613014 64.42817819753209 -12.41
      vertex -24.038606210824426 62.89547129896424 -12.4
    endloop
  endfacet
  facet normal 0.7730104533627367 -0.6343932841636458 0
    outer loop
      vertex -24.038606210824426 62.89547129896424 -12.4
      vertex -22.780746166613014 64.42817819753209 -12.41
      vertex -22.780746166613014 64.42817819753209 -12.4
    endloop
  endfacet
  facet normal 0.7298640726978349 -0.6835923020228719 0
    outer loop
      vertex -22.780746166613014 64.42817819753209 -12.41
      vertex -21.42533546995239 65.87533546995239 -12.4
      vertex -22.780746166613014 64.42817819753209 -12.4
    endloop
  endfacet
  facet normal 0.683592302022871 -0.7298640726978359 0
    outer loop
      vertex -21.42533546995239 65.87533546995239 -12.41
      vertex -19.98300205510682 67.22622813095748 -12.41
      vertex -21.42533546995239 65.87533546995239 -12.4
    endloop
  endfacet
  facet normal 0.6835923020228711 -0.7298640726978357 3.359601256056848e-14
    outer loop
      vertex -21.42533546995239 65.87533546995239 -12.4
      vertex -19.98300205510682 67.22622813095748 -12.41
      vertex -19.978178197532085 67.23074616661302 -12.4
    endloop
  endfacet
  facet normal 0.6835923020229097 -0.7298640726977996 0
    outer loop
      vertex -19.978178197532085 67.23074616661302 -12.41
      vertex -19.978178197532085 67.23074616661302 -12.4
      vertex -19.98300205510682 67.22622813095748 -12.41
    endloop
  endfacet
  facet normal 0.6343932841636467 -0.7730104533627359 0
    outer loop
      vertex -19.978178197532085 67.23074616661302 -12.41
      vertex -18.445471298964236 68.48860621082443 -12.41
      vertex -19.978178197532085 67.23074616661302 -12.4
    endloop
  endfacet
  facet normal 0.6343932841636467 -0.7730104533627359 0
    outer loop
      vertex -19.978178197532085 67.23074616661302 -12.4
      vertex -18.445471298964236 68.48860621082443 -12.41
      vertex -18.445471298964236 68.48860621082443 -12.4
    endloop
  endfacet
  facet normal 0.5824776968678013 -0.8128466845916159 0
    outer loop
      vertex -18.445471298964236 68.48860621082443 -12.41
      vertex -16.833778060493945 69.64352925276712 -12.41
      vertex -18.445471298964236 68.48860621082443 -12.4
    endloop
  endfacet
  facet normal 0.5824776968678013 -0.8128466845916159 0
    outer loop
      vertex -18.445471298964236 68.48860621082443 -12.4
      vertex -16.833778060493945 69.64352925276712 -12.41
      vertex -16.833778060493945 69.64352925276712 -12.4
    endloop
  endfacet
  facet normal 0.5280678506503658 -0.8492021815265803 0
    outer loop
      vertex -16.833778060493945 69.64352925276712 -12.41
      vertex -15.15 70.69056973466849 -12.41
      vertex -16.833778060493945 69.64352925276712 -12.4
    endloop
  endfacet
  facet normal 0.5280678506503658 -0.8492021815265803 0
    outer loop
      vertex -16.833778060493945 69.64352925276712 -12.4
      vertex -15.15 70.69056973466849 -12.41
      vertex -15.15 70.69056973466849 -12.4
    endloop
  endfacet
  facet normal 0.47139673682599814 -0.8819212643483547 0
    outer loop
      vertex -15.15 70.69056973466849 -12.41
      vertex -13.401347313635739 71.62524406844045 -12.4
      vertex -15.15 70.69056973466849 -12.4
    endloop
  endfacet
  facet normal 0.41270702980440094 -0.910863824921173 0
    outer loop
      vertex -13.401347313635739 71.62524406844045 -12.41
      vertex -11.59530800066222 72.443549835092 -12.41
      vertex -13.401347313635739 71.62524406844045 -12.4
    endloop
  endfacet
  facet normal 0.41270702980440094 -0.910863824921173 0
    outer loop
      vertex -13.401347313635739 71.62524406844045 -12.4
      vertex -11.59530800066222 72.443549835092 -12.41
      vertex -11.59530800066222 72.443549835092 -12.4
    endloop
  endfacet
  facet normal 0.35225004792122994 -0.9359059267573271 0
    outer loop
      vertex -11.59530800066222 72.443549835092 -12.41
      vertex -9.739615798685797 73.1419829237017 -12.41
      vertex -11.59530800066222 72.443549835092 -12.4
    endloop
  endfacet
  facet normal 0.35225004792122994 -0.9359059267573271 0
    outer loop
      vertex -11.59530800066222 72.443549835092 -12.4
      vertex -9.739615798685797 73.1419829237017 -12.41
      vertex -9.739615798685797 73.1419829237017 -12.4
    endloop
  endfacet
  facet normal 0.29028467725446155 -0.956940335732209 0
    outer loop
      vertex -9.739615798685797 73.1419829237017 -12.41
      vertex -7.842217066606379 73.71755253655877 -12.41
      vertex -9.739615798685797 73.1419829237017 -12.4
    endloop
  endfacet
  facet normal 0.29028467725446155 -0.956940335732209 0
    outer loop
      vertex -9.739615798685797 73.1419829237017 -12.4
      vertex -7.842217066606379 73.71755253655877 -12.41
      vertex -7.842217066606379 73.71755253655877 -12.4
    endloop
  endfacet
  facet normal 0.2270762630343719 -0.973876979277334 0
    outer loop
      vertex -7.842217066606379 73.71755253655877 -12.41
      vertex -5.911236757088686 74.16779399621788 -12.41
      vertex -7.842217066606379 73.71755253655877 -12.4
    endloop
  endfacet
  facet normal 0.2270762630343719 -0.973876979277334 0
    outer loop
      vertex -7.842217066606379 73.71755253655877 -12.4
      vertex -5.911236757088686 74.16779399621788 -12.41
      vertex -5.911236757088686 74.16779399621788 -12.4
    endloop
  endfacet
  facet normal 0.1628954733945884 -0.9866433320848791 0
    outer loop
      vertex -5.911236757088686 74.16779399621788 -12.41
      vertex -3.9549436242675626 74.49077929962645 -12.41
      vertex -5.911236757088686 74.16779399621788 -12.4
    endloop
  endfacet
  facet normal 0.1628954733945884 -0.9866433320848791 0
    outer loop
      vertex -5.911236757088686 74.16779399621788 -12.4
      vertex -3.9549436242675626 74.49077929962645 -12.41
      vertex -3.9549436242675626 74.49077929962645 -12.4
    endloop
  endfacet
  facet normal 0.09801714032956008 -0.9951847266721968 0
    outer loop
      vertex -3.9549436242675626 74.49077929962645 -12.41
      vertex -1.9817148156733349 74.68512537412968 -12.4
      vertex -3.9549436242675626 74.49077929962645 -12.4
    endloop
  endfacet
  facet normal 0.03271908282177778 -0.9994645874763656 0
    outer loop
      vertex -1.9817148156733349 74.68512537412968 -12.41
      vertex 0 74.75 -12.41
      vertex -1.9817148156733349 74.68512537412968 -12.4
    endloop
  endfacet
  facet normal 0.03271908282177778 -0.9994645874763656 0
    outer loop
      vertex -1.9817148156733349 74.68512537412968 -12.4
      vertex 0 74.75 -12.41
      vertex 0 74.75 -12.4
    endloop
  endfacet
  facet normal -0.032719082821776 0.9994645874763656 0
    outer loop
      vertex 0 14.150000000000002 -15.4
      vertex 0 14.150000000000002 -12.4
      vertex 1.9817148156733349 14.214874625870316 -15.4
    endloop
  endfacet
  facet normal -0.09801714032956185 0.9951847266721967 0
    outer loop
      vertex 1.9817148156733349 14.214874625870316 -15.4
      vertex 1.9817148156733349 14.214874625870316 -12.4
      vertex 3.9549436242675626 14.409220700373549 -15.4
    endloop
  endfacet
  facet normal -0.16289547339458843 0.9866433320848792 0
    outer loop
      vertex 3.9549436242675626 14.409220700373549 -15.4
      vertex 3.9549436242675626 14.409220700373549 -12.4
      vertex 5.911236757088686 14.732206003782121 -15.4
    endloop
  endfacet
  facet normal -0.22707626303435874 0.9738769792773371 0
    outer loop
      vertex 5.911236757088686 14.732206003782121 -15.4
      vertex 5.911236757088686 14.732206003782121 -12.4
      vertex 6 14.752902689219813 -15.4
    endloop
  endfacet
  facet normal -0.2270762630343725 0.9738769792773337 -4.2917993291206126e-16
    outer loop
      vertex 6 14.752902689219813 -15.4
      vertex 5.911236757088686 14.732206003782121 -12.4
      vertex 7.842217066606379 15.182447463441232 -15.4
    endloop
  endfacet
  facet normal -0.032719082821776 0.9994645874763656 0
    outer loop
      vertex 1.9817148156733349 14.214874625870316 -15.4
      vertex 0 14.150000000000002 -12.4
      vertex 1.9817148156733349 14.214874625870316 -12.4
    endloop
  endfacet
  facet normal -0.09801714032956185 0.9951847266721967 0
    outer loop
      vertex 3.9549436242675626 14.409220700373549 -15.4
      vertex 1.9817148156733349 14.214874625870316 -12.4
      vertex 3.9549436242675626 14.409220700373549 -12.4
    endloop
  endfacet
  facet normal -0.16289547339458843 0.9866433320848792 0
    outer loop
      vertex 5.911236757088686 14.732206003782121 -15.4
      vertex 3.9549436242675626 14.409220700373549 -12.4
      vertex 5.911236757088686 14.732206003782121 -12.4
    endloop
  endfacet
  facet normal -0.2270762630343719 0.973876979277334 0
    outer loop
      vertex 7.842217066606379 15.182447463441232 -15.4
      vertex 5.911236757088686 14.732206003782121 -12.4
      vertex 7.842217066606379 15.182447463441232 -12.41
    endloop
  endfacet
  facet normal -0.4127070298043997 0.9108638249211737 0
    outer loop
      vertex 12.17039400127892 16.717018241829003 -15.4
      vertex 11.59530800066222 16.456450164908013 -12.41
      vertex 11.59530800066222 16.456450164908013 -12.4
    endloop
  endfacet
  facet normal -0.4127070298043942 0.910863824921176 5.066086216978328e-16
    outer loop
      vertex 12.17039400127892 16.717018241829003 -15.4
      vertex 11.59530800066222 16.456450164908013 -12.4
      vertex 13.401347313635739 17.274755931559547 -15.4
    endloop
  endfacet
  facet normal -0.412707029804395 0.9108638249211757 0
    outer loop
      vertex 13.401347313635739 17.274755931559547 -15.4
      vertex 11.59530800066222 16.456450164908013 -12.4
      vertex 13.401347313635739 17.274755931559547 -12.41
    endloop
  endfacet
  facet normal -0.8492021815265789 0.5280678506503679 0
    outer loop
      vertex 25.19352925276712 27.616221939506058 -15.4
      vertex 25.19352925276712 27.616221939506058 -12.41
      vertex 26.24056973466849 29.300000000000004 -15.4
    endloop
  endfacet
  facet normal -0.8492021815265696 0.5280678506503831 0
    outer loop
      vertex 26.24056973466849 29.300000000000004 -15.4
      vertex 25.19352925276712 27.616221939506058 -12.41
      vertex 25.19352925276712 27.616221939506058 -12.4
    endloop
  endfacet
  facet normal -0.8492021815265789 0.5280678506503679 0
    outer loop
      vertex 26.24056973466849 29.300000000000004 -15.4
      vertex 25.19352925276712 27.616221939506058 -12.4
      vertex 26.24056973466849 29.300000000000004 -12.41
    endloop
  endfacet
  facet normal -0.2270762630343719 0.973876979277334 0
    outer loop
      vertex 5.911236757088686 14.732206003782121 -12.4
      vertex 7.842217066606379 15.182447463441232 -12.4
      vertex 7.842217066606379 15.182447463441232 -12.41
    endloop
  endfacet
  facet normal -0.29028467725446155 0.956940335732209 0
    outer loop
      vertex 7.842217066606379 15.182447463441232 -12.41
      vertex 7.842217066606379 15.182447463441232 -12.4
      vertex 9.739615798685797 15.758017076298298 -12.4
    endloop
  endfacet
  facet normal -0.29028467725446155 0.956940335732209 0
    outer loop
      vertex 7.842217066606379 15.182447463441232 -12.41
      vertex 9.739615798685797 15.758017076298298 -12.4
      vertex 9.739615798685797 15.758017076298298 -12.41
    endloop
  endfacet
  facet normal -0.35225004792123465 0.9359059267573253 0
    outer loop
      vertex 9.739615798685797 15.758017076298298 -12.41
      vertex 9.739615798685797 15.758017076298298 -12.4
      vertex 11.59530800066222 16.456450164908013 -12.4
    endloop
  endfacet
  facet normal -0.35225004792123465 0.9359059267573253 0
    outer loop
      vertex 9.739615798685797 15.758017076298298 -12.41
      vertex 11.59530800066222 16.456450164908013 -12.4
      vertex 11.59530800066222 16.456450164908013 -12.41
    endloop
  endfacet
  facet normal -0.412707029804395 0.9108638249211757 0
    outer loop
      vertex 11.59530800066222 16.456450164908013 -12.4
      vertex 13.401347313635739 17.274755931559547 -12.4
      vertex 13.401347313635739 17.274755931559547 -12.41
    endloop
  endfacet
  facet normal -0.47139673682599814 0.8819212643483547 0
    outer loop
      vertex 13.401347313635739 17.274755931559547 -12.41
      vertex 13.401347313635739 17.274755931559547 -12.4
      vertex 15.15 18.209430265331513 -12.4
    endloop
  endfacet
  facet normal -0.47139673682599814 0.8819212643483547 0
    outer loop
      vertex 13.401347313635739 17.274755931559547 -12.41
      vertex 15.15 18.209430265331513 -12.4
      vertex 15.15 18.209430265331513 -12.41
    endloop
  endfacet
  facet normal -0.5280678506503683 0.8492021815265787 0
    outer loop
      vertex 15.15 18.209430265331513 -12.41
      vertex 15.15 18.209430265331513 -12.4
      vertex 16.833778060493945 19.256470747232882 -12.4
    endloop
  endfacet
  facet normal -0.5280678506503683 0.8492021815265787 0
    outer loop
      vertex 15.15 18.209430265331513 -12.41
      vertex 16.833778060493945 19.256470747232882 -12.4
      vertex 16.833778060493945 19.256470747232882 -12.41
    endloop
  endfacet
  facet normal -0.5824776968678013 0.8128466845916159 0
    outer loop
      vertex 16.833778060493945 19.256470747232882 -12.41
      vertex 16.833778060493945 19.256470747232882 -12.4
      vertex 18.445471298964236 20.411393789175577 -12.4
    endloop
  endfacet
  facet normal -0.5824776968678013 0.8128466845916159 0
    outer loop
      vertex 16.833778060493945 19.256470747232882 -12.41
      vertex 18.445471298964236 20.411393789175577 -12.4
      vertex 18.445471298964236 20.411393789175577 -12.41
    endloop
  endfacet
  facet normal -0.6343932841636467 0.7730104533627359 0
    outer loop
      vertex 18.445471298964236 20.411393789175577 -12.41
      vertex 18.445471298964236 20.411393789175577 -12.4
      vertex 19.978178197532085 21.66925383338699 -12.4
    endloop
  endfacet
  facet normal -0.6343932841636467 0.7730104533627359 0
    outer loop
      vertex 18.445471298964236 20.411393789175577 -12.41
      vertex 19.978178197532085 21.66925383338699 -12.4
      vertex 19.978178197532085 21.66925383338699 -12.41
    endloop
  endfacet
  facet normal -0.6835923020228701 0.7298640726978366 0
    outer loop
      vertex 19.978178197532085 21.66925383338699 -12.41
      vertex 19.978178197532085 21.66925383338699 -12.4
      vertex 21.42533546995239 23.024664530047612 -12.4
    endloop
  endfacet
  facet normal -0.6835923020228701 0.7298640726978366 0
    outer loop
      vertex 19.978178197532085 21.66925383338699 -12.41
      vertex 21.42533546995239 23.024664530047612 -12.4
      vertex 21.42533546995239 23.024664530047612 -12.41
    endloop
  endfacet
  facet normal -0.7298640726978366 0.6835923020228701 0
    outer loop
      vertex 21.42533546995239 23.024664530047612 -12.41
      vertex 21.42533546995239 23.024664530047612 -12.4
      vertex 22.780746166613014 24.471821802467918 -12.4
    endloop
  endfacet
  facet normal -0.7298640726978366 0.6835923020228701 0
    outer loop
      vertex 21.42533546995239 23.024664530047612 -12.41
      vertex 22.780746166613014 24.471821802467918 -12.4
      vertex 22.780746166613014 24.471821802467918 -12.41
    endloop
  endfacet
  facet normal -0.7730104533627359 0.6343932841636467 0
    outer loop
      vertex 22.780746166613014 24.471821802467918 -12.41
      vertex 22.780746166613014 24.471821802467918 -12.4
      vertex 24.038606210824426 26.004528701035767 -12.4
    endloop
  endfacet
  facet normal -0.7730104533627359 0.6343932841636467 0
    outer loop
      vertex 22.780746166613014 24.471821802467918 -12.41
      vertex 24.038606210824426 26.004528701035767 -12.4
      vertex 24.038606210824426 26.004528701035767 -12.41
    endloop
  endfacet
  facet normal -0.8128466845916159 0.5824776968678013 0
    outer loop
      vertex 24.038606210824426 26.004528701035767 -12.41
      vertex 24.038606210824426 26.004528701035767 -12.4
      vertex 25.19352925276712 27.616221939506058 -12.4
    endloop
  endfacet
  facet normal -0.8128466845916159 0.5824776968678013 0
    outer loop
      vertex 24.038606210824426 26.004528701035767 -12.41
      vertex 25.19352925276712 27.616221939506058 -12.4
      vertex 25.19352925276712 27.616221939506058 -12.41
    endloop
  endfacet
  facet normal -0.849202181526579 0.528067850650368 0
    outer loop
      vertex 25.19352925276712 27.616221939506058 -12.4
      vertex 26.24056973466849 29.300000000000004 -12.4
      vertex 26.24056973466849 29.300000000000004 -12.41
    endloop
  endfacet
  facet normal -0.8819212643483547 0.47139673682599853 0
    outer loop
      vertex 26.24056973466849 29.300000000000004 -12.41
      vertex 26.24056973466849 29.300000000000004 -12.4
      vertex 27.175244068440456 31.048652686364264 -12.4
    endloop
  endfacet
  facet normal -0.8819212643483547 0.47139673682599853 0
    outer loop
      vertex 26.24056973466849 29.300000000000004 -12.41
      vertex 27.175244068440456 31.048652686364264 -12.4
      vertex 27.175244068440456 31.048652686364264 -12.41
    endloop
  endfacet
  facet normal -0.9108638249211755 0.4127070298043953 0
    outer loop
      vertex 27.175244068440456 31.048652686364264 -12.41
      vertex 27.175244068440456 31.048652686364264 -12.4
      vertex 27.99354983509199 32.85469199933778 -12.4
    endloop
  endfacet
  facet normal -0.9108638249211755 0.4127070298043953 0
    outer loop
      vertex 27.175244068440456 31.048652686364264 -12.41
      vertex 27.99354983509199 32.85469199933778 -12.4
      vertex 27.99354983509199 32.85469199933778 -12.41
    endloop
  endfacet
  facet normal -0.9359059267573254 0.3522500479212343 0
    outer loop
      vertex 27.99354983509199 32.85469199933778 -12.41
      vertex 27.99354983509199 32.85469199933778 -12.4
      vertex 28.691982923701705 34.710384201314206 -12.4
    endloop
  endfacet
  facet normal -0.9359059267573254 0.3522500479212343 0
    outer loop
      vertex 27.99354983509199 32.85469199933778 -12.41
      vertex 28.691982923701705 34.710384201314206 -12.4
      vertex 28.691982923701705 34.710384201314206 -12.41
    endloop
  endfacet
  facet normal -0.956940335732209 0.29028467725446183 0
    outer loop
      vertex 28.691982923701705 34.710384201314206 -12.41
      vertex 28.691982923701705 34.710384201314206 -12.4
      vertex 29.26755253655877 36.60778293339362 -12.4
    endloop
  endfacet
  facet normal -0.956940335732209 0.29028467725446183 0
    outer loop
      vertex 28.691982923701705 34.710384201314206 -12.41
      vertex 29.26755253655877 36.60778293339362 -12.4
      vertex 29.26755253655877 36.60778293339362 -12.41
    endloop
  endfacet
  facet normal -0.973876979277334 0.2270762630343719 0
    outer loop
      vertex 29.26755253655877 36.60778293339362 -12.41
      vertex 29.26755253655877 36.60778293339362 -12.4
      vertex 29.717793996217882 38.538763242911315 -12.4
    endloop
  endfacet
  facet normal -0.973876979277334 0.2270762630343719 0
    outer loop
      vertex 29.26755253655877 36.60778293339362 -12.41
      vertex 29.717793996217882 38.538763242911315 -12.4
      vertex 29.717793996217882 38.538763242911315 -12.41
    endloop
  endfacet
  facet normal -0.986643332084879 0.16289547339458835 0
    outer loop
      vertex 29.717793996217882 38.538763242911315 -12.41
      vertex 29.717793996217882 38.538763242911315 -12.4
      vertex 30.040779299626454 40.49505637573244 -12.4
    endloop
  endfacet
  facet normal -0.986643332084879 0.16289547339458835 0
    outer loop
      vertex 29.717793996217882 38.538763242911315 -12.41
      vertex 30.040779299626454 40.49505637573244 -12.4
      vertex 30.040779299626454 40.49505637573244 -12.41
    endloop
  endfacet
  facet normal -0.9951847266721967 0.09801714032956181 0
    outer loop
      vertex 30.040779299626454 40.49505637573244 -12.41
      vertex 30.040779299626454 40.49505637573244 -12.4
      vertex 30.235125374129687 42.46828518432667 -12.4
    endloop
  endfacet
  facet normal -0.9951847266721967 0.09801714032956181 0
    outer loop
      vertex 30.040779299626454 40.49505637573244 -12.41
      vertex 30.235125374129687 42.46828518432667 -12.4
      vertex 30.235125374129687 42.46828518432667 -12.41
    endloop
  endfacet
  facet normal -0.9994645874763657 0.03271908282177599 0
    outer loop
      vertex 30.235125374129687 42.46828518432667 -12.41
      vertex 30.235125374129687 42.46828518432667 -12.4
      vertex 30.3 44.45 -12.4
    endloop
  endfacet
  facet normal -0.9994645874763657 0.03271908282177599 0
    outer loop
      vertex 30.235125374129687 42.46828518432667 -12.41
      vertex 30.3 44.45 -12.4
      vertex 30.3 44.45 -12.41
    endloop
  endfacet
  facet normal -0.8492021815265784 -0.5280678506503688 0
    outer loop
      vertex 26.24056973466849 59.6 -15.4
      vertex 26.24056973466849 59.6 -12.41
      vertex 25.19352925276712 61.283778060493944 -15.4
    endloop
  endfacet
  facet normal -0.8492021815265784 -0.5280678506503688 0
    outer loop
      vertex 25.19352925276712 61.283778060493944 -15.4
      vertex 26.24056973466849 59.6 -12.4
      vertex 25.19352925276712 61.283778060493944 -12.41
    endloop
  endfacet
  facet normal -0.8492021815265696 -0.5280678506503831 0
    outer loop
      vertex 25.19352925276712 61.283778060493944 -15.4
      vertex 26.24056973466849 59.6 -12.41
      vertex 26.24056973466849 59.6 -12.4
    endloop
  endfacet
  facet normal -0.7298640726978349 -0.6835923020228719 0
    outer loop
      vertex 22.780746166613014 64.42817819753209 -15.4
      vertex 22.780746166613014 64.42817819753209 -12.41
      vertex 21.42533546995239 65.87533546995239 -15.4
    endloop
  endfacet
  facet normal -0.6835923020228711 -0.7298640726978358 0
    outer loop
      vertex 21.42533546995239 65.87533546995239 -15.4
      vertex 21.42533546995239 65.87533546995239 -12.41
      vertex 19.978178197532085 67.23074616661302 -15.4
    endloop
  endfacet
  facet normal -0.7298640726978074 -0.6835923020229013 -3.370837380658495e-14
    outer loop
      vertex 21.42533546995239 65.87533546995239 -15.4
      vertex 22.780746166613014 64.42817819753209 -12.41
      vertex 22.776228130957477 64.43300205510683 -12.41
    endloop
  endfacet
  facet normal -0.6835923020228829 -0.7298640726978249 0
    outer loop
      vertex 19.978178197532085 67.23074616661302 -15.4
      vertex 21.42533546995239 65.87533546995239 -12.41
      vertex 21.42533546995239 65.87533546995239 -12.4
    endloop
  endfacet
  facet normal -0.47139673682599814 -0.8819212643483548 0
    outer loop
      vertex 13.401347313635739 71.62524406844045 -15.4
      vertex 15.15 70.69056973466849 -15.4
      vertex 15.15 70.69056973466849 -12.41
    endloop
  endfacet
  facet normal -0.4713967368260036 -0.8819212643483517 0
    outer loop
      vertex 13.401347313635739 71.62524406844045 -15.4
      vertex 15.15 70.69056973466849 -12.41
      vertex 15.15 70.69056973466849 -12.4
    endloop
  endfacet
  facet normal -0.47139673682599814 -0.8819212643483548 0
    outer loop
      vertex 13.401347313635739 71.62524406844045 -15.4
      vertex 15.15 70.69056973466849 -12.4
      vertex 13.401347313635739 71.62524406844045 -12.41
    endloop
  endfacet
  facet normal -0.09801714032956009 -0.9951847266721969 0
    outer loop
      vertex 3.9549436242675626 74.49077929962645 -15.4
      vertex 3.9549436242675626 74.49077929962645 -12.41
      vertex 1.9817148156733349 74.68512537412968 -15.4
    endloop
  endfacet
  facet normal -0.22707626303437767 -0.9738769792773325 0
    outer loop
      vertex 7.227346872201917 73.86092015789858 -15.4
      vertex 7.842217066606379 73.71755253655877 -15.4
      vertex 7.842217066606379 73.71755253655877 -12.41
    endloop
  endfacet
  facet normal -0.09801714032956009 -0.9951847266721969 0
    outer loop
      vertex 1.9817148156733349 74.68512537412968 -15.4
      vertex 3.9549436242675626 74.49077929962645 -12.4
      vertex 1.9817148156733349 74.68512537412968 -12.41
    endloop
  endfacet
  facet normal -0.09801714032955955 -0.995184726672197 0
    outer loop
      vertex 1.9817148156733349 74.68512537412968 -15.4
      vertex 3.9549436242675626 74.49077929962645 -12.41
      vertex 3.9549436242675626 74.49077929962645 -12.4
    endloop
  endfacet
  facet normal -0.6835923020228711 -0.7298640726978358 0
    outer loop
      vertex 19.978178197532085 67.23074616661302 -15.4
      vertex 21.42533546995239 65.87533546995239 -12.4
      vertex 19.978178197532085 67.23074616661302 -12.41
    endloop
  endfacet
  facet normal -0.9994645874763657 -0.03271908282177599 0
    outer loop
      vertex 30.3 44.45 -12.41
      vertex 30.3 44.45 -12.4
      vertex 30.235125374129687 46.43171481567334 -12.4
    endloop
  endfacet
  facet normal -0.9994645874763657 -0.03271908282177599 0
    outer loop
      vertex 30.3 44.45 -12.41
      vertex 30.235125374129687 46.43171481567334 -12.4
      vertex 30.235125374129687 46.43171481567334 -12.41
    endloop
  endfacet
  facet normal -0.9951847266721967 -0.09801714032956181 0
    outer loop
      vertex 30.235125374129687 46.43171481567334 -12.41
      vertex 30.235125374129687 46.43171481567334 -12.4
      vertex 30.040779299626454 48.40494362426757 -12.4
    endloop
  endfacet
  facet normal -0.9951847266721967 -0.09801714032956181 0
    outer loop
      vertex 30.235125374129687 46.43171481567334 -12.41
      vertex 30.040779299626454 48.40494362426757 -12.4
      vertex 30.040779299626454 48.40494362426757 -12.41
    endloop
  endfacet
  facet normal -0.986643332084879 -0.16289547339458835 0
    outer loop
      vertex 30.040779299626454 48.40494362426757 -12.41
      vertex 30.040779299626454 48.40494362426757 -12.4
      vertex 29.717793996217882 50.36123675708869 -12.4
    endloop
  endfacet
  facet normal -0.986643332084879 -0.16289547339458835 0
    outer loop
      vertex 30.040779299626454 48.40494362426757 -12.41
      vertex 29.717793996217882 50.36123675708869 -12.4
      vertex 29.717793996217882 50.36123675708869 -12.41
    endloop
  endfacet
  facet normal -0.973876979277334 -0.2270762630343719 0
    outer loop
      vertex 29.717793996217882 50.36123675708869 -12.41
      vertex 29.717793996217882 50.36123675708869 -12.4
      vertex 29.26755253655877 52.29221706660638 -12.4
    endloop
  endfacet
  facet normal -0.973876979277334 -0.2270762630343719 0
    outer loop
      vertex 29.717793996217882 50.36123675708869 -12.41
      vertex 29.26755253655877 52.29221706660638 -12.4
      vertex 29.26755253655877 52.29221706660638 -12.41
    endloop
  endfacet
  facet normal -0.956940335732209 -0.29028467725446183 0
    outer loop
      vertex 29.26755253655877 52.29221706660638 -12.41
      vertex 29.26755253655877 52.29221706660638 -12.4
      vertex 28.691982923701705 54.1896157986858 -12.4
    endloop
  endfacet
  facet normal -0.956940335732209 -0.29028467725446183 0
    outer loop
      vertex 29.26755253655877 52.29221706660638 -12.41
      vertex 28.691982923701705 54.1896157986858 -12.4
      vertex 28.691982923701705 54.1896157986858 -12.41
    endloop
  endfacet
  facet normal -0.9359059267573254 -0.3522500479212343 0
    outer loop
      vertex 28.691982923701705 54.1896157986858 -12.41
      vertex 28.691982923701705 54.1896157986858 -12.4
      vertex 27.99354983509199 56.045308000662224 -12.4
    endloop
  endfacet
  facet normal -0.9359059267573254 -0.3522500479212343 0
    outer loop
      vertex 28.691982923701705 54.1896157986858 -12.41
      vertex 27.99354983509199 56.045308000662224 -12.4
      vertex 27.99354983509199 56.045308000662224 -12.41
    endloop
  endfacet
  facet normal -0.9108638249211755 -0.4127070298043953 0
    outer loop
      vertex 27.175244068440456 57.85134731363574 -12.41
      vertex 27.99354983509199 56.045308000662224 -12.41
      vertex 27.175244068440456 57.85134731363574 -12.4
    endloop
  endfacet
  facet normal -0.9108638249211755 -0.4127070298043953 0
    outer loop
      vertex 27.175244068440456 57.85134731363574 -12.4
      vertex 27.99354983509199 56.045308000662224 -12.41
      vertex 27.99354983509199 56.045308000662224 -12.4
    endloop
  endfacet
  facet normal -0.8819212643483547 -0.47139673682599853 0
    outer loop
      vertex 27.175244068440456 57.85134731363574 -12.41
      vertex 26.24056973466849 59.6 -12.4
      vertex 26.24056973466849 59.6 -12.41
    endloop
  endfacet
  facet normal -0.8819212643483547 -0.47139673682599853 0
    outer loop
      vertex 27.175244068440456 57.85134731363574 -12.41
      vertex 27.175244068440456 57.85134731363574 -12.4
      vertex 26.24056973466849 59.6 -12.4
    endloop
  endfacet
  facet normal -0.8492021815265784 -0.5280678506503688 0
    outer loop
      vertex 26.24056973466849 59.6 -12.4
      vertex 25.19352925276712 61.283778060493944 -12.4
      vertex 25.19352925276712 61.283778060493944 -12.41
    endloop
  endfacet
  facet normal -0.7730104533627367 -0.6343932841636458 0
    outer loop
      vertex 24.038606210824426 62.89547129896424 -12.41
      vertex 24.038606210824426 62.89547129896424 -12.4
      vertex 22.780746166613014 64.42817819753209 -12.4
    endloop
  endfacet
  facet normal -0.7730104533627367 -0.6343932841636458 0
    outer loop
      vertex 24.038606210824426 62.89547129896424 -12.41
      vertex 22.780746166613014 64.42817819753209 -12.4
      vertex 22.780746166613014 64.42817819753209 -12.41
    endloop
  endfacet
  facet normal -0.7298640726977996 -0.6835923020229097 0
    outer loop
      vertex 22.776228130957477 64.43300205510683 -12.41
      vertex 22.780746166613014 64.42817819753209 -12.41
      vertex 22.780746166613014 64.42817819753209 -12.4
    endloop
  endfacet
  facet normal -0.7298640726978349 -0.6835923020228719 3.416469506484907e-14
    outer loop
      vertex 22.776228130957477 64.43300205510683 -12.41
      vertex 22.780746166613014 64.42817819753209 -12.4
      vertex 21.42533546995239 65.87533546995239 -12.4
    endloop
  endfacet
  facet normal -0.7298640726978352 -0.6835923020228718 0
    outer loop
      vertex 22.776228130957477 64.43300205510683 -12.41
      vertex 21.42533546995239 65.87533546995239 -12.4
      vertex 21.42533546995239 65.87533546995239 -12.41
    endloop
  endfacet
  facet normal -0.8128466845916165 -0.5824776968678005 0
    outer loop
      vertex 24.038606210824426 62.89547129896424 -12.41
      vertex 25.19352925276712 61.283778060493944 -12.41
      vertex 24.038606210824426 62.89547129896424 -12.4
    endloop
  endfacet
  facet normal -0.8128466845916165 -0.5824776968678005 0
    outer loop
      vertex 24.038606210824426 62.89547129896424 -12.4
      vertex 25.19352925276712 61.283778060493944 -12.41
      vertex 25.19352925276712 61.283778060493944 -12.4
    endloop
  endfacet
  facet normal -0.5280678506503658 -0.8492021815265803 0
    outer loop
      vertex 16.833778060493945 69.64352925276712 -12.41
      vertex 15.15 70.69056973466849 -12.4
      vertex 15.15 70.69056973466849 -12.41
    endloop
  endfacet
  facet normal -0.41270702980440094 -0.910863824921173 0
    outer loop
      vertex 13.401347313635739 71.62524406844045 -12.41
      vertex 11.59530800066222 72.443549835092 -12.4
      vertex 11.59530800066222 72.443549835092 -12.41
    endloop
  endfacet
  facet normal -0.41270702980440094 -0.910863824921173 0
    outer loop
      vertex 13.401347313635739 71.62524406844045 -12.41
      vertex 13.401347313635739 71.62524406844045 -12.4
      vertex 11.59530800066222 72.443549835092 -12.4
    endloop
  endfacet
  facet normal -0.47139673682599814 -0.8819212643483547 0
    outer loop
      vertex 13.401347313635739 71.62524406844045 -12.41
      vertex 15.15 70.69056973466849 -12.4
      vertex 13.401347313635739 71.62524406844045 -12.4
    endloop
  endfacet
  facet normal -0.03271908282177778 -0.9994645874763656 0
    outer loop
      vertex 0 74.75 -12.41
      vertex 1.9817148156733349 74.68512537412968 -12.41
      vertex 0 74.75 -12.4
    endloop
  endfacet
  facet normal -0.03271908282177778 -0.9994645874763656 0
    outer loop
      vertex 0 74.75 -12.4
      vertex 1.9817148156733349 74.68512537412968 -12.41
      vertex 1.9817148156733349 74.68512537412968 -12.4
    endloop
  endfacet
  facet normal -0.09801714032956008 -0.9951847266721968 0
    outer loop
      vertex 3.9549436242675626 74.49077929962645 -12.4
      vertex 1.9817148156733349 74.68512537412968 -12.4
      vertex 1.9817148156733349 74.68512537412968 -12.41
    endloop
  endfacet
  facet normal -0.1628954733945884 -0.9866433320848791 0
    outer loop
      vertex 3.9549436242675626 74.49077929962645 -12.4
      vertex 5.911236757088686 74.16779399621788 -12.41
      vertex 5.911236757088686 74.16779399621788 -12.4
    endloop
  endfacet
  facet normal -0.1628954733945884 -0.9866433320848791 0
    outer loop
      vertex 3.9549436242675626 74.49077929962645 -12.41
      vertex 5.911236757088686 74.16779399621788 -12.41
      vertex 3.9549436242675626 74.49077929962645 -12.4
    endloop
  endfacet
  facet normal -0.2270762630343719 -0.973876979277334 0
    outer loop
      vertex 5.911236757088686 74.16779399621788 -12.41
      vertex 7.842217066606379 73.71755253655877 -12.41
      vertex 5.911236757088686 74.16779399621788 -12.4
    endloop
  endfacet
  facet normal -0.2270762630343719 -0.973876979277334 0
    outer loop
      vertex 5.911236757088686 74.16779399621788 -12.4
      vertex 7.842217066606379 73.71755253655877 -12.41
      vertex 7.842217066606379 73.71755253655877 -12.4
    endloop
  endfacet
  facet normal -0.29028467725446155 -0.956940335732209 0
    outer loop
      vertex 7.842217066606379 73.71755253655877 -12.41
      vertex 9.739615798685797 73.1419829237017 -12.41
      vertex 7.842217066606379 73.71755253655877 -12.4
    endloop
  endfacet
  facet normal -0.29028467725446155 -0.956940335732209 0
    outer loop
      vertex 7.842217066606379 73.71755253655877 -12.4
      vertex 9.739615798685797 73.1419829237017 -12.41
      vertex 9.739615798685797 73.1419829237017 -12.4
    endloop
  endfacet
  facet normal -0.35225004792122994 -0.9359059267573271 0
    outer loop
      vertex 9.739615798685797 73.1419829237017 -12.41
      vertex 11.59530800066222 72.443549835092 -12.41
      vertex 9.739615798685797 73.1419829237017 -12.4
    endloop
  endfacet
  facet normal -0.35225004792122994 -0.9359059267573271 0
    outer loop
      vertex 9.739615798685797 73.1419829237017 -12.4
      vertex 11.59530800066222 72.443549835092 -12.41
      vertex 11.59530800066222 72.443549835092 -12.4
    endloop
  endfacet
  facet normal -0.6343932841636467 -0.7730104533627359 0
    outer loop
      vertex 19.978178197532085 67.23074616661302 -12.41
      vertex 19.978178197532085 67.23074616661302 -12.4
      vertex 18.445471298964236 68.48860621082443 -12.4
    endloop
  endfacet
  facet normal -0.5824776968678013 -0.8128466845916159 0
    outer loop
      vertex 16.833778060493945 69.64352925276712 -12.41
      vertex 18.445471298964236 68.48860621082443 -12.41
      vertex 16.833778060493945 69.64352925276712 -12.4
    endloop
  endfacet
  facet normal -0.6343932841636467 -0.7730104533627359 0
    outer loop
      vertex 19.978178197532085 67.23074616661302 -12.41
      vertex 18.445471298964236 68.48860621082443 -12.4
      vertex 18.445471298964236 68.48860621082443 -12.41
    endloop
  endfacet
  facet normal -0.5824776968678013 -0.8128466845916159 0
    outer loop
      vertex 16.833778060493945 69.64352925276712 -12.4
      vertex 18.445471298964236 68.48860621082443 -12.41
      vertex 18.445471298964236 68.48860621082443 -12.4
    endloop
  endfacet
  facet normal -0.6835923020228711 -0.7298640726978357 0
    outer loop
      vertex 21.42533546995239 65.87533546995239 -12.4
      vertex 19.978178197532085 67.23074616661302 -12.4
      vertex 19.978178197532085 67.23074616661302 -12.41
    endloop
  endfacet
  facet normal -0.5280678506503658 -0.8492021815265803 0
    outer loop
      vertex 16.833778060493945 69.64352925276712 -12.41
      vertex 16.833778060493945 69.64352925276712 -12.4
      vertex 15.15 70.69056973466849 -12.4
    endloop
  endfacet
  facet normal -0.528067850650367 -0.8492021815265794 0
    outer loop
      vertex -16.4 16.04436675587042 -21.8
      vertex -16.4 16.04436675587042 -15.4
      vertex -18.22270364304295 17.17779671647652 -21.8
    endloop
  endfacet
  facet normal 0 0 -1
    outer loop
      vertex -16.4 16.04436675587042 -21.8
      vertex -18.22270364304295 17.17779671647652 -21.8
      vertex -15.15 18.209430265331513 -21.8
    endloop
  endfacet
  facet normal 0 0 -1
    outer loop
      vertex -19.967374871486037 18.42801043844749 -21.8
      vertex -16.833778060493945 19.256470747232882 -21.8
      vertex -18.22270364304295 17.17779671647652 -21.8
    endloop
  endfacet
  facet normal 0 0 -1
    outer loop
      vertex -19.967374871486037 18.42801043844749 -21.8
      vertex -18.445471298964236 20.411393789175577 -21.8
      vertex -16.833778060493945 19.256470747232882 -21.8
    endloop
  endfacet
  facet normal 0 0 -1
    outer loop
      vertex -18.22270364304295 17.17779671647652 -21.8
      vertex -16.833778060493945 19.256470747232882 -21.8
      vertex -15.15 18.209430265331513 -21.8
    endloop
  endfacet
  facet normal 0 0 -1
    outer loop
      vertex -19.967374871486037 18.42801043844749 -21.8
      vertex -21.626542735282257 19.789654314689546 -21.8
      vertex -18.445471298964236 20.411393789175577 -21.8
    endloop
  endfacet
  facet normal 0 0 -1
    outer loop
      vertex -21.626542735282257 19.789654314689546 -21.8
      vertex -19.978178197532085 21.66925383338699 -21.8
      vertex -18.445471298964236 20.411393789175577 -21.8
    endloop
  endfacet
  facet normal 0 0 -1
    outer loop
      vertex -23.19310242291876 21.256897577081244 -21.8
      vertex -21.42533546995239 23.024664530047612 -21.8
      vertex -21.626542735282257 19.789654314689546 -21.8
    endloop
  endfacet
  facet normal 0 0 -1
    outer loop
      vertex -21.626542735282257 19.789654314689546 -21.8
      vertex -21.42533546995239 23.024664530047612 -21.8
      vertex -19.978178197532085 21.66925383338699 -21.8
    endloop
  endfacet
  facet normal -0.6343932841636462 -0.7730104533627364 0
    outer loop
      vertex -19.967374871486037 18.42801043844749 -21.8
      vertex -19.967374871486037 18.42801043844749 -15.4
      vertex -21.626542735282257 19.789654314689546 -21.8
    endloop
  endfacet
  facet normal -0.5824776968678014 -0.8128466845916158 0
    outer loop
      vertex -19.967374871486037 18.42801043844749 -21.8
      vertex -18.22270364304295 17.17779671647652 -21.8
      vertex -18.22270364304295 17.17779671647652 -15.4
    endloop
  endfacet
  facet normal -0.6835923020228701 -0.7298640726978367 0
    outer loop
      vertex -23.19310242291876 21.256897577081244 -21.8
      vertex -21.626542735282257 19.789654314689546 -21.8
      vertex -21.626542735282257 19.789654314689546 -15.4
    endloop
  endfacet
  facet normal -0.7298640726978367 -0.6835923020228701 0
    outer loop
      vertex -23.19310242291876 21.256897577081244 -21.8
      vertex -23.19310242291876 21.256897577081244 -15.4
      vertex -24.660345685310457 22.823457264717746 -21.8
    endloop
  endfacet
  facet normal 0 0 -1
    outer loop
      vertex -10.543214461943698 13.390691752560539 -21.8
      vertex -7.842217066606379 15.182447463441232 -21.8
      vertex -8.48926467936268 12.767632897718563 -21.8
    endloop
  endfacet
  facet normal 0 0 -1
    outer loop
      vertex -12.552016581574943 14.146751333629801 -21.8
      vertex -14.507069039183241 15.03257407772783 -21.8
      vertex -11.59530800066222 16.456450164908013 -21.8
    endloop
  endfacet
  facet normal 0 0 -1
    outer loop
      vertex -16.4 16.04436675587042 -21.8
      vertex -13.401347313635739 17.274755931559547 -21.8
      vertex -14.507069039183241 15.03257407772783 -21.8
    endloop
  endfacet
  facet normal 0 0 -1
    outer loop
      vertex -14.507069039183241 15.03257407772783 -21.8
      vertex -13.401347313635739 17.274755931559547 -21.8
      vertex -11.59530800066222 16.456450164908013 -21.8
    endloop
  endfacet
  facet normal 0 0 -1
    outer loop
      vertex -12.552016581574943 14.146751333629801 -21.8
      vertex -9.739615798685797 15.758017076298298 -21.8
      vertex -10.543214461943698 13.390691752560539 -21.8
    endloop
  endfacet
  facet normal 0 0 -1
    outer loop
      vertex -10.543214461943698 13.390691752560539 -21.8
      vertex -9.739615798685797 15.758017076298298 -21.8
      vertex -7.842217066606379 15.182447463441232 -21.8
    endloop
  endfacet
  facet normal 0 0 -1
    outer loop
      vertex -12.552016581574943 14.146751333629801 -21.8
      vertex -11.59530800066222 16.456450164908013 -21.8
      vertex -9.739615798685797 15.758017076298298 -21.8
    endloop
  endfacet
  facet normal 0 0 -1
    outer loop
      vertex -6.398962562129006 12.280242802774048 -21.8
      vertex -6 14.752902689219813 -21.8
      vertex -6 12.214373817182882 -21.8
    endloop
  endfacet
  facet normal 0 0 -1
    outer loop
      vertex -8.48926467936268 12.767632897718563 -21.8
      vertex -6 14.752902689219813 -21.8
      vertex -6.398962562129006 12.280242802774048 -21.8
    endloop
  endfacet
  facet normal 0 0 -1
    outer loop
      vertex -8.48926467936268 12.767632897718563 -21.8
      vertex -7.842217066606379 15.182447463441232 -21.8
      vertex -6 14.752902689219813 -21.8
    endloop
  endfacet
  facet normal -0.3522500479212345 -0.9359059267573253 0
    outer loop
      vertex -12.552016581574943 14.146751333629801 -21.8
      vertex -10.543214461943698 13.390691752560539 -21.8
      vertex -10.543214461943698 13.390691752560539 -15.4
    endloop
  endfacet
  facet normal -0.290284677254463 -0.9569403357322087 0
    outer loop
      vertex -10.543214461943698 13.390691752560539 -21.8
      vertex -8.48926467936268 12.767632897718563 -21.8
      vertex -8.48926467936268 12.767632897718563 -15.4
    endloop
  endfacet
  facet normal -0.4127070298043944 -0.910863824921176 0
    outer loop
      vertex -12.552016581574943 14.146751333629801 -21.8
      vertex -12.552016581574943 14.146751333629801 -15.4
      vertex -14.507069039183241 15.03257407772783 -21.8
    endloop
  endfacet
  facet normal -0.4713967368259984 -0.8819212643483546 0
    outer loop
      vertex -16.4 16.04436675587042 -21.8
      vertex -14.507069039183241 15.03257407772783 -21.8
      vertex -14.507069039183241 15.03257407772783 -15.4
    endloop
  endfacet
  facet normal -0.22707626303437173 -0.973876979277334 0
    outer loop
      vertex -8.48926467936268 12.767632897718563 -21.8
      vertex -6.398962562129006 12.280242802774048 -21.8
      vertex -6.398962562129006 12.280242802774048 -15.4
    endloop
  endfacet
  facet normal -0.16289547339458035 -0.9866433320848804 0
    outer loop
      vertex -6.398962562129006 12.280242802774048 -21.8
      vertex -6 12.214373817182882 -21.8
      vertex -6 12.214373817182882 -15.4
    endloop
  endfacet
  facet normal 0 0 -1
    outer loop
      vertex -16.4 16.04436675587042 -21.8
      vertex -15.15 18.209430265331513 -21.8
      vertex -13.401347313635739 17.274755931559547 -21.8
    endloop
  endfacet
  facet normal -0.6343932841636462 -0.7730104533627364 0
    outer loop
      vertex -21.626542735282257 19.789654314689546 -21.8
      vertex -19.967374871486037 18.42801043844749 -15.4
      vertex -21.626542735282257 19.789654314689546 -15.4
    endloop
  endfacet
  facet normal -0.5824776968678014 -0.8128466845916158 0
    outer loop
      vertex -19.967374871486037 18.42801043844749 -21.8
      vertex -18.22270364304295 17.17779671647652 -15.4
      vertex -19.967374871486037 18.42801043844749 -15.4
    endloop
  endfacet
  facet normal -0.528067850650367 -0.8492021815265794 0
    outer loop
      vertex -18.22270364304295 17.17779671647652 -21.8
      vertex -16.4 16.04436675587042 -15.4
      vertex -18.22270364304295 17.17779671647652 -15.4
    endloop
  endfacet
  facet normal -0.6835923020228701 -0.7298640726978367 0
    outer loop
      vertex -23.19310242291876 21.256897577081244 -21.8
      vertex -21.626542735282257 19.789654314689546 -15.4
      vertex -23.19310242291876 21.256897577081244 -15.4
    endloop
  endfacet
  facet normal -0.290284677254463 -0.9569403357322087 0
    outer loop
      vertex -10.543214461943698 13.390691752560539 -21.8
      vertex -8.48926467936268 12.767632897718563 -15.4
      vertex -10.543214461943698 13.390691752560539 -15.4
    endloop
  endfacet
  facet normal -0.4127070298043944 -0.910863824921176 0
    outer loop
      vertex -14.507069039183241 15.03257407772783 -21.8
      vertex -12.552016581574943 14.146751333629801 -15.4
      vertex -14.507069039183241 15.03257407772783 -15.4
    endloop
  endfacet
  facet normal -0.3522500479212345 -0.9359059267573253 0
    outer loop
      vertex -12.552016581574943 14.146751333629801 -21.8
      vertex -10.543214461943698 13.390691752560539 -15.4
      vertex -12.552016581574943 14.146751333629801 -15.4
    endloop
  endfacet
  facet normal -0.4713967368259984 -0.8819212643483546 0
    outer loop
      vertex -16.4 16.04436675587042 -21.8
      vertex -14.507069039183241 15.03257407772783 -15.4
      vertex -16.4 16.04436675587042 -15.4
    endloop
  endfacet
  facet normal -0.16289547339458035 -0.9866433320848804 0
    outer loop
      vertex -6.398962562129006 12.280242802774048 -21.8
      vertex -6 12.214373817182882 -15.4
      vertex -6.398962562129006 12.280242802774048 -15.4
    endloop
  endfacet
  facet normal -0.22707626303437173 -0.973876979277334 0
    outer loop
      vertex -8.48926467936268 12.767632897718563 -21.8
      vertex -6.398962562129006 12.280242802774048 -15.4
      vertex -8.48926467936268 12.767632897718563 -15.4
    endloop
  endfacet
  facet normal -0.9738769792773339 -0.22707626303437228 0
    outer loop
      vertex -31.68236710228144 35.960735320637326 -21.8
      vertex -31.68236710228144 35.960735320637326 -15.4
      vertex -32.169757197225955 38.051037437870995 -21.8
    endloop
  endfacet
  facet normal -0.9866433320848792 -0.16289547339458785 0
    outer loop
      vertex -32.169757197225955 38.051037437870995 -21.8
      vertex -32.169757197225955 38.051037437870995 -15.4
      vertex -32.519391453060976 40.16874089518231 -21.8
    endloop
  endfacet
  facet normal 0 0 -1
    outer loop
      vertex -31.68236710228144 35.960735320637326 -21.8
      vertex -32.169757197225955 38.051037437870995 -21.8
      vertex -31.68236710228144 52.93926467936268 -21.8
    endloop
  endfacet
  facet normal 0 0 -1
    outer loop
      vertex -32.169757197225955 38.051037437870995 -21.8
      vertex -32.519391453060976 40.16874089518231 -21.8
      vertex -32.169757197225955 50.84896256212901 -21.8
    endloop
  endfacet
  facet normal 0 0 -1
    outer loop
      vertex -32.519391453060976 40.16874089518231 -21.8
      vertex -32.72977268222619 42.30477736125131 -21.8
      vertex -32.519391453060976 48.731259104817696 -21.8
    endloop
  endfacet
  facet normal -0.9951847266721968 -0.0980171403295611 0
    outer loop
      vertex -32.519391453060976 40.16874089518231 -21.8
      vertex -32.519391453060976 40.16874089518231 -15.4
      vertex -32.72977268222619 42.30477736125131 -21.8
    endloop
  endfacet
  facet normal -0.9994645874763656 -0.03271908282177683 0
    outer loop
      vertex -32.72977268222619 42.30477736125131 -21.8
      vertex -32.72977268222619 42.30477736125131 -15.4
      vertex -32.8 44.45 -21.8
    endloop
  endfacet
  facet normal 0 0 -1
    outer loop
      vertex -26.021989561552513 24.482625128513966 -21.8
      vertex -24.038606210824426 26.004528701035767 -21.8
      vertex -24.660345685310457 22.823457264717746 -21.8
    endloop
  endfacet
  facet normal 0 0 -1
    outer loop
      vertex -24.660345685310457 22.823457264717746 -21.8
      vertex -24.038606210824426 26.004528701035767 -21.8
      vertex -22.780746166613014 24.471821802467918 -21.8
    endloop
  endfacet
  facet normal 0 0 -1
    outer loop
      vertex -26.021989561552513 24.482625128513966 -21.8
      vertex -27.27220328352348 26.22729635695705 -21.8
      vertex -25.19352925276712 27.616221939506058 -21.8
    endloop
  endfacet
  facet normal 0 0 -1
    outer loop
      vertex -26.021989561552513 24.482625128513966 -21.8
      vertex -25.19352925276712 27.616221939506058 -21.8
      vertex -24.038606210824426 26.004528701035767 -21.8
    endloop
  endfacet
  facet normal 0 0 -1
    outer loop
      vertex -27.27220328352348 26.22729635695705 -21.8
      vertex -26.24056973466849 29.300000000000004 -21.8
      vertex -25.19352925276712 27.616221939506058 -21.8
    endloop
  endfacet
  facet normal 0 0 -1
    outer loop
      vertex -23.19310242291876 21.256897577081244 -21.8
      vertex -24.660345685310457 22.823457264717746 -21.8
      vertex -22.780746166613014 24.471821802467918 -21.8
    endloop
  endfacet
  facet normal 0 0 -1
    outer loop
      vertex -23.19310242291876 21.256897577081244 -21.8
      vertex -22.780746166613014 24.471821802467918 -21.8
      vertex -21.42533546995239 23.024664530047612 -21.8
    endloop
  endfacet
  facet normal -0.7730104533627364 -0.6343932841636462 0
    outer loop
      vertex -26.021989561552513 24.482625128513966 -21.8
      vertex -24.660345685310457 22.823457264717746 -21.8
      vertex -24.660345685310457 22.823457264717746 -15.4
    endloop
  endfacet
  facet normal -0.8128466845916158 -0.5824776968678014 0
    outer loop
      vertex -26.021989561552513 24.482625128513966 -21.8
      vertex -26.021989561552513 24.482625128513966 -15.4
      vertex -27.27220328352348 26.22729635695705 -21.8
    endloop
  endfacet
  facet normal -0.8492021815265794 -0.528067850650367 0
    outer loop
      vertex -27.27220328352348 26.22729635695705 -21.8
      vertex -27.27220328352348 26.22729635695705 -15.4
      vertex -28.405633244129582 28.050000000000004 -21.8
    endloop
  endfacet
  facet normal 0 0 -1
    outer loop
      vertex -28.405633244129582 28.050000000000004 -21.8
      vertex -29.417425922272173 29.94293096081676 -21.8
      vertex -27.99354983509199 32.85469199933778 -21.8
    endloop
  endfacet
  facet normal 0 0 -1
    outer loop
      vertex -27.27220328352348 26.22729635695705 -21.8
      vertex -28.405633244129582 28.050000000000004 -21.8
      vertex -27.175244068440456 31.048652686364264 -21.8
    endloop
  endfacet
  facet normal 0 0 -1
    outer loop
      vertex -27.27220328352348 26.22729635695705 -21.8
      vertex -27.175244068440456 31.048652686364264 -21.8
      vertex -26.24056973466849 29.300000000000004 -21.8
    endloop
  endfacet
  facet normal 0 0 -1
    outer loop
      vertex -28.405633244129582 28.050000000000004 -21.8
      vertex -27.99354983509199 32.85469199933778 -21.8
      vertex -27.175244068440456 31.048652686364264 -21.8
    endloop
  endfacet
  facet normal 0 0 -1
    outer loop
      vertex -29.417425922272173 29.94293096081676 -21.8
      vertex -30.3032486663702 31.89798341842506 -21.8
      vertex -29.26755253655877 36.60778293339362 -21.8
    endloop
  endfacet
  facet normal 0 0 -1
    outer loop
      vertex -29.417425922272173 29.94293096081676 -21.8
      vertex -28.691982923701705 34.710384201314206 -21.8
      vertex -27.99354983509199 32.85469199933778 -21.8
    endloop
  endfacet
  facet normal -0.8819212643483545 -0.47139673682599886 0
    outer loop
      vertex -28.405633244129582 28.050000000000004 -21.8
      vertex -28.405633244129582 28.050000000000004 -15.4
      vertex -29.417425922272173 29.94293096081676 -21.8
    endloop
  endfacet
  facet normal -0.9108638249211761 -0.4127070298043941 0
    outer loop
      vertex -29.417425922272173 29.94293096081676 -21.8
      vertex -29.417425922272173 29.94293096081676 -15.4
      vertex -30.3032486663702 31.89798341842506 -21.8
    endloop
  endfacet
  facet normal -0.9359059267573253 -0.3522500479212345 0
    outer loop
      vertex -30.3032486663702 31.89798341842506 -21.8
      vertex -30.3032486663702 31.89798341842506 -15.4
      vertex -31.059308247439464 33.906785538056305 -21.8
    endloop
  endfacet
  facet normal 0 0 -1
    outer loop
      vertex -29.417425922272173 29.94293096081676 -21.8
      vertex -29.26755253655877 36.60778293339362 -21.8
      vertex -28.691982923701705 34.710384201314206 -21.8
    endloop
  endfacet
  facet normal 0 0 -1
    outer loop
      vertex -30.3032486663702 31.89798341842506 -21.8
      vertex -29.717793996217882 38.538763242911315 -21.8
      vertex -29.26755253655877 36.60778293339362 -21.8
    endloop
  endfacet
  facet normal 0 0 -1
    outer loop
      vertex -30.3032486663702 31.89798341842506 -21.8
      vertex -30.040779299626454 40.49505637573244 -21.8
      vertex -29.717793996217882 38.538763242911315 -21.8
    endloop
  endfacet
  facet normal 0 0 -1
    outer loop
      vertex -30.3032486663702 31.89798341842506 -21.8
      vertex -30.235125374129687 42.46828518432667 -21.8
      vertex -30.040779299626454 40.49505637573244 -21.8
    endloop
  endfacet
  facet normal -0.9569403357322088 -0.29028467725446255 0
    outer loop
      vertex -31.68236710228144 35.960735320637326 -21.8
      vertex -31.059308247439464 33.906785538056305 -21.8
      vertex -31.059308247439464 33.906785538056305 -15.4
    endloop
  endfacet
  facet normal 0 0 -1
    outer loop
      vertex -30.3032486663702 31.89798341842506 -21.8
      vertex -30.3 44.45 -21.8
      vertex -30.235125374129687 42.46828518432667 -21.8
    endloop
  endfacet
  facet normal 0 0 -1
    outer loop
      vertex -30.3032486663702 31.89798341842506 -21.8
      vertex -31.059308247439464 33.906785538056305 -21.8
      vertex -30.3032486663702 57.00201658157495 -21.8
    endloop
  endfacet
  facet normal 0 0 -1
    outer loop
      vertex -31.68236710228144 35.960735320637326 -21.8
      vertex -31.059308247439464 54.9932144619437 -21.8
      vertex -31.059308247439464 33.906785538056305 -21.8
    endloop
  endfacet
  facet normal -0.9738769792773339 -0.22707626303437228 0
    outer loop
      vertex -32.169757197225955 38.051037437870995 -21.8
      vertex -31.68236710228144 35.960735320637326 -15.4
      vertex -32.169757197225955 38.051037437870995 -15.4
    endloop
  endfacet
  facet normal -0.9866433320848792 -0.16289547339458785 0
    outer loop
      vertex -32.519391453060976 40.16874089518231 -21.8
      vertex -32.169757197225955 38.051037437870995 -15.4
      vertex -32.519391453060976 40.16874089518231 -15.4
    endloop
  endfacet
  facet normal -0.9951847266721968 -0.0980171403295611 0
    outer loop
      vertex -32.72977268222619 42.30477736125131 -21.8
      vertex -32.519391453060976 40.16874089518231 -15.4
      vertex -32.72977268222619 42.30477736125131 -15.4
    endloop
  endfacet
  facet normal -0.9994645874763656 -0.03271908282177683 0
    outer loop
      vertex -32.72977268222619 42.30477736125131 -15.4
      vertex -32.8 44.45 -15.4
      vertex -32.8 44.45 -21.8
    endloop
  endfacet
  facet normal -0.7298640726978367 -0.6835923020228701 0
    outer loop
      vertex -23.19310242291876 21.256897577081244 -15.4
      vertex -24.660345685310457 22.823457264717746 -15.4
      vertex -24.660345685310457 22.823457264717746 -21.8
    endloop
  endfacet
  facet normal -0.7730104533627364 -0.6343932841636462 0
    outer loop
      vertex -26.021989561552513 24.482625128513966 -21.8
      vertex -24.660345685310457 22.823457264717746 -15.4
      vertex -26.021989561552513 24.482625128513966 -15.4
    endloop
  endfacet
  facet normal -0.8492021815265794 -0.528067850650367 0
    outer loop
      vertex -28.405633244129582 28.050000000000004 -21.8
      vertex -27.27220328352348 26.22729635695705 -15.4
      vertex -28.405633244129582 28.050000000000004 -15.4
    endloop
  endfacet
  facet normal -0.8128466845916158 -0.5824776968678014 0
    outer loop
      vertex -27.27220328352348 26.22729635695705 -21.8
      vertex -26.021989561552513 24.482625128513966 -15.4
      vertex -27.27220328352348 26.22729635695705 -15.4
    endloop
  endfacet
  facet normal -0.8819212643483545 -0.47139673682599886 0
    outer loop
      vertex -29.417425922272173 29.94293096081676 -21.8
      vertex -28.405633244129582 28.050000000000004 -15.4
      vertex -29.417425922272173 29.94293096081676 -15.4
    endloop
  endfacet
  facet normal -0.9108638249211761 -0.4127070298043941 0
    outer loop
      vertex -30.3032486663702 31.89798341842506 -21.8
      vertex -29.417425922272173 29.94293096081676 -15.4
      vertex -30.3032486663702 31.89798341842506 -15.4
    endloop
  endfacet
  facet normal -0.9359059267573253 -0.3522500479212345 0
    outer loop
      vertex -31.059308247439464 33.906785538056305 -21.8
      vertex -30.3032486663702 31.89798341842506 -15.4
      vertex -31.059308247439464 33.906785538056305 -15.4
    endloop
  endfacet
  facet normal -0.9569403357322088 -0.29028467725446255 0
    outer loop
      vertex -31.68236710228144 35.960735320637326 -21.8
      vertex -31.059308247439464 33.906785538056305 -15.4
      vertex -31.68236710228144 35.960735320637326 -15.4
    endloop
  endfacet
  facet normal 0 0 -1
    outer loop
      vertex -32.72977268222619 42.30477736125131 -21.8
      vertex -32.8 44.45 -21.8
      vertex -32.72977268222619 46.595222638748695 -21.8
    endloop
  endfacet
  facet normal 0 0 -1
    outer loop
      vertex -32.72977268222619 42.30477736125131 -21.8
      vertex -32.72977268222619 46.595222638748695 -21.8
      vertex -32.519391453060976 48.731259104817696 -21.8
    endloop
  endfacet
  facet normal 0 0 -1
    outer loop
      vertex -32.519391453060976 40.16874089518231 -21.8
      vertex -32.519391453060976 48.731259104817696 -21.8
      vertex -32.169757197225955 50.84896256212901 -21.8
    endloop
  endfacet
  facet normal 0 0 -1
    outer loop
      vertex -32.169757197225955 38.051037437870995 -21.8
      vertex -32.169757197225955 50.84896256212901 -21.8
      vertex -31.68236710228144 52.93926467936268 -21.8
    endloop
  endfacet
  facet normal -0.9994645874763656 0.03271908282177683 0
    outer loop
      vertex -32.8 44.45 -21.8
      vertex -32.8 44.45 -15.4
      vertex -32.72977268222619 46.595222638748695 -21.8
    endloop
  endfacet
  facet normal -0.9951847266721968 0.0980171403295611 0
    outer loop
      vertex -32.72977268222619 46.595222638748695 -21.8
      vertex -32.72977268222619 46.595222638748695 -15.4
      vertex -32.519391453060976 48.731259104817696 -21.8
    endloop
  endfacet
  facet normal -0.9866433320848792 0.16289547339458785 0
    outer loop
      vertex -32.519391453060976 48.731259104817696 -21.8
      vertex -32.519391453060976 48.731259104817696 -15.4
      vertex -32.169757197225955 50.84896256212901 -21.8
    endloop
  endfacet
  facet normal -0.9738769792773339 0.22707626303437228 0
    outer loop
      vertex -32.169757197225955 50.84896256212901 -21.8
      vertex -32.169757197225955 50.84896256212901 -15.4
      vertex -31.68236710228144 52.93926467936268 -21.8
    endloop
  endfacet
  facet normal 0 0 -1
    outer loop
      vertex -30.3032486663702 31.89798341842506 -21.8
      vertex -30.3032486663702 57.00201658157495 -21.8
      vertex -30.3 44.45 -21.8
    endloop
  endfacet
  facet normal 0 0 -1
    outer loop
      vertex -31.68236710228144 35.960735320637326 -21.8
      vertex -31.68236710228144 52.93926467936268 -21.8
      vertex -31.059308247439464 54.9932144619437 -21.8
    endloop
  endfacet
  facet normal 0 0 -1
    outer loop
      vertex -31.059308247439464 33.906785538056305 -21.8
      vertex -31.059308247439464 54.9932144619437 -21.8
      vertex -30.3032486663702 57.00201658157495 -21.8
    endloop
  endfacet
  facet normal 0 0 -1
    outer loop
      vertex -30.3 44.45 -21.8
      vertex -30.3032486663702 57.00201658157495 -21.8
      vertex -30.235125374129687 46.43171481567334 -21.8
    endloop
  endfacet
  facet normal 0 0 -1
    outer loop
      vertex -30.235125374129687 46.43171481567334 -21.8
      vertex -30.3032486663702 57.00201658157495 -21.8
      vertex -30.040779299626454 48.40494362426757 -21.8
    endloop
  endfacet
  facet normal 0 0 -1
    outer loop
      vertex -30.040779299626454 48.40494362426757 -21.8
      vertex -30.3032486663702 57.00201658157495 -21.8
      vertex -29.717793996217882 50.36123675708869 -21.8
    endloop
  endfacet
  facet normal 0 0 -1
    outer loop
      vertex -29.717793996217882 50.36123675708869 -21.8
      vertex -29.417425922272173 58.957069039183246 -21.8
      vertex -29.26755253655877 52.29221706660638 -21.8
    endloop
  endfacet
  facet normal 0 0 -1
    outer loop
      vertex -29.717793996217882 50.36123675708869 -21.8
      vertex -30.3032486663702 57.00201658157495 -21.8
      vertex -29.417425922272173 58.957069039183246 -21.8
    endloop
  endfacet
  facet normal 0 0 -1
    outer loop
      vertex -29.26755253655877 52.29221706660638 -21.8
      vertex -29.417425922272173 58.957069039183246 -21.8
      vertex -28.691982923701705 54.1896157986858 -21.8
    endloop
  endfacet
  facet normal -0.9569403357322088 0.29028467725446255 0
    outer loop
      vertex -31.68236710228144 52.93926467936268 -21.8
      vertex -31.68236710228144 52.93926467936268 -15.4
      vertex -31.059308247439464 54.9932144619437 -21.8
    endloop
  endfacet
  facet normal 0 0 -1
    outer loop
      vertex -28.691982923701705 54.1896157986858 -21.8
      vertex -28.405633244129582 60.85 -21.8
      vertex -27.99354983509199 56.045308000662224 -21.8
    endloop
  endfacet
  facet normal 0 0 -1
    outer loop
      vertex -28.691982923701705 54.1896157986858 -21.8
      vertex -29.417425922272173 58.957069039183246 -21.8
      vertex -28.405633244129582 60.85 -21.8
    endloop
  endfacet
  facet normal 0 0 -1
    outer loop
      vertex -28.405633244129582 60.85 -21.8
      vertex -27.27220328352348 62.67270364304295 -21.8
      vertex -27.99354983509199 56.045308000662224 -21.8
    endloop
  endfacet
  facet normal 0 0 -1
    outer loop
      vertex -27.99354983509199 56.045308000662224 -21.8
      vertex -27.27220328352348 62.67270364304295 -21.8
      vertex -27.175244068440456 57.85134731363574 -21.8
    endloop
  endfacet
  facet normal 0 0 -1
    outer loop
      vertex -27.175244068440456 57.85134731363574 -21.8
      vertex -27.27220328352348 62.67270364304295 -21.8
      vertex -26.24056973466849 59.6 -21.8
    endloop
  endfacet
  facet normal -0.9359059267573254 0.3522500479212339 0
    outer loop
      vertex -31.059308247439464 54.9932144619437 -21.8
      vertex -31.059308247439464 54.9932144619437 -15.4
      vertex -30.3032486663702 57.00201658157495 -21.8
    endloop
  endfacet
  facet normal -0.9108638249211758 0.4127070298043947 0
    outer loop
      vertex -30.3032486663702 57.00201658157495 -21.8
      vertex -30.3032486663702 57.00201658157495 -15.4
      vertex -29.417425922272173 58.957069039183246 -21.8
    endloop
  endfacet
  facet normal -0.8819212643483545 0.47139673682599886 0
    outer loop
      vertex -29.417425922272173 58.957069039183246 -21.8
      vertex -29.417425922272173 58.957069039183246 -15.4
      vertex -28.405633244129582 60.85 -21.8
    endloop
  endfacet
  facet normal 0 0 -1
    outer loop
      vertex -26.24056973466849 59.6 -21.8
      vertex -26.021989561552513 64.41737487148603 -21.8
      vertex -25.19352925276712 61.283778060493944 -21.8
    endloop
  endfacet
  facet normal 0 0 -1
    outer loop
      vertex -26.24056973466849 59.6 -21.8
      vertex -27.27220328352348 62.67270364304295 -21.8
      vertex -26.021989561552513 64.41737487148603 -21.8
    endloop
  endfacet
  facet normal 0 0 -1
    outer loop
      vertex -25.19352925276712 61.283778060493944 -21.8
      vertex -24.660345685310457 66.07654273528226 -21.8
      vertex -24.038606210824426 62.89547129896424 -21.8
    endloop
  endfacet
  facet normal 0 0 -1
    outer loop
      vertex -25.19352925276712 61.283778060493944 -21.8
      vertex -26.021989561552513 64.41737487148603 -21.8
      vertex -24.660345685310457 66.07654273528226 -21.8
    endloop
  endfacet
  facet normal 0 0 -1
    outer loop
      vertex -24.038606210824426 62.89547129896424 -21.8
      vertex -24.660345685310457 66.07654273528226 -21.8
      vertex -23.19310242291876 67.64310242291876 -21.8
    endloop
  endfacet
  facet normal 0 0 -1
    outer loop
      vertex -24.038606210824426 62.89547129896424 -21.8
      vertex -23.19310242291876 67.64310242291876 -21.8
      vertex -22.780746166613014 64.42817819753209 -21.8
    endloop
  endfacet
  facet normal 0 0 -1
    outer loop
      vertex -22.780746166613014 64.42817819753209 -21.8
      vertex -21.626542735282257 69.11034568531046 -21.8
      vertex -21.42533546995239 65.87533546995239 -21.8
    endloop
  endfacet
  facet normal -0.849202181526579 0.5280678506503678 0
    outer loop
      vertex -28.405633244129582 60.85 -21.8
      vertex -28.405633244129582 60.85 -15.4
      vertex -27.27220328352348 62.67270364304295 -21.8
    endloop
  endfacet
  facet normal -0.8128466845916152 0.5824776968678022 0
    outer loop
      vertex -27.27220328352348 62.67270364304295 -21.8
      vertex -27.27220328352348 62.67270364304295 -15.4
      vertex -26.021989561552513 64.41737487148603 -21.8
    endloop
  endfacet
  facet normal -0.7730104533627378 0.6343932841636445 0
    outer loop
      vertex -26.021989561552513 64.41737487148603 -21.8
      vertex -26.021989561552513 64.41737487148603 -15.4
      vertex -24.660345685310457 66.07654273528226 -21.8
    endloop
  endfacet
  facet normal -0.7298640726978359 0.683592302022871 0
    outer loop
      vertex -24.660345685310457 66.07654273528226 -21.8
      vertex -24.660345685310457 66.07654273528226 -15.4
      vertex -23.19310242291876 67.64310242291876 -21.8
    endloop
  endfacet
  facet normal -0.9994645874763656 0.03271908282177683 0
    outer loop
      vertex -32.72977268222619 46.595222638748695 -21.8
      vertex -32.8 44.45 -15.4
      vertex -32.72977268222619 46.595222638748695 -15.4
    endloop
  endfacet
  facet normal -0.9951847266721968 0.0980171403295611 0
    outer loop
      vertex -32.519391453060976 48.731259104817696 -21.8
      vertex -32.72977268222619 46.595222638748695 -15.4
      vertex -32.519391453060976 48.731259104817696 -15.4
    endloop
  endfacet
  facet normal -0.9866433320848792 0.16289547339458785 0
    outer loop
      vertex -32.169757197225955 50.84896256212901 -21.8
      vertex -32.519391453060976 48.731259104817696 -15.4
      vertex -32.169757197225955 50.84896256212901 -15.4
    endloop
  endfacet
  facet normal -0.9738769792773339 0.22707626303437228 0
    outer loop
      vertex -31.68236710228144 52.93926467936268 -21.8
      vertex -32.169757197225955 50.84896256212901 -15.4
      vertex -31.68236710228144 52.93926467936268 -15.4
    endloop
  endfacet
  facet normal -0.9569403357322088 0.29028467725446255 0
    outer loop
      vertex -31.059308247439464 54.9932144619437 -21.8
      vertex -31.68236710228144 52.93926467936268 -15.4
      vertex -31.059308247439464 54.9932144619437 -15.4
    endloop
  endfacet
  facet normal -0.9359059267573254 0.3522500479212339 0
    outer loop
      vertex -30.3032486663702 57.00201658157495 -21.8
      vertex -31.059308247439464 54.9932144619437 -15.4
      vertex -30.3032486663702 57.00201658157495 -15.4
    endloop
  endfacet
  facet normal -0.9108638249211758 0.4127070298043947 0
    outer loop
      vertex -29.417425922272173 58.957069039183246 -21.8
      vertex -30.3032486663702 57.00201658157495 -15.4
      vertex -29.417425922272173 58.957069039183246 -15.4
    endloop
  endfacet
  facet normal -0.8819212643483545 0.47139673682599886 0
    outer loop
      vertex -28.405633244129582 60.85 -21.8
      vertex -29.417425922272173 58.957069039183246 -15.4
      vertex -28.405633244129582 60.85 -15.4
    endloop
  endfacet
  facet normal -0.849202181526579 0.5280678506503678 0
    outer loop
      vertex -27.27220328352348 62.67270364304295 -21.8
      vertex -28.405633244129582 60.85 -15.4
      vertex -27.27220328352348 62.67270364304295 -15.4
    endloop
  endfacet
  facet normal -0.8128466845916152 0.5824776968678022 0
    outer loop
      vertex -26.021989561552513 64.41737487148603 -21.8
      vertex -27.27220328352348 62.67270364304295 -15.4
      vertex -26.021989561552513 64.41737487148603 -15.4
    endloop
  endfacet
  facet normal -0.7730104533627378 0.6343932841636445 0
    outer loop
      vertex -24.660345685310457 66.07654273528226 -21.8
      vertex -26.021989561552513 64.41737487148603 -15.4
      vertex -24.660345685310457 66.07654273528226 -15.4
    endloop
  endfacet
  facet normal 0 0 -1
    outer loop
      vertex -22.780746166613014 64.42817819753209 -21.8
      vertex -23.19310242291876 67.64310242291876 -21.8
      vertex -21.626542735282257 69.11034568531046 -21.8
    endloop
  endfacet
  facet normal 0 0 -1
    outer loop
      vertex -21.42533546995239 65.87533546995239 -21.8
      vertex -19.967374871486037 70.47198956155252 -21.8
      vertex -19.978178197532085 67.23074616661302 -21.8
    endloop
  endfacet
  facet normal 0 0 -1
    outer loop
      vertex -21.42533546995239 65.87533546995239 -21.8
      vertex -21.626542735282257 69.11034568531046 -21.8
      vertex -19.967374871486037 70.47198956155252 -21.8
    endloop
  endfacet
  facet normal 0 0 -1
    outer loop
      vertex -19.978178197532085 67.23074616661302 -21.8
      vertex -19.967374871486037 70.47198956155252 -21.8
      vertex -18.445471298964236 68.48860621082443 -21.8
    endloop
  endfacet
  facet normal 0 0 -1
    outer loop
      vertex -18.445471298964236 68.48860621082443 -21.8
      vertex -18.22270364304295 71.72220328352348 -21.8
      vertex -16.833778060493945 69.64352925276712 -21.8
    endloop
  endfacet
  facet normal 0 0 -1
    outer loop
      vertex -18.445471298964236 68.48860621082443 -21.8
      vertex -19.967374871486037 70.47198956155252 -21.8
      vertex -18.22270364304295 71.72220328352348 -21.8
    endloop
  endfacet
  facet normal 0 0 -1
    outer loop
      vertex -16.833778060493945 69.64352925276712 -21.8
      vertex -18.22270364304295 71.72220328352348 -21.8
      vertex -16.4 72.85563324412959 -21.8
    endloop
  endfacet
  facet normal 0 0 -1
    outer loop
      vertex -16.833778060493945 69.64352925276712 -21.8
      vertex -16.4 72.85563324412959 -21.8
      vertex -15.15 70.69056973466849 -21.8
    endloop
  endfacet
  facet normal -0.6835923020228719 0.7298640726978349 0
    outer loop
      vertex -23.19310242291876 67.64310242291876 -21.8
      vertex -23.19310242291876 67.64310242291876 -15.4
      vertex -21.626542735282257 69.11034568531046 -21.8
    endloop
  endfacet
  facet normal -0.6343932841636462 0.7730104533627364 0
    outer loop
      vertex -21.626542735282257 69.11034568531046 -21.8
      vertex -21.626542735282257 69.11034568531046 -15.4
      vertex -19.967374871486037 70.47198956155252 -21.8
    endloop
  endfacet
  facet normal -0.5824776968678003 0.8128466845916165 0
    outer loop
      vertex -19.967374871486037 70.47198956155252 -21.8
      vertex -19.967374871486037 70.47198956155252 -15.4
      vertex -18.22270364304295 71.72220328352348 -21.8
    endloop
  endfacet
  facet normal -0.5280678506503694 0.849202181526578 0
    outer loop
      vertex -18.22270364304295 71.72220328352348 -21.8
      vertex -18.22270364304295 71.72220328352348 -15.4
      vertex -16.4 72.85563324412959 -21.8
    endloop
  endfacet
  facet normal 0 0 -1
    outer loop
      vertex -15.15 70.69056973466849 -21.8
      vertex -14.507069039183241 73.86742592227218 -21.8
      vertex -13.401347313635739 71.62524406844045 -21.8
    endloop
  endfacet
  facet normal 0 0 -1
    outer loop
      vertex -15.15 70.69056973466849 -21.8
      vertex -16.4 72.85563324412959 -21.8
      vertex -14.507069039183241 73.86742592227218 -21.8
    endloop
  endfacet
  facet normal 0 0 -1
    outer loop
      vertex -13.401347313635739 71.62524406844045 -21.8
      vertex -14.507069039183241 73.86742592227218 -21.8
      vertex -12.552016581574943 74.75324866637021 -21.8
    endloop
  endfacet
  facet normal 0 0 -1
    outer loop
      vertex -13.401347313635739 71.62524406844045 -21.8
      vertex -12.552016581574943 74.75324866637021 -21.8
      vertex -11.59530800066222 72.443549835092 -21.8
    endloop
  endfacet
  facet normal 0 0 -1
    outer loop
      vertex -11.59530800066222 72.443549835092 -21.8
      vertex -12.552016581574943 74.75324866637021 -21.8
      vertex -10.543214461943698 75.50930824743946 -21.8
    endloop
  endfacet
  facet normal 0 0 -1
    outer loop
      vertex -11.59530800066222 72.443549835092 -21.8
      vertex -10.543214461943698 75.50930824743946 -21.8
      vertex -9.739615798685797 73.1419829237017 -21.8
    endloop
  endfacet
  facet normal 0 0 -1
    outer loop
      vertex -9.739615798685797 73.1419829237017 -21.8
      vertex -10.543214461943698 75.50930824743946 -21.8
      vertex -8.48926467936268 76.13236710228145 -21.8
    endloop
  endfacet
  facet normal 0 0 -1
    outer loop
      vertex -9.739615798685797 73.1419829237017 -21.8
      vertex -8.48926467936268 76.13236710228145 -21.8
      vertex -7.842217066606379 73.71755253655877 -21.8
    endloop
  endfacet
  facet normal 0 0 -1
    outer loop
      vertex -7.842217066606379 73.71755253655877 -21.8
      vertex -6.398962562129006 76.61975719722597 -21.8
      vertex -5.911236757088686 74.16779399621788 -21.8
    endloop
  endfacet
  facet normal 0 0 -1
    outer loop
      vertex -7.842217066606379 73.71755253655877 -21.8
      vertex -8.48926467936268 76.13236710228145 -21.8
      vertex -6.398962562129006 76.61975719722597 -21.8
    endloop
  endfacet
  facet normal 0 0 -1
    outer loop
      vertex -5.911236757088686 74.16779399621788 -21.8
      vertex -4.281259104817691 76.96939145306098 -21.8
      vertex -3.9549436242675626 74.49077929962645 -21.8
    endloop
  endfacet
  facet normal 0 0 -1
    outer loop
      vertex -5.911236757088686 74.16779399621788 -21.8
      vertex -6.398962562129006 76.61975719722597 -21.8
      vertex -4.281259104817691 76.96939145306098 -21.8
    endloop
  endfacet
  facet normal 0 0 -1
    outer loop
      vertex -3.9549436242675626 74.49077929962645 -21.8
      vertex -2.145222638748692 77.1797726822262 -21.8
      vertex -1.9817148156733349 74.68512537412968 -21.8
    endloop
  endfacet
  facet normal 0 0 -1
    outer loop
      vertex -3.9549436242675626 74.49077929962645 -21.8
      vertex -4.281259104817691 76.96939145306098 -21.8
      vertex -2.145222638748692 77.1797726822262 -21.8
    endloop
  endfacet
  facet normal 0 0 -1
    outer loop
      vertex -1.9817148156733349 74.68512537412968 -21.8
      vertex 0 77.25 -21.8
      vertex 0 74.75 -21.8
    endloop
  endfacet
  facet normal 0 0 -1
    outer loop
      vertex -2.145222638748692 77.1797726822262 -21.8
      vertex 0 77.25 -21.8
      vertex -1.9817148156733349 74.68512537412968 -21.8
    endloop
  endfacet
  facet normal -0.47139673682599587 0.8819212643483559 0
    outer loop
      vertex -16.4 72.85563324412959 -21.8
      vertex -16.4 72.85563324412959 -15.4
      vertex -14.507069039183241 73.86742592227218 -21.8
    endloop
  endfacet
  facet normal -0.4127070298043971 0.9108638249211747 0
    outer loop
      vertex -14.507069039183241 73.86742592227218 -21.8
      vertex -14.507069039183241 73.86742592227218 -15.4
      vertex -12.552016581574943 74.75324866637021 -21.8
    endloop
  endfacet
  facet normal -0.35225004792123016 0.9359059267573271 0
    outer loop
      vertex -12.552016581574943 74.75324866637021 -21.8
      vertex -12.552016581574943 74.75324866637021 -15.4
      vertex -10.543214461943698 75.50930824743946 -21.8
    endloop
  endfacet
  facet normal -0.2902846772544676 0.9569403357322074 0
    outer loop
      vertex -10.543214461943698 75.50930824743946 -21.8
      vertex -10.543214461943698 75.50930824743946 -15.4
      vertex -8.48926467936268 76.13236710228145 -21.8
    endloop
  endfacet
  facet normal -0.22707626303437173 0.973876979277334 0
    outer loop
      vertex -8.48926467936268 76.13236710228145 -21.8
      vertex -8.48926467936268 76.13236710228145 -15.4
      vertex -6.398962562129006 76.61975719722597 -21.8
    endloop
  endfacet
  facet normal -0.16289547339458463 0.9866433320848798 0
    outer loop
      vertex -6.398962562129006 76.61975719722597 -21.8
      vertex -6.398962562129006 76.61975719722597 -15.4
      vertex -4.281259104817691 76.96939145306098 -21.8
    endloop
  endfacet
  facet normal -0.09801714032956446 0.9951847266721965 0
    outer loop
      vertex -4.281259104817691 76.96939145306098 -21.8
      vertex -4.281259104817691 76.96939145306098 -15.4
      vertex -2.145222638748692 77.1797726822262 -21.8
    endloop
  endfacet
  facet normal -0.032719082821773514 0.9994645874763657 0
    outer loop
      vertex -2.145222638748692 77.1797726822262 -21.8
      vertex -2.145222638748692 77.1797726822262 -15.4
      vertex 0 77.25 -21.8
    endloop
  endfacet
  facet normal -0.7298640726978359 0.683592302022871 0
    outer loop
      vertex -24.660345685310457 66.07654273528226 -15.4
      vertex -23.19310242291876 67.64310242291876 -15.4
      vertex -23.19310242291876 67.64310242291876 -21.8
    endloop
  endfacet
  facet normal -0.6835923020228719 0.7298640726978349 0
    outer loop
      vertex -21.626542735282257 69.11034568531046 -21.8
      vertex -23.19310242291876 67.64310242291876 -15.4
      vertex -21.626542735282257 69.11034568531046 -15.4
    endloop
  endfacet
  facet normal -0.6343932841636462 0.7730104533627364 0
    outer loop
      vertex -19.967374871486037 70.47198956155252 -21.8
      vertex -21.626542735282257 69.11034568531046 -15.4
      vertex -19.967374871486037 70.47198956155252 -15.4
    endloop
  endfacet
  facet normal -0.5824776968678003 0.8128466845916165 0
    outer loop
      vertex -18.22270364304295 71.72220328352348 -21.8
      vertex -19.967374871486037 70.47198956155252 -15.4
      vertex -18.22270364304295 71.72220328352348 -15.4
    endloop
  endfacet
  facet normal -0.5280678506503694 0.849202181526578 0
    outer loop
      vertex -16.4 72.85563324412959 -21.8
      vertex -18.22270364304295 71.72220328352348 -15.4
      vertex -16.4 72.85563324412959 -15.4
    endloop
  endfacet
  facet normal -0.47139673682599587 0.8819212643483559 0
    outer loop
      vertex -14.507069039183241 73.86742592227218 -21.8
      vertex -16.4 72.85563324412959 -15.4
      vertex -14.507069039183241 73.86742592227218 -15.4
    endloop
  endfacet
  facet normal -0.4127070298043971 0.9108638249211747 0
    outer loop
      vertex -12.552016581574943 74.75324866637021 -21.8
      vertex -14.507069039183241 73.86742592227218 -15.4
      vertex -12.552016581574943 74.75324866637021 -15.4
    endloop
  endfacet
  facet normal -0.35225004792123016 0.9359059267573271 0
    outer loop
      vertex -10.543214461943698 75.50930824743946 -21.8
      vertex -12.552016581574943 74.75324866637021 -15.4
      vertex -10.543214461943698 75.50930824743946 -15.4
    endloop
  endfacet
  facet normal -0.2902846772544676 0.9569403357322074 0
    outer loop
      vertex -8.48926467936268 76.13236710228145 -21.8
      vertex -10.543214461943698 75.50930824743946 -15.4
      vertex -8.48926467936268 76.13236710228145 -15.4
    endloop
  endfacet
  facet normal -0.22707626303437173 0.973876979277334 0
    outer loop
      vertex -6.398962562129006 76.61975719722597 -21.8
      vertex -8.48926467936268 76.13236710228145 -15.4
      vertex -6.398962562129006 76.61975719722597 -15.4
    endloop
  endfacet
  facet normal -0.16289547339458463 0.9866433320848798 0
    outer loop
      vertex -4.281259104817691 76.96939145306098 -21.8
      vertex -6.398962562129006 76.61975719722597 -15.4
      vertex -4.281259104817691 76.96939145306098 -15.4
    endloop
  endfacet
  facet normal -0.09801714032956446 0.9951847266721965 0
    outer loop
      vertex -2.145222638748692 77.1797726822262 -21.8
      vertex -4.281259104817691 76.96939145306098 -15.4
      vertex -2.145222638748692 77.1797726822262 -15.4
    endloop
  endfacet
  facet normal -0.032719082821773514 0.9994645874763657 0
    outer loop
      vertex 0 77.25 -21.8
      vertex -2.145222638748692 77.1797726822262 -15.4
      vertex 0 77.25 -15.4
    endloop
  endfacet
  facet normal 0 0 -1
    outer loop
      vertex 6 12.214373817182882 -21.8
      vertex 6 14.752902689219813 -21.8
      vertex 6.398962562129006 12.280242802774048 -21.8
    endloop
  endfacet
  facet normal 0 0 -1
    outer loop
      vertex 6.398962562129006 12.280242802774048 -21.8
      vertex 7.842217066606379 15.182447463441232 -21.8
      vertex 8.48926467936268 12.767632897718563 -21.8
    endloop
  endfacet
  facet normal 0 0 -1
    outer loop
      vertex 6.398962562129006 12.280242802774048 -21.8
      vertex 6 14.752902689219813 -21.8
      vertex 7.842217066606379 15.182447463441232 -21.8
    endloop
  endfacet
  facet normal 0 0 -1
    outer loop
      vertex 8.48926467936268 12.767632897718563 -21.8
      vertex 7.842217066606379 15.182447463441232 -21.8
      vertex 9.739615798685797 15.758017076298298 -21.8
    endloop
  endfacet
  facet normal 0 0 -1
    outer loop
      vertex 8.48926467936268 12.767632897718563 -21.8
      vertex 9.739615798685797 15.758017076298298 -21.8
      vertex 10.543214461943698 13.390691752560539 -21.8
    endloop
  endfacet
  facet normal 0 0 -1
    outer loop
      vertex 10.543214461943698 13.390691752560539 -21.8
      vertex 9.739615798685797 15.758017076298298 -21.8
      vertex 11.59530800066222 16.456450164908013 -21.8
    endloop
  endfacet
  facet normal 0 0 -1
    outer loop
      vertex 10.543214461943698 13.390691752560539 -21.8
      vertex 11.59530800066222 16.456450164908013 -21.8
      vertex 12.552016581574943 14.146751333629801 -21.8
    endloop
  endfacet
  facet normal 0 0 -1
    outer loop
      vertex 12.552016581574943 14.146751333629801 -21.8
      vertex 11.59530800066222 16.456450164908013 -21.8
      vertex 13.401347313635739 17.274755931559547 -21.8
    endloop
  endfacet
  facet normal 0 0 -1
    outer loop
      vertex 12.552016581574943 14.146751333629801 -21.8
      vertex 13.401347313635739 17.274755931559547 -21.8
      vertex 14.507069039183241 15.03257407772783 -21.8
    endloop
  endfacet
  facet normal 0 0 -1
    outer loop
      vertex 14.507069039183241 15.03257407772783 -21.8
      vertex 15.15 18.209430265331513 -21.8
      vertex 16.4 16.04436675587042 -21.8
    endloop
  endfacet
  facet normal 0.16289547339458035 -0.9866433320848804 0
    outer loop
      vertex 6 12.214373817182882 -21.8
      vertex 6.398962562129006 12.280242802774048 -21.8
      vertex 6.398962562129006 12.280242802774048 -15.4
    endloop
  endfacet
  facet normal 0.22707626303437173 -0.973876979277334 0
    outer loop
      vertex 6.398962562129006 12.280242802774048 -21.8
      vertex 8.48926467936268 12.767632897718563 -21.8
      vertex 8.48926467936268 12.767632897718563 -15.4
    endloop
  endfacet
  facet normal 0.290284677254463 -0.9569403357322087 0
    outer loop
      vertex 8.48926467936268 12.767632897718563 -21.8
      vertex 10.543214461943698 13.390691752560539 -21.8
      vertex 10.543214461943698 13.390691752560539 -15.4
    endloop
  endfacet
  facet normal 0.3522500479212345 -0.9359059267573253 0
    outer loop
      vertex 10.543214461943698 13.390691752560539 -21.8
      vertex 12.552016581574943 14.146751333629801 -21.8
      vertex 12.552016581574943 14.146751333629801 -15.4
    endloop
  endfacet
  facet normal 0.4127070298043944 -0.910863824921176 0
    outer loop
      vertex 12.552016581574943 14.146751333629801 -21.8
      vertex 14.507069039183241 15.03257407772783 -21.8
      vertex 14.507069039183241 15.03257407772783 -15.4
    endloop
  endfacet
  facet normal 0.4713967368259984 -0.8819212643483546 0
    outer loop
      vertex 14.507069039183241 15.03257407772783 -21.8
      vertex 16.4 16.04436675587042 -21.8
      vertex 16.4 16.04436675587042 -15.4
    endloop
  endfacet
  facet normal 0 0 -1
    outer loop
      vertex 14.507069039183241 15.03257407772783 -21.8
      vertex 13.401347313635739 17.274755931559547 -21.8
      vertex 15.15 18.209430265331513 -21.8
    endloop
  endfacet
  facet normal 0 0 -1
    outer loop
      vertex 16.4 16.04436675587042 -21.8
      vertex 15.15 18.209430265331513 -21.8
      vertex 16.833778060493945 19.256470747232882 -21.8
    endloop
  endfacet
  facet normal 0 0 -1
    outer loop
      vertex 16.4 16.04436675587042 -21.8
      vertex 16.833778060493945 19.256470747232882 -21.8
      vertex 18.22270364304295 17.17779671647652 -21.8
    endloop
  endfacet
  facet normal 0 0 -1
    outer loop
      vertex 18.22270364304295 17.17779671647652 -21.8
      vertex 18.445471298964236 20.411393789175577 -21.8
      vertex 19.967374871486037 18.42801043844749 -21.8
    endloop
  endfacet
  facet normal 0 0 -1
    outer loop
      vertex 16.833778060493945 19.256470747232882 -21.8
      vertex 18.445471298964236 20.411393789175577 -21.8
      vertex 18.22270364304295 17.17779671647652 -21.8
    endloop
  endfacet
  facet normal 0 0 -1
    outer loop
      vertex 19.967374871486037 18.42801043844749 -21.8
      vertex 18.445471298964236 20.411393789175577 -21.8
      vertex 19.978178197532085 21.66925383338699 -21.8
    endloop
  endfacet
  facet normal 0 0 -1
    outer loop
      vertex 19.967374871486037 18.42801043844749 -21.8
      vertex 21.42533546995239 23.024664530047612 -21.8
      vertex 21.626542735282257 19.789654314689546 -21.8
    endloop
  endfacet
  facet normal 0 0 -1
    outer loop
      vertex 19.967374871486037 18.42801043844749 -21.8
      vertex 19.978178197532085 21.66925383338699 -21.8
      vertex 21.42533546995239 23.024664530047612 -21.8
    endloop
  endfacet
  facet normal 0 0 -1
    outer loop
      vertex 21.626542735282257 19.789654314689546 -21.8
      vertex 22.780746166613014 24.471821802467918 -21.8
      vertex 23.19310242291876 21.256897577081244 -21.8
    endloop
  endfacet
  facet normal 0.528067850650367 -0.8492021815265794 0
    outer loop
      vertex 16.4 16.04436675587042 -21.8
      vertex 18.22270364304295 17.17779671647652 -21.8
      vertex 18.22270364304295 17.17779671647652 -15.4
    endloop
  endfacet
  facet normal 0.5824776968678014 -0.8128466845916158 0
    outer loop
      vertex 18.22270364304295 17.17779671647652 -21.8
      vertex 19.967374871486037 18.42801043844749 -21.8
      vertex 19.967374871486037 18.42801043844749 -15.4
    endloop
  endfacet
  facet normal 0.6343932841636462 -0.7730104533627364 0
    outer loop
      vertex 19.967374871486037 18.42801043844749 -21.8
      vertex 21.626542735282257 19.789654314689546 -21.8
      vertex 21.626542735282257 19.789654314689546 -15.4
    endloop
  endfacet
  facet normal 0.6835923020228701 -0.7298640726978367 0
    outer loop
      vertex 21.626542735282257 19.789654314689546 -21.8
      vertex 23.19310242291876 21.256897577081244 -21.8
      vertex 23.19310242291876 21.256897577081244 -15.4
    endloop
  endfacet
  facet normal 0.16289547339458035 -0.9866433320848804 0
    outer loop
      vertex 6 12.214373817182882 -21.8
      vertex 6.398962562129006 12.280242802774048 -15.4
      vertex 6 12.214373817182882 -15.4
    endloop
  endfacet
  facet normal 0.22707626303437173 -0.973876979277334 0
    outer loop
      vertex 6.398962562129006 12.280242802774048 -21.8
      vertex 8.48926467936268 12.767632897718563 -15.4
      vertex 6.398962562129006 12.280242802774048 -15.4
    endloop
  endfacet
  facet normal 0.290284677254463 -0.9569403357322087 0
    outer loop
      vertex 8.48926467936268 12.767632897718563 -21.8
      vertex 10.543214461943698 13.390691752560539 -15.4
      vertex 8.48926467936268 12.767632897718563 -15.4
    endloop
  endfacet
  facet normal 0.3522500479212345 -0.9359059267573253 0
    outer loop
      vertex 10.543214461943698 13.390691752560539 -21.8
      vertex 12.552016581574943 14.146751333629801 -15.4
      vertex 10.543214461943698 13.390691752560539 -15.4
    endloop
  endfacet
  facet normal 0.4127070298043944 -0.910863824921176 0
    outer loop
      vertex 12.552016581574943 14.146751333629801 -21.8
      vertex 14.507069039183241 15.03257407772783 -15.4
      vertex 12.552016581574943 14.146751333629801 -15.4
    endloop
  endfacet
  facet normal 0.4713967368259984 -0.8819212643483546 0
    outer loop
      vertex 14.507069039183241 15.03257407772783 -21.8
      vertex 16.4 16.04436675587042 -15.4
      vertex 14.507069039183241 15.03257407772783 -15.4
    endloop
  endfacet
  facet normal 0.528067850650367 -0.8492021815265794 0
    outer loop
      vertex 16.4 16.04436675587042 -21.8
      vertex 18.22270364304295 17.17779671647652 -15.4
      vertex 16.4 16.04436675587042 -15.4
    endloop
  endfacet
  facet normal 0.5824776968678014 -0.8128466845916158 0
    outer loop
      vertex 18.22270364304295 17.17779671647652 -21.8
      vertex 19.967374871486037 18.42801043844749 -15.4
      vertex 18.22270364304295 17.17779671647652 -15.4
    endloop
  endfacet
  facet normal 0.6343932841636462 -0.7730104533627364 0
    outer loop
      vertex 19.967374871486037 18.42801043844749 -21.8
      vertex 21.626542735282257 19.789654314689546 -15.4
      vertex 19.967374871486037 18.42801043844749 -15.4
    endloop
  endfacet
  facet normal 0.6835923020228701 -0.7298640726978367 0
    outer loop
      vertex 21.626542735282257 19.789654314689546 -21.8
      vertex 23.19310242291876 21.256897577081244 -15.4
      vertex 21.626542735282257 19.789654314689546 -15.4
    endloop
  endfacet
  facet normal 0.7298640726978367 -0.6835923020228701 0
    outer loop
      vertex 23.19310242291876 21.256897577081244 -21.8
      vertex 24.660345685310457 22.823457264717746 -15.4
      vertex 23.19310242291876 21.256897577081244 -15.4
    endloop
  endfacet
  facet normal 0 0 -1
    outer loop
      vertex 21.626542735282257 19.789654314689546 -21.8
      vertex 21.42533546995239 23.024664530047612 -21.8
      vertex 22.780746166613014 24.471821802467918 -21.8
    endloop
  endfacet
  facet normal 0 0 -1
    outer loop
      vertex 23.19310242291876 21.256897577081244 -21.8
      vertex 22.780746166613014 24.471821802467918 -21.8
      vertex 24.038606210824426 26.004528701035767 -21.8
    endloop
  endfacet
  facet normal 0 0 -1
    outer loop
      vertex 23.19310242291876 21.256897577081244 -21.8
      vertex 24.038606210824426 26.004528701035767 -21.8
      vertex 24.660345685310457 22.823457264717746 -21.8
    endloop
  endfacet
  facet normal 0 0 -1
    outer loop
      vertex 24.660345685310457 22.823457264717746 -21.8
      vertex 25.19352925276712 27.616221939506058 -21.8
      vertex 26.021989561552513 24.482625128513966 -21.8
    endloop
  endfacet
  facet normal 0 0 -1
    outer loop
      vertex 24.038606210824426 26.004528701035767 -21.8
      vertex 25.19352925276712 27.616221939506058 -21.8
      vertex 24.660345685310457 22.823457264717746 -21.8
    endloop
  endfacet
  facet normal 0 0 -1
    outer loop
      vertex 26.021989561552513 24.482625128513966 -21.8
      vertex 26.24056973466849 29.300000000000004 -21.8
      vertex 27.27220328352348 26.22729635695705 -21.8
    endloop
  endfacet
  facet normal 0 0 -1
    outer loop
      vertex 26.021989561552513 24.482625128513966 -21.8
      vertex 25.19352925276712 27.616221939506058 -21.8
      vertex 26.24056973466849 29.300000000000004 -21.8
    endloop
  endfacet
  facet normal 0.7298640726978367 -0.6835923020228701 0
    outer loop
      vertex 23.19310242291876 21.256897577081244 -21.8
      vertex 24.660345685310457 22.823457264717746 -21.8
      vertex 24.660345685310457 22.823457264717746 -15.4
    endloop
  endfacet
  facet normal 0.7730104533627364 -0.6343932841636462 0
    outer loop
      vertex 24.660345685310457 22.823457264717746 -21.8
      vertex 26.021989561552513 24.482625128513966 -21.8
      vertex 26.021989561552513 24.482625128513966 -15.4
    endloop
  endfacet
  facet normal 0.8128466845916158 -0.5824776968678014 0
    outer loop
      vertex 26.021989561552513 24.482625128513966 -21.8
      vertex 27.27220328352348 26.22729635695705 -21.8
      vertex 27.27220328352348 26.22729635695705 -15.4
    endloop
  endfacet
  facet normal 0.8492021815265794 -0.528067850650367 0
    outer loop
      vertex 27.27220328352348 26.22729635695705 -21.8
      vertex 28.405633244129582 28.050000000000004 -21.8
      vertex 28.405633244129582 28.050000000000004 -15.4
    endloop
  endfacet
  facet normal 0 0 -1
    outer loop
      vertex 27.27220328352348 26.22729635695705 -21.8
      vertex 26.24056973466849 29.300000000000004 -21.8
      vertex 27.175244068440456 31.048652686364264 -21.8
    endloop
  endfacet
  facet normal 0 0 -1
    outer loop
      vertex 27.27220328352348 26.22729635695705 -21.8
      vertex 27.175244068440456 31.048652686364264 -21.8
      vertex 27.99354983509199 32.85469199933778 -21.8
    endloop
  endfacet
  facet normal 0 0 -1
    outer loop
      vertex 27.27220328352348 26.22729635695705 -21.8
      vertex 27.99354983509199 32.85469199933778 -21.8
      vertex 28.405633244129582 28.050000000000004 -21.8
    endloop
  endfacet
  facet normal 0 0 -1
    outer loop
      vertex 28.405633244129582 28.050000000000004 -21.8
      vertex 28.691982923701705 34.710384201314206 -21.8
      vertex 29.417425922272173 29.94293096081676 -21.8
    endloop
  endfacet
  facet normal 0 0 -1
    outer loop
      vertex 28.405633244129582 28.050000000000004 -21.8
      vertex 27.99354983509199 32.85469199933778 -21.8
      vertex 28.691982923701705 34.710384201314206 -21.8
    endloop
  endfacet
  facet normal 0.8819212643483545 -0.47139673682599886 0
    outer loop
      vertex 28.405633244129582 28.050000000000004 -21.8
      vertex 29.417425922272173 29.94293096081676 -21.8
      vertex 29.417425922272173 29.94293096081676 -15.4
    endloop
  endfacet
  facet normal 0.9108638249211761 -0.4127070298043941 0
    outer loop
      vertex 29.417425922272173 29.94293096081676 -21.8
      vertex 30.3032486663702 31.89798341842506 -21.8
      vertex 30.3032486663702 31.89798341842506 -15.4
    endloop
  endfacet
  facet normal 0.9359059267573253 -0.3522500479212345 0
    outer loop
      vertex 30.3032486663702 31.89798341842506 -21.8
      vertex 31.059308247439464 33.906785538056305 -21.8
      vertex 31.059308247439464 33.906785538056305 -15.4
    endloop
  endfacet
  facet normal 0 0 -1
    outer loop
      vertex 29.417425922272173 29.94293096081676 -21.8
      vertex 28.691982923701705 34.710384201314206 -21.8
      vertex 29.26755253655877 36.60778293339362 -21.8
    endloop
  endfacet
  facet normal 0 0 -1
    outer loop
      vertex 29.417425922272173 29.94293096081676 -21.8
      vertex 29.717793996217882 38.538763242911315 -21.8
      vertex 30.3032486663702 31.89798341842506 -21.8
    endloop
  endfacet
  facet normal 0 0 -1
    outer loop
      vertex 29.417425922272173 29.94293096081676 -21.8
      vertex 29.26755253655877 36.60778293339362 -21.8
      vertex 29.717793996217882 38.538763242911315 -21.8
    endloop
  endfacet
  facet normal 0 0 -1
    outer loop
      vertex 30.3032486663702 31.89798341842506 -21.8
      vertex 29.717793996217882 38.538763242911315 -21.8
      vertex 30.040779299626454 40.49505637573244 -21.8
    endloop
  endfacet
  facet normal 0 0 -1
    outer loop
      vertex 30.3032486663702 31.89798341842506 -21.8
      vertex 30.040779299626454 40.49505637573244 -21.8
      vertex 30.235125374129687 42.46828518432667 -21.8
    endloop
  endfacet
  facet normal 0.9569403357322088 -0.29028467725446255 0
    outer loop
      vertex 31.059308247439464 33.906785538056305 -21.8
      vertex 31.68236710228144 35.960735320637326 -21.8
      vertex 31.68236710228144 35.960735320637326 -15.4
    endloop
  endfacet
  facet normal 0 0 -1
    outer loop
      vertex 30.3032486663702 31.89798341842506 -21.8
      vertex 30.235125374129687 42.46828518432667 -21.8
      vertex 30.3 44.45 -21.8
    endloop
  endfacet
  facet normal 0 0 -1
    outer loop
      vertex 30.3032486663702 31.89798341842506 -21.8
      vertex 31.059308247439464 54.9932144619437 -21.8
      vertex 31.059308247439464 33.906785538056305 -21.8
    endloop
  endfacet
  facet normal 0 0 -1
    outer loop
      vertex 31.059308247439464 33.906785538056305 -21.8
      vertex 31.68236710228144 52.93926467936268 -21.8
      vertex 31.68236710228144 35.960735320637326 -21.8
    endloop
  endfacet
  facet normal 0.9738769792773339 -0.22707626303437228 0
    outer loop
      vertex 31.68236710228144 35.960735320637326 -21.8
      vertex 32.169757197225955 38.051037437870995 -21.8
      vertex 32.169757197225955 38.051037437870995 -15.4
    endloop
  endfacet
  facet normal 0 0 -1
    outer loop
      vertex 31.68236710228144 35.960735320637326 -21.8
      vertex 32.169757197225955 50.84896256212901 -21.8
      vertex 32.169757197225955 38.051037437870995 -21.8
    endloop
  endfacet
  facet normal 0 0 -1
    outer loop
      vertex 32.169757197225955 38.051037437870995 -21.8
      vertex 32.519391453060976 48.731259104817696 -21.8
      vertex 32.519391453060976 40.16874089518231 -21.8
    endloop
  endfacet
  facet normal 0 0 -1
    outer loop
      vertex 32.519391453060976 40.16874089518231 -21.8
      vertex 32.72977268222619 46.595222638748695 -21.8
      vertex 32.72977268222619 42.30477736125131 -21.8
    endloop
  endfacet
  facet normal 0.9866433320848792 -0.16289547339458785 0
    outer loop
      vertex 32.169757197225955 38.051037437870995 -21.8
      vertex 32.519391453060976 40.16874089518231 -21.8
      vertex 32.519391453060976 40.16874089518231 -15.4
    endloop
  endfacet
  facet normal 0.9951847266721968 -0.0980171403295611 0
    outer loop
      vertex 32.519391453060976 40.16874089518231 -21.8
      vertex 32.72977268222619 42.30477736125131 -21.8
      vertex 32.72977268222619 42.30477736125131 -15.4
    endloop
  endfacet
  facet normal 0.9994645874763656 -0.03271908282177683 0
    outer loop
      vertex 32.72977268222619 42.30477736125131 -21.8
      vertex 32.8 44.45 -21.8
      vertex 32.8 44.45 -15.4
    endloop
  endfacet
  facet normal 0.7730104533627364 -0.6343932841636462 0
    outer loop
      vertex 24.660345685310457 22.823457264717746 -21.8
      vertex 26.021989561552513 24.482625128513966 -15.4
      vertex 24.660345685310457 22.823457264717746 -15.4
    endloop
  endfacet
  facet normal 0.8128466845916158 -0.5824776968678014 0
    outer loop
      vertex 26.021989561552513 24.482625128513966 -21.8
      vertex 27.27220328352348 26.22729635695705 -15.4
      vertex 26.021989561552513 24.482625128513966 -15.4
    endloop
  endfacet
  facet normal 0.8492021815265794 -0.528067850650367 0
    outer loop
      vertex 27.27220328352348 26.22729635695705 -21.8
      vertex 28.405633244129582 28.050000000000004 -15.4
      vertex 27.27220328352348 26.22729635695705 -15.4
    endloop
  endfacet
  facet normal 0.8819212643483545 -0.47139673682599886 0
    outer loop
      vertex 28.405633244129582 28.050000000000004 -21.8
      vertex 29.417425922272173 29.94293096081676 -15.4
      vertex 28.405633244129582 28.050000000000004 -15.4
    endloop
  endfacet
  facet normal 0.9108638249211761 -0.4127070298043941 0
    outer loop
      vertex 29.417425922272173 29.94293096081676 -21.8
      vertex 30.3032486663702 31.89798341842506 -15.4
      vertex 29.417425922272173 29.94293096081676 -15.4
    endloop
  endfacet
  facet normal 0.9359059267573253 -0.3522500479212345 0
    outer loop
      vertex 30.3032486663702 31.89798341842506 -21.8
      vertex 31.059308247439464 33.906785538056305 -15.4
      vertex 30.3032486663702 31.89798341842506 -15.4
    endloop
  endfacet
  facet normal 0.9569403357322088 -0.29028467725446255 0
    outer loop
      vertex 31.059308247439464 33.906785538056305 -21.8
      vertex 31.68236710228144 35.960735320637326 -15.4
      vertex 31.059308247439464 33.906785538056305 -15.4
    endloop
  endfacet
  facet normal 0.9738769792773339 -0.22707626303437228 0
    outer loop
      vertex 31.68236710228144 35.960735320637326 -21.8
      vertex 32.169757197225955 38.051037437870995 -15.4
      vertex 31.68236710228144 35.960735320637326 -15.4
    endloop
  endfacet
  facet normal 0.9866433320848792 -0.16289547339458785 0
    outer loop
      vertex 32.169757197225955 38.051037437870995 -21.8
      vertex 32.519391453060976 40.16874089518231 -15.4
      vertex 32.169757197225955 38.051037437870995 -15.4
    endloop
  endfacet
  facet normal 0.9951847266721968 -0.0980171403295611 0
    outer loop
      vertex 32.519391453060976 40.16874089518231 -21.8
      vertex 32.72977268222619 42.30477736125131 -15.4
      vertex 32.519391453060976 40.16874089518231 -15.4
    endloop
  endfacet
  facet normal 0.9994645874763656 -0.03271908282177683 0
    outer loop
      vertex 32.72977268222619 42.30477736125131 -21.8
      vertex 32.8 44.45 -15.4
      vertex 32.72977268222619 42.30477736125131 -15.4
    endloop
  endfacet
  facet normal 0 0 -1
    outer loop
      vertex 30.3032486663702 31.89798341842506 -21.8
      vertex 30.3 44.45 -21.8
      vertex 30.3032486663702 57.00201658157495 -21.8
    endloop
  endfacet
  facet normal 0 0 -1
    outer loop
      vertex 31.059308247439464 33.906785538056305 -21.8
      vertex 31.059308247439464 54.9932144619437 -21.8
      vertex 31.68236710228144 52.93926467936268 -21.8
    endloop
  endfacet
  facet normal 0 0 -1
    outer loop
      vertex 30.3032486663702 31.89798341842506 -21.8
      vertex 30.3032486663702 57.00201658157495 -21.8
      vertex 31.059308247439464 54.9932144619437 -21.8
    endloop
  endfacet
  facet normal 0 0 -1
    outer loop
      vertex 30.3 44.45 -21.8
      vertex 30.235125374129687 46.43171481567334 -21.8
      vertex 30.3032486663702 57.00201658157495 -21.8
    endloop
  endfacet
  facet normal 0 0 -1
    outer loop
      vertex 30.235125374129687 46.43171481567334 -21.8
      vertex 30.040779299626454 48.40494362426757 -21.8
      vertex 30.3032486663702 57.00201658157495 -21.8
    endloop
  endfacet
  facet normal 0 0 -1
    outer loop
      vertex 30.040779299626454 48.40494362426757 -21.8
      vertex 29.717793996217882 50.36123675708869 -21.8
      vertex 30.3032486663702 57.00201658157495 -21.8
    endloop
  endfacet
  facet normal 0 0 -1
    outer loop
      vertex 29.717793996217882 50.36123675708869 -21.8
      vertex 29.26755253655877 52.29221706660638 -21.8
      vertex 30.3032486663702 57.00201658157495 -21.8
    endloop
  endfacet
  facet normal 0 0 -1
    outer loop
      vertex 29.26755253655877 52.29221706660638 -21.8
      vertex 28.691982923701705 54.1896157986858 -21.8
      vertex 29.417425922272173 58.957069039183246 -21.8
    endloop
  endfacet
  facet normal 0.9569403357322088 0.29028467725446255 0
    outer loop
      vertex 31.68236710228144 52.93926467936268 -21.8
      vertex 31.059308247439464 54.9932144619437 -21.8
      vertex 31.059308247439464 54.9932144619437 -15.4
    endloop
  endfacet
  facet normal 0 0 -1
    outer loop
      vertex 28.691982923701705 54.1896157986858 -21.8
      vertex 27.99354983509199 56.045308000662224 -21.8
      vertex 29.417425922272173 58.957069039183246 -21.8
    endloop
  endfacet
  facet normal 0 0 -1
    outer loop
      vertex 29.26755253655877 52.29221706660638 -21.8
      vertex 29.417425922272173 58.957069039183246 -21.8
      vertex 30.3032486663702 57.00201658157495 -21.8
    endloop
  endfacet
  facet normal 0 0 -1
    outer loop
      vertex 27.175244068440456 57.85134731363574 -21.8
      vertex 28.405633244129582 60.85 -21.8
      vertex 27.99354983509199 56.045308000662224 -21.8
    endloop
  endfacet
  facet normal 0 0 -1
    outer loop
      vertex 27.175244068440456 57.85134731363574 -21.8
      vertex 26.24056973466849 59.6 -21.8
      vertex 27.27220328352348 62.67270364304295 -21.8
    endloop
  endfacet
  facet normal 0 0 -1
    outer loop
      vertex 27.175244068440456 57.85134731363574 -21.8
      vertex 27.27220328352348 62.67270364304295 -21.8
      vertex 28.405633244129582 60.85 -21.8
    endloop
  endfacet
  facet normal 0 0 -1
    outer loop
      vertex 27.99354983509199 56.045308000662224 -21.8
      vertex 28.405633244129582 60.85 -21.8
      vertex 29.417425922272173 58.957069039183246 -21.8
    endloop
  endfacet
  facet normal 0.9359059267573254 0.3522500479212339 0
    outer loop
      vertex 31.059308247439464 54.9932144619437 -21.8
      vertex 30.3032486663702 57.00201658157495 -21.8
      vertex 30.3032486663702 57.00201658157495 -15.4
    endloop
  endfacet
  facet normal 0.9108638249211758 0.4127070298043947 0
    outer loop
      vertex 30.3032486663702 57.00201658157495 -21.8
      vertex 29.417425922272173 58.957069039183246 -21.8
      vertex 29.417425922272173 58.957069039183246 -15.4
    endloop
  endfacet
  facet normal 0.8819212643483545 0.47139673682599886 0
    outer loop
      vertex 29.417425922272173 58.957069039183246 -21.8
      vertex 28.405633244129582 60.85 -21.8
      vertex 28.405633244129582 60.85 -15.4
    endloop
  endfacet
  facet normal 0 0 -1
    outer loop
      vertex 22.780746166613014 64.42817819753209 -21.8
      vertex 21.42533546995239 65.87533546995239 -21.8
      vertex 23.19310242291876 67.64310242291876 -21.8
    endloop
  endfacet
  facet normal 0 0 -1
    outer loop
      vertex 22.780746166613014 64.42817819753209 -21.8
      vertex 23.19310242291876 67.64310242291876 -21.8
      vertex 24.660345685310457 66.07654273528226 -21.8
    endloop
  endfacet
  facet normal 0 0 -1
    outer loop
      vertex 26.24056973466849 59.6 -21.8
      vertex 25.19352925276712 61.283778060493944 -21.8
      vertex 27.27220328352348 62.67270364304295 -21.8
    endloop
  endfacet
  facet normal 0 0 -1
    outer loop
      vertex 24.038606210824426 62.89547129896424 -21.8
      vertex 26.021989561552513 64.41737487148603 -21.8
      vertex 25.19352925276712 61.283778060493944 -21.8
    endloop
  endfacet
  facet normal 0 0 -1
    outer loop
      vertex 25.19352925276712 61.283778060493944 -21.8
      vertex 26.021989561552513 64.41737487148603 -21.8
      vertex 27.27220328352348 62.67270364304295 -21.8
    endloop
  endfacet
  facet normal 0 0 -1
    outer loop
      vertex 24.038606210824426 62.89547129896424 -21.8
      vertex 22.780746166613014 64.42817819753209 -21.8
      vertex 24.660345685310457 66.07654273528226 -21.8
    endloop
  endfacet
  facet normal 0 0 -1
    outer loop
      vertex 24.038606210824426 62.89547129896424 -21.8
      vertex 24.660345685310457 66.07654273528226 -21.8
      vertex 26.021989561552513 64.41737487148603 -21.8
    endloop
  endfacet
  facet normal 0.849202181526579 0.5280678506503678 0
    outer loop
      vertex 28.405633244129582 60.85 -21.8
      vertex 27.27220328352348 62.67270364304295 -21.8
      vertex 27.27220328352348 62.67270364304295 -15.4
    endloop
  endfacet
  facet normal 0.8128466845916152 0.5824776968678022 0
    outer loop
      vertex 27.27220328352348 62.67270364304295 -21.8
      vertex 26.021989561552513 64.41737487148603 -21.8
      vertex 26.021989561552513 64.41737487148603 -15.4
    endloop
  endfacet
  facet normal 0.7730104533627378 0.6343932841636445 0
    outer loop
      vertex 26.021989561552513 64.41737487148603 -21.8
      vertex 24.660345685310457 66.07654273528226 -21.8
      vertex 24.660345685310457 66.07654273528226 -15.4
    endloop
  endfacet
  facet normal 0 0 -1
    outer loop
      vertex 32.72977268222619 42.30477736125131 -21.8
      vertex 32.72977268222619 46.595222638748695 -21.8
      vertex 32.8 44.45 -21.8
    endloop
  endfacet
  facet normal 0 0 -1
    outer loop
      vertex 32.519391453060976 40.16874089518231 -21.8
      vertex 32.519391453060976 48.731259104817696 -21.8
      vertex 32.72977268222619 46.595222638748695 -21.8
    endloop
  endfacet
  facet normal 0 0 -1
    outer loop
      vertex 32.169757197225955 38.051037437870995 -21.8
      vertex 32.169757197225955 50.84896256212901 -21.8
      vertex 32.519391453060976 48.731259104817696 -21.8
    endloop
  endfacet
  facet normal 0 0 -1
    outer loop
      vertex 31.68236710228144 35.960735320637326 -21.8
      vertex 31.68236710228144 52.93926467936268 -21.8
      vertex 32.169757197225955 50.84896256212901 -21.8
    endloop
  endfacet
  facet normal 0.9994645874763656 0.03271908282177683 0
    outer loop
      vertex 32.8 44.45 -21.8
      vertex 32.72977268222619 46.595222638748695 -21.8
      vertex 32.72977268222619 46.595222638748695 -15.4
    endloop
  endfacet
  facet normal 0.9951847266721968 0.0980171403295611 0
    outer loop
      vertex 32.72977268222619 46.595222638748695 -21.8
      vertex 32.519391453060976 48.731259104817696 -21.8
      vertex 32.519391453060976 48.731259104817696 -15.4
    endloop
  endfacet
  facet normal 0.9866433320848792 0.16289547339458785 0
    outer loop
      vertex 32.519391453060976 48.731259104817696 -21.8
      vertex 32.169757197225955 50.84896256212901 -21.8
      vertex 32.169757197225955 50.84896256212901 -15.4
    endloop
  endfacet
  facet normal 0.9738769792773339 0.22707626303437228 0
    outer loop
      vertex 32.169757197225955 50.84896256212901 -21.8
      vertex 31.68236710228144 52.93926467936268 -21.8
      vertex 31.68236710228144 52.93926467936268 -15.4
    endloop
  endfacet
  facet normal 0.9569403357322088 0.29028467725446255 0
    outer loop
      vertex 31.68236710228144 52.93926467936268 -21.8
      vertex 31.059308247439464 54.9932144619437 -15.4
      vertex 31.68236710228144 52.93926467936268 -15.4
    endloop
  endfacet
  facet normal 0.9359059267573254 0.3522500479212339 0
    outer loop
      vertex 31.059308247439464 54.9932144619437 -21.8
      vertex 30.3032486663702 57.00201658157495 -15.4
      vertex 31.059308247439464 54.9932144619437 -15.4
    endloop
  endfacet
  facet normal 0.9108638249211758 0.4127070298043947 0
    outer loop
      vertex 30.3032486663702 57.00201658157495 -21.8
      vertex 29.417425922272173 58.957069039183246 -15.4
      vertex 30.3032486663702 57.00201658157495 -15.4
    endloop
  endfacet
  facet normal 0.8819212643483545 0.47139673682599886 0
    outer loop
      vertex 29.417425922272173 58.957069039183246 -21.8
      vertex 28.405633244129582 60.85 -15.4
      vertex 29.417425922272173 58.957069039183246 -15.4
    endloop
  endfacet
  facet normal 0.8128466845916152 0.5824776968678022 0
    outer loop
      vertex 27.27220328352348 62.67270364304295 -21.8
      vertex 26.021989561552513 64.41737487148603 -15.4
      vertex 27.27220328352348 62.67270364304295 -15.4
    endloop
  endfacet
  facet normal 0.849202181526579 0.5280678506503678 0
    outer loop
      vertex 28.405633244129582 60.85 -21.8
      vertex 27.27220328352348 62.67270364304295 -15.4
      vertex 28.405633244129582 60.85 -15.4
    endloop
  endfacet
  facet normal 0.7730104533627378 0.6343932841636445 0
    outer loop
      vertex 26.021989561552513 64.41737487148603 -21.8
      vertex 24.660345685310457 66.07654273528226 -15.4
      vertex 26.021989561552513 64.41737487148603 -15.4
    endloop
  endfacet
  facet normal 0.7298640726978359 0.683592302022871 0
    outer loop
      vertex 24.660345685310457 66.07654273528226 -21.8
      vertex 23.19310242291876 67.64310242291876 -15.4
      vertex 24.660345685310457 66.07654273528226 -15.4
    endloop
  endfacet
  facet normal 0.9994645874763656 0.03271908282177683 0
    outer loop
      vertex 32.8 44.45 -21.8
      vertex 32.72977268222619 46.595222638748695 -15.4
      vertex 32.8 44.45 -15.4
    endloop
  endfacet
  facet normal 0.9951847266721968 0.0980171403295611 0
    outer loop
      vertex 32.72977268222619 46.595222638748695 -21.8
      vertex 32.519391453060976 48.731259104817696 -15.4
      vertex 32.72977268222619 46.595222638748695 -15.4
    endloop
  endfacet
  facet normal 0.9866433320848792 0.16289547339458785 0
    outer loop
      vertex 32.519391453060976 48.731259104817696 -21.8
      vertex 32.169757197225955 50.84896256212901 -15.4
      vertex 32.519391453060976 48.731259104817696 -15.4
    endloop
  endfacet
  facet normal 0.9738769792773339 0.22707626303437228 0
    outer loop
      vertex 32.169757197225955 50.84896256212901 -21.8
      vertex 31.68236710228144 52.93926467936268 -15.4
      vertex 32.169757197225955 50.84896256212901 -15.4
    endloop
  endfacet
  facet normal 0 0 -1
    outer loop
      vertex 13.401347313635739 71.62524406844045 -21.8
      vertex 16.4 72.85563324412959 -21.8
      vertex 15.15 70.69056973466849 -21.8
    endloop
  endfacet
  facet normal 0 0 -1
    outer loop
      vertex 5.911236757088686 74.16779399621788 -21.8
      vertex 8.48926467936268 76.13236710228145 -21.8
      vertex 7.842217066606379 73.71755253655877 -21.8
    endloop
  endfacet
  facet normal 0 0 -1
    outer loop
      vertex 0 74.75 -21.8
      vertex 2.145222638748692 77.1797726822262 -21.8
      vertex 1.9817148156733349 74.68512537412968 -21.8
    endloop
  endfacet
  facet normal 0 0 -1
    outer loop
      vertex 0 74.75 -21.8
      vertex 0 77.25 -21.8
      vertex 2.145222638748692 77.1797726822262 -21.8
    endloop
  endfacet
  facet normal 0 0 -1
    outer loop
      vertex 3.9549436242675626 74.49077929962645 -21.8
      vertex 1.9817148156733349 74.68512537412968 -21.8
      vertex 4.281259104817691 76.96939145306098 -21.8
    endloop
  endfacet
  facet normal 0 0 -1
    outer loop
      vertex 1.9817148156733349 74.68512537412968 -21.8
      vertex 2.145222638748692 77.1797726822262 -21.8
      vertex 4.281259104817691 76.96939145306098 -21.8
    endloop
  endfacet
  facet normal 0 0 -1
    outer loop
      vertex 3.9549436242675626 74.49077929962645 -21.8
      vertex 6.398962562129006 76.61975719722597 -21.8
      vertex 5.911236757088686 74.16779399621788 -21.8
    endloop
  endfacet
  facet normal 0 0 -1
    outer loop
      vertex 3.9549436242675626 74.49077929962645 -21.8
      vertex 4.281259104817691 76.96939145306098 -21.8
      vertex 6.398962562129006 76.61975719722597 -21.8
    endloop
  endfacet
  facet normal 0 0 -1
    outer loop
      vertex 5.911236757088686 74.16779399621788 -21.8
      vertex 6.398962562129006 76.61975719722597 -21.8
      vertex 8.48926467936268 76.13236710228145 -21.8
    endloop
  endfacet
  facet normal 0 0 -1
    outer loop
      vertex 9.739615798685797 73.1419829237017 -21.8
      vertex 12.552016581574943 74.75324866637021 -21.8
      vertex 11.59530800066222 72.443549835092 -21.8
    endloop
  endfacet
  facet normal 0 0 -1
    outer loop
      vertex 7.842217066606379 73.71755253655877 -21.8
      vertex 10.543214461943698 75.50930824743946 -21.8
      vertex 9.739615798685797 73.1419829237017 -21.8
    endloop
  endfacet
  facet normal 0 0 -1
    outer loop
      vertex 9.739615798685797 73.1419829237017 -21.8
      vertex 10.543214461943698 75.50930824743946 -21.8
      vertex 12.552016581574943 74.75324866637021 -21.8
    endloop
  endfacet
  facet normal 0 0 -1
    outer loop
      vertex 13.401347313635739 71.62524406844045 -21.8
      vertex 11.59530800066222 72.443549835092 -21.8
      vertex 14.507069039183241 73.86742592227218 -21.8
    endloop
  endfacet
  facet normal 0 0 -1
    outer loop
      vertex 13.401347313635739 71.62524406844045 -21.8
      vertex 14.507069039183241 73.86742592227218 -21.8
      vertex 16.4 72.85563324412959 -21.8
    endloop
  endfacet
  facet normal 0 0 -1
    outer loop
      vertex 11.59530800066222 72.443549835092 -21.8
      vertex 12.552016581574943 74.75324866637021 -21.8
      vertex 14.507069039183241 73.86742592227218 -21.8
    endloop
  endfacet
  facet normal 0 0 -1
    outer loop
      vertex 7.842217066606379 73.71755253655877 -21.8
      vertex 8.48926467936268 76.13236710228145 -21.8
      vertex 10.543214461943698 75.50930824743946 -21.8
    endloop
  endfacet
  facet normal 0.032719082821773514 0.9994645874763657 0
    outer loop
      vertex 0 77.25 -21.8
      vertex 0 77.25 -15.4
      vertex 2.145222638748692 77.1797726822262 -21.8
    endloop
  endfacet
  facet normal 0.09801714032956446 0.9951847266721965 0
    outer loop
      vertex 2.145222638748692 77.1797726822262 -21.8
      vertex 2.145222638748692 77.1797726822262 -15.4
      vertex 4.281259104817691 76.96939145306098 -21.8
    endloop
  endfacet
  facet normal 0.16289547339458463 0.9866433320848798 0
    outer loop
      vertex 4.281259104817691 76.96939145306098 -21.8
      vertex 4.281259104817691 76.96939145306098 -15.4
      vertex 6.398962562129006 76.61975719722597 -21.8
    endloop
  endfacet
  facet normal 0.22707626303437173 0.973876979277334 0
    outer loop
      vertex 6.398962562129006 76.61975719722597 -21.8
      vertex 6.398962562129006 76.61975719722597 -15.4
      vertex 8.48926467936268 76.13236710228145 -21.8
    endloop
  endfacet
  facet normal 0.47139673682599587 0.8819212643483559 0
    outer loop
      vertex 16.4 72.85563324412959 -21.8
      vertex 14.507069039183241 73.86742592227218 -21.8
      vertex 14.507069039183241 73.86742592227218 -15.4
    endloop
  endfacet
  facet normal 0.4127070298043971 0.9108638249211747 0
    outer loop
      vertex 14.507069039183241 73.86742592227218 -21.8
      vertex 12.552016581574943 74.75324866637021 -21.8
      vertex 12.552016581574943 74.75324866637021 -15.4
    endloop
  endfacet
  facet normal 0.2902846772544676 0.9569403357322074 0
    outer loop
      vertex 10.543214461943698 75.50930824743946 -21.8
      vertex 8.48926467936268 76.13236710228145 -21.8
      vertex 8.48926467936268 76.13236710228145 -15.4
    endloop
  endfacet
  facet normal 0.35225004792123016 0.9359059267573271 0
    outer loop
      vertex 10.543214461943698 75.50930824743946 -21.8
      vertex 10.543214461943698 75.50930824743946 -15.4
      vertex 12.552016581574943 74.75324866637021 -21.8
    endloop
  endfacet
  facet normal 0 0 -1
    outer loop
      vertex 21.42533546995239 65.87533546995239 -21.8
      vertex 19.978178197532085 67.23074616661302 -21.8
      vertex 21.626542735282257 69.11034568531046 -21.8
    endloop
  endfacet
  facet normal 0 0 -1
    outer loop
      vertex 21.42533546995239 65.87533546995239 -21.8
      vertex 21.626542735282257 69.11034568531046 -21.8
      vertex 23.19310242291876 67.64310242291876 -21.8
    endloop
  endfacet
  facet normal 0 0 -1
    outer loop
      vertex 19.978178197532085 67.23074616661302 -21.8
      vertex 18.445471298964236 68.48860621082443 -21.8
      vertex 21.626542735282257 69.11034568531046 -21.8
    endloop
  endfacet
  facet normal 0 0 -1
    outer loop
      vertex 18.445471298964236 68.48860621082443 -21.8
      vertex 19.967374871486037 70.47198956155252 -21.8
      vertex 21.626542735282257 69.11034568531046 -21.8
    endloop
  endfacet
  facet normal 0 0 -1
    outer loop
      vertex 16.833778060493945 69.64352925276712 -21.8
      vertex 15.15 70.69056973466849 -21.8
      vertex 18.22270364304295 71.72220328352348 -21.8
    endloop
  endfacet
  facet normal 0 0 -1
    outer loop
      vertex 16.833778060493945 69.64352925276712 -21.8
      vertex 19.967374871486037 70.47198956155252 -21.8
      vertex 18.445471298964236 68.48860621082443 -21.8
    endloop
  endfacet
  facet normal 0 0 -1
    outer loop
      vertex 16.833778060493945 69.64352925276712 -21.8
      vertex 18.22270364304295 71.72220328352348 -21.8
      vertex 19.967374871486037 70.47198956155252 -21.8
    endloop
  endfacet
  facet normal 0 0 -1
    outer loop
      vertex 15.15 70.69056973466849 -21.8
      vertex 16.4 72.85563324412959 -21.8
      vertex 18.22270364304295 71.72220328352348 -21.8
    endloop
  endfacet
  facet normal 0.7298640726978359 0.683592302022871 0
    outer loop
      vertex 24.660345685310457 66.07654273528226 -21.8
      vertex 23.19310242291876 67.64310242291876 -21.8
      vertex 23.19310242291876 67.64310242291876 -15.4
    endloop
  endfacet
  facet normal 0.6835923020228719 0.7298640726978349 0
    outer loop
      vertex 23.19310242291876 67.64310242291876 -21.8
      vertex 21.626542735282257 69.11034568531046 -21.8
      vertex 21.626542735282257 69.11034568531046 -15.4
    endloop
  endfacet
  facet normal 0.5824776968678003 0.8128466845916165 0
    outer loop
      vertex 18.22270364304295 71.72220328352348 -21.8
      vertex 18.22270364304295 71.72220328352348 -15.4
      vertex 19.967374871486037 70.47198956155252 -21.8
    endloop
  endfacet
  facet normal 0.6343932841636462 0.7730104533627364 0
    outer loop
      vertex 19.967374871486037 70.47198956155252 -21.8
      vertex 19.967374871486037 70.47198956155252 -15.4
      vertex 21.626542735282257 69.11034568531046 -21.8
    endloop
  endfacet
  facet normal 0.5280678506503694 0.849202181526578 0
    outer loop
      vertex 16.4 72.85563324412959 -21.8
      vertex 16.4 72.85563324412959 -15.4
      vertex 18.22270364304295 71.72220328352348 -21.8
    endloop
  endfacet
  facet normal 0.032719082821773514 0.9994645874763657 0
    outer loop
      vertex 2.145222638748692 77.1797726822262 -21.8
      vertex 0 77.25 -15.4
      vertex 2.145222638748692 77.1797726822262 -15.4
    endloop
  endfacet
  facet normal 0.09801714032956446 0.9951847266721965 0
    outer loop
      vertex 4.281259104817691 76.96939145306098 -21.8
      vertex 2.145222638748692 77.1797726822262 -15.4
      vertex 4.281259104817691 76.96939145306098 -15.4
    endloop
  endfacet
  facet normal 0.22707626303437173 0.973876979277334 0
    outer loop
      vertex 8.48926467936268 76.13236710228145 -21.8
      vertex 6.398962562129006 76.61975719722597 -15.4
      vertex 8.48926467936268 76.13236710228145 -15.4
    endloop
  endfacet
  facet normal 0.16289547339458463 0.9866433320848798 0
    outer loop
      vertex 6.398962562129006 76.61975719722597 -21.8
      vertex 4.281259104817691 76.96939145306098 -15.4
      vertex 6.398962562129006 76.61975719722597 -15.4
    endloop
  endfacet
  facet normal 0.47139673682599587 0.8819212643483559 0
    outer loop
      vertex 16.4 72.85563324412959 -21.8
      vertex 14.507069039183241 73.86742592227218 -15.4
      vertex 16.4 72.85563324412959 -15.4
    endloop
  endfacet
  facet normal 0.35225004792123016 0.9359059267573271 0
    outer loop
      vertex 12.552016581574943 74.75324866637021 -21.8
      vertex 10.543214461943698 75.50930824743946 -15.4
      vertex 12.552016581574943 74.75324866637021 -15.4
    endloop
  endfacet
  facet normal 0.4127070298043971 0.9108638249211747 0
    outer loop
      vertex 14.507069039183241 73.86742592227218 -21.8
      vertex 12.552016581574943 74.75324866637021 -15.4
      vertex 14.507069039183241 73.86742592227218 -15.4
    endloop
  endfacet
  facet normal 0.2902846772544676 0.9569403357322074 0
    outer loop
      vertex 10.543214461943698 75.50930824743946 -21.8
      vertex 8.48926467936268 76.13236710228145 -15.4
      vertex 10.543214461943698 75.50930824743946 -15.4
    endloop
  endfacet
  facet normal 0.6835923020228719 0.7298640726978349 0
    outer loop
      vertex 23.19310242291876 67.64310242291876 -21.8
      vertex 21.626542735282257 69.11034568531046 -15.4
      vertex 23.19310242291876 67.64310242291876 -15.4
    endloop
  endfacet
  facet normal 0.5280678506503694 0.849202181526578 0
    outer loop
      vertex 16.4 72.85563324412959 -15.4
      vertex 18.22270364304295 71.72220328352348 -15.4
      vertex 18.22270364304295 71.72220328352348 -21.8
    endloop
  endfacet
  facet normal 0.5824776968678003 0.8128466845916165 0
    outer loop
      vertex 19.967374871486037 70.47198956155252 -21.8
      vertex 18.22270364304295 71.72220328352348 -15.4
      vertex 19.967374871486037 70.47198956155252 -15.4
    endloop
  endfacet
  facet normal 0.6343932841636462 0.7730104533627364 0
    outer loop
      vertex 21.626542735282257 69.11034568531046 -21.8
      vertex 19.967374871486037 70.47198956155252 -15.4
      vertex 21.626542735282257 69.11034568531046 -15.4
    endloop
  endfacet
  facet normal 0.5280678506503683 0.8492021815265787 0
    outer loop
      vertex -15.15 18.209430265331513 -21.8
      vertex -16.833778060493945 19.256470747232882 -21.8
      vertex -16.833778060493945 19.256470747232882 -15.4
    endloop
  endfacet
  facet normal 0.6343932841636467 0.7730104533627359 0
    outer loop
      vertex -18.445471298964236 20.411393789175577 -21.8
      vertex -19.978178197532085 21.66925383338699 -21.8
      vertex -19.978178197532085 21.66925383338699 -15.4
    endloop
  endfacet
  facet normal 0.3522500479212346 0.9359059267573254 0
    outer loop
      vertex -11.59530800066222 16.456450164908013 -21.8
      vertex -11.59530800066222 16.456450164908013 -15.4
      vertex -9.739615798685797 15.758017076298298 -21.8
    endloop
  endfacet
  facet normal 0.22707626303437253 0.9738769792773339 0
    outer loop
      vertex -7.842217066606379 15.182447463441232 -21.8
      vertex -7.842217066606379 15.182447463441232 -15.4
      vertex -6 14.752902689219813 -21.8
    endloop
  endfacet
  facet normal 0.41270702980439494 0.9108638249211757 0
    outer loop
      vertex -11.59530800066222 16.456450164908013 -21.8
      vertex -13.401347313635739 17.274755931559547 -21.8
      vertex -13.401347313635739 17.274755931559547 -15.4
    endloop
  endfacet
  facet normal 0.5824776968678012 0.8128466845916158 0
    outer loop
      vertex -16.833778060493945 19.256470747232882 -21.8
      vertex -18.445471298964236 20.411393789175577 -21.8
      vertex -18.445471298964236 20.411393789175577 -12.41
    endloop
  endfacet
  facet normal 0.6835923020228702 0.7298640726978366 0
    outer loop
      vertex -19.978178197532085 21.66925383338699 -21.8
      vertex -21.42533546995239 23.024664530047612 -15.4
      vertex -19.978178197532085 21.66925383338699 -15.4
    endloop
  endfacet
  facet normal 0.5280678506503683 0.8492021815265786 0
    outer loop
      vertex -15.15 18.209430265331513 -21.8
      vertex -16.833778060493945 19.256470747232882 -15.4
      vertex -16.833778060493945 19.256470747232882 -12.41
    endloop
  endfacet
  facet normal 0.5824776968678012 0.8128466845916159 0
    outer loop
      vertex -16.833778060493945 19.256470747232882 -21.8
      vertex -18.445471298964236 20.411393789175577 -12.41
      vertex -16.833778060493945 19.256470747232882 -15.4
    endloop
  endfacet
  facet normal 0.6343932841636468 0.7730104533627359 0
    outer loop
      vertex -18.445471298964236 20.411393789175577 -21.8
      vertex -19.978178197532085 21.66925383338699 -15.4
      vertex -19.978178197532085 21.66925383338699 -12.41
    endloop
  endfacet
  facet normal 0.2902846772544616 0.9569403357322092 0
    outer loop
      vertex -9.739615798685797 15.758017076298298 -21.8
      vertex -9.739615798685797 15.758017076298298 -12.41
      vertex -7.842217066606379 15.182447463441232 -21.8
    endloop
  endfacet
  facet normal 0.22707626303437253 0.9738769792773339 0
    outer loop
      vertex -6 14.752902689219813 -21.8
      vertex -7.842217066606379 15.182447463441232 -15.4
      vertex -6 14.752902689219813 -15.4
    endloop
  endfacet
  facet normal 0.3522500479212345 0.9359059267573252 0
    outer loop
      vertex -9.739615798685797 15.758017076298298 -21.8
      vertex -11.59530800066222 16.456450164908013 -15.4
      vertex -11.59530800066222 16.456450164908013 -12.41
    endloop
  endfacet
  facet normal 0.2902846772544616 0.9569403357322092 0
    outer loop
      vertex -7.842217066606379 15.182447463441232 -21.8
      vertex -9.739615798685797 15.758017076298298 -12.41
      vertex -7.842217066606379 15.182447463441232 -15.4
    endloop
  endfacet
  facet normal 0.47139673682599814 0.8819212643483547 0
    outer loop
      vertex -15.15 18.209430265331513 -21.8
      vertex -15.15 18.209430265331513 -12.41
      vertex -13.401347313635739 17.274755931559547 -21.8
    endloop
  endfacet
  facet normal 0.41270702980439494 0.9108638249211757 0
    outer loop
      vertex -11.59530800066222 16.456450164908013 -21.8
      vertex -13.401347313635739 17.274755931559547 -15.4
      vertex -11.59530800066222 16.456450164908013 -15.4
    endloop
  endfacet
  facet normal 0.4713967368259981 0.8819212643483547 0
    outer loop
      vertex -13.401347313635739 17.274755931559547 -21.8
      vertex -15.15 18.209430265331513 -12.41
      vertex -13.401347313635739 17.274755931559547 -15.4
    endloop
  endfacet
  facet normal 0.6343932841636468 0.7730104533627359 0
    outer loop
      vertex -18.445471298964236 20.411393789175577 -21.8
      vertex -19.978178197532085 21.66925383338699 -12.41
      vertex -18.445471298964236 20.411393789175577 -12.41
    endloop
  endfacet
  facet normal 0.5824776968679282 0.812846684591525 1.0112512141976794e-13
    outer loop
      vertex -16.833778060493945 19.256470747232882 -15.4
      vertex -18.445471298964236 20.411393789175577 -12.41
      vertex -18.440098988169336 20.407544045702434 -12.41
    endloop
  endfacet
  facet normal 0.3522500479212346 0.9359059267573253 0
    outer loop
      vertex -9.739615798685797 15.758017076298298 -21.8
      vertex -11.59530800066222 16.456450164908013 -12.41
      vertex -9.739615798685797 15.758017076298298 -12.41
    endloop
  endfacet
  facet normal 0.29028467725446155 0.956940335732209 0
    outer loop
      vertex -7.842217066606379 15.182447463441232 -15.4
      vertex -9.739615798685797 15.758017076298298 -12.41
      vertex -7.842217066606379 15.182447463441232 -12.41
    endloop
  endfacet
  facet normal 0.5280678506503684 0.8492021815265787 0
    outer loop
      vertex -15.15 18.209430265331513 -21.8
      vertex -16.833778060493945 19.256470747232882 -12.41
      vertex -15.15 18.209430265331513 -12.41
    endloop
  endfacet
  facet normal 0.47139673682599814 0.8819212643483548 0
    outer loop
      vertex -13.401347313635739 17.274755931559547 -15.4
      vertex -15.15 18.209430265331513 -12.41
      vertex -13.401347313635739 17.274755931559547 -12.41
    endloop
  endfacet
  facet normal 0.6835923020228702 0.7298640726978366 0
    outer loop
      vertex -19.978178197532085 21.66925383338699 -21.8
      vertex -21.42533546995239 23.024664530047612 -21.8
      vertex -21.42533546995239 23.024664530047612 -15.4
    endloop
  endfacet
  facet normal 0.8492021815265789 0.528067850650368 0
    outer loop
      vertex -25.19352925276712 27.616221939506058 -21.8
      vertex -26.24056973466849 29.300000000000004 -21.8
      vertex -26.24056973466849 29.300000000000004 -15.4
    endloop
  endfacet
  facet normal 0.8819212643483546 0.47139673682599853 0
    outer loop
      vertex -26.24056973466849 29.300000000000004 -21.8
      vertex -27.175244068440456 31.048652686364264 -21.8
      vertex -27.175244068440456 31.048652686364264 -15.4
    endloop
  endfacet
  facet normal 0.8128466845916158 0.5824776968678012 0
    outer loop
      vertex -25.19352925276712 27.616221939506058 -21.8
      vertex -25.19352925276712 27.616221939506058 -12.41
      vertex -24.038606210824426 26.004528701035767 -21.8
    endloop
  endfacet
  facet normal 0.7298640726978366 0.6835923020228701 0
    outer loop
      vertex -22.780746166613014 24.471821802467918 -21.8
      vertex -22.780746166613014 24.471821802467918 -12.41
      vertex -21.42533546995239 23.024664530047612 -21.8
    endloop
  endfacet
  facet normal 0.7730104533627359 0.6343932841636468 0
    outer loop
      vertex -22.780746166613014 24.471821802467918 -21.8
      vertex -24.038606210824426 26.004528701035767 -21.8
      vertex -24.038606210824426 26.004528701035767 -12.41
    endloop
  endfacet
  facet normal 0.7298640726978366 0.6835923020228702 0
    outer loop
      vertex -21.42533546995239 23.024664530047612 -21.8
      vertex -22.780746166613014 24.471821802467918 -12.41
      vertex -21.42533546995239 23.024664530047612 -15.4
    endloop
  endfacet
  facet normal 0.8819212643483546 0.47139673682599853 0
    outer loop
      vertex -26.24056973466849 29.300000000000004 -21.8
      vertex -27.175244068440456 31.048652686364264 -15.4
      vertex -26.24056973466849 29.300000000000004 -15.4
    endloop
  endfacet
  facet normal 0.9108638249211756 0.41270702980439533 0
    outer loop
      vertex -27.175244068440456 31.048652686364264 -21.8
      vertex -27.99354983509199 32.85469199933778 -21.8
      vertex -27.99354983509199 32.85469199933778 -12.41
    endloop
  endfacet
  facet normal 0.8492021815265789 0.528067850650368 0
    outer loop
      vertex -25.19352925276712 27.616221939506058 -21.8
      vertex -26.24056973466849 29.300000000000004 -15.4
      vertex -26.24056973466849 29.300000000000004 -12.41
    endloop
  endfacet
  facet normal 0.9108638249211756 0.41270702980439533 0
    outer loop
      vertex -27.175244068440456 31.048652686364264 -21.8
      vertex -27.99354983509199 32.85469199933778 -12.41
      vertex -27.175244068440456 31.048652686364264 -15.4
    endloop
  endfacet
  facet normal 0.8128466845916158 0.5824776968678012 0
    outer loop
      vertex -24.038606210824426 26.004528701035767 -21.8
      vertex -25.19352925276712 27.616221939506058 -12.41
      vertex -24.038606210824426 26.004528701035767 -12.41
    endloop
  endfacet
  facet normal 0.7730104533627359 0.6343932841636468 0
    outer loop
      vertex -22.780746166613014 24.471821802467918 -21.8
      vertex -24.038606210824426 26.004528701035767 -12.41
      vertex -22.780746166613014 24.471821802467918 -12.41
    endloop
  endfacet
  facet normal 0.7298640726978367 0.6835923020228702 0
    outer loop
      vertex -21.42533546995239 23.024664530047612 -15.4
      vertex -22.780746166613014 24.471821802467918 -12.41
      vertex -21.42533546995239 23.024664530047612 -12.41
    endloop
  endfacet
  facet normal 0.8492021815265789 0.528067850650368 0
    outer loop
      vertex -25.19352925276712 27.616221939506058 -21.8
      vertex -26.24056973466849 29.300000000000004 -12.41
      vertex -25.19352925276712 27.616221939506058 -12.41
    endloop
  endfacet
  facet normal 0.9108638249211755 0.41270702980439533 0
    outer loop
      vertex -27.175244068440456 31.048652686364264 -15.4
      vertex -27.99354983509199 32.85469199933778 -12.41
      vertex -27.175244068440456 31.048652686364264 -12.41
    endloop
  endfacet
  facet normal 0.9359059267573255 0.3522500479212343 0
    outer loop
      vertex -27.99354983509199 32.85469199933778 -21.8
      vertex -28.691982923701705 34.710384201314206 -21.8
      vertex -28.691982923701705 34.710384201314206 -12.41
    endloop
  endfacet
  facet normal 0.9569403357322089 0.29028467725446183 0
    outer loop
      vertex -28.691982923701705 34.710384201314206 -21.8
      vertex -29.26755253655877 36.60778293339362 -21.8
      vertex -29.26755253655877 36.60778293339362 -12.41
    endloop
  endfacet
  facet normal 0.973876979277334 0.22707626303437187 0
    outer loop
      vertex -29.26755253655877 36.60778293339362 -21.8
      vertex -29.717793996217882 38.538763242911315 -21.8
      vertex -29.717793996217882 38.538763242911315 -12.41
    endloop
  endfacet
  facet normal 0.9866433320848792 0.16289547339458837 0
    outer loop
      vertex -29.717793996217882 38.538763242911315 -21.8
      vertex -30.040779299626454 40.49505637573244 -21.8
      vertex -30.040779299626454 40.49505637573244 -12.41
    endloop
  endfacet
  facet normal 0.9951847266721967 0.09801714032956182 0
    outer loop
      vertex -30.040779299626454 40.49505637573244 -21.8
      vertex -30.235125374129687 42.46828518432667 -21.8
      vertex -30.235125374129687 42.46828518432667 -12.41
    endloop
  endfacet
  facet normal 0.9994645874763657 0.03271908282177599 0
    outer loop
      vertex -30.235125374129687 42.46828518432667 -21.8
      vertex -30.3 44.45 -21.8
      vertex -30.3 44.45 -12.41
    endloop
  endfacet
  facet normal 0.9359059267573255 0.3522500479212343 0
    outer loop
      vertex -27.99354983509199 32.85469199933778 -21.8
      vertex -28.691982923701705 34.710384201314206 -12.41
      vertex -27.99354983509199 32.85469199933778 -12.41
    endloop
  endfacet
  facet normal 0.9569403357322089 0.29028467725446183 0
    outer loop
      vertex -28.691982923701705 34.710384201314206 -21.8
      vertex -29.26755253655877 36.60778293339362 -12.41
      vertex -28.691982923701705 34.710384201314206 -12.41
    endloop
  endfacet
  facet normal 0.973876979277334 0.22707626303437187 0
    outer loop
      vertex -29.26755253655877 36.60778293339362 -21.8
      vertex -29.717793996217882 38.538763242911315 -12.41
      vertex -29.26755253655877 36.60778293339362 -12.41
    endloop
  endfacet
  facet normal 0.9866433320848792 0.16289547339458837 0
    outer loop
      vertex -29.717793996217882 38.538763242911315 -21.8
      vertex -30.040779299626454 40.49505637573244 -12.41
      vertex -29.717793996217882 38.538763242911315 -12.41
    endloop
  endfacet
  facet normal 0.9951847266721967 0.09801714032956182 0
    outer loop
      vertex -30.040779299626454 40.49505637573244 -21.8
      vertex -30.235125374129687 42.46828518432667 -12.41
      vertex -30.040779299626454 40.49505637573244 -12.41
    endloop
  endfacet
  facet normal 0.9994645874763657 0.03271908282177599 0
    outer loop
      vertex -30.235125374129687 42.46828518432667 -21.8
      vertex -30.3 44.45 -12.41
      vertex -30.235125374129687 42.46828518432667 -12.41
    endloop
  endfacet
  facet normal 0.8819212643483546 -0.47139673682599853 0
    outer loop
      vertex -27.175244068440456 57.85134731363574 -21.8
      vertex -26.24056973466849 59.6 -21.8
      vertex -26.24056973466849 59.6 -15.4
    endloop
  endfacet
  facet normal 0.8492021815265783 -0.5280678506503688 0
    outer loop
      vertex -26.24056973466849 59.6 -21.8
      vertex -25.19352925276712 61.283778060493944 -21.8
      vertex -25.19352925276712 61.283778060493944 -15.4
    endloop
  endfacet
  facet normal 0.7730104533627367 -0.6343932841636458 0
    outer loop
      vertex -24.038606210824426 62.89547129896424 -21.8
      vertex -22.780746166613014 64.42817819753209 -21.8
      vertex -22.780746166613014 64.42817819753209 -15.4
    endloop
  endfacet
  facet normal 0.7298640726978349 -0.683592302022872 0
    outer loop
      vertex -22.780746166613014 64.42817819753209 -21.8
      vertex -21.42533546995239 65.87533546995239 -21.8
      vertex -21.42533546995239 65.87533546995239 -15.4
    endloop
  endfacet
  facet normal 0.9994645874763657 -0.03271908282177599 0
    outer loop
      vertex -30.3 44.45 -21.8
      vertex -30.235125374129687 46.43171481567334 -21.8
      vertex -30.235125374129687 46.43171481567334 -12.41
    endloop
  endfacet
  facet normal 0.9951847266721967 -0.09801714032956182 0
    outer loop
      vertex -30.235125374129687 46.43171481567334 -21.8
      vertex -30.040779299626454 48.40494362426757 -21.8
      vertex -30.040779299626454 48.40494362426757 -12.41
    endloop
  endfacet
  facet normal 0.9866433320848792 -0.16289547339458837 0
    outer loop
      vertex -30.040779299626454 48.40494362426757 -21.8
      vertex -29.717793996217882 50.36123675708869 -21.8
      vertex -29.717793996217882 50.36123675708869 -12.41
    endloop
  endfacet
  facet normal 0.973876979277334 -0.22707626303437187 0
    outer loop
      vertex -29.717793996217882 50.36123675708869 -21.8
      vertex -29.26755253655877 52.29221706660638 -21.8
      vertex -29.26755253655877 52.29221706660638 -12.41
    endloop
  endfacet
  facet normal 0.9569403357322089 -0.29028467725446183 0
    outer loop
      vertex -29.26755253655877 52.29221706660638 -21.8
      vertex -28.691982923701705 54.1896157986858 -21.8
      vertex -28.691982923701705 54.1896157986858 -12.41
    endloop
  endfacet
  facet normal 0.9359059267573255 -0.3522500479212343 0
    outer loop
      vertex -28.691982923701705 54.1896157986858 -21.8
      vertex -27.99354983509199 56.045308000662224 -21.8
      vertex -27.99354983509199 56.045308000662224 -12.41
    endloop
  endfacet
  facet normal 0.9994645874763657 -0.03271908282177599 0
    outer loop
      vertex -30.3 44.45 -21.8
      vertex -30.235125374129687 46.43171481567334 -12.41
      vertex -30.3 44.45 -12.41
    endloop
  endfacet
  facet normal 0.9951847266721967 -0.09801714032956182 0
    outer loop
      vertex -30.235125374129687 46.43171481567334 -21.8
      vertex -30.040779299626454 48.40494362426757 -12.41
      vertex -30.235125374129687 46.43171481567334 -12.41
    endloop
  endfacet
  facet normal 0.9866433320848792 -0.16289547339458837 0
    outer loop
      vertex -30.040779299626454 48.40494362426757 -21.8
      vertex -29.717793996217882 50.36123675708869 -12.41
      vertex -30.040779299626454 48.40494362426757 -12.41
    endloop
  endfacet
  facet normal 0.973876979277334 -0.22707626303437187 0
    outer loop
      vertex -29.717793996217882 50.36123675708869 -21.8
      vertex -29.26755253655877 52.29221706660638 -12.41
      vertex -29.717793996217882 50.36123675708869 -12.41
    endloop
  endfacet
  facet normal 0.9569403357322089 -0.29028467725446183 0
    outer loop
      vertex -29.26755253655877 52.29221706660638 -21.8
      vertex -28.691982923701705 54.1896157986858 -12.41
      vertex -29.26755253655877 52.29221706660638 -12.41
    endloop
  endfacet
  facet normal 0.9359059267573255 -0.3522500479212343 0
    outer loop
      vertex -28.691982923701705 54.1896157986858 -21.8
      vertex -27.99354983509199 56.045308000662224 -12.41
      vertex -28.691982923701705 54.1896157986858 -12.41
    endloop
  endfacet
  facet normal 0.9108638249211756 -0.41270702980439533 0
    outer loop
      vertex -27.99354983509199 56.045308000662224 -21.8
      vertex -27.175244068440456 57.85134731363574 -21.8
      vertex -27.175244068440456 57.85134731363574 -12.41
    endloop
  endfacet
  facet normal 0.8492021815265783 -0.5280678506503688 0
    outer loop
      vertex -26.24056973466849 59.6 -21.8
      vertex -25.19352925276712 61.283778060493944 -15.4
      vertex -26.24056973466849 59.6 -15.4
    endloop
  endfacet
  facet normal 0.8819212643483547 -0.4713967368259984 0
    outer loop
      vertex -27.175244068440456 57.85134731363574 -21.8
      vertex -26.24056973466849 59.6 -15.4
      vertex -26.24056973466849 59.6 -12.41
    endloop
  endfacet
  facet normal 0.8128466845916165 -0.5824776968678003 0
    outer loop
      vertex -25.19352925276712 61.283778060493944 -21.8
      vertex -24.038606210824426 62.89547129896424 -21.8
      vertex -24.038606210824426 62.89547129896424 -12.41
    endloop
  endfacet
  facet normal 0.7298640726978349 -0.683592302022872 0
    outer loop
      vertex -22.780746166613014 64.42817819753209 -21.8
      vertex -21.42533546995239 65.87533546995239 -15.4
      vertex -22.780746166613014 64.42817819753209 -15.4
    endloop
  endfacet
  facet normal 0.6835923020228711 -0.7298640726978358 0
    outer loop
      vertex -21.42533546995239 65.87533546995239 -21.8
      vertex -19.978178197532085 67.23074616661302 -15.4
      vertex -21.42533546995239 65.87533546995239 -15.4
    endloop
  endfacet
  facet normal 0.8128466845916166 -0.5824776968678004 0
    outer loop
      vertex -25.19352925276712 61.283778060493944 -21.8
      vertex -24.038606210824426 62.89547129896424 -12.41
      vertex -25.19352925276712 61.283778060493944 -15.4
    endloop
  endfacet
  facet normal 0.7730104533627365 -0.6343932841636459 0
    outer loop
      vertex -24.038606210824426 62.89547129896424 -21.8
      vertex -22.780746166613014 64.42817819753209 -15.4
      vertex -22.780746166613014 64.42817819753209 -12.41
    endloop
  endfacet
  facet normal 0.9108638249211756 -0.41270702980439533 0
    outer loop
      vertex -27.99354983509199 56.045308000662224 -21.8
      vertex -27.175244068440456 57.85134731363574 -12.41
      vertex -27.99354983509199 56.045308000662224 -12.41
    endloop
  endfacet
  facet normal 0.8819212643483546 -0.4713967368259985 0
    outer loop
      vertex -27.175244068440456 57.85134731363574 -21.8
      vertex -26.24056973466849 59.6 -12.41
      vertex -27.175244068440456 57.85134731363574 -12.41
    endloop
  endfacet
  facet normal 0.7730104533627367 -0.6343932841636459 0
    outer loop
      vertex -24.038606210824426 62.89547129896424 -21.8
      vertex -22.780746166613014 64.42817819753209 -12.41
      vertex -24.038606210824426 62.89547129896424 -12.41
    endloop
  endfacet
  facet normal 0.8128466845916165 -0.5824776968678004 0
    outer loop
      vertex -25.19352925276712 61.283778060493944 -15.4
      vertex -24.038606210824426 62.89547129896424 -12.41
      vertex -25.19352925276712 61.283778060493944 -12.41
    endloop
  endfacet
  facet normal 0.683592302022871 -0.7298640726978358 0
    outer loop
      vertex -21.42533546995239 65.87533546995239 -15.4
      vertex -19.98300205510682 67.22622813095748 -12.41
      vertex -21.42533546995239 65.87533546995239 -12.41
    endloop
  endfacet
  facet normal 0.6835923020228711 -0.7298640726978358 0
    outer loop
      vertex -21.42533546995239 65.87533546995239 -21.8
      vertex -19.978178197532085 67.23074616661302 -21.8
      vertex -19.978178197532085 67.23074616661302 -15.4
    endloop
  endfacet
  facet normal 0.5280678506503658 -0.8492021815265803 0
    outer loop
      vertex -16.833778060493945 69.64352925276712 -21.8
      vertex -15.15 70.69056973466849 -21.8
      vertex -15.15 70.69056973466849 -15.4
    endloop
  endfacet
  facet normal 0.4713967368259981 -0.8819212643483547 0
    outer loop
      vertex -15.15 70.69056973466849 -21.8
      vertex -13.401347313635739 71.62524406844045 -21.8
      vertex -13.401347313635739 71.62524406844045 -15.4
    endloop
  endfacet
  facet normal 0.16289547339458843 -0.9866433320848791 0
    outer loop
      vertex -5.911236757088686 74.16779399621788 -21.8
      vertex -3.9549436242675626 74.49077929962645 -21.8
      vertex -3.9549436242675626 74.49077929962645 -15.4
    endloop
  endfacet
  facet normal 0.09801714032956009 -0.995184726672197 0
    outer loop
      vertex -3.9549436242675626 74.49077929962645 -21.8
      vertex -1.9817148156733349 74.68512537412968 -21.8
      vertex -1.9817148156733349 74.68512537412968 -15.4
    endloop
  endfacet
  facet normal 0.6343932841636468 -0.7730104533627359 0
    outer loop
      vertex -19.978178197532085 67.23074616661302 -21.8
      vertex -18.445471298964236 68.48860621082443 -21.8
      vertex -18.445471298964236 68.48860621082443 -12.41
    endloop
  endfacet
  facet normal 0.5824776968678012 -0.8128466845916158 0
    outer loop
      vertex -18.445471298964236 68.48860621082443 -21.8
      vertex -16.833778060493945 69.64352925276712 -21.8
      vertex -16.833778060493945 69.64352925276712 -12.41
    endloop
  endfacet
  facet normal 0.6343932841636467 -0.7730104533627359 0
    outer loop
      vertex -19.978178197532085 67.23074616661302 -21.8
      vertex -18.445471298964236 68.48860621082443 -12.41
      vertex -19.978178197532085 67.23074616661302 -15.4
    endloop
  endfacet
  facet normal 0.4127070298044009 -0.9108638249211729 0
    outer loop
      vertex -13.401347313635739 71.62524406844045 -21.8
      vertex -11.59530800066222 72.443549835092 -21.8
      vertex -11.59530800066222 72.443549835092 -12.41
    endloop
  endfacet
  facet normal 0.4713967368259981 -0.8819212643483547 0
    outer loop
      vertex -15.15 70.69056973466849 -21.8
      vertex -13.401347313635739 71.62524406844045 -15.4
      vertex -15.15 70.69056973466849 -15.4
    endloop
  endfacet
  facet normal 0.5280678506503658 -0.8492021815265802 0
    outer loop
      vertex -16.833778060493945 69.64352925276712 -21.8
      vertex -15.15 70.69056973466849 -15.4
      vertex -15.15 70.69056973466849 -12.41
    endloop
  endfacet
  facet normal 0.41270702980440094 -0.9108638249211731 0
    outer loop
      vertex -13.401347313635739 71.62524406844045 -21.8
      vertex -11.59530800066222 72.443549835092 -12.41
      vertex -13.401347313635739 71.62524406844045 -15.4
    endloop
  endfacet
  facet normal 0.3522500479212299 -0.9359059267573271 0
    outer loop
      vertex -11.59530800066222 72.443549835092 -21.8
      vertex -9.739615798685797 73.1419829237017 -21.8
      vertex -9.739615798685797 73.1419829237017 -12.41
    endloop
  endfacet
  facet normal 0.2902846772544616 -0.9569403357322092 0
    outer loop
      vertex -9.739615798685797 73.1419829237017 -21.8
      vertex -7.842217066606379 73.71755253655877 -21.8
      vertex -7.842217066606379 73.71755253655877 -12.41
    endloop
  endfacet
  facet normal 0.22707626303437187 -0.973876979277334 0
    outer loop
      vertex -7.842217066606379 73.71755253655877 -21.8
      vertex -5.911236757088686 74.16779399621788 -21.8
      vertex -5.911236757088686 74.16779399621788 -12.41
    endloop
  endfacet
  facet normal 0.03271908282177778 -0.9994645874763656 0
    outer loop
      vertex -1.9817148156733349 74.68512537412968 -21.8
      vertex 0 74.75 -21.8
      vertex 0 74.75 -12.41
    endloop
  endfacet
  facet normal 0.09801714032956009 -0.995184726672197 0
    outer loop
      vertex -3.9549436242675626 74.49077929962645 -21.8
      vertex -1.9817148156733349 74.68512537412968 -15.4
      vertex -3.9549436242675626 74.49077929962645 -15.4
    endloop
  endfacet
  facet normal 0.16289547339458832 -0.9866433320848791 0
    outer loop
      vertex -5.911236757088686 74.16779399621788 -21.8
      vertex -3.9549436242675626 74.49077929962645 -15.4
      vertex -3.9549436242675626 74.49077929962645 -12.41
    endloop
  endfacet
  facet normal 0.03271908282177778 -0.9994645874763656 0
    outer loop
      vertex -1.9817148156733349 74.68512537412968 -21.8
      vertex 0 74.75 -12.41
      vertex -1.9817148156733349 74.68512537412968 -15.4
    endloop
  endfacet
  facet normal 0.5824776968678012 -0.8128466845916158 0
    outer loop
      vertex -18.445471298964236 68.48860621082443 -21.8
      vertex -16.833778060493945 69.64352925276712 -12.41
      vertex -18.445471298964236 68.48860621082443 -12.41
    endloop
  endfacet
  facet normal 0.5280678506503658 -0.8492021815265802 0
    outer loop
      vertex -16.833778060493945 69.64352925276712 -21.8
      vertex -15.15 70.69056973466849 -12.41
      vertex -16.833778060493945 69.64352925276712 -12.41
    endloop
  endfacet
  facet normal 0.6343932841636468 -0.773010453362736 0
    outer loop
      vertex -19.978178197532085 67.23074616661302 -15.4
      vertex -18.445471298964236 68.48860621082443 -12.41
      vertex -19.978178197532085 67.23074616661302 -12.41
    endloop
  endfacet
  facet normal 0.4127070298044009 -0.9108638249211729 0
    outer loop
      vertex -13.401347313635739 71.62524406844045 -15.4
      vertex -11.59530800066222 72.443549835092 -12.41
      vertex -13.401347313635739 71.62524406844045 -12.41
    endloop
  endfacet
  facet normal 0.3522500479212299 -0.9359059267573271 0
    outer loop
      vertex -11.59530800066222 72.443549835092 -21.8
      vertex -9.739615798685797 73.1419829237017 -12.41
      vertex -11.59530800066222 72.443549835092 -12.41
    endloop
  endfacet
  facet normal 0.2902846772544616 -0.9569403357322092 0
    outer loop
      vertex -9.739615798685797 73.1419829237017 -21.8
      vertex -7.842217066606379 73.71755253655877 -12.41
      vertex -9.739615798685797 73.1419829237017 -12.41
    endloop
  endfacet
  facet normal 0.22707626303437187 -0.973876979277334 0
    outer loop
      vertex -7.842217066606379 73.71755253655877 -21.8
      vertex -5.911236757088686 74.16779399621788 -12.41
      vertex -7.842217066606379 73.71755253655877 -12.41
    endloop
  endfacet
  facet normal 0.1628954733945884 -0.9866433320848792 0
    outer loop
      vertex -5.911236757088686 74.16779399621788 -21.8
      vertex -3.9549436242675626 74.49077929962645 -12.41
      vertex -5.911236757088686 74.16779399621788 -12.41
    endloop
  endfacet
  facet normal 0.03271908282177779 -0.9994645874763656 0
    outer loop
      vertex -1.9817148156733349 74.68512537412968 -15.4
      vertex 0 74.75 -12.41
      vertex -1.9817148156733349 74.68512537412968 -12.41
    endloop
  endfacet
  facet normal -0.22707626303437253 0.9738769792773339 0
    outer loop
      vertex 6 14.752902689219813 -21.8
      vertex 6 14.752902689219813 -15.4
      vertex 7.842217066606379 15.182447463441232 -21.8
    endloop
  endfacet
  facet normal -0.2902846772544616 0.9569403357322092 0
    outer loop
      vertex 7.842217066606379 15.182447463441232 -21.8
      vertex 7.842217066606379 15.182447463441232 -15.4
      vertex 9.739615798685797 15.758017076298298 -21.8
    endloop
  endfacet
  facet normal -0.41270702980439494 0.9108638249211757 -1.6185578967981884e-16
    outer loop
      vertex 11.59530800066222 16.456450164908013 -21.8
      vertex 12.17039400127892 16.717018241829003 -15.4
      vertex 13.401347313635739 17.274755931559547 -21.8
    endloop
  endfacet
  facet normal -0.4713967368259981 0.8819212643483547 0
    outer loop
      vertex 13.401347313635739 17.274755931559547 -21.8
      vertex 13.401347313635739 17.274755931559547 -15.4
      vertex 15.15 18.209430265331513 -21.8
    endloop
  endfacet
  facet normal -0.22707626303437253 0.9738769792773339 0
    outer loop
      vertex 7.842217066606379 15.182447463441232 -21.8
      vertex 6 14.752902689219813 -15.4
      vertex 7.842217066606379 15.182447463441232 -15.4
    endloop
  endfacet
  facet normal -0.3522500479212346 0.9359059267573253 0
    outer loop
      vertex 9.739615798685797 15.758017076298298 -21.8
      vertex 9.739615798685797 15.758017076298298 -12.41
      vertex 11.59530800066222 16.456450164908013 -21.8
    endloop
  endfacet
  facet normal -0.2902846772544616 0.9569403357322092 0
    outer loop
      vertex 9.739615798685797 15.758017076298298 -21.8
      vertex 7.842217066606379 15.182447463441232 -15.4
      vertex 7.842217066606379 15.182447463441232 -12.41
    endloop
  endfacet
  facet normal -0.41270702980439644 0.9108638249211751 0
    outer loop
      vertex 11.59530800066222 16.456450164908013 -21.8
      vertex 11.59530800066222 16.456450164908013 -12.41
      vertex 12.17039400127892 16.717018241829003 -15.4
    endloop
  endfacet
  facet normal -0.5280678506503684 0.8492021815265787 0
    outer loop
      vertex 15.15 18.209430265331513 -21.8
      vertex 15.15 18.209430265331513 -12.41
      vertex 16.833778060493945 19.256470747232882 -21.8
    endloop
  endfacet
  facet normal -0.4127070298043943 0.9108638249211761 0
    outer loop
      vertex 13.401347313635739 17.274755931559547 -21.8
      vertex 12.17039400127892 16.717018241829003 -15.4
      vertex 13.401347313635739 17.274755931559547 -15.4
    endloop
  endfacet
  facet normal -0.47139673682599825 0.8819212643483547 0
    outer loop
      vertex 15.15 18.209430265331513 -21.8
      vertex 13.401347313635739 17.274755931559547 -15.4
      vertex 13.401347313635739 17.274755931559547 -12.41
    endloop
  endfacet
  facet normal -0.5824776968678012 0.8128466845916158 0
    outer loop
      vertex 16.833778060493945 19.256470747232882 -21.8
      vertex 16.833778060493945 19.256470747232882 -12.41
      vertex 18.445471298964236 20.411393789175577 -21.8
    endloop
  endfacet
  facet normal -0.6343932841636468 0.7730104533627359 0
    outer loop
      vertex 18.445471298964236 20.411393789175577 -21.8
      vertex 18.445471298964236 20.411393789175577 -12.41
      vertex 19.978178197532085 21.66925383338699 -21.8
    endloop
  endfacet
  facet normal -0.6835923020228701 0.7298640726978366 0
    outer loop
      vertex 19.978178197532085 21.66925383338699 -21.8
      vertex 19.978178197532085 21.66925383338699 -12.41
      vertex 21.42533546995239 23.024664530047612 -21.8
    endloop
  endfacet
  facet normal -0.2902846772544616 0.9569403357322092 0
    outer loop
      vertex 9.739615798685797 15.758017076298298 -21.8
      vertex 7.842217066606379 15.182447463441232 -12.41
      vertex 9.739615798685797 15.758017076298298 -12.41
    endloop
  endfacet
  facet normal -0.3522500479212346 0.9359059267573253 0
    outer loop
      vertex 11.59530800066222 16.456450164908013 -21.8
      vertex 9.739615798685797 15.758017076298298 -12.41
      vertex 11.59530800066222 16.456450164908013 -12.41
    endloop
  endfacet
  facet normal -0.47139673682599814 0.8819212643483547 0
    outer loop
      vertex 15.15 18.209430265331513 -21.8
      vertex 13.401347313635739 17.274755931559547 -12.41
      vertex 15.15 18.209430265331513 -12.41
    endloop
  endfacet
  facet normal -0.5280678506503684 0.8492021815265787 0
    outer loop
      vertex 16.833778060493945 19.256470747232882 -21.8
      vertex 15.15 18.209430265331513 -12.41
      vertex 16.833778060493945 19.256470747232882 -12.41
    endloop
  endfacet
  facet normal -0.5824776968678012 0.8128466845916158 0
    outer loop
      vertex 16.833778060493945 19.256470747232882 -12.41
      vertex 18.445471298964236 20.411393789175577 -12.41
      vertex 18.445471298964236 20.411393789175577 -21.8
    endloop
  endfacet
  facet normal -0.6343932841636468 0.7730104533627359 0
    outer loop
      vertex 19.978178197532085 21.66925383338699 -21.8
      vertex 18.445471298964236 20.411393789175577 -12.41
      vertex 19.978178197532085 21.66925383338699 -12.41
    endloop
  endfacet
  facet normal -0.8492021815265789 0.528067850650368 0
    outer loop
      vertex 25.19352925276712 27.616221939506058 -21.8
      vertex 25.19352925276712 27.616221939506058 -15.4
      vertex 26.24056973466849 29.300000000000004 -21.8
    endloop
  endfacet
  facet normal -0.8819212643483546 0.47139673682599853 0
    outer loop
      vertex 26.24056973466849 29.300000000000004 -21.8
      vertex 26.24056973466849 29.300000000000004 -15.4
      vertex 27.175244068440456 31.048652686364264 -21.8
    endloop
  endfacet
  facet normal -0.7298640726978366 0.6835923020228701 0
    outer loop
      vertex 21.42533546995239 23.024664530047612 -21.8
      vertex 21.42533546995239 23.024664530047612 -12.41
      vertex 22.780746166613014 24.471821802467918 -21.8
    endloop
  endfacet
  facet normal -0.7730104533627359 0.6343932841636468 0
    outer loop
      vertex 22.780746166613014 24.471821802467918 -21.8
      vertex 22.780746166613014 24.471821802467918 -12.41
      vertex 24.038606210824426 26.004528701035767 -21.8
    endloop
  endfacet
  facet normal -0.8128466845916158 0.5824776968678012 0
    outer loop
      vertex 24.038606210824426 26.004528701035767 -21.8
      vertex 24.038606210824426 26.004528701035767 -12.41
      vertex 25.19352925276712 27.616221939506058 -21.8
    endloop
  endfacet
  facet normal -0.8128466845916159 0.5824776968678012 0
    outer loop
      vertex 25.19352925276712 27.616221939506058 -21.8
      vertex 24.038606210824426 26.004528701035767 -12.41
      vertex 25.19352925276712 27.616221939506058 -15.4
    endloop
  endfacet
  facet normal -0.8492021815265789 0.528067850650368 0
    outer loop
      vertex 26.24056973466849 29.300000000000004 -21.8
      vertex 25.19352925276712 27.616221939506058 -15.4
      vertex 26.24056973466849 29.300000000000004 -15.4
    endloop
  endfacet
  facet normal -0.9108638249211756 0.41270702980439533 0
    outer loop
      vertex 27.175244068440456 31.048652686364264 -21.8
      vertex 27.175244068440456 31.048652686364264 -12.41
      vertex 27.99354983509199 32.85469199933778 -21.8
    endloop
  endfacet
  facet normal -0.8819212643483547 0.4713967368259984 0
    outer loop
      vertex 27.175244068440456 31.048652686364264 -21.8
      vertex 26.24056973466849 29.300000000000004 -15.4
      vertex 26.24056973466849 29.300000000000004 -12.41
    endloop
  endfacet
  facet normal -0.6835923020228701 0.7298640726978366 0
    outer loop
      vertex 21.42533546995239 23.024664530047612 -21.8
      vertex 19.978178197532085 21.66925383338699 -12.41
      vertex 21.42533546995239 23.024664530047612 -12.41
    endloop
  endfacet
  facet normal -0.7298640726978366 0.6835923020228701 0
    outer loop
      vertex 22.780746166613014 24.471821802467918 -21.8
      vertex 21.42533546995239 23.024664530047612 -12.41
      vertex 22.780746166613014 24.471821802467918 -12.41
    endloop
  endfacet
  facet normal -0.7730104533627359 0.6343932841636468 0
    outer loop
      vertex 24.038606210824426 26.004528701035767 -21.8
      vertex 22.780746166613014 24.471821802467918 -12.41
      vertex 24.038606210824426 26.004528701035767 -12.41
    endloop
  endfacet
  facet normal -0.8128466845916159 0.5824776968678012 0
    outer loop
      vertex 25.19352925276712 27.616221939506058 -15.4
      vertex 24.038606210824426 26.004528701035767 -12.41
      vertex 25.19352925276712 27.616221939506058 -12.41
    endloop
  endfacet
  facet normal -0.8819212643483546 0.4713967368259985 0
    outer loop
      vertex 27.175244068440456 31.048652686364264 -21.8
      vertex 26.24056973466849 29.300000000000004 -12.41
      vertex 27.175244068440456 31.048652686364264 -12.41
    endloop
  endfacet
  facet normal -0.9108638249211756 0.41270702980439533 0
    outer loop
      vertex 27.99354983509199 32.85469199933778 -21.8
      vertex 27.175244068440456 31.048652686364264 -12.41
      vertex 27.99354983509199 32.85469199933778 -12.41
    endloop
  endfacet
  facet normal -0.9359059267573255 0.3522500479212343 0
    outer loop
      vertex 27.99354983509199 32.85469199933778 -21.8
      vertex 27.99354983509199 32.85469199933778 -12.41
      vertex 28.691982923701705 34.710384201314206 -21.8
    endloop
  endfacet
  facet normal -0.9569403357322089 0.29028467725446183 0
    outer loop
      vertex 28.691982923701705 34.710384201314206 -21.8
      vertex 28.691982923701705 34.710384201314206 -12.41
      vertex 29.26755253655877 36.60778293339362 -21.8
    endloop
  endfacet
  facet normal -0.973876979277334 0.22707626303437187 0
    outer loop
      vertex 29.26755253655877 36.60778293339362 -21.8
      vertex 29.26755253655877 36.60778293339362 -12.41
      vertex 29.717793996217882 38.538763242911315 -21.8
    endloop
  endfacet
  facet normal -0.9866433320848792 0.16289547339458837 0
    outer loop
      vertex 29.717793996217882 38.538763242911315 -21.8
      vertex 29.717793996217882 38.538763242911315 -12.41
      vertex 30.040779299626454 40.49505637573244 -21.8
    endloop
  endfacet
  facet normal -0.9951847266721967 0.09801714032956182 0
    outer loop
      vertex 30.040779299626454 40.49505637573244 -21.8
      vertex 30.040779299626454 40.49505637573244 -12.41
      vertex 30.235125374129687 42.46828518432667 -21.8
    endloop
  endfacet
  facet normal -0.9994645874763657 0.03271908282177599 0
    outer loop
      vertex 30.235125374129687 42.46828518432667 -21.8
      vertex 30.235125374129687 42.46828518432667 -12.41
      vertex 30.3 44.45 -21.8
    endloop
  endfacet
  facet normal -0.9359059267573255 0.3522500479212343 0
    outer loop
      vertex 28.691982923701705 34.710384201314206 -21.8
      vertex 27.99354983509199 32.85469199933778 -12.41
      vertex 28.691982923701705 34.710384201314206 -12.41
    endloop
  endfacet
  facet normal -0.9569403357322089 0.29028467725446183 0
    outer loop
      vertex 29.26755253655877 36.60778293339362 -21.8
      vertex 28.691982923701705 34.710384201314206 -12.41
      vertex 29.26755253655877 36.60778293339362 -12.41
    endloop
  endfacet
  facet normal -0.973876979277334 0.22707626303437187 0
    outer loop
      vertex 29.717793996217882 38.538763242911315 -21.8
      vertex 29.26755253655877 36.60778293339362 -12.41
      vertex 29.717793996217882 38.538763242911315 -12.41
    endloop
  endfacet
  facet normal -0.9866433320848792 0.16289547339458837 0
    outer loop
      vertex 30.040779299626454 40.49505637573244 -21.8
      vertex 29.717793996217882 38.538763242911315 -12.41
      vertex 30.040779299626454 40.49505637573244 -12.41
    endloop
  endfacet
  facet normal -0.9951847266721967 0.09801714032956182 0
    outer loop
      vertex 30.235125374129687 42.46828518432667 -21.8
      vertex 30.040779299626454 40.49505637573244 -12.41
      vertex 30.235125374129687 42.46828518432667 -12.41
    endloop
  endfacet
  facet normal -0.9994645874763657 0.03271908282177599 0
    outer loop
      vertex 30.235125374129687 42.46828518432667 -12.41
      vertex 30.3 44.45 -12.41
      vertex 30.3 44.45 -21.8
    endloop
  endfacet
  facet normal -0.8492021815265783 -0.5280678506503688 0
    outer loop
      vertex 26.24056973466849 59.6 -21.8
      vertex 26.24056973466849 59.6 -15.4
      vertex 25.19352925276712 61.283778060493944 -21.8
    endloop
  endfacet
  facet normal -0.7298640726978349 -0.683592302022872 0
    outer loop
      vertex 22.780746166613014 64.42817819753209 -21.8
      vertex 22.780746166613014 64.42817819753209 -15.4
      vertex 21.42533546995239 65.87533546995239 -21.8
    endloop
  endfacet
  facet normal -0.6835923020228711 -0.7298640726978358 0
    outer loop
      vertex 21.42533546995239 65.87533546995239 -21.8
      vertex 21.42533546995239 65.87533546995239 -15.4
      vertex 19.978178197532085 67.23074616661302 -21.8
    endloop
  endfacet
  facet normal -0.8128466845916166 -0.5824776968678004 0
    outer loop
      vertex 24.038606210824426 62.89547129896424 -21.8
      vertex 25.19352925276712 61.283778060493944 -21.8
      vertex 25.19352925276712 61.283778060493944 -15.4
    endloop
  endfacet
  facet normal -0.9994645874763657 -0.03271908282177599 0
    outer loop
      vertex 30.3 44.45 -21.8
      vertex 30.3 44.45 -12.41
      vertex 30.235125374129687 46.43171481567334 -21.8
    endloop
  endfacet
  facet normal -0.9951847266721967 -0.09801714032956182 0
    outer loop
      vertex 30.235125374129687 46.43171481567334 -21.8
      vertex 30.235125374129687 46.43171481567334 -12.41
      vertex 30.040779299626454 48.40494362426757 -21.8
    endloop
  endfacet
  facet normal -0.9866433320848792 -0.16289547339458837 0
    outer loop
      vertex 30.040779299626454 48.40494362426757 -21.8
      vertex 30.040779299626454 48.40494362426757 -12.41
      vertex 29.717793996217882 50.36123675708869 -21.8
    endloop
  endfacet
  facet normal -0.973876979277334 -0.22707626303437187 0
    outer loop
      vertex 29.717793996217882 50.36123675708869 -21.8
      vertex 29.717793996217882 50.36123675708869 -12.41
      vertex 29.26755253655877 52.29221706660638 -21.8
    endloop
  endfacet
  facet normal -0.9569403357322089 -0.29028467725446183 0
    outer loop
      vertex 29.26755253655877 52.29221706660638 -21.8
      vertex 29.26755253655877 52.29221706660638 -12.41
      vertex 28.691982923701705 54.1896157986858 -21.8
    endloop
  endfacet
  facet normal -0.9359059267573255 -0.3522500479212343 0
    outer loop
      vertex 28.691982923701705 54.1896157986858 -21.8
      vertex 28.691982923701705 54.1896157986858 -12.41
      vertex 27.99354983509199 56.045308000662224 -21.8
    endloop
  endfacet
  facet normal -0.9994645874763657 -0.03271908282177599 0
    outer loop
      vertex 30.235125374129687 46.43171481567334 -21.8
      vertex 30.3 44.45 -12.41
      vertex 30.235125374129687 46.43171481567334 -12.41
    endloop
  endfacet
  facet normal -0.9951847266721967 -0.09801714032956182 0
    outer loop
      vertex 30.040779299626454 48.40494362426757 -21.8
      vertex 30.235125374129687 46.43171481567334 -12.41
      vertex 30.040779299626454 48.40494362426757 -12.41
    endloop
  endfacet
  facet normal -0.9866433320848792 -0.16289547339458837 0
    outer loop
      vertex 29.717793996217882 50.36123675708869 -21.8
      vertex 30.040779299626454 48.40494362426757 -12.41
      vertex 29.717793996217882 50.36123675708869 -12.41
    endloop
  endfacet
  facet normal -0.973876979277334 -0.22707626303437187 0
    outer loop
      vertex 29.26755253655877 52.29221706660638 -21.8
      vertex 29.717793996217882 50.36123675708869 -12.41
      vertex 29.26755253655877 52.29221706660638 -12.41
    endloop
  endfacet
  facet normal -0.9569403357322089 -0.29028467725446183 0
    outer loop
      vertex 28.691982923701705 54.1896157986858 -21.8
      vertex 29.26755253655877 52.29221706660638 -12.41
      vertex 28.691982923701705 54.1896157986858 -12.41
    endloop
  endfacet
  facet normal -0.9359059267573255 -0.3522500479212343 0
    outer loop
      vertex 27.99354983509199 56.045308000662224 -21.8
      vertex 28.691982923701705 54.1896157986858 -12.41
      vertex 27.99354983509199 56.045308000662224 -12.41
    endloop
  endfacet
  facet normal -0.9108638249211756 -0.41270702980439533 0
    outer loop
      vertex 27.175244068440456 57.85134731363574 -21.8
      vertex 27.99354983509199 56.045308000662224 -21.8
      vertex 27.99354983509199 56.045308000662224 -12.41
    endloop
  endfacet
  facet normal -0.8819212643483546 -0.4713967368259985 0
    outer loop
      vertex 27.175244068440456 57.85134731363574 -21.8
      vertex 27.175244068440456 57.85134731363574 -12.41
      vertex 26.24056973466849 59.6 -21.8
    endloop
  endfacet
  facet normal -0.8492021815265783 -0.5280678506503688 0
    outer loop
      vertex 25.19352925276712 61.283778060493944 -21.8
      vertex 26.24056973466849 59.6 -15.4
      vertex 25.19352925276712 61.283778060493944 -15.4
    endloop
  endfacet
  facet normal -0.8819212643483546 -0.47139673682599853 0
    outer loop
      vertex 26.24056973466849 59.6 -21.8
      vertex 27.175244068440456 57.85134731363574 -12.41
      vertex 26.24056973466849 59.6 -15.4
    endloop
  endfacet
  facet normal -0.7730104533627367 -0.6343932841636459 0
    outer loop
      vertex 24.038606210824426 62.89547129896424 -21.8
      vertex 24.038606210824426 62.89547129896424 -12.41
      vertex 22.780746166613014 64.42817819753209 -21.8
    endloop
  endfacet
  facet normal -0.7298640726978349 -0.683592302022872 0
    outer loop
      vertex 21.42533546995239 65.87533546995239 -21.8
      vertex 22.780746166613014 64.42817819753209 -15.4
      vertex 21.42533546995239 65.87533546995239 -15.4
    endloop
  endfacet
  facet normal -0.7730104533627367 -0.6343932841636458 0
    outer loop
      vertex 22.780746166613014 64.42817819753209 -21.8
      vertex 24.038606210824426 62.89547129896424 -12.41
      vertex 22.780746166613014 64.42817819753209 -15.4
    endloop
  endfacet
  facet normal -0.8128466845916164 -0.5824776968678004 0
    outer loop
      vertex 24.038606210824426 62.89547129896424 -21.8
      vertex 25.19352925276712 61.283778060493944 -15.4
      vertex 25.19352925276712 61.283778060493944 -12.41
    endloop
  endfacet
  facet normal -0.9108638249211756 -0.41270702980439533 0
    outer loop
      vertex 27.175244068440456 57.85134731363574 -21.8
      vertex 27.99354983509199 56.045308000662224 -12.41
      vertex 27.175244068440456 57.85134731363574 -12.41
    endloop
  endfacet
  facet normal -0.8819212643483546 -0.4713967368259985 0
    outer loop
      vertex 26.24056973466849 59.6 -15.4
      vertex 27.175244068440456 57.85134731363574 -12.41
      vertex 26.24056973466849 59.6 -12.41
    endloop
  endfacet
  facet normal -0.8128466845916165 -0.5824776968678003 0
    outer loop
      vertex 24.038606210824426 62.89547129896424 -21.8
      vertex 25.19352925276712 61.283778060493944 -12.41
      vertex 24.038606210824426 62.89547129896424 -12.41
    endloop
  endfacet
  facet normal -0.7730104533627367 -0.6343932841636459 0
    outer loop
      vertex 22.780746166613014 64.42817819753209 -15.4
      vertex 24.038606210824426 62.89547129896424 -12.41
      vertex 22.780746166613014 64.42817819753209 -12.41
    endloop
  endfacet
  facet normal -0.7298640726978352 -0.6835923020228719 0
    outer loop
      vertex 21.42533546995239 65.87533546995239 -15.4
      vertex 22.776228130957477 64.43300205510683 -12.41
      vertex 21.42533546995239 65.87533546995239 -12.41
    endloop
  endfacet
  facet normal -0.41270702980440094 -0.9108638249211731 0
    outer loop
      vertex 13.401347313635739 71.62524406844045 -21.8
      vertex 13.401347313635739 71.62524406844045 -15.4
      vertex 11.59530800066222 72.443549835092 -21.8
    endloop
  endfacet
  facet normal -0.4713967368259981 -0.8819212643483547 0
    outer loop
      vertex 13.401347313635739 71.62524406844045 -21.8
      vertex 15.15 70.69056973466849 -21.8
      vertex 15.15 70.69056973466849 -15.4
    endloop
  endfacet
  facet normal -0.03271908282177778 -0.9994645874763656 0
    outer loop
      vertex 0 74.75 -21.8
      vertex 1.9817148156733349 74.68512537412968 -21.8
      vertex 1.9817148156733349 74.68512537412968 -15.4
    endloop
  endfacet
  facet normal -0.09801714032956009 -0.995184726672197 0
    outer loop
      vertex 3.9549436242675626 74.49077929962645 -21.8
      vertex 3.9549436242675626 74.49077929962645 -15.4
      vertex 1.9817148156733349 74.68512537412968 -21.8
    endloop
  endfacet
  facet normal -0.22707626303437187 -0.973876979277334 5.861804274890739e-16
    outer loop
      vertex 5.911236757088686 74.16779399621788 -21.8
      vertex 7.842217066606379 73.71755253655877 -21.8
      vertex 7.227346872201917 73.86092015789858 -15.4
    endloop
  endfacet
  facet normal -0.6343932841636467 -0.7730104533627359 0
    outer loop
      vertex 19.978178197532085 67.23074616661302 -21.8
      vertex 19.978178197532085 67.23074616661302 -15.4
      vertex 18.445471298964236 68.48860621082443 -21.8
    endloop
  endfacet
  facet normal -0.4713967368259981 -0.8819212643483547 0
    outer loop
      vertex 13.401347313635739 71.62524406844045 -21.8
      vertex 15.15 70.69056973466849 -15.4
      vertex 13.401347313635739 71.62524406844045 -15.4
    endloop
  endfacet
  facet normal -0.5280678506503658 -0.8492021815265803 0
    outer loop
      vertex 15.15 70.69056973466849 -21.8
      vertex 16.833778060493945 69.64352925276712 -12.41
      vertex 15.15 70.69056973466849 -15.4
    endloop
  endfacet
  facet normal -0.4127070298044011 -0.9108638249211729 0
    outer loop
      vertex 11.59530800066222 72.443549835092 -21.8
      vertex 13.401347313635739 71.62524406844045 -15.4
      vertex 13.401347313635739 71.62524406844045 -12.41
    endloop
  endfacet
  facet normal -0.1628954733945884 -0.9866433320848792 0
    outer loop
      vertex 3.9549436242675626 74.49077929962645 -21.8
      vertex 5.911236757088686 74.16779399621788 -21.8
      vertex 5.911236757088686 74.16779399621788 -12.41
    endloop
  endfacet
  facet normal -0.09801714032956009 -0.995184726672197 0
    outer loop
      vertex 1.9817148156733349 74.68512537412968 -21.8
      vertex 3.9549436242675626 74.49077929962645 -15.4
      vertex 1.9817148156733349 74.68512537412968 -15.4
    endloop
  endfacet
  facet normal -0.22707626303437772 -0.9738769792773327 0
    outer loop
      vertex 7.842217066606379 73.71755253655877 -21.8
      vertex 7.842217066606379 73.71755253655877 -15.4
      vertex 7.227346872201917 73.86092015789858 -15.4
    endloop
  endfacet
  facet normal -0.2902846772544616 -0.9569403357322092 0
    outer loop
      vertex 7.842217066606379 73.71755253655877 -21.8
      vertex 9.739615798685797 73.1419829237017 -21.8
      vertex 9.739615798685797 73.1419829237017 -12.41
    endloop
  endfacet
  facet normal -0.3522500479212299 -0.9359059267573271 0
    outer loop
      vertex 9.739615798685797 73.1419829237017 -21.8
      vertex 11.59530800066222 72.443549835092 -21.8
      vertex 11.59530800066222 72.443549835092 -12.41
    endloop
  endfacet
  facet normal -0.03271908282177778 -0.9994645874763656 0
    outer loop
      vertex 0 74.75 -21.8
      vertex 1.9817148156733349 74.68512537412968 -15.4
      vertex 1.9817148156733349 74.68512537412968 -12.41
    endloop
  endfacet
  facet normal -0.16289547339458843 -0.9866433320848791 0
    outer loop
      vertex 3.9549436242675626 74.49077929962645 -21.8
      vertex 5.911236757088686 74.16779399621788 -12.41
      vertex 3.9549436242675626 74.49077929962645 -15.4
    endloop
  endfacet
  facet normal -0.22707626303436915 -0.9738769792773345 0
    outer loop
      vertex 5.911236757088686 74.16779399621788 -21.8
      vertex 7.227346872201917 73.86092015789858 -15.4
      vertex 5.911236757088686 74.16779399621788 -12.41
    endloop
  endfacet
  facet normal -0.2902846772544616 -0.9569403357322092 0
    outer loop
      vertex 7.842217066606379 73.71755253655877 -21.8
      vertex 9.739615798685797 73.1419829237017 -12.41
      vertex 7.842217066606379 73.71755253655877 -15.4
    endloop
  endfacet
  facet normal -0.5824776968678012 -0.8128466845916158 0
    outer loop
      vertex 16.833778060493945 69.64352925276712 -21.8
      vertex 18.445471298964236 68.48860621082443 -21.8
      vertex 18.445471298964236 68.48860621082443 -12.41
    endloop
  endfacet
  facet normal -0.6835923020228711 -0.7298640726978358 0
    outer loop
      vertex 21.42533546995239 65.87533546995239 -15.4
      vertex 19.978178197532085 67.23074616661302 -15.4
      vertex 19.978178197532085 67.23074616661302 -21.8
    endloop
  endfacet
  facet normal -0.5280678506503658 -0.8492021815265802 0
    outer loop
      vertex 16.833778060493945 69.64352925276712 -21.8
      vertex 16.833778060493945 69.64352925276712 -12.41
      vertex 15.15 70.69056973466849 -21.8
    endloop
  endfacet
  facet normal -0.6343932841636468 -0.7730104533627359 0
    outer loop
      vertex 18.445471298964236 68.48860621082443 -21.8
      vertex 19.978178197532085 67.23074616661302 -15.4
      vertex 19.978178197532085 67.23074616661302 -12.41
    endloop
  endfacet
  facet normal -0.4127070298044009 -0.9108638249211729 0
    outer loop
      vertex 11.59530800066222 72.443549835092 -21.8
      vertex 13.401347313635739 71.62524406844045 -12.41
      vertex 11.59530800066222 72.443549835092 -12.41
    endloop
  endfacet
  facet normal -0.5280678506503658 -0.8492021815265802 0
    outer loop
      vertex 15.15 70.69056973466849 -15.4
      vertex 16.833778060493945 69.64352925276712 -12.41
      vertex 15.15 70.69056973466849 -12.41
    endloop
  endfacet
  facet normal -0.03271908282177778 -0.9994645874763656 0
    outer loop
      vertex 0 74.75 -21.8
      vertex 1.9817148156733349 74.68512537412968 -12.41
      vertex 0 74.75 -12.41
    endloop
  endfacet
  facet normal -0.3522500479212299 -0.9359059267573271 0
    outer loop
      vertex 9.739615798685797 73.1419829237017 -21.8
      vertex 11.59530800066222 72.443549835092 -12.41
      vertex 9.739615798685797 73.1419829237017 -12.41
    endloop
  endfacet
  facet normal -0.1628954733945884 -0.9866433320848791 0
    outer loop
      vertex 3.9549436242675626 74.49077929962645 -15.4
      vertex 5.911236757088686 74.16779399621788 -12.41
      vertex 3.9549436242675626 74.49077929962645 -12.41
    endloop
  endfacet
  facet normal -0.2270762630343719 -0.973876979277334 -1.2547005805786198e-15
    outer loop
      vertex 7.227346872201917 73.86092015789858 -15.4
      vertex 7.842217066606379 73.71755253655877 -12.41
      vertex 5.911236757088686 74.16779399621788 -12.41
    endloop
  endfacet
  facet normal -0.29028467725446155 -0.956940335732209 0
    outer loop
      vertex 7.842217066606379 73.71755253655877 -15.4
      vertex 9.739615798685797 73.1419829237017 -12.41
      vertex 7.842217066606379 73.71755253655877 -12.41
    endloop
  endfacet
  facet normal -0.5824776968678012 -0.8128466845916158 0
    outer loop
      vertex 16.833778060493945 69.64352925276712 -21.8
      vertex 18.445471298964236 68.48860621082443 -12.41
      vertex 16.833778060493945 69.64352925276712 -12.41
    endloop
  endfacet
  facet normal -0.6343932841636468 -0.7730104533627359 0
    outer loop
      vertex 18.445471298964236 68.48860621082443 -21.8
      vertex 19.978178197532085 67.23074616661302 -12.41
      vertex 18.445471298964236 68.48860621082443 -12.41
    endloop
  endfacet
  facet normal 1 0 0
    outer loop
      vertex -6 12.214373817182882 -21.8
      vertex -6 14.752902689219813 -21.8
      vertex -6 12.214373817182882 -15.4
    endloop
  endfacet
  facet normal 1 0 0
    outer loop
      vertex -6 14.752902689219813 -21.8
      vertex -6 14.752902689219813 -15.4
      vertex -6 12.214373817182882 -15.4
    endloop
  endfacet
  facet normal -1 0 0
    outer loop
      vertex 6 12.214373817182882 -21.8
      vertex 6 12.214373817182882 -15.4
      vertex 6 14.752902689219813 -21.8
    endloop
  endfacet
  facet normal -1 0 0
    outer loop
      vertex 6 14.752902689219813 -21.8
      vertex 6 12.214373817182882 -15.4
      vertex 6 14.752902689219813 -15.4
    endloop
  endfacet
  facet normal -1 0 0
    outer loop
      vertex 89 38.79314575050762 -23.05685424949238
      vertex 89 38.435281540168184 -22.67476652080055
      vertex 89 39.17523347919945 -23.414718459831818
    endloop
  endfacet
  facet normal 1 0 0
    outer loop
      vertex 94 38.79314575050762 -23.05685424949238
      vertex 94 39.17523347919945 -23.414718459831818
      vertex 94 38.435281540168184 -22.67476652080055
    endloop
  endfacet
  facet normal 0 -0.7298640726978385 -0.6835923020228685
    outer loop
      vertex 89 38.79314575050762 -23.05685424949238
      vertex 94 38.79314575050762 -23.05685424949238
      vertex 89 38.435281540168184 -22.67476652080055
    endloop
  endfacet
  facet normal -1 0 0
    outer loop
      vertex 89 38.435281540168184 -22.67476652080055
      vertex 89 37.798243101579644 -21.844561864156816
      vertex 89 39.17523347919945 -23.414718459831818
    endloop
  endfacet
  facet normal -1 0 0
    outer loop
      vertex 89 38.435281540168184 -22.67476652080055
      vertex 89 38.10317327767012 -22.270091432069762
      vertex 89 37.798243101579644 -21.844561864156816
    endloop
  endfacet
  facet normal 0 -0.7730104533627397 -0.6343932841636422
    outer loop
      vertex 89 38.435281540168184 -22.67476652080055
      vertex 94 38.435281540168184 -22.67476652080055
      vertex 89 38.10317327767012 -22.270091432069762
    endloop
  endfacet
  facet normal 0 -0.7298640726978385 -0.6835923020228685
    outer loop
      vertex 89 38.435281540168184 -22.67476652080055
      vertex 94 38.79314575050762 -23.05685424949238
      vertex 94 38.435281540168184 -22.67476652080055
    endloop
  endfacet
  facet normal 0 -0.7730104533627397 -0.6343932841636422
    outer loop
      vertex 94 38.435281540168184 -22.67476652080055
      vertex 94 38.10317327767012 -22.270091432069762
      vertex 89 38.10317327767012 -22.270091432069762
    endloop
  endfacet
  facet normal 1 0 0
    outer loop
      vertex 94 38.435281540168184 -22.67476652080055
      vertex 94 37.798243101579644 -21.844561864156816
      vertex 94 38.10317327767012 -22.270091432069762
    endloop
  endfacet
  facet normal 0 -0.41270702980439566 -0.9108638249211755
    outer loop
      vertex 89 41.388532541079286 -24.791036260090294
      vertex 94 40.91169047824799 -24.574981932261505
      vertex 89 40.91169047824799 -24.574981932261505
    endloop
  endfacet
  facet normal 0 -0.35225004792123116 -0.9359059267573265
    outer loop
      vertex 89 41.388532541079286 -24.791036260090294
      vertex 94 41.878484277574714 -24.975441035960845
      vertex 94 41.388532541079286 -24.791036260090294
    endloop
  endfacet
  facet normal 0 -0.41270702980439566 -0.9108638249211755
    outer loop
      vertex 89 41.388532541079286 -24.791036260090294
      vertex 94 41.388532541079286 -24.791036260090294
      vertex 94 40.91169047824799 -24.574981932261505
    endloop
  endfacet
  facet normal 1 0 0
    outer loop
      vertex 94 41.388532541079286 -24.791036260090294
      vertex 94 41.878484277574714 -24.975441035960845
      vertex 94 40.91169047824799 -24.574981932261505
    endloop
  endfacet
  facet normal -1 0 0
    outer loop
      vertex 89 41.388532541079286 -24.791036260090294
      vertex 89 40.005438135843185 -24.05175689842036
      vertex 89 39.17523347919945 -23.414718459831818
    endloop
  endfacet
  facet normal 0 -0.5280678506503641 -0.8492021815265812
    outer loop
      vertex 89 40.005438135843185 -24.05175689842036
      vertex 89 40.45 -24.328203230275506
      vertex 94 40.005438135843185 -24.05175689842036
    endloop
  endfacet
  facet normal 0 -0.5824776968678066 -0.812846684591612
    outer loop
      vertex 89 40.005438135843185 -24.05175689842036
      vertex 94 40.005438135843185 -24.05175689842036
      vertex 89 39.57990856793024 -23.746826722329878
    endloop
  endfacet
  facet normal -1 0 0
    outer loop
      vertex 89 41.388532541079286 -24.791036260090294
      vertex 89 40.91169047824799 -24.574981932261505
      vertex 89 40.45 -24.328203230275506
    endloop
  endfacet
  facet normal 0 -0.4713967368260018 -0.8819212643483527
    outer loop
      vertex 89 40.91169047824799 -24.574981932261505
      vertex 94 40.91169047824799 -24.574981932261505
      vertex 89 40.45 -24.328203230275506
    endloop
  endfacet
  facet normal -1 0 0
    outer loop
      vertex 89 41.388532541079286 -24.791036260090294
      vertex 89 40.45 -24.328203230275506
      vertex 89 40.005438135843185 -24.05175689842036
    endloop
  endfacet
  facet normal -1 0 0
    outer loop
      vertex 89 41.388532541079286 -24.791036260090294
      vertex 89 39.17523347919945 -23.414718459831818
      vertex 89 44.45 -25.4
    endloop
  endfacet
  facet normal 0 -0.5824776968678066 -0.812846684591612
    outer loop
      vertex 94 40.005438135843185 -24.05175689842036
      vertex 94 39.57990856793024 -23.746826722329878
      vertex 89 39.57990856793024 -23.746826722329878
    endloop
  endfacet
  facet normal 1 0 0
    outer loop
      vertex 94 38.435281540168184 -22.67476652080055
      vertex 94 40.005438135843185 -24.05175689842036
      vertex 94 41.878484277574714 -24.975441035960845
    endloop
  endfacet
  facet normal 0 -0.4713967368260018 -0.8819212643483527
    outer loop
      vertex 89 40.45 -24.328203230275506
      vertex 94 40.91169047824799 -24.574981932261505
      vertex 94 40.45 -24.328203230275506
    endloop
  endfacet
  facet normal 0 -0.5280678506503641 -0.8492021815265812
    outer loop
      vertex 89 40.45 -24.328203230275506
      vertex 94 40.45 -24.328203230275506
      vertex 94 40.005438135843185 -24.05175689842036
    endloop
  endfacet
  facet normal 1 0 0
    outer loop
      vertex 94 40.005438135843185 -24.05175689842036
      vertex 94 40.91169047824799 -24.574981932261505
      vertex 94 41.878484277574714 -24.975441035960845
    endloop
  endfacet
  facet normal 1 0 0
    outer loop
      vertex 94 40.005438135843185 -24.05175689842036
      vertex 94 40.45 -24.328203230275506
      vertex 94 40.91169047824799 -24.574981932261505
    endloop
  endfacet
  facet normal -1 0 0
    outer loop
      vertex 89 41.388532541079286 -24.791036260090294
      vertex 89 42.88927742387098 -25.246282243225842
      vertex 89 42.37944763917984 -25.127406610312544
    endloop
  endfacet
  facet normal 0 -0.29028467725446105 -0.9569403357322094
    outer loop
      vertex 89 42.37944763917984 -25.127406610312544
      vertex 94 42.37944763917984 -25.127406610312544
      vertex 89 41.878484277574714 -24.975441035960845
    endloop
  endfacet
  facet normal 0 -0.22707626303437323 -0.9738769792773336
    outer loop
      vertex 89 42.37944763917984 -25.127406610312544
      vertex 89 42.88927742387098 -25.246282243225842
      vertex 94 42.88927742387098 -25.246282243225842
    endloop
  endfacet
  facet normal -1 0 0
    outer loop
      vertex 89 41.388532541079286 -24.791036260090294
      vertex 89 44.45 -25.4
      vertex 89 42.88927742387098 -25.246282243225842
    endloop
  endfacet
  facet normal -1 0 0
    outer loop
      vertex 89 41.388532541079286 -24.791036260090294
      vertex 89 42.37944763917984 -25.127406610312544
      vertex 89 41.878484277574714 -24.975441035960845
    endloop
  endfacet
  facet normal 0 -0.35225004792123116 -0.9359059267573265
    outer loop
      vertex 89 41.388532541079286 -24.791036260090294
      vertex 89 41.878484277574714 -24.975441035960845
      vertex 94 41.878484277574714 -24.975441035960845
    endloop
  endfacet
  facet normal -1 0 0
    outer loop
      vertex 89 42.88927742387098 -25.246282243225842
      vertex 89 44.45 -25.4
      vertex 89 43.405790462239594 -25.331558890990483
    endloop
  endfacet
  facet normal 0 -0.16289547339458982 -0.9866433320848788
    outer loop
      vertex 89 42.88927742387098 -25.246282243225842
      vertex 89 43.405790462239594 -25.331558890990483
      vertex 94 42.88927742387098 -25.246282243225842
    endloop
  endfacet
  facet normal 0 -0.09801714032956275 -0.9951847266721967
    outer loop
      vertex 89 43.405790462239594 -25.331558890990483
      vertex 89 43.92677496615886 -25.382871385908828
      vertex 94 43.92677496615886 -25.382871385908828
    endloop
  endfacet
  facet normal -1 0 0
    outer loop
      vertex 89 43.405790462239594 -25.331558890990483
      vertex 89 44.45 -25.4
      vertex 89 43.92677496615886 -25.382871385908828
    endloop
  endfacet
  facet normal 0 -0.03271908282177325 -0.9994645874763657
    outer loop
      vertex 89 43.92677496615886 -25.382871385908828
      vertex 89 44.45 -25.4
      vertex 94 43.92677496615886 -25.382871385908828
    endloop
  endfacet
  facet normal 0 -0.29028467725446105 -0.9569403357322094
    outer loop
      vertex 89 41.878484277574714 -24.975441035960845
      vertex 94 42.37944763917984 -25.127406610312544
      vertex 94 41.878484277574714 -24.975441035960845
    endloop
  endfacet
  facet normal 0 -0.22707626303437323 -0.9738769792773336
    outer loop
      vertex 89 42.37944763917984 -25.127406610312544
      vertex 94 42.88927742387098 -25.246282243225842
      vertex 94 42.37944763917984 -25.127406610312544
    endloop
  endfacet
  facet normal 1 0 0
    outer loop
      vertex 94 42.37944763917984 -25.127406610312544
      vertex 94 42.88927742387098 -25.246282243225842
      vertex 94 41.878484277574714 -24.975441035960845
    endloop
  endfacet
  facet normal 1 0 0
    outer loop
      vertex 94 42.88927742387098 -25.246282243225842
      vertex 94 43.92677496615886 -25.382871385908828
      vertex 94 41.878484277574714 -24.975441035960845
    endloop
  endfacet
  facet normal 0 -0.16289547339458982 -0.9866433320848788
    outer loop
      vertex 89 43.405790462239594 -25.331558890990483
      vertex 94 43.405790462239594 -25.331558890990483
      vertex 94 42.88927742387098 -25.246282243225842
    endloop
  endfacet
  facet normal 0 -0.09801714032956275 -0.9951847266721967
    outer loop
      vertex 89 43.405790462239594 -25.331558890990483
      vertex 94 43.92677496615886 -25.382871385908828
      vertex 94 43.405790462239594 -25.331558890990483
    endloop
  endfacet
  facet normal 0 -0.03271908282177325 -0.9994645874763657
    outer loop
      vertex 94 43.92677496615886 -25.382871385908828
      vertex 89 44.45 -25.4
      vertex 94 44.45 -25.4
    endloop
  endfacet
  facet normal 1 0 0
    outer loop
      vertex 94 42.88927742387098 -25.246282243225842
      vertex 94 43.405790462239594 -25.331558890990483
      vertex 94 43.92677496615886 -25.382871385908828
    endloop
  endfacet
  facet normal 1 0 0
    outer loop
      vertex 94 41.878484277574714 -24.975441035960845
      vertex 94 43.92677496615886 -25.382871385908828
      vertex 94 46.01072257612903 -25.246282243225842
    endloop
  endfacet
  facet normal 1 0 0
    outer loop
      vertex 94 38.435281540168184 -22.67476652080055
      vertex 94 41.878484277574714 -24.975441035960845
      vertex 94 46.01072257612903 -25.246282243225842
    endloop
  endfacet
  facet normal -1 0 0
    outer loop
      vertex 89 40.005438135843185 -24.05175689842036
      vertex 89 39.57990856793024 -23.746826722329878
      vertex 89 39.17523347919945 -23.414718459831818
    endloop
  endfacet
  facet normal 0 -0.6343932841636388 -0.7730104533627423
    outer loop
      vertex 89 39.57990856793024 -23.746826722329878
      vertex 94 39.57990856793024 -23.746826722329878
      vertex 89 39.17523347919945 -23.414718459831818
    endloop
  endfacet
  facet normal 0 -0.6835923020228719 -0.7298640726978349
    outer loop
      vertex 89 38.79314575050762 -23.05685424949238
      vertex 89 39.17523347919945 -23.414718459831818
      vertex 94 38.79314575050762 -23.05685424949238
    endloop
  endfacet
  facet normal 0 -0.6343932841636388 -0.7730104533627423
    outer loop
      vertex 89 39.17523347919945 -23.414718459831818
      vertex 94 39.57990856793024 -23.746826722329878
      vertex 94 39.17523347919945 -23.414718459831818
    endloop
  endfacet
  facet normal 1 0 0
    outer loop
      vertex 94 40.005438135843185 -24.05175689842036
      vertex 94 39.17523347919945 -23.414718459831818
      vertex 94 39.57990856793024 -23.746826722329878
    endloop
  endfacet
  facet normal 0 -0.6835923020228719 -0.7298640726978349
    outer loop
      vertex 94 38.79314575050762 -23.05685424949238
      vertex 89 39.17523347919945 -23.414718459831818
      vertex 94 39.17523347919945 -23.414718459831818
    endloop
  endfacet
  facet normal 1 0 0
    outer loop
      vertex 94 38.435281540168184 -22.67476652080055
      vertex 94 39.17523347919945 -23.414718459831818
      vertex 94 40.005438135843185 -24.05175689842036
    endloop
  endfacet
  facet normal -1 0 0
    outer loop
      vertex 89 39.17523347919945 -23.414718459831818
      vertex 89 36.87455896403916 -19.97151572242529
      vertex 89 44.45 -25.4
    endloop
  endfacet
  facet normal 0 -0.8128466845916151 -0.5824776968678022
    outer loop
      vertex 89 38.10317327767012 -22.270091432069762
      vertex 94 37.798243101579644 -21.844561864156816
      vertex 89 37.798243101579644 -21.844561864156816
    endloop
  endfacet
  facet normal -1 0 0
    outer loop
      vertex 89 39.17523347919945 -23.414718459831818
      vertex 89 37.798243101579644 -21.844561864156816
      vertex 89 36.87455896403916 -19.97151572242529
    endloop
  endfacet
  facet normal 0 -0.8492021815265782 -0.528067850650369
    outer loop
      vertex 89 37.521796769724496 -21.4
      vertex 89 37.798243101579644 -21.844561864156816
      vertex 94 37.521796769724496 -21.4
    endloop
  endfacet
  facet normal 0 -0.8128466845916151 -0.5824776968678022
    outer loop
      vertex 89 38.10317327767012 -22.270091432069762
      vertex 94 38.10317327767012 -22.270091432069762
      vertex 94 37.798243101579644 -21.844561864156816
    endloop
  endfacet
  facet normal 1 0 0
    outer loop
      vertex 94 38.435281540168184 -22.67476652080055
      vertex 94 37.521796769724496 -21.4
      vertex 94 37.798243101579644 -21.844561864156816
    endloop
  endfacet
  facet normal 0 -0.8492021815265782 -0.528067850650369
    outer loop
      vertex 89 37.798243101579644 -21.844561864156816
      vertex 94 37.798243101579644 -21.844561864156816
      vertex 94 37.521796769724496 -21.4
    endloop
  endfacet
  facet normal 1 0 0
    outer loop
      vertex 94 38.435281540168184 -22.67476652080055
      vertex 94 37.05896373990971 -20.461467458920716
      vertex 94 37.521796769724496 -21.4
    endloop
  endfacet
  facet normal 0 -0.8819212643483556 -0.47139673682599653
    outer loop
      vertex 89 37.521796769724496 -21.4
      vertex 94 37.2750180677385 -20.93830952175201
      vertex 89 37.2750180677385 -20.93830952175201
    endloop
  endfacet
  facet normal -1 0 0
    outer loop
      vertex 89 37.798243101579644 -21.844561864156816
      vertex 89 37.2750180677385 -20.93830952175201
      vertex 89 36.87455896403916 -19.97151572242529
    endloop
  endfacet
  facet normal -1 0 0
    outer loop
      vertex 89 37.521796769724496 -21.4
      vertex 89 37.2750180677385 -20.93830952175201
      vertex 89 37.798243101579644 -21.844561864156816
    endloop
  endfacet
  facet normal 0 -0.8819212643483556 -0.47139673682599653
    outer loop
      vertex 89 37.521796769724496 -21.4
      vertex 94 37.521796769724496 -21.4
      vertex 94 37.2750180677385 -20.93830952175201
    endloop
  endfacet
  facet normal 0 -0.9108638249211728 -0.41270702980440127
    outer loop
      vertex 89 37.2750180677385 -20.93830952175201
      vertex 94 37.2750180677385 -20.93830952175201
      vertex 94 37.05896373990971 -20.461467458920716
    endloop
  endfacet
  facet normal 1 0 0
    outer loop
      vertex 94 37.521796769724496 -21.4
      vertex 94 37.05896373990971 -20.461467458920716
      vertex 94 37.2750180677385 -20.93830952175201
    endloop
  endfacet
  facet normal -1 0 0
    outer loop
      vertex 89 37.2750180677385 -20.93830952175201
      vertex 89 37.05896373990971 -20.461467458920716
      vertex 89 36.87455896403916 -19.97151572242529
    endloop
  endfacet
  facet normal 0 -0.9108638249211728 -0.41270702980440127
    outer loop
      vertex 89 37.2750180677385 -20.93830952175201
      vertex 94 37.05896373990971 -20.461467458920716
      vertex 89 37.05896373990971 -20.461467458920716
    endloop
  endfacet
  facet normal 0 -0.935905926757328 -0.35225004792122744
    outer loop
      vertex 89 37.05896373990971 -20.461467458920716
      vertex 94 37.05896373990971 -20.461467458920716
      vertex 89 36.87455896403916 -19.97151572242529
    endloop
  endfacet
  facet normal 1 0 0
    outer loop
      vertex 94 38.435281540168184 -22.67476652080055
      vertex 94 36.51844110900952 -18.44420953776041
      vertex 94 37.05896373990971 -20.461467458920716
    endloop
  endfacet
  facet normal 0 -0.935905926757328 -0.35225004792122744
    outer loop
      vertex 89 36.87455896403916 -19.97151572242529
      vertex 94 37.05896373990971 -20.461467458920716
      vertex 94 36.87455896403916 -19.97151572242529
    endloop
  endfacet
  facet normal 1 0 0
    outer loop
      vertex 94 37.05896373990971 -20.461467458920716
      vertex 94 36.722593389687454 -19.470552360820164
      vertex 94 36.87455896403916 -19.97151572242529
    endloop
  endfacet
  facet normal 0 -0.956940335732206 -0.2902846772544716
    outer loop
      vertex 89 36.87455896403916 -19.97151572242529
      vertex 94 36.722593389687454 -19.470552360820164
      vertex 89 36.722593389687454 -19.470552360820164
    endloop
  endfacet
  facet normal -1 0 0
    outer loop
      vertex 89 36.87455896403916 -19.97151572242529
      vertex 89 36.722593389687454 -19.470552360820164
      vertex 89 36.51844110900952 -18.44420953776041
    endloop
  endfacet
  facet normal 0 -0.9738769792773347 -0.22707626303436831
    outer loop
      vertex 89 36.722593389687454 -19.470552360820164
      vertex 94 36.60371775677416 -18.960722576129026
      vertex 89 36.60371775677416 -18.960722576129026
    endloop
  endfacet
  facet normal 0 -0.956940335732206 -0.2902846772544716
    outer loop
      vertex 89 36.87455896403916 -19.97151572242529
      vertex 94 36.87455896403916 -19.97151572242529
      vertex 94 36.722593389687454 -19.470552360820164
    endloop
  endfacet
  facet normal 1 0 0
    outer loop
      vertex 94 37.05896373990971 -20.461467458920716
      vertex 94 36.51844110900952 -18.44420953776041
      vertex 94 36.722593389687454 -19.470552360820164
    endloop
  endfacet
  facet normal 0 -0.9738769792773347 -0.22707626303436831
    outer loop
      vertex 89 36.722593389687454 -19.470552360820164
      vertex 94 36.722593389687454 -19.470552360820164
      vertex 94 36.60371775677416 -18.960722576129026
    endloop
  endfacet
  facet normal -1 0 0
    outer loop
      vertex 89 43.6981092266277 -18.92468366060557
      vertex 89 44.45 -25.4
      vertex 89 43.6 -18.872243186433543
    endloop
  endfacet
  facet normal -1 0 0
    outer loop
      vertex 89 43.6981092266277 -18.92468366060557
      vertex 89 43.79943816497935 -18.970595205269184
      vertex 89 44.45 -25.4
    endloop
  endfacet
  facet normal -1 0 0
    outer loop
      vertex 89 43.90355290898463 -19.00978122014168
      vertex 89 44.45 -25.4
      vertex 89 43.79943816497935 -18.970595205269184
    endloop
  endfacet
  facet normal -1 0 0
    outer loop
      vertex 89 44.11834645257259 -19.06733497668549
      vertex 89 44.22810547322592 -19.085456264335477
      vertex 89 44.45 -25.4
    endloop
  endfacet
  facet normal -1 0 0
    outer loop
      vertex 89 43.90355290898463 -19.00978122014168
      vertex 89 44.01000762332572 -19.042073904691414
      vertex 89 44.45 -25.4
    endloop
  endfacet
  facet normal -1 0 0
    outer loop
      vertex 89 44.01000762332572 -19.042073904691414
      vertex 89 44.11834645257259 -19.06733497668549
      vertex 89 44.45 -25.4
    endloop
  endfacet
  facet normal -1 0 0
    outer loop
      vertex 89 44.22810547322592 -19.085456264335477
      vertex 89 44.33881468030876 -19.096360169505623
      vertex 89 44.45 -25.4
    endloop
  endfacet
  facet normal -1 0 0
    outer loop
      vertex 89 44.33881468030876 -19.096360169505623
      vertex 89 44.45 -19.099999999999998
      vertex 89 44.45 -25.4
    endloop
  endfacet
  facet normal -1 0 0
    outer loop
      vertex 89 43.41510557068518 -18.748700678495098
      vertex 89 44.45 -25.4
      vertex 89 43.32911211432989 -18.67812767271426
    endloop
  endfacet
  facet normal -1 0 0
    outer loop
      vertex 89 43.32911211432989 -18.67812767271426
      vertex 89 44.45 -25.4
      vertex 89 43.24791847198287 -18.60208152801713
    endloop
  endfacet
  facet normal -1 0 0
    outer loop
      vertex 89 43.24791847198287 -18.60208152801713
      vertex 89 44.45 -25.4
      vertex 89 43.17187232728574 -18.520887885670117
    endloop
  endfacet
  facet normal -1 0 0
    outer loop
      vertex 89 43.17187232728574 -18.520887885670117
      vertex 89 44.45 -25.4
      vertex 89 43.101299321504904 -18.434894429314824
    endloop
  endfacet
  facet normal -1 0 0
    outer loop
      vertex 89 43.101299321504904 -18.434894429314824
      vertex 89 44.45 -25.4
      vertex 89 43.03650165908567 -18.344469396133324
    endloop
  endfacet
  facet normal -1 0 0
    outer loop
      vertex 89 43.03650165908567 -18.344469396133324
      vertex 89 44.45 -25.4
      vertex 89 42.97775681356646 -18.25
    endloop
  endfacet
  facet normal -1 0 0
    outer loop
      vertex 89 43.41510557068518 -18.748700678495098
      vertex 89 43.50553060386668 -18.813498340914325
      vertex 89 44.45 -25.4
    endloop
  endfacet
  facet normal -1 0 0
    outer loop
      vertex 89 43.6 -18.872243186433543
      vertex 89 44.45 -25.4
      vertex 89 43.50553060386668 -18.813498340914325
    endloop
  endfacet
  facet normal 1 0 0
    outer loop
      vertex 94 38.435281540168184 -22.67476652080055
      vertex 94 43.32911211432989 -18.67812767271426
      vertex 94 43.24791847198287 -18.60208152801713
    endloop
  endfacet
  facet normal 1 0 0
    outer loop
      vertex 94 38.435281540168184 -22.67476652080055
      vertex 94 43.24791847198287 -18.60208152801713
      vertex 94 43.17187232728574 -18.520887885670117
    endloop
  endfacet
  facet normal 1 0 0
    outer loop
      vertex 94 38.435281540168184 -22.67476652080055
      vertex 94 43.17187232728574 -18.520887885670117
      vertex 94 43.101299321504904 -18.434894429314824
    endloop
  endfacet
  facet normal 1 0 0
    outer loop
      vertex 94 38.435281540168184 -22.67476652080055
      vertex 94 43.03650165908567 -18.344469396133324
      vertex 94 42.97775681356646 -18.25
    endloop
  endfacet
  facet normal 1 0 0
    outer loop
      vertex 94 38.435281540168184 -22.67476652080055
      vertex 94 43.101299321504904 -18.434894429314824
      vertex 94 43.03650165908567 -18.344469396133324
    endloop
  endfacet
  facet normal 1 0 0
    outer loop
      vertex 94 38.435281540168184 -22.67476652080055
      vertex 94 42.97775681356646 -18.25
      vertex 94 42.925316339394435 -18.1518907733723
    endloop
  endfacet
  facet normal 1 0 0
    outer loop
      vertex 94 38.435281540168184 -22.67476652080055
      vertex 94 42.925316339394435 -18.1518907733723
      vertex 94 42.87940479473082 -18.050561835020652
    endloop
  endfacet
  facet normal -1 0 0
    outer loop
      vertex 89 42.87940479473082 -18.050561835020652
      vertex 89 44.45 -25.4
      vertex 89 42.840218779858326 -17.946447091015372
    endloop
  endfacet
  facet normal -1 0 0
    outer loop
      vertex 89 42.97775681356646 -18.25
      vertex 89 44.45 -25.4
      vertex 89 42.925316339394435 -18.1518907733723
    endloop
  endfacet
  facet normal -1 0 0
    outer loop
      vertex 89 42.925316339394435 -18.1518907733723
      vertex 89 44.45 -25.4
      vertex 89 42.87940479473082 -18.050561835020652
    endloop
  endfacet
  facet normal -1 0 0
    outer loop
      vertex 89 42.840218779858326 -17.946447091015372
      vertex 89 44.45 -25.4
      vertex 89 42.80792609530859 -17.839992376674285
    endloop
  endfacet
  facet normal -1 0 0
    outer loop
      vertex 89 42.80792609530859 -17.839992376674285
      vertex 89 44.45 -25.4
      vertex 89 42.782665023314514 -17.731653547427417
    endloop
  endfacet
  facet normal 1 0 0
    outer loop
      vertex 94 38.435281540168184 -22.67476652080055
      vertex 94 44.01000762332572 -19.042073904691414
      vertex 94 43.90355290898463 -19.00978122014168
    endloop
  endfacet
  facet normal 1 0 0
    outer loop
      vertex 94 38.435281540168184 -22.67476652080055
      vertex 94 44.11834645257259 -19.06733497668549
      vertex 94 44.01000762332572 -19.042073904691414
    endloop
  endfacet
  facet normal 1 0 0
    outer loop
      vertex 94 38.435281540168184 -22.67476652080055
      vertex 94 44.22810547322592 -19.085456264335477
      vertex 94 44.11834645257259 -19.06733497668549
    endloop
  endfacet
  facet normal 1 0 0
    outer loop
      vertex 94 38.435281540168184 -22.67476652080055
      vertex 94 44.33881468030876 -19.096360169505623
      vertex 94 44.22810547322592 -19.085456264335477
    endloop
  endfacet
  facet normal 1 0 0
    outer loop
      vertex 94 38.435281540168184 -22.67476652080055
      vertex 94 44.45 -19.099999999999998
      vertex 94 44.33881468030876 -19.096360169505623
    endloop
  endfacet
  facet normal 1 0 0
    outer loop
      vertex 94 38.435281540168184 -22.67476652080055
      vertex 94 44.56118531969125 -19.096360169505623
      vertex 94 44.45 -19.099999999999998
    endloop
  endfacet
  facet normal 1 0 0
    outer loop
      vertex 94 38.435281540168184 -22.67476652080055
      vertex 94 44.67189452677409 -19.085456264335477
      vertex 94 44.56118531969125 -19.096360169505623
    endloop
  endfacet
  facet normal 1 0 0
    outer loop
      vertex 94 38.435281540168184 -22.67476652080055
      vertex 94 44.78165354742742 -19.06733497668549
      vertex 94 44.67189452677409 -19.085456264335477
    endloop
  endfacet
  facet normal 1 0 0
    outer loop
      vertex 94 38.435281540168184 -22.67476652080055
      vertex 94 44.889992376674286 -19.042073904691414
      vertex 94 44.78165354742742 -19.06733497668549
    endloop
  endfacet
  facet normal 1 0 0
    outer loop
      vertex 94 38.435281540168184 -22.67476652080055
      vertex 94 44.996447091015376 -19.00978122014168
      vertex 94 44.889992376674286 -19.042073904691414
    endloop
  endfacet
  facet normal 1 0 0
    outer loop
      vertex 94 38.435281540168184 -22.67476652080055
      vertex 94 43.6981092266277 -18.92468366060557
      vertex 94 43.6 -18.872243186433543
    endloop
  endfacet
  facet normal 1 0 0
    outer loop
      vertex 94 38.435281540168184 -22.67476652080055
      vertex 94 43.79943816497935 -18.970595205269184
      vertex 94 43.6981092266277 -18.92468366060557
    endloop
  endfacet
  facet normal 1 0 0
    outer loop
      vertex 94 38.435281540168184 -22.67476652080055
      vertex 94 43.50553060386668 -18.813498340914325
      vertex 94 43.41510557068518 -18.748700678495098
    endloop
  endfacet
  facet normal 1 0 0
    outer loop
      vertex 94 38.435281540168184 -22.67476652080055
      vertex 94 43.6 -18.872243186433543
      vertex 94 43.50553060386668 -18.813498340914325
    endloop
  endfacet
  facet normal 1 0 0
    outer loop
      vertex 94 38.435281540168184 -22.67476652080055
      vertex 94 43.90355290898463 -19.00978122014168
      vertex 94 43.79943816497935 -18.970595205269184
    endloop
  endfacet
  facet normal 1 0 0
    outer loop
      vertex 94 38.435281540168184 -22.67476652080055
      vertex 94 43.41510557068518 -18.748700678495098
      vertex 94 43.32911211432989 -18.67812767271426
    endloop
  endfacet
  facet normal 1 0 0
    outer loop
      vertex 94 38.435281540168184 -22.67476652080055
      vertex 94 45.100561835020656 -18.970595205269184
      vertex 94 44.996447091015376 -19.00978122014168
    endloop
  endfacet
  facet normal 1 0 0
    outer loop
      vertex 94 38.435281540168184 -22.67476652080055
      vertex 94 45.201890773372305 -18.92468366060557
      vertex 94 45.100561835020656 -18.970595205269184
    endloop
  endfacet
  facet normal 1 0 0
    outer loop
      vertex 94 38.435281540168184 -22.67476652080055
      vertex 94 45.300000000000004 -18.872243186433543
      vertex 94 45.201890773372305 -18.92468366060557
    endloop
  endfacet
  facet normal -1 0 0
    outer loop
      vertex 89 36.722593389687454 -19.470552360820164
      vertex 89 36.60371775677416 -18.960722576129026
      vertex 89 36.51844110900952 -18.44420953776041
    endloop
  endfacet
  facet normal 0 -0.9866433320848799 -0.1628954733945832
    outer loop
      vertex 89 36.60371775677416 -18.960722576129026
      vertex 94 36.60371775677416 -18.960722576129026
      vertex 89 36.51844110900952 -18.44420953776041
    endloop
  endfacet
  facet normal -1 0 0
    outer loop
      vertex 89 36.87455896403916 -19.97151572242529
      vertex 89 36.51844110900952 -18.44420953776041
      vertex 89 36.45 -17.4
    endloop
  endfacet
  facet normal 0 -0.995184726672196 -0.0980171403295688
    outer loop
      vertex 89 36.51844110900952 -18.44420953776041
      vertex 94 36.51844110900952 -18.44420953776041
      vertex 89 36.46712861409117 -17.923225033841142
    endloop
  endfacet
  facet normal 1 0 0
    outer loop
      vertex 94 36.722593389687454 -19.470552360820164
      vertex 94 36.51844110900952 -18.44420953776041
      vertex 94 36.60371775677416 -18.960722576129026
    endloop
  endfacet
  facet normal 0 -0.9866433320848799 -0.1628954733945832
    outer loop
      vertex 89 36.51844110900952 -18.44420953776041
      vertex 94 36.60371775677416 -18.960722576129026
      vertex 94 36.51844110900952 -18.44420953776041
    endloop
  endfacet
  facet normal -1 0 0
    outer loop
      vertex 89 36.51844110900952 -18.44420953776041
      vertex 89 36.46712861409117 -17.923225033841142
      vertex 89 36.45 -17.4
    endloop
  endfacet
  facet normal 0 -0.9994645874763657 -0.03271908282177325
    outer loop
      vertex 89 36.46712861409117 -17.923225033841142
      vertex 94 36.45 -17.4
      vertex 89 36.45 -17.4
    endloop
  endfacet
  facet normal 0 -0.995184726672196 -0.0980171403295688
    outer loop
      vertex 94 36.51844110900952 -18.44420953776041
      vertex 94 36.46712861409117 -17.923225033841142
      vertex 89 36.46712861409117 -17.923225033841142
    endloop
  endfacet
  facet normal 1 0 0
    outer loop
      vertex 94 36.51844110900952 -18.44420953776041
      vertex 94 36.45 -17.4
      vertex 94 36.46712861409117 -17.923225033841142
    endloop
  endfacet
  facet normal 0 -0.9994645874763657 -0.03271908282177325
    outer loop
      vertex 89 36.46712861409117 -17.923225033841142
      vertex 94 36.46712861409117 -17.923225033841142
      vertex 94 36.45 -17.4
    endloop
  endfacet
  facet normal -1 0 0
    outer loop
      vertex 89 36.87455896403916 -19.97151572242529
      vertex 89 36.45 -3
      vertex 89 44.45 -25.4
    endloop
  endfacet
  facet normal 1 0 0
    outer loop
      vertex 94 38.435281540168184 -22.67476652080055
      vertex 94 36.45 -3
      vertex 94 36.51844110900952 -18.44420953776041
    endloop
  endfacet
  facet normal -1 0 0
    outer loop
      vertex 89 36.87455896403916 -19.97151572242529
      vertex 89 36.45 -17.4
      vertex 89 36.45 -3
    endloop
  endfacet
  facet normal 1 0 0
    outer loop
      vertex 94 36.51844110900952 -18.44420953776041
      vertex 94 36.45 -3
      vertex 94 36.45 -17.4
    endloop
  endfacet
  facet normal -1 0 0
    outer loop
      vertex 89 42.782665023314514 -17.731653547427417
      vertex 89 44.45 -25.4
      vertex 89 36.45 -3
    endloop
  endfacet
  facet normal 1 0 0
    outer loop
      vertex 94 38.435281540168184 -22.67476652080055
      vertex 94 42.87940479473082 -18.050561835020652
      vertex 94 36.45 -3
    endloop
  endfacet
  facet normal -1 0 0
    outer loop
      vertex 89 42.782665023314514 -17.731653547427417
      vertex 89 36.45 -3
      vertex 89 42.764543735664525 -17.621894526774085
    endloop
  endfacet
  facet normal -1 0 0
    outer loop
      vertex 89 42.764543735664525 -17.621894526774085
      vertex 89 36.45 -3
      vertex 89 42.75363983049438 -17.511185319691243
    endloop
  endfacet
  facet normal 1 0 0
    outer loop
      vertex 94 42.87940479473082 -18.050561835020652
      vertex 94 42.840218779858326 -17.946447091015372
      vertex 94 36.45 -3
    endloop
  endfacet
  facet normal 1 0 0
    outer loop
      vertex 94 42.840218779858326 -17.946447091015372
      vertex 94 42.80792609530859 -17.839992376674285
      vertex 94 36.45 -3
    endloop
  endfacet
  facet normal 1 0 0
    outer loop
      vertex 94 42.80792609530859 -17.839992376674285
      vertex 94 42.782665023314514 -17.731653547427417
      vertex 94 36.45 -3
    endloop
  endfacet
  facet normal 1 0 0
    outer loop
      vertex 94 42.782665023314514 -17.731653547427417
      vertex 94 42.764543735664525 -17.621894526774085
      vertex 94 36.45 -3
    endloop
  endfacet
  facet normal 1 0 0
    outer loop
      vertex 94 42.764543735664525 -17.621894526774085
      vertex 94 42.75363983049438 -17.511185319691243
      vertex 94 36.45 -3
    endloop
  endfacet
  facet normal 0 -1 0
    outer loop
      vertex 89 36.45 -17.4
      vertex 94 36.45 -17.4
      vertex 89 36.45 -3
    endloop
  endfacet
  facet normal -1 0 0
    outer loop
      vertex 89 42.75363983049438 -17.511185319691243
      vertex 89 36.45 -3
      vertex 89 42.75 -17.4
    endloop
  endfacet
  facet normal -1 0 0
    outer loop
      vertex 89 42.75 -17.4
      vertex 89 36.45 -3
      vertex 89 42.75363983049438 -17.288814680308754
    endloop
  endfacet
  facet normal -1 0 0
    outer loop
      vertex 89 42.75363983049438 -17.288814680308754
      vertex 89 36.45 -3
      vertex 89 42.764543735664525 -17.178105473225912
    endloop
  endfacet
  facet normal -1 0 0
    outer loop
      vertex 89 42.764543735664525 -17.178105473225912
      vertex 89 36.45 -3
      vertex 89 42.782665023314514 -17.06834645257258
    endloop
  endfacet
  facet normal -1 0 0
    outer loop
      vertex 89 42.782665023314514 -17.06834645257258
      vertex 89 36.45 -3
      vertex 89 42.80792609530859 -16.960007623325712
    endloop
  endfacet
  facet normal -1 0 0
    outer loop
      vertex 89 42.80792609530859 -16.960007623325712
      vertex 89 36.45 -3
      vertex 89 42.840218779858326 -16.853552908984625
    endloop
  endfacet
  facet normal -1 0 0
    outer loop
      vertex 89 42.840218779858326 -16.853552908984625
      vertex 89 36.45 -3
      vertex 89 42.87940479473082 -16.749438164979345
    endloop
  endfacet
  facet normal -1 0 0
    outer loop
      vertex 89 42.87940479473082 -16.749438164979345
      vertex 89 36.45 -3
      vertex 89 42.925316339394435 -16.648109226627696
    endloop
  endfacet
  facet normal -1 0 0
    outer loop
      vertex 89 42.925316339394435 -16.648109226627696
      vertex 89 36.45 -3
      vertex 89 42.97775681356646 -16.549999999999997
    endloop
  endfacet
  facet normal -1 0 0
    outer loop
      vertex 89 42.97775681356646 -16.549999999999997
      vertex 89 36.45 -3
      vertex 89 43.03650165908567 -16.455530603866674
    endloop
  endfacet
  facet normal -1 0 0
    outer loop
      vertex 89 43.03650165908567 -16.455530603866674
      vertex 89 36.45 -3
      vertex 89 43.101299321504904 -16.365105570685174
    endloop
  endfacet
  facet normal 1 0 0
    outer loop
      vertex 94 42.75363983049438 -17.511185319691243
      vertex 94 42.75 -17.4
      vertex 94 36.45 -3
    endloop
  endfacet
  facet normal 1 0 0
    outer loop
      vertex 94 42.75 -17.4
      vertex 94 42.75363983049438 -17.288814680308754
      vertex 94 36.45 -3
    endloop
  endfacet
  facet normal 1 0 0
    outer loop
      vertex 94 42.75363983049438 -17.288814680308754
      vertex 94 42.764543735664525 -17.178105473225912
      vertex 94 36.45 -3
    endloop
  endfacet
  facet normal 1 0 0
    outer loop
      vertex 94 42.764543735664525 -17.178105473225912
      vertex 94 42.782665023314514 -17.06834645257258
      vertex 94 36.45 -3
    endloop
  endfacet
  facet normal 1 0 0
    outer loop
      vertex 94 42.782665023314514 -17.06834645257258
      vertex 94 42.80792609530859 -16.960007623325712
      vertex 94 36.45 -3
    endloop
  endfacet
  facet normal 1 0 0
    outer loop
      vertex 94 42.80792609530859 -16.960007623325712
      vertex 94 42.840218779858326 -16.853552908984625
      vertex 94 36.45 -3
    endloop
  endfacet
  facet normal 1 0 0
    outer loop
      vertex 94 42.840218779858326 -16.853552908984625
      vertex 94 42.87940479473082 -16.749438164979345
      vertex 94 36.45 -3
    endloop
  endfacet
  facet normal 1 0 0
    outer loop
      vertex 94 42.87940479473082 -16.749438164979345
      vertex 94 42.925316339394435 -16.648109226627696
      vertex 94 36.45 -3
    endloop
  endfacet
  facet normal 1 0 0
    outer loop
      vertex 94 42.925316339394435 -16.648109226627696
      vertex 94 42.97775681356646 -16.549999999999997
      vertex 94 36.45 -3
    endloop
  endfacet
  facet normal 1 0 0
    outer loop
      vertex 94 42.97775681356646 -16.549999999999997
      vertex 94 43.03650165908567 -16.455530603866674
      vertex 94 36.45 -3
    endloop
  endfacet
  facet normal 1 0 0
    outer loop
      vertex 94 43.03650165908567 -16.455530603866674
      vertex 94 43.101299321504904 -16.365105570685174
      vertex 94 36.45 -3
    endloop
  endfacet
  facet normal -1 0 0
    outer loop
      vertex 89 43.101299321504904 -16.365105570685174
      vertex 89 36.45 -3
      vertex 89 43.17187232728574 -16.27911211432988
    endloop
  endfacet
  facet normal -1 0 0
    outer loop
      vertex 89 43.17187232728574 -16.27911211432988
      vertex 89 36.45 -3
      vertex 89 43.24791847198287 -16.197918471982867
    endloop
  endfacet
  facet normal -1 0 0
    outer loop
      vertex 89 43.24791847198287 -16.197918471982867
      vertex 89 36.45 -3
      vertex 89 43.32911211432989 -16.121872327285736
    endloop
  endfacet
  facet normal -1 0 0
    outer loop
      vertex 89 43.32911211432989 -16.121872327285736
      vertex 89 36.45 -3
      vertex 89 43.41510557068518 -16.0512993215049
    endloop
  endfacet
  facet normal -1 0 0
    outer loop
      vertex 89 43.41510557068518 -16.0512993215049
      vertex 89 36.45 -3
      vertex 89 43.50553060386668 -15.986501659085672
    endloop
  endfacet
  facet normal -1 0 0
    outer loop
      vertex 89 43.50553060386668 -15.986501659085672
      vertex 89 36.45 -3
      vertex 89 43.6 -15.927756813566454
    endloop
  endfacet
  facet normal -1 0 0
    outer loop
      vertex 89 43.6 -15.927756813566454
      vertex 89 36.45 -3
      vertex 89 43.6981092266277 -15.875316339394429
    endloop
  endfacet
  facet normal -1 0 0
    outer loop
      vertex 89 43.6981092266277 -15.875316339394429
      vertex 89 36.45 -3
      vertex 89 43.79943816497935 -15.829404794730811
    endloop
  endfacet
  facet normal 1 0 0
    outer loop
      vertex 94 43.101299321504904 -16.365105570685174
      vertex 94 43.17187232728574 -16.27911211432988
      vertex 94 36.45 -3
    endloop
  endfacet
  facet normal 1 0 0
    outer loop
      vertex 94 43.17187232728574 -16.27911211432988
      vertex 94 43.24791847198287 -16.197918471982867
      vertex 94 36.45 -3
    endloop
  endfacet
  facet normal 1 0 0
    outer loop
      vertex 94 43.24791847198287 -16.197918471982867
      vertex 94 43.32911211432989 -16.121872327285736
      vertex 94 36.45 -3
    endloop
  endfacet
  facet normal 1 0 0
    outer loop
      vertex 94 43.32911211432989 -16.121872327285736
      vertex 94 43.41510557068518 -16.0512993215049
      vertex 94 36.45 -3
    endloop
  endfacet
  facet normal 1 0 0
    outer loop
      vertex 94 43.41510557068518 -16.0512993215049
      vertex 94 43.50553060386668 -15.986501659085672
      vertex 94 36.45 -3
    endloop
  endfacet
  facet normal 1 0 0
    outer loop
      vertex 94 43.50553060386668 -15.986501659085672
      vertex 94 43.6 -15.927756813566454
      vertex 94 36.45 -3
    endloop
  endfacet
  facet normal 1 0 0
    outer loop
      vertex 94 43.6 -15.927756813566454
      vertex 94 43.6981092266277 -15.875316339394429
      vertex 94 36.45 -3
    endloop
  endfacet
  facet normal 1 0 0
    outer loop
      vertex 94 43.6981092266277 -15.875316339394429
      vertex 94 43.79943816497935 -15.829404794730811
      vertex 94 36.45 -3
    endloop
  endfacet
  facet normal 1 0 0
    outer loop
      vertex 94 43.79943816497935 -15.829404794730811
      vertex 94 43.90355290898463 -15.79021877985832
      vertex 94 36.45 -3
    endloop
  endfacet
  facet normal 1 0 0
    outer loop
      vertex 94 43.90355290898463 -15.79021877985832
      vertex 94 44.01000762332572 -15.757926095308582
      vertex 94 36.45 -3
    endloop
  endfacet
  facet normal 1 0 0
    outer loop
      vertex 94 44.01000762332572 -15.757926095308582
      vertex 94 44.11834645257259 -15.732665023314507
      vertex 94 36.45 -3
    endloop
  endfacet
  facet normal 1 0 0
    outer loop
      vertex 94 44.11834645257259 -15.732665023314507
      vertex 94 44.22810547322592 -15.71454373566452
      vertex 94 36.45 -3
    endloop
  endfacet
  facet normal 1 0 0
    outer loop
      vertex 94 45.7987006784951 -16.365105570685174
      vertex 94 45.86349834091433 -16.455530603866674
      vertex 94 36.45 -3
    endloop
  endfacet
  facet normal 1 0 0
    outer loop
      vertex 94 45.100561835020656 -15.829404794730811
      vertex 94 36.45 -3
      vertex 94 44.996447091015376 -15.79021877985832
    endloop
  endfacet
  facet normal 1 0 0
    outer loop
      vertex 94 44.996447091015376 -15.79021877985832
      vertex 94 36.45 -3
      vertex 94 44.889992376674286 -15.757926095308582
    endloop
  endfacet
  facet normal 1 0 0
    outer loop
      vertex 94 45.100561835020656 -15.829404794730811
      vertex 94 45.201890773372305 -15.875316339394429
      vertex 94 36.45 -3
    endloop
  endfacet
  facet normal 1 0 0
    outer loop
      vertex 94 45.300000000000004 -15.927756813566454
      vertex 94 36.45 -3
      vertex 94 45.201890773372305 -15.875316339394429
    endloop
  endfacet
  facet normal 1 0 0
    outer loop
      vertex 94 45.7987006784951 -16.365105570685174
      vertex 94 36.45 -3
      vertex 94 45.728127672714265 -16.27911211432988
    endloop
  endfacet
  facet normal 1 0 0
    outer loop
      vertex 94 45.728127672714265 -16.27911211432988
      vertex 94 36.45 -3
      vertex 94 45.652081528017135 -16.197918471982867
    endloop
  endfacet
  facet normal 1 0 0
    outer loop
      vertex 94 45.57088788567012 -16.121872327285736
      vertex 94 36.45 -3
      vertex 94 45.48489442931483 -16.0512993215049
    endloop
  endfacet
  facet normal 1 0 0
    outer loop
      vertex 94 45.57088788567012 -16.121872327285736
      vertex 94 45.652081528017135 -16.197918471982867
      vertex 94 36.45 -3
    endloop
  endfacet
  facet normal 1 0 0
    outer loop
      vertex 94 45.394469396133324 -15.986501659085672
      vertex 94 45.48489442931483 -16.0512993215049
      vertex 94 36.45 -3
    endloop
  endfacet
  facet normal 1 0 0
    outer loop
      vertex 94 45.394469396133324 -15.986501659085672
      vertex 94 36.45 -3
      vertex 94 45.300000000000004 -15.927756813566454
    endloop
  endfacet
  facet normal 1 0 0
    outer loop
      vertex 94 44.22810547322592 -15.71454373566452
      vertex 94 44.33881468030876 -15.703639830494373
      vertex 94 36.45 -3
    endloop
  endfacet
  facet normal 1 0 0
    outer loop
      vertex 94 44.33881468030876 -15.703639830494373
      vertex 94 44.45 -15.7
      vertex 94 36.45 -3
    endloop
  endfacet
  facet normal 1 0 0
    outer loop
      vertex 94 44.45 -15.7
      vertex 94 44.56118531969125 -15.703639830494373
      vertex 94 36.45 -3
    endloop
  endfacet
  facet normal 1 0 0
    outer loop
      vertex 94 44.56118531969125 -15.703639830494373
      vertex 94 44.67189452677409 -15.71454373566452
      vertex 94 36.45 -3
    endloop
  endfacet
  facet normal 1 0 0
    outer loop
      vertex 94 44.78165354742742 -15.732665023314507
      vertex 94 36.45 -3
      vertex 94 44.67189452677409 -15.71454373566452
    endloop
  endfacet
  facet normal 1 0 0
    outer loop
      vertex 94 44.78165354742742 -15.732665023314507
      vertex 94 44.889992376674286 -15.757926095308582
      vertex 94 36.45 -3
    endloop
  endfacet
  facet normal 0 -1 0
    outer loop
      vertex 94 36.45 -17.4
      vertex 94 36.45 -3
      vertex 89 36.45 -3
    endloop
  endfacet
  facet normal -1 0 0
    outer loop
      vertex 89 43.79943816497935 -15.829404794730811
      vertex 89 36.45 -3
      vertex 89 52.45 -3
    endloop
  endfacet
  facet normal -1 0 0
    outer loop
      vertex 89 44.45 -25.4
      vertex 89 45.49420953776041 -25.331558890990483
      vertex 89 44.973225033841146 -25.382871385908828
    endloop
  endfacet
  facet normal 0 0.03271908282177325 -0.9994645874763657
    outer loop
      vertex 89 44.45 -25.4
      vertex 89 44.973225033841146 -25.382871385908828
      vertex 94 44.973225033841146 -25.382871385908828
    endloop
  endfacet
  facet normal -1 0 0
    outer loop
      vertex 89 44.45 -25.4
      vertex 89 46.52055236082017 -25.127406610312544
      vertex 89 45.49420953776041 -25.331558890990483
    endloop
  endfacet
  facet normal 0 0.09801714032956275 -0.9951847266721967
    outer loop
      vertex 89 44.973225033841146 -25.382871385908828
      vertex 89 45.49420953776041 -25.331558890990483
      vertex 94 44.973225033841146 -25.382871385908828
    endloop
  endfacet
  facet normal 0 0.16289547339458982 -0.9866433320848788
    outer loop
      vertex 89 45.49420953776041 -25.331558890990483
      vertex 89 46.01072257612903 -25.246282243225842
      vertex 94 46.01072257612903 -25.246282243225842
    endloop
  endfacet
  facet normal -1 0 0
    outer loop
      vertex 89 45.49420953776041 -25.331558890990483
      vertex 89 46.52055236082017 -25.127406610312544
      vertex 89 46.01072257612903 -25.246282243225842
    endloop
  endfacet
  facet normal 0 0.22707626303437323 -0.9738769792773336
    outer loop
      vertex 89 46.01072257612903 -25.246282243225842
      vertex 89 46.52055236082017 -25.127406610312544
      vertex 94 46.01072257612903 -25.246282243225842
    endloop
  endfacet
  facet normal 0 0.29028467725446105 -0.9569403357322094
    outer loop
      vertex 89 46.52055236082017 -25.127406610312544
      vertex 89 47.02151572242529 -24.975441035960845
      vertex 94 47.02151572242529 -24.975441035960845
    endloop
  endfacet
  facet normal -1 0 0
    outer loop
      vertex 89 44.45 -25.4
      vertex 89 48.89456186415682 -24.05175689842036
      vertex 89 46.52055236082017 -25.127406610312544
    endloop
  endfacet
  facet normal -1 0 0
    outer loop
      vertex 89 46.52055236082017 -25.127406610312544
      vertex 89 47.51146745892072 -24.791036260090294
      vertex 89 47.02151572242529 -24.975441035960845
    endloop
  endfacet
  facet normal 0 0.35225004792123116 -0.9359059267573265
    outer loop
      vertex 89 47.02151572242529 -24.975441035960845
      vertex 89 47.51146745892072 -24.791036260090294
      vertex 94 47.02151572242529 -24.975441035960845
    endloop
  endfacet
  facet normal 0 0.03271908282177325 -0.9994645874763657
    outer loop
      vertex 89 44.45 -25.4
      vertex 94 44.973225033841146 -25.382871385908828
      vertex 94 44.45 -25.4
    endloop
  endfacet
  facet normal 0 0.09801714032956275 -0.9951847266721967
    outer loop
      vertex 89 45.49420953776041 -25.331558890990483
      vertex 94 45.49420953776041 -25.331558890990483
      vertex 94 44.973225033841146 -25.382871385908828
    endloop
  endfacet
  facet normal 0 0.16289547339458982 -0.9866433320848788
    outer loop
      vertex 89 45.49420953776041 -25.331558890990483
      vertex 94 46.01072257612903 -25.246282243225842
      vertex 94 45.49420953776041 -25.331558890990483
    endloop
  endfacet
  facet normal 1 0 0
    outer loop
      vertex 94 43.92677496615886 -25.382871385908828
      vertex 94 44.45 -25.4
      vertex 94 44.973225033841146 -25.382871385908828
    endloop
  endfacet
  facet normal 1 0 0
    outer loop
      vertex 94 43.92677496615886 -25.382871385908828
      vertex 94 44.973225033841146 -25.382871385908828
      vertex 94 46.01072257612903 -25.246282243225842
    endloop
  endfacet
  facet normal 1 0 0
    outer loop
      vertex 94 44.973225033841146 -25.382871385908828
      vertex 94 45.49420953776041 -25.331558890990483
      vertex 94 46.01072257612903 -25.246282243225842
    endloop
  endfacet
  facet normal 0 0.22707626303437323 -0.9738769792773336
    outer loop
      vertex 89 46.52055236082017 -25.127406610312544
      vertex 94 46.52055236082017 -25.127406610312544
      vertex 94 46.01072257612903 -25.246282243225842
    endloop
  endfacet
  facet normal 0 0.29028467725446105 -0.9569403357322094
    outer loop
      vertex 89 46.52055236082017 -25.127406610312544
      vertex 94 47.02151572242529 -24.975441035960845
      vertex 94 46.52055236082017 -25.127406610312544
    endloop
  endfacet
  facet normal 1 0 0
    outer loop
      vertex 94 46.01072257612903 -25.246282243225842
      vertex 94 46.52055236082017 -25.127406610312544
      vertex 94 47.02151572242529 -24.975441035960845
    endloop
  endfacet
  facet normal 1 0 0
    outer loop
      vertex 94 46.01072257612903 -25.246282243225842
      vertex 94 47.02151572242529 -24.975441035960845
      vertex 94 47.988309521752015 -24.574981932261505
    endloop
  endfacet
  facet normal -1 0 0
    outer loop
      vertex 89 46.52055236082017 -25.127406610312544
      vertex 89 48.89456186415682 -24.05175689842036
      vertex 89 47.51146745892072 -24.791036260090294
    endloop
  endfacet
  facet normal 0 0.41270702980439566 -0.9108638249211755
    outer loop
      vertex 89 47.51146745892072 -24.791036260090294
      vertex 89 47.988309521752015 -24.574981932261505
      vertex 94 47.988309521752015 -24.574981932261505
    endloop
  endfacet
  facet normal 0 0.35225004792123116 -0.9359059267573265
    outer loop
      vertex 89 47.51146745892072 -24.791036260090294
      vertex 94 47.51146745892072 -24.791036260090294
      vertex 94 47.02151572242529 -24.975441035960845
    endloop
  endfacet
  facet normal 0 0.41270702980439566 -0.9108638249211755
    outer loop
      vertex 89 47.51146745892072 -24.791036260090294
      vertex 94 47.988309521752015 -24.574981932261505
      vertex 94 47.51146745892072 -24.791036260090294
    endloop
  endfacet
  facet normal 1 0 0
    outer loop
      vertex 94 47.02151572242529 -24.975441035960845
      vertex 94 47.51146745892072 -24.791036260090294
      vertex 94 47.988309521752015 -24.574981932261505
    endloop
  endfacet
  facet normal -1 0 0
    outer loop
      vertex 89 47.51146745892072 -24.791036260090294
      vertex 89 48.89456186415682 -24.05175689842036
      vertex 89 47.988309521752015 -24.574981932261505
    endloop
  endfacet
  facet normal 0 0.4713967368260018 -0.8819212643483527
    outer loop
      vertex 89 47.988309521752015 -24.574981932261505
      vertex 89 48.45 -24.328203230275506
      vertex 94 48.45 -24.328203230275506
    endloop
  endfacet
  facet normal -1 0 0
    outer loop
      vertex 89 47.988309521752015 -24.574981932261505
      vertex 89 48.89456186415682 -24.05175689842036
      vertex 89 48.45 -24.328203230275506
    endloop
  endfacet
  facet normal 0 0.5280678506503641 -0.8492021815265812
    outer loop
      vertex 89 48.45 -24.328203230275506
      vertex 89 48.89456186415682 -24.05175689842036
      vertex 94 48.45 -24.328203230275506
    endloop
  endfacet
  facet normal 0 0.5824776968678066 -0.812846684591612
    outer loop
      vertex 89 48.89456186415682 -24.05175689842036
      vertex 89 49.320091432069766 -23.746826722329878
      vertex 94 48.89456186415682 -24.05175689842036
    endloop
  endfacet
  facet normal 0 0.4713967368260018 -0.8819212643483527
    outer loop
      vertex 89 47.988309521752015 -24.574981932261505
      vertex 94 48.45 -24.328203230275506
      vertex 94 47.988309521752015 -24.574981932261505
    endloop
  endfacet
  facet normal 1 0 0
    outer loop
      vertex 94 46.01072257612903 -25.246282243225842
      vertex 94 47.988309521752015 -24.574981932261505
      vertex 94 49.72476652080056 -23.414718459831818
    endloop
  endfacet
  facet normal 1 0 0
    outer loop
      vertex 94 47.988309521752015 -24.574981932261505
      vertex 94 48.45 -24.328203230275506
      vertex 94 48.89456186415682 -24.05175689842036
    endloop
  endfacet
  facet normal 0 0.5280678506503641 -0.8492021815265812
    outer loop
      vertex 89 48.89456186415682 -24.05175689842036
      vertex 94 48.89456186415682 -24.05175689842036
      vertex 94 48.45 -24.328203230275506
    endloop
  endfacet
  facet normal 0 0.5824776968678066 -0.812846684591612
    outer loop
      vertex 94 48.89456186415682 -24.05175689842036
      vertex 89 49.320091432069766 -23.746826722329878
      vertex 94 49.320091432069766 -23.746826722329878
    endloop
  endfacet
  facet normal 1 0 0
    outer loop
      vertex 94 47.988309521752015 -24.574981932261505
      vertex 94 48.89456186415682 -24.05175689842036
      vertex 94 49.72476652080056 -23.414718459831818
    endloop
  endfacet
  facet normal 1 0 0
    outer loop
      vertex 94 38.435281540168184 -22.67476652080055
      vertex 94 46.01072257612903 -25.246282243225842
      vertex 94 52.025441035960846 -19.97151572242529
    endloop
  endfacet
  facet normal -1 0 0
    outer loop
      vertex 89 44.45 -25.4
      vertex 89 52.025441035960846 -19.97151572242529
      vertex 89 48.89456186415682 -24.05175689842036
    endloop
  endfacet
  facet normal -1 0 0
    outer loop
      vertex 89 48.89456186415682 -24.05175689842036
      vertex 89 49.72476652080056 -23.414718459831818
      vertex 89 49.320091432069766 -23.746826722329878
    endloop
  endfacet
  facet normal 0 0.6343932841636388 -0.7730104533627423
    outer loop
      vertex 89 49.320091432069766 -23.746826722329878
      vertex 89 49.72476652080056 -23.414718459831818
      vertex 94 49.72476652080056 -23.414718459831818
    endloop
  endfacet
  facet normal -1 0 0
    outer loop
      vertex 89 48.89456186415682 -24.05175689842036
      vertex 89 50.79682672232988 -22.270091432069762
      vertex 89 49.72476652080056 -23.414718459831818
    endloop
  endfacet
  facet normal 0 0.6835923020228719 -0.7298640726978349
    outer loop
      vertex 89 49.72476652080056 -23.414718459831818
      vertex 89 50.106854249492386 -23.05685424949238
      vertex 94 50.106854249492386 -23.05685424949238
    endloop
  endfacet
  facet normal 0 0.6343932841636388 -0.7730104533627423
    outer loop
      vertex 89 49.320091432069766 -23.746826722329878
      vertex 94 49.72476652080056 -23.414718459831818
      vertex 94 49.320091432069766 -23.746826722329878
    endloop
  endfacet
  facet normal 1 0 0
    outer loop
      vertex 94 48.89456186415682 -24.05175689842036
      vertex 94 49.320091432069766 -23.746826722329878
      vertex 94 49.72476652080056 -23.414718459831818
    endloop
  endfacet
  facet normal 0 0.6835923020228719 -0.7298640726978349
    outer loop
      vertex 89 49.72476652080056 -23.414718459831818
      vertex 94 50.106854249492386 -23.05685424949238
      vertex 94 49.72476652080056 -23.414718459831818
    endloop
  endfacet
  facet normal 1 0 0
    outer loop
      vertex 94 46.01072257612903 -25.246282243225842
      vertex 94 49.72476652080056 -23.414718459831818
      vertex 94 52.025441035960846 -19.97151572242529
    endloop
  endfacet
  facet normal -1 0 0
    outer loop
      vertex 89 49.72476652080056 -23.414718459831818
      vertex 89 50.46471845983182 -22.67476652080055
      vertex 89 50.106854249492386 -23.05685424949238
    endloop
  endfacet
  facet normal 1 0 0
    outer loop
      vertex 94 49.72476652080056 -23.414718459831818
      vertex 94 50.106854249492386 -23.05685424949238
      vertex 94 50.46471845983182 -22.67476652080055
    endloop
  endfacet
  facet normal 0 0.7298640726978385 -0.6835923020228685
    outer loop
      vertex 89 50.106854249492386 -23.05685424949238
      vertex 89 50.46471845983182 -22.67476652080055
      vertex 94 50.106854249492386 -23.05685424949238
    endloop
  endfacet
  facet normal -1 0 0
    outer loop
      vertex 89 49.72476652080056 -23.414718459831818
      vertex 89 50.79682672232988 -22.270091432069762
      vertex 89 50.46471845983182 -22.67476652080055
    endloop
  endfacet
  facet normal 0 0.7730104533627397 -0.6343932841636422
    outer loop
      vertex 89 50.46471845983182 -22.67476652080055
      vertex 89 50.79682672232988 -22.270091432069762
      vertex 94 50.79682672232988 -22.270091432069762
    endloop
  endfacet
  facet normal 0 0.7298640726978385 -0.6835923020228685
    outer loop
      vertex 89 50.46471845983182 -22.67476652080055
      vertex 94 50.46471845983182 -22.67476652080055
      vertex 94 50.106854249492386 -23.05685424949238
    endloop
  endfacet
  facet normal 1 0 0
    outer loop
      vertex 94 49.72476652080056 -23.414718459831818
      vertex 94 50.46471845983182 -22.67476652080055
      vertex 94 51.10175689842036 -21.844561864156816
    endloop
  endfacet
  facet normal 0 0.7730104533627397 -0.6343932841636422
    outer loop
      vertex 89 50.46471845983182 -22.67476652080055
      vertex 94 50.79682672232988 -22.270091432069762
      vertex 94 50.46471845983182 -22.67476652080055
    endloop
  endfacet
  facet normal 1 0 0
    outer loop
      vertex 94 50.46471845983182 -22.67476652080055
      vertex 94 50.79682672232988 -22.270091432069762
      vertex 94 51.10175689842036 -21.844561864156816
    endloop
  endfacet
  facet normal -1 0 0
    outer loop
      vertex 89 44.45 -25.4
      vertex 89 44.45 -19.099999999999998
      vertex 89 44.56118531969125 -19.096360169505623
    endloop
  endfacet
  facet normal -1 0 0
    outer loop
      vertex 89 44.45 -25.4
      vertex 89 44.56118531969125 -19.096360169505623
      vertex 89 44.67189452677409 -19.085456264335477
    endloop
  endfacet
  facet normal -1 0 0
    outer loop
      vertex 89 44.45 -25.4
      vertex 89 44.67189452677409 -19.085456264335477
      vertex 89 44.78165354742742 -19.06733497668549
    endloop
  endfacet
  facet normal -1 0 0
    outer loop
      vertex 89 44.45 -25.4
      vertex 89 44.78165354742742 -19.06733497668549
      vertex 89 44.889992376674286 -19.042073904691414
    endloop
  endfacet
  facet normal -1 0 0
    outer loop
      vertex 89 44.45 -25.4
      vertex 89 44.889992376674286 -19.042073904691414
      vertex 89 44.996447091015376 -19.00978122014168
    endloop
  endfacet
  facet normal -1 0 0
    outer loop
      vertex 89 44.45 -25.4
      vertex 89 44.996447091015376 -19.00978122014168
      vertex 89 45.100561835020656 -18.970595205269184
    endloop
  endfacet
  facet normal -1 0 0
    outer loop
      vertex 89 44.45 -25.4
      vertex 89 45.100561835020656 -18.970595205269184
      vertex 89 45.201890773372305 -18.92468366060557
    endloop
  endfacet
  facet normal -1 0 0
    outer loop
      vertex 89 44.45 -25.4
      vertex 89 45.201890773372305 -18.92468366060557
      vertex 89 45.300000000000004 -18.872243186433543
    endloop
  endfacet
  facet normal -1 0 0
    outer loop
      vertex 89 44.45 -25.4
      vertex 89 45.300000000000004 -18.872243186433543
      vertex 89 45.394469396133324 -18.813498340914325
    endloop
  endfacet
  facet normal -1 0 0
    outer loop
      vertex 89 44.45 -25.4
      vertex 89 45.394469396133324 -18.813498340914325
      vertex 89 45.48489442931483 -18.748700678495098
    endloop
  endfacet
  facet normal -1 0 0
    outer loop
      vertex 89 44.45 -25.4
      vertex 89 45.48489442931483 -18.748700678495098
      vertex 89 45.57088788567012 -18.67812767271426
    endloop
  endfacet
  facet normal -1 0 0
    outer loop
      vertex 89 44.45 -25.4
      vertex 89 45.57088788567012 -18.67812767271426
      vertex 89 45.652081528017135 -18.60208152801713
    endloop
  endfacet
  facet normal -1 0 0
    outer loop
      vertex 89 44.45 -25.4
      vertex 89 45.652081528017135 -18.60208152801713
      vertex 89 45.728127672714265 -18.520887885670117
    endloop
  endfacet
  facet normal -1 0 0
    outer loop
      vertex 89 44.45 -25.4
      vertex 89 45.728127672714265 -18.520887885670117
      vertex 89 45.7987006784951 -18.434894429314824
    endloop
  endfacet
  facet normal -1 0 0
    outer loop
      vertex 89 44.45 -25.4
      vertex 89 45.7987006784951 -18.434894429314824
      vertex 89 45.86349834091433 -18.344469396133324
    endloop
  endfacet
  facet normal -1 0 0
    outer loop
      vertex 89 44.45 -25.4
      vertex 89 45.86349834091433 -18.344469396133324
      vertex 89 45.92224318643355 -18.25
    endloop
  endfacet
  facet normal -1 0 0
    outer loop
      vertex 89 44.45 -25.4
      vertex 89 45.92224318643355 -18.25
      vertex 89 45.97468366060557 -18.1518907733723
    endloop
  endfacet
  facet normal -1 0 0
    outer loop
      vertex 89 44.45 -25.4
      vertex 89 45.97468366060557 -18.1518907733723
      vertex 89 46.02059520526919 -18.050561835020652
    endloop
  endfacet
  facet normal -1 0 0
    outer loop
      vertex 89 44.45 -25.4
      vertex 89 46.02059520526919 -18.050561835020652
      vertex 89 46.05978122014168 -17.946447091015372
    endloop
  endfacet
  facet normal -1 0 0
    outer loop
      vertex 89 44.45 -25.4
      vertex 89 46.05978122014168 -17.946447091015372
      vertex 89 46.09207390469142 -17.839992376674285
    endloop
  endfacet
  facet normal -1 0 0
    outer loop
      vertex 89 44.45 -25.4
      vertex 89 46.09207390469142 -17.839992376674285
      vertex 89 46.11733497668549 -17.731653547427417
    endloop
  endfacet
  facet normal 1 0 0
    outer loop
      vertex 94 38.435281540168184 -22.67476652080055
      vertex 94 52.025441035960846 -19.97151572242529
      vertex 94 45.300000000000004 -18.872243186433543
    endloop
  endfacet
  facet normal 1 0 0
    outer loop
      vertex 94 52.025441035960846 -19.97151572242529
      vertex 94 45.394469396133324 -18.813498340914325
      vertex 94 45.300000000000004 -18.872243186433543
    endloop
  endfacet
  facet normal 1 0 0
    outer loop
      vertex 94 52.025441035960846 -19.97151572242529
      vertex 94 45.48489442931483 -18.748700678495098
      vertex 94 45.394469396133324 -18.813498340914325
    endloop
  endfacet
  facet normal 1 0 0
    outer loop
      vertex 94 52.025441035960846 -19.97151572242529
      vertex 94 45.57088788567012 -18.67812767271426
      vertex 94 45.48489442931483 -18.748700678495098
    endloop
  endfacet
  facet normal 1 0 0
    outer loop
      vertex 94 52.025441035960846 -19.97151572242529
      vertex 94 45.652081528017135 -18.60208152801713
      vertex 94 45.57088788567012 -18.67812767271426
    endloop
  endfacet
  facet normal -1 0 0
    outer loop
      vertex 89 48.89456186415682 -24.05175689842036
      vertex 89 52.025441035960846 -19.97151572242529
      vertex 89 50.79682672232988 -22.270091432069762
    endloop
  endfacet
  facet normal -1 0 0
    outer loop
      vertex 89 50.79682672232988 -22.270091432069762
      vertex 89 51.37820323027551 -21.4
      vertex 89 51.10175689842036 -21.844561864156816
    endloop
  endfacet
  facet normal 0 0.8128466845916151 -0.5824776968678022
    outer loop
      vertex 89 50.79682672232988 -22.270091432069762
      vertex 89 51.10175689842036 -21.844561864156816
      vertex 94 51.10175689842036 -21.844561864156816
    endloop
  endfacet
  facet normal 0 0.8492021815265782 -0.528067850650369
    outer loop
      vertex 89 51.10175689842036 -21.844561864156816
      vertex 89 51.37820323027551 -21.4
      vertex 94 51.10175689842036 -21.844561864156816
    endloop
  endfacet
  facet normal 0 0.8128466845916151 -0.5824776968678022
    outer loop
      vertex 89 50.79682672232988 -22.270091432069762
      vertex 94 51.10175689842036 -21.844561864156816
      vertex 94 50.79682672232988 -22.270091432069762
    endloop
  endfacet
  facet normal 0 0.8492021815265782 -0.528067850650369
    outer loop
      vertex 89 51.37820323027551 -21.4
      vertex 94 51.37820323027551 -21.4
      vertex 94 51.10175689842036 -21.844561864156816
    endloop
  endfacet
  facet normal 1 0 0
    outer loop
      vertex 94 49.72476652080056 -23.414718459831818
      vertex 94 51.10175689842036 -21.844561864156816
      vertex 94 52.025441035960846 -19.97151572242529
    endloop
  endfacet
  facet normal -1 0 0
    outer loop
      vertex 89 50.79682672232988 -22.270091432069762
      vertex 89 52.025441035960846 -19.97151572242529
      vertex 89 51.37820323027551 -21.4
    endloop
  endfacet
  facet normal 0 0.8819212643483556 -0.47139673682599653
    outer loop
      vertex 89 51.37820323027551 -21.4
      vertex 89 51.624981932261505 -20.93830952175201
      vertex 94 51.624981932261505 -20.93830952175201
    endloop
  endfacet
  facet normal -1 0 0
    outer loop
      vertex 89 51.37820323027551 -21.4
      vertex 89 52.025441035960846 -19.97151572242529
      vertex 89 51.624981932261505 -20.93830952175201
    endloop
  endfacet
  facet normal 0 0.9108638249211728 -0.41270702980440127
    outer loop
      vertex 89 51.624981932261505 -20.93830952175201
      vertex 89 51.8410362600903 -20.461467458920716
      vertex 94 51.624981932261505 -20.93830952175201
    endloop
  endfacet
  facet normal 1 0 0
    outer loop
      vertex 94 51.10175689842036 -21.844561864156816
      vertex 94 51.37820323027551 -21.4
      vertex 94 51.624981932261505 -20.93830952175201
    endloop
  endfacet
  facet normal 0 0.8819212643483556 -0.47139673682599653
    outer loop
      vertex 89 51.37820323027551 -21.4
      vertex 94 51.624981932261505 -20.93830952175201
      vertex 94 51.37820323027551 -21.4
    endloop
  endfacet
  facet normal 1 0 0
    outer loop
      vertex 94 51.10175689842036 -21.844561864156816
      vertex 94 51.624981932261505 -20.93830952175201
      vertex 94 52.025441035960846 -19.97151572242529
    endloop
  endfacet
  facet normal -1 0 0
    outer loop
      vertex 89 51.624981932261505 -20.93830952175201
      vertex 89 52.025441035960846 -19.97151572242529
      vertex 89 51.8410362600903 -20.461467458920716
    endloop
  endfacet
  facet normal 0 0.935905926757328 -0.35225004792122744
    outer loop
      vertex 89 51.8410362600903 -20.461467458920716
      vertex 89 52.025441035960846 -19.97151572242529
      vertex 94 52.025441035960846 -19.97151572242529
    endloop
  endfacet
  facet normal 0 0.9108638249211728 -0.41270702980440127
    outer loop
      vertex 89 51.8410362600903 -20.461467458920716
      vertex 94 51.8410362600903 -20.461467458920716
      vertex 94 51.624981932261505 -20.93830952175201
    endloop
  endfacet
  facet normal 0 0.935905926757328 -0.35225004792122744
    outer loop
      vertex 89 51.8410362600903 -20.461467458920716
      vertex 94 52.025441035960846 -19.97151572242529
      vertex 94 51.8410362600903 -20.461467458920716
    endloop
  endfacet
  facet normal 1 0 0
    outer loop
      vertex 94 51.624981932261505 -20.93830952175201
      vertex 94 51.8410362600903 -20.461467458920716
      vertex 94 52.025441035960846 -19.97151572242529
    endloop
  endfacet
  facet normal 0 0.956940335732206 -0.2902846772544716
    outer loop
      vertex 89 52.025441035960846 -19.97151572242529
      vertex 89 52.17740661031255 -19.470552360820164
      vertex 94 52.025441035960846 -19.97151572242529
    endloop
  endfacet
  facet normal -1 0 0
    outer loop
      vertex 89 52.025441035960846 -19.97151572242529
      vertex 89 52.296282243225846 -18.960722576129026
      vertex 89 52.17740661031255 -19.470552360820164
    endloop
  endfacet
  facet normal 0 0.9738769792773347 -0.22707626303436831
    outer loop
      vertex 89 52.17740661031255 -19.470552360820164
      vertex 89 52.296282243225846 -18.960722576129026
      vertex 94 52.296282243225846 -18.960722576129026
    endloop
  endfacet
  facet normal 0 0.956940335732206 -0.2902846772544716
    outer loop
      vertex 94 52.025441035960846 -19.97151572242529
      vertex 89 52.17740661031255 -19.470552360820164
      vertex 94 52.17740661031255 -19.470552360820164
    endloop
  endfacet
  facet normal 1 0 0
    outer loop
      vertex 94 52.025441035960846 -19.97151572242529
      vertex 94 52.17740661031255 -19.470552360820164
      vertex 94 52.296282243225846 -18.960722576129026
    endloop
  endfacet
  facet normal 0 0.9738769792773347 -0.22707626303436831
    outer loop
      vertex 89 52.17740661031255 -19.470552360820164
      vertex 94 52.296282243225846 -18.960722576129026
      vertex 94 52.17740661031255 -19.470552360820164
    endloop
  endfacet
  facet normal 1 0 0
    outer loop
      vertex 94 52.025441035960846 -19.97151572242529
      vertex 94 45.728127672714265 -18.520887885670117
      vertex 94 45.652081528017135 -18.60208152801713
    endloop
  endfacet
  facet normal 1 0 0
    outer loop
      vertex 94 52.025441035960846 -19.97151572242529
      vertex 94 45.7987006784951 -18.434894429314824
      vertex 94 45.728127672714265 -18.520887885670117
    endloop
  endfacet
  facet normal 1 0 0
    outer loop
      vertex 94 52.025441035960846 -19.97151572242529
      vertex 94 45.86349834091433 -18.344469396133324
      vertex 94 45.7987006784951 -18.434894429314824
    endloop
  endfacet
  facet normal 1 0 0
    outer loop
      vertex 94 52.025441035960846 -19.97151572242529
      vertex 94 45.92224318643355 -18.25
      vertex 94 45.86349834091433 -18.344469396133324
    endloop
  endfacet
  facet normal 1 0 0
    outer loop
      vertex 94 52.025441035960846 -19.97151572242529
      vertex 94 45.97468366060557 -18.1518907733723
      vertex 94 45.92224318643355 -18.25
    endloop
  endfacet
  facet normal 1 0 0
    outer loop
      vertex 94 52.025441035960846 -19.97151572242529
      vertex 94 46.02059520526919 -18.050561835020652
      vertex 94 45.97468366060557 -18.1518907733723
    endloop
  endfacet
  facet normal 1 0 0
    outer loop
      vertex 94 52.025441035960846 -19.97151572242529
      vertex 94 46.05978122014168 -17.946447091015372
      vertex 94 46.02059520526919 -18.050561835020652
    endloop
  endfacet
  facet normal 1 0 0
    outer loop
      vertex 94 52.025441035960846 -19.97151572242529
      vertex 94 46.09207390469142 -17.839992376674285
      vertex 94 46.05978122014168 -17.946447091015372
    endloop
  endfacet
  facet normal 1 0 0
    outer loop
      vertex 94 52.025441035960846 -19.97151572242529
      vertex 94 46.11733497668549 -17.731653547427417
      vertex 94 46.09207390469142 -17.839992376674285
    endloop
  endfacet
  facet normal 1 0 0
    outer loop
      vertex 94 52.025441035960846 -19.97151572242529
      vertex 94 46.13545626433548 -17.621894526774085
      vertex 94 46.11733497668549 -17.731653547427417
    endloop
  endfacet
  facet normal 1 0 0
    outer loop
      vertex 94 52.025441035960846 -19.97151572242529
      vertex 94 46.14636016950563 -17.511185319691243
      vertex 94 46.13545626433548 -17.621894526774085
    endloop
  endfacet
  facet normal 1 0 0
    outer loop
      vertex 94 52.025441035960846 -19.97151572242529
      vertex 94 46.150000000000006 -17.4
      vertex 94 46.14636016950563 -17.511185319691243
    endloop
  endfacet
  facet normal 1 0 0
    outer loop
      vertex 94 52.025441035960846 -19.97151572242529
      vertex 94 46.14636016950563 -17.288814680308754
      vertex 94 46.150000000000006 -17.4
    endloop
  endfacet
  facet normal 1 0 0
    outer loop
      vertex 94 52.025441035960846 -19.97151572242529
      vertex 94 46.11733497668549 -17.06834645257258
      vertex 94 46.13545626433548 -17.178105473225912
    endloop
  endfacet
  facet normal 1 0 0
    outer loop
      vertex 94 52.025441035960846 -19.97151572242529
      vertex 94 46.13545626433548 -17.178105473225912
      vertex 94 46.14636016950563 -17.288814680308754
    endloop
  endfacet
  facet normal 1 0 0
    outer loop
      vertex 94 52.025441035960846 -19.97151572242529
      vertex 94 46.09207390469142 -16.960007623325712
      vertex 94 46.11733497668549 -17.06834645257258
    endloop
  endfacet
  facet normal 1 0 0
    outer loop
      vertex 94 52.025441035960846 -19.97151572242529
      vertex 94 46.05978122014168 -16.853552908984625
      vertex 94 46.09207390469142 -16.960007623325712
    endloop
  endfacet
  facet normal 1 0 0
    outer loop
      vertex 94 52.025441035960846 -19.97151572242529
      vertex 94 46.02059520526919 -16.749438164979345
      vertex 94 46.05978122014168 -16.853552908984625
    endloop
  endfacet
  facet normal 1 0 0
    outer loop
      vertex 94 52.025441035960846 -19.97151572242529
      vertex 94 45.97468366060557 -16.648109226627696
      vertex 94 46.02059520526919 -16.749438164979345
    endloop
  endfacet
  facet normal 1 0 0
    outer loop
      vertex 94 52.025441035960846 -19.97151572242529
      vertex 94 45.92224318643355 -16.549999999999997
      vertex 94 45.97468366060557 -16.648109226627696
    endloop
  endfacet
  facet normal 1 0 0
    outer loop
      vertex 94 52.025441035960846 -19.97151572242529
      vertex 94 45.86349834091433 -16.455530603866674
      vertex 94 45.92224318643355 -16.549999999999997
    endloop
  endfacet
  facet normal -1 0 0
    outer loop
      vertex 89 44.45 -25.4
      vertex 89 52.45 -3
      vertex 89 52.025441035960846 -19.97151572242529
    endloop
  endfacet
  facet normal -1 0 0
    outer loop
      vertex 89 52.025441035960846 -19.97151572242529
      vertex 89 52.45 -17.4
      vertex 89 52.296282243225846 -18.960722576129026
    endloop
  endfacet
  facet normal 0 0.9866433320848799 -0.1628954733945832
    outer loop
      vertex 89 52.296282243225846 -18.960722576129026
      vertex 89 52.38155889099048 -18.44420953776041
      vertex 94 52.296282243225846 -18.960722576129026
    endloop
  endfacet
  facet normal -1 0 0
    outer loop
      vertex 89 52.296282243225846 -18.960722576129026
      vertex 89 52.45 -17.4
      vertex 89 52.38155889099048 -18.44420953776041
    endloop
  endfacet
  facet normal 1 0 0
    outer loop
      vertex 94 52.025441035960846 -19.97151572242529
      vertex 94 52.296282243225846 -18.960722576129026
      vertex 94 52.45 -17.4
    endloop
  endfacet
  facet normal 0 0.9866433320848799 -0.1628954733945832
    outer loop
      vertex 89 52.38155889099048 -18.44420953776041
      vertex 94 52.38155889099048 -18.44420953776041
      vertex 94 52.296282243225846 -18.960722576129026
    endloop
  endfacet
  facet normal 0 0.995184726672196 -0.0980171403295688
    outer loop
      vertex 89 52.38155889099048 -18.44420953776041
      vertex 94 52.43287138590883 -17.923225033841142
      vertex 94 52.38155889099048 -18.44420953776041
    endloop
  endfacet
  facet normal 1 0 0
    outer loop
      vertex 94 52.296282243225846 -18.960722576129026
      vertex 94 52.38155889099048 -18.44420953776041
      vertex 94 52.43287138590883 -17.923225033841142
    endloop
  endfacet
  facet normal 0 0.995184726672196 -0.0980171403295688
    outer loop
      vertex 89 52.38155889099048 -18.44420953776041
      vertex 89 52.43287138590883 -17.923225033841142
      vertex 94 52.43287138590883 -17.923225033841142
    endloop
  endfacet
  facet normal -1 0 0
    outer loop
      vertex 89 52.38155889099048 -18.44420953776041
      vertex 89 52.45 -17.4
      vertex 89 52.43287138590883 -17.923225033841142
    endloop
  endfacet
  facet normal 0 0.9994645874763657 -0.03271908282177325
    outer loop
      vertex 89 52.43287138590883 -17.923225033841142
      vertex 89 52.45 -17.4
      vertex 94 52.45 -17.4
    endloop
  endfacet
  facet normal 1 0 0
    outer loop
      vertex 94 52.296282243225846 -18.960722576129026
      vertex 94 52.43287138590883 -17.923225033841142
      vertex 94 52.45 -17.4
    endloop
  endfacet
  facet normal 0 0.9994645874763657 -0.03271908282177325
    outer loop
      vertex 89 52.43287138590883 -17.923225033841142
      vertex 94 52.45 -17.4
      vertex 94 52.43287138590883 -17.923225033841142
    endloop
  endfacet
  facet normal -1 0 0
    outer loop
      vertex 89 44.45 -25.4
      vertex 89 46.11733497668549 -17.731653547427417
      vertex 89 52.45 -3
    endloop
  endfacet
  facet normal 1 0 0
    outer loop
      vertex 94 52.025441035960846 -19.97151572242529
      vertex 94 36.45 -3
      vertex 94 45.86349834091433 -16.455530603866674
    endloop
  endfacet
  facet normal 1 0 0
    outer loop
      vertex 94 52.025441035960846 -19.97151572242529
      vertex 94 52.45 -17.4
      vertex 94 36.45 -3
    endloop
  endfacet
  facet normal -1 0 0
    outer loop
      vertex 89 46.11733497668549 -17.731653547427417
      vertex 89 46.13545626433548 -17.621894526774085
      vertex 89 52.45 -3
    endloop
  endfacet
  facet normal -1 0 0
    outer loop
      vertex 89 46.13545626433548 -17.621894526774085
      vertex 89 46.14636016950563 -17.511185319691243
      vertex 89 52.45 -3
    endloop
  endfacet
  facet normal -1 0 0
    outer loop
      vertex 89 52.025441035960846 -19.97151572242529
      vertex 89 52.45 -3
      vertex 89 52.45 -17.4
    endloop
  endfacet
  facet normal -1 0 0
    outer loop
      vertex 89 43.79943816497935 -15.829404794730811
      vertex 89 52.45 -3
      vertex 89 43.90355290898463 -15.79021877985832
    endloop
  endfacet
  facet normal -1 0 0
    outer loop
      vertex 89 43.90355290898463 -15.79021877985832
      vertex 89 52.45 -3
      vertex 89 44.01000762332572 -15.757926095308582
    endloop
  endfacet
  facet normal -1 0 0
    outer loop
      vertex 89 44.01000762332572 -15.757926095308582
      vertex 89 52.45 -3
      vertex 89 44.11834645257259 -15.732665023314507
    endloop
  endfacet
  facet normal -1 0 0
    outer loop
      vertex 89 44.11834645257259 -15.732665023314507
      vertex 89 52.45 -3
      vertex 89 44.22810547322592 -15.71454373566452
    endloop
  endfacet
  facet normal -1 0 0
    outer loop
      vertex 89 44.22810547322592 -15.71454373566452
      vertex 89 52.45 -3
      vertex 89 44.33881468030876 -15.703639830494373
    endloop
  endfacet
  facet normal -1 0 0
    outer loop
      vertex 89 44.33881468030876 -15.703639830494373
      vertex 89 52.45 -3
      vertex 89 44.45 -15.7
    endloop
  endfacet
  facet normal -1 0 0
    outer loop
      vertex 89 44.45 -15.7
      vertex 89 52.45 -3
      vertex 89 44.56118531969125 -15.703639830494373
    endloop
  endfacet
  facet normal -1 0 0
    outer loop
      vertex 89 44.56118531969125 -15.703639830494373
      vertex 89 52.45 -3
      vertex 89 44.67189452677409 -15.71454373566452
    endloop
  endfacet
  facet normal -1 0 0
    outer loop
      vertex 89 46.14636016950563 -17.511185319691243
      vertex 89 46.150000000000006 -17.4
      vertex 89 52.45 -3
    endloop
  endfacet
  facet normal -1 0 0
    outer loop
      vertex 89 46.150000000000006 -17.4
      vertex 89 46.14636016950563 -17.288814680308754
      vertex 89 52.45 -3
    endloop
  endfacet
  facet normal -1 0 0
    outer loop
      vertex 89 46.14636016950563 -17.288814680308754
      vertex 89 46.13545626433548 -17.178105473225912
      vertex 89 52.45 -3
    endloop
  endfacet
  facet normal -1 0 0
    outer loop
      vertex 89 46.13545626433548 -17.178105473225912
      vertex 89 46.11733497668549 -17.06834645257258
      vertex 89 52.45 -3
    endloop
  endfacet
  facet normal -1 0 0
    outer loop
      vertex 89 46.11733497668549 -17.06834645257258
      vertex 89 46.09207390469142 -16.960007623325712
      vertex 89 52.45 -3
    endloop
  endfacet
  facet normal -1 0 0
    outer loop
      vertex 89 46.09207390469142 -16.960007623325712
      vertex 89 46.05978122014168 -16.853552908984625
      vertex 89 52.45 -3
    endloop
  endfacet
  facet normal -1 0 0
    outer loop
      vertex 89 46.05978122014168 -16.853552908984625
      vertex 89 46.02059520526919 -16.749438164979345
      vertex 89 52.45 -3
    endloop
  endfacet
  facet normal -1 0 0
    outer loop
      vertex 89 46.02059520526919 -16.749438164979345
      vertex 89 45.97468366060557 -16.648109226627696
      vertex 89 52.45 -3
    endloop
  endfacet
  facet normal -1 0 0
    outer loop
      vertex 89 45.97468366060557 -16.648109226627696
      vertex 89 45.92224318643355 -16.549999999999997
      vertex 89 52.45 -3
    endloop
  endfacet
  facet normal -1 0 0
    outer loop
      vertex 89 45.92224318643355 -16.549999999999997
      vertex 89 45.86349834091433 -16.455530603866674
      vertex 89 52.45 -3
    endloop
  endfacet
  facet normal -1 0 0
    outer loop
      vertex 89 45.7987006784951 -16.365105570685174
      vertex 89 52.45 -3
      vertex 89 45.86349834091433 -16.455530603866674
    endloop
  endfacet
  facet normal -1 0 0
    outer loop
      vertex 89 45.57088788567012 -16.121872327285736
      vertex 89 52.45 -3
      vertex 89 45.652081528017135 -16.197918471982867
    endloop
  endfacet
  facet normal -1 0 0
    outer loop
      vertex 89 45.57088788567012 -16.121872327285736
      vertex 89 45.48489442931483 -16.0512993215049
      vertex 89 52.45 -3
    endloop
  endfacet
  facet normal -1 0 0
    outer loop
      vertex 89 44.996447091015376 -15.79021877985832
      vertex 89 44.889992376674286 -15.757926095308582
      vertex 89 52.45 -3
    endloop
  endfacet
  facet normal -1 0 0
    outer loop
      vertex 89 45.100561835020656 -15.829404794730811
      vertex 89 44.996447091015376 -15.79021877985832
      vertex 89 52.45 -3
    endloop
  endfacet
  facet normal -1 0 0
    outer loop
      vertex 89 45.394469396133324 -15.986501659085672
      vertex 89 45.300000000000004 -15.927756813566454
      vertex 89 52.45 -3
    endloop
  endfacet
  facet normal -1 0 0
    outer loop
      vertex 89 45.394469396133324 -15.986501659085672
      vertex 89 52.45 -3
      vertex 89 45.48489442931483 -16.0512993215049
    endloop
  endfacet
  facet normal -1 0 0
    outer loop
      vertex 89 45.300000000000004 -15.927756813566454
      vertex 89 45.201890773372305 -15.875316339394429
      vertex 89 52.45 -3
    endloop
  endfacet
  facet normal -1 0 0
    outer loop
      vertex 89 45.100561835020656 -15.829404794730811
      vertex 89 52.45 -3
      vertex 89 45.201890773372305 -15.875316339394429
    endloop
  endfacet
  facet normal -1 0 0
    outer loop
      vertex 89 45.7987006784951 -16.365105570685174
      vertex 89 45.728127672714265 -16.27911211432988
      vertex 89 52.45 -3
    endloop
  endfacet
  facet normal -1 0 0
    outer loop
      vertex 89 45.728127672714265 -16.27911211432988
      vertex 89 45.652081528017135 -16.197918471982867
      vertex 89 52.45 -3
    endloop
  endfacet
  facet normal -1 0 0
    outer loop
      vertex 89 44.78165354742742 -15.732665023314507
      vertex 89 44.67189452677409 -15.71454373566452
      vertex 89 52.45 -3
    endloop
  endfacet
  facet normal -1 0 0
    outer loop
      vertex 89 44.78165354742742 -15.732665023314507
      vertex 89 52.45 -3
      vertex 89 44.889992376674286 -15.757926095308582
    endloop
  endfacet
  facet normal 0 1 0
    outer loop
      vertex 89 52.45 -17.4
      vertex 94 52.45 -3
      vertex 94 52.45 -17.4
    endloop
  endfacet
  facet normal 1 0 0
    outer loop
      vertex 94 52.45 -17.4
      vertex 94 52.45 -3
      vertex 94 36.45 -3
    endloop
  endfacet
  facet normal 0 1 0
    outer loop
      vertex 89 52.45 -17.4
      vertex 89 52.45 -3
      vertex 94 52.45 -3
    endloop
  endfacet
  facet normal 0 0.22707626303438147 0.9738769792773317
    outer loop
      vertex 89 44.01000762332572 -19.042073904691414
      vertex 94 44.01000762332572 -19.042073904691414
      vertex 89 44.11834645257259 -19.06733497668549
    endloop
  endfacet
  facet normal 0 0.16289547339459512 0.986643332084878
    outer loop
      vertex 89 44.11834645257259 -19.06733497668549
      vertex 94 44.11834645257259 -19.06733497668549
      vertex 89 44.22810547322592 -19.085456264335477
    endloop
  endfacet
  facet normal 0 0.09801714032954162 0.9951847266721988
    outer loop
      vertex 89 44.22810547322592 -19.085456264335477
      vertex 94 44.22810547322592 -19.085456264335477
      vertex 89 44.33881468030876 -19.096360169505623
    endloop
  endfacet
  facet normal 0 0.03271908282178624 0.9994645874763654
    outer loop
      vertex 89 44.33881468030876 -19.096360169505623
      vertex 94 44.33881468030876 -19.096360169505623
      vertex 89 44.45 -19.099999999999998
    endloop
  endfacet
  facet normal 0 0.22707626303438147 0.9738769792773317
    outer loop
      vertex 89 44.11834645257259 -19.06733497668549
      vertex 94 44.01000762332572 -19.042073904691414
      vertex 94 44.11834645257259 -19.06733497668549
    endloop
  endfacet
  facet normal 0 0.16289547339459512 0.986643332084878
    outer loop
      vertex 89 44.22810547322592 -19.085456264335477
      vertex 94 44.11834645257259 -19.06733497668549
      vertex 94 44.22810547322592 -19.085456264335477
    endloop
  endfacet
  facet normal 0 0.09801714032954162 0.9951847266721988
    outer loop
      vertex 89 44.33881468030876 -19.096360169505623
      vertex 94 44.22810547322592 -19.085456264335477
      vertex 94 44.33881468030876 -19.096360169505623
    endloop
  endfacet
  facet normal 0 0.03271908282178624 0.9994645874763654
    outer loop
      vertex 94 44.33881468030876 -19.096360169505623
      vertex 94 44.45 -19.099999999999998
      vertex 89 44.45 -19.099999999999998
    endloop
  endfacet
  facet normal 0 0.8128466845915946 0.5824776968678309
    outer loop
      vertex 89 43.101299321504904 -18.434894429314824
      vertex 89 43.03650165908567 -18.344469396133324
      vertex 94 43.03650165908567 -18.344469396133324
    endloop
  endfacet
  facet normal 0 0.8492021815265957 0.5280678506503411
    outer loop
      vertex 89 43.03650165908567 -18.344469396133324
      vertex 89 42.97775681356646 -18.25
      vertex 94 42.97775681356646 -18.25
    endloop
  endfacet
  facet normal 0 0.41270702980437046 0.9108638249211868
    outer loop
      vertex 89 43.6981092266277 -18.92468366060557
      vertex 94 43.6981092266277 -18.92468366060557
      vertex 89 43.79943816497935 -18.970595205269184
    endloop
  endfacet
  facet normal 0 0.4713967368260105 0.8819212643483482
    outer loop
      vertex 89 43.6981092266277 -18.92468366060557
      vertex 89 43.6 -18.872243186433543
      vertex 94 43.6 -18.872243186433543
    endloop
  endfacet
  facet normal 0 0.6343932841636472 0.7730104533627356
    outer loop
      vertex 89 43.41510557068518 -18.748700678495098
      vertex 89 43.32911211432989 -18.67812767271426
      vertex 94 43.32911211432989 -18.67812767271426
    endloop
  endfacet
  facet normal 0 0.5280678506503785 0.8492021815265723
    outer loop
      vertex 89 43.6 -18.872243186433543
      vertex 89 43.50553060386668 -18.813498340914325
      vertex 94 43.50553060386668 -18.813498340914325
    endloop
  endfacet
  facet normal 0 0.5824776968677947 0.8128466845916205
    outer loop
      vertex 89 43.41510557068518 -18.748700678495098
      vertex 94 43.41510557068518 -18.748700678495098
      vertex 89 43.50553060386668 -18.813498340914325
    endloop
  endfacet
  facet normal 0 0.3522500479212523 0.9359059267573187
    outer loop
      vertex 89 43.90355290898463 -19.00978122014168
      vertex 89 43.79943816497935 -18.970595205269184
      vertex 94 43.79943816497935 -18.970595205269184
    endloop
  endfacet
  facet normal 0 0.29028467725444107 0.9569403357322154
    outer loop
      vertex 89 43.90355290898463 -19.00978122014168
      vertex 94 43.90355290898463 -19.00978122014168
      vertex 89 44.01000762332572 -19.042073904691414
    endloop
  endfacet
  facet normal 0 0.6835923020228546 0.7298640726978514
    outer loop
      vertex 89 43.32911211432989 -18.67812767271426
      vertex 89 43.24791847198287 -18.60208152801713
      vertex 94 43.24791847198287 -18.60208152801713
    endloop
  endfacet
  facet normal 0 0.7298640726978364 0.6835923020228705
    outer loop
      vertex 89 43.24791847198287 -18.60208152801713
      vertex 89 43.17187232728574 -18.520887885670117
      vertex 94 43.17187232728574 -18.520887885670117
    endloop
  endfacet
  facet normal 0 0.7730104533627484 0.6343932841636315
    outer loop
      vertex 89 43.17187232728574 -18.520887885670117
      vertex 89 43.101299321504904 -18.434894429314824
      vertex 94 43.101299321504904 -18.434894429314824
    endloop
  endfacet
  facet normal 0 0.8492021815265957 0.5280678506503411
    outer loop
      vertex 89 43.03650165908567 -18.344469396133324
      vertex 94 42.97775681356646 -18.25
      vertex 94 43.03650165908567 -18.344469396133324
    endloop
  endfacet
  facet normal 0 0.5280678506503785 0.8492021815265723
    outer loop
      vertex 89 43.6 -18.872243186433543
      vertex 94 43.50553060386668 -18.813498340914325
      vertex 94 43.6 -18.872243186433543
    endloop
  endfacet
  facet normal 0 0.4713967368260105 0.8819212643483482
    outer loop
      vertex 89 43.6981092266277 -18.92468366060557
      vertex 94 43.6 -18.872243186433543
      vertex 94 43.6981092266277 -18.92468366060557
    endloop
  endfacet
  facet normal 0 0.6343932841636472 0.7730104533627356
    outer loop
      vertex 89 43.41510557068518 -18.748700678495098
      vertex 94 43.32911211432989 -18.67812767271426
      vertex 94 43.41510557068518 -18.748700678495098
    endloop
  endfacet
  facet normal 0 0.5824776968677947 0.8128466845916205
    outer loop
      vertex 89 43.50553060386668 -18.813498340914325
      vertex 94 43.41510557068518 -18.748700678495098
      vertex 94 43.50553060386668 -18.813498340914325
    endloop
  endfacet
  facet normal 0 0.41270702980437046 0.9108638249211868
    outer loop
      vertex 89 43.79943816497935 -18.970595205269184
      vertex 94 43.6981092266277 -18.92468366060557
      vertex 94 43.79943816497935 -18.970595205269184
    endloop
  endfacet
  facet normal 0 0.3522500479212523 0.9359059267573187
    outer loop
      vertex 89 43.90355290898463 -19.00978122014168
      vertex 94 43.79943816497935 -18.970595205269184
      vertex 94 43.90355290898463 -19.00978122014168
    endloop
  endfacet
  facet normal 0 0.29028467725444107 0.9569403357322154
    outer loop
      vertex 89 44.01000762332572 -19.042073904691414
      vertex 94 43.90355290898463 -19.00978122014168
      vertex 94 44.01000762332572 -19.042073904691414
    endloop
  endfacet
  facet normal 0 0.7298640726978364 0.6835923020228705
    outer loop
      vertex 89 43.24791847198287 -18.60208152801713
      vertex 94 43.17187232728574 -18.520887885670117
      vertex 94 43.24791847198287 -18.60208152801713
    endloop
  endfacet
  facet normal 0 0.6835923020228546 0.7298640726978514
    outer loop
      vertex 89 43.32911211432989 -18.67812767271426
      vertex 94 43.24791847198287 -18.60208152801713
      vertex 94 43.32911211432989 -18.67812767271426
    endloop
  endfacet
  facet normal 0 0.7730104533627484 0.6343932841636315
    outer loop
      vertex 89 43.17187232728574 -18.520887885670117
      vertex 94 43.101299321504904 -18.434894429314824
      vertex 94 43.17187232728574 -18.520887885670117
    endloop
  endfacet
  facet normal 0 0.8128466845915946 0.5824776968678309
    outer loop
      vertex 89 43.101299321504904 -18.434894429314824
      vertex 94 43.03650165908567 -18.344469396133324
      vertex 94 43.101299321504904 -18.434894429314824
    endloop
  endfacet
  facet normal 0 0.8819212643483614 0.47139673682598565
    outer loop
      vertex 89 42.97775681356646 -18.25
      vertex 89 42.925316339394435 -18.1518907733723
      vertex 94 42.925316339394435 -18.1518907733723
    endloop
  endfacet
  facet normal 0 0.9108638249211748 0.412707029804397
    outer loop
      vertex 89 42.925316339394435 -18.1518907733723
      vertex 89 42.87940479473082 -18.050561835020652
      vertex 94 42.87940479473082 -18.050561835020652
    endloop
  endfacet
  facet normal 0 0.9359059267573292 0.35225004792122433
    outer loop
      vertex 89 42.87940479473082 -18.050561835020652
      vertex 89 42.840218779858326 -17.946447091015372
      vertex 94 42.840218779858326 -17.946447091015372
    endloop
  endfacet
  facet normal 0 0.9569403357322037 0.29028467725447915
    outer loop
      vertex 89 42.840218779858326 -17.946447091015372
      vertex 89 42.80792609530859 -17.839992376674285
      vertex 94 42.80792609530859 -17.839992376674285
    endloop
  endfacet
  facet normal 0 0.9738769792773389 0.22707626303435122
    outer loop
      vertex 89 42.80792609530859 -17.839992376674285
      vertex 89 42.782665023314514 -17.731653547427417
      vertex 94 42.782665023314514 -17.731653547427417
    endloop
  endfacet
  facet normal 0 0.9866433320848738 0.16289547339462107
    outer loop
      vertex 89 42.782665023314514 -17.731653547427417
      vertex 89 42.764543735664525 -17.621894526774085
      vertex 94 42.764543735664525 -17.621894526774085
    endloop
  endfacet
  facet normal 0 0.9951847266721988 0.09801714032954162
    outer loop
      vertex 89 42.764543735664525 -17.621894526774085
      vertex 89 42.75363983049438 -17.511185319691243
      vertex 94 42.75363983049438 -17.511185319691243
    endloop
  endfacet
  facet normal 0 0.8819212643483614 0.47139673682598565
    outer loop
      vertex 89 42.97775681356646 -18.25
      vertex 94 42.925316339394435 -18.1518907733723
      vertex 94 42.97775681356646 -18.25
    endloop
  endfacet
  facet normal 0 0.9108638249211748 0.412707029804397
    outer loop
      vertex 89 42.925316339394435 -18.1518907733723
      vertex 94 42.87940479473082 -18.050561835020652
      vertex 94 42.925316339394435 -18.1518907733723
    endloop
  endfacet
  facet normal 0 0.9359059267573292 0.35225004792122433
    outer loop
      vertex 89 42.87940479473082 -18.050561835020652
      vertex 94 42.840218779858326 -17.946447091015372
      vertex 94 42.87940479473082 -18.050561835020652
    endloop
  endfacet
  facet normal 0 0.9569403357322037 0.29028467725447915
    outer loop
      vertex 89 42.840218779858326 -17.946447091015372
      vertex 94 42.80792609530859 -17.839992376674285
      vertex 94 42.840218779858326 -17.946447091015372
    endloop
  endfacet
  facet normal 0 0.9738769792773389 0.22707626303435122
    outer loop
      vertex 89 42.80792609530859 -17.839992376674285
      vertex 94 42.782665023314514 -17.731653547427417
      vertex 94 42.80792609530859 -17.839992376674285
    endloop
  endfacet
  facet normal 0 0.9866433320848738 0.16289547339462107
    outer loop
      vertex 89 42.782665023314514 -17.731653547427417
      vertex 94 42.764543735664525 -17.621894526774085
      vertex 94 42.782665023314514 -17.731653547427417
    endloop
  endfacet
  facet normal 0 0.9951847266721988 0.09801714032954162
    outer loop
      vertex 89 42.764543735664525 -17.621894526774085
      vertex 94 42.75363983049438 -17.511185319691243
      vertex 94 42.764543735664525 -17.621894526774085
    endloop
  endfacet
  facet normal 0 0.9994645874763644 0.032719082821818145
    outer loop
      vertex 89 42.75363983049438 -17.511185319691243
      vertex 94 42.75 -17.4
      vertex 94 42.75363983049438 -17.511185319691243
    endloop
  endfacet
  facet normal 0 0.9994645874763644 0.032719082821818145
    outer loop
      vertex 89 42.75363983049438 -17.511185319691243
      vertex 89 42.75 -17.4
      vertex 94 42.75 -17.4
    endloop
  endfacet
  facet normal 0 0.9994645874763644 -0.032719082821818145
    outer loop
      vertex 89 42.75 -17.4
      vertex 89 42.75363983049438 -17.288814680308754
      vertex 94 42.75363983049438 -17.288814680308754
    endloop
  endfacet
  facet normal 0 0.9951847266721988 -0.09801714032954162
    outer loop
      vertex 89 42.75363983049438 -17.288814680308754
      vertex 89 42.764543735664525 -17.178105473225912
      vertex 94 42.764543735664525 -17.178105473225912
    endloop
  endfacet
  facet normal 0 0.9866433320848738 -0.16289547339462107
    outer loop
      vertex 89 42.764543735664525 -17.178105473225912
      vertex 89 42.782665023314514 -17.06834645257258
      vertex 94 42.782665023314514 -17.06834645257258
    endloop
  endfacet
  facet normal 0 0.9738769792773389 -0.22707626303435122
    outer loop
      vertex 89 42.782665023314514 -17.06834645257258
      vertex 89 42.80792609530859 -16.960007623325712
      vertex 94 42.80792609530859 -16.960007623325712
    endloop
  endfacet
  facet normal 0 0.9569403357322037 -0.29028467725447915
    outer loop
      vertex 89 42.80792609530859 -16.960007623325712
      vertex 89 42.840218779858326 -16.853552908984625
      vertex 94 42.840218779858326 -16.853552908984625
    endloop
  endfacet
  facet normal 0 0.9359059267573292 -0.35225004792122433
    outer loop
      vertex 89 42.840218779858326 -16.853552908984625
      vertex 89 42.87940479473082 -16.749438164979345
      vertex 94 42.87940479473082 -16.749438164979345
    endloop
  endfacet
  facet normal 0 0.9108638249211748 -0.412707029804397
    outer loop
      vertex 89 42.87940479473082 -16.749438164979345
      vertex 89 42.925316339394435 -16.648109226627696
      vertex 94 42.925316339394435 -16.648109226627696
    endloop
  endfacet
  facet normal 0 0.9994645874763644 -0.032719082821818145
    outer loop
      vertex 89 42.75 -17.4
      vertex 94 42.75363983049438 -17.288814680308754
      vertex 94 42.75 -17.4
    endloop
  endfacet
  facet normal 0 0.9951847266721988 -0.09801714032954162
    outer loop
      vertex 89 42.75363983049438 -17.288814680308754
      vertex 94 42.764543735664525 -17.178105473225912
      vertex 94 42.75363983049438 -17.288814680308754
    endloop
  endfacet
  facet normal 0 0.9866433320848738 -0.16289547339462107
    outer loop
      vertex 89 42.764543735664525 -17.178105473225912
      vertex 94 42.782665023314514 -17.06834645257258
      vertex 94 42.764543735664525 -17.178105473225912
    endloop
  endfacet
  facet normal 0 0.9738769792773389 -0.22707626303435122
    outer loop
      vertex 89 42.782665023314514 -17.06834645257258
      vertex 94 42.80792609530859 -16.960007623325712
      vertex 94 42.782665023314514 -17.06834645257258
    endloop
  endfacet
  facet normal 0 0.9569403357322037 -0.29028467725447915
    outer loop
      vertex 89 42.80792609530859 -16.960007623325712
      vertex 94 42.840218779858326 -16.853552908984625
      vertex 94 42.80792609530859 -16.960007623325712
    endloop
  endfacet
  facet normal 0 0.9359059267573292 -0.35225004792122433
    outer loop
      vertex 89 42.840218779858326 -16.853552908984625
      vertex 94 42.87940479473082 -16.749438164979345
      vertex 94 42.840218779858326 -16.853552908984625
    endloop
  endfacet
  facet normal 0 0.9108638249211748 -0.412707029804397
    outer loop
      vertex 89 42.87940479473082 -16.749438164979345
      vertex 94 42.925316339394435 -16.648109226627696
      vertex 94 42.87940479473082 -16.749438164979345
    endloop
  endfacet
  facet normal 0 0.8819212643483614 -0.47139673682598565
    outer loop
      vertex 89 42.925316339394435 -16.648109226627696
      vertex 89 42.97775681356646 -16.549999999999997
      vertex 94 42.97775681356646 -16.549999999999997
    endloop
  endfacet
  facet normal 0 0.8492021815265957 -0.5280678506503411
    outer loop
      vertex 89 42.97775681356646 -16.549999999999997
      vertex 89 43.03650165908567 -16.455530603866674
      vertex 94 43.03650165908567 -16.455530603866674
    endloop
  endfacet
  facet normal 0 0.8128466845915946 -0.5824776968678309
    outer loop
      vertex 89 43.03650165908567 -16.455530603866674
      vertex 89 43.101299321504904 -16.365105570685174
      vertex 94 43.101299321504904 -16.365105570685174
    endloop
  endfacet
  facet normal 0 0.7730104533627484 -0.6343932841636315
    outer loop
      vertex 89 43.101299321504904 -16.365105570685174
      vertex 89 43.17187232728574 -16.27911211432988
      vertex 94 43.17187232728574 -16.27911211432988
    endloop
  endfacet
  facet normal 0 0.7298640726978364 -0.6835923020228705
    outer loop
      vertex 89 43.17187232728574 -16.27911211432988
      vertex 89 43.24791847198287 -16.197918471982867
      vertex 94 43.24791847198287 -16.197918471982867
    endloop
  endfacet
  facet normal 0 0.6835923020228546 -0.7298640726978514
    outer loop
      vertex 89 43.24791847198287 -16.197918471982867
      vertex 89 43.32911211432989 -16.121872327285736
      vertex 94 43.32911211432989 -16.121872327285736
    endloop
  endfacet
  facet normal 0 0.6343932841636472 -0.7730104533627356
    outer loop
      vertex 89 43.32911211432989 -16.121872327285736
      vertex 89 43.41510557068518 -16.0512993215049
      vertex 94 43.41510557068518 -16.0512993215049
    endloop
  endfacet
  facet normal 0 0.5824776968677947 -0.8128466845916205
    outer loop
      vertex 89 43.41510557068518 -16.0512993215049
      vertex 89 43.50553060386668 -15.986501659085672
      vertex 94 43.50553060386668 -15.986501659085672
    endloop
  endfacet
  facet normal 0 0.5280678506503785 -0.8492021815265723
    outer loop
      vertex 89 43.50553060386668 -15.986501659085672
      vertex 89 43.6 -15.927756813566454
      vertex 94 43.6 -15.927756813566454
    endloop
  endfacet
  facet normal 0 0.47139673682599803 -0.8819212643483547
    outer loop
      vertex 89 43.6 -15.927756813566454
      vertex 89 43.6981092266277 -15.875316339394429
      vertex 94 43.6981092266277 -15.875316339394429
    endloop
  endfacet
  facet normal 0 0.8819212643483614 -0.47139673682598565
    outer loop
      vertex 89 42.925316339394435 -16.648109226627696
      vertex 94 42.97775681356646 -16.549999999999997
      vertex 94 42.925316339394435 -16.648109226627696
    endloop
  endfacet
  facet normal 0 0.8492021815265957 -0.5280678506503411
    outer loop
      vertex 89 42.97775681356646 -16.549999999999997
      vertex 94 43.03650165908567 -16.455530603866674
      vertex 94 42.97775681356646 -16.549999999999997
    endloop
  endfacet
  facet normal 0 0.8128466845915946 -0.5824776968678309
    outer loop
      vertex 89 43.03650165908567 -16.455530603866674
      vertex 94 43.101299321504904 -16.365105570685174
      vertex 94 43.03650165908567 -16.455530603866674
    endloop
  endfacet
  facet normal 0 0.7730104533627484 -0.6343932841636315
    outer loop
      vertex 89 43.101299321504904 -16.365105570685174
      vertex 94 43.17187232728574 -16.27911211432988
      vertex 94 43.101299321504904 -16.365105570685174
    endloop
  endfacet
  facet normal 0 0.7298640726978364 -0.6835923020228705
    outer loop
      vertex 89 43.17187232728574 -16.27911211432988
      vertex 94 43.24791847198287 -16.197918471982867
      vertex 94 43.17187232728574 -16.27911211432988
    endloop
  endfacet
  facet normal 0 0.6835923020228546 -0.7298640726978514
    outer loop
      vertex 89 43.24791847198287 -16.197918471982867
      vertex 94 43.32911211432989 -16.121872327285736
      vertex 94 43.24791847198287 -16.197918471982867
    endloop
  endfacet
  facet normal 0 0.6343932841636472 -0.7730104533627356
    outer loop
      vertex 89 43.32911211432989 -16.121872327285736
      vertex 94 43.41510557068518 -16.0512993215049
      vertex 94 43.32911211432989 -16.121872327285736
    endloop
  endfacet
  facet normal 0 0.5824776968677947 -0.8128466845916205
    outer loop
      vertex 89 43.41510557068518 -16.0512993215049
      vertex 94 43.50553060386668 -15.986501659085672
      vertex 94 43.41510557068518 -16.0512993215049
    endloop
  endfacet
  facet normal 0 0.5280678506503785 -0.8492021815265723
    outer loop
      vertex 89 43.50553060386668 -15.986501659085672
      vertex 94 43.6 -15.927756813566454
      vertex 94 43.50553060386668 -15.986501659085672
    endloop
  endfacet
  facet normal 0 0.47139673682599803 -0.8819212643483547
    outer loop
      vertex 89 43.6 -15.927756813566454
      vertex 94 43.6981092266277 -15.875316339394429
      vertex 94 43.6 -15.927756813566454
    endloop
  endfacet
  facet normal 0 0.412707029804397 -0.9108638249211748
    outer loop
      vertex 89 43.6981092266277 -15.875316339394429
      vertex 89 43.79943816497935 -15.829404794730811
      vertex 94 43.79943816497935 -15.829404794730811
    endloop
  endfacet
  facet normal 0 0.35225004792122433 -0.9359059267573292
    outer loop
      vertex 89 43.79943816497935 -15.829404794730811
      vertex 89 43.90355290898463 -15.79021877985832
      vertex 94 43.90355290898463 -15.79021877985832
    endloop
  endfacet
  facet normal 0 0.29028467725447027 -0.9569403357322064
    outer loop
      vertex 89 43.90355290898463 -15.79021877985832
      vertex 89 44.01000762332572 -15.757926095308582
      vertex 94 44.01000762332572 -15.757926095308582
    endloop
  endfacet
  facet normal 0 0.22707626303436632 -0.9738769792773352
    outer loop
      vertex 89 44.01000762332572 -15.757926095308582
      vertex 89 44.11834645257259 -15.732665023314507
      vertex 94 44.11834645257259 -15.732665023314507
    endloop
  endfacet
  facet normal 0 0.16289547339459512 -0.986643332084878
    outer loop
      vertex 89 44.11834645257259 -15.732665023314507
      vertex 89 44.22810547322592 -15.71454373566452
      vertex 94 44.22810547322592 -15.71454373566452
    endloop
  endfacet
  facet normal 0 0.09801714032955743 -0.9951847266721973
    outer loop
      vertex 89 44.22810547322592 -15.71454373566452
      vertex 89 44.33881468030876 -15.703639830494373
      vertex 94 44.33881468030876 -15.703639830494373
    endloop
  endfacet
  facet normal 0 0.03271908282177029 -0.9994645874763658
    outer loop
      vertex 89 44.33881468030876 -15.703639830494373
      vertex 89 44.45 -15.7
      vertex 94 44.45 -15.7
    endloop
  endfacet
  facet normal 0 0.412707029804397 -0.9108638249211748
    outer loop
      vertex 89 43.6981092266277 -15.875316339394429
      vertex 94 43.79943816497935 -15.829404794730811
      vertex 94 43.6981092266277 -15.875316339394429
    endloop
  endfacet
  facet normal 0 0.35225004792122433 -0.9359059267573292
    outer loop
      vertex 89 43.79943816497935 -15.829404794730811
      vertex 94 43.90355290898463 -15.79021877985832
      vertex 94 43.79943816497935 -15.829404794730811
    endloop
  endfacet
  facet normal 0 0.29028467725447027 -0.9569403357322064
    outer loop
      vertex 89 43.90355290898463 -15.79021877985832
      vertex 94 44.01000762332572 -15.757926095308582
      vertex 94 43.90355290898463 -15.79021877985832
    endloop
  endfacet
  facet normal 0 0.22707626303436632 -0.9738769792773352
    outer loop
      vertex 89 44.01000762332572 -15.757926095308582
      vertex 94 44.11834645257259 -15.732665023314507
      vertex 94 44.01000762332572 -15.757926095308582
    endloop
  endfacet
  facet normal 0 0.16289547339459512 -0.986643332084878
    outer loop
      vertex 89 44.11834645257259 -15.732665023314507
      vertex 94 44.22810547322592 -15.71454373566452
      vertex 94 44.11834645257259 -15.732665023314507
    endloop
  endfacet
  facet normal 0 0.09801714032955743 -0.9951847266721973
    outer loop
      vertex 89 44.22810547322592 -15.71454373566452
      vertex 94 44.33881468030876 -15.703639830494373
      vertex 94 44.22810547322592 -15.71454373566452
    endloop
  endfacet
  facet normal 0 0.03271908282177029 -0.9994645874763658
    outer loop
      vertex 89 44.33881468030876 -15.703639830494373
      vertex 94 44.45 -15.7
      vertex 94 44.33881468030876 -15.703639830494373
    endloop
  endfacet
  facet normal 0 -0.03271908282178624 0.9994645874763654
    outer loop
      vertex 89 44.45 -19.099999999999998
      vertex 94 44.45 -19.099999999999998
      vertex 89 44.56118531969125 -19.096360169505623
    endloop
  endfacet
  facet normal 0 -0.09801714032954162 0.9951847266721988
    outer loop
      vertex 89 44.56118531969125 -19.096360169505623
      vertex 94 44.56118531969125 -19.096360169505623
      vertex 89 44.67189452677409 -19.085456264335477
    endloop
  endfacet
  facet normal 0 -0.16289547339459512 0.986643332084878
    outer loop
      vertex 89 44.67189452677409 -19.085456264335477
      vertex 94 44.67189452677409 -19.085456264335477
      vertex 89 44.78165354742742 -19.06733497668549
    endloop
  endfacet
  facet normal 0 -0.22707626303438147 0.9738769792773317
    outer loop
      vertex 89 44.78165354742742 -19.06733497668549
      vertex 94 44.78165354742742 -19.06733497668549
      vertex 89 44.889992376674286 -19.042073904691414
    endloop
  endfacet
  facet normal 0 -0.03271908282178624 0.9994645874763654
    outer loop
      vertex 89 44.56118531969125 -19.096360169505623
      vertex 94 44.45 -19.099999999999998
      vertex 94 44.56118531969125 -19.096360169505623
    endloop
  endfacet
  facet normal 0 -0.09801714032954162 0.9951847266721988
    outer loop
      vertex 89 44.67189452677409 -19.085456264335477
      vertex 94 44.56118531969125 -19.096360169505623
      vertex 94 44.67189452677409 -19.085456264335477
    endloop
  endfacet
  facet normal 0 -0.16289547339459512 0.986643332084878
    outer loop
      vertex 89 44.78165354742742 -19.06733497668549
      vertex 94 44.67189452677409 -19.085456264335477
      vertex 94 44.78165354742742 -19.06733497668549
    endloop
  endfacet
  facet normal 0 -0.22707626303438147 0.9738769792773317
    outer loop
      vertex 89 44.889992376674286 -19.042073904691414
      vertex 94 44.78165354742742 -19.06733497668549
      vertex 94 44.889992376674286 -19.042073904691414
    endloop
  endfacet
  facet normal 0 -0.29028467725444107 0.9569403357322154
    outer loop
      vertex 89 44.889992376674286 -19.042073904691414
      vertex 94 44.889992376674286 -19.042073904691414
      vertex 89 44.996447091015376 -19.00978122014168
    endloop
  endfacet
  facet normal 0 -0.3522500479212523 0.9359059267573187
    outer loop
      vertex 89 44.996447091015376 -19.00978122014168
      vertex 94 44.996447091015376 -19.00978122014168
      vertex 89 45.100561835020656 -18.970595205269184
    endloop
  endfacet
  facet normal 0 -0.41270702980437046 0.9108638249211868
    outer loop
      vertex 89 45.100561835020656 -18.970595205269184
      vertex 94 45.100561835020656 -18.970595205269184
      vertex 89 45.201890773372305 -18.92468366060557
    endloop
  endfacet
  facet normal 0 -0.4713967368260105 0.8819212643483482
    outer loop
      vertex 89 45.201890773372305 -18.92468366060557
      vertex 94 45.201890773372305 -18.92468366060557
      vertex 89 45.300000000000004 -18.872243186433543
    endloop
  endfacet
  facet normal 0 -0.5280678506503785 0.8492021815265723
    outer loop
      vertex 89 45.300000000000004 -18.872243186433543
      vertex 94 45.300000000000004 -18.872243186433543
      vertex 89 45.394469396133324 -18.813498340914325
    endloop
  endfacet
  facet normal 0 -0.5824776968677947 0.8128466845916205
    outer loop
      vertex 89 45.394469396133324 -18.813498340914325
      vertex 94 45.394469396133324 -18.813498340914325
      vertex 89 45.48489442931483 -18.748700678495098
    endloop
  endfacet
  facet normal 0 -0.6343932841636472 0.7730104533627356
    outer loop
      vertex 89 45.48489442931483 -18.748700678495098
      vertex 94 45.48489442931483 -18.748700678495098
      vertex 89 45.57088788567012 -18.67812767271426
    endloop
  endfacet
  facet normal 0 -0.6835923020228546 0.7298640726978514
    outer loop
      vertex 89 45.57088788567012 -18.67812767271426
      vertex 94 45.57088788567012 -18.67812767271426
      vertex 89 45.652081528017135 -18.60208152801713
    endloop
  endfacet
  facet normal 0 -0.7298640726978364 0.6835923020228705
    outer loop
      vertex 89 45.652081528017135 -18.60208152801713
      vertex 94 45.652081528017135 -18.60208152801713
      vertex 89 45.728127672714265 -18.520887885670117
    endloop
  endfacet
  facet normal 0 -0.7730104533627484 0.6343932841636315
    outer loop
      vertex 89 45.728127672714265 -18.520887885670117
      vertex 94 45.728127672714265 -18.520887885670117
      vertex 89 45.7987006784951 -18.434894429314824
    endloop
  endfacet
  facet normal 0 -0.8128466845915946 0.5824776968678309
    outer loop
      vertex 89 45.7987006784951 -18.434894429314824
      vertex 94 45.7987006784951 -18.434894429314824
      vertex 89 45.86349834091433 -18.344469396133324
    endloop
  endfacet
  facet normal 0 -0.8492021815265957 0.5280678506503411
    outer loop
      vertex 89 45.86349834091433 -18.344469396133324
      vertex 94 45.86349834091433 -18.344469396133324
      vertex 89 45.92224318643355 -18.25
    endloop
  endfacet
  facet normal 0 -0.29028467725444107 0.9569403357322154
    outer loop
      vertex 89 44.996447091015376 -19.00978122014168
      vertex 94 44.889992376674286 -19.042073904691414
      vertex 94 44.996447091015376 -19.00978122014168
    endloop
  endfacet
  facet normal 0 -0.3522500479212523 0.9359059267573187
    outer loop
      vertex 89 45.100561835020656 -18.970595205269184
      vertex 94 44.996447091015376 -19.00978122014168
      vertex 94 45.100561835020656 -18.970595205269184
    endloop
  endfacet
  facet normal 0 -0.41270702980437046 0.9108638249211868
    outer loop
      vertex 89 45.201890773372305 -18.92468366060557
      vertex 94 45.100561835020656 -18.970595205269184
      vertex 94 45.201890773372305 -18.92468366060557
    endloop
  endfacet
  facet normal 0 -0.4713967368260105 0.8819212643483482
    outer loop
      vertex 89 45.300000000000004 -18.872243186433543
      vertex 94 45.201890773372305 -18.92468366060557
      vertex 94 45.300000000000004 -18.872243186433543
    endloop
  endfacet
  facet normal 0 -0.5280678506503785 0.8492021815265723
    outer loop
      vertex 89 45.394469396133324 -18.813498340914325
      vertex 94 45.300000000000004 -18.872243186433543
      vertex 94 45.394469396133324 -18.813498340914325
    endloop
  endfacet
  facet normal 0 -0.5824776968677947 0.8128466845916205
    outer loop
      vertex 89 45.48489442931483 -18.748700678495098
      vertex 94 45.394469396133324 -18.813498340914325
      vertex 94 45.48489442931483 -18.748700678495098
    endloop
  endfacet
  facet normal 0 -0.6343932841636472 0.7730104533627356
    outer loop
      vertex 89 45.57088788567012 -18.67812767271426
      vertex 94 45.48489442931483 -18.748700678495098
      vertex 94 45.57088788567012 -18.67812767271426
    endloop
  endfacet
  facet normal 0 -0.6835923020228546 0.7298640726978514
    outer loop
      vertex 89 45.652081528017135 -18.60208152801713
      vertex 94 45.57088788567012 -18.67812767271426
      vertex 94 45.652081528017135 -18.60208152801713
    endloop
  endfacet
  facet normal 0 -0.7298640726978364 0.6835923020228705
    outer loop
      vertex 89 45.728127672714265 -18.520887885670117
      vertex 94 45.652081528017135 -18.60208152801713
      vertex 94 45.728127672714265 -18.520887885670117
    endloop
  endfacet
  facet normal 0 -0.7730104533627484 0.6343932841636315
    outer loop
      vertex 89 45.7987006784951 -18.434894429314824
      vertex 94 45.728127672714265 -18.520887885670117
      vertex 94 45.7987006784951 -18.434894429314824
    endloop
  endfacet
  facet normal 0 -0.8128466845915946 0.5824776968678309
    outer loop
      vertex 94 45.7987006784951 -18.434894429314824
      vertex 94 45.86349834091433 -18.344469396133324
      vertex 89 45.86349834091433 -18.344469396133324
    endloop
  endfacet
  facet normal 0 -0.8492021815265957 0.5280678506503411
    outer loop
      vertex 89 45.92224318643355 -18.25
      vertex 94 45.86349834091433 -18.344469396133324
      vertex 94 45.92224318643355 -18.25
    endloop
  endfacet
  facet normal 0 -0.8819212643483614 0.47139673682598565
    outer loop
      vertex 89 45.92224318643355 -18.25
      vertex 94 45.92224318643355 -18.25
      vertex 89 45.97468366060557 -18.1518907733723
    endloop
  endfacet
  facet normal 0 -0.9108638249211748 0.412707029804397
    outer loop
      vertex 89 45.97468366060557 -18.1518907733723
      vertex 94 45.97468366060557 -18.1518907733723
      vertex 89 46.02059520526919 -18.050561835020652
    endloop
  endfacet
  facet normal 0 -0.9359059267573292 0.35225004792122433
    outer loop
      vertex 89 46.02059520526919 -18.050561835020652
      vertex 94 46.02059520526919 -18.050561835020652
      vertex 89 46.05978122014168 -17.946447091015372
    endloop
  endfacet
  facet normal 0 -0.9569403357322037 0.29028467725447915
    outer loop
      vertex 89 46.05978122014168 -17.946447091015372
      vertex 94 46.05978122014168 -17.946447091015372
      vertex 89 46.09207390469142 -17.839992376674285
    endloop
  endfacet
  facet normal 0 -0.9738769792773389 0.22707626303435122
    outer loop
      vertex 89 46.09207390469142 -17.839992376674285
      vertex 94 46.09207390469142 -17.839992376674285
      vertex 89 46.11733497668549 -17.731653547427417
    endloop
  endfacet
  facet normal 0 -0.9866433320848738 0.16289547339462107
    outer loop
      vertex 89 46.11733497668549 -17.731653547427417
      vertex 94 46.11733497668549 -17.731653547427417
      vertex 89 46.13545626433548 -17.621894526774085
    endloop
  endfacet
  facet normal 0 -0.9951847266721988 0.09801714032954162
    outer loop
      vertex 89 46.13545626433548 -17.621894526774085
      vertex 94 46.13545626433548 -17.621894526774085
      vertex 89 46.14636016950563 -17.511185319691243
    endloop
  endfacet
  facet normal 0 -0.9994645874763644 0.032719082821818145
    outer loop
      vertex 89 46.14636016950563 -17.511185319691243
      vertex 94 46.14636016950563 -17.511185319691243
      vertex 89 46.150000000000006 -17.4
    endloop
  endfacet
  facet normal 0 -0.8819212643483614 0.47139673682598565
    outer loop
      vertex 89 45.97468366060557 -18.1518907733723
      vertex 94 45.92224318643355 -18.25
      vertex 94 45.97468366060557 -18.1518907733723
    endloop
  endfacet
  facet normal 0 -0.9108638249211748 0.412707029804397
    outer loop
      vertex 89 46.02059520526919 -18.050561835020652
      vertex 94 45.97468366060557 -18.1518907733723
      vertex 94 46.02059520526919 -18.050561835020652
    endloop
  endfacet
  facet normal 0 -0.9359059267573292 0.35225004792122433
    outer loop
      vertex 89 46.05978122014168 -17.946447091015372
      vertex 94 46.02059520526919 -18.050561835020652
      vertex 94 46.05978122014168 -17.946447091015372
    endloop
  endfacet
  facet normal 0 -0.9569403357322037 0.29028467725447915
    outer loop
      vertex 89 46.09207390469142 -17.839992376674285
      vertex 94 46.05978122014168 -17.946447091015372
      vertex 94 46.09207390469142 -17.839992376674285
    endloop
  endfacet
  facet normal 0 -0.9738769792773389 0.22707626303435122
    outer loop
      vertex 89 46.11733497668549 -17.731653547427417
      vertex 94 46.09207390469142 -17.839992376674285
      vertex 94 46.11733497668549 -17.731653547427417
    endloop
  endfacet
  facet normal 0 -0.9866433320848738 0.16289547339462107
    outer loop
      vertex 89 46.13545626433548 -17.621894526774085
      vertex 94 46.11733497668549 -17.731653547427417
      vertex 94 46.13545626433548 -17.621894526774085
    endloop
  endfacet
  facet normal 0 -0.9951847266721988 0.09801714032954162
    outer loop
      vertex 89 46.14636016950563 -17.511185319691243
      vertex 94 46.13545626433548 -17.621894526774085
      vertex 94 46.14636016950563 -17.511185319691243
    endloop
  endfacet
  facet normal 0 -0.9994645874763644 -0.032719082821818145
    outer loop
      vertex 89 46.150000000000006 -17.4
      vertex 94 46.150000000000006 -17.4
      vertex 89 46.14636016950563 -17.288814680308754
    endloop
  endfacet
  facet normal 0 -0.9951847266721988 -0.09801714032954162
    outer loop
      vertex 89 46.14636016950563 -17.288814680308754
      vertex 94 46.14636016950563 -17.288814680308754
      vertex 89 46.13545626433548 -17.178105473225912
    endloop
  endfacet
  facet normal 0 -0.9866433320848738 -0.16289547339462107
    outer loop
      vertex 89 46.13545626433548 -17.178105473225912
      vertex 94 46.13545626433548 -17.178105473225912
      vertex 89 46.11733497668549 -17.06834645257258
    endloop
  endfacet
  facet normal 0 -0.9738769792773389 -0.22707626303435122
    outer loop
      vertex 89 46.11733497668549 -17.06834645257258
      vertex 94 46.11733497668549 -17.06834645257258
      vertex 89 46.09207390469142 -16.960007623325712
    endloop
  endfacet
  facet normal 0 -0.9569403357322037 -0.29028467725447915
    outer loop
      vertex 89 46.09207390469142 -16.960007623325712
      vertex 94 46.09207390469142 -16.960007623325712
      vertex 89 46.05978122014168 -16.853552908984625
    endloop
  endfacet
  facet normal 0 -0.9359059267573292 -0.35225004792122433
    outer loop
      vertex 89 46.05978122014168 -16.853552908984625
      vertex 94 46.05978122014168 -16.853552908984625
      vertex 89 46.02059520526919 -16.749438164979345
    endloop
  endfacet
  facet normal 0 -0.9108638249211748 -0.412707029804397
    outer loop
      vertex 89 46.02059520526919 -16.749438164979345
      vertex 94 46.02059520526919 -16.749438164979345
      vertex 89 45.97468366060557 -16.648109226627696
    endloop
  endfacet
  facet normal 0 -0.9994645874763644 0.032719082821818145
    outer loop
      vertex 89 46.150000000000006 -17.4
      vertex 94 46.14636016950563 -17.511185319691243
      vertex 94 46.150000000000006 -17.4
    endloop
  endfacet
  facet normal 0 -0.9994645874763644 -0.032719082821818145
    outer loop
      vertex 89 46.14636016950563 -17.288814680308754
      vertex 94 46.150000000000006 -17.4
      vertex 94 46.14636016950563 -17.288814680308754
    endloop
  endfacet
  facet normal 0 -0.9951847266721988 -0.09801714032954162
    outer loop
      vertex 89 46.13545626433548 -17.178105473225912
      vertex 94 46.14636016950563 -17.288814680308754
      vertex 94 46.13545626433548 -17.178105473225912
    endloop
  endfacet
  facet normal 0 -0.9866433320848738 -0.16289547339462107
    outer loop
      vertex 89 46.11733497668549 -17.06834645257258
      vertex 94 46.13545626433548 -17.178105473225912
      vertex 94 46.11733497668549 -17.06834645257258
    endloop
  endfacet
  facet normal 0 -0.9738769792773389 -0.22707626303435122
    outer loop
      vertex 94 46.11733497668549 -17.06834645257258
      vertex 94 46.09207390469142 -16.960007623325712
      vertex 89 46.09207390469142 -16.960007623325712
    endloop
  endfacet
  facet normal 0 -0.9569403357322037 -0.29028467725447915
    outer loop
      vertex 89 46.05978122014168 -16.853552908984625
      vertex 94 46.09207390469142 -16.960007623325712
      vertex 94 46.05978122014168 -16.853552908984625
    endloop
  endfacet
  facet normal 0 -0.9359059267573292 -0.35225004792122433
    outer loop
      vertex 89 46.02059520526919 -16.749438164979345
      vertex 94 46.05978122014168 -16.853552908984625
      vertex 94 46.02059520526919 -16.749438164979345
    endloop
  endfacet
  facet normal 0 -0.9108638249211748 -0.412707029804397
    outer loop
      vertex 89 45.97468366060557 -16.648109226627696
      vertex 94 46.02059520526919 -16.749438164979345
      vertex 94 45.97468366060557 -16.648109226627696
    endloop
  endfacet
  facet normal 0 -0.7730104533627484 -0.6343932841636315
    outer loop
      vertex 89 45.7987006784951 -16.365105570685174
      vertex 94 45.7987006784951 -16.365105570685174
      vertex 89 45.728127672714265 -16.27911211432988
    endloop
  endfacet
  facet normal 0 -0.7298640726978364 -0.6835923020228705
    outer loop
      vertex 89 45.728127672714265 -16.27911211432988
      vertex 94 45.728127672714265 -16.27911211432988
      vertex 89 45.652081528017135 -16.197918471982867
    endloop
  endfacet
  facet normal 0 -0.6835923020228546 -0.7298640726978514
    outer loop
      vertex 89 45.57088788567012 -16.121872327285736
      vertex 89 45.652081528017135 -16.197918471982867
      vertex 94 45.652081528017135 -16.197918471982867
    endloop
  endfacet
  facet normal 0 -0.6343932841636472 -0.7730104533627356
    outer loop
      vertex 89 45.57088788567012 -16.121872327285736
      vertex 94 45.57088788567012 -16.121872327285736
      vertex 89 45.48489442931483 -16.0512993215049
    endloop
  endfacet
  facet normal 0 -0.5824776968677947 -0.8128466845916205
    outer loop
      vertex 89 45.394469396133324 -15.986501659085672
      vertex 89 45.48489442931483 -16.0512993215049
      vertex 94 45.48489442931483 -16.0512993215049
    endloop
  endfacet
  facet normal 0 -0.47139673682599803 -0.8819212643483547
    outer loop
      vertex 89 45.300000000000004 -15.927756813566454
      vertex 94 45.300000000000004 -15.927756813566454
      vertex 89 45.201890773372305 -15.875316339394429
    endloop
  endfacet
  facet normal 0 -0.5280678506503785 -0.8492021815265723
    outer loop
      vertex 89 45.394469396133324 -15.986501659085672
      vertex 94 45.394469396133324 -15.986501659085672
      vertex 89 45.300000000000004 -15.927756813566454
    endloop
  endfacet
  facet normal 0 -0.8819212643483614 -0.47139673682598565
    outer loop
      vertex 89 45.97468366060557 -16.648109226627696
      vertex 94 45.97468366060557 -16.648109226627696
      vertex 89 45.92224318643355 -16.549999999999997
    endloop
  endfacet
  facet normal 0 -0.8492021815265957 -0.5280678506503411
    outer loop
      vertex 89 45.92224318643355 -16.549999999999997
      vertex 94 45.92224318643355 -16.549999999999997
      vertex 89 45.86349834091433 -16.455530603866674
    endloop
  endfacet
  facet normal 0 -0.8128466845915946 -0.5824776968678309
    outer loop
      vertex 89 45.7987006784951 -16.365105570685174
      vertex 89 45.86349834091433 -16.455530603866674
      vertex 94 45.86349834091433 -16.455530603866674
    endloop
  endfacet
  facet normal 0 -0.8128466845915946 -0.5824776968678309
    outer loop
      vertex 89 45.7987006784951 -16.365105570685174
      vertex 94 45.86349834091433 -16.455530603866674
      vertex 94 45.7987006784951 -16.365105570685174
    endloop
  endfacet
  facet normal 0 -0.7730104533627484 -0.6343932841636315
    outer loop
      vertex 89 45.728127672714265 -16.27911211432988
      vertex 94 45.7987006784951 -16.365105570685174
      vertex 94 45.728127672714265 -16.27911211432988
    endloop
  endfacet
  facet normal 0 -0.7298640726978364 -0.6835923020228705
    outer loop
      vertex 89 45.652081528017135 -16.197918471982867
      vertex 94 45.728127672714265 -16.27911211432988
      vertex 94 45.652081528017135 -16.197918471982867
    endloop
  endfacet
  facet normal 0 -0.6835923020228546 -0.7298640726978514
    outer loop
      vertex 89 45.57088788567012 -16.121872327285736
      vertex 94 45.652081528017135 -16.197918471982867
      vertex 94 45.57088788567012 -16.121872327285736
    endloop
  endfacet
  facet normal 0 -0.6343932841636472 -0.7730104533627356
    outer loop
      vertex 89 45.48489442931483 -16.0512993215049
      vertex 94 45.57088788567012 -16.121872327285736
      vertex 94 45.48489442931483 -16.0512993215049
    endloop
  endfacet
  facet normal 0 -0.5824776968677947 -0.8128466845916205
    outer loop
      vertex 89 45.394469396133324 -15.986501659085672
      vertex 94 45.48489442931483 -16.0512993215049
      vertex 94 45.394469396133324 -15.986501659085672
    endloop
  endfacet
  facet normal 0 -0.47139673682599803 -0.8819212643483547
    outer loop
      vertex 89 45.201890773372305 -15.875316339394429
      vertex 94 45.300000000000004 -15.927756813566454
      vertex 94 45.201890773372305 -15.875316339394429
    endloop
  endfacet
  facet normal 0 -0.5280678506503785 -0.8492021815265723
    outer loop
      vertex 89 45.300000000000004 -15.927756813566454
      vertex 94 45.394469396133324 -15.986501659085672
      vertex 94 45.300000000000004 -15.927756813566454
    endloop
  endfacet
  facet normal 0 -0.8819212643483614 -0.47139673682598565
    outer loop
      vertex 89 45.92224318643355 -16.549999999999997
      vertex 94 45.97468366060557 -16.648109226627696
      vertex 94 45.92224318643355 -16.549999999999997
    endloop
  endfacet
  facet normal 0 -0.8492021815265957 -0.5280678506503411
    outer loop
      vertex 89 45.86349834091433 -16.455530603866674
      vertex 94 45.92224318643355 -16.549999999999997
      vertex 94 45.86349834091433 -16.455530603866674
    endloop
  endfacet
  facet normal 0 -0.03271908282177029 -0.9994645874763658
    outer loop
      vertex 89 44.45 -15.7
      vertex 89 44.56118531969125 -15.703639830494373
      vertex 94 44.56118531969125 -15.703639830494373
    endloop
  endfacet
  facet normal 0 -0.16289547339459512 -0.986643332084878
    outer loop
      vertex 89 44.78165354742742 -15.732665023314507
      vertex 94 44.78165354742742 -15.732665023314507
      vertex 89 44.67189452677409 -15.71454373566452
    endloop
  endfacet
  facet normal 0 -0.09801714032955743 -0.9951847266721973
    outer loop
      vertex 89 44.56118531969125 -15.703639830494373
      vertex 89 44.67189452677409 -15.71454373566452
      vertex 94 44.67189452677409 -15.71454373566452
    endloop
  endfacet
  facet normal 0 -0.29028467725447027 -0.9569403357322064
    outer loop
      vertex 89 44.996447091015376 -15.79021877985832
      vertex 94 44.996447091015376 -15.79021877985832
      vertex 89 44.889992376674286 -15.757926095308582
    endloop
  endfacet
  facet normal 0 -0.35225004792122433 -0.9359059267573292
    outer loop
      vertex 89 45.100561835020656 -15.829404794730811
      vertex 94 45.100561835020656 -15.829404794730811
      vertex 89 44.996447091015376 -15.79021877985832
    endloop
  endfacet
  facet normal 0 -0.22707626303436632 -0.9738769792773352
    outer loop
      vertex 89 44.78165354742742 -15.732665023314507
      vertex 89 44.889992376674286 -15.757926095308582
      vertex 94 44.889992376674286 -15.757926095308582
    endloop
  endfacet
  facet normal 0 -0.412707029804397 -0.9108638249211748
    outer loop
      vertex 89 45.100561835020656 -15.829404794730811
      vertex 89 45.201890773372305 -15.875316339394429
      vertex 94 45.201890773372305 -15.875316339394429
    endloop
  endfacet
  facet normal 0 -0.03271908282177029 -0.9994645874763658
    outer loop
      vertex 89 44.45 -15.7
      vertex 94 44.56118531969125 -15.703639830494373
      vertex 94 44.45 -15.7
    endloop
  endfacet
  facet normal 0 -0.09801714032955743 -0.9951847266721973
    outer loop
      vertex 89 44.56118531969125 -15.703639830494373
      vertex 94 44.67189452677409 -15.71454373566452
      vertex 94 44.56118531969125 -15.703639830494373
    endloop
  endfacet
  facet normal 0 -0.16289547339459512 -0.986643332084878
    outer loop
      vertex 89 44.67189452677409 -15.71454373566452
      vertex 94 44.78165354742742 -15.732665023314507
      vertex 94 44.67189452677409 -15.71454373566452
    endloop
  endfacet
  facet normal 0 -0.412707029804397 -0.9108638249211748
    outer loop
      vertex 89 45.100561835020656 -15.829404794730811
      vertex 94 45.201890773372305 -15.875316339394429
      vertex 94 45.100561835020656 -15.829404794730811
    endloop
  endfacet
  facet normal 0 -0.35225004792122433 -0.9359059267573292
    outer loop
      vertex 89 44.996447091015376 -15.79021877985832
      vertex 94 45.100561835020656 -15.829404794730811
      vertex 94 44.996447091015376 -15.79021877985832
    endloop
  endfacet
  facet normal 0 -0.22707626303436632 -0.9738769792773352
    outer loop
      vertex 89 44.78165354742742 -15.732665023314507
      vertex 94 44.889992376674286 -15.757926095308582
      vertex 94 44.78165354742742 -15.732665023314507
    endloop
  endfacet
  facet normal 0 -0.29028467725447027 -0.9569403357322064
    outer loop
      vertex 89 44.889992376674286 -15.757926095308582
      vertex 94 44.996447091015376 -15.79021877985832
      vertex 94 44.889992376674286 -15.757926095308582
    endloop
  endfacet
  facet normal -1 0 0
    outer loop
      vertex 118 38.79314575050762 -23.05685424949238
      vertex 118 38.435281540168184 -22.67476652080055
      vertex 118 39.17523347919945 -23.414718459831818
    endloop
  endfacet
  facet normal -1 0 0
    outer loop
      vertex 118 38.435281540168184 -22.67476652080055
      vertex 118 37.798243101579644 -21.844561864156816
      vertex 118 39.17523347919945 -23.414718459831818
    endloop
  endfacet
  facet normal -1 0 0
    outer loop
      vertex 118 38.435281540168184 -22.67476652080055
      vertex 118 38.10317327767012 -22.270091432069762
      vertex 118 37.798243101579644 -21.844561864156816
    endloop
  endfacet
  facet normal 1 0 0
    outer loop
      vertex 123 38.79314575050762 -23.05685424949238
      vertex 123 39.17523347919945 -23.414718459831818
      vertex 123 38.435281540168184 -22.67476652080055
    endloop
  endfacet
  facet normal 0 -0.7298640726978385 -0.6835923020228685
    outer loop
      vertex 118 38.79314575050762 -23.05685424949238
      vertex 123 38.79314575050762 -23.05685424949238
      vertex 118 38.435281540168184 -22.67476652080055
    endloop
  endfacet
  facet normal 0 -0.7298640726978385 -0.6835923020228685
    outer loop
      vertex 118 38.435281540168184 -22.67476652080055
      vertex 123 38.79314575050762 -23.05685424949238
      vertex 123 38.435281540168184 -22.67476652080055
    endloop
  endfacet
  facet normal 0 -0.7730104533627397 -0.6343932841636422
    outer loop
      vertex 118 38.435281540168184 -22.67476652080055
      vertex 123 38.435281540168184 -22.67476652080055
      vertex 118 38.10317327767012 -22.270091432069762
    endloop
  endfacet
  facet normal 0 -0.7730104533627397 -0.6343932841636422
    outer loop
      vertex 123 38.435281540168184 -22.67476652080055
      vertex 123 38.10317327767012 -22.270091432069762
      vertex 118 38.10317327767012 -22.270091432069762
    endloop
  endfacet
  facet normal 1 0 0
    outer loop
      vertex 123 38.435281540168184 -22.67476652080055
      vertex 123 37.798243101579644 -21.844561864156816
      vertex 123 38.10317327767012 -22.270091432069762
    endloop
  endfacet
  facet normal -1 0 0
    outer loop
      vertex 118 41.388532541079286 -24.791036260090294
      vertex 118 40.005438135843185 -24.05175689842036
      vertex 118 39.17523347919945 -23.414718459831818
    endloop
  endfacet
  facet normal -1 0 0
    outer loop
      vertex 118 41.388532541079286 -24.791036260090294
      vertex 118 40.91169047824799 -24.574981932261505
      vertex 118 40.45 -24.328203230275506
    endloop
  endfacet
  facet normal -1 0 0
    outer loop
      vertex 118 41.388532541079286 -24.791036260090294
      vertex 118 40.45 -24.328203230275506
      vertex 118 40.005438135843185 -24.05175689842036
    endloop
  endfacet
  facet normal -1 0 0
    outer loop
      vertex 118 41.388532541079286 -24.791036260090294
      vertex 118 39.17523347919945 -23.414718459831818
      vertex 118 44.45 -25.4
    endloop
  endfacet
  facet normal -1 0 0
    outer loop
      vertex 118 41.388532541079286 -24.791036260090294
      vertex 118 42.88927742387098 -25.246282243225842
      vertex 118 42.37944763917984 -25.127406610312544
    endloop
  endfacet
  facet normal -1 0 0
    outer loop
      vertex 118 41.388532541079286 -24.791036260090294
      vertex 118 44.45 -25.4
      vertex 118 42.88927742387098 -25.246282243225842
    endloop
  endfacet
  facet normal -1 0 0
    outer loop
      vertex 118 41.388532541079286 -24.791036260090294
      vertex 118 42.37944763917984 -25.127406610312544
      vertex 118 41.878484277574714 -24.975441035960845
    endloop
  endfacet
  facet normal -1 0 0
    outer loop
      vertex 118 42.88927742387098 -25.246282243225842
      vertex 118 44.45 -25.4
      vertex 118 43.405790462239594 -25.331558890990483
    endloop
  endfacet
  facet normal -1 0 0
    outer loop
      vertex 118 43.405790462239594 -25.331558890990483
      vertex 118 44.45 -25.4
      vertex 118 43.92677496615886 -25.382871385908828
    endloop
  endfacet
  facet normal 0 -0.41270702980439566 -0.9108638249211755
    outer loop
      vertex 118 41.388532541079286 -24.791036260090294
      vertex 123 40.91169047824799 -24.574981932261505
      vertex 118 40.91169047824799 -24.574981932261505
    endloop
  endfacet
  facet normal 0 -0.35225004792123116 -0.9359059267573265
    outer loop
      vertex 118 41.388532541079286 -24.791036260090294
      vertex 123 41.878484277574714 -24.975441035960845
      vertex 123 41.388532541079286 -24.791036260090294
    endloop
  endfacet
  facet normal 0 -0.41270702980439566 -0.9108638249211755
    outer loop
      vertex 118 41.388532541079286 -24.791036260090294
      vertex 123 41.388532541079286 -24.791036260090294
      vertex 123 40.91169047824799 -24.574981932261505
    endloop
  endfacet
  facet normal 1 0 0
    outer loop
      vertex 123 41.388532541079286 -24.791036260090294
      vertex 123 41.878484277574714 -24.975441035960845
      vertex 123 40.91169047824799 -24.574981932261505
    endloop
  endfacet
  facet normal 0 -0.5280678506503641 -0.8492021815265812
    outer loop
      vertex 118 40.005438135843185 -24.05175689842036
      vertex 118 40.45 -24.328203230275506
      vertex 123 40.005438135843185 -24.05175689842036
    endloop
  endfacet
  facet normal 0 -0.5824776968678066 -0.812846684591612
    outer loop
      vertex 118 40.005438135843185 -24.05175689842036
      vertex 123 40.005438135843185 -24.05175689842036
      vertex 118 39.57990856793024 -23.746826722329878
    endloop
  endfacet
  facet normal 0 -0.5824776968678066 -0.812846684591612
    outer loop
      vertex 123 40.005438135843185 -24.05175689842036
      vertex 123 39.57990856793024 -23.746826722329878
      vertex 118 39.57990856793024 -23.746826722329878
    endloop
  endfacet
  facet normal 0 -0.4713967368260018 -0.8819212643483527
    outer loop
      vertex 118 40.91169047824799 -24.574981932261505
      vertex 123 40.91169047824799 -24.574981932261505
      vertex 118 40.45 -24.328203230275506
    endloop
  endfacet
  facet normal 0 -0.4713967368260018 -0.8819212643483527
    outer loop
      vertex 118 40.45 -24.328203230275506
      vertex 123 40.91169047824799 -24.574981932261505
      vertex 123 40.45 -24.328203230275506
    endloop
  endfacet
  facet normal 0 -0.5280678506503641 -0.8492021815265812
    outer loop
      vertex 118 40.45 -24.328203230275506
      vertex 123 40.45 -24.328203230275506
      vertex 123 40.005438135843185 -24.05175689842036
    endloop
  endfacet
  facet normal 1 0 0
    outer loop
      vertex 123 38.435281540168184 -22.67476652080055
      vertex 123 40.005438135843185 -24.05175689842036
      vertex 123 41.878484277574714 -24.975441035960845
    endloop
  endfacet
  facet normal 1 0 0
    outer loop
      vertex 123 40.005438135843185 -24.05175689842036
      vertex 123 40.91169047824799 -24.574981932261505
      vertex 123 41.878484277574714 -24.975441035960845
    endloop
  endfacet
  facet normal 1 0 0
    outer loop
      vertex 123 40.005438135843185 -24.05175689842036
      vertex 123 40.45 -24.328203230275506
      vertex 123 40.91169047824799 -24.574981932261505
    endloop
  endfacet
  facet normal 0 -0.29028467725446105 -0.9569403357322094
    outer loop
      vertex 118 42.37944763917984 -25.127406610312544
      vertex 123 42.37944763917984 -25.127406610312544
      vertex 118 41.878484277574714 -24.975441035960845
    endloop
  endfacet
  facet normal 0 -0.22707626303437323 -0.9738769792773336
    outer loop
      vertex 118 42.37944763917984 -25.127406610312544
      vertex 118 42.88927742387098 -25.246282243225842
      vertex 123 42.88927742387098 -25.246282243225842
    endloop
  endfacet
  facet normal 0 -0.29028467725446105 -0.9569403357322094
    outer loop
      vertex 118 41.878484277574714 -24.975441035960845
      vertex 123 42.37944763917984 -25.127406610312544
      vertex 123 41.878484277574714 -24.975441035960845
    endloop
  endfacet
  facet normal 0 -0.22707626303437323 -0.9738769792773336
    outer loop
      vertex 118 42.37944763917984 -25.127406610312544
      vertex 123 42.88927742387098 -25.246282243225842
      vertex 123 42.37944763917984 -25.127406610312544
    endloop
  endfacet
  facet normal 0 -0.35225004792123116 -0.9359059267573265
    outer loop
      vertex 118 41.388532541079286 -24.791036260090294
      vertex 118 41.878484277574714 -24.975441035960845
      vertex 123 41.878484277574714 -24.975441035960845
    endloop
  endfacet
  facet normal 0 -0.16289547339458982 -0.9866433320848788
    outer loop
      vertex 118 42.88927742387098 -25.246282243225842
      vertex 118 43.405790462239594 -25.331558890990483
      vertex 123 42.88927742387098 -25.246282243225842
    endloop
  endfacet
  facet normal 0 -0.09801714032956275 -0.9951847266721967
    outer loop
      vertex 118 43.405790462239594 -25.331558890990483
      vertex 118 43.92677496615886 -25.382871385908828
      vertex 123 43.92677496615886 -25.382871385908828
    endloop
  endfacet
  facet normal 0 -0.03271908282177325 -0.9994645874763657
    outer loop
      vertex 118 43.92677496615886 -25.382871385908828
      vertex 118 44.45 -25.4
      vertex 123 43.92677496615886 -25.382871385908828
    endloop
  endfacet
  facet normal 0 -0.16289547339458982 -0.9866433320848788
    outer loop
      vertex 118 43.405790462239594 -25.331558890990483
      vertex 123 43.405790462239594 -25.331558890990483
      vertex 123 42.88927742387098 -25.246282243225842
    endloop
  endfacet
  facet normal 0 -0.09801714032956275 -0.9951847266721967
    outer loop
      vertex 118 43.405790462239594 -25.331558890990483
      vertex 123 43.92677496615886 -25.382871385908828
      vertex 123 43.405790462239594 -25.331558890990483
    endloop
  endfacet
  facet normal 0 -0.03271908282177325 -0.9994645874763657
    outer loop
      vertex 123 43.92677496615886 -25.382871385908828
      vertex 118 44.45 -25.4
      vertex 123 44.45 -25.4
    endloop
  endfacet
  facet normal 1 0 0
    outer loop
      vertex 123 42.37944763917984 -25.127406610312544
      vertex 123 42.88927742387098 -25.246282243225842
      vertex 123 41.878484277574714 -24.975441035960845
    endloop
  endfacet
  facet normal 1 0 0
    outer loop
      vertex 123 42.88927742387098 -25.246282243225842
      vertex 123 43.92677496615886 -25.382871385908828
      vertex 123 41.878484277574714 -24.975441035960845
    endloop
  endfacet
  facet normal 1 0 0
    outer loop
      vertex 123 42.88927742387098 -25.246282243225842
      vertex 123 43.405790462239594 -25.331558890990483
      vertex 123 43.92677496615886 -25.382871385908828
    endloop
  endfacet
  facet normal 1 0 0
    outer loop
      vertex 123 41.878484277574714 -24.975441035960845
      vertex 123 43.92677496615886 -25.382871385908828
      vertex 123 46.01072257612903 -25.246282243225842
    endloop
  endfacet
  facet normal 1 0 0
    outer loop
      vertex 123 38.435281540168184 -22.67476652080055
      vertex 123 41.878484277574714 -24.975441035960845
      vertex 123 46.01072257612903 -25.246282243225842
    endloop
  endfacet
  facet normal -1 0 0
    outer loop
      vertex 118 40.005438135843185 -24.05175689842036
      vertex 118 39.57990856793024 -23.746826722329878
      vertex 118 39.17523347919945 -23.414718459831818
    endloop
  endfacet
  facet normal -1 0 0
    outer loop
      vertex 118 39.17523347919945 -23.414718459831818
      vertex 118 36.87455896403916 -19.97151572242529
      vertex 118 44.45 -25.4
    endloop
  endfacet
  facet normal 0 -0.6343932841636388 -0.7730104533627423
    outer loop
      vertex 118 39.57990856793024 -23.746826722329878
      vertex 123 39.57990856793024 -23.746826722329878
      vertex 118 39.17523347919945 -23.414718459831818
    endloop
  endfacet
  facet normal 0 -0.6343932841636388 -0.7730104533627423
    outer loop
      vertex 118 39.17523347919945 -23.414718459831818
      vertex 123 39.57990856793024 -23.746826722329878
      vertex 123 39.17523347919945 -23.414718459831818
    endloop
  endfacet
  facet normal 0 -0.6835923020228719 -0.7298640726978349
    outer loop
      vertex 118 38.79314575050762 -23.05685424949238
      vertex 118 39.17523347919945 -23.414718459831818
      vertex 123 38.79314575050762 -23.05685424949238
    endloop
  endfacet
  facet normal 0 -0.6835923020228719 -0.7298640726978349
    outer loop
      vertex 123 38.79314575050762 -23.05685424949238
      vertex 118 39.17523347919945 -23.414718459831818
      vertex 123 39.17523347919945 -23.414718459831818
    endloop
  endfacet
  facet normal 1 0 0
    outer loop
      vertex 123 40.005438135843185 -24.05175689842036
      vertex 123 39.17523347919945 -23.414718459831818
      vertex 123 39.57990856793024 -23.746826722329878
    endloop
  endfacet
  facet normal 1 0 0
    outer loop
      vertex 123 38.435281540168184 -22.67476652080055
      vertex 123 39.17523347919945 -23.414718459831818
      vertex 123 40.005438135843185 -24.05175689842036
    endloop
  endfacet
  facet normal -1 0 0
    outer loop
      vertex 118 39.17523347919945 -23.414718459831818
      vertex 118 37.798243101579644 -21.844561864156816
      vertex 118 36.87455896403916 -19.97151572242529
    endloop
  endfacet
  facet normal -1 0 0
    outer loop
      vertex 118 37.798243101579644 -21.844561864156816
      vertex 118 37.2750180677385 -20.93830952175201
      vertex 118 36.87455896403916 -19.97151572242529
    endloop
  endfacet
  facet normal -1 0 0
    outer loop
      vertex 118 37.521796769724496 -21.4
      vertex 118 37.2750180677385 -20.93830952175201
      vertex 118 37.798243101579644 -21.844561864156816
    endloop
  endfacet
  facet normal 0 -0.8128466845916151 -0.5824776968678022
    outer loop
      vertex 118 38.10317327767012 -22.270091432069762
      vertex 123 37.798243101579644 -21.844561864156816
      vertex 118 37.798243101579644 -21.844561864156816
    endloop
  endfacet
  facet normal 0 -0.8128466845916151 -0.5824776968678022
    outer loop
      vertex 118 38.10317327767012 -22.270091432069762
      vertex 123 38.10317327767012 -22.270091432069762
      vertex 123 37.798243101579644 -21.844561864156816
    endloop
  endfacet
  facet normal 0 -0.8492021815265782 -0.528067850650369
    outer loop
      vertex 118 37.521796769724496 -21.4
      vertex 118 37.798243101579644 -21.844561864156816
      vertex 123 37.521796769724496 -21.4
    endloop
  endfacet
  facet normal 0 -0.8492021815265782 -0.528067850650369
    outer loop
      vertex 118 37.798243101579644 -21.844561864156816
      vertex 123 37.798243101579644 -21.844561864156816
      vertex 123 37.521796769724496 -21.4
    endloop
  endfacet
  facet normal 1 0 0
    outer loop
      vertex 123 38.435281540168184 -22.67476652080055
      vertex 123 37.521796769724496 -21.4
      vertex 123 37.798243101579644 -21.844561864156816
    endloop
  endfacet
  facet normal 1 0 0
    outer loop
      vertex 123 38.435281540168184 -22.67476652080055
      vertex 123 37.05896373990971 -20.461467458920716
      vertex 123 37.521796769724496 -21.4
    endloop
  endfacet
  facet normal 0 -0.8819212643483556 -0.47139673682599653
    outer loop
      vertex 118 37.521796769724496 -21.4
      vertex 123 37.2750180677385 -20.93830952175201
      vertex 118 37.2750180677385 -20.93830952175201
    endloop
  endfacet
  facet normal 0 -0.8819212643483556 -0.47139673682599653
    outer loop
      vertex 118 37.521796769724496 -21.4
      vertex 123 37.521796769724496 -21.4
      vertex 123 37.2750180677385 -20.93830952175201
    endloop
  endfacet
  facet normal 0 -0.9108638249211728 -0.41270702980440127
    outer loop
      vertex 118 37.2750180677385 -20.93830952175201
      vertex 123 37.2750180677385 -20.93830952175201
      vertex 123 37.05896373990971 -20.461467458920716
    endloop
  endfacet
  facet normal 1 0 0
    outer loop
      vertex 123 37.521796769724496 -21.4
      vertex 123 37.05896373990971 -20.461467458920716
      vertex 123 37.2750180677385 -20.93830952175201
    endloop
  endfacet
  facet normal -1 0 0
    outer loop
      vertex 118 37.2750180677385 -20.93830952175201
      vertex 118 37.05896373990971 -20.461467458920716
      vertex 118 36.87455896403916 -19.97151572242529
    endloop
  endfacet
  facet normal -1 0 0
    outer loop
      vertex 118 36.87455896403916 -19.97151572242529
      vertex 118 36.722593389687454 -19.470552360820164
      vertex 118 36.51844110900952 -18.44420953776041
    endloop
  endfacet
  facet normal 0 -0.9108638249211728 -0.41270702980440127
    outer loop
      vertex 118 37.2750180677385 -20.93830952175201
      vertex 123 37.05896373990971 -20.461467458920716
      vertex 118 37.05896373990971 -20.461467458920716
    endloop
  endfacet
  facet normal 0 -0.935905926757328 -0.35225004792122744
    outer loop
      vertex 118 37.05896373990971 -20.461467458920716
      vertex 123 37.05896373990971 -20.461467458920716
      vertex 118 36.87455896403916 -19.97151572242529
    endloop
  endfacet
  facet normal 0 -0.935905926757328 -0.35225004792122744
    outer loop
      vertex 118 36.87455896403916 -19.97151572242529
      vertex 123 37.05896373990971 -20.461467458920716
      vertex 123 36.87455896403916 -19.97151572242529
    endloop
  endfacet
  facet normal 1 0 0
    outer loop
      vertex 123 38.435281540168184 -22.67476652080055
      vertex 123 36.51844110900952 -18.44420953776041
      vertex 123 37.05896373990971 -20.461467458920716
    endloop
  endfacet
  facet normal 1 0 0
    outer loop
      vertex 123 37.05896373990971 -20.461467458920716
      vertex 123 36.722593389687454 -19.470552360820164
      vertex 123 36.87455896403916 -19.97151572242529
    endloop
  endfacet
  facet normal 0 -0.956940335732206 -0.2902846772544716
    outer loop
      vertex 118 36.87455896403916 -19.97151572242529
      vertex 123 36.722593389687454 -19.470552360820164
      vertex 118 36.722593389687454 -19.470552360820164
    endloop
  endfacet
  facet normal 0 -0.956940335732206 -0.2902846772544716
    outer loop
      vertex 118 36.87455896403916 -19.97151572242529
      vertex 123 36.87455896403916 -19.97151572242529
      vertex 123 36.722593389687454 -19.470552360820164
    endloop
  endfacet
  facet normal 0 -0.9738769792773347 -0.22707626303436831
    outer loop
      vertex 118 36.722593389687454 -19.470552360820164
      vertex 123 36.60371775677416 -18.960722576129026
      vertex 118 36.60371775677416 -18.960722576129026
    endloop
  endfacet
  facet normal 0 -0.9738769792773347 -0.22707626303436831
    outer loop
      vertex 118 36.722593389687454 -19.470552360820164
      vertex 123 36.722593389687454 -19.470552360820164
      vertex 123 36.60371775677416 -18.960722576129026
    endloop
  endfacet
  facet normal 1 0 0
    outer loop
      vertex 123 37.05896373990971 -20.461467458920716
      vertex 123 36.51844110900952 -18.44420953776041
      vertex 123 36.722593389687454 -19.470552360820164
    endloop
  endfacet
  facet normal -1 0 0
    outer loop
      vertex 118 43.6981092266277 -18.92468366060557
      vertex 118 44.45 -25.4
      vertex 118 43.6 -18.872243186433543
    endloop
  endfacet
  facet normal -1 0 0
    outer loop
      vertex 118 43.6981092266277 -18.92468366060557
      vertex 118 43.79943816497935 -18.970595205269184
      vertex 118 44.45 -25.4
    endloop
  endfacet
  facet normal -1 0 0
    outer loop
      vertex 118 43.90355290898463 -19.00978122014168
      vertex 118 44.45 -25.4
      vertex 118 43.79943816497935 -18.970595205269184
    endloop
  endfacet
  facet normal -1 0 0
    outer loop
      vertex 118 44.11834645257259 -19.06733497668549
      vertex 118 44.22810547322592 -19.085456264335477
      vertex 118 44.45 -25.4
    endloop
  endfacet
  facet normal -1 0 0
    outer loop
      vertex 118 43.90355290898463 -19.00978122014168
      vertex 118 44.01000762332572 -19.042073904691414
      vertex 118 44.45 -25.4
    endloop
  endfacet
  facet normal -1 0 0
    outer loop
      vertex 118 44.01000762332572 -19.042073904691414
      vertex 118 44.11834645257259 -19.06733497668549
      vertex 118 44.45 -25.4
    endloop
  endfacet
  facet normal -1 0 0
    outer loop
      vertex 118 44.22810547322592 -19.085456264335477
      vertex 118 44.33881468030876 -19.096360169505623
      vertex 118 44.45 -25.4
    endloop
  endfacet
  facet normal -1 0 0
    outer loop
      vertex 118 44.33881468030876 -19.096360169505623
      vertex 118 44.45 -19.099999999999998
      vertex 118 44.45 -25.4
    endloop
  endfacet
  facet normal -1 0 0
    outer loop
      vertex 118 43.41510557068518 -18.748700678495098
      vertex 118 44.45 -25.4
      vertex 118 43.32911211432989 -18.67812767271426
    endloop
  endfacet
  facet normal -1 0 0
    outer loop
      vertex 118 43.32911211432989 -18.67812767271426
      vertex 118 44.45 -25.4
      vertex 118 43.24791847198287 -18.60208152801713
    endloop
  endfacet
  facet normal -1 0 0
    outer loop
      vertex 118 43.24791847198287 -18.60208152801713
      vertex 118 44.45 -25.4
      vertex 118 43.17187232728574 -18.520887885670117
    endloop
  endfacet
  facet normal -1 0 0
    outer loop
      vertex 118 43.17187232728574 -18.520887885670117
      vertex 118 44.45 -25.4
      vertex 118 43.101299321504904 -18.434894429314824
    endloop
  endfacet
  facet normal -1 0 0
    outer loop
      vertex 118 43.101299321504904 -18.434894429314824
      vertex 118 44.45 -25.4
      vertex 118 43.03650165908567 -18.344469396133324
    endloop
  endfacet
  facet normal -1 0 0
    outer loop
      vertex 118 43.03650165908567 -18.344469396133324
      vertex 118 44.45 -25.4
      vertex 118 42.97775681356646 -18.25
    endloop
  endfacet
  facet normal -1 0 0
    outer loop
      vertex 118 43.41510557068518 -18.748700678495098
      vertex 118 43.50553060386668 -18.813498340914325
      vertex 118 44.45 -25.4
    endloop
  endfacet
  facet normal -1 0 0
    outer loop
      vertex 118 43.6 -18.872243186433543
      vertex 118 44.45 -25.4
      vertex 118 43.50553060386668 -18.813498340914325
    endloop
  endfacet
  facet normal -1 0 0
    outer loop
      vertex 118 42.87940479473082 -18.050561835020652
      vertex 118 44.45 -25.4
      vertex 118 42.840218779858326 -17.946447091015372
    endloop
  endfacet
  facet normal -1 0 0
    outer loop
      vertex 118 42.97775681356646 -18.25
      vertex 118 44.45 -25.4
      vertex 118 42.925316339394435 -18.1518907733723
    endloop
  endfacet
  facet normal -1 0 0
    outer loop
      vertex 118 42.925316339394435 -18.1518907733723
      vertex 118 44.45 -25.4
      vertex 118 42.87940479473082 -18.050561835020652
    endloop
  endfacet
  facet normal -1 0 0
    outer loop
      vertex 118 42.840218779858326 -17.946447091015372
      vertex 118 44.45 -25.4
      vertex 118 42.80792609530859 -17.839992376674285
    endloop
  endfacet
  facet normal -1 0 0
    outer loop
      vertex 118 42.80792609530859 -17.839992376674285
      vertex 118 44.45 -25.4
      vertex 118 42.782665023314514 -17.731653547427417
    endloop
  endfacet
  facet normal 1 0 0
    outer loop
      vertex 123 38.435281540168184 -22.67476652080055
      vertex 123 43.32911211432989 -18.67812767271426
      vertex 123 43.24791847198287 -18.60208152801713
    endloop
  endfacet
  facet normal 1 0 0
    outer loop
      vertex 123 38.435281540168184 -22.67476652080055
      vertex 123 43.24791847198287 -18.60208152801713
      vertex 123 43.17187232728574 -18.520887885670117
    endloop
  endfacet
  facet normal 1 0 0
    outer loop
      vertex 123 38.435281540168184 -22.67476652080055
      vertex 123 43.17187232728574 -18.520887885670117
      vertex 123 43.101299321504904 -18.434894429314824
    endloop
  endfacet
  facet normal 1 0 0
    outer loop
      vertex 123 38.435281540168184 -22.67476652080055
      vertex 123 43.03650165908567 -18.344469396133324
      vertex 123 42.97775681356646 -18.25
    endloop
  endfacet
  facet normal 1 0 0
    outer loop
      vertex 123 38.435281540168184 -22.67476652080055
      vertex 123 43.101299321504904 -18.434894429314824
      vertex 123 43.03650165908567 -18.344469396133324
    endloop
  endfacet
  facet normal 1 0 0
    outer loop
      vertex 123 38.435281540168184 -22.67476652080055
      vertex 123 42.97775681356646 -18.25
      vertex 123 42.925316339394435 -18.1518907733723
    endloop
  endfacet
  facet normal 1 0 0
    outer loop
      vertex 123 38.435281540168184 -22.67476652080055
      vertex 123 42.925316339394435 -18.1518907733723
      vertex 123 42.87940479473082 -18.050561835020652
    endloop
  endfacet
  facet normal 1 0 0
    outer loop
      vertex 123 38.435281540168184 -22.67476652080055
      vertex 123 44.01000762332572 -19.042073904691414
      vertex 123 43.90355290898463 -19.00978122014168
    endloop
  endfacet
  facet normal 1 0 0
    outer loop
      vertex 123 38.435281540168184 -22.67476652080055
      vertex 123 44.11834645257259 -19.06733497668549
      vertex 123 44.01000762332572 -19.042073904691414
    endloop
  endfacet
  facet normal 1 0 0
    outer loop
      vertex 123 38.435281540168184 -22.67476652080055
      vertex 123 44.22810547322592 -19.085456264335477
      vertex 123 44.11834645257259 -19.06733497668549
    endloop
  endfacet
  facet normal 1 0 0
    outer loop
      vertex 123 38.435281540168184 -22.67476652080055
      vertex 123 44.33881468030876 -19.096360169505623
      vertex 123 44.22810547322592 -19.085456264335477
    endloop
  endfacet
  facet normal 1 0 0
    outer loop
      vertex 123 38.435281540168184 -22.67476652080055
      vertex 123 44.45 -19.099999999999998
      vertex 123 44.33881468030876 -19.096360169505623
    endloop
  endfacet
  facet normal 1 0 0
    outer loop
      vertex 123 38.435281540168184 -22.67476652080055
      vertex 123 44.56118531969125 -19.096360169505623
      vertex 123 44.45 -19.099999999999998
    endloop
  endfacet
  facet normal 1 0 0
    outer loop
      vertex 123 38.435281540168184 -22.67476652080055
      vertex 123 44.67189452677409 -19.085456264335477
      vertex 123 44.56118531969125 -19.096360169505623
    endloop
  endfacet
  facet normal 1 0 0
    outer loop
      vertex 123 38.435281540168184 -22.67476652080055
      vertex 123 44.78165354742742 -19.06733497668549
      vertex 123 44.67189452677409 -19.085456264335477
    endloop
  endfacet
  facet normal 1 0 0
    outer loop
      vertex 123 38.435281540168184 -22.67476652080055
      vertex 123 44.889992376674286 -19.042073904691414
      vertex 123 44.78165354742742 -19.06733497668549
    endloop
  endfacet
  facet normal 1 0 0
    outer loop
      vertex 123 38.435281540168184 -22.67476652080055
      vertex 123 44.996447091015376 -19.00978122014168
      vertex 123 44.889992376674286 -19.042073904691414
    endloop
  endfacet
  facet normal 1 0 0
    outer loop
      vertex 123 38.435281540168184 -22.67476652080055
      vertex 123 43.6981092266277 -18.92468366060557
      vertex 123 43.6 -18.872243186433543
    endloop
  endfacet
  facet normal 1 0 0
    outer loop
      vertex 123 38.435281540168184 -22.67476652080055
      vertex 123 43.79943816497935 -18.970595205269184
      vertex 123 43.6981092266277 -18.92468366060557
    endloop
  endfacet
  facet normal 1 0 0
    outer loop
      vertex 123 38.435281540168184 -22.67476652080055
      vertex 123 43.50553060386668 -18.813498340914325
      vertex 123 43.41510557068518 -18.748700678495098
    endloop
  endfacet
  facet normal 1 0 0
    outer loop
      vertex 123 38.435281540168184 -22.67476652080055
      vertex 123 43.6 -18.872243186433543
      vertex 123 43.50553060386668 -18.813498340914325
    endloop
  endfacet
  facet normal 1 0 0
    outer loop
      vertex 123 38.435281540168184 -22.67476652080055
      vertex 123 43.90355290898463 -19.00978122014168
      vertex 123 43.79943816497935 -18.970595205269184
    endloop
  endfacet
  facet normal 1 0 0
    outer loop
      vertex 123 38.435281540168184 -22.67476652080055
      vertex 123 43.41510557068518 -18.748700678495098
      vertex 123 43.32911211432989 -18.67812767271426
    endloop
  endfacet
  facet normal 1 0 0
    outer loop
      vertex 123 38.435281540168184 -22.67476652080055
      vertex 123 45.100561835020656 -18.970595205269184
      vertex 123 44.996447091015376 -19.00978122014168
    endloop
  endfacet
  facet normal 1 0 0
    outer loop
      vertex 123 38.435281540168184 -22.67476652080055
      vertex 123 45.201890773372305 -18.92468366060557
      vertex 123 45.100561835020656 -18.970595205269184
    endloop
  endfacet
  facet normal 1 0 0
    outer loop
      vertex 123 38.435281540168184 -22.67476652080055
      vertex 123 45.300000000000004 -18.872243186433543
      vertex 123 45.201890773372305 -18.92468366060557
    endloop
  endfacet
  facet normal -1 0 0
    outer loop
      vertex 118 36.722593389687454 -19.470552360820164
      vertex 118 36.60371775677416 -18.960722576129026
      vertex 118 36.51844110900952 -18.44420953776041
    endloop
  endfacet
  facet normal -1 0 0
    outer loop
      vertex 118 36.87455896403916 -19.97151572242529
      vertex 118 36.51844110900952 -18.44420953776041
      vertex 118 36.45 -17.4
    endloop
  endfacet
  facet normal -1 0 0
    outer loop
      vertex 118 36.51844110900952 -18.44420953776041
      vertex 118 36.46712861409117 -17.923225033841142
      vertex 118 36.45 -17.4
    endloop
  endfacet
  facet normal 0 -0.9866433320848799 -0.1628954733945832
    outer loop
      vertex 118 36.60371775677416 -18.960722576129026
      vertex 123 36.60371775677416 -18.960722576129026
      vertex 118 36.51844110900952 -18.44420953776041
    endloop
  endfacet
  facet normal 0 -0.995184726672196 -0.0980171403295688
    outer loop
      vertex 118 36.51844110900952 -18.44420953776041
      vertex 123 36.51844110900952 -18.44420953776041
      vertex 118 36.46712861409117 -17.923225033841142
    endloop
  endfacet
  facet normal 0 -0.9866433320848799 -0.1628954733945832
    outer loop
      vertex 118 36.51844110900952 -18.44420953776041
      vertex 123 36.60371775677416 -18.960722576129026
      vertex 123 36.51844110900952 -18.44420953776041
    endloop
  endfacet
  facet normal 1 0 0
    outer loop
      vertex 123 36.722593389687454 -19.470552360820164
      vertex 123 36.51844110900952 -18.44420953776041
      vertex 123 36.60371775677416 -18.960722576129026
    endloop
  endfacet
  facet normal 0 -0.995184726672196 -0.0980171403295688
    outer loop
      vertex 123 36.51844110900952 -18.44420953776041
      vertex 123 36.46712861409117 -17.923225033841142
      vertex 118 36.46712861409117 -17.923225033841142
    endloop
  endfacet
  facet normal 0 -0.9994645874763657 -0.03271908282177325
    outer loop
      vertex 118 36.46712861409117 -17.923225033841142
      vertex 123 36.45 -17.4
      vertex 118 36.45 -17.4
    endloop
  endfacet
  facet normal 0 -0.9994645874763657 -0.03271908282177325
    outer loop
      vertex 118 36.46712861409117 -17.923225033841142
      vertex 123 36.46712861409117 -17.923225033841142
      vertex 123 36.45 -17.4
    endloop
  endfacet
  facet normal 1 0 0
    outer loop
      vertex 123 36.51844110900952 -18.44420953776041
      vertex 123 36.45 -17.4
      vertex 123 36.46712861409117 -17.923225033841142
    endloop
  endfacet
  facet normal -1 0 0
    outer loop
      vertex 118 36.87455896403916 -19.97151572242529
      vertex 118 36.45 -3
      vertex 118 44.45 -25.4
    endloop
  endfacet
  facet normal 1 0 0
    outer loop
      vertex 123 38.435281540168184 -22.67476652080055
      vertex 123 36.45 -3
      vertex 123 36.51844110900952 -18.44420953776041
    endloop
  endfacet
  facet normal -1 0 0
    outer loop
      vertex 118 36.87455896403916 -19.97151572242529
      vertex 118 36.45 -17.4
      vertex 118 36.45 -3
    endloop
  endfacet
  facet normal 1 0 0
    outer loop
      vertex 123 36.51844110900952 -18.44420953776041
      vertex 123 36.45 -3
      vertex 123 36.45 -17.4
    endloop
  endfacet
  facet normal -1 0 0
    outer loop
      vertex 118 42.782665023314514 -17.731653547427417
      vertex 118 44.45 -25.4
      vertex 118 36.45 -3
    endloop
  endfacet
  facet normal 1 0 0
    outer loop
      vertex 123 38.435281540168184 -22.67476652080055
      vertex 123 42.87940479473082 -18.050561835020652
      vertex 123 36.45 -3
    endloop
  endfacet
  facet normal -1 0 0
    outer loop
      vertex 118 42.782665023314514 -17.731653547427417
      vertex 118 36.45 -3
      vertex 118 42.764543735664525 -17.621894526774085
    endloop
  endfacet
  facet normal -1 0 0
    outer loop
      vertex 118 42.764543735664525 -17.621894526774085
      vertex 118 36.45 -3
      vertex 118 42.75363983049438 -17.511185319691243
    endloop
  endfacet
  facet normal 1 0 0
    outer loop
      vertex 123 42.87940479473082 -18.050561835020652
      vertex 123 42.840218779858326 -17.946447091015372
      vertex 123 36.45 -3
    endloop
  endfacet
  facet normal 1 0 0
    outer loop
      vertex 123 42.840218779858326 -17.946447091015372
      vertex 123 42.80792609530859 -17.839992376674285
      vertex 123 36.45 -3
    endloop
  endfacet
  facet normal 1 0 0
    outer loop
      vertex 123 42.80792609530859 -17.839992376674285
      vertex 123 42.782665023314514 -17.731653547427417
      vertex 123 36.45 -3
    endloop
  endfacet
  facet normal 1 0 0
    outer loop
      vertex 123 42.782665023314514 -17.731653547427417
      vertex 123 42.764543735664525 -17.621894526774085
      vertex 123 36.45 -3
    endloop
  endfacet
  facet normal 1 0 0
    outer loop
      vertex 123 42.764543735664525 -17.621894526774085
      vertex 123 42.75363983049438 -17.511185319691243
      vertex 123 36.45 -3
    endloop
  endfacet
  facet normal 0 -1 0
    outer loop
      vertex 118 36.45 -17.4
      vertex 123 36.45 -17.4
      vertex 118 36.45 -3
    endloop
  endfacet
  facet normal -1 0 0
    outer loop
      vertex 118 42.75363983049438 -17.511185319691243
      vertex 118 36.45 -3
      vertex 118 42.75 -17.4
    endloop
  endfacet
  facet normal -1 0 0
    outer loop
      vertex 118 42.75 -17.4
      vertex 118 36.45 -3
      vertex 118 42.75363983049438 -17.288814680308754
    endloop
  endfacet
  facet normal -1 0 0
    outer loop
      vertex 118 42.75363983049438 -17.288814680308754
      vertex 118 36.45 -3
      vertex 118 42.764543735664525 -17.178105473225912
    endloop
  endfacet
  facet normal -1 0 0
    outer loop
      vertex 118 42.764543735664525 -17.178105473225912
      vertex 118 36.45 -3
      vertex 118 42.782665023314514 -17.06834645257258
    endloop
  endfacet
  facet normal -1 0 0
    outer loop
      vertex 118 42.782665023314514 -17.06834645257258
      vertex 118 36.45 -3
      vertex 118 42.80792609530859 -16.960007623325712
    endloop
  endfacet
  facet normal -1 0 0
    outer loop
      vertex 118 42.80792609530859 -16.960007623325712
      vertex 118 36.45 -3
      vertex 118 42.840218779858326 -16.853552908984625
    endloop
  endfacet
  facet normal -1 0 0
    outer loop
      vertex 118 42.840218779858326 -16.853552908984625
      vertex 118 36.45 -3
      vertex 118 42.87940479473082 -16.749438164979345
    endloop
  endfacet
  facet normal -1 0 0
    outer loop
      vertex 118 42.87940479473082 -16.749438164979345
      vertex 118 36.45 -3
      vertex 118 42.925316339394435 -16.648109226627696
    endloop
  endfacet
  facet normal -1 0 0
    outer loop
      vertex 118 42.925316339394435 -16.648109226627696
      vertex 118 36.45 -3
      vertex 118 42.97775681356646 -16.549999999999997
    endloop
  endfacet
  facet normal -1 0 0
    outer loop
      vertex 118 42.97775681356646 -16.549999999999997
      vertex 118 36.45 -3
      vertex 118 43.03650165908567 -16.455530603866674
    endloop
  endfacet
  facet normal -1 0 0
    outer loop
      vertex 118 43.03650165908567 -16.455530603866674
      vertex 118 36.45 -3
      vertex 118 43.101299321504904 -16.365105570685174
    endloop
  endfacet
  facet normal -1 0 0
    outer loop
      vertex 118 43.101299321504904 -16.365105570685174
      vertex 118 36.45 -3
      vertex 118 43.17187232728574 -16.27911211432988
    endloop
  endfacet
  facet normal -1 0 0
    outer loop
      vertex 118 43.17187232728574 -16.27911211432988
      vertex 118 36.45 -3
      vertex 118 43.24791847198287 -16.197918471982867
    endloop
  endfacet
  facet normal -1 0 0
    outer loop
      vertex 118 43.24791847198287 -16.197918471982867
      vertex 118 36.45 -3
      vertex 118 43.32911211432989 -16.121872327285736
    endloop
  endfacet
  facet normal -1 0 0
    outer loop
      vertex 118 43.32911211432989 -16.121872327285736
      vertex 118 36.45 -3
      vertex 118 43.41510557068518 -16.0512993215049
    endloop
  endfacet
  facet normal -1 0 0
    outer loop
      vertex 118 43.41510557068518 -16.0512993215049
      vertex 118 36.45 -3
      vertex 118 43.50553060386668 -15.986501659085672
    endloop
  endfacet
  facet normal -1 0 0
    outer loop
      vertex 118 43.50553060386668 -15.986501659085672
      vertex 118 36.45 -3
      vertex 118 43.6 -15.927756813566454
    endloop
  endfacet
  facet normal -1 0 0
    outer loop
      vertex 118 43.6 -15.927756813566454
      vertex 118 36.45 -3
      vertex 118 43.6981092266277 -15.875316339394429
    endloop
  endfacet
  facet normal -1 0 0
    outer loop
      vertex 118 43.6981092266277 -15.875316339394429
      vertex 118 36.45 -3
      vertex 118 43.79943816497935 -15.829404794730811
    endloop
  endfacet
  facet normal 1 0 0
    outer loop
      vertex 123 42.75363983049438 -17.511185319691243
      vertex 123 42.75 -17.4
      vertex 123 36.45 -3
    endloop
  endfacet
  facet normal 1 0 0
    outer loop
      vertex 123 42.75 -17.4
      vertex 123 42.75363983049438 -17.288814680308754
      vertex 123 36.45 -3
    endloop
  endfacet
  facet normal 1 0 0
    outer loop
      vertex 123 42.75363983049438 -17.288814680308754
      vertex 123 42.764543735664525 -17.178105473225912
      vertex 123 36.45 -3
    endloop
  endfacet
  facet normal 1 0 0
    outer loop
      vertex 123 42.764543735664525 -17.178105473225912
      vertex 123 42.782665023314514 -17.06834645257258
      vertex 123 36.45 -3
    endloop
  endfacet
  facet normal 1 0 0
    outer loop
      vertex 123 42.782665023314514 -17.06834645257258
      vertex 123 42.80792609530859 -16.960007623325712
      vertex 123 36.45 -3
    endloop
  endfacet
  facet normal 1 0 0
    outer loop
      vertex 123 42.80792609530859 -16.960007623325712
      vertex 123 42.840218779858326 -16.853552908984625
      vertex 123 36.45 -3
    endloop
  endfacet
  facet normal 1 0 0
    outer loop
      vertex 123 42.840218779858326 -16.853552908984625
      vertex 123 42.87940479473082 -16.749438164979345
      vertex 123 36.45 -3
    endloop
  endfacet
  facet normal 1 0 0
    outer loop
      vertex 123 42.87940479473082 -16.749438164979345
      vertex 123 42.925316339394435 -16.648109226627696
      vertex 123 36.45 -3
    endloop
  endfacet
  facet normal 1 0 0
    outer loop
      vertex 123 42.925316339394435 -16.648109226627696
      vertex 123 42.97775681356646 -16.549999999999997
      vertex 123 36.45 -3
    endloop
  endfacet
  facet normal 1 0 0
    outer loop
      vertex 123 42.97775681356646 -16.549999999999997
      vertex 123 43.03650165908567 -16.455530603866674
      vertex 123 36.45 -3
    endloop
  endfacet
  facet normal 1 0 0
    outer loop
      vertex 123 43.03650165908567 -16.455530603866674
      vertex 123 43.101299321504904 -16.365105570685174
      vertex 123 36.45 -3
    endloop
  endfacet
  facet normal 1 0 0
    outer loop
      vertex 123 43.101299321504904 -16.365105570685174
      vertex 123 43.17187232728574 -16.27911211432988
      vertex 123 36.45 -3
    endloop
  endfacet
  facet normal 1 0 0
    outer loop
      vertex 123 43.17187232728574 -16.27911211432988
      vertex 123 43.24791847198287 -16.197918471982867
      vertex 123 36.45 -3
    endloop
  endfacet
  facet normal 1 0 0
    outer loop
      vertex 123 43.24791847198287 -16.197918471982867
      vertex 123 43.32911211432989 -16.121872327285736
      vertex 123 36.45 -3
    endloop
  endfacet
  facet normal 1 0 0
    outer loop
      vertex 123 43.32911211432989 -16.121872327285736
      vertex 123 43.41510557068518 -16.0512993215049
      vertex 123 36.45 -3
    endloop
  endfacet
  facet normal 1 0 0
    outer loop
      vertex 123 43.41510557068518 -16.0512993215049
      vertex 123 43.50553060386668 -15.986501659085672
      vertex 123 36.45 -3
    endloop
  endfacet
  facet normal 1 0 0
    outer loop
      vertex 123 43.50553060386668 -15.986501659085672
      vertex 123 43.6 -15.927756813566454
      vertex 123 36.45 -3
    endloop
  endfacet
  facet normal 1 0 0
    outer loop
      vertex 123 43.6 -15.927756813566454
      vertex 123 43.6981092266277 -15.875316339394429
      vertex 123 36.45 -3
    endloop
  endfacet
  facet normal 1 0 0
    outer loop
      vertex 123 43.6981092266277 -15.875316339394429
      vertex 123 43.79943816497935 -15.829404794730811
      vertex 123 36.45 -3
    endloop
  endfacet
  facet normal 1 0 0
    outer loop
      vertex 123 43.79943816497935 -15.829404794730811
      vertex 123 43.90355290898463 -15.79021877985832
      vertex 123 36.45 -3
    endloop
  endfacet
  facet normal 1 0 0
    outer loop
      vertex 123 43.90355290898463 -15.79021877985832
      vertex 123 44.01000762332572 -15.757926095308582
      vertex 123 36.45 -3
    endloop
  endfacet
  facet normal 1 0 0
    outer loop
      vertex 123 44.01000762332572 -15.757926095308582
      vertex 123 44.11834645257259 -15.732665023314507
      vertex 123 36.45 -3
    endloop
  endfacet
  facet normal 1 0 0
    outer loop
      vertex 123 44.11834645257259 -15.732665023314507
      vertex 123 44.22810547322592 -15.71454373566452
      vertex 123 36.45 -3
    endloop
  endfacet
  facet normal 1 0 0
    outer loop
      vertex 123 45.7987006784951 -16.365105570685174
      vertex 123 45.86349834091433 -16.455530603866674
      vertex 123 36.45 -3
    endloop
  endfacet
  facet normal 1 0 0
    outer loop
      vertex 123 45.100561835020656 -15.829404794730811
      vertex 123 36.45 -3
      vertex 123 44.996447091015376 -15.79021877985832
    endloop
  endfacet
  facet normal 1 0 0
    outer loop
      vertex 123 44.996447091015376 -15.79021877985832
      vertex 123 36.45 -3
      vertex 123 44.889992376674286 -15.757926095308582
    endloop
  endfacet
  facet normal 1 0 0
    outer loop
      vertex 123 45.100561835020656 -15.829404794730811
      vertex 123 45.201890773372305 -15.875316339394429
      vertex 123 36.45 -3
    endloop
  endfacet
  facet normal 1 0 0
    outer loop
      vertex 123 45.300000000000004 -15.927756813566454
      vertex 123 36.45 -3
      vertex 123 45.201890773372305 -15.875316339394429
    endloop
  endfacet
  facet normal 1 0 0
    outer loop
      vertex 123 45.7987006784951 -16.365105570685174
      vertex 123 36.45 -3
      vertex 123 45.728127672714265 -16.27911211432988
    endloop
  endfacet
  facet normal 1 0 0
    outer loop
      vertex 123 45.728127672714265 -16.27911211432988
      vertex 123 36.45 -3
      vertex 123 45.652081528017135 -16.197918471982867
    endloop
  endfacet
  facet normal 1 0 0
    outer loop
      vertex 123 45.57088788567012 -16.121872327285736
      vertex 123 36.45 -3
      vertex 123 45.48489442931483 -16.0512993215049
    endloop
  endfacet
  facet normal 1 0 0
    outer loop
      vertex 123 45.57088788567012 -16.121872327285736
      vertex 123 45.652081528017135 -16.197918471982867
      vertex 123 36.45 -3
    endloop
  endfacet
  facet normal 1 0 0
    outer loop
      vertex 123 45.394469396133324 -15.986501659085672
      vertex 123 45.48489442931483 -16.0512993215049
      vertex 123 36.45 -3
    endloop
  endfacet
  facet normal 1 0 0
    outer loop
      vertex 123 45.394469396133324 -15.986501659085672
      vertex 123 36.45 -3
      vertex 123 45.300000000000004 -15.927756813566454
    endloop
  endfacet
  facet normal 1 0 0
    outer loop
      vertex 123 44.22810547322592 -15.71454373566452
      vertex 123 44.33881468030876 -15.703639830494373
      vertex 123 36.45 -3
    endloop
  endfacet
  facet normal 1 0 0
    outer loop
      vertex 123 44.33881468030876 -15.703639830494373
      vertex 123 44.45 -15.7
      vertex 123 36.45 -3
    endloop
  endfacet
  facet normal 1 0 0
    outer loop
      vertex 123 44.45 -15.7
      vertex 123 44.56118531969125 -15.703639830494373
      vertex 123 36.45 -3
    endloop
  endfacet
  facet normal 1 0 0
    outer loop
      vertex 123 44.56118531969125 -15.703639830494373
      vertex 123 44.67189452677409 -15.71454373566452
      vertex 123 36.45 -3
    endloop
  endfacet
  facet normal 1 0 0
    outer loop
      vertex 123 44.78165354742742 -15.732665023314507
      vertex 123 36.45 -3
      vertex 123 44.67189452677409 -15.71454373566452
    endloop
  endfacet
  facet normal 1 0 0
    outer loop
      vertex 123 44.78165354742742 -15.732665023314507
      vertex 123 44.889992376674286 -15.757926095308582
      vertex 123 36.45 -3
    endloop
  endfacet
  facet normal 0 -1 0
    outer loop
      vertex 123 36.45 -17.4
      vertex 123 36.45 -3
      vertex 118 36.45 -3
    endloop
  endfacet
  facet normal -1 0 0
    outer loop
      vertex 118 43.79943816497935 -15.829404794730811
      vertex 118 36.45 -3
      vertex 118 52.45 -3
    endloop
  endfacet
  facet normal -1 0 0
    outer loop
      vertex 118 44.45 -25.4
      vertex 118 45.49420953776041 -25.331558890990483
      vertex 118 44.973225033841146 -25.382871385908828
    endloop
  endfacet
  facet normal -1 0 0
    outer loop
      vertex 118 44.45 -25.4
      vertex 118 46.52055236082017 -25.127406610312544
      vertex 118 45.49420953776041 -25.331558890990483
    endloop
  endfacet
  facet normal -1 0 0
    outer loop
      vertex 118 45.49420953776041 -25.331558890990483
      vertex 118 46.52055236082017 -25.127406610312544
      vertex 118 46.01072257612903 -25.246282243225842
    endloop
  endfacet
  facet normal -1 0 0
    outer loop
      vertex 118 44.45 -25.4
      vertex 118 48.89456186415682 -24.05175689842036
      vertex 118 46.52055236082017 -25.127406610312544
    endloop
  endfacet
  facet normal -1 0 0
    outer loop
      vertex 118 46.52055236082017 -25.127406610312544
      vertex 118 47.51146745892072 -24.791036260090294
      vertex 118 47.02151572242529 -24.975441035960845
    endloop
  endfacet
  facet normal -1 0 0
    outer loop
      vertex 118 46.52055236082017 -25.127406610312544
      vertex 118 48.89456186415682 -24.05175689842036
      vertex 118 47.51146745892072 -24.791036260090294
    endloop
  endfacet
  facet normal -1 0 0
    outer loop
      vertex 118 47.51146745892072 -24.791036260090294
      vertex 118 48.89456186415682 -24.05175689842036
      vertex 118 47.988309521752015 -24.574981932261505
    endloop
  endfacet
  facet normal -1 0 0
    outer loop
      vertex 118 47.988309521752015 -24.574981932261505
      vertex 118 48.89456186415682 -24.05175689842036
      vertex 118 48.45 -24.328203230275506
    endloop
  endfacet
  facet normal 0 0.03271908282177325 -0.9994645874763657
    outer loop
      vertex 118 44.45 -25.4
      vertex 118 44.973225033841146 -25.382871385908828
      vertex 123 44.973225033841146 -25.382871385908828
    endloop
  endfacet
  facet normal 0 0.09801714032956275 -0.9951847266721967
    outer loop
      vertex 118 44.973225033841146 -25.382871385908828
      vertex 118 45.49420953776041 -25.331558890990483
      vertex 123 44.973225033841146 -25.382871385908828
    endloop
  endfacet
  facet normal 0 0.16289547339458982 -0.9866433320848788
    outer loop
      vertex 118 45.49420953776041 -25.331558890990483
      vertex 118 46.01072257612903 -25.246282243225842
      vertex 123 46.01072257612903 -25.246282243225842
    endloop
  endfacet
  facet normal 0 0.03271908282177325 -0.9994645874763657
    outer loop
      vertex 118 44.45 -25.4
      vertex 123 44.973225033841146 -25.382871385908828
      vertex 123 44.45 -25.4
    endloop
  endfacet
  facet normal 0 0.09801714032956275 -0.9951847266721967
    outer loop
      vertex 118 45.49420953776041 -25.331558890990483
      vertex 123 45.49420953776041 -25.331558890990483
      vertex 123 44.973225033841146 -25.382871385908828
    endloop
  endfacet
  facet normal 0 0.16289547339458982 -0.9866433320848788
    outer loop
      vertex 118 45.49420953776041 -25.331558890990483
      vertex 123 46.01072257612903 -25.246282243225842
      vertex 123 45.49420953776041 -25.331558890990483
    endloop
  endfacet
  facet normal 0 0.22707626303437323 -0.9738769792773336
    outer loop
      vertex 118 46.01072257612903 -25.246282243225842
      vertex 118 46.52055236082017 -25.127406610312544
      vertex 123 46.01072257612903 -25.246282243225842
    endloop
  endfacet
  facet normal 0 0.29028467725446105 -0.9569403357322094
    outer loop
      vertex 118 46.52055236082017 -25.127406610312544
      vertex 118 47.02151572242529 -24.975441035960845
      vertex 123 47.02151572242529 -24.975441035960845
    endloop
  endfacet
  facet normal 0 0.22707626303437323 -0.9738769792773336
    outer loop
      vertex 118 46.52055236082017 -25.127406610312544
      vertex 123 46.52055236082017 -25.127406610312544
      vertex 123 46.01072257612903 -25.246282243225842
    endloop
  endfacet
  facet normal 0 0.29028467725446105 -0.9569403357322094
    outer loop
      vertex 118 46.52055236082017 -25.127406610312544
      vertex 123 47.02151572242529 -24.975441035960845
      vertex 123 46.52055236082017 -25.127406610312544
    endloop
  endfacet
  facet normal 0 0.35225004792123116 -0.9359059267573265
    outer loop
      vertex 118 47.02151572242529 -24.975441035960845
      vertex 118 47.51146745892072 -24.791036260090294
      vertex 123 47.02151572242529 -24.975441035960845
    endloop
  endfacet
  facet normal 1 0 0
    outer loop
      vertex 123 43.92677496615886 -25.382871385908828
      vertex 123 44.45 -25.4
      vertex 123 44.973225033841146 -25.382871385908828
    endloop
  endfacet
  facet normal 1 0 0
    outer loop
      vertex 123 43.92677496615886 -25.382871385908828
      vertex 123 44.973225033841146 -25.382871385908828
      vertex 123 46.01072257612903 -25.246282243225842
    endloop
  endfacet
  facet normal 1 0 0
    outer loop
      vertex 123 44.973225033841146 -25.382871385908828
      vertex 123 45.49420953776041 -25.331558890990483
      vertex 123 46.01072257612903 -25.246282243225842
    endloop
  endfacet
  facet normal 1 0 0
    outer loop
      vertex 123 46.01072257612903 -25.246282243225842
      vertex 123 46.52055236082017 -25.127406610312544
      vertex 123 47.02151572242529 -24.975441035960845
    endloop
  endfacet
  facet normal 1 0 0
    outer loop
      vertex 123 46.01072257612903 -25.246282243225842
      vertex 123 47.02151572242529 -24.975441035960845
      vertex 123 47.988309521752015 -24.574981932261505
    endloop
  endfacet
  facet normal 0 0.41270702980439566 -0.9108638249211755
    outer loop
      vertex 118 47.51146745892072 -24.791036260090294
      vertex 118 47.988309521752015 -24.574981932261505
      vertex 123 47.988309521752015 -24.574981932261505
    endloop
  endfacet
  facet normal 0 0.35225004792123116 -0.9359059267573265
    outer loop
      vertex 123 47.02151572242529 -24.975441035960845
      vertex 118 47.51146745892072 -24.791036260090294
      vertex 123 47.51146745892072 -24.791036260090294
    endloop
  endfacet
  facet normal 0 0.41270702980439566 -0.9108638249211755
    outer loop
      vertex 118 47.51146745892072 -24.791036260090294
      vertex 123 47.988309521752015 -24.574981932261505
      vertex 123 47.51146745892072 -24.791036260090294
    endloop
  endfacet
  facet normal 1 0 0
    outer loop
      vertex 123 47.02151572242529 -24.975441035960845
      vertex 123 47.51146745892072 -24.791036260090294
      vertex 123 47.988309521752015 -24.574981932261505
    endloop
  endfacet
  facet normal 0 0.4713967368260018 -0.8819212643483527
    outer loop
      vertex 118 47.988309521752015 -24.574981932261505
      vertex 118 48.45 -24.328203230275506
      vertex 123 48.45 -24.328203230275506
    endloop
  endfacet
  facet normal 0 0.5280678506503641 -0.8492021815265812
    outer loop
      vertex 118 48.45 -24.328203230275506
      vertex 118 48.89456186415682 -24.05175689842036
      vertex 123 48.45 -24.328203230275506
    endloop
  endfacet
  facet normal 0 0.4713967368260018 -0.8819212643483527
    outer loop
      vertex 118 47.988309521752015 -24.574981932261505
      vertex 123 48.45 -24.328203230275506
      vertex 123 47.988309521752015 -24.574981932261505
    endloop
  endfacet
  facet normal 0 0.5824776968678066 -0.812846684591612
    outer loop
      vertex 118 48.89456186415682 -24.05175689842036
      vertex 118 49.320091432069766 -23.746826722329878
      vertex 123 48.89456186415682 -24.05175689842036
    endloop
  endfacet
  facet normal 0 0.5280678506503641 -0.8492021815265812
    outer loop
      vertex 118 48.89456186415682 -24.05175689842036
      vertex 123 48.89456186415682 -24.05175689842036
      vertex 123 48.45 -24.328203230275506
    endloop
  endfacet
  facet normal 0 0.5824776968678066 -0.812846684591612
    outer loop
      vertex 123 48.89456186415682 -24.05175689842036
      vertex 118 49.320091432069766 -23.746826722329878
      vertex 123 49.320091432069766 -23.746826722329878
    endloop
  endfacet
  facet normal 1 0 0
    outer loop
      vertex 123 46.01072257612903 -25.246282243225842
      vertex 123 47.988309521752015 -24.574981932261505
      vertex 123 49.72476652080056 -23.414718459831818
    endloop
  endfacet
  facet normal 1 0 0
    outer loop
      vertex 123 47.988309521752015 -24.574981932261505
      vertex 123 48.45 -24.328203230275506
      vertex 123 48.89456186415682 -24.05175689842036
    endloop
  endfacet
  facet normal 1 0 0
    outer loop
      vertex 123 47.988309521752015 -24.574981932261505
      vertex 123 48.89456186415682 -24.05175689842036
      vertex 123 49.72476652080056 -23.414718459831818
    endloop
  endfacet
  facet normal -1 0 0
    outer loop
      vertex 118 44.45 -25.4
      vertex 118 52.025441035960846 -19.97151572242529
      vertex 118 48.89456186415682 -24.05175689842036
    endloop
  endfacet
  facet normal -1 0 0
    outer loop
      vertex 118 48.89456186415682 -24.05175689842036
      vertex 118 49.72476652080056 -23.414718459831818
      vertex 118 49.320091432069766 -23.746826722329878
    endloop
  endfacet
  facet normal -1 0 0
    outer loop
      vertex 118 48.89456186415682 -24.05175689842036
      vertex 118 50.79682672232988 -22.270091432069762
      vertex 118 49.72476652080056 -23.414718459831818
    endloop
  endfacet
  facet normal 1 0 0
    outer loop
      vertex 123 38.435281540168184 -22.67476652080055
      vertex 123 46.01072257612903 -25.246282243225842
      vertex 123 52.025441035960846 -19.97151572242529
    endloop
  endfacet
  facet normal 0 0.6343932841636388 -0.7730104533627423
    outer loop
      vertex 118 49.320091432069766 -23.746826722329878
      vertex 118 49.72476652080056 -23.414718459831818
      vertex 123 49.72476652080056 -23.414718459831818
    endloop
  endfacet
  facet normal 0 0.6343932841636388 -0.7730104533627423
    outer loop
      vertex 118 49.320091432069766 -23.746826722329878
      vertex 123 49.72476652080056 -23.414718459831818
      vertex 123 49.320091432069766 -23.746826722329878
    endloop
  endfacet
  facet normal 0 0.6835923020228719 -0.7298640726978349
    outer loop
      vertex 118 49.72476652080056 -23.414718459831818
      vertex 118 50.106854249492386 -23.05685424949238
      vertex 123 50.106854249492386 -23.05685424949238
    endloop
  endfacet
  facet normal 0 0.6835923020228719 -0.7298640726978349
    outer loop
      vertex 118 49.72476652080056 -23.414718459831818
      vertex 123 50.106854249492386 -23.05685424949238
      vertex 123 49.72476652080056 -23.414718459831818
    endloop
  endfacet
  facet normal 1 0 0
    outer loop
      vertex 123 48.89456186415682 -24.05175689842036
      vertex 123 49.320091432069766 -23.746826722329878
      vertex 123 49.72476652080056 -23.414718459831818
    endloop
  endfacet
  facet normal 1 0 0
    outer loop
      vertex 123 46.01072257612903 -25.246282243225842
      vertex 123 49.72476652080056 -23.414718459831818
      vertex 123 52.025441035960846 -19.97151572242529
    endloop
  endfacet
  facet normal -1 0 0
    outer loop
      vertex 118 49.72476652080056 -23.414718459831818
      vertex 118 50.46471845983182 -22.67476652080055
      vertex 118 50.106854249492386 -23.05685424949238
    endloop
  endfacet
  facet normal -1 0 0
    outer loop
      vertex 118 49.72476652080056 -23.414718459831818
      vertex 118 50.79682672232988 -22.270091432069762
      vertex 118 50.46471845983182 -22.67476652080055
    endloop
  endfacet
  facet normal 1 0 0
    outer loop
      vertex 123 49.72476652080056 -23.414718459831818
      vertex 123 50.106854249492386 -23.05685424949238
      vertex 123 50.46471845983182 -22.67476652080055
    endloop
  endfacet
  facet normal 0 0.7298640726978385 -0.6835923020228685
    outer loop
      vertex 118 50.106854249492386 -23.05685424949238
      vertex 118 50.46471845983182 -22.67476652080055
      vertex 123 50.106854249492386 -23.05685424949238
    endloop
  endfacet
  facet normal 0 0.7298640726978385 -0.6835923020228685
    outer loop
      vertex 118 50.46471845983182 -22.67476652080055
      vertex 123 50.46471845983182 -22.67476652080055
      vertex 123 50.106854249492386 -23.05685424949238
    endloop
  endfacet
  facet normal 0 0.7730104533627397 -0.6343932841636422
    outer loop
      vertex 118 50.46471845983182 -22.67476652080055
      vertex 118 50.79682672232988 -22.270091432069762
      vertex 123 50.79682672232988 -22.270091432069762
    endloop
  endfacet
  facet normal 0 0.7730104533627397 -0.6343932841636422
    outer loop
      vertex 118 50.46471845983182 -22.67476652080055
      vertex 123 50.79682672232988 -22.270091432069762
      vertex 123 50.46471845983182 -22.67476652080055
    endloop
  endfacet
  facet normal 1 0 0
    outer loop
      vertex 123 49.72476652080056 -23.414718459831818
      vertex 123 50.46471845983182 -22.67476652080055
      vertex 123 51.10175689842036 -21.844561864156816
    endloop
  endfacet
  facet normal 1 0 0
    outer loop
      vertex 123 50.46471845983182 -22.67476652080055
      vertex 123 50.79682672232988 -22.270091432069762
      vertex 123 51.10175689842036 -21.844561864156816
    endloop
  endfacet
  facet normal -1 0 0
    outer loop
      vertex 118 44.45 -25.4
      vertex 118 44.45 -19.099999999999998
      vertex 118 44.56118531969125 -19.096360169505623
    endloop
  endfacet
  facet normal -1 0 0
    outer loop
      vertex 118 44.45 -25.4
      vertex 118 44.56118531969125 -19.096360169505623
      vertex 118 44.67189452677409 -19.085456264335477
    endloop
  endfacet
  facet normal -1 0 0
    outer loop
      vertex 118 44.45 -25.4
      vertex 118 44.67189452677409 -19.085456264335477
      vertex 118 44.78165354742742 -19.06733497668549
    endloop
  endfacet
  facet normal -1 0 0
    outer loop
      vertex 118 44.45 -25.4
      vertex 118 44.78165354742742 -19.06733497668549
      vertex 118 44.889992376674286 -19.042073904691414
    endloop
  endfacet
  facet normal -1 0 0
    outer loop
      vertex 118 44.45 -25.4
      vertex 118 44.889992376674286 -19.042073904691414
      vertex 118 44.996447091015376 -19.00978122014168
    endloop
  endfacet
  facet normal -1 0 0
    outer loop
      vertex 118 44.45 -25.4
      vertex 118 44.996447091015376 -19.00978122014168
      vertex 118 45.100561835020656 -18.970595205269184
    endloop
  endfacet
  facet normal -1 0 0
    outer loop
      vertex 118 44.45 -25.4
      vertex 118 45.100561835020656 -18.970595205269184
      vertex 118 45.201890773372305 -18.92468366060557
    endloop
  endfacet
  facet normal -1 0 0
    outer loop
      vertex 118 44.45 -25.4
      vertex 118 45.201890773372305 -18.92468366060557
      vertex 118 45.300000000000004 -18.872243186433543
    endloop
  endfacet
  facet normal -1 0 0
    outer loop
      vertex 118 44.45 -25.4
      vertex 118 45.300000000000004 -18.872243186433543
      vertex 118 45.394469396133324 -18.813498340914325
    endloop
  endfacet
  facet normal -1 0 0
    outer loop
      vertex 118 44.45 -25.4
      vertex 118 45.394469396133324 -18.813498340914325
      vertex 118 45.48489442931483 -18.748700678495098
    endloop
  endfacet
  facet normal -1 0 0
    outer loop
      vertex 118 44.45 -25.4
      vertex 118 45.48489442931483 -18.748700678495098
      vertex 118 45.57088788567012 -18.67812767271426
    endloop
  endfacet
  facet normal -1 0 0
    outer loop
      vertex 118 44.45 -25.4
      vertex 118 45.57088788567012 -18.67812767271426
      vertex 118 45.652081528017135 -18.60208152801713
    endloop
  endfacet
  facet normal -1 0 0
    outer loop
      vertex 118 44.45 -25.4
      vertex 118 45.652081528017135 -18.60208152801713
      vertex 118 45.728127672714265 -18.520887885670117
    endloop
  endfacet
  facet normal -1 0 0
    outer loop
      vertex 118 44.45 -25.4
      vertex 118 45.728127672714265 -18.520887885670117
      vertex 118 45.7987006784951 -18.434894429314824
    endloop
  endfacet
  facet normal -1 0 0
    outer loop
      vertex 118 44.45 -25.4
      vertex 118 45.7987006784951 -18.434894429314824
      vertex 118 45.86349834091433 -18.344469396133324
    endloop
  endfacet
  facet normal -1 0 0
    outer loop
      vertex 118 44.45 -25.4
      vertex 118 45.86349834091433 -18.344469396133324
      vertex 118 45.92224318643355 -18.25
    endloop
  endfacet
  facet normal -1 0 0
    outer loop
      vertex 118 44.45 -25.4
      vertex 118 45.92224318643355 -18.25
      vertex 118 45.97468366060557 -18.1518907733723
    endloop
  endfacet
  facet normal -1 0 0
    outer loop
      vertex 118 44.45 -25.4
      vertex 118 45.97468366060557 -18.1518907733723
      vertex 118 46.02059520526919 -18.050561835020652
    endloop
  endfacet
  facet normal -1 0 0
    outer loop
      vertex 118 44.45 -25.4
      vertex 118 46.02059520526919 -18.050561835020652
      vertex 118 46.05978122014168 -17.946447091015372
    endloop
  endfacet
  facet normal -1 0 0
    outer loop
      vertex 118 44.45 -25.4
      vertex 118 46.05978122014168 -17.946447091015372
      vertex 118 46.09207390469142 -17.839992376674285
    endloop
  endfacet
  facet normal -1 0 0
    outer loop
      vertex 118 44.45 -25.4
      vertex 118 46.09207390469142 -17.839992376674285
      vertex 118 46.11733497668549 -17.731653547427417
    endloop
  endfacet
  facet normal 1 0 0
    outer loop
      vertex 123 38.435281540168184 -22.67476652080055
      vertex 123 52.025441035960846 -19.97151572242529
      vertex 123 45.300000000000004 -18.872243186433543
    endloop
  endfacet
  facet normal 1 0 0
    outer loop
      vertex 123 52.025441035960846 -19.97151572242529
      vertex 123 45.394469396133324 -18.813498340914325
      vertex 123 45.300000000000004 -18.872243186433543
    endloop
  endfacet
  facet normal 1 0 0
    outer loop
      vertex 123 52.025441035960846 -19.97151572242529
      vertex 123 45.48489442931483 -18.748700678495098
      vertex 123 45.394469396133324 -18.813498340914325
    endloop
  endfacet
  facet normal 1 0 0
    outer loop
      vertex 123 52.025441035960846 -19.97151572242529
      vertex 123 45.57088788567012 -18.67812767271426
      vertex 123 45.48489442931483 -18.748700678495098
    endloop
  endfacet
  facet normal 1 0 0
    outer loop
      vertex 123 52.025441035960846 -19.97151572242529
      vertex 123 45.652081528017135 -18.60208152801713
      vertex 123 45.57088788567012 -18.67812767271426
    endloop
  endfacet
  facet normal -1 0 0
    outer loop
      vertex 118 48.89456186415682 -24.05175689842036
      vertex 118 52.025441035960846 -19.97151572242529
      vertex 118 50.79682672232988 -22.270091432069762
    endloop
  endfacet
  facet normal -1 0 0
    outer loop
      vertex 118 50.79682672232988 -22.270091432069762
      vertex 118 51.37820323027551 -21.4
      vertex 118 51.10175689842036 -21.844561864156816
    endloop
  endfacet
  facet normal -1 0 0
    outer loop
      vertex 118 50.79682672232988 -22.270091432069762
      vertex 118 52.025441035960846 -19.97151572242529
      vertex 118 51.37820323027551 -21.4
    endloop
  endfacet
  facet normal -1 0 0
    outer loop
      vertex 118 51.37820323027551 -21.4
      vertex 118 52.025441035960846 -19.97151572242529
      vertex 118 51.624981932261505 -20.93830952175201
    endloop
  endfacet
  facet normal 0 0.8128466845916151 -0.5824776968678022
    outer loop
      vertex 118 50.79682672232988 -22.270091432069762
      vertex 118 51.10175689842036 -21.844561864156816
      vertex 123 51.10175689842036 -21.844561864156816
    endloop
  endfacet
  facet normal 0 0.8128466845916151 -0.5824776968678022
    outer loop
      vertex 118 50.79682672232988 -22.270091432069762
      vertex 123 51.10175689842036 -21.844561864156816
      vertex 123 50.79682672232988 -22.270091432069762
    endloop
  endfacet
  facet normal 0 0.8492021815265782 -0.528067850650369
    outer loop
      vertex 118 51.10175689842036 -21.844561864156816
      vertex 118 51.37820323027551 -21.4
      vertex 123 51.10175689842036 -21.844561864156816
    endloop
  endfacet
  facet normal 0 0.8492021815265782 -0.528067850650369
    outer loop
      vertex 118 51.37820323027551 -21.4
      vertex 123 51.37820323027551 -21.4
      vertex 123 51.10175689842036 -21.844561864156816
    endloop
  endfacet
  facet normal 1 0 0
    outer loop
      vertex 123 49.72476652080056 -23.414718459831818
      vertex 123 51.10175689842036 -21.844561864156816
      vertex 123 52.025441035960846 -19.97151572242529
    endloop
  endfacet
  facet normal 0 0.8819212643483556 -0.47139673682599653
    outer loop
      vertex 118 51.37820323027551 -21.4
      vertex 118 51.624981932261505 -20.93830952175201
      vertex 123 51.624981932261505 -20.93830952175201
    endloop
  endfacet
  facet normal 0 0.8819212643483556 -0.47139673682599653
    outer loop
      vertex 118 51.37820323027551 -21.4
      vertex 123 51.624981932261505 -20.93830952175201
      vertex 123 51.37820323027551 -21.4
    endloop
  endfacet
  facet normal 0 0.9108638249211728 -0.41270702980440127
    outer loop
      vertex 118 51.624981932261505 -20.93830952175201
      vertex 118 51.8410362600903 -20.461467458920716
      vertex 123 51.624981932261505 -20.93830952175201
    endloop
  endfacet
  facet normal 1 0 0
    outer loop
      vertex 123 51.10175689842036 -21.844561864156816
      vertex 123 51.37820323027551 -21.4
      vertex 123 51.624981932261505 -20.93830952175201
    endloop
  endfacet
  facet normal 1 0 0
    outer loop
      vertex 123 51.10175689842036 -21.844561864156816
      vertex 123 51.624981932261505 -20.93830952175201
      vertex 123 52.025441035960846 -19.97151572242529
    endloop
  endfacet
  facet normal -1 0 0
    outer loop
      vertex 118 51.624981932261505 -20.93830952175201
      vertex 118 52.025441035960846 -19.97151572242529
      vertex 118 51.8410362600903 -20.461467458920716
    endloop
  endfacet
  facet normal -1 0 0
    outer loop
      vertex 118 52.025441035960846 -19.97151572242529
      vertex 118 52.296282243225846 -18.960722576129026
      vertex 118 52.17740661031255 -19.470552360820164
    endloop
  endfacet
  facet normal 0 0.9108638249211728 -0.41270702980440127
    outer loop
      vertex 123 51.624981932261505 -20.93830952175201
      vertex 118 51.8410362600903 -20.461467458920716
      vertex 123 51.8410362600903 -20.461467458920716
    endloop
  endfacet
  facet normal 0 0.935905926757328 -0.35225004792122744
    outer loop
      vertex 118 51.8410362600903 -20.461467458920716
      vertex 123 52.025441035960846 -19.97151572242529
      vertex 123 51.8410362600903 -20.461467458920716
    endloop
  endfacet
  facet normal 0 0.935905926757328 -0.35225004792122744
    outer loop
      vertex 118 51.8410362600903 -20.461467458920716
      vertex 118 52.025441035960846 -19.97151572242529
      vertex 123 52.025441035960846 -19.97151572242529
    endloop
  endfacet
  facet normal 1 0 0
    outer loop
      vertex 123 51.624981932261505 -20.93830952175201
      vertex 123 51.8410362600903 -20.461467458920716
      vertex 123 52.025441035960846 -19.97151572242529
    endloop
  endfacet
  facet normal 0 0.956940335732206 -0.2902846772544716
    outer loop
      vertex 118 52.025441035960846 -19.97151572242529
      vertex 118 52.17740661031255 -19.470552360820164
      vertex 123 52.025441035960846 -19.97151572242529
    endloop
  endfacet
  facet normal 0 0.956940335732206 -0.2902846772544716
    outer loop
      vertex 123 52.025441035960846 -19.97151572242529
      vertex 118 52.17740661031255 -19.470552360820164
      vertex 123 52.17740661031255 -19.470552360820164
    endloop
  endfacet
  facet normal 0 0.9738769792773347 -0.22707626303436831
    outer loop
      vertex 118 52.17740661031255 -19.470552360820164
      vertex 118 52.296282243225846 -18.960722576129026
      vertex 123 52.296282243225846 -18.960722576129026
    endloop
  endfacet
  facet normal 0 0.9738769792773347 -0.22707626303436831
    outer loop
      vertex 118 52.17740661031255 -19.470552360820164
      vertex 123 52.296282243225846 -18.960722576129026
      vertex 123 52.17740661031255 -19.470552360820164
    endloop
  endfacet
  facet normal 1 0 0
    outer loop
      vertex 123 52.025441035960846 -19.97151572242529
      vertex 123 52.17740661031255 -19.470552360820164
      vertex 123 52.296282243225846 -18.960722576129026
    endloop
  endfacet
  facet normal 1 0 0
    outer loop
      vertex 123 52.025441035960846 -19.97151572242529
      vertex 123 45.728127672714265 -18.520887885670117
      vertex 123 45.652081528017135 -18.60208152801713
    endloop
  endfacet
  facet normal 1 0 0
    outer loop
      vertex 123 52.025441035960846 -19.97151572242529
      vertex 123 45.7987006784951 -18.434894429314824
      vertex 123 45.728127672714265 -18.520887885670117
    endloop
  endfacet
  facet normal 1 0 0
    outer loop
      vertex 123 52.025441035960846 -19.97151572242529
      vertex 123 45.86349834091433 -18.344469396133324
      vertex 123 45.7987006784951 -18.434894429314824
    endloop
  endfacet
  facet normal 1 0 0
    outer loop
      vertex 123 52.025441035960846 -19.97151572242529
      vertex 123 45.92224318643355 -18.25
      vertex 123 45.86349834091433 -18.344469396133324
    endloop
  endfacet
  facet normal 1 0 0
    outer loop
      vertex 123 52.025441035960846 -19.97151572242529
      vertex 123 45.97468366060557 -18.1518907733723
      vertex 123 45.92224318643355 -18.25
    endloop
  endfacet
  facet normal 1 0 0
    outer loop
      vertex 123 52.025441035960846 -19.97151572242529
      vertex 123 46.02059520526919 -18.050561835020652
      vertex 123 45.97468366060557 -18.1518907733723
    endloop
  endfacet
  facet normal 1 0 0
    outer loop
      vertex 123 52.025441035960846 -19.97151572242529
      vertex 123 46.05978122014168 -17.946447091015372
      vertex 123 46.02059520526919 -18.050561835020652
    endloop
  endfacet
  facet normal 1 0 0
    outer loop
      vertex 123 52.025441035960846 -19.97151572242529
      vertex 123 46.09207390469142 -17.839992376674285
      vertex 123 46.05978122014168 -17.946447091015372
    endloop
  endfacet
  facet normal 1 0 0
    outer loop
      vertex 123 52.025441035960846 -19.97151572242529
      vertex 123 46.11733497668549 -17.731653547427417
      vertex 123 46.09207390469142 -17.839992376674285
    endloop
  endfacet
  facet normal 1 0 0
    outer loop
      vertex 123 52.025441035960846 -19.97151572242529
      vertex 123 46.13545626433548 -17.621894526774085
      vertex 123 46.11733497668549 -17.731653547427417
    endloop
  endfacet
  facet normal 1 0 0
    outer loop
      vertex 123 52.025441035960846 -19.97151572242529
      vertex 123 46.14636016950563 -17.511185319691243
      vertex 123 46.13545626433548 -17.621894526774085
    endloop
  endfacet
  facet normal 1 0 0
    outer loop
      vertex 123 52.025441035960846 -19.97151572242529
      vertex 123 46.150000000000006 -17.4
      vertex 123 46.14636016950563 -17.511185319691243
    endloop
  endfacet
  facet normal 1 0 0
    outer loop
      vertex 123 52.025441035960846 -19.97151572242529
      vertex 123 46.14636016950563 -17.288814680308754
      vertex 123 46.150000000000006 -17.4
    endloop
  endfacet
  facet normal 1 0 0
    outer loop
      vertex 123 52.025441035960846 -19.97151572242529
      vertex 123 46.11733497668549 -17.06834645257258
      vertex 123 46.13545626433548 -17.178105473225912
    endloop
  endfacet
  facet normal 1 0 0
    outer loop
      vertex 123 52.025441035960846 -19.97151572242529
      vertex 123 46.13545626433548 -17.178105473225912
      vertex 123 46.14636016950563 -17.288814680308754
    endloop
  endfacet
  facet normal 1 0 0
    outer loop
      vertex 123 52.025441035960846 -19.97151572242529
      vertex 123 46.09207390469142 -16.960007623325712
      vertex 123 46.11733497668549 -17.06834645257258
    endloop
  endfacet
  facet normal 1 0 0
    outer loop
      vertex 123 52.025441035960846 -19.97151572242529
      vertex 123 46.05978122014168 -16.853552908984625
      vertex 123 46.09207390469142 -16.960007623325712
    endloop
  endfacet
  facet normal 1 0 0
    outer loop
      vertex 123 52.025441035960846 -19.97151572242529
      vertex 123 46.02059520526919 -16.749438164979345
      vertex 123 46.05978122014168 -16.853552908984625
    endloop
  endfacet
  facet normal 1 0 0
    outer loop
      vertex 123 52.025441035960846 -19.97151572242529
      vertex 123 45.97468366060557 -16.648109226627696
      vertex 123 46.02059520526919 -16.749438164979345
    endloop
  endfacet
  facet normal 1 0 0
    outer loop
      vertex 123 52.025441035960846 -19.97151572242529
      vertex 123 45.92224318643355 -16.549999999999997
      vertex 123 45.97468366060557 -16.648109226627696
    endloop
  endfacet
  facet normal 1 0 0
    outer loop
      vertex 123 52.025441035960846 -19.97151572242529
      vertex 123 45.86349834091433 -16.455530603866674
      vertex 123 45.92224318643355 -16.549999999999997
    endloop
  endfacet
  facet normal -1 0 0
    outer loop
      vertex 118 44.45 -25.4
      vertex 118 52.45 -3
      vertex 118 52.025441035960846 -19.97151572242529
    endloop
  endfacet
  facet normal -1 0 0
    outer loop
      vertex 118 52.025441035960846 -19.97151572242529
      vertex 118 52.45 -17.4
      vertex 118 52.296282243225846 -18.960722576129026
    endloop
  endfacet
  facet normal -1 0 0
    outer loop
      vertex 118 52.296282243225846 -18.960722576129026
      vertex 118 52.45 -17.4
      vertex 118 52.38155889099048 -18.44420953776041
    endloop
  endfacet
  facet normal -1 0 0
    outer loop
      vertex 118 52.38155889099048 -18.44420953776041
      vertex 118 52.45 -17.4
      vertex 118 52.43287138590883 -17.923225033841142
    endloop
  endfacet
  facet normal 0 0.9866433320848799 -0.1628954733945832
    outer loop
      vertex 118 52.296282243225846 -18.960722576129026
      vertex 118 52.38155889099048 -18.44420953776041
      vertex 123 52.296282243225846 -18.960722576129026
    endloop
  endfacet
  facet normal 0 0.9866433320848799 -0.1628954733945832
    outer loop
      vertex 118 52.38155889099048 -18.44420953776041
      vertex 123 52.38155889099048 -18.44420953776041
      vertex 123 52.296282243225846 -18.960722576129026
    endloop
  endfacet
  facet normal 0 0.995184726672196 -0.0980171403295688
    outer loop
      vertex 118 52.38155889099048 -18.44420953776041
      vertex 123 52.43287138590883 -17.923225033841142
      vertex 123 52.38155889099048 -18.44420953776041
    endloop
  endfacet
  facet normal 1 0 0
    outer loop
      vertex 123 52.025441035960846 -19.97151572242529
      vertex 123 52.296282243225846 -18.960722576129026
      vertex 123 52.45 -17.4
    endloop
  endfacet
  facet normal 1 0 0
    outer loop
      vertex 123 52.296282243225846 -18.960722576129026
      vertex 123 52.38155889099048 -18.44420953776041
      vertex 123 52.43287138590883 -17.923225033841142
    endloop
  endfacet
  facet normal 0 0.995184726672196 -0.0980171403295688
    outer loop
      vertex 118 52.38155889099048 -18.44420953776041
      vertex 118 52.43287138590883 -17.923225033841142
      vertex 123 52.43287138590883 -17.923225033841142
    endloop
  endfacet
  facet normal 0 0.9994645874763657 -0.03271908282177325
    outer loop
      vertex 118 52.43287138590883 -17.923225033841142
      vertex 118 52.45 -17.4
      vertex 123 52.45 -17.4
    endloop
  endfacet
  facet normal 0 0.9994645874763657 -0.03271908282177325
    outer loop
      vertex 118 52.43287138590883 -17.923225033841142
      vertex 123 52.45 -17.4
      vertex 123 52.43287138590883 -17.923225033841142
    endloop
  endfacet
  facet normal 1 0 0
    outer loop
      vertex 123 52.296282243225846 -18.960722576129026
      vertex 123 52.43287138590883 -17.923225033841142
      vertex 123 52.45 -17.4
    endloop
  endfacet
  facet normal -1 0 0
    outer loop
      vertex 118 44.45 -25.4
      vertex 118 46.11733497668549 -17.731653547427417
      vertex 118 52.45 -3
    endloop
  endfacet
  facet normal -1 0 0
    outer loop
      vertex 118 46.11733497668549 -17.731653547427417
      vertex 118 46.13545626433548 -17.621894526774085
      vertex 118 52.45 -3
    endloop
  endfacet
  facet normal -1 0 0
    outer loop
      vertex 118 46.13545626433548 -17.621894526774085
      vertex 118 46.14636016950563 -17.511185319691243
      vertex 118 52.45 -3
    endloop
  endfacet
  facet normal 1 0 0
    outer loop
      vertex 123 52.025441035960846 -19.97151572242529
      vertex 123 36.45 -3
      vertex 123 45.86349834091433 -16.455530603866674
    endloop
  endfacet
  facet normal 1 0 0
    outer loop
      vertex 123 52.025441035960846 -19.97151572242529
      vertex 123 52.45 -17.4
      vertex 123 36.45 -3
    endloop
  endfacet
  facet normal -1 0 0
    outer loop
      vertex 118 52.025441035960846 -19.97151572242529
      vertex 118 52.45 -3
      vertex 118 52.45 -17.4
    endloop
  endfacet
  facet normal -1 0 0
    outer loop
      vertex 118 43.79943816497935 -15.829404794730811
      vertex 118 52.45 -3
      vertex 118 43.90355290898463 -15.79021877985832
    endloop
  endfacet
  facet normal -1 0 0
    outer loop
      vertex 118 43.90355290898463 -15.79021877985832
      vertex 118 52.45 -3
      vertex 118 44.01000762332572 -15.757926095308582
    endloop
  endfacet
  facet normal -1 0 0
    outer loop
      vertex 118 44.01000762332572 -15.757926095308582
      vertex 118 52.45 -3
      vertex 118 44.11834645257259 -15.732665023314507
    endloop
  endfacet
  facet normal -1 0 0
    outer loop
      vertex 118 44.11834645257259 -15.732665023314507
      vertex 118 52.45 -3
      vertex 118 44.22810547322592 -15.71454373566452
    endloop
  endfacet
  facet normal -1 0 0
    outer loop
      vertex 118 44.22810547322592 -15.71454373566452
      vertex 118 52.45 -3
      vertex 118 44.33881468030876 -15.703639830494373
    endloop
  endfacet
  facet normal -1 0 0
    outer loop
      vertex 118 44.33881468030876 -15.703639830494373
      vertex 118 52.45 -3
      vertex 118 44.45 -15.7
    endloop
  endfacet
  facet normal -1 0 0
    outer loop
      vertex 118 44.45 -15.7
      vertex 118 52.45 -3
      vertex 118 44.56118531969125 -15.703639830494373
    endloop
  endfacet
  facet normal -1 0 0
    outer loop
      vertex 118 44.56118531969125 -15.703639830494373
      vertex 118 52.45 -3
      vertex 118 44.67189452677409 -15.71454373566452
    endloop
  endfacet
  facet normal -1 0 0
    outer loop
      vertex 118 46.14636016950563 -17.511185319691243
      vertex 118 46.150000000000006 -17.4
      vertex 118 52.45 -3
    endloop
  endfacet
  facet normal -1 0 0
    outer loop
      vertex 118 46.150000000000006 -17.4
      vertex 118 46.14636016950563 -17.288814680308754
      vertex 118 52.45 -3
    endloop
  endfacet
  facet normal -1 0 0
    outer loop
      vertex 118 46.14636016950563 -17.288814680308754
      vertex 118 46.13545626433548 -17.178105473225912
      vertex 118 52.45 -3
    endloop
  endfacet
  facet normal -1 0 0
    outer loop
      vertex 118 46.13545626433548 -17.178105473225912
      vertex 118 46.11733497668549 -17.06834645257258
      vertex 118 52.45 -3
    endloop
  endfacet
  facet normal -1 0 0
    outer loop
      vertex 118 46.11733497668549 -17.06834645257258
      vertex 118 46.09207390469142 -16.960007623325712
      vertex 118 52.45 -3
    endloop
  endfacet
  facet normal -1 0 0
    outer loop
      vertex 118 46.09207390469142 -16.960007623325712
      vertex 118 46.05978122014168 -16.853552908984625
      vertex 118 52.45 -3
    endloop
  endfacet
  facet normal -1 0 0
    outer loop
      vertex 118 46.05978122014168 -16.853552908984625
      vertex 118 46.02059520526919 -16.749438164979345
      vertex 118 52.45 -3
    endloop
  endfacet
  facet normal -1 0 0
    outer loop
      vertex 118 46.02059520526919 -16.749438164979345
      vertex 118 45.97468366060557 -16.648109226627696
      vertex 118 52.45 -3
    endloop
  endfacet
  facet normal -1 0 0
    outer loop
      vertex 118 45.97468366060557 -16.648109226627696
      vertex 118 45.92224318643355 -16.549999999999997
      vertex 118 52.45 -3
    endloop
  endfacet
  facet normal -1 0 0
    outer loop
      vertex 118 45.92224318643355 -16.549999999999997
      vertex 118 45.86349834091433 -16.455530603866674
      vertex 118 52.45 -3
    endloop
  endfacet
  facet normal -1 0 0
    outer loop
      vertex 118 45.7987006784951 -16.365105570685174
      vertex 118 52.45 -3
      vertex 118 45.86349834091433 -16.455530603866674
    endloop
  endfacet
  facet normal -1 0 0
    outer loop
      vertex 118 45.57088788567012 -16.121872327285736
      vertex 118 52.45 -3
      vertex 118 45.652081528017135 -16.197918471982867
    endloop
  endfacet
  facet normal -1 0 0
    outer loop
      vertex 118 45.57088788567012 -16.121872327285736
      vertex 118 45.48489442931483 -16.0512993215049
      vertex 118 52.45 -3
    endloop
  endfacet
  facet normal -1 0 0
    outer loop
      vertex 118 44.996447091015376 -15.79021877985832
      vertex 118 44.889992376674286 -15.757926095308582
      vertex 118 52.45 -3
    endloop
  endfacet
  facet normal -1 0 0
    outer loop
      vertex 118 45.100561835020656 -15.829404794730811
      vertex 118 44.996447091015376 -15.79021877985832
      vertex 118 52.45 -3
    endloop
  endfacet
  facet normal -1 0 0
    outer loop
      vertex 118 45.394469396133324 -15.986501659085672
      vertex 118 45.300000000000004 -15.927756813566454
      vertex 118 52.45 -3
    endloop
  endfacet
  facet normal -1 0 0
    outer loop
      vertex 118 45.394469396133324 -15.986501659085672
      vertex 118 52.45 -3
      vertex 118 45.48489442931483 -16.0512993215049
    endloop
  endfacet
  facet normal -1 0 0
    outer loop
      vertex 118 45.300000000000004 -15.927756813566454
      vertex 118 45.201890773372305 -15.875316339394429
      vertex 118 52.45 -3
    endloop
  endfacet
  facet normal -1 0 0
    outer loop
      vertex 118 45.100561835020656 -15.829404794730811
      vertex 118 52.45 -3
      vertex 118 45.201890773372305 -15.875316339394429
    endloop
  endfacet
  facet normal -1 0 0
    outer loop
      vertex 118 45.7987006784951 -16.365105570685174
      vertex 118 45.728127672714265 -16.27911211432988
      vertex 118 52.45 -3
    endloop
  endfacet
  facet normal -1 0 0
    outer loop
      vertex 118 45.728127672714265 -16.27911211432988
      vertex 118 45.652081528017135 -16.197918471982867
      vertex 118 52.45 -3
    endloop
  endfacet
  facet normal -1 0 0
    outer loop
      vertex 118 44.78165354742742 -15.732665023314507
      vertex 118 44.67189452677409 -15.71454373566452
      vertex 118 52.45 -3
    endloop
  endfacet
  facet normal -1 0 0
    outer loop
      vertex 118 44.78165354742742 -15.732665023314507
      vertex 118 52.45 -3
      vertex 118 44.889992376674286 -15.757926095308582
    endloop
  endfacet
  facet normal 0 1 0
    outer loop
      vertex 118 52.45 -17.4
      vertex 123 52.45 -3
      vertex 123 52.45 -17.4
    endloop
  endfacet
  facet normal 1 0 0
    outer loop
      vertex 123 52.45 -17.4
      vertex 123 52.45 -3
      vertex 123 36.45 -3
    endloop
  endfacet
  facet normal 0 1 0
    outer loop
      vertex 118 52.45 -17.4
      vertex 118 52.45 -3
      vertex 123 52.45 -3
    endloop
  endfacet
  facet normal 0 0.22707626303438147 0.9738769792773317
    outer loop
      vertex 118 44.01000762332572 -19.042073904691414
      vertex 123 44.01000762332572 -19.042073904691414
      vertex 118 44.11834645257259 -19.06733497668549
    endloop
  endfacet
  facet normal 0 0.16289547339459512 0.986643332084878
    outer loop
      vertex 118 44.11834645257259 -19.06733497668549
      vertex 123 44.11834645257259 -19.06733497668549
      vertex 118 44.22810547322592 -19.085456264335477
    endloop
  endfacet
  facet normal 0 0.09801714032954162 0.9951847266721988
    outer loop
      vertex 118 44.22810547322592 -19.085456264335477
      vertex 123 44.22810547322592 -19.085456264335477
      vertex 118 44.33881468030876 -19.096360169505623
    endloop
  endfacet
  facet normal 0 0.03271908282178624 0.9994645874763654
    outer loop
      vertex 118 44.33881468030876 -19.096360169505623
      vertex 123 44.33881468030876 -19.096360169505623
      vertex 118 44.45 -19.099999999999998
    endloop
  endfacet
  facet normal 0 0.22707626303438147 0.9738769792773317
    outer loop
      vertex 118 44.11834645257259 -19.06733497668549
      vertex 123 44.01000762332572 -19.042073904691414
      vertex 123 44.11834645257259 -19.06733497668549
    endloop
  endfacet
  facet normal 0 0.16289547339459512 0.986643332084878
    outer loop
      vertex 118 44.22810547322592 -19.085456264335477
      vertex 123 44.11834645257259 -19.06733497668549
      vertex 123 44.22810547322592 -19.085456264335477
    endloop
  endfacet
  facet normal 0 0.09801714032954162 0.9951847266721988
    outer loop
      vertex 118 44.33881468030876 -19.096360169505623
      vertex 123 44.22810547322592 -19.085456264335477
      vertex 123 44.33881468030876 -19.096360169505623
    endloop
  endfacet
  facet normal 0 0.03271908282178624 0.9994645874763654
    outer loop
      vertex 123 44.33881468030876 -19.096360169505623
      vertex 123 44.45 -19.099999999999998
      vertex 118 44.45 -19.099999999999998
    endloop
  endfacet
  facet normal 0 0.8128466845915946 0.5824776968678309
    outer loop
      vertex 118 43.101299321504904 -18.434894429314824
      vertex 118 43.03650165908567 -18.344469396133324
      vertex 123 43.03650165908567 -18.344469396133324
    endloop
  endfacet
  facet normal 0 0.8492021815265957 0.5280678506503411
    outer loop
      vertex 118 43.03650165908567 -18.344469396133324
      vertex 118 42.97775681356646 -18.25
      vertex 123 42.97775681356646 -18.25
    endloop
  endfacet
  facet normal 0 0.8492021815265957 0.5280678506503411
    outer loop
      vertex 118 43.03650165908567 -18.344469396133324
      vertex 123 42.97775681356646 -18.25
      vertex 123 43.03650165908567 -18.344469396133324
    endloop
  endfacet
  facet normal 0 0.41270702980437046 0.9108638249211868
    outer loop
      vertex 118 43.6981092266277 -18.92468366060557
      vertex 123 43.6981092266277 -18.92468366060557
      vertex 118 43.79943816497935 -18.970595205269184
    endloop
  endfacet
  facet normal 0 0.4713967368260105 0.8819212643483482
    outer loop
      vertex 118 43.6981092266277 -18.92468366060557
      vertex 118 43.6 -18.872243186433543
      vertex 123 43.6 -18.872243186433543
    endloop
  endfacet
  facet normal 0 0.6343932841636472 0.7730104533627356
    outer loop
      vertex 118 43.41510557068518 -18.748700678495098
      vertex 118 43.32911211432989 -18.67812767271426
      vertex 123 43.32911211432989 -18.67812767271426
    endloop
  endfacet
  facet normal 0 0.5280678506503785 0.8492021815265723
    outer loop
      vertex 118 43.6 -18.872243186433543
      vertex 118 43.50553060386668 -18.813498340914325
      vertex 123 43.50553060386668 -18.813498340914325
    endloop
  endfacet
  facet normal 0 0.5824776968677947 0.8128466845916205
    outer loop
      vertex 118 43.41510557068518 -18.748700678495098
      vertex 123 43.41510557068518 -18.748700678495098
      vertex 118 43.50553060386668 -18.813498340914325
    endloop
  endfacet
  facet normal 0 0.3522500479212523 0.9359059267573187
    outer loop
      vertex 118 43.90355290898463 -19.00978122014168
      vertex 118 43.79943816497935 -18.970595205269184
      vertex 123 43.79943816497935 -18.970595205269184
    endloop
  endfacet
  facet normal 0 0.29028467725444107 0.9569403357322154
    outer loop
      vertex 118 43.90355290898463 -19.00978122014168
      vertex 123 43.90355290898463 -19.00978122014168
      vertex 118 44.01000762332572 -19.042073904691414
    endloop
  endfacet
  facet normal 0 0.5280678506503785 0.8492021815265723
    outer loop
      vertex 118 43.6 -18.872243186433543
      vertex 123 43.50553060386668 -18.813498340914325
      vertex 123 43.6 -18.872243186433543
    endloop
  endfacet
  facet normal 0 0.4713967368260105 0.8819212643483482
    outer loop
      vertex 118 43.6981092266277 -18.92468366060557
      vertex 123 43.6 -18.872243186433543
      vertex 123 43.6981092266277 -18.92468366060557
    endloop
  endfacet
  facet normal 0 0.6343932841636472 0.7730104533627356
    outer loop
      vertex 118 43.41510557068518 -18.748700678495098
      vertex 123 43.32911211432989 -18.67812767271426
      vertex 123 43.41510557068518 -18.748700678495098
    endloop
  endfacet
  facet normal 0 0.5824776968677947 0.8128466845916205
    outer loop
      vertex 118 43.50553060386668 -18.813498340914325
      vertex 123 43.41510557068518 -18.748700678495098
      vertex 123 43.50553060386668 -18.813498340914325
    endloop
  endfacet
  facet normal 0 0.41270702980437046 0.9108638249211868
    outer loop
      vertex 118 43.79943816497935 -18.970595205269184
      vertex 123 43.6981092266277 -18.92468366060557
      vertex 123 43.79943816497935 -18.970595205269184
    endloop
  endfacet
  facet normal 0 0.3522500479212523 0.9359059267573187
    outer loop
      vertex 118 43.90355290898463 -19.00978122014168
      vertex 123 43.79943816497935 -18.970595205269184
      vertex 123 43.90355290898463 -19.00978122014168
    endloop
  endfacet
  facet normal 0 0.29028467725444107 0.9569403357322154
    outer loop
      vertex 118 44.01000762332572 -19.042073904691414
      vertex 123 43.90355290898463 -19.00978122014168
      vertex 123 44.01000762332572 -19.042073904691414
    endloop
  endfacet
  facet normal 0 0.6835923020228546 0.7298640726978514
    outer loop
      vertex 118 43.32911211432989 -18.67812767271426
      vertex 118 43.24791847198287 -18.60208152801713
      vertex 123 43.24791847198287 -18.60208152801713
    endloop
  endfacet
  facet normal 0 0.7298640726978364 0.6835923020228705
    outer loop
      vertex 118 43.24791847198287 -18.60208152801713
      vertex 118 43.17187232728574 -18.520887885670117
      vertex 123 43.17187232728574 -18.520887885670117
    endloop
  endfacet
  facet normal 0 0.7730104533627484 0.6343932841636315
    outer loop
      vertex 118 43.17187232728574 -18.520887885670117
      vertex 118 43.101299321504904 -18.434894429314824
      vertex 123 43.101299321504904 -18.434894429314824
    endloop
  endfacet
  facet normal 0 0.7298640726978364 0.6835923020228705
    outer loop
      vertex 118 43.24791847198287 -18.60208152801713
      vertex 123 43.17187232728574 -18.520887885670117
      vertex 123 43.24791847198287 -18.60208152801713
    endloop
  endfacet
  facet normal 0 0.6835923020228546 0.7298640726978514
    outer loop
      vertex 118 43.32911211432989 -18.67812767271426
      vertex 123 43.24791847198287 -18.60208152801713
      vertex 123 43.32911211432989 -18.67812767271426
    endloop
  endfacet
  facet normal 0 0.7730104533627484 0.6343932841636315
    outer loop
      vertex 118 43.17187232728574 -18.520887885670117
      vertex 123 43.101299321504904 -18.434894429314824
      vertex 123 43.17187232728574 -18.520887885670117
    endloop
  endfacet
  facet normal 0 0.8128466845915946 0.5824776968678309
    outer loop
      vertex 118 43.101299321504904 -18.434894429314824
      vertex 123 43.03650165908567 -18.344469396133324
      vertex 123 43.101299321504904 -18.434894429314824
    endloop
  endfacet
  facet normal 0 0.8819212643483614 0.47139673682598565
    outer loop
      vertex 118 42.97775681356646 -18.25
      vertex 118 42.925316339394435 -18.1518907733723
      vertex 123 42.925316339394435 -18.1518907733723
    endloop
  endfacet
  facet normal 0 0.9108638249211748 0.412707029804397
    outer loop
      vertex 118 42.925316339394435 -18.1518907733723
      vertex 118 42.87940479473082 -18.050561835020652
      vertex 123 42.87940479473082 -18.050561835020652
    endloop
  endfacet
  facet normal 0 0.9359059267573292 0.35225004792122433
    outer loop
      vertex 118 42.87940479473082 -18.050561835020652
      vertex 118 42.840218779858326 -17.946447091015372
      vertex 123 42.840218779858326 -17.946447091015372
    endloop
  endfacet
  facet normal 0 0.9569403357322037 0.29028467725447915
    outer loop
      vertex 118 42.840218779858326 -17.946447091015372
      vertex 118 42.80792609530859 -17.839992376674285
      vertex 123 42.80792609530859 -17.839992376674285
    endloop
  endfacet
  facet normal 0 0.8819212643483614 0.47139673682598565
    outer loop
      vertex 118 42.97775681356646 -18.25
      vertex 123 42.925316339394435 -18.1518907733723
      vertex 123 42.97775681356646 -18.25
    endloop
  endfacet
  facet normal 0 0.9108638249211748 0.412707029804397
    outer loop
      vertex 118 42.925316339394435 -18.1518907733723
      vertex 123 42.87940479473082 -18.050561835020652
      vertex 123 42.925316339394435 -18.1518907733723
    endloop
  endfacet
  facet normal 0 0.9359059267573292 0.35225004792122433
    outer loop
      vertex 118 42.87940479473082 -18.050561835020652
      vertex 123 42.840218779858326 -17.946447091015372
      vertex 123 42.87940479473082 -18.050561835020652
    endloop
  endfacet
  facet normal 0 0.9569403357322037 0.29028467725447915
    outer loop
      vertex 118 42.840218779858326 -17.946447091015372
      vertex 123 42.80792609530859 -17.839992376674285
      vertex 123 42.840218779858326 -17.946447091015372
    endloop
  endfacet
  facet normal 0 0.9738769792773389 0.22707626303435122
    outer loop
      vertex 118 42.80792609530859 -17.839992376674285
      vertex 118 42.782665023314514 -17.731653547427417
      vertex 123 42.782665023314514 -17.731653547427417
    endloop
  endfacet
  facet normal 0 0.9866433320848738 0.16289547339462107
    outer loop
      vertex 118 42.782665023314514 -17.731653547427417
      vertex 118 42.764543735664525 -17.621894526774085
      vertex 123 42.764543735664525 -17.621894526774085
    endloop
  endfacet
  facet normal 0 0.9951847266721988 0.09801714032954162
    outer loop
      vertex 118 42.764543735664525 -17.621894526774085
      vertex 118 42.75363983049438 -17.511185319691243
      vertex 123 42.75363983049438 -17.511185319691243
    endloop
  endfacet
  facet normal 0 0.9738769792773389 0.22707626303435122
    outer loop
      vertex 118 42.80792609530859 -17.839992376674285
      vertex 123 42.782665023314514 -17.731653547427417
      vertex 123 42.80792609530859 -17.839992376674285
    endloop
  endfacet
  facet normal 0 0.9866433320848738 0.16289547339462107
    outer loop
      vertex 118 42.782665023314514 -17.731653547427417
      vertex 123 42.764543735664525 -17.621894526774085
      vertex 123 42.782665023314514 -17.731653547427417
    endloop
  endfacet
  facet normal 0 0.9951847266721988 0.09801714032954162
    outer loop
      vertex 118 42.764543735664525 -17.621894526774085
      vertex 123 42.75363983049438 -17.511185319691243
      vertex 123 42.764543735664525 -17.621894526774085
    endloop
  endfacet
  facet normal 0 0.9994645874763644 0.032719082821818145
    outer loop
      vertex 118 42.75363983049438 -17.511185319691243
      vertex 123 42.75 -17.4
      vertex 123 42.75363983049438 -17.511185319691243
    endloop
  endfacet
  facet normal 0 0.9994645874763644 0.032719082821818145
    outer loop
      vertex 118 42.75363983049438 -17.511185319691243
      vertex 118 42.75 -17.4
      vertex 123 42.75 -17.4
    endloop
  endfacet
  facet normal 0 0.9994645874763644 -0.032719082821818145
    outer loop
      vertex 118 42.75 -17.4
      vertex 118 42.75363983049438 -17.288814680308754
      vertex 123 42.75363983049438 -17.288814680308754
    endloop
  endfacet
  facet normal 0 0.9951847266721988 -0.09801714032954162
    outer loop
      vertex 118 42.75363983049438 -17.288814680308754
      vertex 118 42.764543735664525 -17.178105473225912
      vertex 123 42.764543735664525 -17.178105473225912
    endloop
  endfacet
  facet normal 0 0.9866433320848738 -0.16289547339462107
    outer loop
      vertex 118 42.764543735664525 -17.178105473225912
      vertex 118 42.782665023314514 -17.06834645257258
      vertex 123 42.782665023314514 -17.06834645257258
    endloop
  endfacet
  facet normal 0 0.9994645874763644 -0.032719082821818145
    outer loop
      vertex 118 42.75 -17.4
      vertex 123 42.75363983049438 -17.288814680308754
      vertex 123 42.75 -17.4
    endloop
  endfacet
  facet normal 0 0.9951847266721988 -0.09801714032954162
    outer loop
      vertex 118 42.75363983049438 -17.288814680308754
      vertex 123 42.764543735664525 -17.178105473225912
      vertex 123 42.75363983049438 -17.288814680308754
    endloop
  endfacet
  facet normal 0 0.9866433320848738 -0.16289547339462107
    outer loop
      vertex 118 42.764543735664525 -17.178105473225912
      vertex 123 42.782665023314514 -17.06834645257258
      vertex 123 42.764543735664525 -17.178105473225912
    endloop
  endfacet
  facet normal 0 0.9738769792773389 -0.22707626303435122
    outer loop
      vertex 118 42.782665023314514 -17.06834645257258
      vertex 118 42.80792609530859 -16.960007623325712
      vertex 123 42.80792609530859 -16.960007623325712
    endloop
  endfacet
  facet normal 0 0.9569403357322037 -0.29028467725447915
    outer loop
      vertex 118 42.80792609530859 -16.960007623325712
      vertex 118 42.840218779858326 -16.853552908984625
      vertex 123 42.840218779858326 -16.853552908984625
    endloop
  endfacet
  facet normal 0 0.9359059267573292 -0.35225004792122433
    outer loop
      vertex 118 42.840218779858326 -16.853552908984625
      vertex 118 42.87940479473082 -16.749438164979345
      vertex 123 42.87940479473082 -16.749438164979345
    endloop
  endfacet
  facet normal 0 0.9108638249211748 -0.412707029804397
    outer loop
      vertex 118 42.87940479473082 -16.749438164979345
      vertex 118 42.925316339394435 -16.648109226627696
      vertex 123 42.925316339394435 -16.648109226627696
    endloop
  endfacet
  facet normal 0 0.9738769792773389 -0.22707626303435122
    outer loop
      vertex 118 42.782665023314514 -17.06834645257258
      vertex 123 42.80792609530859 -16.960007623325712
      vertex 123 42.782665023314514 -17.06834645257258
    endloop
  endfacet
  facet normal 0 0.9569403357322037 -0.29028467725447915
    outer loop
      vertex 118 42.80792609530859 -16.960007623325712
      vertex 123 42.840218779858326 -16.853552908984625
      vertex 123 42.80792609530859 -16.960007623325712
    endloop
  endfacet
  facet normal 0 0.9359059267573292 -0.35225004792122433
    outer loop
      vertex 118 42.840218779858326 -16.853552908984625
      vertex 123 42.87940479473082 -16.749438164979345
      vertex 123 42.840218779858326 -16.853552908984625
    endloop
  endfacet
  facet normal 0 0.9108638249211748 -0.412707029804397
    outer loop
      vertex 118 42.87940479473082 -16.749438164979345
      vertex 123 42.925316339394435 -16.648109226627696
      vertex 123 42.87940479473082 -16.749438164979345
    endloop
  endfacet
  facet normal 0 0.8819212643483614 -0.47139673682598565
    outer loop
      vertex 118 42.925316339394435 -16.648109226627696
      vertex 118 42.97775681356646 -16.549999999999997
      vertex 123 42.97775681356646 -16.549999999999997
    endloop
  endfacet
  facet normal 0 0.8492021815265957 -0.5280678506503411
    outer loop
      vertex 118 42.97775681356646 -16.549999999999997
      vertex 118 43.03650165908567 -16.455530603866674
      vertex 123 43.03650165908567 -16.455530603866674
    endloop
  endfacet
  facet normal 0 0.8819212643483614 -0.47139673682598565
    outer loop
      vertex 118 42.925316339394435 -16.648109226627696
      vertex 123 42.97775681356646 -16.549999999999997
      vertex 123 42.925316339394435 -16.648109226627696
    endloop
  endfacet
  facet normal 0 0.8492021815265957 -0.5280678506503411
    outer loop
      vertex 118 42.97775681356646 -16.549999999999997
      vertex 123 43.03650165908567 -16.455530603866674
      vertex 123 42.97775681356646 -16.549999999999997
    endloop
  endfacet
  facet normal 0 0.8128466845915946 -0.5824776968678309
    outer loop
      vertex 118 43.03650165908567 -16.455530603866674
      vertex 123 43.101299321504904 -16.365105570685174
      vertex 123 43.03650165908567 -16.455530603866674
    endloop
  endfacet
  facet normal 0 0.8128466845915946 -0.5824776968678309
    outer loop
      vertex 118 43.03650165908567 -16.455530603866674
      vertex 118 43.101299321504904 -16.365105570685174
      vertex 123 43.101299321504904 -16.365105570685174
    endloop
  endfacet
  facet normal 0 0.7730104533627484 -0.6343932841636315
    outer loop
      vertex 118 43.101299321504904 -16.365105570685174
      vertex 118 43.17187232728574 -16.27911211432988
      vertex 123 43.17187232728574 -16.27911211432988
    endloop
  endfacet
  facet normal 0 0.7730104533627484 -0.6343932841636315
    outer loop
      vertex 118 43.101299321504904 -16.365105570685174
      vertex 123 43.17187232728574 -16.27911211432988
      vertex 123 43.101299321504904 -16.365105570685174
    endloop
  endfacet
  facet normal 0 0.7298640726978364 -0.6835923020228705
    outer loop
      vertex 118 43.17187232728574 -16.27911211432988
      vertex 118 43.24791847198287 -16.197918471982867
      vertex 123 43.24791847198287 -16.197918471982867
    endloop
  endfacet
  facet normal 0 0.6835923020228546 -0.7298640726978514
    outer loop
      vertex 118 43.24791847198287 -16.197918471982867
      vertex 118 43.32911211432989 -16.121872327285736
      vertex 123 43.32911211432989 -16.121872327285736
    endloop
  endfacet
  facet normal 0 0.6343932841636472 -0.7730104533627356
    outer loop
      vertex 118 43.32911211432989 -16.121872327285736
      vertex 118 43.41510557068518 -16.0512993215049
      vertex 123 43.41510557068518 -16.0512993215049
    endloop
  endfacet
  facet normal 0 0.5824776968677947 -0.8128466845916205
    outer loop
      vertex 118 43.41510557068518 -16.0512993215049
      vertex 118 43.50553060386668 -15.986501659085672
      vertex 123 43.50553060386668 -15.986501659085672
    endloop
  endfacet
  facet normal 0 0.5280678506503785 -0.8492021815265723
    outer loop
      vertex 118 43.50553060386668 -15.986501659085672
      vertex 118 43.6 -15.927756813566454
      vertex 123 43.6 -15.927756813566454
    endloop
  endfacet
  facet normal 0 0.47139673682599803 -0.8819212643483547
    outer loop
      vertex 118 43.6 -15.927756813566454
      vertex 118 43.6981092266277 -15.875316339394429
      vertex 123 43.6981092266277 -15.875316339394429
    endloop
  endfacet
  facet normal 0 0.7298640726978364 -0.6835923020228705
    outer loop
      vertex 118 43.17187232728574 -16.27911211432988
      vertex 123 43.24791847198287 -16.197918471982867
      vertex 123 43.17187232728574 -16.27911211432988
    endloop
  endfacet
  facet normal 0 0.6835923020228546 -0.7298640726978514
    outer loop
      vertex 118 43.24791847198287 -16.197918471982867
      vertex 123 43.32911211432989 -16.121872327285736
      vertex 123 43.24791847198287 -16.197918471982867
    endloop
  endfacet
  facet normal 0 0.6343932841636472 -0.7730104533627356
    outer loop
      vertex 118 43.32911211432989 -16.121872327285736
      vertex 123 43.41510557068518 -16.0512993215049
      vertex 123 43.32911211432989 -16.121872327285736
    endloop
  endfacet
  facet normal 0 0.5824776968677947 -0.8128466845916205
    outer loop
      vertex 118 43.41510557068518 -16.0512993215049
      vertex 123 43.50553060386668 -15.986501659085672
      vertex 123 43.41510557068518 -16.0512993215049
    endloop
  endfacet
  facet normal 0 0.5280678506503785 -0.8492021815265723
    outer loop
      vertex 118 43.50553060386668 -15.986501659085672
      vertex 123 43.6 -15.927756813566454
      vertex 123 43.50553060386668 -15.986501659085672
    endloop
  endfacet
  facet normal 0 0.47139673682599803 -0.8819212643483547
    outer loop
      vertex 118 43.6 -15.927756813566454
      vertex 123 43.6981092266277 -15.875316339394429
      vertex 123 43.6 -15.927756813566454
    endloop
  endfacet
  facet normal 0 0.412707029804397 -0.9108638249211748
    outer loop
      vertex 118 43.6981092266277 -15.875316339394429
      vertex 118 43.79943816497935 -15.829404794730811
      vertex 123 43.79943816497935 -15.829404794730811
    endloop
  endfacet
  facet normal 0 0.35225004792122433 -0.9359059267573292
    outer loop
      vertex 118 43.79943816497935 -15.829404794730811
      vertex 118 43.90355290898463 -15.79021877985832
      vertex 123 43.90355290898463 -15.79021877985832
    endloop
  endfacet
  facet normal 0 0.29028467725447027 -0.9569403357322064
    outer loop
      vertex 118 43.90355290898463 -15.79021877985832
      vertex 118 44.01000762332572 -15.757926095308582
      vertex 123 44.01000762332572 -15.757926095308582
    endloop
  endfacet
  facet normal 0 0.22707626303436632 -0.9738769792773352
    outer loop
      vertex 118 44.01000762332572 -15.757926095308582
      vertex 118 44.11834645257259 -15.732665023314507
      vertex 123 44.11834645257259 -15.732665023314507
    endloop
  endfacet
  facet normal 0 0.16289547339459512 -0.986643332084878
    outer loop
      vertex 118 44.11834645257259 -15.732665023314507
      vertex 118 44.22810547322592 -15.71454373566452
      vertex 123 44.22810547322592 -15.71454373566452
    endloop
  endfacet
  facet normal 0 0.09801714032955743 -0.9951847266721973
    outer loop
      vertex 118 44.22810547322592 -15.71454373566452
      vertex 118 44.33881468030876 -15.703639830494373
      vertex 123 44.33881468030876 -15.703639830494373
    endloop
  endfacet
  facet normal 0 0.03271908282177029 -0.9994645874763658
    outer loop
      vertex 118 44.33881468030876 -15.703639830494373
      vertex 118 44.45 -15.7
      vertex 123 44.45 -15.7
    endloop
  endfacet
  facet normal 0 0.412707029804397 -0.9108638249211748
    outer loop
      vertex 118 43.6981092266277 -15.875316339394429
      vertex 123 43.79943816497935 -15.829404794730811
      vertex 123 43.6981092266277 -15.875316339394429
    endloop
  endfacet
  facet normal 0 0.35225004792122433 -0.9359059267573292
    outer loop
      vertex 118 43.79943816497935 -15.829404794730811
      vertex 123 43.90355290898463 -15.79021877985832
      vertex 123 43.79943816497935 -15.829404794730811
    endloop
  endfacet
  facet normal 0 0.29028467725447027 -0.9569403357322064
    outer loop
      vertex 118 43.90355290898463 -15.79021877985832
      vertex 123 44.01000762332572 -15.757926095308582
      vertex 123 43.90355290898463 -15.79021877985832
    endloop
  endfacet
  facet normal 0 0.22707626303436632 -0.9738769792773352
    outer loop
      vertex 118 44.01000762332572 -15.757926095308582
      vertex 123 44.11834645257259 -15.732665023314507
      vertex 123 44.01000762332572 -15.757926095308582
    endloop
  endfacet
  facet normal 0 0.16289547339459512 -0.986643332084878
    outer loop
      vertex 118 44.11834645257259 -15.732665023314507
      vertex 123 44.22810547322592 -15.71454373566452
      vertex 123 44.11834645257259 -15.732665023314507
    endloop
  endfacet
  facet normal 0 0.09801714032955743 -0.9951847266721973
    outer loop
      vertex 118 44.22810547322592 -15.71454373566452
      vertex 123 44.33881468030876 -15.703639830494373
      vertex 123 44.22810547322592 -15.71454373566452
    endloop
  endfacet
  facet normal 0 0.03271908282177029 -0.9994645874763658
    outer loop
      vertex 118 44.33881468030876 -15.703639830494373
      vertex 123 44.45 -15.7
      vertex 123 44.33881468030876 -15.703639830494373
    endloop
  endfacet
  facet normal 0 -0.03271908282178624 0.9994645874763654
    outer loop
      vertex 118 44.45 -19.099999999999998
      vertex 123 44.45 -19.099999999999998
      vertex 118 44.56118531969125 -19.096360169505623
    endloop
  endfacet
  facet normal 0 -0.09801714032954162 0.9951847266721988
    outer loop
      vertex 118 44.56118531969125 -19.096360169505623
      vertex 123 44.56118531969125 -19.096360169505623
      vertex 118 44.67189452677409 -19.085456264335477
    endloop
  endfacet
  facet normal 0 -0.16289547339459512 0.986643332084878
    outer loop
      vertex 118 44.67189452677409 -19.085456264335477
      vertex 123 44.67189452677409 -19.085456264335477
      vertex 118 44.78165354742742 -19.06733497668549
    endloop
  endfacet
  facet normal 0 -0.22707626303438147 0.9738769792773317
    outer loop
      vertex 118 44.78165354742742 -19.06733497668549
      vertex 123 44.78165354742742 -19.06733497668549
      vertex 118 44.889992376674286 -19.042073904691414
    endloop
  endfacet
  facet normal 0 -0.03271908282178624 0.9994645874763654
    outer loop
      vertex 123 44.45 -19.099999999999998
      vertex 123 44.56118531969125 -19.096360169505623
      vertex 118 44.56118531969125 -19.096360169505623
    endloop
  endfacet
  facet normal 0 -0.09801714032954162 0.9951847266721988
    outer loop
      vertex 118 44.67189452677409 -19.085456264335477
      vertex 123 44.56118531969125 -19.096360169505623
      vertex 123 44.67189452677409 -19.085456264335477
    endloop
  endfacet
  facet normal 0 -0.16289547339459512 0.986643332084878
    outer loop
      vertex 118 44.78165354742742 -19.06733497668549
      vertex 123 44.67189452677409 -19.085456264335477
      vertex 123 44.78165354742742 -19.06733497668549
    endloop
  endfacet
  facet normal 0 -0.22707626303438147 0.9738769792773317
    outer loop
      vertex 118 44.889992376674286 -19.042073904691414
      vertex 123 44.78165354742742 -19.06733497668549
      vertex 123 44.889992376674286 -19.042073904691414
    endloop
  endfacet
  facet normal 0 -0.29028467725444107 0.9569403357322154
    outer loop
      vertex 118 44.889992376674286 -19.042073904691414
      vertex 123 44.889992376674286 -19.042073904691414
      vertex 118 44.996447091015376 -19.00978122014168
    endloop
  endfacet
  facet normal 0 -0.3522500479212523 0.9359059267573187
    outer loop
      vertex 118 44.996447091015376 -19.00978122014168
      vertex 123 44.996447091015376 -19.00978122014168
      vertex 118 45.100561835020656 -18.970595205269184
    endloop
  endfacet
  facet normal 0 -0.41270702980437046 0.9108638249211868
    outer loop
      vertex 118 45.100561835020656 -18.970595205269184
      vertex 123 45.100561835020656 -18.970595205269184
      vertex 118 45.201890773372305 -18.92468366060557
    endloop
  endfacet
  facet normal 0 -0.4713967368260105 0.8819212643483482
    outer loop
      vertex 118 45.201890773372305 -18.92468366060557
      vertex 123 45.201890773372305 -18.92468366060557
      vertex 118 45.300000000000004 -18.872243186433543
    endloop
  endfacet
  facet normal 0 -0.5280678506503785 0.8492021815265723
    outer loop
      vertex 118 45.300000000000004 -18.872243186433543
      vertex 123 45.300000000000004 -18.872243186433543
      vertex 118 45.394469396133324 -18.813498340914325
    endloop
  endfacet
  facet normal 0 -0.5824776968677947 0.8128466845916205
    outer loop
      vertex 118 45.394469396133324 -18.813498340914325
      vertex 123 45.394469396133324 -18.813498340914325
      vertex 118 45.48489442931483 -18.748700678495098
    endloop
  endfacet
  facet normal 0 -0.6343932841636472 0.7730104533627356
    outer loop
      vertex 118 45.48489442931483 -18.748700678495098
      vertex 123 45.48489442931483 -18.748700678495098
      vertex 118 45.57088788567012 -18.67812767271426
    endloop
  endfacet
  facet normal 0 -0.29028467725444107 0.9569403357322154
    outer loop
      vertex 118 44.996447091015376 -19.00978122014168
      vertex 123 44.889992376674286 -19.042073904691414
      vertex 123 44.996447091015376 -19.00978122014168
    endloop
  endfacet
  facet normal 0 -0.3522500479212523 0.9359059267573187
    outer loop
      vertex 118 45.100561835020656 -18.970595205269184
      vertex 123 44.996447091015376 -19.00978122014168
      vertex 123 45.100561835020656 -18.970595205269184
    endloop
  endfacet
  facet normal 0 -0.41270702980437046 0.9108638249211868
    outer loop
      vertex 118 45.201890773372305 -18.92468366060557
      vertex 123 45.100561835020656 -18.970595205269184
      vertex 123 45.201890773372305 -18.92468366060557
    endloop
  endfacet
  facet normal 0 -0.4713967368260105 0.8819212643483482
    outer loop
      vertex 118 45.300000000000004 -18.872243186433543
      vertex 123 45.201890773372305 -18.92468366060557
      vertex 123 45.300000000000004 -18.872243186433543
    endloop
  endfacet
  facet normal 0 -0.5280678506503785 0.8492021815265723
    outer loop
      vertex 118 45.394469396133324 -18.813498340914325
      vertex 123 45.300000000000004 -18.872243186433543
      vertex 123 45.394469396133324 -18.813498340914325
    endloop
  endfacet
  facet normal 0 -0.5824776968677947 0.8128466845916205
    outer loop
      vertex 118 45.48489442931483 -18.748700678495098
      vertex 123 45.394469396133324 -18.813498340914325
      vertex 123 45.48489442931483 -18.748700678495098
    endloop
  endfacet
  facet normal 0 -0.6343932841636472 0.7730104533627356
    outer loop
      vertex 118 45.57088788567012 -18.67812767271426
      vertex 123 45.48489442931483 -18.748700678495098
      vertex 123 45.57088788567012 -18.67812767271426
    endloop
  endfacet
  facet normal 0 -0.6835923020228546 0.7298640726978514
    outer loop
      vertex 118 45.57088788567012 -18.67812767271426
      vertex 123 45.57088788567012 -18.67812767271426
      vertex 118 45.652081528017135 -18.60208152801713
    endloop
  endfacet
  facet normal 0 -0.7298640726978364 0.6835923020228705
    outer loop
      vertex 118 45.652081528017135 -18.60208152801713
      vertex 123 45.652081528017135 -18.60208152801713
      vertex 118 45.728127672714265 -18.520887885670117
    endloop
  endfacet
  facet normal 0 -0.7730104533627484 0.6343932841636315
    outer loop
      vertex 118 45.728127672714265 -18.520887885670117
      vertex 123 45.728127672714265 -18.520887885670117
      vertex 118 45.7987006784951 -18.434894429314824
    endloop
  endfacet
  facet normal 0 -0.8128466845915946 0.5824776968678309
    outer loop
      vertex 118 45.7987006784951 -18.434894429314824
      vertex 123 45.7987006784951 -18.434894429314824
      vertex 118 45.86349834091433 -18.344469396133324
    endloop
  endfacet
  facet normal 0 -0.6835923020228546 0.7298640726978514
    outer loop
      vertex 118 45.652081528017135 -18.60208152801713
      vertex 123 45.57088788567012 -18.67812767271426
      vertex 123 45.652081528017135 -18.60208152801713
    endloop
  endfacet
  facet normal 0 -0.7298640726978364 0.6835923020228705
    outer loop
      vertex 118 45.728127672714265 -18.520887885670117
      vertex 123 45.652081528017135 -18.60208152801713
      vertex 123 45.728127672714265 -18.520887885670117
    endloop
  endfacet
  facet normal 0 -0.7730104533627484 0.6343932841636315
    outer loop
      vertex 118 45.7987006784951 -18.434894429314824
      vertex 123 45.728127672714265 -18.520887885670117
      vertex 123 45.7987006784951 -18.434894429314824
    endloop
  endfacet
  facet normal 0 -0.8492021815265957 0.5280678506503411
    outer loop
      vertex 118 45.86349834091433 -18.344469396133324
      vertex 123 45.86349834091433 -18.344469396133324
      vertex 118 45.92224318643355 -18.25
    endloop
  endfacet
  facet normal 0 -0.8128466845915946 0.5824776968678309
    outer loop
      vertex 123 45.7987006784951 -18.434894429314824
      vertex 123 45.86349834091433 -18.344469396133324
      vertex 118 45.86349834091433 -18.344469396133324
    endloop
  endfacet
  facet normal 0 -0.8492021815265957 0.5280678506503411
    outer loop
      vertex 118 45.92224318643355 -18.25
      vertex 123 45.86349834091433 -18.344469396133324
      vertex 123 45.92224318643355 -18.25
    endloop
  endfacet
  facet normal 0 -0.8819212643483614 0.47139673682598565
    outer loop
      vertex 118 45.92224318643355 -18.25
      vertex 123 45.92224318643355 -18.25
      vertex 118 45.97468366060557 -18.1518907733723
    endloop
  endfacet
  facet normal 0 -0.9108638249211748 0.412707029804397
    outer loop
      vertex 118 45.97468366060557 -18.1518907733723
      vertex 123 45.97468366060557 -18.1518907733723
      vertex 118 46.02059520526919 -18.050561835020652
    endloop
  endfacet
  facet normal 0 -0.9359059267573292 0.35225004792122433
    outer loop
      vertex 118 46.02059520526919 -18.050561835020652
      vertex 123 46.02059520526919 -18.050561835020652
      vertex 118 46.05978122014168 -17.946447091015372
    endloop
  endfacet
  facet normal 0 -0.9569403357322037 0.29028467725447915
    outer loop
      vertex 118 46.05978122014168 -17.946447091015372
      vertex 123 46.05978122014168 -17.946447091015372
      vertex 118 46.09207390469142 -17.839992376674285
    endloop
  endfacet
  facet normal 0 -0.8819212643483614 0.47139673682598565
    outer loop
      vertex 118 45.97468366060557 -18.1518907733723
      vertex 123 45.92224318643355 -18.25
      vertex 123 45.97468366060557 -18.1518907733723
    endloop
  endfacet
  facet normal 0 -0.9108638249211748 0.412707029804397
    outer loop
      vertex 118 46.02059520526919 -18.050561835020652
      vertex 123 45.97468366060557 -18.1518907733723
      vertex 123 46.02059520526919 -18.050561835020652
    endloop
  endfacet
  facet normal 0 -0.9359059267573292 0.35225004792122433
    outer loop
      vertex 118 46.05978122014168 -17.946447091015372
      vertex 123 46.02059520526919 -18.050561835020652
      vertex 123 46.05978122014168 -17.946447091015372
    endloop
  endfacet
  facet normal 0 -0.9569403357322037 0.29028467725447915
    outer loop
      vertex 118 46.09207390469142 -17.839992376674285
      vertex 123 46.05978122014168 -17.946447091015372
      vertex 123 46.09207390469142 -17.839992376674285
    endloop
  endfacet
  facet normal 0 -0.9738769792773389 0.22707626303435122
    outer loop
      vertex 118 46.09207390469142 -17.839992376674285
      vertex 123 46.09207390469142 -17.839992376674285
      vertex 118 46.11733497668549 -17.731653547427417
    endloop
  endfacet
  facet normal 0 -0.9866433320848738 0.16289547339462107
    outer loop
      vertex 118 46.11733497668549 -17.731653547427417
      vertex 123 46.11733497668549 -17.731653547427417
      vertex 118 46.13545626433548 -17.621894526774085
    endloop
  endfacet
  facet normal 0 -0.9951847266721988 0.09801714032954162
    outer loop
      vertex 118 46.13545626433548 -17.621894526774085
      vertex 123 46.13545626433548 -17.621894526774085
      vertex 118 46.14636016950563 -17.511185319691243
    endloop
  endfacet
  facet normal 0 -0.9994645874763644 0.032719082821818145
    outer loop
      vertex 118 46.14636016950563 -17.511185319691243
      vertex 123 46.14636016950563 -17.511185319691243
      vertex 118 46.150000000000006 -17.4
    endloop
  endfacet
  facet normal 0 -0.9738769792773389 0.22707626303435122
    outer loop
      vertex 118 46.11733497668549 -17.731653547427417
      vertex 123 46.09207390469142 -17.839992376674285
      vertex 123 46.11733497668549 -17.731653547427417
    endloop
  endfacet
  facet normal 0 -0.9866433320848738 0.16289547339462107
    outer loop
      vertex 123 46.11733497668549 -17.731653547427417
      vertex 123 46.13545626433548 -17.621894526774085
      vertex 118 46.13545626433548 -17.621894526774085
    endloop
  endfacet
  facet normal 0 -0.9951847266721988 0.09801714032954162
    outer loop
      vertex 118 46.14636016950563 -17.511185319691243
      vertex 123 46.13545626433548 -17.621894526774085
      vertex 123 46.14636016950563 -17.511185319691243
    endloop
  endfacet
  facet normal 0 -0.9994645874763644 -0.032719082821818145
    outer loop
      vertex 118 46.150000000000006 -17.4
      vertex 123 46.150000000000006 -17.4
      vertex 118 46.14636016950563 -17.288814680308754
    endloop
  endfacet
  facet normal 0 -0.9951847266721988 -0.09801714032954162
    outer loop
      vertex 118 46.14636016950563 -17.288814680308754
      vertex 123 46.14636016950563 -17.288814680308754
      vertex 118 46.13545626433548 -17.178105473225912
    endloop
  endfacet
  facet normal 0 -0.9866433320848738 -0.16289547339462107
    outer loop
      vertex 118 46.13545626433548 -17.178105473225912
      vertex 123 46.13545626433548 -17.178105473225912
      vertex 118 46.11733497668549 -17.06834645257258
    endloop
  endfacet
  facet normal 0 -0.9994645874763644 0.032719082821818145
    outer loop
      vertex 118 46.150000000000006 -17.4
      vertex 123 46.14636016950563 -17.511185319691243
      vertex 123 46.150000000000006 -17.4
    endloop
  endfacet
  facet normal 0 -0.9994645874763644 -0.032719082821818145
    outer loop
      vertex 118 46.14636016950563 -17.288814680308754
      vertex 123 46.150000000000006 -17.4
      vertex 123 46.14636016950563 -17.288814680308754
    endloop
  endfacet
  facet normal 0 -0.9951847266721988 -0.09801714032954162
    outer loop
      vertex 118 46.13545626433548 -17.178105473225912
      vertex 123 46.14636016950563 -17.288814680308754
      vertex 123 46.13545626433548 -17.178105473225912
    endloop
  endfacet
  facet normal 0 -0.9866433320848738 -0.16289547339462107
    outer loop
      vertex 118 46.11733497668549 -17.06834645257258
      vertex 123 46.13545626433548 -17.178105473225912
      vertex 123 46.11733497668549 -17.06834645257258
    endloop
  endfacet
  facet normal 0 -0.9738769792773389 -0.22707626303435122
    outer loop
      vertex 118 46.11733497668549 -17.06834645257258
      vertex 123 46.11733497668549 -17.06834645257258
      vertex 118 46.09207390469142 -16.960007623325712
    endloop
  endfacet
  facet normal 0 -0.9569403357322037 -0.29028467725447915
    outer loop
      vertex 118 46.09207390469142 -16.960007623325712
      vertex 123 46.09207390469142 -16.960007623325712
      vertex 118 46.05978122014168 -16.853552908984625
    endloop
  endfacet
  facet normal 0 -0.9359059267573292 -0.35225004792122433
    outer loop
      vertex 118 46.05978122014168 -16.853552908984625
      vertex 123 46.05978122014168 -16.853552908984625
      vertex 118 46.02059520526919 -16.749438164979345
    endloop
  endfacet
  facet normal 0 -0.9108638249211748 -0.412707029804397
    outer loop
      vertex 118 46.02059520526919 -16.749438164979345
      vertex 123 46.02059520526919 -16.749438164979345
      vertex 118 45.97468366060557 -16.648109226627696
    endloop
  endfacet
  facet normal 0 -0.9738769792773389 -0.22707626303435122
    outer loop
      vertex 123 46.11733497668549 -17.06834645257258
      vertex 123 46.09207390469142 -16.960007623325712
      vertex 118 46.09207390469142 -16.960007623325712
    endloop
  endfacet
  facet normal 0 -0.9569403357322037 -0.29028467725447915
    outer loop
      vertex 118 46.05978122014168 -16.853552908984625
      vertex 123 46.09207390469142 -16.960007623325712
      vertex 123 46.05978122014168 -16.853552908984625
    endloop
  endfacet
  facet normal 0 -0.9359059267573292 -0.35225004792122433
    outer loop
      vertex 118 46.02059520526919 -16.749438164979345
      vertex 123 46.05978122014168 -16.853552908984625
      vertex 123 46.02059520526919 -16.749438164979345
    endloop
  endfacet
  facet normal 0 -0.9108638249211748 -0.412707029804397
    outer loop
      vertex 118 45.97468366060557 -16.648109226627696
      vertex 123 46.02059520526919 -16.749438164979345
      vertex 123 45.97468366060557 -16.648109226627696
    endloop
  endfacet
  facet normal 0 -0.7730104533627484 -0.6343932841636315
    outer loop
      vertex 118 45.7987006784951 -16.365105570685174
      vertex 123 45.7987006784951 -16.365105570685174
      vertex 118 45.728127672714265 -16.27911211432988
    endloop
  endfacet
  facet normal 0 -0.8128466845915946 -0.5824776968678309
    outer loop
      vertex 118 45.7987006784951 -16.365105570685174
      vertex 123 45.86349834091433 -16.455530603866674
      vertex 123 45.7987006784951 -16.365105570685174
    endloop
  endfacet
  facet normal 0 -0.7730104533627484 -0.6343932841636315
    outer loop
      vertex 123 45.7987006784951 -16.365105570685174
      vertex 123 45.728127672714265 -16.27911211432988
      vertex 118 45.728127672714265 -16.27911211432988
    endloop
  endfacet
  facet normal 0 -0.7298640726978364 -0.6835923020228705
    outer loop
      vertex 118 45.728127672714265 -16.27911211432988
      vertex 123 45.728127672714265 -16.27911211432988
      vertex 118 45.652081528017135 -16.197918471982867
    endloop
  endfacet
  facet normal 0 -0.6835923020228546 -0.7298640726978514
    outer loop
      vertex 118 45.57088788567012 -16.121872327285736
      vertex 118 45.652081528017135 -16.197918471982867
      vertex 123 45.652081528017135 -16.197918471982867
    endloop
  endfacet
  facet normal 0 -0.6343932841636472 -0.7730104533627356
    outer loop
      vertex 118 45.57088788567012 -16.121872327285736
      vertex 123 45.57088788567012 -16.121872327285736
      vertex 118 45.48489442931483 -16.0512993215049
    endloop
  endfacet
  facet normal 0 -0.5824776968677947 -0.8128466845916205
    outer loop
      vertex 118 45.394469396133324 -15.986501659085672
      vertex 118 45.48489442931483 -16.0512993215049
      vertex 123 45.48489442931483 -16.0512993215049
    endloop
  endfacet
  facet normal 0 -0.47139673682599803 -0.8819212643483547
    outer loop
      vertex 118 45.300000000000004 -15.927756813566454
      vertex 123 45.300000000000004 -15.927756813566454
      vertex 118 45.201890773372305 -15.875316339394429
    endloop
  endfacet
  facet normal 0 -0.5280678506503785 -0.8492021815265723
    outer loop
      vertex 118 45.394469396133324 -15.986501659085672
      vertex 123 45.394469396133324 -15.986501659085672
      vertex 118 45.300000000000004 -15.927756813566454
    endloop
  endfacet
  facet normal 0 -0.7298640726978364 -0.6835923020228705
    outer loop
      vertex 118 45.652081528017135 -16.197918471982867
      vertex 123 45.728127672714265 -16.27911211432988
      vertex 123 45.652081528017135 -16.197918471982867
    endloop
  endfacet
  facet normal 0 -0.6835923020228546 -0.7298640726978514
    outer loop
      vertex 118 45.57088788567012 -16.121872327285736
      vertex 123 45.652081528017135 -16.197918471982867
      vertex 123 45.57088788567012 -16.121872327285736
    endloop
  endfacet
  facet normal 0 -0.6343932841636472 -0.7730104533627356
    outer loop
      vertex 118 45.48489442931483 -16.0512993215049
      vertex 123 45.57088788567012 -16.121872327285736
      vertex 123 45.48489442931483 -16.0512993215049
    endloop
  endfacet
  facet normal 0 -0.5824776968677947 -0.8128466845916205
    outer loop
      vertex 118 45.394469396133324 -15.986501659085672
      vertex 123 45.48489442931483 -16.0512993215049
      vertex 123 45.394469396133324 -15.986501659085672
    endloop
  endfacet
  facet normal 0 -0.47139673682599803 -0.8819212643483547
    outer loop
      vertex 118 45.201890773372305 -15.875316339394429
      vertex 123 45.300000000000004 -15.927756813566454
      vertex 123 45.201890773372305 -15.875316339394429
    endloop
  endfacet
  facet normal 0 -0.5280678506503785 -0.8492021815265723
    outer loop
      vertex 118 45.300000000000004 -15.927756813566454
      vertex 123 45.394469396133324 -15.986501659085672
      vertex 123 45.300000000000004 -15.927756813566454
    endloop
  endfacet
  facet normal 0 -0.8819212643483614 -0.47139673682598565
    outer loop
      vertex 118 45.97468366060557 -16.648109226627696
      vertex 123 45.97468366060557 -16.648109226627696
      vertex 118 45.92224318643355 -16.549999999999997
    endloop
  endfacet
  facet normal 0 -0.8492021815265957 -0.5280678506503411
    outer loop
      vertex 118 45.92224318643355 -16.549999999999997
      vertex 123 45.92224318643355 -16.549999999999997
      vertex 118 45.86349834091433 -16.455530603866674
    endloop
  endfacet
  facet normal 0 -0.8128466845915946 -0.5824776968678309
    outer loop
      vertex 118 45.7987006784951 -16.365105570685174
      vertex 118 45.86349834091433 -16.455530603866674
      vertex 123 45.86349834091433 -16.455530603866674
    endloop
  endfacet
  facet normal 0 -0.8819212643483614 -0.47139673682598565
    outer loop
      vertex 118 45.92224318643355 -16.549999999999997
      vertex 123 45.97468366060557 -16.648109226627696
      vertex 123 45.92224318643355 -16.549999999999997
    endloop
  endfacet
  facet normal 0 -0.8492021815265957 -0.5280678506503411
    outer loop
      vertex 118 45.86349834091433 -16.455530603866674
      vertex 123 45.92224318643355 -16.549999999999997
      vertex 123 45.86349834091433 -16.455530603866674
    endloop
  endfacet
  facet normal 0 -0.03271908282177029 -0.9994645874763658
    outer loop
      vertex 118 44.45 -15.7
      vertex 118 44.56118531969125 -15.703639830494373
      vertex 123 44.56118531969125 -15.703639830494373
    endloop
  endfacet
  facet normal 0 -0.16289547339459512 -0.986643332084878
    outer loop
      vertex 118 44.78165354742742 -15.732665023314507
      vertex 123 44.78165354742742 -15.732665023314507
      vertex 118 44.67189452677409 -15.71454373566452
    endloop
  endfacet
  facet normal 0 -0.09801714032955743 -0.9951847266721973
    outer loop
      vertex 118 44.56118531969125 -15.703639830494373
      vertex 118 44.67189452677409 -15.71454373566452
      vertex 123 44.67189452677409 -15.71454373566452
    endloop
  endfacet
  facet normal 0 -0.29028467725447027 -0.9569403357322064
    outer loop
      vertex 118 44.996447091015376 -15.79021877985832
      vertex 123 44.996447091015376 -15.79021877985832
      vertex 118 44.889992376674286 -15.757926095308582
    endloop
  endfacet
  facet normal 0 -0.35225004792122433 -0.9359059267573292
    outer loop
      vertex 118 45.100561835020656 -15.829404794730811
      vertex 123 45.100561835020656 -15.829404794730811
      vertex 118 44.996447091015376 -15.79021877985832
    endloop
  endfacet
  facet normal 0 -0.22707626303436632 -0.9738769792773352
    outer loop
      vertex 118 44.78165354742742 -15.732665023314507
      vertex 118 44.889992376674286 -15.757926095308582
      vertex 123 44.889992376674286 -15.757926095308582
    endloop
  endfacet
  facet normal 0 -0.412707029804397 -0.9108638249211748
    outer loop
      vertex 118 45.100561835020656 -15.829404794730811
      vertex 118 45.201890773372305 -15.875316339394429
      vertex 123 45.201890773372305 -15.875316339394429
    endloop
  endfacet
  facet normal 0 -0.03271908282177029 -0.9994645874763658
    outer loop
      vertex 118 44.45 -15.7
      vertex 123 44.56118531969125 -15.703639830494373
      vertex 123 44.45 -15.7
    endloop
  endfacet
  facet normal 0 -0.09801714032955743 -0.9951847266721973
    outer loop
      vertex 118 44.56118531969125 -15.703639830494373
      vertex 123 44.67189452677409 -15.71454373566452
      vertex 123 44.56118531969125 -15.703639830494373
    endloop
  endfacet
  facet normal 0 -0.16289547339459512 -0.986643332084878
    outer loop
      vertex 118 44.67189452677409 -15.71454373566452
      vertex 123 44.78165354742742 -15.732665023314507
      vertex 123 44.67189452677409 -15.71454373566452
    endloop
  endfacet
  facet normal 0 -0.412707029804397 -0.9108638249211748
    outer loop
      vertex 118 45.100561835020656 -15.829404794730811
      vertex 123 45.201890773372305 -15.875316339394429
      vertex 123 45.100561835020656 -15.829404794730811
    endloop
  endfacet
  facet normal 0 -0.35225004792122433 -0.9359059267573292
    outer loop
      vertex 118 44.996447091015376 -15.79021877985832
      vertex 123 45.100561835020656 -15.829404794730811
      vertex 123 44.996447091015376 -15.79021877985832
    endloop
  endfacet
  facet normal 0 -0.22707626303436632 -0.9738769792773352
    outer loop
      vertex 118 44.78165354742742 -15.732665023314507
      vertex 123 44.889992376674286 -15.757926095308582
      vertex 123 44.78165354742742 -15.732665023314507
    endloop
  endfacet
  facet normal 0 -0.29028467725447027 -0.9569403357322064
    outer loop
      vertex 118 44.889992376674286 -15.757926095308582
      vertex 123 44.996447091015376 -15.79021877985832
      vertex 123 44.889992376674286 -15.757926095308582
    endloop
  endfacet
endsolid OpenSCAD_Model
