solid OpenSCAD_Model
  facet normal -1 0 0
    outer loop
      vertex -126.5 0 0
      vertex -126.5 133.35 3
      vertex -126.5 133.35 0
    endloop
  endfacet
  facet normal -1 -0 0
    outer loop
      vertex -126.5 133.35 3
      vertex -126.5 0 0
      vertex -126.5 0 3
    endloop
  endfacet
  facet normal -0 0 1
    outer loop
      vertex -119.555 125.055 3
      vertex -102.564 114.491 3
      vertex -119.275 125.384 3
    endloop
  endfacet
  facet normal 0 0 1
    outer loop
      vertex -103 112.675 3
      vertex -118.784 51.2302 3
      vertex -118.75 50.8 3
    endloop
  endfacet
  facet normal 0 0 1
    outer loop
      vertex -102.564 114.491 3
      vertex -119.555 125.055 3
      vertex -102.804 113.911 3
    endloop
  endfacet
  facet normal 0 0 1
    outer loop
      vertex -103 112.675 3
      vertex -118.885 51.6498 3
      vertex -118.784 51.2302 3
    endloop
  endfacet
  facet normal -0 0 1
    outer loop
      vertex -119.884 124.775 3
      vertex -102.804 113.911 3
      vertex -119.555 125.055 3
    endloop
  endfacet
  facet normal 0 0 1
    outer loop
      vertex -103 112.675 3
      vertex -119.05 52.0485 3
      vertex -118.885 51.6498 3
    endloop
  endfacet
  facet normal 0 0 1
    outer loop
      vertex -102.804 113.911 3
      vertex -119.884 124.775 3
      vertex -102.951 113.301 3
    endloop
  endfacet
  facet normal 0 0 1
    outer loop
      vertex -103 112.675 3
      vertex -119.275 52.4164 3
      vertex -119.05 52.0485 3
    endloop
  endfacet
  facet normal -0 0 1
    outer loop
      vertex -120.252 124.55 3
      vertex -102.951 113.301 3
      vertex -119.884 124.775 3
    endloop
  endfacet
  facet normal 0 0 1
    outer loop
      vertex -103 112.675 3
      vertex -119.555 52.7445 3
      vertex -119.275 52.4164 3
    endloop
  endfacet
  facet normal 0 0 1
    outer loop
      vertex -102.951 113.301 3
      vertex -120.252 124.55 3
      vertex -103 112.675 3
    endloop
  endfacet
  facet normal 0 0 1
    outer loop
      vertex -103 112.675 3
      vertex -119.884 53.0248 3
      vertex -119.555 52.7445 3
    endloop
  endfacet
  facet normal -0 0 1
    outer loop
      vertex -120.65 124.385 3
      vertex -103 112.675 3
      vertex -120.252 124.55 3
    endloop
  endfacet
  facet normal 0 0 1
    outer loop
      vertex -103 112.675 3
      vertex -120.252 53.2503 3
      vertex -119.884 53.0248 3
    endloop
  endfacet
  facet normal -0 0 1
    outer loop
      vertex -121.07 124.284 3
      vertex -103 112.675 3
      vertex -120.65 124.385 3
    endloop
  endfacet
  facet normal 0 0 1
    outer loop
      vertex -103 112.675 3
      vertex -120.65 53.4154 3
      vertex -120.252 53.2503 3
    endloop
  endfacet
  facet normal -0 0 1
    outer loop
      vertex -121.5 124.25 3
      vertex -103 112.675 3
      vertex -121.07 124.284 3
    endloop
  endfacet
  facet normal 0 0 1
    outer loop
      vertex -103 112.675 3
      vertex -121.07 53.5161 3
      vertex -120.65 53.4154 3
    endloop
  endfacet
  facet normal 0 0 1
    outer loop
      vertex -121.93 124.284 3
      vertex -103 112.675 3
      vertex -121.5 124.25 3
    endloop
  endfacet
  facet normal 0 0 1
    outer loop
      vertex -103 112.675 3
      vertex -121.5 53.55 3
      vertex -121.07 53.5161 3
    endloop
  endfacet
  facet normal 0 0 1
    outer loop
      vertex -121.93 53.5161 3
      vertex -103 112.675 3
      vertex -121.93 124.284 3
    endloop
  endfacet
  facet normal 0 0 1
    outer loop
      vertex -103 112.675 3
      vertex -121.93 53.5161 3
      vertex -121.5 53.55 3
    endloop
  endfacet
  facet normal 0 0 1
    outer loop
      vertex -122.35 124.385 3
      vertex -121.93 53.5161 3
      vertex -121.93 124.284 3
    endloop
  endfacet
  facet normal 0 0 1
    outer loop
      vertex -122.35 124.385 3
      vertex -122.35 53.4154 3
      vertex -121.93 53.5161 3
    endloop
  endfacet
  facet normal 0 0 1
    outer loop
      vertex -122.748 124.55 3
      vertex -122.35 53.4154 3
      vertex -122.35 124.385 3
    endloop
  endfacet
  facet normal 0 0 1
    outer loop
      vertex -122.748 124.55 3
      vertex -122.748 53.2503 3
      vertex -122.35 53.4154 3
    endloop
  endfacet
  facet normal 0 0 1
    outer loop
      vertex -123.116 124.775 3
      vertex -122.748 53.2503 3
      vertex -122.748 124.55 3
    endloop
  endfacet
  facet normal 0 0 1
    outer loop
      vertex -123.116 124.775 3
      vertex -123.116 53.0248 3
      vertex -122.748 53.2503 3
    endloop
  endfacet
  facet normal 0 0 1
    outer loop
      vertex -123.445 125.055 3
      vertex -123.116 53.0248 3
      vertex -123.116 124.775 3
    endloop
  endfacet
  facet normal 0 0 1
    outer loop
      vertex -123.445 125.055 3
      vertex -123.445 52.7445 3
      vertex -123.116 53.0248 3
    endloop
  endfacet
  facet normal 0 0 1
    outer loop
      vertex -123.725 125.384 3
      vertex -123.445 52.7445 3
      vertex -123.445 125.055 3
    endloop
  endfacet
  facet normal 0 0 1
    outer loop
      vertex -123.725 125.384 3
      vertex -123.725 52.4164 3
      vertex -123.445 52.7445 3
    endloop
  endfacet
  facet normal 0 0 1
    outer loop
      vertex -123.95 125.752 3
      vertex -123.725 52.4164 3
      vertex -123.725 125.384 3
    endloop
  endfacet
  facet normal 0 0 1
    outer loop
      vertex -123.95 125.752 3
      vertex -123.95 52.0485 3
      vertex -123.725 52.4164 3
    endloop
  endfacet
  facet normal 0 0 1
    outer loop
      vertex -124.115 126.15 3
      vertex -123.95 52.0485 3
      vertex -123.95 125.752 3
    endloop
  endfacet
  facet normal 0 0 1
    outer loop
      vertex -124.115 126.15 3
      vertex -124.115 51.6498 3
      vertex -123.95 52.0485 3
    endloop
  endfacet
  facet normal 0 0 1
    outer loop
      vertex -126.5 133.35 3
      vertex -124.115 126.15 3
      vertex -124.216 126.57 3
    endloop
  endfacet
  facet normal 0 0 1
    outer loop
      vertex -124.115 126.15 3
      vertex -126.5 133.35 3
      vertex -124.115 51.6498 3
    endloop
  endfacet
  facet normal 0 0 1
    outer loop
      vertex -126.5 133.35 3
      vertex -124.216 126.57 3
      vertex -124.25 127 3
    endloop
  endfacet
  facet normal 0 0 1
    outer loop
      vertex -124.115 51.6498 3
      vertex -126.5 133.35 3
      vertex -124.216 51.2302 3
    endloop
  endfacet
  facet normal 0 0 1
    outer loop
      vertex 98.192 105.608 3
      vertex 92.4323 87.2604 3
      vertex 92.5 86.4 3
    endloop
  endfacet
  facet normal 0 0 1
    outer loop
      vertex 98.192 105.608 3
      vertex 92.2308 88.0996 3
      vertex 92.4323 87.2604 3
    endloop
  endfacet
  facet normal 0 0 1
    outer loop
      vertex 98.192 105.608 3
      vertex 91.9005 88.8969 3
      vertex 92.2308 88.0996 3
    endloop
  endfacet
  facet normal 0 0 1
    outer loop
      vertex 98.192 105.608 3
      vertex 91.4496 89.6328 3
      vertex 91.9005 88.8969 3
    endloop
  endfacet
  facet normal 0 0 1
    outer loop
      vertex 98.192 105.608 3
      vertex 90.8891 90.2891 3
      vertex 91.4496 89.6328 3
    endloop
  endfacet
  facet normal 0 0 1
    outer loop
      vertex 98.192 105.608 3
      vertex 90.2328 90.8496 3
      vertex 90.8891 90.2891 3
    endloop
  endfacet
  facet normal 0 0 1
    outer loop
      vertex 98.192 105.608 3
      vertex 89.4969 91.3005 3
      vertex 90.2328 90.8496 3
    endloop
  endfacet
  facet normal 0 0 1
    outer loop
      vertex 98.192 105.608 3
      vertex 88.6996 91.6308 3
      vertex 89.4969 91.3005 3
    endloop
  endfacet
  facet normal 0 0 1
    outer loop
      vertex 98.192 105.608 3
      vertex 87.8604 91.8323 3
      vertex 88.6996 91.6308 3
    endloop
  endfacet
  facet normal 0 0 1
    outer loop
      vertex 98.192 105.608 3
      vertex 87 91.9 3
      vertex 87.8604 91.8323 3
    endloop
  endfacet
  facet normal -0 0 1
    outer loop
      vertex 75.808 105.608 3
      vertex 87 91.9 3
      vertex 98.192 105.608 3
    endloop
  endfacet
  facet normal 0 0 1
    outer loop
      vertex 87 91.9 3
      vertex 75.808 105.608 3
      vertex 86.1396 91.8323 3
    endloop
  endfacet
  facet normal 0 0 1
    outer loop
      vertex 86.1396 91.8323 3
      vertex 75.808 105.608 3
      vertex 85.3004 91.6308 3
    endloop
  endfacet
  facet normal 0 0 1
    outer loop
      vertex 85.3004 91.6308 3
      vertex 75.808 105.608 3
      vertex 84.5031 91.3005 3
    endloop
  endfacet
  facet normal 0 0 1
    outer loop
      vertex 84.5031 91.3005 3
      vertex 75.808 105.608 3
      vertex 83.7672 90.8496 3
    endloop
  endfacet
  facet normal 0 0 1
    outer loop
      vertex 81.5677 87.2604 3
      vertex 48.5 113.8 3
      vertex 81.5 86.4 3
    endloop
  endfacet
  facet normal 0 0 1
    outer loop
      vertex 48.5 113.8 3
      vertex 81.5677 87.2604 3
      vertex 75.808 105.608 3
    endloop
  endfacet
  facet normal 0 0 1
    outer loop
      vertex 81.7692 88.0996 3
      vertex 75.808 105.608 3
      vertex 81.5677 87.2604 3
    endloop
  endfacet
  facet normal 0 0 1
    outer loop
      vertex 82.0995 88.8969 3
      vertex 75.808 105.608 3
      vertex 81.7692 88.0996 3
    endloop
  endfacet
  facet normal 0 0 1
    outer loop
      vertex 82.5504 89.6328 3
      vertex 75.808 105.608 3
      vertex 82.0995 88.8969 3
    endloop
  endfacet
  facet normal 0 0 1
    outer loop
      vertex 83.1109 90.2891 3
      vertex 75.808 105.608 3
      vertex 82.5504 89.6328 3
    endloop
  endfacet
  facet normal 0 0 1
    outer loop
      vertex 83.7672 90.8496 3
      vertex 75.808 105.608 3
      vertex 83.1109 90.2891 3
    endloop
  endfacet
  facet normal 0 0 1
    outer loop
      vertex 124.115 126.15 3
      vertex 126.5 133.35 3
      vertex 124.216 126.57 3
    endloop
  endfacet
  facet normal 0 0 1
    outer loop
      vertex 126.5 133.35 3
      vertex 124.216 51.2302 3
      vertex 124.25 50.8 3
    endloop
  endfacet
  facet normal 0 0 1
    outer loop
      vertex 124.115 51.6498 3
      vertex 126.5 133.35 3
      vertex 124.115 126.15 3
    endloop
  endfacet
  facet normal 0 0 1
    outer loop
      vertex 126.5 133.35 3
      vertex 124.115 51.6498 3
      vertex 124.216 51.2302 3
    endloop
  endfacet
  facet normal -0 0 1
    outer loop
      vertex 123.95 125.752 3
      vertex 124.115 51.6498 3
      vertex 124.115 126.15 3
    endloop
  endfacet
  facet normal 0 0 1
    outer loop
      vertex 123.95 125.752 3
      vertex 123.95 52.0485 3
      vertex 124.115 51.6498 3
    endloop
  endfacet
  facet normal -0 0 1
    outer loop
      vertex 123.725 125.384 3
      vertex 123.95 52.0485 3
      vertex 123.95 125.752 3
    endloop
  endfacet
  facet normal 0 0 1
    outer loop
      vertex 123.725 125.384 3
      vertex 123.725 52.4164 3
      vertex 123.95 52.0485 3
    endloop
  endfacet
  facet normal -0 0 1
    outer loop
      vertex 123.445 125.055 3
      vertex 123.725 52.4164 3
      vertex 123.725 125.384 3
    endloop
  endfacet
  facet normal 0 0 1
    outer loop
      vertex 123.445 125.055 3
      vertex 123.445 52.7445 3
      vertex 123.725 52.4164 3
    endloop
  endfacet
  facet normal -0 0 1
    outer loop
      vertex 123.116 124.775 3
      vertex 123.445 52.7445 3
      vertex 123.445 125.055 3
    endloop
  endfacet
  facet normal 0 0 1
    outer loop
      vertex 123.116 124.775 3
      vertex 123.116 53.0248 3
      vertex 123.445 52.7445 3
    endloop
  endfacet
  facet normal -0 0 1
    outer loop
      vertex 122.748 124.55 3
      vertex 123.116 53.0248 3
      vertex 123.116 124.775 3
    endloop
  endfacet
  facet normal 0 0 1
    outer loop
      vertex 122.748 124.55 3
      vertex 122.748 53.2503 3
      vertex 123.116 53.0248 3
    endloop
  endfacet
  facet normal -0 0 1
    outer loop
      vertex 122.35 124.385 3
      vertex 122.748 53.2503 3
      vertex 122.748 124.55 3
    endloop
  endfacet
  facet normal 0 0 1
    outer loop
      vertex 122.35 124.385 3
      vertex 122.35 53.4154 3
      vertex 122.748 53.2503 3
    endloop
  endfacet
  facet normal -0 0 1
    outer loop
      vertex 121.93 124.284 3
      vertex 122.35 53.4154 3
      vertex 122.35 124.385 3
    endloop
  endfacet
  facet normal 0 0 1
    outer loop
      vertex 121.93 124.284 3
      vertex 121.93 53.5161 3
      vertex 122.35 53.4154 3
    endloop
  endfacet
  facet normal 0 0 1
    outer loop
      vertex 98.192 105.608 3
      vertex 121.93 124.284 3
      vertex 121.5 124.25 3
    endloop
  endfacet
  facet normal 0 0 1
    outer loop
      vertex 121.93 124.284 3
      vertex 98.192 105.608 3
      vertex 121.93 53.5161 3
    endloop
  endfacet
  facet normal 0 0 1
    outer loop
      vertex 98.192 105.608 3
      vertex 121.5 124.25 3
      vertex 121.07 124.284 3
    endloop
  endfacet
  facet normal -0 0 1
    outer loop
      vertex 92.5 86.4 3
      vertex 121.93 53.5161 3
      vertex 98.192 105.608 3
    endloop
  endfacet
  facet normal 0 0 1
    outer loop
      vertex 98.192 105.608 3
      vertex 121.07 124.284 3
      vertex 120.65 124.385 3
    endloop
  endfacet
  facet normal 0 0 1
    outer loop
      vertex 121.93 53.5161 3
      vertex 92.5 86.4 3
      vertex 121.5 53.55 3
    endloop
  endfacet
  facet normal 0 0 1
    outer loop
      vertex 98.192 111.192 3
      vertex 120.65 124.385 3
      vertex 120.252 124.55 3
    endloop
  endfacet
  facet normal 0 0 1
    outer loop
      vertex 121.5 53.55 3
      vertex 92.5 86.4 3
      vertex 121.07 53.5161 3
    endloop
  endfacet
  facet normal 0 0 1
    outer loop
      vertex 98.192 111.192 3
      vertex 120.252 124.55 3
      vertex 119.884 124.775 3
    endloop
  endfacet
  facet normal 0 0 1
    outer loop
      vertex 121.07 53.5161 3
      vertex 92.5 86.4 3
      vertex 120.65 53.4154 3
    endloop
  endfacet
  facet normal 0 0 1
    outer loop
      vertex 98.192 111.192 3
      vertex 119.884 124.775 3
      vertex 119.555 125.055 3
    endloop
  endfacet
  facet normal 0 0 1
    outer loop
      vertex 120.65 53.4154 3
      vertex 92.5 86.4 3
      vertex 120.252 53.2503 3
    endloop
  endfacet
  facet normal 0 0 1
    outer loop
      vertex 98.192 111.192 3
      vertex 119.555 125.055 3
      vertex 119.275 125.384 3
    endloop
  endfacet
  facet normal 0 0 1
    outer loop
      vertex 120.252 53.2503 3
      vertex 92.5 86.4 3
      vertex 119.884 53.0248 3
    endloop
  endfacet
  facet normal 0 0 1
    outer loop
      vertex 98.192 111.192 3
      vertex 119.275 125.384 3
      vertex 119.05 125.752 3
    endloop
  endfacet
  facet normal 0 0 1
    outer loop
      vertex 119.884 53.0248 3
      vertex 92.5 86.4 3
      vertex 119.555 52.7445 3
    endloop
  endfacet
  facet normal 0 0 1
    outer loop
      vertex 98.192 111.192 3
      vertex 119.05 125.752 3
      vertex 118.885 126.15 3
    endloop
  endfacet
  facet normal 0 0 1
    outer loop
      vertex 119.555 52.7445 3
      vertex 92.5 86.4 3
      vertex 119.275 52.4164 3
    endloop
  endfacet
  facet normal 0 0 1
    outer loop
      vertex 98.192 111.192 3
      vertex 118.885 126.15 3
      vertex 118.784 126.57 3
    endloop
  endfacet
  facet normal 0 0 1
    outer loop
      vertex 119.275 52.4164 3
      vertex 92.5 86.4 3
      vertex 119.05 52.0485 3
    endloop
  endfacet
  facet normal 0 0 1
    outer loop
      vertex 98.192 111.192 3
      vertex 118.784 126.57 3
      vertex 118.75 127 3
    endloop
  endfacet
  facet normal 0 0 1
    outer loop
      vertex 119.05 52.0485 3
      vertex 92.5 86.4 3
      vertex 118.885 51.6498 3
    endloop
  endfacet
  facet normal 0 0 1
    outer loop
      vertex 124.216 126.57 3
      vertex 126.5 133.35 3
      vertex 124.25 127 3
    endloop
  endfacet
  facet normal 0 0 1
    outer loop
      vertex 126.5 133.35 3
      vertex 124.216 127.43 3
      vertex 124.25 127 3
    endloop
  endfacet
  facet normal 0 0 1
    outer loop
      vertex 126.5 133.35 3
      vertex 124.115 127.85 3
      vertex 124.216 127.43 3
    endloop
  endfacet
  facet normal 0 0 1
    outer loop
      vertex 126.5 133.35 3
      vertex 123.95 128.248 3
      vertex 124.115 127.85 3
    endloop
  endfacet
  facet normal 0 0 1
    outer loop
      vertex 126.5 133.35 3
      vertex 123.725 128.616 3
      vertex 123.95 128.248 3
    endloop
  endfacet
  facet normal 0 0 1
    outer loop
      vertex 126.5 133.35 3
      vertex 123.445 128.945 3
      vertex 123.725 128.616 3
    endloop
  endfacet
  facet normal 0 0 1
    outer loop
      vertex 126.5 133.35 3
      vertex 123.116 129.225 3
      vertex 123.445 128.945 3
    endloop
  endfacet
  facet normal 0 0 1
    outer loop
      vertex 126.5 133.35 3
      vertex 122.748 129.45 3
      vertex 123.116 129.225 3
    endloop
  endfacet
  facet normal 0 0 1
    outer loop
      vertex 126.5 133.35 3
      vertex 122.35 129.615 3
      vertex 122.748 129.45 3
    endloop
  endfacet
  facet normal 0 0 1
    outer loop
      vertex 126.5 133.35 3
      vertex 121.93 129.716 3
      vertex 122.35 129.615 3
    endloop
  endfacet
  facet normal 0 0 1
    outer loop
      vertex 126.5 133.35 3
      vertex 121.5 129.75 3
      vertex 121.93 129.716 3
    endloop
  endfacet
  facet normal 0 0 1
    outer loop
      vertex 126.5 133.35 3
      vertex 121.07 129.716 3
      vertex 121.5 129.75 3
    endloop
  endfacet
  facet normal 0 0 1
    outer loop
      vertex 126.5 133.35 3
      vertex 120.65 129.615 3
      vertex 121.07 129.716 3
    endloop
  endfacet
  facet normal 0 0 1
    outer loop
      vertex 126.5 133.35 3
      vertex 120.252 129.45 3
      vertex 120.65 129.615 3
    endloop
  endfacet
  facet normal 0 0 1
    outer loop
      vertex 48.5 113.8 3
      vertex 120.252 129.45 3
      vertex 126.5 133.35 3
    endloop
  endfacet
  facet normal 0 0 1
    outer loop
      vertex 120.65 124.385 3
      vertex 98.192 111.192 3
      vertex 98.192 105.608 3
    endloop
  endfacet
  facet normal 0 0 1
    outer loop
      vertex 118.784 127.43 3
      vertex 98.192 111.192 3
      vertex 118.75 127 3
    endloop
  endfacet
  facet normal 0 0 1
    outer loop
      vertex 118.885 127.85 3
      vertex 98.192 111.192 3
      vertex 118.784 127.43 3
    endloop
  endfacet
  facet normal 0 0 1
    outer loop
      vertex 119.05 128.248 3
      vertex 98.192 111.192 3
      vertex 118.885 127.85 3
    endloop
  endfacet
  facet normal 0 0 1
    outer loop
      vertex 75.808 111.192 3
      vertex 119.05 128.248 3
      vertex 119.275 128.616 3
    endloop
  endfacet
  facet normal 0 0 1
    outer loop
      vertex 75.808 111.192 3
      vertex 119.275 128.616 3
      vertex 119.555 128.945 3
    endloop
  endfacet
  facet normal 0 0 1
    outer loop
      vertex 75.808 111.192 3
      vertex 119.555 128.945 3
      vertex 119.884 129.225 3
    endloop
  endfacet
  facet normal 0 0 1
    outer loop
      vertex 119.05 128.248 3
      vertex 75.808 111.192 3
      vertex 98.192 111.192 3
    endloop
  endfacet
  facet normal 0 0 1
    outer loop
      vertex 120.252 129.45 3
      vertex 48.5 113.8 3
      vertex 119.884 129.225 3
    endloop
  endfacet
  facet normal 0 0 1
    outer loop
      vertex 75.808 111.192 3
      vertex 48.5 113.8 3
      vertex 75.808 105.608 3
    endloop
  endfacet
  facet normal 0 0 1
    outer loop
      vertex 119.884 129.225 3
      vertex 48.5 113.8 3
      vertex 75.808 111.192 3
    endloop
  endfacet
  facet normal 0 0 1
    outer loop
      vertex 126.5 133.35 3
      vertex -24.5 113.8 3
      vertex 48.5 113.8 3
    endloop
  endfacet
  facet normal 0 0 1
    outer loop
      vertex -24.5 113.8 3
      vertex -47 112.675 3
      vertex -24.5 40.8 3
    endloop
  endfacet
  facet normal -0 0 1
    outer loop
      vertex -50.3743 116.626 3
      vertex -24.5 113.8 3
      vertex 126.5 133.35 3
    endloop
  endfacet
  facet normal 0 0 1
    outer loop
      vertex -24.5 113.8 3
      vertex -47.0493 113.301 3
      vertex -47 112.675 3
    endloop
  endfacet
  facet normal 0 0 1
    outer loop
      vertex -24.5 113.8 3
      vertex -47.1958 113.911 3
      vertex -47.0493 113.301 3
    endloop
  endfacet
  facet normal 0 0 1
    outer loop
      vertex -24.5 113.8 3
      vertex -47.436 114.491 3
      vertex -47.1958 113.911 3
    endloop
  endfacet
  facet normal 0 0 1
    outer loop
      vertex -24.5 113.8 3
      vertex -47.7639 115.026 3
      vertex -47.436 114.491 3
    endloop
  endfacet
  facet normal 0 0 1
    outer loop
      vertex -24.5 113.8 3
      vertex -48.1716 115.503 3
      vertex -47.7639 115.026 3
    endloop
  endfacet
  facet normal 0 0 1
    outer loop
      vertex -24.5 113.8 3
      vertex -48.6489 115.911 3
      vertex -48.1716 115.503 3
    endloop
  endfacet
  facet normal 0 0 1
    outer loop
      vertex -24.5 113.8 3
      vertex -49.1841 116.239 3
      vertex -48.6489 115.911 3
    endloop
  endfacet
  facet normal 0 0 1
    outer loop
      vertex -24.5 113.8 3
      vertex -49.7639 116.479 3
      vertex -49.1841 116.239 3
    endloop
  endfacet
  facet normal 0 0 1
    outer loop
      vertex -24.5 113.8 3
      vertex -50.3743 116.626 3
      vertex -49.7639 116.479 3
    endloop
  endfacet
  facet normal -0 0 1
    outer loop
      vertex -126.5 133.35 3
      vertex -50.3743 116.626 3
      vertex 126.5 133.35 3
    endloop
  endfacet
  facet normal 0 0 1
    outer loop
      vertex -50.3743 116.626 3
      vertex -126.5 133.35 3
      vertex -51 116.675 3
    endloop
  endfacet
  facet normal 0 0 1
    outer loop
      vertex -102.236 115.026 3
      vertex -119.275 125.384 3
      vertex -102.564 114.491 3
    endloop
  endfacet
  facet normal -0 0 1
    outer loop
      vertex -119.275 125.384 3
      vertex -102.236 115.026 3
      vertex -119.05 125.752 3
    endloop
  endfacet
  facet normal 0 0 1
    outer loop
      vertex -101.828 115.503 3
      vertex -119.05 125.752 3
      vertex -102.236 115.026 3
    endloop
  endfacet
  facet normal -0 0 1
    outer loop
      vertex -119.05 125.752 3
      vertex -101.828 115.503 3
      vertex -118.885 126.15 3
    endloop
  endfacet
  facet normal -0 0 1
    outer loop
      vertex -118.885 126.15 3
      vertex -101.828 115.503 3
      vertex -118.784 126.57 3
    endloop
  endfacet
  facet normal 0 0 1
    outer loop
      vertex -101.351 115.911 3
      vertex -118.784 126.57 3
      vertex -101.828 115.503 3
    endloop
  endfacet
  facet normal -0 0 1
    outer loop
      vertex -118.784 126.57 3
      vertex -101.351 115.911 3
      vertex -118.75 127 3
    endloop
  endfacet
  facet normal 0 0 1
    outer loop
      vertex -100.816 116.239 3
      vertex -118.75 127 3
      vertex -101.351 115.911 3
    endloop
  endfacet
  facet normal 0 0 1
    outer loop
      vertex -118.784 127.43 3
      vertex -100.816 116.239 3
      vertex -100.236 116.479 3
    endloop
  endfacet
  facet normal 0 0 1
    outer loop
      vertex -118.885 127.85 3
      vertex -100.236 116.479 3
      vertex -99.6257 116.626 3
    endloop
  endfacet
  facet normal 0 0 1
    outer loop
      vertex -119.05 128.248 3
      vertex -99.6257 116.626 3
      vertex -99 116.675 3
    endloop
  endfacet
  facet normal -0 -0 1
    outer loop
      vertex -119.555 128.945 3
      vertex -51 116.675 3
      vertex -119.884 129.225 3
    endloop
  endfacet
  facet normal 0 0 1
    outer loop
      vertex -100.816 116.239 3
      vertex -118.784 127.43 3
      vertex -118.75 127 3
    endloop
  endfacet
  facet normal 0 0 1
    outer loop
      vertex -100.236 116.479 3
      vertex -118.885 127.85 3
      vertex -118.784 127.43 3
    endloop
  endfacet
  facet normal 0 0 1
    outer loop
      vertex -99.6257 116.626 3
      vertex -119.05 128.248 3
      vertex -118.885 127.85 3
    endloop
  endfacet
  facet normal 0 0 1
    outer loop
      vertex -99 116.675 3
      vertex -119.275 128.616 3
      vertex -119.05 128.248 3
    endloop
  endfacet
  facet normal 0 0 1
    outer loop
      vertex -99 116.675 3
      vertex -119.555 128.945 3
      vertex -119.275 128.616 3
    endloop
  endfacet
  facet normal 0 0 1
    outer loop
      vertex -51 116.675 3
      vertex -119.555 128.945 3
      vertex -99 116.675 3
    endloop
  endfacet
  facet normal 0 0 1
    outer loop
      vertex -51 116.675 3
      vertex -120.252 129.45 3
      vertex -119.884 129.225 3
    endloop
  endfacet
  facet normal 0 0 1
    outer loop
      vertex -51 116.675 3
      vertex -126.5 133.35 3
      vertex -120.252 129.45 3
    endloop
  endfacet
  facet normal 0 0 1
    outer loop
      vertex -120.252 129.45 3
      vertex -126.5 133.35 3
      vertex -120.65 129.615 3
    endloop
  endfacet
  facet normal 0 0 1
    outer loop
      vertex -120.65 129.615 3
      vertex -126.5 133.35 3
      vertex -121.07 129.716 3
    endloop
  endfacet
  facet normal 0 0 1
    outer loop
      vertex -124.216 51.2302 3
      vertex -126.5 133.35 3
      vertex -124.25 50.8 3
    endloop
  endfacet
  facet normal 0 0 1
    outer loop
      vertex -124.216 127.43 3
      vertex -126.5 133.35 3
      vertex -124.25 127 3
    endloop
  endfacet
  facet normal 0 0 1
    outer loop
      vertex -124.115 127.85 3
      vertex -126.5 133.35 3
      vertex -124.216 127.43 3
    endloop
  endfacet
  facet normal 0 0 1
    outer loop
      vertex -123.95 128.248 3
      vertex -126.5 133.35 3
      vertex -124.115 127.85 3
    endloop
  endfacet
  facet normal 0 0 1
    outer loop
      vertex -123.725 128.616 3
      vertex -126.5 133.35 3
      vertex -123.95 128.248 3
    endloop
  endfacet
  facet normal 0 0 1
    outer loop
      vertex -123.445 128.945 3
      vertex -126.5 133.35 3
      vertex -123.725 128.616 3
    endloop
  endfacet
  facet normal 0 0 1
    outer loop
      vertex -123.116 129.225 3
      vertex -126.5 133.35 3
      vertex -123.445 128.945 3
    endloop
  endfacet
  facet normal 0 0 1
    outer loop
      vertex -122.748 129.45 3
      vertex -126.5 133.35 3
      vertex -123.116 129.225 3
    endloop
  endfacet
  facet normal 0 0 1
    outer loop
      vertex -122.35 129.615 3
      vertex -126.5 133.35 3
      vertex -122.748 129.45 3
    endloop
  endfacet
  facet normal 0 0 1
    outer loop
      vertex -121.93 129.716 3
      vertex -126.5 133.35 3
      vertex -122.35 129.615 3
    endloop
  endfacet
  facet normal 0 0 1
    outer loop
      vertex -121.5 129.75 3
      vertex -126.5 133.35 3
      vertex -121.93 129.716 3
    endloop
  endfacet
  facet normal 0 0 1
    outer loop
      vertex -121.07 129.716 3
      vertex -126.5 133.35 3
      vertex -121.5 129.75 3
    endloop
  endfacet
  facet normal 0 0 1
    outer loop
      vertex 126.5 133.35 3
      vertex 124.25 50.8 3
      vertex 126.5 0 3
    endloop
  endfacet
  facet normal -0 0 1
    outer loop
      vertex 124.216 50.3698 3
      vertex 126.5 0 3
      vertex 124.25 50.8 3
    endloop
  endfacet
  facet normal -0 0 1
    outer loop
      vertex 124.115 49.9502 3
      vertex 126.5 0 3
      vertex 124.216 50.3698 3
    endloop
  endfacet
  facet normal -0 0 1
    outer loop
      vertex 123.95 49.5515 3
      vertex 126.5 0 3
      vertex 124.115 49.9502 3
    endloop
  endfacet
  facet normal -0 0 1
    outer loop
      vertex 123.725 49.1836 3
      vertex 126.5 0 3
      vertex 123.95 49.5515 3
    endloop
  endfacet
  facet normal -0 0 1
    outer loop
      vertex 123.445 48.8555 3
      vertex 126.5 0 3
      vertex 123.725 49.1836 3
    endloop
  endfacet
  facet normal -0 0 1
    outer loop
      vertex 123.116 48.5752 3
      vertex 126.5 0 3
      vertex 123.445 48.8555 3
    endloop
  endfacet
  facet normal -0 0 1
    outer loop
      vertex 122.748 48.3497 3
      vertex 126.5 0 3
      vertex 123.116 48.5752 3
    endloop
  endfacet
  facet normal -0 0 1
    outer loop
      vertex 122.35 48.1846 3
      vertex 126.5 0 3
      vertex 122.748 48.3497 3
    endloop
  endfacet
  facet normal -0 0 1
    outer loop
      vertex 121.93 48.0839 3
      vertex 126.5 0 3
      vertex 122.35 48.1846 3
    endloop
  endfacet
  facet normal -0 0 1
    outer loop
      vertex 121.5 48.05 3
      vertex 126.5 0 3
      vertex 121.93 48.0839 3
    endloop
  endfacet
  facet normal 0 0 1
    outer loop
      vertex 121.07 48.0839 3
      vertex 126.5 0 3
      vertex 121.5 48.05 3
    endloop
  endfacet
  facet normal 0 0 1
    outer loop
      vertex 92.4323 30.5396 3
      vertex 121.07 48.0839 3
      vertex 120.65 48.1846 3
    endloop
  endfacet
  facet normal 0 0 1
    outer loop
      vertex 92.4323 30.5396 3
      vertex 120.65 48.1846 3
      vertex 120.252 48.3497 3
    endloop
  endfacet
  facet normal 0 0 1
    outer loop
      vertex 92.5 31.4 3
      vertex 120.252 48.3497 3
      vertex 119.884 48.5752 3
    endloop
  endfacet
  facet normal 0 0 1
    outer loop
      vertex 92.5 31.4 3
      vertex 119.884 48.5752 3
      vertex 119.555 48.8555 3
    endloop
  endfacet
  facet normal 0 0 1
    outer loop
      vertex 92.5 31.4 3
      vertex 119.555 48.8555 3
      vertex 119.275 49.1836 3
    endloop
  endfacet
  facet normal 0 0 1
    outer loop
      vertex 92.5 31.4 3
      vertex 119.275 49.1836 3
      vertex 119.05 49.5515 3
    endloop
  endfacet
  facet normal 0 0 1
    outer loop
      vertex 92.5 31.4 3
      vertex 119.05 49.5515 3
      vertex 118.885 49.9502 3
    endloop
  endfacet
  facet normal 0 0 1
    outer loop
      vertex 92.5 31.4 3
      vertex 118.885 49.9502 3
      vertex 118.784 50.3698 3
    endloop
  endfacet
  facet normal 0 0 1
    outer loop
      vertex 92.5 31.4 3
      vertex 118.885 51.6498 3
      vertex 92.5 86.4 3
    endloop
  endfacet
  facet normal 0 0 1
    outer loop
      vertex 118.885 51.6498 3
      vertex 92.5 31.4 3
      vertex 118.784 51.2302 3
    endloop
  endfacet
  facet normal 0 0 1
    outer loop
      vertex 118.784 51.2302 3
      vertex 92.5 31.4 3
      vertex 118.75 50.8 3
    endloop
  endfacet
  facet normal 0 0 1
    outer loop
      vertex 118.75 50.8 3
      vertex 92.5 31.4 3
      vertex 118.784 50.3698 3
    endloop
  endfacet
  facet normal 0 0 1
    outer loop
      vertex 120.252 48.3497 3
      vertex 92.5 31.4 3
      vertex 92.4323 30.5396 3
    endloop
  endfacet
  facet normal 0 0 1
    outer loop
      vertex 121.07 48.0839 3
      vertex 92.4323 30.5396 3
      vertex 92.2308 29.7004 3
    endloop
  endfacet
  facet normal 0 0 1
    outer loop
      vertex 121.07 48.0839 3
      vertex 92.2308 29.7004 3
      vertex 126.5 0 3
    endloop
  endfacet
  facet normal -0 0 1
    outer loop
      vertex 91.9005 28.9031 3
      vertex 126.5 0 3
      vertex 92.2308 29.7004 3
    endloop
  endfacet
  facet normal -0 0 1
    outer loop
      vertex 91.4496 28.1672 3
      vertex 126.5 0 3
      vertex 91.9005 28.9031 3
    endloop
  endfacet
  facet normal -0 0 1
    outer loop
      vertex 90.8891 27.5109 3
      vertex 126.5 0 3
      vertex 91.4496 28.1672 3
    endloop
  endfacet
  facet normal -0 0 1
    outer loop
      vertex 90.2328 26.9504 3
      vertex 126.5 0 3
      vertex 90.8891 27.5109 3
    endloop
  endfacet
  facet normal -0 0 1
    outer loop
      vertex 89.4969 26.4995 3
      vertex 126.5 0 3
      vertex 90.2328 26.9504 3
    endloop
  endfacet
  facet normal -0 0 1
    outer loop
      vertex 88.6996 26.1692 3
      vertex 126.5 0 3
      vertex 89.4969 26.4995 3
    endloop
  endfacet
  facet normal -0 0 1
    outer loop
      vertex 87.8604 25.9677 3
      vertex 126.5 0 3
      vertex 88.6996 26.1692 3
    endloop
  endfacet
  facet normal -0 0 1
    outer loop
      vertex 87 25.9 3
      vertex 126.5 0 3
      vertex 87.8604 25.9677 3
    endloop
  endfacet
  facet normal 0 0 1
    outer loop
      vertex 86.1396 25.9677 3
      vertex 126.5 0 3
      vertex 87 25.9 3
    endloop
  endfacet
  facet normal 0 0 1
    outer loop
      vertex 85.3004 26.1692 3
      vertex 126.5 0 3
      vertex 86.1396 25.9677 3
    endloop
  endfacet
  facet normal 0 0 1
    outer loop
      vertex 84.5031 26.4995 3
      vertex 126.5 0 3
      vertex 85.3004 26.1692 3
    endloop
  endfacet
  facet normal 0 0 1
    outer loop
      vertex -48.6489 17.4389 3
      vertex 84.5031 26.4995 3
      vertex 83.7672 26.9504 3
    endloop
  endfacet
  facet normal 0 0 1
    outer loop
      vertex 81.5 86.4 3
      vertex 48.5 113.8 3
      vertex 48.5 40.8 3
    endloop
  endfacet
  facet normal 0 0 1
    outer loop
      vertex 81.5 86.4 3
      vertex 48.5 40.8 3
      vertex 81.5 31.4 3
    endloop
  endfacet
  facet normal 0 0 1
    outer loop
      vertex 81.5 31.4 3
      vertex 48.5 40.8 3
      vertex 81.5677 30.5396 3
    endloop
  endfacet
  facet normal 0 0 1
    outer loop
      vertex 81.5677 30.5396 3
      vertex 48.5 40.8 3
      vertex 81.7692 29.7004 3
    endloop
  endfacet
  facet normal 0 0 1
    outer loop
      vertex 48.5 40.8 3
      vertex 82.0995 28.9031 3
      vertex 81.7692 29.7004 3
    endloop
  endfacet
  facet normal 0 0 1
    outer loop
      vertex 48.5 40.8 3
      vertex 82.5504 28.1672 3
      vertex 82.0995 28.9031 3
    endloop
  endfacet
  facet normal 0 0 1
    outer loop
      vertex 48.5 40.8 3
      vertex 83.1109 27.5109 3
      vertex 82.5504 28.1672 3
    endloop
  endfacet
  facet normal 0 0 1
    outer loop
      vertex 48.5 40.8 3
      vertex 83.7672 26.9504 3
      vertex 83.1109 27.5109 3
    endloop
  endfacet
  facet normal 0 0 1
    outer loop
      vertex -48.6489 17.4389 3
      vertex 83.7672 26.9504 3
      vertex 48.5 40.8 3
    endloop
  endfacet
  facet normal 0 0 1
    outer loop
      vertex -47.7639 18.3239 3
      vertex 48.5 40.8 3
      vertex -24.5 40.8 3
    endloop
  endfacet
  facet normal 0 0 1
    outer loop
      vertex -47 20.675 3
      vertex -24.5 40.8 3
      vertex -47 112.675 3
    endloop
  endfacet
  facet normal 0 0 1
    outer loop
      vertex -47.0493 20.0493 3
      vertex -24.5 40.8 3
      vertex -47 20.675 3
    endloop
  endfacet
  facet normal 0 0 1
    outer loop
      vertex -47.1958 19.4389 3
      vertex -24.5 40.8 3
      vertex -47.0493 20.0493 3
    endloop
  endfacet
  facet normal 0 0 1
    outer loop
      vertex -47.436 18.8591 3
      vertex -24.5 40.8 3
      vertex -47.1958 19.4389 3
    endloop
  endfacet
  facet normal 0 0 1
    outer loop
      vertex -47.7639 18.3239 3
      vertex -24.5 40.8 3
      vertex -47.436 18.8591 3
    endloop
  endfacet
  facet normal 0 0 1
    outer loop
      vertex -48.1716 17.8466 3
      vertex 48.5 40.8 3
      vertex -47.7639 18.3239 3
    endloop
  endfacet
  facet normal 0 0 1
    outer loop
      vertex -48.6489 17.4389 3
      vertex 48.5 40.8 3
      vertex -48.1716 17.8466 3
    endloop
  endfacet
  facet normal 0 0 1
    outer loop
      vertex 84.5031 26.4995 3
      vertex -48.6489 17.4389 3
      vertex -49.1841 17.111 3
    endloop
  endfacet
  facet normal 0 0 1
    outer loop
      vertex 84.5031 26.4995 3
      vertex -49.1841 17.111 3
      vertex 126.5 0 3
    endloop
  endfacet
  facet normal -0 0 1
    outer loop
      vertex -49.7639 16.8708 3
      vertex 126.5 0 3
      vertex -49.1841 17.111 3
    endloop
  endfacet
  facet normal -0 0 1
    outer loop
      vertex -50.3743 16.7243 3
      vertex 126.5 0 3
      vertex -49.7639 16.8708 3
    endloop
  endfacet
  facet normal 0 0 1
    outer loop
      vertex -126.5 0 3
      vertex -50.3743 16.7243 3
      vertex -51 16.675 3
    endloop
  endfacet
  facet normal 0 0 1
    outer loop
      vertex -126.5 0 3
      vertex -51 16.675 3
      vertex -99 16.675 3
    endloop
  endfacet
  facet normal 0 0 1
    outer loop
      vertex -103 112.675 3
      vertex -118.75 50.8 3
      vertex -103 20.675 3
    endloop
  endfacet
  facet normal -0 0 1
    outer loop
      vertex -118.784 50.3698 3
      vertex -103 20.675 3
      vertex -118.75 50.8 3
    endloop
  endfacet
  facet normal -0 0 1
    outer loop
      vertex -118.885 49.9502 3
      vertex -103 20.675 3
      vertex -118.784 50.3698 3
    endloop
  endfacet
  facet normal -0 0 1
    outer loop
      vertex -119.05 49.5515 3
      vertex -103 20.675 3
      vertex -118.885 49.9502 3
    endloop
  endfacet
  facet normal -0 0 1
    outer loop
      vertex -119.275 49.1836 3
      vertex -103 20.675 3
      vertex -119.05 49.5515 3
    endloop
  endfacet
  facet normal -0 0 1
    outer loop
      vertex -119.555 48.8555 3
      vertex -103 20.675 3
      vertex -119.275 49.1836 3
    endloop
  endfacet
  facet normal -0 0 1
    outer loop
      vertex -119.884 48.5752 3
      vertex -103 20.675 3
      vertex -119.555 48.8555 3
    endloop
  endfacet
  facet normal -0 0 1
    outer loop
      vertex -120.252 48.3497 3
      vertex -103 20.675 3
      vertex -119.884 48.5752 3
    endloop
  endfacet
  facet normal -0 0 1
    outer loop
      vertex -120.65 48.1846 3
      vertex -103 20.675 3
      vertex -120.252 48.3497 3
    endloop
  endfacet
  facet normal -0 0 1
    outer loop
      vertex -121.07 48.0839 3
      vertex -103 20.675 3
      vertex -120.65 48.1846 3
    endloop
  endfacet
  facet normal -0 0 1
    outer loop
      vertex -121.5 48.05 3
      vertex -103 20.675 3
      vertex -121.07 48.0839 3
    endloop
  endfacet
  facet normal 0 0 1
    outer loop
      vertex -121.93 48.0839 3
      vertex -103 20.675 3
      vertex -121.5 48.05 3
    endloop
  endfacet
  facet normal 0 0 1
    outer loop
      vertex -126.5 0 3
      vertex -103 20.675 3
      vertex -121.93 48.0839 3
    endloop
  endfacet
  facet normal 0 0 1
    outer loop
      vertex -103 20.675 3
      vertex -126.5 0 3
      vertex -102.951 20.0493 3
    endloop
  endfacet
  facet normal 0 0 1
    outer loop
      vertex -102.951 20.0493 3
      vertex -126.5 0 3
      vertex -102.804 19.4389 3
    endloop
  endfacet
  facet normal 0 0 1
    outer loop
      vertex -102.804 19.4389 3
      vertex -126.5 0 3
      vertex -102.564 18.8591 3
    endloop
  endfacet
  facet normal 0 0 1
    outer loop
      vertex -126.5 0 3
      vertex -121.93 48.0839 3
      vertex -122.35 48.1846 3
    endloop
  endfacet
  facet normal 0 0 1
    outer loop
      vertex -126.5 0 3
      vertex -122.35 48.1846 3
      vertex -122.748 48.3497 3
    endloop
  endfacet
  facet normal 0 0 1
    outer loop
      vertex -126.5 0 3
      vertex -122.748 48.3497 3
      vertex -123.116 48.5752 3
    endloop
  endfacet
  facet normal 0 0 1
    outer loop
      vertex -126.5 0 3
      vertex -123.116 48.5752 3
      vertex -123.445 48.8555 3
    endloop
  endfacet
  facet normal 0 0 1
    outer loop
      vertex -126.5 0 3
      vertex -123.445 48.8555 3
      vertex -123.725 49.1836 3
    endloop
  endfacet
  facet normal 0 0 1
    outer loop
      vertex -50.3743 16.7243 3
      vertex -126.5 0 3
      vertex 126.5 0 3
    endloop
  endfacet
  facet normal 0 0 1
    outer loop
      vertex -99.6257 16.7243 3
      vertex -126.5 0 3
      vertex -99 16.675 3
    endloop
  endfacet
  facet normal 0 0 1
    outer loop
      vertex -100.236 16.8708 3
      vertex -126.5 0 3
      vertex -99.6257 16.7243 3
    endloop
  endfacet
  facet normal 0 0 1
    outer loop
      vertex -100.816 17.111 3
      vertex -126.5 0 3
      vertex -100.236 16.8708 3
    endloop
  endfacet
  facet normal 0 0 1
    outer loop
      vertex -101.351 17.4389 3
      vertex -126.5 0 3
      vertex -100.816 17.111 3
    endloop
  endfacet
  facet normal 0 0 1
    outer loop
      vertex -101.828 17.8466 3
      vertex -126.5 0 3
      vertex -101.351 17.4389 3
    endloop
  endfacet
  facet normal 0 0 1
    outer loop
      vertex -102.236 18.3239 3
      vertex -126.5 0 3
      vertex -101.828 17.8466 3
    endloop
  endfacet
  facet normal 0 0 1
    outer loop
      vertex -102.564 18.8591 3
      vertex -126.5 0 3
      vertex -102.236 18.3239 3
    endloop
  endfacet
  facet normal 0 0 1
    outer loop
      vertex -123.95 49.5515 3
      vertex -126.5 0 3
      vertex -123.725 49.1836 3
    endloop
  endfacet
  facet normal 0 0 1
    outer loop
      vertex -124.115 49.9502 3
      vertex -126.5 0 3
      vertex -123.95 49.5515 3
    endloop
  endfacet
  facet normal 0 0 1
    outer loop
      vertex -124.216 50.3698 3
      vertex -126.5 0 3
      vertex -124.115 49.9502 3
    endloop
  endfacet
  facet normal 0 0 1
    outer loop
      vertex -124.25 50.8 3
      vertex -126.5 0 3
      vertex -124.216 50.3698 3
    endloop
  endfacet
  facet normal 0 0 1
    outer loop
      vertex -126.5 0 3
      vertex -124.25 50.8 3
      vertex -126.5 133.35 3
    endloop
  endfacet
  facet normal 1 -0 0
    outer loop
      vertex 126.5 0 3
      vertex 126.5 133.35 0
      vertex 126.5 133.35 3
    endloop
  endfacet
  facet normal 1 0 0
    outer loop
      vertex 126.5 133.35 0
      vertex 126.5 0 3
      vertex 126.5 0 0
    endloop
  endfacet
  facet normal 0 0 -1
    outer loop
      vertex -120.65 53.4154 0
      vertex -107.645 121.545 0
      vertex -120.252 53.2503 0
    endloop
  endfacet
  facet normal 0 0 -1
    outer loop
      vertex -114.475 123.2 0
      vertex -118.784 126.57 0
      vertex -118.75 127 0
    endloop
  endfacet
  facet normal 0 0 -1
    outer loop
      vertex -121.07 53.5161 0
      vertex -107.645 121.545 0
      vertex -120.65 53.4154 0
    endloop
  endfacet
  facet normal 0 0 -1
    outer loop
      vertex -114.475 123.2 0
      vertex -118.885 126.15 0
      vertex -118.784 126.57 0
    endloop
  endfacet
  facet normal -0 0 -1
    outer loop
      vertex -107.645 121.545 0
      vertex -121.07 53.5161 0
      vertex -112 122.175 0
    endloop
  endfacet
  facet normal 0 0 -1
    outer loop
      vertex -114.475 123.2 0
      vertex -119.05 125.752 0
      vertex -118.885 126.15 0
    endloop
  endfacet
  facet normal -0 0 -1
    outer loop
      vertex -112 122.175 0
      vertex -121.07 53.5161 0
      vertex -112.548 122.218 0
    endloop
  endfacet
  facet normal 0 0 -1
    outer loop
      vertex -114.475 123.2 0
      vertex -119.275 125.384 0
      vertex -119.05 125.752 0
    endloop
  endfacet
  facet normal 0 0 -1
    outer loop
      vertex -121.5 53.55 0
      vertex -112.548 122.218 0
      vertex -121.07 53.5161 0
    endloop
  endfacet
  facet normal 0 0 -1
    outer loop
      vertex -114.475 123.2 0
      vertex -119.555 125.055 0
      vertex -119.275 125.384 0
    endloop
  endfacet
  facet normal -0 0 -1
    outer loop
      vertex -112.548 122.218 0
      vertex -121.5 53.55 0
      vertex -113.082 122.346 0
    endloop
  endfacet
  facet normal 0 0 -1
    outer loop
      vertex -114.475 123.2 0
      vertex -119.884 124.775 0
      vertex -119.555 125.055 0
    endloop
  endfacet
  facet normal 0 0 -1
    outer loop
      vertex -121.93 53.5161 0
      vertex -113.082 122.346 0
      vertex -121.5 53.55 0
    endloop
  endfacet
  facet normal 0 0 -1
    outer loop
      vertex -114.475 123.2 0
      vertex -120.252 124.55 0
      vertex -119.884 124.775 0
    endloop
  endfacet
  facet normal 0 0 -1
    outer loop
      vertex -121.93 124.284 0
      vertex -113.082 122.346 0
      vertex -121.93 53.5161 0
    endloop
  endfacet
  facet normal 0 0 -1
    outer loop
      vertex -114.475 123.2 0
      vertex -120.65 124.385 0
      vertex -120.252 124.55 0
    endloop
  endfacet
  facet normal 0 -0 -1
    outer loop
      vertex -121.07 124.284 0
      vertex -113.589 122.556 0
      vertex -121.5 124.25 0
    endloop
  endfacet
  facet normal 0 0 -1
    outer loop
      vertex -114.057 122.843 0
      vertex -120.65 124.385 0
      vertex -114.475 123.2 0
    endloop
  endfacet
  facet normal 0 0 -1
    outer loop
      vertex -113.589 122.556 0
      vertex -121.07 124.284 0
      vertex -114.057 122.843 0
    endloop
  endfacet
  facet normal 0 -0 -1
    outer loop
      vertex -120.65 124.385 0
      vertex -114.057 122.843 0
      vertex -121.07 124.284 0
    endloop
  endfacet
  facet normal -0 -0 -1
    outer loop
      vertex -121.5 124.25 0
      vertex -113.082 122.346 0
      vertex -121.93 124.284 0
    endloop
  endfacet
  facet normal 0 0 -1
    outer loop
      vertex -113.082 122.346 0
      vertex -121.5 124.25 0
      vertex -113.589 122.556 0
    endloop
  endfacet
  facet normal 0 0 -1
    outer loop
      vertex -122.35 53.4154 0
      vertex -121.93 124.284 0
      vertex -121.93 53.5161 0
    endloop
  endfacet
  facet normal 0 0 -1
    outer loop
      vertex -122.35 53.4154 0
      vertex -122.35 124.385 0
      vertex -121.93 124.284 0
    endloop
  endfacet
  facet normal 0 0 -1
    outer loop
      vertex -122.748 53.2503 0
      vertex -122.35 124.385 0
      vertex -122.35 53.4154 0
    endloop
  endfacet
  facet normal 0 0 -1
    outer loop
      vertex -122.748 53.2503 0
      vertex -122.748 124.55 0
      vertex -122.35 124.385 0
    endloop
  endfacet
  facet normal 0 0 -1
    outer loop
      vertex -123.116 53.0248 0
      vertex -122.748 124.55 0
      vertex -122.748 53.2503 0
    endloop
  endfacet
  facet normal 0 0 -1
    outer loop
      vertex -123.116 53.0248 0
      vertex -123.116 124.775 0
      vertex -122.748 124.55 0
    endloop
  endfacet
  facet normal 0 0 -1
    outer loop
      vertex -123.445 52.7445 0
      vertex -123.116 124.775 0
      vertex -123.116 53.0248 0
    endloop
  endfacet
  facet normal 0 0 -1
    outer loop
      vertex -123.445 52.7445 0
      vertex -123.445 125.055 0
      vertex -123.116 124.775 0
    endloop
  endfacet
  facet normal 0 0 -1
    outer loop
      vertex -123.725 52.4164 0
      vertex -123.445 125.055 0
      vertex -123.445 52.7445 0
    endloop
  endfacet
  facet normal 0 0 -1
    outer loop
      vertex -123.725 52.4164 0
      vertex -123.725 125.384 0
      vertex -123.445 125.055 0
    endloop
  endfacet
  facet normal 0 0 -1
    outer loop
      vertex -123.95 52.0485 0
      vertex -123.725 125.384 0
      vertex -123.725 52.4164 0
    endloop
  endfacet
  facet normal 0 0 -1
    outer loop
      vertex -123.95 52.0485 0
      vertex -123.95 125.752 0
      vertex -123.725 125.384 0
    endloop
  endfacet
  facet normal 0 0 -1
    outer loop
      vertex -124.115 51.6498 0
      vertex -123.95 125.752 0
      vertex -123.95 52.0485 0
    endloop
  endfacet
  facet normal 0 0 -1
    outer loop
      vertex -124.115 51.6498 0
      vertex -124.115 126.15 0
      vertex -123.95 125.752 0
    endloop
  endfacet
  facet normal 0 0 -1
    outer loop
      vertex -126.5 133.35 0
      vertex -124.115 51.6498 0
      vertex -124.216 51.2302 0
    endloop
  endfacet
  facet normal 0 0 -1
    outer loop
      vertex -124.115 51.6498 0
      vertex -126.5 133.35 0
      vertex -124.115 126.15 0
    endloop
  endfacet
  facet normal 0 0 -1
    outer loop
      vertex -126.5 133.35 0
      vertex -124.216 51.2302 0
      vertex -124.25 50.8 0
    endloop
  endfacet
  facet normal 0 0 -1
    outer loop
      vertex -124.115 126.15 0
      vertex -126.5 133.35 0
      vertex -124.216 126.57 0
    endloop
  endfacet
  facet normal 0 0 -1
    outer loop
      vertex -108.881 9.26397 0
      vertex -107.645 11.805 0
      vertex -108.671 8.75656 0
    endloop
  endfacet
  facet normal 0 0 -1
    outer loop
      vertex -107.645 121.545 0
      vertex -108.543 125.127 0
      vertex -108.5 125.675 0
    endloop
  endfacet
  facet normal 0 0 -1
    outer loop
      vertex -118.784 51.2302 0
      vertex -107.645 11.805 0
      vertex -118.75 50.8 0
    endloop
  endfacet
  facet normal 0 0 -1
    outer loop
      vertex -107.645 121.545 0
      vertex -108.671 124.593 0
      vertex -108.543 125.127 0
    endloop
  endfacet
  facet normal 0 0 -1
    outer loop
      vertex -109.168 9.73225 0
      vertex -107.645 11.805 0
      vertex -108.881 9.26397 0
    endloop
  endfacet
  facet normal 0 0 -1
    outer loop
      vertex -107.645 11.805 0
      vertex -118.784 51.2302 0
      vertex -107.645 121.545 0
    endloop
  endfacet
  facet normal 0 0 -1
    outer loop
      vertex -109.525 10.1499 0
      vertex -107.645 11.805 0
      vertex -109.168 9.73225 0
    endloop
  endfacet
  facet normal 0 0 -1
    outer loop
      vertex -107.645 121.545 0
      vertex -108.881 124.086 0
      vertex -108.671 124.593 0
    endloop
  endfacet
  facet normal 0 0 -1
    outer loop
      vertex -109.943 10.5066 0
      vertex -107.645 11.805 0
      vertex -109.525 10.1499 0
    endloop
  endfacet
  facet normal 0 0 -1
    outer loop
      vertex -107.645 121.545 0
      vertex -109.168 123.618 0
      vertex -108.881 124.086 0
    endloop
  endfacet
  facet normal 0 0 -1
    outer loop
      vertex -110.411 10.7935 0
      vertex -107.645 11.805 0
      vertex -109.943 10.5066 0
    endloop
  endfacet
  facet normal 0 0 -1
    outer loop
      vertex -107.645 121.545 0
      vertex -109.525 123.2 0
      vertex -109.168 123.618 0
    endloop
  endfacet
  facet normal 0 0 -1
    outer loop
      vertex -110.918 11.0037 0
      vertex -107.645 11.805 0
      vertex -110.411 10.7935 0
    endloop
  endfacet
  facet normal 0 0 -1
    outer loop
      vertex -107.645 121.545 0
      vertex -109.943 122.843 0
      vertex -109.525 123.2 0
    endloop
  endfacet
  facet normal 0 0 -1
    outer loop
      vertex -111.452 11.1319 0
      vertex -107.645 11.805 0
      vertex -110.918 11.0037 0
    endloop
  endfacet
  facet normal 0 0 -1
    outer loop
      vertex -107.645 121.545 0
      vertex -110.411 122.556 0
      vertex -109.943 122.843 0
    endloop
  endfacet
  facet normal 0 0 -1
    outer loop
      vertex -112 11.175 0
      vertex -107.645 11.805 0
      vertex -111.452 11.1319 0
    endloop
  endfacet
  facet normal 0 0 -1
    outer loop
      vertex -107.645 121.545 0
      vertex -110.918 122.346 0
      vertex -110.411 122.556 0
    endloop
  endfacet
  facet normal -0 0 -1
    outer loop
      vertex -107.645 11.805 0
      vertex -112 11.175 0
      vertex -120.252 48.3497 0
    endloop
  endfacet
  facet normal 0 0 -1
    outer loop
      vertex -107.645 121.545 0
      vertex -111.452 122.218 0
      vertex -110.918 122.346 0
    endloop
  endfacet
  facet normal 0 0 -1
    outer loop
      vertex -120.65 48.1846 0
      vertex -112 11.175 0
      vertex -112.548 11.1319 0
    endloop
  endfacet
  facet normal 0 0 -1
    outer loop
      vertex -107.645 121.545 0
      vertex -112 122.175 0
      vertex -111.452 122.218 0
    endloop
  endfacet
  facet normal 0 0 -1
    outer loop
      vertex -121.07 48.0839 0
      vertex -112.548 11.1319 0
      vertex -113.082 11.0037 0
    endloop
  endfacet
  facet normal 0 0 -1
    outer loop
      vertex -118.885 51.6498 0
      vertex -107.645 121.545 0
      vertex -118.784 51.2302 0
    endloop
  endfacet
  facet normal 0 0 -1
    outer loop
      vertex -121.5 48.05 0
      vertex -113.082 11.0037 0
      vertex -113.589 10.7935 0
    endloop
  endfacet
  facet normal 0 0 -1
    outer loop
      vertex -119.05 52.0485 0
      vertex -107.645 121.545 0
      vertex -118.885 51.6498 0
    endloop
  endfacet
  facet normal 0 0 -1
    outer loop
      vertex -121.93 48.0839 0
      vertex -113.589 10.7935 0
      vertex -114.057 10.5066 0
    endloop
  endfacet
  facet normal 0 0 -1
    outer loop
      vertex -119.275 52.4164 0
      vertex -107.645 121.545 0
      vertex -119.05 52.0485 0
    endloop
  endfacet
  facet normal 0 0 -1
    outer loop
      vertex -122.35 48.1846 0
      vertex -114.057 10.5066 0
      vertex -114.475 10.1499 0
    endloop
  endfacet
  facet normal 0 0 -1
    outer loop
      vertex -119.555 52.7445 0
      vertex -107.645 121.545 0
      vertex -119.275 52.4164 0
    endloop
  endfacet
  facet normal 0 0 -1
    outer loop
      vertex -122.748 48.3497 0
      vertex -114.475 10.1499 0
      vertex -114.832 9.73225 0
    endloop
  endfacet
  facet normal 0 0 -1
    outer loop
      vertex -119.884 53.0248 0
      vertex -107.645 121.545 0
      vertex -119.555 52.7445 0
    endloop
  endfacet
  facet normal 0 0 -1
    outer loop
      vertex -126.5 0 0
      vertex -114.832 9.73225 0
      vertex -115.119 9.26397 0
    endloop
  endfacet
  facet normal 0 0 -1
    outer loop
      vertex -120.252 53.2503 0
      vertex -107.645 121.545 0
      vertex -119.884 53.0248 0
    endloop
  endfacet
  facet normal 0 0 -1
    outer loop
      vertex -126.5 0 0
      vertex -115.119 9.26397 0
      vertex -115.329 8.75656 0
    endloop
  endfacet
  facet normal 0 0 -1
    outer loop
      vertex -114.475 123.2 0
      vertex -118.75 127 0
      vertex -114.832 123.618 0
    endloop
  endfacet
  facet normal 0 0 -1
    outer loop
      vertex -126.5 0 0
      vertex -115.329 8.75656 0
      vertex -115.457 8.22252 0
    endloop
  endfacet
  facet normal 0 0 -1
    outer loop
      vertex -114.832 123.618 0
      vertex -118.75 127 0
      vertex -115.119 124.086 0
    endloop
  endfacet
  facet normal 0 0 -1
    outer loop
      vertex -126.5 0 0
      vertex -115.457 8.22252 0
      vertex -115.5 7.675 0
    endloop
  endfacet
  facet normal 0 0 -1
    outer loop
      vertex -115.119 124.086 0
      vertex -118.75 127 0
      vertex -115.329 124.593 0
    endloop
  endfacet
  facet normal 0 0 -1
    outer loop
      vertex -34.6713 8.75656 0
      vertex -32.8 32.5 0
      vertex -34.5431 8.22252 0
    endloop
  endfacet
  facet normal 0 0 -1
    outer loop
      vertex -32.8 32.5 0
      vertex -34.5431 125.127 0
      vertex -34.5 125.675 0
    endloop
  endfacet
  facet normal 0 0 -1
    outer loop
      vertex -34.8815 9.26397 0
      vertex -32.8 32.5 0
      vertex -34.6713 8.75656 0
    endloop
  endfacet
  facet normal 0 0 -1
    outer loop
      vertex -32.8 32.5 0
      vertex -34.6713 124.593 0
      vertex -34.5431 125.127 0
    endloop
  endfacet
  facet normal 0 0 -1
    outer loop
      vertex -35.1684 9.73225 0
      vertex -32.8 32.5 0
      vertex -34.8815 9.26397 0
    endloop
  endfacet
  facet normal 0 0 -1
    outer loop
      vertex -32.8 32.5 0
      vertex -34.8815 124.086 0
      vertex -34.6713 124.593 0
    endloop
  endfacet
  facet normal 0 0 -1
    outer loop
      vertex -35.5251 10.1499 0
      vertex -32.8 32.5 0
      vertex -35.1684 9.73225 0
    endloop
  endfacet
  facet normal 0 0 -1
    outer loop
      vertex -32.8 32.5 0
      vertex -35.1684 123.618 0
      vertex -34.8815 124.086 0
    endloop
  endfacet
  facet normal 0 0 -1
    outer loop
      vertex -35.9427 10.5066 0
      vertex -32.8 32.5 0
      vertex -35.5251 10.1499 0
    endloop
  endfacet
  facet normal 0 0 -1
    outer loop
      vertex -32.8 32.5 0
      vertex -35.5251 123.2 0
      vertex -35.1684 123.618 0
    endloop
  endfacet
  facet normal 0 0 -1
    outer loop
      vertex -36.411 10.7935 0
      vertex -32.8 32.5 0
      vertex -35.9427 10.5066 0
    endloop
  endfacet
  facet normal 0 0 -1
    outer loop
      vertex -32.8 32.5 0
      vertex -35.9427 122.843 0
      vertex -35.5251 123.2 0
    endloop
  endfacet
  facet normal 0 0 -1
    outer loop
      vertex -36.9184 11.0037 0
      vertex -32.8 32.5 0
      vertex -36.411 10.7935 0
    endloop
  endfacet
  facet normal 0 0 -1
    outer loop
      vertex -32.8 32.5 0
      vertex -36.411 122.556 0
      vertex -35.9427 122.843 0
    endloop
  endfacet
  facet normal 0 0 -1
    outer loop
      vertex -37.4525 11.1319 0
      vertex -32.8 32.5 0
      vertex -36.9184 11.0037 0
    endloop
  endfacet
  facet normal 0 0 -1
    outer loop
      vertex -32.8 32.5 0
      vertex -36.9184 122.346 0
      vertex -36.411 122.556 0
    endloop
  endfacet
  facet normal 0 0 -1
    outer loop
      vertex -38 11.175 0
      vertex -32.8 32.5 0
      vertex -37.4525 11.1319 0
    endloop
  endfacet
  facet normal 0 0 -1
    outer loop
      vertex -32.8 32.5 0
      vertex -37.4525 122.218 0
      vertex -36.9184 122.346 0
    endloop
  endfacet
  facet normal 0 0 -1
    outer loop
      vertex -32.8 32.5 0
      vertex -38 11.175 0
      vertex -42.355 11.805 0
    endloop
  endfacet
  facet normal 0 0 -1
    outer loop
      vertex -42.355 121.545 0
      vertex -32.8 32.5 0
      vertex -42.355 11.805 0
    endloop
  endfacet
  facet normal 0 0 -1
    outer loop
      vertex -42.355 11.805 0
      vertex -38 11.175 0
      vertex -38.5475 11.1319 0
    endloop
  endfacet
  facet normal 0 0 -1
    outer loop
      vertex -32.8 32.5 0
      vertex -42.355 121.545 0
      vertex -37.4525 122.218 0
    endloop
  endfacet
  facet normal 0 0 -1
    outer loop
      vertex -42.355 11.805 0
      vertex -38.5475 11.1319 0
      vertex -39.0816 11.0037 0
    endloop
  endfacet
  facet normal 0 0 -1
    outer loop
      vertex -37.4525 122.218 0
      vertex -42.355 121.545 0
      vertex -38 122.175 0
    endloop
  endfacet
  facet normal 0 0 -1
    outer loop
      vertex -42.355 11.805 0
      vertex -39.0816 11.0037 0
      vertex -39.589 10.7935 0
    endloop
  endfacet
  facet normal -0 0 -1
    outer loop
      vertex -38 122.175 0
      vertex -42.355 121.545 0
      vertex -38.5475 122.218 0
    endloop
  endfacet
  facet normal 0 0 -1
    outer loop
      vertex -42.355 11.805 0
      vertex -39.589 10.7935 0
      vertex -40.0572 10.5066 0
    endloop
  endfacet
  facet normal -0 0 -1
    outer loop
      vertex -38.5475 122.218 0
      vertex -42.355 121.545 0
      vertex -39.0816 122.346 0
    endloop
  endfacet
  facet normal 0 0 -1
    outer loop
      vertex -42.355 11.805 0
      vertex -40.0572 10.5066 0
      vertex -40.4749 10.1499 0
    endloop
  endfacet
  facet normal -0 0 -1
    outer loop
      vertex -39.0816 122.346 0
      vertex -42.355 121.545 0
      vertex -39.589 122.556 0
    endloop
  endfacet
  facet normal 0 0 -1
    outer loop
      vertex -42.355 11.805 0
      vertex -40.4749 10.1499 0
      vertex -40.8316 9.73225 0
    endloop
  endfacet
  facet normal -0 0 -1
    outer loop
      vertex -39.589 122.556 0
      vertex -42.355 121.545 0
      vertex -40.0572 122.843 0
    endloop
  endfacet
  facet normal 0 0 -1
    outer loop
      vertex -42.355 11.805 0
      vertex -40.8316 9.73225 0
      vertex -41.1185 9.26397 0
    endloop
  endfacet
  facet normal -0 0 -1
    outer loop
      vertex -40.0572 122.843 0
      vertex -42.355 121.545 0
      vertex -40.4749 123.2 0
    endloop
  endfacet
  facet normal 0 0 -1
    outer loop
      vertex -42.355 11.805 0
      vertex -41.1185 9.26397 0
      vertex -41.3287 8.75656 0
    endloop
  endfacet
  facet normal -0 0 -1
    outer loop
      vertex -40.4749 123.2 0
      vertex -42.355 121.545 0
      vertex -40.8316 123.618 0
    endloop
  endfacet
  facet normal 0 0 -1
    outer loop
      vertex -42.355 11.805 0
      vertex -41.3287 8.75656 0
      vertex -41.4569 8.22252 0
    endloop
  endfacet
  facet normal -0 0 -1
    outer loop
      vertex -40.8316 123.618 0
      vertex -42.355 121.545 0
      vertex -41.1185 124.086 0
    endloop
  endfacet
  facet normal 0 0 -1
    outer loop
      vertex -42.355 11.805 0
      vertex -41.4569 8.22252 0
      vertex -41.5 7.675 0
    endloop
  endfacet
  facet normal -0 0 -1
    outer loop
      vertex -41.1185 124.086 0
      vertex -42.355 121.545 0
      vertex -41.3287 124.593 0
    endloop
  endfacet
  facet normal 0 0 -1
    outer loop
      vertex 73.9656 100.622 0
      vertex 75.808 105.608 0
      vertex 74.0286 100.469 0
    endloop
  endfacet
  facet normal 0 0 -1
    outer loop
      vertex 75.808 111.192 0
      vertex 74.0671 116.491 0
      vertex 74.08 116.655 0
    endloop
  endfacet
  facet normal 0 0 -1
    outer loop
      vertex 73.8795 100.762 0
      vertex 75.808 105.608 0
      vertex 73.9656 100.622 0
    endloop
  endfacet
  facet normal 0 0 -1
    outer loop
      vertex 75.808 111.192 0
      vertex 74.0286 116.331 0
      vertex 74.0671 116.491 0
    endloop
  endfacet
  facet normal 0 0 -1
    outer loop
      vertex 73.7725 100.887 0
      vertex 75.808 105.608 0
      vertex 73.8795 100.762 0
    endloop
  endfacet
  facet normal 0 0 -1
    outer loop
      vertex 75.808 111.192 0
      vertex 73.9656 116.178 0
      vertex 74.0286 116.331 0
    endloop
  endfacet
  facet normal 0 0 -1
    outer loop
      vertex 73.6472 100.994 0
      vertex 75.808 105.608 0
      vertex 73.7725 100.887 0
    endloop
  endfacet
  facet normal 0 0 -1
    outer loop
      vertex 75.808 111.192 0
      vertex 73.8795 116.038 0
      vertex 73.9656 116.178 0
    endloop
  endfacet
  facet normal 0 0 -1
    outer loop
      vertex 73.5067 101.081 0
      vertex 75.808 105.608 0
      vertex 73.6472 100.994 0
    endloop
  endfacet
  facet normal 0 0 -1
    outer loop
      vertex 75.808 111.192 0
      vertex 73.7725 115.913 0
      vertex 73.8795 116.038 0
    endloop
  endfacet
  facet normal 0 0 -1
    outer loop
      vertex 73.3545 101.144 0
      vertex 75.808 105.608 0
      vertex 73.5067 101.081 0
    endloop
  endfacet
  facet normal 0 0 -1
    outer loop
      vertex 75.808 111.192 0
      vertex 73.6472 115.806 0
      vertex 73.7725 115.913 0
    endloop
  endfacet
  facet normal 0 0 -1
    outer loop
      vertex 73.1943 101.182 0
      vertex 75.808 105.608 0
      vertex 73.3545 101.144 0
    endloop
  endfacet
  facet normal 0 0 -1
    outer loop
      vertex 75.808 111.192 0
      vertex 73.5067 115.719 0
      vertex 73.6472 115.806 0
    endloop
  endfacet
  facet normal 0 0 -1
    outer loop
      vertex 73.03 101.195 0
      vertex 75.808 105.608 0
      vertex 73.1943 101.182 0
    endloop
  endfacet
  facet normal 0 0 -1
    outer loop
      vertex 75.808 111.192 0
      vertex 73.3545 115.656 0
      vertex 73.5067 115.719 0
    endloop
  endfacet
  facet normal 0 0 -1
    outer loop
      vertex 72.8657 101.182 0
      vertex 75.808 105.608 0
      vertex 73.03 101.195 0
    endloop
  endfacet
  facet normal 0 0 -1
    outer loop
      vertex 75.808 111.192 0
      vertex 73.1943 115.618 0
      vertex 73.3545 115.656 0
    endloop
  endfacet
  facet normal 0 0 -1
    outer loop
      vertex 72.7055 101.144 0
      vertex 75.808 105.608 0
      vertex 72.8657 101.182 0
    endloop
  endfacet
  facet normal 0 0 -1
    outer loop
      vertex 75.808 111.192 0
      vertex 73.03 115.605 0
      vertex 73.1943 115.618 0
    endloop
  endfacet
  facet normal 0 0 -1
    outer loop
      vertex 72.5533 101.081 0
      vertex 75.808 105.608 0
      vertex 72.7055 101.144 0
    endloop
  endfacet
  facet normal 0 0 -1
    outer loop
      vertex 75.808 111.192 0
      vertex 72.8657 115.618 0
      vertex 73.03 115.605 0
    endloop
  endfacet
  facet normal 0 0 -1
    outer loop
      vertex 72.4128 100.994 0
      vertex 75.808 105.608 0
      vertex 72.5533 101.081 0
    endloop
  endfacet
  facet normal 0 0 -1
    outer loop
      vertex 75.808 111.192 0
      vertex 72.7055 115.656 0
      vertex 72.8657 115.618 0
    endloop
  endfacet
  facet normal -0 0 -1
    outer loop
      vertex 75.808 105.608 0
      vertex 72.4128 100.994 0
      vertex 75.808 111.192 0
    endloop
  endfacet
  facet normal 0 0 -1
    outer loop
      vertex 75.808 111.192 0
      vertex 72.5533 115.719 0
      vertex 72.7055 115.656 0
    endloop
  endfacet
  facet normal 0 0 -1
    outer loop
      vertex 72.4128 115.806 0
      vertex 75.808 111.192 0
      vertex 72.4128 100.994 0
    endloop
  endfacet
  facet normal 0 0 -1
    outer loop
      vertex 75.808 111.192 0
      vertex 72.4128 115.806 0
      vertex 72.5533 115.719 0
    endloop
  endfacet
  facet normal 0 0 -1
    outer loop
      vertex 72.2875 100.887 0
      vertex 72.4128 115.806 0
      vertex 72.4128 100.994 0
    endloop
  endfacet
  facet normal 0 0 -1
    outer loop
      vertex 72.2875 100.887 0
      vertex 72.2875 115.913 0
      vertex 72.4128 115.806 0
    endloop
  endfacet
  facet normal 0 0 -1
    outer loop
      vertex 72.1805 100.762 0
      vertex 72.2875 115.913 0
      vertex 72.2875 100.887 0
    endloop
  endfacet
  facet normal 0 0 -1
    outer loop
      vertex 72.1805 100.762 0
      vertex 72.1805 116.038 0
      vertex 72.2875 115.913 0
    endloop
  endfacet
  facet normal 0 0 -1
    outer loop
      vertex 56.8 122.1 0
      vertex 72.1805 100.762 0
      vertex 72.0944 100.622 0
    endloop
  endfacet
  facet normal 0 0 -1
    outer loop
      vertex 72.1805 100.762 0
      vertex 56.8 122.1 0
      vertex 72.1805 116.038 0
    endloop
  endfacet
  facet normal 0 0 -1
    outer loop
      vertex 56.8 122.1 0
      vertex 72.0944 100.622 0
      vertex 72.0314 100.469 0
    endloop
  endfacet
  facet normal 0 0 -1
    outer loop
      vertex 72.1805 116.038 0
      vertex 56.8 122.1 0
      vertex 72.0944 116.178 0
    endloop
  endfacet
  facet normal 0 0 -1
    outer loop
      vertex 56.8 122.1 0
      vertex 72.0314 100.469 0
      vertex 71.9929 100.309 0
    endloop
  endfacet
  facet normal 0 0 -1
    outer loop
      vertex 72.0944 116.178 0
      vertex 56.8 122.1 0
      vertex 72.0314 116.331 0
    endloop
  endfacet
  facet normal 0 0 -1
    outer loop
      vertex 56.8 122.1 0
      vertex 71.9929 100.309 0
      vertex 71.98 100.145 0
    endloop
  endfacet
  facet normal 0 0 -1
    outer loop
      vertex 72.0314 116.331 0
      vertex 56.8 122.1 0
      vertex 71.9929 116.491 0
    endloop
  endfacet
  facet normal 0 0 -1
    outer loop
      vertex 84.5031 91.3005 0
      vertex 81.7081 93.4307 0
      vertex 81.745 93.9 0
    endloop
  endfacet
  facet normal 0 0 -1
    outer loop
      vertex 82.0995 88.8969 0
      vertex 81.5982 92.9729 0
      vertex 81.7081 93.4307 0
    endloop
  endfacet
  facet normal 0 0 -1
    outer loop
      vertex 78.745 90.9 0
      vertex 81.7692 88.0996 0
      vertex 81.5677 87.2604 0
    endloop
  endfacet
  facet normal 0 0 -1
    outer loop
      vertex 78.2757 90.9369 0
      vertex 81.5677 87.2604 0
      vertex 81.5 86.4 0
    endloop
  endfacet
  facet normal 0 0 -1
    outer loop
      vertex 82.0995 88.8969 0
      vertex 81.418 92.538 0
      vertex 81.5982 92.9729 0
    endloop
  endfacet
  facet normal 0 0 -1
    outer loop
      vertex 79.6721 26.7532 0
      vertex 82.0995 28.9031 0
      vertex 80.107 26.573 0
    endloop
  endfacet
  facet normal -0 0 -1
    outer loop
      vertex 82.0995 28.9031 0
      vertex 79.6721 26.7532 0
      vertex 81.7692 29.7004 0
    endloop
  endfacet
  facet normal 0 0 -1
    outer loop
      vertex 82.0995 88.8969 0
      vertex 81.1721 92.1366 0
      vertex 81.418 92.538 0
    endloop
  endfacet
  facet normal 0 0 -1
    outer loop
      vertex 79.2143 26.8631 0
      vertex 81.7692 29.7004 0
      vertex 79.6721 26.7532 0
    endloop
  endfacet
  facet normal 0 0 -1
    outer loop
      vertex 82.0995 88.8969 0
      vertex 80.8663 91.7787 0
      vertex 81.1721 92.1366 0
    endloop
  endfacet
  facet normal 0 0 -1
    outer loop
      vertex 78.745 26.9 0
      vertex 81.7692 29.7004 0
      vertex 79.2143 26.8631 0
    endloop
  endfacet
  facet normal 0 0 -1
    outer loop
      vertex 82.0995 88.8969 0
      vertex 80.5084 91.4729 0
      vertex 80.8663 91.7787 0
    endloop
  endfacet
  facet normal -0 0 -1
    outer loop
      vertex 81.7692 29.7004 0
      vertex 78.745 26.9 0
      vertex 81.5677 30.5396 0
    endloop
  endfacet
  facet normal 0 0 -1
    outer loop
      vertex 82.0995 88.8969 0
      vertex 80.107 91.227 0
      vertex 80.5084 91.4729 0
    endloop
  endfacet
  facet normal 0 0 -1
    outer loop
      vertex 78.2757 26.8631 0
      vertex 81.5677 30.5396 0
      vertex 78.745 26.9 0
    endloop
  endfacet
  facet normal 0 0 -1
    outer loop
      vertex 82.0995 88.8969 0
      vertex 79.6721 91.0468 0
      vertex 80.107 91.227 0
    endloop
  endfacet
  facet normal -0 0 -1
    outer loop
      vertex 81.5677 30.5396 0
      vertex 78.2757 26.8631 0
      vertex 81.5 31.4 0
    endloop
  endfacet
  facet normal 0 0 -1
    outer loop
      vertex 81.7692 88.0996 0
      vertex 79.2143 90.9369 0
      vertex 79.6721 91.0468 0
    endloop
  endfacet
  facet normal 0 0 -1
    outer loop
      vertex 77.8179 26.7532 0
      vertex 81.5 31.4 0
      vertex 78.2757 26.8631 0
    endloop
  endfacet
  facet normal 0 0 -1
    outer loop
      vertex 81.7692 88.0996 0
      vertex 78.745 90.9 0
      vertex 79.2143 90.9369 0
    endloop
  endfacet
  facet normal 0 0 -1
    outer loop
      vertex 81.5 31.4 0
      vertex 56.8 32.5 0
      vertex 81.5 86.4 0
    endloop
  endfacet
  facet normal 0 0 -1
    outer loop
      vertex 81.5677 87.2604 0
      vertex 78.2757 90.9369 0
      vertex 78.745 90.9 0
    endloop
  endfacet
  facet normal 0 0 -1
    outer loop
      vertex 77.383 26.573 0
      vertex 81.5 31.4 0
      vertex 77.8179 26.7532 0
    endloop
  endfacet
  facet normal 0 -0 -1
    outer loop
      vertex 76.6237 91.7787 0
      vertex 81.5 86.4 0
      vertex 56.8 32.5 0
    endloop
  endfacet
  facet normal 0 0 -1
    outer loop
      vertex 76.9816 26.327 0
      vertex 81.5 31.4 0
      vertex 77.383 26.573 0
    endloop
  endfacet
  facet normal 0 0 -1
    outer loop
      vertex 81.5 86.4 0
      vertex 77.8179 91.0468 0
      vertex 78.2757 90.9369 0
    endloop
  endfacet
  facet normal -0 0 -1
    outer loop
      vertex 81.5 31.4 0
      vertex 76.9816 26.327 0
      vertex 56.8 32.5 0
    endloop
  endfacet
  facet normal 0 0 -1
    outer loop
      vertex 81.5 86.4 0
      vertex 77.383 91.227 0
      vertex 77.8179 91.0468 0
    endloop
  endfacet
  facet normal 0 0 -1
    outer loop
      vertex 56.8 32.5 0
      vertex 76.9816 26.327 0
      vertex 76.6237 26.0213 0
    endloop
  endfacet
  facet normal 0 0 -1
    outer loop
      vertex 81.5 86.4 0
      vertex 76.9816 91.4729 0
      vertex 77.383 91.227 0
    endloop
  endfacet
  facet normal 0 0 -1
    outer loop
      vertex 56.8 32.5 0
      vertex 76.6237 26.0213 0
      vertex 76.3179 25.6634 0
    endloop
  endfacet
  facet normal 0 0 -1
    outer loop
      vertex 81.5 86.4 0
      vertex 76.6237 91.7787 0
      vertex 76.9816 91.4729 0
    endloop
  endfacet
  facet normal 0 0 -1
    outer loop
      vertex 56.8 32.5 0
      vertex 76.3179 25.6634 0
      vertex 76.072 25.262 0
    endloop
  endfacet
  facet normal -0 0 -1
    outer loop
      vertex 76.6237 91.7787 0
      vertex 56.8 32.5 0
      vertex 76.3179 92.1366 0
    endloop
  endfacet
  facet normal 0 0 -1
    outer loop
      vertex 56.8 32.5 0
      vertex 76.072 25.262 0
      vertex 75.8918 24.827 0
    endloop
  endfacet
  facet normal -0 0 -1
    outer loop
      vertex 76.3179 92.1366 0
      vertex 56.8 32.5 0
      vertex 76.072 92.538 0
    endloop
  endfacet
  facet normal 0 0 -1
    outer loop
      vertex 56.8 32.5 0
      vertex 75.8918 24.827 0
      vertex 75.7819 24.3693 0
    endloop
  endfacet
  facet normal 0 -0 -1
    outer loop
      vertex 72.1805 99.5278 0
      vertex 76.072 92.538 0
      vertex 56.8 32.5 0
    endloop
  endfacet
  facet normal 0 0 -1
    outer loop
      vertex 56.8 32.5 0
      vertex 75.7819 24.3693 0
      vertex 75.745 23.9 0
    endloop
  endfacet
  facet normal 0 0 -1
    outer loop
      vertex 76.072 92.538 0
      vertex 72.1805 99.5278 0
      vertex 75.8918 92.9729 0
    endloop
  endfacet
  facet normal 0 0 -1
    outer loop
      vertex 81.1721 25.6634 0
      vertex 83.1109 27.5109 0
      vertex 81.418 25.262 0
    endloop
  endfacet
  facet normal 0 0 -1
    outer loop
      vertex 80.8663 26.0213 0
      vertex 83.1109 27.5109 0
      vertex 81.1721 25.6634 0
    endloop
  endfacet
  facet normal -0 0 -1
    outer loop
      vertex 83.1109 27.5109 0
      vertex 80.8663 26.0213 0
      vertex 82.5504 28.1672 0
    endloop
  endfacet
  facet normal 0 0 -1
    outer loop
      vertex 80.5084 26.327 0
      vertex 82.5504 28.1672 0
      vertex 80.8663 26.0213 0
    endloop
  endfacet
  facet normal -0 0 -1
    outer loop
      vertex 82.5504 28.1672 0
      vertex 80.107 26.573 0
      vertex 82.0995 28.9031 0
    endloop
  endfacet
  facet normal 0 0 -1
    outer loop
      vertex 80.107 26.573 0
      vertex 82.5504 28.1672 0
      vertex 80.5084 26.327 0
    endloop
  endfacet
  facet normal -0 0 -1
    outer loop
      vertex 100.121 99.5278 0
      vertex 97.0184 96.327 0
      vertex 100.034 99.6683 0
    endloop
  endfacet
  facet normal 0 0 -1
    outer loop
      vertex 96.617 96.573 0
      vertex 100.034 99.6683 0
      vertex 97.0184 96.327 0
    endloop
  endfacet
  facet normal -0 0 -1
    outer loop
      vertex 100.034 99.6683 0
      vertex 96.617 96.573 0
      vertex 99.9714 99.8205 0
    endloop
  endfacet
  facet normal 0 0 -1
    outer loop
      vertex 96.1821 96.7532 0
      vertex 99.9714 99.8205 0
      vertex 96.617 96.573 0
    endloop
  endfacet
  facet normal -0 0 -1
    outer loop
      vertex 99.9714 99.8205 0
      vertex 96.1821 96.7532 0
      vertex 99.9329 99.9807 0
    endloop
  endfacet
  facet normal -0 0 -1
    outer loop
      vertex 99.9329 99.9807 0
      vertex 96.1821 96.7532 0
      vertex 99.92 100.145 0
    endloop
  endfacet
  facet normal 0 0 -1
    outer loop
      vertex 95.7243 96.8631 0
      vertex 99.92 100.145 0
      vertex 96.1821 96.7532 0
    endloop
  endfacet
  facet normal 0 0 -1
    outer loop
      vertex 95.255 96.9 0
      vertex 99.92 100.145 0
      vertex 95.7243 96.8631 0
    endloop
  endfacet
  facet normal -0 0 -1
    outer loop
      vertex 99.92 100.145 0
      vertex 95.255 96.9 0
      vertex 98.192 105.608 0
    endloop
  endfacet
  facet normal 0 0 -1
    outer loop
      vertex 94.7857 96.8631 0
      vertex 98.192 105.608 0
      vertex 95.255 96.9 0
    endloop
  endfacet
  facet normal 0 0 -1
    outer loop
      vertex 94.3279 96.7532 0
      vertex 98.192 105.608 0
      vertex 94.7857 96.8631 0
    endloop
  endfacet
  facet normal 0 0 -1
    outer loop
      vertex 93.893 96.573 0
      vertex 98.192 105.608 0
      vertex 94.3279 96.7532 0
    endloop
  endfacet
  facet normal 0 0 -1
    outer loop
      vertex 93.4916 96.327 0
      vertex 98.192 105.608 0
      vertex 93.893 96.573 0
    endloop
  endfacet
  facet normal 0 0 -1
    outer loop
      vertex 80.5084 96.327 0
      vertex 93.4916 96.327 0
      vertex 93.1337 96.0213 0
    endloop
  endfacet
  facet normal 0 0 -1
    outer loop
      vertex 80.8663 96.0213 0
      vertex 93.1337 96.0213 0
      vertex 92.8279 95.6634 0
    endloop
  endfacet
  facet normal 0 0 -1
    outer loop
      vertex 81.1721 95.6634 0
      vertex 92.8279 95.6634 0
      vertex 92.582 95.262 0
    endloop
  endfacet
  facet normal 0 0 -1
    outer loop
      vertex 90.2328 90.8496 0
      vertex 92.582 92.538 0
      vertex 90.8891 90.2891 0
    endloop
  endfacet
  facet normal -0 0 -1
    outer loop
      vertex 92.582 92.538 0
      vertex 90.2328 90.8496 0
      vertex 92.4018 92.9729 0
    endloop
  endfacet
  facet normal 0 0 -1
    outer loop
      vertex 89.4969 91.3005 0
      vertex 92.4018 92.9729 0
      vertex 90.2328 90.8496 0
    endloop
  endfacet
  facet normal -0 0 -1
    outer loop
      vertex 92.4018 92.9729 0
      vertex 89.4969 91.3005 0
      vertex 92.2919 93.4307 0
    endloop
  endfacet
  facet normal -0 0 -1
    outer loop
      vertex 92.2919 93.4307 0
      vertex 89.4969 91.3005 0
      vertex 92.255 93.9 0
    endloop
  endfacet
  facet normal 0 0 -1
    outer loop
      vertex 88.6996 91.6308 0
      vertex 92.255 93.9 0
      vertex 89.4969 91.3005 0
    endloop
  endfacet
  facet normal -0 0 -1
    outer loop
      vertex 92.255 93.9 0
      vertex 88.6996 91.6308 0
      vertex 92.2919 94.3693 0
    endloop
  endfacet
  facet normal 0 0 -1
    outer loop
      vertex 87.8604 91.8323 0
      vertex 92.2919 94.3693 0
      vertex 88.6996 91.6308 0
    endloop
  endfacet
  facet normal -0 0 -1
    outer loop
      vertex 92.2919 94.3693 0
      vertex 87.8604 91.8323 0
      vertex 92.4018 94.827 0
    endloop
  endfacet
  facet normal 0 0 -1
    outer loop
      vertex 87 91.9 0
      vertex 92.4018 94.827 0
      vertex 87.8604 91.8323 0
    endloop
  endfacet
  facet normal -0 0 -1
    outer loop
      vertex 92.4018 94.827 0
      vertex 87 91.9 0
      vertex 92.582 95.262 0
    endloop
  endfacet
  facet normal 0 0 -1
    outer loop
      vertex 81.418 95.262 0
      vertex 92.582 95.262 0
      vertex 87 91.9 0
    endloop
  endfacet
  facet normal 0 0 -1
    outer loop
      vertex 81.5982 94.827 0
      vertex 87 91.9 0
      vertex 86.1396 91.8323 0
    endloop
  endfacet
  facet normal 0 0 -1
    outer loop
      vertex 81.7081 94.3693 0
      vertex 86.1396 91.8323 0
      vertex 85.3004 91.6308 0
    endloop
  endfacet
  facet normal 0 0 -1
    outer loop
      vertex 81.745 93.9 0
      vertex 85.3004 91.6308 0
      vertex 84.5031 91.3005 0
    endloop
  endfacet
  facet normal 0 0 -1
    outer loop
      vertex 81.7081 93.4307 0
      vertex 84.5031 91.3005 0
      vertex 83.7672 90.8496 0
    endloop
  endfacet
  facet normal 0 0 -1
    outer loop
      vertex 81.7081 93.4307 0
      vertex 83.7672 90.8496 0
      vertex 83.1109 90.2891 0
    endloop
  endfacet
  facet normal 0 0 -1
    outer loop
      vertex 79.6721 91.0468 0
      vertex 82.0995 88.8969 0
      vertex 81.7692 88.0996 0
    endloop
  endfacet
  facet normal 0 0 -1
    outer loop
      vertex 81.7081 93.4307 0
      vertex 82.5504 89.6328 0
      vertex 82.0995 88.8969 0
    endloop
  endfacet
  facet normal 0 0 -1
    outer loop
      vertex 81.7081 93.4307 0
      vertex 83.1109 90.2891 0
      vertex 82.5504 89.6328 0
    endloop
  endfacet
  facet normal 0 0 -1
    outer loop
      vertex 85.3004 91.6308 0
      vertex 81.745 93.9 0
      vertex 81.7081 94.3693 0
    endloop
  endfacet
  facet normal 0 0 -1
    outer loop
      vertex 86.1396 91.8323 0
      vertex 81.7081 94.3693 0
      vertex 81.5982 94.827 0
    endloop
  endfacet
  facet normal 0 0 -1
    outer loop
      vertex 87 91.9 0
      vertex 81.5982 94.827 0
      vertex 81.418 95.262 0
    endloop
  endfacet
  facet normal 0 0 -1
    outer loop
      vertex 92.582 95.262 0
      vertex 81.418 95.262 0
      vertex 81.1721 95.6634 0
    endloop
  endfacet
  facet normal 0 0 -1
    outer loop
      vertex 92.8279 95.6634 0
      vertex 81.1721 95.6634 0
      vertex 80.8663 96.0213 0
    endloop
  endfacet
  facet normal 0 0 -1
    outer loop
      vertex 93.1337 96.0213 0
      vertex 80.8663 96.0213 0
      vertex 80.5084 96.327 0
    endloop
  endfacet
  facet normal 0 0 -1
    outer loop
      vertex 93.4916 96.327 0
      vertex 80.5084 96.327 0
      vertex 98.192 105.608 0
    endloop
  endfacet
  facet normal 0 0 -1
    outer loop
      vertex 75.808 105.608 0
      vertex 80.5084 96.327 0
      vertex 80.107 96.573 0
    endloop
  endfacet
  facet normal 0 0 -1
    outer loop
      vertex 75.808 105.608 0
      vertex 80.107 96.573 0
      vertex 79.6721 96.7532 0
    endloop
  endfacet
  facet normal 0 0 -1
    outer loop
      vertex 75.808 105.608 0
      vertex 79.6721 96.7532 0
      vertex 79.2143 96.8631 0
    endloop
  endfacet
  facet normal 0 0 -1
    outer loop
      vertex 75.808 105.608 0
      vertex 79.2143 96.8631 0
      vertex 78.745 96.9 0
    endloop
  endfacet
  facet normal 0 0 -1
    outer loop
      vertex 74.0671 100.309 0
      vertex 78.2757 96.8631 0
      vertex 74.08 100.145 0
    endloop
  endfacet
  facet normal 0 0 -1
    outer loop
      vertex 74.08 100.145 0
      vertex 78.2757 96.8631 0
      vertex 77.8179 96.7532 0
    endloop
  endfacet
  facet normal 0 0 -1
    outer loop
      vertex 74.08 100.145 0
      vertex 77.8179 96.7532 0
      vertex 77.383 96.573 0
    endloop
  endfacet
  facet normal 0 0 -1
    outer loop
      vertex 80.5084 96.327 0
      vertex 75.808 105.608 0
      vertex 98.192 105.608 0
    endloop
  endfacet
  facet normal 0 0 -1
    outer loop
      vertex 74.08 100.145 0
      vertex 77.383 96.573 0
      vertex 76.9816 96.327 0
    endloop
  endfacet
  facet normal 0 0 -1
    outer loop
      vertex 74.08 100.145 0
      vertex 76.9816 96.327 0
      vertex 76.6237 96.0213 0
    endloop
  endfacet
  facet normal 0 0 -1
    outer loop
      vertex 74.08 100.145 0
      vertex 76.6237 96.0213 0
      vertex 76.3179 95.6634 0
    endloop
  endfacet
  facet normal 0 0 -1
    outer loop
      vertex 74.08 100.145 0
      vertex 76.3179 95.6634 0
      vertex 76.072 95.262 0
    endloop
  endfacet
  facet normal 0 0 -1
    outer loop
      vertex 74.08 100.145 0
      vertex 76.072 95.262 0
      vertex 75.8918 94.827 0
    endloop
  endfacet
  facet normal 0 0 -1
    outer loop
      vertex 78.2757 96.8631 0
      vertex 74.0671 100.309 0
      vertex 78.745 96.9 0
    endloop
  endfacet
  facet normal 0 0 -1
    outer loop
      vertex 74.08 100.145 0
      vertex 75.8918 94.827 0
      vertex 75.7819 94.3693 0
    endloop
  endfacet
  facet normal 0 0 -1
    outer loop
      vertex 92.5 31.4 0
      vertex 119.275 49.1836 0
      vertex 97.0184 26.327 0
    endloop
  endfacet
  facet normal 0 0 -1
    outer loop
      vertex 118.784 51.2302 0
      vertex 98.2181 93.4307 0
      vertex 98.255 93.9 0
    endloop
  endfacet
  facet normal -0 0 -1
    outer loop
      vertex 119.275 49.1836 0
      vertex 92.5 31.4 0
      vertex 119.05 49.5515 0
    endloop
  endfacet
  facet normal 0 0 -1
    outer loop
      vertex 118.784 51.2302 0
      vertex 98.1082 92.9729 0
      vertex 98.2181 93.4307 0
    endloop
  endfacet
  facet normal -0 0 -1
    outer loop
      vertex 119.05 49.5515 0
      vertex 92.5 31.4 0
      vertex 118.885 49.9502 0
    endloop
  endfacet
  facet normal 0 0 -1
    outer loop
      vertex 118.784 51.2302 0
      vertex 97.928 92.538 0
      vertex 98.1082 92.9729 0
    endloop
  endfacet
  facet normal -0 0 -1
    outer loop
      vertex 118.885 49.9502 0
      vertex 92.5 31.4 0
      vertex 118.784 50.3698 0
    endloop
  endfacet
  facet normal 0 0 -1
    outer loop
      vertex 118.784 51.2302 0
      vertex 97.6821 92.1366 0
      vertex 97.928 92.538 0
    endloop
  endfacet
  facet normal -0 0 -1
    outer loop
      vertex 118.784 50.3698 0
      vertex 92.5 31.4 0
      vertex 118.75 50.8 0
    endloop
  endfacet
  facet normal 0 0 -1
    outer loop
      vertex 118.784 51.2302 0
      vertex 97.3763 91.7787 0
      vertex 97.6821 92.1366 0
    endloop
  endfacet
  facet normal -0 0 -1
    outer loop
      vertex 118.75 50.8 0
      vertex 92.5 31.4 0
      vertex 118.784 51.2302 0
    endloop
  endfacet
  facet normal 0 0 -1
    outer loop
      vertex 92.5 86.4 0
      vertex 118.784 51.2302 0
      vertex 92.5 31.4 0
    endloop
  endfacet
  facet normal 0 0 -1
    outer loop
      vertex 92.5 31.4 0
      vertex 97.0184 26.327 0
      vertex 96.617 26.573 0
    endloop
  endfacet
  facet normal 0 -0 -1
    outer loop
      vertex 97.0184 91.4729 0
      vertex 118.784 51.2302 0
      vertex 92.5 86.4 0
    endloop
  endfacet
  facet normal 0 0 -1
    outer loop
      vertex 92.5 31.4 0
      vertex 96.617 26.573 0
      vertex 96.1821 26.7532 0
    endloop
  endfacet
  facet normal 0 0 -1
    outer loop
      vertex 118.784 51.2302 0
      vertex 97.0184 91.4729 0
      vertex 97.3763 91.7787 0
    endloop
  endfacet
  facet normal 0 0 -1
    outer loop
      vertex 92.5 31.4 0
      vertex 96.1821 26.7532 0
      vertex 95.7243 26.8631 0
    endloop
  endfacet
  facet normal 0 0 -1
    outer loop
      vertex 97.0184 91.4729 0
      vertex 92.5 86.4 0
      vertex 96.617 91.227 0
    endloop
  endfacet
  facet normal 0 0 -1
    outer loop
      vertex 92.4323 30.5396 0
      vertex 95.7243 26.8631 0
      vertex 95.255 26.9 0
    endloop
  endfacet
  facet normal 0 0 -1
    outer loop
      vertex 96.617 91.227 0
      vertex 92.5 86.4 0
      vertex 96.1821 91.0468 0
    endloop
  endfacet
  facet normal 0 0 -1
    outer loop
      vertex 92.2308 29.7004 0
      vertex 95.255 26.9 0
      vertex 94.7857 26.8631 0
    endloop
  endfacet
  facet normal 0 0 -1
    outer loop
      vertex 96.1821 91.0468 0
      vertex 92.5 86.4 0
      vertex 95.7243 90.9369 0
    endloop
  endfacet
  facet normal 0 0 -1
    outer loop
      vertex 92.2308 29.7004 0
      vertex 94.7857 26.8631 0
      vertex 94.3279 26.7532 0
    endloop
  endfacet
  facet normal 0 0 -1
    outer loop
      vertex 92.4323 87.2604 0
      vertex 95.7243 90.9369 0
      vertex 92.5 86.4 0
    endloop
  endfacet
  facet normal 0 0 -1
    outer loop
      vertex 91.9005 28.9031 0
      vertex 94.3279 26.7532 0
      vertex 93.893 26.573 0
    endloop
  endfacet
  facet normal 0 0 -1
    outer loop
      vertex 95.7243 90.9369 0
      vertex 92.4323 87.2604 0
      vertex 95.255 90.9 0
    endloop
  endfacet
  facet normal 0 0 -1
    outer loop
      vertex 91.4496 28.1672 0
      vertex 93.893 26.573 0
      vertex 93.4916 26.327 0
    endloop
  endfacet
  facet normal 0 0 -1
    outer loop
      vertex 92.2308 88.0996 0
      vertex 95.255 90.9 0
      vertex 92.4323 87.2604 0
    endloop
  endfacet
  facet normal 0 0 -1
    outer loop
      vertex 91.4496 28.1672 0
      vertex 93.4916 26.327 0
      vertex 93.1337 26.0213 0
    endloop
  endfacet
  facet normal -0 0 -1
    outer loop
      vertex 95.255 90.9 0
      vertex 92.2308 88.0996 0
      vertex 94.7857 90.9369 0
    endloop
  endfacet
  facet normal 0 0 -1
    outer loop
      vertex 90.8891 27.5109 0
      vertex 93.1337 26.0213 0
      vertex 92.8279 25.6634 0
    endloop
  endfacet
  facet normal -0 0 -1
    outer loop
      vertex 94.7857 90.9369 0
      vertex 92.2308 88.0996 0
      vertex 94.3279 91.0468 0
    endloop
  endfacet
  facet normal 0 0 -1
    outer loop
      vertex 90.8891 27.5109 0
      vertex 92.8279 25.6634 0
      vertex 92.582 25.262 0
    endloop
  endfacet
  facet normal 0 0 -1
    outer loop
      vertex 91.9005 88.8969 0
      vertex 94.3279 91.0468 0
      vertex 92.2308 88.0996 0
    endloop
  endfacet
  facet normal -0 0 -1
    outer loop
      vertex 94.3279 91.0468 0
      vertex 91.9005 88.8969 0
      vertex 93.893 91.227 0
    endloop
  endfacet
  facet normal 0 0 -1
    outer loop
      vertex 95.7243 26.8631 0
      vertex 92.4323 30.5396 0
      vertex 92.5 31.4 0
    endloop
  endfacet
  facet normal 0 0 -1
    outer loop
      vertex 90.2328 26.9504 0
      vertex 92.582 25.262 0
      vertex 92.4018 24.827 0
    endloop
  endfacet
  facet normal 0 0 -1
    outer loop
      vertex 89.4969 26.4995 0
      vertex 92.4018 24.827 0
      vertex 92.2919 24.3693 0
    endloop
  endfacet
  facet normal 0 0 -1
    outer loop
      vertex 89.4969 26.4995 0
      vertex 92.2919 24.3693 0
      vertex 92.255 23.9 0
    endloop
  endfacet
  facet normal 0 0 -1
    outer loop
      vertex 95.255 26.9 0
      vertex 92.2308 29.7004 0
      vertex 92.4323 30.5396 0
    endloop
  endfacet
  facet normal 0 0 -1
    outer loop
      vertex 101.906 100.622 0
      vertex 121.07 124.284 0
      vertex 101.969 100.469 0
    endloop
  endfacet
  facet normal 0 0 -1
    outer loop
      vertex 120.65 124.385 0
      vertex 102.007 116.491 0
      vertex 102.02 116.655 0
    endloop
  endfacet
  facet normal -0 0 -1
    outer loop
      vertex 121.07 124.284 0
      vertex 101.906 100.622 0
      vertex 120.65 124.385 0
    endloop
  endfacet
  facet normal 0 0 -1
    outer loop
      vertex 120.65 124.385 0
      vertex 101.969 116.331 0
      vertex 102.007 116.491 0
    endloop
  endfacet
  facet normal 0 0 -1
    outer loop
      vertex 101.906 116.178 0
      vertex 120.65 124.385 0
      vertex 101.906 100.622 0
    endloop
  endfacet
  facet normal 0 0 -1
    outer loop
      vertex 120.65 124.385 0
      vertex 101.906 116.178 0
      vertex 101.969 116.331 0
    endloop
  endfacet
  facet normal 0 0 -1
    outer loop
      vertex 101.819 100.762 0
      vertex 101.906 116.178 0
      vertex 101.906 100.622 0
    endloop
  endfacet
  facet normal 0 0 -1
    outer loop
      vertex 101.819 100.762 0
      vertex 101.819 116.038 0
      vertex 101.906 116.178 0
    endloop
  endfacet
  facet normal 0 0 -1
    outer loop
      vertex 101.712 100.887 0
      vertex 101.819 116.038 0
      vertex 101.819 100.762 0
    endloop
  endfacet
  facet normal 0 0 -1
    outer loop
      vertex 101.712 100.887 0
      vertex 101.712 115.913 0
      vertex 101.819 116.038 0
    endloop
  endfacet
  facet normal 0 0 -1
    outer loop
      vertex 101.587 100.994 0
      vertex 101.712 115.913 0
      vertex 101.712 100.887 0
    endloop
  endfacet
  facet normal 0 0 -1
    outer loop
      vertex 101.587 100.994 0
      vertex 101.587 115.806 0
      vertex 101.712 115.913 0
    endloop
  endfacet
  facet normal 0 0 -1
    outer loop
      vertex 98.192 105.608 0
      vertex 101.587 100.994 0
      vertex 101.447 101.081 0
    endloop
  endfacet
  facet normal 0 0 -1
    outer loop
      vertex 101.587 100.994 0
      vertex 98.192 105.608 0
      vertex 101.587 115.806 0
    endloop
  endfacet
  facet normal 0 0 -1
    outer loop
      vertex 98.192 105.608 0
      vertex 101.447 101.081 0
      vertex 101.294 101.144 0
    endloop
  endfacet
  facet normal 0 0 -1
    outer loop
      vertex 98.192 111.192 0
      vertex 101.587 115.806 0
      vertex 98.192 105.608 0
    endloop
  endfacet
  facet normal 0 0 -1
    outer loop
      vertex 98.192 105.608 0
      vertex 101.294 101.144 0
      vertex 101.134 101.182 0
    endloop
  endfacet
  facet normal 0 0 -1
    outer loop
      vertex 101.587 115.806 0
      vertex 98.192 111.192 0
      vertex 101.447 115.719 0
    endloop
  endfacet
  facet normal 0 0 -1
    outer loop
      vertex 98.192 105.608 0
      vertex 101.134 101.182 0
      vertex 100.97 101.195 0
    endloop
  endfacet
  facet normal 0 0 -1
    outer loop
      vertex 101.447 115.719 0
      vertex 98.192 111.192 0
      vertex 101.294 115.656 0
    endloop
  endfacet
  facet normal 0 0 -1
    outer loop
      vertex 98.192 105.608 0
      vertex 100.97 101.195 0
      vertex 100.806 101.182 0
    endloop
  endfacet
  facet normal 0 0 -1
    outer loop
      vertex 101.294 115.656 0
      vertex 98.192 111.192 0
      vertex 101.134 115.618 0
    endloop
  endfacet
  facet normal 0 0 -1
    outer loop
      vertex 98.192 105.608 0
      vertex 100.806 101.182 0
      vertex 100.646 101.144 0
    endloop
  endfacet
  facet normal 0 0 -1
    outer loop
      vertex 101.134 115.618 0
      vertex 98.192 111.192 0
      vertex 100.97 115.605 0
    endloop
  endfacet
  facet normal 0 0 -1
    outer loop
      vertex 98.192 105.608 0
      vertex 100.646 101.144 0
      vertex 100.493 101.081 0
    endloop
  endfacet
  facet normal -0 0 -1
    outer loop
      vertex 100.97 115.605 0
      vertex 98.192 111.192 0
      vertex 100.806 115.618 0
    endloop
  endfacet
  facet normal 0 0 -1
    outer loop
      vertex 98.192 105.608 0
      vertex 100.493 101.081 0
      vertex 100.353 100.994 0
    endloop
  endfacet
  facet normal -0 0 -1
    outer loop
      vertex 100.806 115.618 0
      vertex 98.192 111.192 0
      vertex 100.646 115.656 0
    endloop
  endfacet
  facet normal 0 0 -1
    outer loop
      vertex 98.192 105.608 0
      vertex 100.353 100.994 0
      vertex 100.228 100.887 0
    endloop
  endfacet
  facet normal -0 0 -1
    outer loop
      vertex 100.646 115.656 0
      vertex 98.192 111.192 0
      vertex 100.493 115.719 0
    endloop
  endfacet
  facet normal 0 0 -1
    outer loop
      vertex 98.192 105.608 0
      vertex 100.228 100.887 0
      vertex 100.121 100.762 0
    endloop
  endfacet
  facet normal -0 0 -1
    outer loop
      vertex 100.493 115.719 0
      vertex 98.192 111.192 0
      vertex 100.353 115.806 0
    endloop
  endfacet
  facet normal 0 0 -1
    outer loop
      vertex 98.192 105.608 0
      vertex 100.121 100.762 0
      vertex 100.034 100.622 0
    endloop
  endfacet
  facet normal -0 0 -1
    outer loop
      vertex 100.353 115.806 0
      vertex 98.192 111.192 0
      vertex 100.228 115.913 0
    endloop
  endfacet
  facet normal 0 0 -1
    outer loop
      vertex 98.192 105.608 0
      vertex 100.034 100.622 0
      vertex 99.9714 100.469 0
    endloop
  endfacet
  facet normal -0 0 -1
    outer loop
      vertex 100.228 115.913 0
      vertex 98.192 111.192 0
      vertex 100.121 116.038 0
    endloop
  endfacet
  facet normal 0 0 -1
    outer loop
      vertex 98.192 105.608 0
      vertex 99.9714 100.469 0
      vertex 99.9329 100.309 0
    endloop
  endfacet
  facet normal -0 0 -1
    outer loop
      vertex 100.121 116.038 0
      vertex 98.192 111.192 0
      vertex 100.034 116.178 0
    endloop
  endfacet
  facet normal 0 0 -1
    outer loop
      vertex 98.192 105.608 0
      vertex 99.9329 100.309 0
      vertex 99.92 100.145 0
    endloop
  endfacet
  facet normal -0 0 -1
    outer loop
      vertex 100.034 116.178 0
      vertex 98.192 111.192 0
      vertex 99.9714 116.331 0
    endloop
  endfacet
  facet normal 0 0 -1
    outer loop
      vertex 124.115 51.6498 0
      vertex 126.5 133.35 0
      vertex 124.216 51.2302 0
    endloop
  endfacet
  facet normal 0 0 -1
    outer loop
      vertex 126.5 133.35 0
      vertex 124.216 126.57 0
      vertex 124.25 127 0
    endloop
  endfacet
  facet normal 0 0 -1
    outer loop
      vertex 124.115 126.15 0
      vertex 126.5 133.35 0
      vertex 124.115 51.6498 0
    endloop
  endfacet
  facet normal 0 0 -1
    outer loop
      vertex 126.5 133.35 0
      vertex 124.115 126.15 0
      vertex 124.216 126.57 0
    endloop
  endfacet
  facet normal 0 0 -1
    outer loop
      vertex 123.95 52.0485 0
      vertex 124.115 126.15 0
      vertex 124.115 51.6498 0
    endloop
  endfacet
  facet normal 0 0 -1
    outer loop
      vertex 123.95 52.0485 0
      vertex 123.95 125.752 0
      vertex 124.115 126.15 0
    endloop
  endfacet
  facet normal 0 0 -1
    outer loop
      vertex 123.725 52.4164 0
      vertex 123.95 125.752 0
      vertex 123.95 52.0485 0
    endloop
  endfacet
  facet normal 0 0 -1
    outer loop
      vertex 123.725 52.4164 0
      vertex 123.725 125.384 0
      vertex 123.95 125.752 0
    endloop
  endfacet
  facet normal 0 0 -1
    outer loop
      vertex 123.445 52.7445 0
      vertex 123.725 125.384 0
      vertex 123.725 52.4164 0
    endloop
  endfacet
  facet normal 0 0 -1
    outer loop
      vertex 123.445 52.7445 0
      vertex 123.445 125.055 0
      vertex 123.725 125.384 0
    endloop
  endfacet
  facet normal 0 0 -1
    outer loop
      vertex 123.116 53.0248 0
      vertex 123.445 125.055 0
      vertex 123.445 52.7445 0
    endloop
  endfacet
  facet normal 0 0 -1
    outer loop
      vertex 123.116 53.0248 0
      vertex 123.116 124.775 0
      vertex 123.445 125.055 0
    endloop
  endfacet
  facet normal 0 0 -1
    outer loop
      vertex 122.748 53.2503 0
      vertex 123.116 124.775 0
      vertex 123.116 53.0248 0
    endloop
  endfacet
  facet normal 0 0 -1
    outer loop
      vertex 122.748 53.2503 0
      vertex 122.748 124.55 0
      vertex 123.116 124.775 0
    endloop
  endfacet
  facet normal 0 0 -1
    outer loop
      vertex 101.969 99.8205 0
      vertex 122.748 53.2503 0
      vertex 122.35 53.4154 0
    endloop
  endfacet
  facet normal 0 0 -1
    outer loop
      vertex 122.748 53.2503 0
      vertex 101.969 99.8205 0
      vertex 122.748 124.55 0
    endloop
  endfacet
  facet normal 0 0 -1
    outer loop
      vertex 101.906 99.6683 0
      vertex 122.35 53.4154 0
      vertex 121.93 53.5161 0
    endloop
  endfacet
  facet normal 0 -0 -1
    outer loop
      vertex 102.007 99.9807 0
      vertex 122.748 124.55 0
      vertex 101.969 99.8205 0
    endloop
  endfacet
  facet normal 0 0 -1
    outer loop
      vertex 101.819 99.5278 0
      vertex 121.93 53.5161 0
      vertex 121.5 53.55 0
    endloop
  endfacet
  facet normal 0 0 -1
    outer loop
      vertex 122.748 124.55 0
      vertex 102.007 99.9807 0
      vertex 122.35 124.385 0
    endloop
  endfacet
  facet normal 0 0 -1
    outer loop
      vertex 98.255 93.9 0
      vertex 121.5 53.55 0
      vertex 121.07 53.5161 0
    endloop
  endfacet
  facet normal 0 -0 -1
    outer loop
      vertex 102.02 100.145 0
      vertex 122.35 124.385 0
      vertex 102.007 99.9807 0
    endloop
  endfacet
  facet normal 0 0 -1
    outer loop
      vertex 98.255 93.9 0
      vertex 121.07 53.5161 0
      vertex 120.65 53.4154 0
    endloop
  endfacet
  facet normal 0 0 -1
    outer loop
      vertex 122.35 124.385 0
      vertex 102.02 100.145 0
      vertex 121.93 124.284 0
    endloop
  endfacet
  facet normal 0 0 -1
    outer loop
      vertex 98.255 93.9 0
      vertex 120.65 53.4154 0
      vertex 120.252 53.2503 0
    endloop
  endfacet
  facet normal 0 0 -1
    outer loop
      vertex 102.007 100.309 0
      vertex 121.93 124.284 0
      vertex 102.02 100.145 0
    endloop
  endfacet
  facet normal 0 0 -1
    outer loop
      vertex 98.255 93.9 0
      vertex 120.252 53.2503 0
      vertex 119.884 53.0248 0
    endloop
  endfacet
  facet normal 0 0 -1
    outer loop
      vertex 121.93 124.284 0
      vertex 102.007 100.309 0
      vertex 121.5 124.25 0
    endloop
  endfacet
  facet normal 0 0 -1
    outer loop
      vertex 98.255 93.9 0
      vertex 119.884 53.0248 0
      vertex 119.555 52.7445 0
    endloop
  endfacet
  facet normal 0 0 -1
    outer loop
      vertex 101.969 100.469 0
      vertex 121.5 124.25 0
      vertex 102.007 100.309 0
    endloop
  endfacet
  facet normal 0 0 -1
    outer loop
      vertex 98.255 93.9 0
      vertex 119.555 52.7445 0
      vertex 119.275 52.4164 0
    endloop
  endfacet
  facet normal -0 0 -1
    outer loop
      vertex 121.5 124.25 0
      vertex 101.969 100.469 0
      vertex 121.07 124.284 0
    endloop
  endfacet
  facet normal 0 0 -1
    outer loop
      vertex 98.255 93.9 0
      vertex 119.275 52.4164 0
      vertex 119.05 52.0485 0
    endloop
  endfacet
  facet normal -0 0 -1
    outer loop
      vertex 120.65 124.385 0
      vertex 102.02 116.655 0
      vertex 120.252 124.55 0
    endloop
  endfacet
  facet normal 0 0 -1
    outer loop
      vertex 98.255 93.9 0
      vertex 119.05 52.0485 0
      vertex 118.885 51.6498 0
    endloop
  endfacet
  facet normal -0 0 -1
    outer loop
      vertex 119.884 124.775 0
      vertex 102.02 116.655 0
      vertex 119.555 125.055 0
    endloop
  endfacet
  facet normal 0 0 -1
    outer loop
      vertex 98.255 93.9 0
      vertex 118.885 51.6498 0
      vertex 118.784 51.2302 0
    endloop
  endfacet
  facet normal 0 0 -1
    outer loop
      vertex 102.007 116.819 0
      vertex 119.555 125.055 0
      vertex 102.02 116.655 0
    endloop
  endfacet
  facet normal 0 0 -1
    outer loop
      vertex 97.0184 26.327 0
      vertex 119.555 48.8555 0
      vertex 97.3763 26.0213 0
    endloop
  endfacet
  facet normal -0 0 -1
    outer loop
      vertex 119.555 125.055 0
      vertex 102.007 116.819 0
      vertex 119.275 125.384 0
    endloop
  endfacet
  facet normal 0 0 -1
    outer loop
      vertex 126.5 0 0
      vertex 124.25 50.8 0
      vertex 126.5 133.35 0
    endloop
  endfacet
  facet normal 0 0 -1
    outer loop
      vertex 126.5 0 0
      vertex 124.216 50.3698 0
      vertex 124.25 50.8 0
    endloop
  endfacet
  facet normal 0 0 -1
    outer loop
      vertex 126.5 0 0
      vertex 124.115 49.9502 0
      vertex 124.216 50.3698 0
    endloop
  endfacet
  facet normal 0 0 -1
    outer loop
      vertex 126.5 0 0
      vertex 123.95 49.5515 0
      vertex 124.115 49.9502 0
    endloop
  endfacet
  facet normal 0 0 -1
    outer loop
      vertex 126.5 0 0
      vertex 123.725 49.1836 0
      vertex 123.95 49.5515 0
    endloop
  endfacet
  facet normal 0 0 -1
    outer loop
      vertex 126.5 0 0
      vertex 123.445 48.8555 0
      vertex 123.725 49.1836 0
    endloop
  endfacet
  facet normal 0 0 -1
    outer loop
      vertex 126.5 0 0
      vertex 123.116 48.5752 0
      vertex 123.445 48.8555 0
    endloop
  endfacet
  facet normal 0 0 -1
    outer loop
      vertex 126.5 0 0
      vertex 122.748 48.3497 0
      vertex 123.116 48.5752 0
    endloop
  endfacet
  facet normal 0 0 -1
    outer loop
      vertex 126.5 0 0
      vertex 122.35 48.1846 0
      vertex 122.748 48.3497 0
    endloop
  endfacet
  facet normal 0 0 -1
    outer loop
      vertex 126.5 0 0
      vertex 121.93 48.0839 0
      vertex 122.35 48.1846 0
    endloop
  endfacet
  facet normal 0 0 -1
    outer loop
      vertex 126.5 0 0
      vertex 121.5 48.05 0
      vertex 121.93 48.0839 0
    endloop
  endfacet
  facet normal 0 0 -1
    outer loop
      vertex 98.255 23.9 0
      vertex 121.5 48.05 0
      vertex 126.5 0 0
    endloop
  endfacet
  facet normal 0 0 -1
    outer loop
      vertex 98.2181 24.3693 0
      vertex 121.5 48.05 0
      vertex 98.255 23.9 0
    endloop
  endfacet
  facet normal -0 0 -1
    outer loop
      vertex 121.5 48.05 0
      vertex 98.2181 24.3693 0
      vertex 121.07 48.0839 0
    endloop
  endfacet
  facet normal 0 0 -1
    outer loop
      vertex 98.1082 24.827 0
      vertex 121.07 48.0839 0
      vertex 98.2181 24.3693 0
    endloop
  endfacet
  facet normal -0 0 -1
    outer loop
      vertex 121.07 48.0839 0
      vertex 98.1082 24.827 0
      vertex 120.65 48.1846 0
    endloop
  endfacet
  facet normal 0 0 -1
    outer loop
      vertex 97.928 25.262 0
      vertex 120.65 48.1846 0
      vertex 98.1082 24.827 0
    endloop
  endfacet
  facet normal -0 0 -1
    outer loop
      vertex 120.65 48.1846 0
      vertex 97.928 25.262 0
      vertex 120.252 48.3497 0
    endloop
  endfacet
  facet normal 0 0 -1
    outer loop
      vertex 97.6821 25.6634 0
      vertex 120.252 48.3497 0
      vertex 97.928 25.262 0
    endloop
  endfacet
  facet normal -0 0 -1
    outer loop
      vertex 120.252 48.3497 0
      vertex 97.6821 25.6634 0
      vertex 119.884 48.5752 0
    endloop
  endfacet
  facet normal 0 0 -1
    outer loop
      vertex 101.969 116.979 0
      vertex 119.275 125.384 0
      vertex 102.007 116.819 0
    endloop
  endfacet
  facet normal -0 0 -1
    outer loop
      vertex 119.884 48.5752 0
      vertex 97.3763 26.0213 0
      vertex 119.555 48.8555 0
    endloop
  endfacet
  facet normal 0 0 -1
    outer loop
      vertex 97.3763 26.0213 0
      vertex 119.884 48.5752 0
      vertex 97.6821 25.6634 0
    endloop
  endfacet
  facet normal -0 0 -1
    outer loop
      vertex 119.275 125.384 0
      vertex 101.969 116.979 0
      vertex 119.05 125.752 0
    endloop
  endfacet
  facet normal -0 0 -1
    outer loop
      vertex 120.252 124.55 0
      vertex 102.02 116.655 0
      vertex 119.884 124.775 0
    endloop
  endfacet
  facet normal 0 0 -1
    outer loop
      vertex 122.35 53.4154 0
      vertex 101.906 99.6683 0
      vertex 101.969 99.8205 0
    endloop
  endfacet
  facet normal 0 0 -1
    outer loop
      vertex 121.93 53.5161 0
      vertex 101.819 99.5278 0
      vertex 101.906 99.6683 0
    endloop
  endfacet
  facet normal 0 0 -1
    outer loop
      vertex 121.5 53.55 0
      vertex 98.255 93.9 0
      vertex 101.819 99.5278 0
    endloop
  endfacet
  facet normal 0 0 -1
    outer loop
      vertex 101.819 99.5278 0
      vertex 98.255 93.9 0
      vertex 101.712 99.4025 0
    endloop
  endfacet
  facet normal 0 0 -1
    outer loop
      vertex 101.712 99.4025 0
      vertex 98.255 93.9 0
      vertex 101.587 99.2955 0
    endloop
  endfacet
  facet normal 0 0 -1
    outer loop
      vertex 101.587 99.2955 0
      vertex 98.255 93.9 0
      vertex 101.447 99.2094 0
    endloop
  endfacet
  facet normal 0 0 -1
    outer loop
      vertex 101.447 99.2094 0
      vertex 98.255 93.9 0
      vertex 101.294 99.1464 0
    endloop
  endfacet
  facet normal 0 0 -1
    outer loop
      vertex 98.2181 94.3693 0
      vertex 101.294 99.1464 0
      vertex 98.255 93.9 0
    endloop
  endfacet
  facet normal 0 0 -1
    outer loop
      vertex 101.294 99.1464 0
      vertex 98.2181 94.3693 0
      vertex 101.134 99.1079 0
    endloop
  endfacet
  facet normal 0 0 -1
    outer loop
      vertex 98.1082 94.827 0
      vertex 101.134 99.1079 0
      vertex 98.2181 94.3693 0
    endloop
  endfacet
  facet normal 0 0 -1
    outer loop
      vertex 101.134 99.1079 0
      vertex 98.1082 94.827 0
      vertex 100.97 99.095 0
    endloop
  endfacet
  facet normal 0 0 -1
    outer loop
      vertex 97.928 95.262 0
      vertex 100.97 99.095 0
      vertex 98.1082 94.827 0
    endloop
  endfacet
  facet normal -0 0 -1
    outer loop
      vertex 100.97 99.095 0
      vertex 97.928 95.262 0
      vertex 100.806 99.1079 0
    endloop
  endfacet
  facet normal -0 0 -1
    outer loop
      vertex 100.806 99.1079 0
      vertex 97.928 95.262 0
      vertex 100.646 99.1464 0
    endloop
  endfacet
  facet normal 0 0 -1
    outer loop
      vertex 97.6821 95.6634 0
      vertex 100.646 99.1464 0
      vertex 97.928 95.262 0
    endloop
  endfacet
  facet normal -0 0 -1
    outer loop
      vertex 100.646 99.1464 0
      vertex 97.6821 95.6634 0
      vertex 100.493 99.2094 0
    endloop
  endfacet
  facet normal -0 0 -1
    outer loop
      vertex 100.353 99.2955 0
      vertex 97.3763 96.0213 0
      vertex 100.228 99.4025 0
    endloop
  endfacet
  facet normal 0 0 -1
    outer loop
      vertex 97.3763 96.0213 0
      vertex 100.353 99.2955 0
      vertex 97.6821 95.6634 0
    endloop
  endfacet
  facet normal -0 0 -1
    outer loop
      vertex 100.493 99.2094 0
      vertex 97.6821 95.6634 0
      vertex 100.353 99.2955 0
    endloop
  endfacet
  facet normal -0 0 -1
    outer loop
      vertex 119.555 48.8555 0
      vertex 97.0184 26.327 0
      vertex 119.275 49.1836 0
    endloop
  endfacet
  facet normal 0 0 -1
    outer loop
      vertex 126.5 0 0
      vertex 98.2181 23.4307 0
      vertex 98.255 23.9 0
    endloop
  endfacet
  facet normal 0 0 -1
    outer loop
      vertex 126.5 0 0
      vertex 98.1082 22.9729 0
      vertex 98.2181 23.4307 0
    endloop
  endfacet
  facet normal 0 0 -1
    outer loop
      vertex 126.5 0 0
      vertex 97.928 22.538 0
      vertex 98.1082 22.9729 0
    endloop
  endfacet
  facet normal 0 0 -1
    outer loop
      vertex 126.5 0 0
      vertex 97.6821 22.1366 0
      vertex 97.928 22.538 0
    endloop
  endfacet
  facet normal 0 0 -1
    outer loop
      vertex 126.5 0 0
      vertex 97.3763 21.7787 0
      vertex 97.6821 22.1366 0
    endloop
  endfacet
  facet normal 0 0 -1
    outer loop
      vertex 126.5 0 0
      vertex 97.0184 21.4729 0
      vertex 97.3763 21.7787 0
    endloop
  endfacet
  facet normal 0 0 -1
    outer loop
      vertex 126.5 0 0
      vertex 96.617 21.227 0
      vertex 97.0184 21.4729 0
    endloop
  endfacet
  facet normal 0 0 -1
    outer loop
      vertex 126.5 0 0
      vertex 96.1821 21.0468 0
      vertex 96.617 21.227 0
    endloop
  endfacet
  facet normal 0 0 -1
    outer loop
      vertex 126.5 0 0
      vertex 95.7243 20.9369 0
      vertex 96.1821 21.0468 0
    endloop
  endfacet
  facet normal 0 0 -1
    outer loop
      vertex 126.5 0 0
      vertex 95.255 20.9 0
      vertex 95.7243 20.9369 0
    endloop
  endfacet
  facet normal 0 0 -1
    outer loop
      vertex 126.5 0 0
      vertex 94.7857 20.9369 0
      vertex 95.255 20.9 0
    endloop
  endfacet
  facet normal 0 0 -1
    outer loop
      vertex 79.2143 20.9369 0
      vertex 94.7857 20.9369 0
      vertex 126.5 0 0
    endloop
  endfacet
  facet normal 0 0 -1
    outer loop
      vertex 94.7857 20.9369 0
      vertex 79.2143 20.9369 0
      vertex 94.3279 21.0468 0
    endloop
  endfacet
  facet normal 0 -0 -1
    outer loop
      vertex 79.6721 21.0468 0
      vertex 94.3279 21.0468 0
      vertex 79.2143 20.9369 0
    endloop
  endfacet
  facet normal 0 0 -1
    outer loop
      vertex 94.3279 26.7532 0
      vertex 91.9005 28.9031 0
      vertex 92.2308 29.7004 0
    endloop
  endfacet
  facet normal 0 0 -1
    outer loop
      vertex 93.893 26.573 0
      vertex 91.4496 28.1672 0
      vertex 91.9005 28.9031 0
    endloop
  endfacet
  facet normal 0 0 -1
    outer loop
      vertex 88.6996 26.1692 0
      vertex 92.255 23.9 0
      vertex 92.2919 23.4307 0
    endloop
  endfacet
  facet normal 0 0 -1
    outer loop
      vertex 93.1337 26.0213 0
      vertex 90.8891 27.5109 0
      vertex 91.4496 28.1672 0
    endloop
  endfacet
  facet normal 0 0 -1
    outer loop
      vertex 87.8604 25.9677 0
      vertex 92.2919 23.4307 0
      vertex 92.4018 22.9729 0
    endloop
  endfacet
  facet normal 0 0 -1
    outer loop
      vertex 92.582 25.262 0
      vertex 90.2328 26.9504 0
      vertex 90.8891 27.5109 0
    endloop
  endfacet
  facet normal 0 0 -1
    outer loop
      vertex 87 25.9 0
      vertex 92.4018 22.9729 0
      vertex 92.582 22.538 0
    endloop
  endfacet
  facet normal 0 0 -1
    outer loop
      vertex 92.4018 24.827 0
      vertex 89.4969 26.4995 0
      vertex 90.2328 26.9504 0
    endloop
  endfacet
  facet normal 0 0 -1
    outer loop
      vertex 81.418 22.538 0
      vertex 92.582 22.538 0
      vertex 92.8279 22.1366 0
    endloop
  endfacet
  facet normal 0 0 -1
    outer loop
      vertex 92.255 23.9 0
      vertex 88.6996 26.1692 0
      vertex 89.4969 26.4995 0
    endloop
  endfacet
  facet normal 0 0 -1
    outer loop
      vertex 81.1721 22.1366 0
      vertex 92.8279 22.1366 0
      vertex 93.1337 21.7787 0
    endloop
  endfacet
  facet normal 0 0 -1
    outer loop
      vertex 92.2919 23.4307 0
      vertex 87.8604 25.9677 0
      vertex 88.6996 26.1692 0
    endloop
  endfacet
  facet normal 0 0 -1
    outer loop
      vertex 80.8663 21.7787 0
      vertex 93.1337 21.7787 0
      vertex 93.4916 21.4729 0
    endloop
  endfacet
  facet normal 0 0 -1
    outer loop
      vertex 92.4018 22.9729 0
      vertex 87 25.9 0
      vertex 87.8604 25.9677 0
    endloop
  endfacet
  facet normal 0 0 -1
    outer loop
      vertex 92.582 22.538 0
      vertex 81.418 22.538 0
      vertex 87 25.9 0
    endloop
  endfacet
  facet normal 0 0 -1
    outer loop
      vertex 94.3279 21.0468 0
      vertex 79.6721 21.0468 0
      vertex 93.893 21.227 0
    endloop
  endfacet
  facet normal 0 0 -1
    outer loop
      vertex 93.1337 21.7787 0
      vertex 80.8663 21.7787 0
      vertex 81.1721 22.1366 0
    endloop
  endfacet
  facet normal 0 -0 -1
    outer loop
      vertex 81.5982 22.9729 0
      vertex 87 25.9 0
      vertex 81.418 22.538 0
    endloop
  endfacet
  facet normal 0 -0 -1
    outer loop
      vertex 81.7081 23.4307 0
      vertex 86.1396 25.9677 0
      vertex 81.5982 22.9729 0
    endloop
  endfacet
  facet normal -0 0 -1
    outer loop
      vertex 83.7672 26.9504 0
      vertex 81.418 25.262 0
      vertex 83.1109 27.5109 0
    endloop
  endfacet
  facet normal 0 0 -1
    outer loop
      vertex 81.418 25.262 0
      vertex 83.7672 26.9504 0
      vertex 81.5982 24.827 0
    endloop
  endfacet
  facet normal -0 0 -1
    outer loop
      vertex 84.5031 26.4995 0
      vertex 81.5982 24.827 0
      vertex 83.7672 26.9504 0
    endloop
  endfacet
  facet normal 0 0 -1
    outer loop
      vertex 81.5982 24.827 0
      vertex 84.5031 26.4995 0
      vertex 81.7081 24.3693 0
    endloop
  endfacet
  facet normal 0 -0 -1
    outer loop
      vertex 81.745 23.9 0
      vertex 85.3004 26.1692 0
      vertex 81.7081 23.4307 0
    endloop
  endfacet
  facet normal 0 0 -1
    outer loop
      vertex 81.7081 24.3693 0
      vertex 84.5031 26.4995 0
      vertex 81.745 23.9 0
    endloop
  endfacet
  facet normal -0 0 -1
    outer loop
      vertex 85.3004 26.1692 0
      vertex 81.745 23.9 0
      vertex 84.5031 26.4995 0
    endloop
  endfacet
  facet normal -0 0 -1
    outer loop
      vertex 86.1396 25.9677 0
      vertex 81.7081 23.4307 0
      vertex 85.3004 26.1692 0
    endloop
  endfacet
  facet normal -0 0 -1
    outer loop
      vertex 87 25.9 0
      vertex 81.5982 22.9729 0
      vertex 86.1396 25.9677 0
    endloop
  endfacet
  facet normal 0 0 -1
    outer loop
      vertex 92.8279 22.1366 0
      vertex 81.1721 22.1366 0
      vertex 81.418 22.538 0
    endloop
  endfacet
  facet normal 0 0 -1
    outer loop
      vertex 93.4916 21.4729 0
      vertex 80.5084 21.4729 0
      vertex 80.8663 21.7787 0
    endloop
  endfacet
  facet normal -0 0 -1
    outer loop
      vertex 93.4916 21.4729 0
      vertex 80.107 21.227 0
      vertex 80.5084 21.4729 0
    endloop
  endfacet
  facet normal 0 0 -1
    outer loop
      vertex 93.893 21.227 0
      vertex 80.107 21.227 0
      vertex 93.4916 21.4729 0
    endloop
  endfacet
  facet normal 0 -0 -1
    outer loop
      vertex 80.107 21.227 0
      vertex 93.893 21.227 0
      vertex 79.6721 21.0468 0
    endloop
  endfacet
  facet normal 0 0 -1
    outer loop
      vertex 126.5 0 0
      vertex 78.745 20.9 0
      vertex 79.2143 20.9369 0
    endloop
  endfacet
  facet normal 0 0 -1
    outer loop
      vertex 126.5 0 0
      vertex 78.2757 20.9369 0
      vertex 78.745 20.9 0
    endloop
  endfacet
  facet normal 0 0 -1
    outer loop
      vertex 126.5 0 0
      vertex 77.8179 21.0468 0
      vertex 78.2757 20.9369 0
    endloop
  endfacet
  facet normal 0 0 -1
    outer loop
      vertex -36.411 4.55648 0
      vertex 77.8179 21.0468 0
      vertex 126.5 0 0
    endloop
  endfacet
  facet normal -0 -0 -1
    outer loop
      vertex 72.2875 99.4025 0
      vertex 75.8918 92.9729 0
      vertex 72.1805 99.5278 0
    endloop
  endfacet
  facet normal 0 0 -1
    outer loop
      vertex 75.745 93.9 0
      vertex 74.0671 99.9807 0
      vertex 74.08 100.145 0
    endloop
  endfacet
  facet normal 0 0 -1
    outer loop
      vertex 75.745 93.9 0
      vertex 74.0286 99.8205 0
      vertex 74.0671 99.9807 0
    endloop
  endfacet
  facet normal 0 0 -1
    outer loop
      vertex 75.745 93.9 0
      vertex 73.9656 99.6683 0
      vertex 74.0286 99.8205 0
    endloop
  endfacet
  facet normal 0 0 -1
    outer loop
      vertex 75.745 93.9 0
      vertex 73.8795 99.5278 0
      vertex 73.9656 99.6683 0
    endloop
  endfacet
  facet normal 0 0 -1
    outer loop
      vertex 75.745 93.9 0
      vertex 73.7725 99.4025 0
      vertex 73.8795 99.5278 0
    endloop
  endfacet
  facet normal 0 0 -1
    outer loop
      vertex 75.745 93.9 0
      vertex 73.6472 99.2955 0
      vertex 73.7725 99.4025 0
    endloop
  endfacet
  facet normal 0 0 -1
    outer loop
      vertex 75.745 93.9 0
      vertex 73.5067 99.2094 0
      vertex 73.6472 99.2955 0
    endloop
  endfacet
  facet normal 0 0 -1
    outer loop
      vertex 75.745 93.9 0
      vertex 73.3545 99.1464 0
      vertex 73.5067 99.2094 0
    endloop
  endfacet
  facet normal 0 0 -1
    outer loop
      vertex 75.745 93.9 0
      vertex 73.1943 99.1079 0
      vertex 73.3545 99.1464 0
    endloop
  endfacet
  facet normal 0 0 -1
    outer loop
      vertex 75.8918 92.9729 0
      vertex 72.2875 99.4025 0
      vertex 75.7819 93.4307 0
    endloop
  endfacet
  facet normal 0 0 -1
    outer loop
      vertex 75.745 93.9 0
      vertex 73.03 99.095 0
      vertex 73.1943 99.1079 0
    endloop
  endfacet
  facet normal 0 0 -1
    outer loop
      vertex 75.745 93.9 0
      vertex 72.8657 99.1079 0
      vertex 73.03 99.095 0
    endloop
  endfacet
  facet normal 0 0 -1
    outer loop
      vertex 75.745 93.9 0
      vertex 72.7055 99.1464 0
      vertex 72.8657 99.1079 0
    endloop
  endfacet
  facet normal 0 0 -1
    outer loop
      vertex 75.745 93.9 0
      vertex 72.5533 99.2094 0
      vertex 72.7055 99.1464 0
    endloop
  endfacet
  facet normal 0 0 -1
    outer loop
      vertex 75.745 93.9 0
      vertex 72.4128 99.2955 0
      vertex 72.5533 99.2094 0
    endloop
  endfacet
  facet normal 0 0 -1
    outer loop
      vertex 75.7819 93.4307 0
      vertex 72.4128 99.2955 0
      vertex 75.745 93.9 0
    endloop
  endfacet
  facet normal -0 -0 -1
    outer loop
      vertex 72.4128 99.2955 0
      vertex 75.7819 93.4307 0
      vertex 72.2875 99.4025 0
    endloop
  endfacet
  facet normal -0 0 -1
    outer loop
      vertex 72.1805 99.5278 0
      vertex 56.8 32.5 0
      vertex 72.0944 99.6683 0
    endloop
  endfacet
  facet normal -0 0 -1
    outer loop
      vertex 72.0944 99.6683 0
      vertex 56.8 32.5 0
      vertex 72.0314 99.8205 0
    endloop
  endfacet
  facet normal 0 0 -1
    outer loop
      vertex 56.8 122.1 0
      vertex 72.0314 99.8205 0
      vertex 56.8 32.5 0
    endloop
  endfacet
  facet normal 0 0 -1
    outer loop
      vertex 71.9929 99.9807 0
      vertex 56.8 122.1 0
      vertex 71.98 100.145 0
    endloop
  endfacet
  facet normal 0 0 -1
    outer loop
      vertex 72.0314 99.8205 0
      vertex 56.8 122.1 0
      vertex 71.9929 99.9807 0
    endloop
  endfacet
  facet normal 0 0 -1
    outer loop
      vertex 75.7819 23.4307 0
      vertex 56.8 32.5 0
      vertex 75.745 23.9 0
    endloop
  endfacet
  facet normal 0 0 -1
    outer loop
      vertex 75.8918 22.9729 0
      vertex 56.8 32.5 0
      vertex 75.7819 23.4307 0
    endloop
  endfacet
  facet normal 0 0 -1
    outer loop
      vertex 76.072 22.538 0
      vertex 56.8 32.5 0
      vertex 75.8918 22.9729 0
    endloop
  endfacet
  facet normal 0 0 -1
    outer loop
      vertex 76.3179 22.1366 0
      vertex 56.8 32.5 0
      vertex 76.072 22.538 0
    endloop
  endfacet
  facet normal 0 0 -1
    outer loop
      vertex 76.6237 21.7787 0
      vertex 56.8 32.5 0
      vertex 76.3179 22.1366 0
    endloop
  endfacet
  facet normal 0 0 -1
    outer loop
      vertex 76.9816 21.4729 0
      vertex 56.8 32.5 0
      vertex 76.6237 21.7787 0
    endloop
  endfacet
  facet normal 0 0 -1
    outer loop
      vertex -35.5251 5.20013 0
      vertex 76.9816 21.4729 0
      vertex 77.383 21.227 0
    endloop
  endfacet
  facet normal -0 0 -1
    outer loop
      vertex 76.9816 21.4729 0
      vertex -35.1684 5.61775 0
      vertex 56.8 32.5 0
    endloop
  endfacet
  facet normal 0 -0 -1
    outer loop
      vertex -35.9427 4.84344 0
      vertex 77.8179 21.0468 0
      vertex -36.411 4.55648 0
    endloop
  endfacet
  facet normal -0 0 -1
    outer loop
      vertex 56.8 32.5 0
      vertex -34.5431 8.22252 0
      vertex -32.8 32.5 0
    endloop
  endfacet
  facet normal 0 0 -1
    outer loop
      vertex -34.5431 8.22252 0
      vertex 56.8 32.5 0
      vertex -34.5 7.675 0
    endloop
  endfacet
  facet normal 0 0 -1
    outer loop
      vertex 56.8 32.5 0
      vertex -34.5431 7.12748 0
      vertex -34.5 7.675 0
    endloop
  endfacet
  facet normal 0 0 -1
    outer loop
      vertex 56.8 32.5 0
      vertex -34.6713 6.59344 0
      vertex -34.5431 7.12748 0
    endloop
  endfacet
  facet normal 0 0 -1
    outer loop
      vertex 56.8 32.5 0
      vertex -34.8815 6.08603 0
      vertex -34.6713 6.59344 0
    endloop
  endfacet
  facet normal 0 0 -1
    outer loop
      vertex 56.8 32.5 0
      vertex -35.1684 5.61775 0
      vertex -34.8815 6.08603 0
    endloop
  endfacet
  facet normal 0 0 -1
    outer loop
      vertex 76.9816 21.4729 0
      vertex -35.5251 5.20013 0
      vertex -35.1684 5.61775 0
    endloop
  endfacet
  facet normal 0 0 -1
    outer loop
      vertex 77.383 21.227 0
      vertex -35.9427 4.84344 0
      vertex -35.5251 5.20013 0
    endloop
  endfacet
  facet normal -0 0 -1
    outer loop
      vertex 77.8179 21.0468 0
      vertex -35.9427 4.84344 0
      vertex 77.383 21.227 0
    endloop
  endfacet
  facet normal 0 0 -1
    outer loop
      vertex 126.5 0 0
      vertex -36.9184 4.3463 0
      vertex -36.411 4.55648 0
    endloop
  endfacet
  facet normal 0 0 -1
    outer loop
      vertex 126.5 0 0
      vertex -37.4525 4.21809 0
      vertex -36.9184 4.3463 0
    endloop
  endfacet
  facet normal 0 0 -1
    outer loop
      vertex 126.5 0 0
      vertex -38 4.175 0
      vertex -37.4525 4.21809 0
    endloop
  endfacet
  facet normal -0 0 -1
    outer loop
      vertex -41.3287 124.593 0
      vertex -42.355 121.545 0
      vertex -41.4569 125.127 0
    endloop
  endfacet
  facet normal 0 0 -1
    outer loop
      vertex -41.4569 7.12748 0
      vertex -42.355 11.805 0
      vertex -41.5 7.675 0
    endloop
  endfacet
  facet normal 0 0 -1
    outer loop
      vertex -41.4569 7.12748 0
      vertex -107.645 11.805 0
      vertex -42.355 11.805 0
    endloop
  endfacet
  facet normal 0 0 -1
    outer loop
      vertex -108.543 7.12748 0
      vertex -41.4569 7.12748 0
      vertex -41.3287 6.59344 0
    endloop
  endfacet
  facet normal 0 0 -1
    outer loop
      vertex -108.671 6.59344 0
      vertex -41.3287 6.59344 0
      vertex -41.1185 6.08603 0
    endloop
  endfacet
  facet normal 0 0 -1
    outer loop
      vertex -108.881 6.08603 0
      vertex -41.1185 6.08603 0
      vertex -40.8316 5.61775 0
    endloop
  endfacet
  facet normal 0 0 -1
    outer loop
      vertex -109.168 5.61775 0
      vertex -40.8316 5.61775 0
      vertex -40.4749 5.20013 0
    endloop
  endfacet
  facet normal 0 0 -1
    outer loop
      vertex -109.525 5.20013 0
      vertex -40.4749 5.20013 0
      vertex -40.0572 4.84344 0
    endloop
  endfacet
  facet normal 0 0 -1
    outer loop
      vertex -109.943 4.84344 0
      vertex -40.0572 4.84344 0
      vertex -39.589 4.55648 0
    endloop
  endfacet
  facet normal 0 0 -1
    outer loop
      vertex -110.411 4.55648 0
      vertex -39.589 4.55648 0
      vertex -39.0816 4.3463 0
    endloop
  endfacet
  facet normal 0 0 -1
    outer loop
      vertex -110.918 4.3463 0
      vertex -39.0816 4.3463 0
      vertex -38.5475 4.21809 0
    endloop
  endfacet
  facet normal 0 0 -1
    outer loop
      vertex -108.543 8.22252 0
      vertex -107.645 11.805 0
      vertex -108.5 7.675 0
    endloop
  endfacet
  facet normal 0 0 -1
    outer loop
      vertex -41.4569 7.12748 0
      vertex -108.543 7.12748 0
      vertex -107.645 11.805 0
    endloop
  endfacet
  facet normal 0 0 -1
    outer loop
      vertex -126.5 0 0
      vertex -38.5475 4.21809 0
      vertex -38 4.175 0
    endloop
  endfacet
  facet normal 0 0 -1
    outer loop
      vertex -107.645 11.805 0
      vertex -108.543 7.12748 0
      vertex -108.5 7.675 0
    endloop
  endfacet
  facet normal 0 0 -1
    outer loop
      vertex -41.3287 6.59344 0
      vertex -108.671 6.59344 0
      vertex -108.543 7.12748 0
    endloop
  endfacet
  facet normal 0 0 -1
    outer loop
      vertex -41.1185 6.08603 0
      vertex -108.881 6.08603 0
      vertex -108.671 6.59344 0
    endloop
  endfacet
  facet normal 0 0 -1
    outer loop
      vertex -40.8316 5.61775 0
      vertex -109.168 5.61775 0
      vertex -108.881 6.08603 0
    endloop
  endfacet
  facet normal 0 0 -1
    outer loop
      vertex -126.5 0 0
      vertex -38 4.175 0
      vertex 126.5 0 0
    endloop
  endfacet
  facet normal 0 0 -1
    outer loop
      vertex -40.4749 5.20013 0
      vertex -109.525 5.20013 0
      vertex -109.168 5.61775 0
    endloop
  endfacet
  facet normal 0 0 -1
    outer loop
      vertex -40.0572 4.84344 0
      vertex -109.943 4.84344 0
      vertex -109.525 5.20013 0
    endloop
  endfacet
  facet normal 0 0 -1
    outer loop
      vertex -39.589 4.55648 0
      vertex -110.411 4.55648 0
      vertex -109.943 4.84344 0
    endloop
  endfacet
  facet normal 0 0 -1
    outer loop
      vertex -39.0816 4.3463 0
      vertex -110.918 4.3463 0
      vertex -110.411 4.55648 0
    endloop
  endfacet
  facet normal -0 0 -1
    outer loop
      vertex -38.5475 4.21809 0
      vertex -126.5 0 0
      vertex -111.452 4.21809 0
    endloop
  endfacet
  facet normal 0 0 -1
    outer loop
      vertex -38.5475 4.21809 0
      vertex -111.452 4.21809 0
      vertex -110.918 4.3463 0
    endloop
  endfacet
  facet normal 0 0 -1
    outer loop
      vertex -115.329 124.593 0
      vertex -118.75 127 0
      vertex -115.457 125.127 0
    endloop
  endfacet
  facet normal 0 0 -1
    outer loop
      vertex -107.645 11.805 0
      vertex -118.784 50.3698 0
      vertex -118.75 50.8 0
    endloop
  endfacet
  facet normal 0 0 -1
    outer loop
      vertex -107.645 11.805 0
      vertex -118.885 49.9502 0
      vertex -118.784 50.3698 0
    endloop
  endfacet
  facet normal 0 0 -1
    outer loop
      vertex -126.5 0 0
      vertex -115.5 7.675 0
      vertex -115.457 7.12748 0
    endloop
  endfacet
  facet normal 0 0 -1
    outer loop
      vertex -107.645 11.805 0
      vertex -119.05 49.5515 0
      vertex -118.885 49.9502 0
    endloop
  endfacet
  facet normal 0 0 -1
    outer loop
      vertex -107.645 11.805 0
      vertex -119.275 49.1836 0
      vertex -119.05 49.5515 0
    endloop
  endfacet
  facet normal 0 0 -1
    outer loop
      vertex -107.645 11.805 0
      vertex -119.555 48.8555 0
      vertex -119.275 49.1836 0
    endloop
  endfacet
  facet normal 0 0 -1
    outer loop
      vertex -107.645 11.805 0
      vertex -119.884 48.5752 0
      vertex -119.555 48.8555 0
    endloop
  endfacet
  facet normal 0 0 -1
    outer loop
      vertex -107.645 11.805 0
      vertex -120.252 48.3497 0
      vertex -119.884 48.5752 0
    endloop
  endfacet
  facet normal 0 0 -1
    outer loop
      vertex -112 11.175 0
      vertex -120.65 48.1846 0
      vertex -120.252 48.3497 0
    endloop
  endfacet
  facet normal 0 0 -1
    outer loop
      vertex -112.548 11.1319 0
      vertex -121.07 48.0839 0
      vertex -120.65 48.1846 0
    endloop
  endfacet
  facet normal 0 0 -1
    outer loop
      vertex -113.082 11.0037 0
      vertex -121.5 48.05 0
      vertex -121.07 48.0839 0
    endloop
  endfacet
  facet normal 0 0 -1
    outer loop
      vertex -113.589 10.7935 0
      vertex -121.93 48.0839 0
      vertex -121.5 48.05 0
    endloop
  endfacet
  facet normal 0 0 -1
    outer loop
      vertex -114.057 10.5066 0
      vertex -122.35 48.1846 0
      vertex -121.93 48.0839 0
    endloop
  endfacet
  facet normal 0 0 -1
    outer loop
      vertex -114.475 10.1499 0
      vertex -122.748 48.3497 0
      vertex -122.35 48.1846 0
    endloop
  endfacet
  facet normal -0 0 -1
    outer loop
      vertex -114.832 9.73225 0
      vertex -126.5 0 0
      vertex -123.116 48.5752 0
    endloop
  endfacet
  facet normal 0 0 -1
    outer loop
      vertex -114.832 9.73225 0
      vertex -123.116 48.5752 0
      vertex -122.748 48.3497 0
    endloop
  endfacet
  facet normal -0 0 -1
    outer loop
      vertex -123.116 48.5752 0
      vertex -126.5 0 0
      vertex -123.445 48.8555 0
    endloop
  endfacet
  facet normal -0 0 -1
    outer loop
      vertex -123.445 48.8555 0
      vertex -126.5 0 0
      vertex -123.725 49.1836 0
    endloop
  endfacet
  facet normal -0 0 -1
    outer loop
      vertex -123.725 49.1836 0
      vertex -126.5 0 0
      vertex -123.95 49.5515 0
    endloop
  endfacet
  facet normal -0 0 -1
    outer loop
      vertex -123.95 49.5515 0
      vertex -126.5 0 0
      vertex -124.115 49.9502 0
    endloop
  endfacet
  facet normal 0 0 -1
    outer loop
      vertex -126.5 133.35 0
      vertex -124.25 50.8 0
      vertex -126.5 0 0
    endloop
  endfacet
  facet normal -0 0 -1
    outer loop
      vertex -124.216 50.3698 0
      vertex -126.5 0 0
      vertex -124.25 50.8 0
    endloop
  endfacet
  facet normal -0 0 -1
    outer loop
      vertex -124.115 49.9502 0
      vertex -126.5 0 0
      vertex -124.216 50.3698 0
    endloop
  endfacet
  facet normal -0 0 -1
    outer loop
      vertex -115.329 6.59344 0
      vertex -126.5 0 0
      vertex -115.457 7.12748 0
    endloop
  endfacet
  facet normal -0 0 -1
    outer loop
      vertex -115.119 6.08603 0
      vertex -126.5 0 0
      vertex -115.329 6.59344 0
    endloop
  endfacet
  facet normal -0 0 -1
    outer loop
      vertex -114.832 5.61775 0
      vertex -126.5 0 0
      vertex -115.119 6.08603 0
    endloop
  endfacet
  facet normal -0 0 -1
    outer loop
      vertex -114.475 5.20013 0
      vertex -126.5 0 0
      vertex -114.832 5.61775 0
    endloop
  endfacet
  facet normal -0 0 -1
    outer loop
      vertex -114.057 4.84344 0
      vertex -126.5 0 0
      vertex -114.475 5.20013 0
    endloop
  endfacet
  facet normal -0 0 -1
    outer loop
      vertex -113.589 4.55648 0
      vertex -126.5 0 0
      vertex -114.057 4.84344 0
    endloop
  endfacet
  facet normal -0 0 -1
    outer loop
      vertex -113.082 4.3463 0
      vertex -126.5 0 0
      vertex -113.589 4.55648 0
    endloop
  endfacet
  facet normal -0 0 -1
    outer loop
      vertex -112.548 4.21809 0
      vertex -126.5 0 0
      vertex -113.082 4.3463 0
    endloop
  endfacet
  facet normal -0 0 -1
    outer loop
      vertex -112 4.175 0
      vertex -126.5 0 0
      vertex -112.548 4.21809 0
    endloop
  endfacet
  facet normal 0 0 -1
    outer loop
      vertex -111.452 4.21809 0
      vertex -126.5 0 0
      vertex -112 4.175 0
    endloop
  endfacet
  facet normal 0 0 -1
    outer loop
      vertex 124.216 51.2302 0
      vertex 126.5 133.35 0
      vertex 124.25 50.8 0
    endloop
  endfacet
  facet normal 0 0 -1
    outer loop
      vertex 124.216 127.43 0
      vertex 126.5 133.35 0
      vertex 124.25 127 0
    endloop
  endfacet
  facet normal 0 0 -1
    outer loop
      vertex 124.115 127.85 0
      vertex 126.5 133.35 0
      vertex 124.216 127.43 0
    endloop
  endfacet
  facet normal 0 0 -1
    outer loop
      vertex 123.95 128.248 0
      vertex 126.5 133.35 0
      vertex 124.115 127.85 0
    endloop
  endfacet
  facet normal 0 0 -1
    outer loop
      vertex 123.725 128.616 0
      vertex 126.5 133.35 0
      vertex 123.95 128.248 0
    endloop
  endfacet
  facet normal 0 0 -1
    outer loop
      vertex 123.445 128.945 0
      vertex 126.5 133.35 0
      vertex 123.725 128.616 0
    endloop
  endfacet
  facet normal 0 0 -1
    outer loop
      vertex 123.116 129.225 0
      vertex 126.5 133.35 0
      vertex 123.445 128.945 0
    endloop
  endfacet
  facet normal 0 0 -1
    outer loop
      vertex 122.748 129.45 0
      vertex 126.5 133.35 0
      vertex 123.116 129.225 0
    endloop
  endfacet
  facet normal 0 0 -1
    outer loop
      vertex 122.35 129.615 0
      vertex 126.5 133.35 0
      vertex 122.748 129.45 0
    endloop
  endfacet
  facet normal 0 0 -1
    outer loop
      vertex 121.93 129.716 0
      vertex 126.5 133.35 0
      vertex 122.35 129.615 0
    endloop
  endfacet
  facet normal 0 0 -1
    outer loop
      vertex 121.5 129.75 0
      vertex 126.5 133.35 0
      vertex 121.93 129.716 0
    endloop
  endfacet
  facet normal 0 0 -1
    outer loop
      vertex 121.07 129.716 0
      vertex 126.5 133.35 0
      vertex 121.5 129.75 0
    endloop
  endfacet
  facet normal 0 0 -1
    outer loop
      vertex 120.65 129.615 0
      vertex 126.5 133.35 0
      vertex 121.07 129.716 0
    endloop
  endfacet
  facet normal 0 0 -1
    outer loop
      vertex 120.252 129.45 0
      vertex 126.5 133.35 0
      vertex 120.65 129.615 0
    endloop
  endfacet
  facet normal 0 0 -1
    outer loop
      vertex 56.8 122.1 0
      vertex 120.252 129.45 0
      vertex 119.884 129.225 0
    endloop
  endfacet
  facet normal 0 0 -1
    outer loop
      vertex 101.906 117.132 0
      vertex 119.05 125.752 0
      vertex 101.969 116.979 0
    endloop
  endfacet
  facet normal -0 0 -1
    outer loop
      vertex 119.05 125.752 0
      vertex 101.906 117.132 0
      vertex 118.885 126.15 0
    endloop
  endfacet
  facet normal 0 0 -1
    outer loop
      vertex 101.819 117.272 0
      vertex 118.885 126.15 0
      vertex 101.906 117.132 0
    endloop
  endfacet
  facet normal 0 0 -1
    outer loop
      vertex 101.712 117.397 0
      vertex 118.885 126.15 0
      vertex 101.819 117.272 0
    endloop
  endfacet
  facet normal -0 0 -1
    outer loop
      vertex 118.885 126.15 0
      vertex 101.712 117.397 0
      vertex 118.784 126.57 0
    endloop
  endfacet
  facet normal 0 0 -1
    outer loop
      vertex 101.587 117.504 0
      vertex 118.784 126.57 0
      vertex 101.712 117.397 0
    endloop
  endfacet
  facet normal -0 0 -1
    outer loop
      vertex 118.784 126.57 0
      vertex 101.587 117.504 0
      vertex 118.75 127 0
    endloop
  endfacet
  facet normal 0 0 -1
    outer loop
      vertex 101.447 117.591 0
      vertex 118.75 127 0
      vertex 101.587 117.504 0
    endloop
  endfacet
  facet normal -0 0 -1
    outer loop
      vertex 118.75 127 0
      vertex 101.447 117.591 0
      vertex 118.784 127.43 0
    endloop
  endfacet
  facet normal 0 0 -1
    outer loop
      vertex 101.294 117.654 0
      vertex 118.784 127.43 0
      vertex 101.447 117.591 0
    endloop
  endfacet
  facet normal -0 0 -1
    outer loop
      vertex 118.784 127.43 0
      vertex 101.294 117.654 0
      vertex 118.885 127.85 0
    endloop
  endfacet
  facet normal 0 0 -1
    outer loop
      vertex 101.134 117.692 0
      vertex 118.885 127.85 0
      vertex 101.294 117.654 0
    endloop
  endfacet
  facet normal -0 0 -1
    outer loop
      vertex 118.885 127.85 0
      vertex 101.134 117.692 0
      vertex 119.05 128.248 0
    endloop
  endfacet
  facet normal 0 0 -1
    outer loop
      vertex 100.97 117.705 0
      vertex 119.05 128.248 0
      vertex 101.134 117.692 0
    endloop
  endfacet
  facet normal -0 0 -1
    outer loop
      vertex 119.05 128.248 0
      vertex 100.97 117.705 0
      vertex 119.275 128.616 0
    endloop
  endfacet
  facet normal 0 0 -1
    outer loop
      vertex 100.806 117.692 0
      vertex 119.275 128.616 0
      vertex 100.97 117.705 0
    endloop
  endfacet
  facet normal -0 0 -1
    outer loop
      vertex 119.275 128.616 0
      vertex 100.806 117.692 0
      vertex 119.555 128.945 0
    endloop
  endfacet
  facet normal 0 0 -1
    outer loop
      vertex 100.646 117.654 0
      vertex 119.555 128.945 0
      vertex 100.806 117.692 0
    endloop
  endfacet
  facet normal 0 0 -1
    outer loop
      vertex 73.3545 117.654 0
      vertex 119.555 128.945 0
      vertex 100.646 117.654 0
    endloop
  endfacet
  facet normal 0 0 -1
    outer loop
      vertex 73.1943 117.692 0
      vertex 119.555 128.945 0
      vertex 73.3545 117.654 0
    endloop
  endfacet
  facet normal 0 0 -1
    outer loop
      vertex 73.3545 117.654 0
      vertex 100.646 117.654 0
      vertex 100.493 117.591 0
    endloop
  endfacet
  facet normal 0 0 -1
    outer loop
      vertex 97.0184 96.327 0
      vertex 100.228 99.4025 0
      vertex 97.3763 96.0213 0
    endloop
  endfacet
  facet normal -0 0 -1
    outer loop
      vertex 100.228 99.4025 0
      vertex 97.0184 96.327 0
      vertex 100.121 99.5278 0
    endloop
  endfacet
  facet normal -0 0 -1
    outer loop
      vertex 99.9714 116.331 0
      vertex 98.192 111.192 0
      vertex 99.9329 116.491 0
    endloop
  endfacet
  facet normal -0 0 -1
    outer loop
      vertex 99.9329 116.491 0
      vertex 98.192 111.192 0
      vertex 99.92 116.655 0
    endloop
  endfacet
  facet normal -0 0 -1
    outer loop
      vertex 99.92 116.655 0
      vertex 98.192 111.192 0
      vertex 99.9329 116.819 0
    endloop
  endfacet
  facet normal 0 0 -1
    outer loop
      vertex 75.808 111.192 0
      vertex 99.9329 116.819 0
      vertex 98.192 111.192 0
    endloop
  endfacet
  facet normal 0 0 -1
    outer loop
      vertex 74.0671 116.819 0
      vertex 99.9329 116.819 0
      vertex 75.808 111.192 0
    endloop
  endfacet
  facet normal 0 0 -1
    outer loop
      vertex 99.9329 116.819 0
      vertex 74.0671 116.819 0
      vertex 99.9714 116.979 0
    endloop
  endfacet
  facet normal 0 0 -1
    outer loop
      vertex 74.0286 116.979 0
      vertex 99.9714 116.979 0
      vertex 74.0671 116.819 0
    endloop
  endfacet
  facet normal 0 0 -1
    outer loop
      vertex 99.9714 116.979 0
      vertex 74.0286 116.979 0
      vertex 100.034 117.132 0
    endloop
  endfacet
  facet normal 0 0 -1
    outer loop
      vertex 73.9656 117.132 0
      vertex 100.034 117.132 0
      vertex 74.0286 116.979 0
    endloop
  endfacet
  facet normal 0 0 -1
    outer loop
      vertex 100.034 117.132 0
      vertex 73.9656 117.132 0
      vertex 100.121 117.272 0
    endloop
  endfacet
  facet normal 0 0 -1
    outer loop
      vertex 73.8795 117.272 0
      vertex 100.121 117.272 0
      vertex 73.9656 117.132 0
    endloop
  endfacet
  facet normal 0 0 -1
    outer loop
      vertex 74.08 100.145 0
      vertex 75.7819 94.3693 0
      vertex 75.745 93.9 0
    endloop
  endfacet
  facet normal 0 0 -1
    outer loop
      vertex 74.0286 100.469 0
      vertex 78.745 96.9 0
      vertex 74.0671 100.309 0
    endloop
  endfacet
  facet normal 0 0 -1
    outer loop
      vertex 78.745 96.9 0
      vertex 74.0286 100.469 0
      vertex 75.808 105.608 0
    endloop
  endfacet
  facet normal 0 0 -1
    outer loop
      vertex 74.0671 116.819 0
      vertex 75.808 111.192 0
      vertex 74.08 116.655 0
    endloop
  endfacet
  facet normal 0 0 -1
    outer loop
      vertex 100.121 117.272 0
      vertex 73.8795 117.272 0
      vertex 100.228 117.397 0
    endloop
  endfacet
  facet normal 0 0 -1
    outer loop
      vertex 73.7725 117.397 0
      vertex 100.228 117.397 0
      vertex 73.8795 117.272 0
    endloop
  endfacet
  facet normal 0 0 -1
    outer loop
      vertex 100.228 117.397 0
      vertex 73.7725 117.397 0
      vertex 100.353 117.504 0
    endloop
  endfacet
  facet normal 0 0 -1
    outer loop
      vertex 73.6472 117.504 0
      vertex 100.353 117.504 0
      vertex 73.7725 117.397 0
    endloop
  endfacet
  facet normal 0 0 -1
    outer loop
      vertex 100.353 117.504 0
      vertex 73.6472 117.504 0
      vertex 100.493 117.591 0
    endloop
  endfacet
  facet normal 0 0 -1
    outer loop
      vertex 73.5067 117.591 0
      vertex 100.493 117.591 0
      vertex 73.6472 117.504 0
    endloop
  endfacet
  facet normal 0 0 -1
    outer loop
      vertex 73.3545 117.654 0
      vertex 100.493 117.591 0
      vertex 73.5067 117.591 0
    endloop
  endfacet
  facet normal -0 0 -1
    outer loop
      vertex 119.555 128.945 0
      vertex 73.1943 117.692 0
      vertex 119.884 129.225 0
    endloop
  endfacet
  facet normal 0 0 -1
    outer loop
      vertex 56.8 122.1 0
      vertex 119.884 129.225 0
      vertex 73.1943 117.692 0
    endloop
  endfacet
  facet normal 0 0 -1
    outer loop
      vertex 56.8 122.1 0
      vertex 73.1943 117.692 0
      vertex 73.03 117.705 0
    endloop
  endfacet
  facet normal 0 0 -1
    outer loop
      vertex 56.8 122.1 0
      vertex 73.03 117.705 0
      vertex 72.8657 117.692 0
    endloop
  endfacet
  facet normal 0 0 -1
    outer loop
      vertex 56.8 122.1 0
      vertex 72.8657 117.692 0
      vertex 72.7055 117.654 0
    endloop
  endfacet
  facet normal 0 0 -1
    outer loop
      vertex 71.9929 116.491 0
      vertex 56.8 122.1 0
      vertex 71.98 116.655 0
    endloop
  endfacet
  facet normal 0 0 -1
    outer loop
      vertex 71.98 116.655 0
      vertex 56.8 122.1 0
      vertex 71.9929 116.819 0
    endloop
  endfacet
  facet normal 0 0 -1
    outer loop
      vertex 56.8 122.1 0
      vertex 72.0314 116.979 0
      vertex 71.9929 116.819 0
    endloop
  endfacet
  facet normal 0 0 -1
    outer loop
      vertex 56.8 122.1 0
      vertex 72.0944 117.132 0
      vertex 72.0314 116.979 0
    endloop
  endfacet
  facet normal 0 0 -1
    outer loop
      vertex 56.8 122.1 0
      vertex 72.1805 117.272 0
      vertex 72.0944 117.132 0
    endloop
  endfacet
  facet normal 0 0 -1
    outer loop
      vertex 56.8 122.1 0
      vertex 72.2875 117.397 0
      vertex 72.1805 117.272 0
    endloop
  endfacet
  facet normal 0 0 -1
    outer loop
      vertex 56.8 122.1 0
      vertex 72.4128 117.504 0
      vertex 72.2875 117.397 0
    endloop
  endfacet
  facet normal 0 0 -1
    outer loop
      vertex 56.8 122.1 0
      vertex 72.5533 117.591 0
      vertex 72.4128 117.504 0
    endloop
  endfacet
  facet normal 0 0 -1
    outer loop
      vertex 56.8 122.1 0
      vertex 72.7055 117.654 0
      vertex 72.5533 117.591 0
    endloop
  endfacet
  facet normal -0 0 -1
    outer loop
      vertex 120.252 129.45 0
      vertex 56.8 122.1 0
      vertex 126.5 133.35 0
    endloop
  endfacet
  facet normal 0 0 -1
    outer loop
      vertex -34.6713 126.757 0
      vertex 56.8 122.1 0
      vertex -32.8 122.1 0
    endloop
  endfacet
  facet normal 0 0 -1
    outer loop
      vertex -32.8 32.5 0
      vertex -34.5 125.675 0
      vertex -32.8 122.1 0
    endloop
  endfacet
  facet normal 0 0 -1
    outer loop
      vertex -34.5431 126.223 0
      vertex -32.8 122.1 0
      vertex -34.5 125.675 0
    endloop
  endfacet
  facet normal 0 0 -1
    outer loop
      vertex -34.6713 126.757 0
      vertex -32.8 122.1 0
      vertex -34.5431 126.223 0
    endloop
  endfacet
  facet normal 0 0 -1
    outer loop
      vertex -34.8815 127.264 0
      vertex 56.8 122.1 0
      vertex -34.6713 126.757 0
    endloop
  endfacet
  facet normal 0 0 -1
    outer loop
      vertex -35.1684 127.732 0
      vertex 56.8 122.1 0
      vertex -34.8815 127.264 0
    endloop
  endfacet
  facet normal 0 0 -1
    outer loop
      vertex -35.5251 128.15 0
      vertex 56.8 122.1 0
      vertex -35.1684 127.732 0
    endloop
  endfacet
  facet normal 0 0 -1
    outer loop
      vertex -35.9427 128.507 0
      vertex 56.8 122.1 0
      vertex -35.5251 128.15 0
    endloop
  endfacet
  facet normal 0 0 -1
    outer loop
      vertex -36.411 128.794 0
      vertex 56.8 122.1 0
      vertex -35.9427 128.507 0
    endloop
  endfacet
  facet normal 0 0 -1
    outer loop
      vertex -36.9184 129.004 0
      vertex 56.8 122.1 0
      vertex -36.411 128.794 0
    endloop
  endfacet
  facet normal 0 0 -1
    outer loop
      vertex -37.4525 129.132 0
      vertex 56.8 122.1 0
      vertex -36.9184 129.004 0
    endloop
  endfacet
  facet normal 0 0 -1
    outer loop
      vertex 56.8 122.1 0
      vertex -37.4525 129.132 0
      vertex 126.5 133.35 0
    endloop
  endfacet
  facet normal 0 0 -1
    outer loop
      vertex -38 129.175 0
      vertex 126.5 133.35 0
      vertex -37.4525 129.132 0
    endloop
  endfacet
  facet normal -0 0 -1
    outer loop
      vertex -41.4569 125.127 0
      vertex -42.355 121.545 0
      vertex -41.5 125.675 0
    endloop
  endfacet
  facet normal 0 0 -1
    outer loop
      vertex -42.355 121.545 0
      vertex -41.4569 126.223 0
      vertex -41.5 125.675 0
    endloop
  endfacet
  facet normal 0 0 -1
    outer loop
      vertex -107.645 121.545 0
      vertex -41.4569 126.223 0
      vertex -42.355 121.545 0
    endloop
  endfacet
  facet normal 0 0 -1
    outer loop
      vertex -108.543 126.223 0
      vertex -41.4569 126.223 0
      vertex -107.645 121.545 0
    endloop
  endfacet
  facet normal 0 0 -1
    outer loop
      vertex -41.4569 126.223 0
      vertex -108.543 126.223 0
      vertex -41.3287 126.757 0
    endloop
  endfacet
  facet normal 0 0 -1
    outer loop
      vertex -108.671 126.757 0
      vertex -41.3287 126.757 0
      vertex -108.543 126.223 0
    endloop
  endfacet
  facet normal 0 0 -1
    outer loop
      vertex -41.3287 126.757 0
      vertex -108.671 126.757 0
      vertex -41.1185 127.264 0
    endloop
  endfacet
  facet normal 0 0 -1
    outer loop
      vertex -108.881 127.264 0
      vertex -41.1185 127.264 0
      vertex -108.671 126.757 0
    endloop
  endfacet
  facet normal 0 0 -1
    outer loop
      vertex -41.1185 127.264 0
      vertex -108.881 127.264 0
      vertex -40.8316 127.732 0
    endloop
  endfacet
  facet normal 0 0 -1
    outer loop
      vertex -109.168 127.732 0
      vertex -40.8316 127.732 0
      vertex -108.881 127.264 0
    endloop
  endfacet
  facet normal 0 0 -1
    outer loop
      vertex -40.8316 127.732 0
      vertex -109.168 127.732 0
      vertex -40.4749 128.15 0
    endloop
  endfacet
  facet normal 0 0 -1
    outer loop
      vertex -108.671 8.75656 0
      vertex -107.645 11.805 0
      vertex -108.543 8.22252 0
    endloop
  endfacet
  facet normal 0 0 -1
    outer loop
      vertex -108.543 126.223 0
      vertex -107.645 121.545 0
      vertex -108.5 125.675 0
    endloop
  endfacet
  facet normal 0 0 -1
    outer loop
      vertex -109.525 128.15 0
      vertex -40.4749 128.15 0
      vertex -109.168 127.732 0
    endloop
  endfacet
  facet normal 0 0 -1
    outer loop
      vertex -40.4749 128.15 0
      vertex -109.525 128.15 0
      vertex -40.0572 128.507 0
    endloop
  endfacet
  facet normal 0 0 -1
    outer loop
      vertex -109.943 128.507 0
      vertex -40.0572 128.507 0
      vertex -109.525 128.15 0
    endloop
  endfacet
  facet normal 0 0 -1
    outer loop
      vertex -40.0572 128.507 0
      vertex -109.943 128.507 0
      vertex -39.589 128.794 0
    endloop
  endfacet
  facet normal 0 0 -1
    outer loop
      vertex -110.411 128.794 0
      vertex -39.589 128.794 0
      vertex -109.943 128.507 0
    endloop
  endfacet
  facet normal 0 0 -1
    outer loop
      vertex -39.589 128.794 0
      vertex -110.411 128.794 0
      vertex -39.0816 129.004 0
    endloop
  endfacet
  facet normal 0 0 -1
    outer loop
      vertex -110.918 129.004 0
      vertex -39.0816 129.004 0
      vertex -110.411 128.794 0
    endloop
  endfacet
  facet normal 0 0 -1
    outer loop
      vertex -39.0816 129.004 0
      vertex -110.918 129.004 0
      vertex -38.5475 129.132 0
    endloop
  endfacet
  facet normal 0 0 -1
    outer loop
      vertex -111.452 129.132 0
      vertex -38.5475 129.132 0
      vertex -110.918 129.004 0
    endloop
  endfacet
  facet normal 0 0 -1
    outer loop
      vertex -126.5 133.35 0
      vertex -38.5475 129.132 0
      vertex -111.452 129.132 0
    endloop
  endfacet
  facet normal 0 0 -1
    outer loop
      vertex -38.5475 129.132 0
      vertex -126.5 133.35 0
      vertex -38 129.175 0
    endloop
  endfacet
  facet normal 0 0 -1
    outer loop
      vertex -126.5 133.35 0
      vertex -111.452 129.132 0
      vertex -112 129.175 0
    endloop
  endfacet
  facet normal 0 0 -1
    outer loop
      vertex -115.457 125.127 0
      vertex -118.75 127 0
      vertex -115.5 125.675 0
    endloop
  endfacet
  facet normal 0 0 -1
    outer loop
      vertex -118.75 127 0
      vertex -115.457 126.223 0
      vertex -115.5 125.675 0
    endloop
  endfacet
  facet normal 0 0 -1
    outer loop
      vertex -118.75 127 0
      vertex -115.329 126.757 0
      vertex -115.457 126.223 0
    endloop
  endfacet
  facet normal 0 0 -1
    outer loop
      vertex -118.784 127.43 0
      vertex -115.329 126.757 0
      vertex -118.75 127 0
    endloop
  endfacet
  facet normal 0 0 -1
    outer loop
      vertex -115.329 126.757 0
      vertex -118.784 127.43 0
      vertex -115.119 127.264 0
    endloop
  endfacet
  facet normal 0 0 -1
    outer loop
      vertex -118.885 127.85 0
      vertex -115.119 127.264 0
      vertex -118.784 127.43 0
    endloop
  endfacet
  facet normal 0 0 -1
    outer loop
      vertex -115.119 127.264 0
      vertex -118.885 127.85 0
      vertex -114.832 127.732 0
    endloop
  endfacet
  facet normal 0 0 -1
    outer loop
      vertex -119.05 128.248 0
      vertex -114.832 127.732 0
      vertex -118.885 127.85 0
    endloop
  endfacet
  facet normal 0 0 -1
    outer loop
      vertex -114.832 127.732 0
      vertex -119.05 128.248 0
      vertex -114.475 128.15 0
    endloop
  endfacet
  facet normal 0 0 -1
    outer loop
      vertex -119.275 128.616 0
      vertex -114.475 128.15 0
      vertex -119.05 128.248 0
    endloop
  endfacet
  facet normal 0 0 -1
    outer loop
      vertex -114.475 128.15 0
      vertex -119.275 128.616 0
      vertex -114.057 128.507 0
    endloop
  endfacet
  facet normal 0 0 -1
    outer loop
      vertex -119.555 128.945 0
      vertex -114.057 128.507 0
      vertex -119.275 128.616 0
    endloop
  endfacet
  facet normal 0 0 -1
    outer loop
      vertex -114.057 128.507 0
      vertex -119.555 128.945 0
      vertex -113.589 128.794 0
    endloop
  endfacet
  facet normal 0 0 -1
    outer loop
      vertex -119.884 129.225 0
      vertex -113.589 128.794 0
      vertex -119.555 128.945 0
    endloop
  endfacet
  facet normal 0 0 -1
    outer loop
      vertex -120.252 129.45 0
      vertex -113.589 128.794 0
      vertex -119.884 129.225 0
    endloop
  endfacet
  facet normal 0 0 -1
    outer loop
      vertex -113.589 128.794 0
      vertex -120.252 129.45 0
      vertex -113.082 129.004 0
    endloop
  endfacet
  facet normal 0 0 -1
    outer loop
      vertex -120.65 129.615 0
      vertex -113.082 129.004 0
      vertex -120.252 129.45 0
    endloop
  endfacet
  facet normal 0 0 -1
    outer loop
      vertex -113.082 129.004 0
      vertex -120.65 129.615 0
      vertex -112.548 129.132 0
    endloop
  endfacet
  facet normal 0 0 -1
    outer loop
      vertex -126.5 133.35 0
      vertex -112.548 129.132 0
      vertex -120.65 129.615 0
    endloop
  endfacet
  facet normal 0 0 -1
    outer loop
      vertex -112.548 129.132 0
      vertex -126.5 133.35 0
      vertex -112 129.175 0
    endloop
  endfacet
  facet normal 0 0 -1
    outer loop
      vertex -126.5 133.35 0
      vertex -120.65 129.615 0
      vertex -121.07 129.716 0
    endloop
  endfacet
  facet normal 0 0 -1
    outer loop
      vertex -126.5 133.35 0
      vertex -121.07 129.716 0
      vertex -121.5 129.75 0
    endloop
  endfacet
  facet normal 0 0 -1
    outer loop
      vertex -38 129.175 0
      vertex -126.5 133.35 0
      vertex 126.5 133.35 0
    endloop
  endfacet
  facet normal 0 0 -1
    outer loop
      vertex -121.93 129.716 0
      vertex -126.5 133.35 0
      vertex -121.5 129.75 0
    endloop
  endfacet
  facet normal 0 0 -1
    outer loop
      vertex -122.35 129.615 0
      vertex -126.5 133.35 0
      vertex -121.93 129.716 0
    endloop
  endfacet
  facet normal 0 0 -1
    outer loop
      vertex -122.748 129.45 0
      vertex -126.5 133.35 0
      vertex -122.35 129.615 0
    endloop
  endfacet
  facet normal 0 0 -1
    outer loop
      vertex -123.116 129.225 0
      vertex -126.5 133.35 0
      vertex -122.748 129.45 0
    endloop
  endfacet
  facet normal 0 0 -1
    outer loop
      vertex -123.445 128.945 0
      vertex -126.5 133.35 0
      vertex -123.116 129.225 0
    endloop
  endfacet
  facet normal 0 0 -1
    outer loop
      vertex -123.725 128.616 0
      vertex -126.5 133.35 0
      vertex -123.445 128.945 0
    endloop
  endfacet
  facet normal 0 0 -1
    outer loop
      vertex -123.95 128.248 0
      vertex -126.5 133.35 0
      vertex -123.725 128.616 0
    endloop
  endfacet
  facet normal 0 0 -1
    outer loop
      vertex -124.115 127.85 0
      vertex -126.5 133.35 0
      vertex -123.95 128.248 0
    endloop
  endfacet
  facet normal 0 0 -1
    outer loop
      vertex -124.216 127.43 0
      vertex -126.5 133.35 0
      vertex -124.115 127.85 0
    endloop
  endfacet
  facet normal 0 0 -1
    outer loop
      vertex -124.25 127 0
      vertex -126.5 133.35 0
      vertex -124.216 127.43 0
    endloop
  endfacet
  facet normal 0 0 -1
    outer loop
      vertex -124.216 126.57 0
      vertex -126.5 133.35 0
      vertex -124.25 127 0
    endloop
  endfacet
  facet normal 0 0 -1
    outer loop
      vertex 91.4496 89.6328 0
      vertex 93.893 91.227 0
      vertex 91.9005 88.8969 0
    endloop
  endfacet
  facet normal -0 0 -1
    outer loop
      vertex 93.893 91.227 0
      vertex 91.4496 89.6328 0
      vertex 93.4916 91.4729 0
    endloop
  endfacet
  facet normal -0 0 -1
    outer loop
      vertex 93.4916 91.4729 0
      vertex 91.4496 89.6328 0
      vertex 93.1337 91.7787 0
    endloop
  endfacet
  facet normal 0 0 -1
    outer loop
      vertex 90.8891 90.2891 0
      vertex 93.1337 91.7787 0
      vertex 91.4496 89.6328 0
    endloop
  endfacet
  facet normal -0 0 -1
    outer loop
      vertex 93.1337 91.7787 0
      vertex 90.8891 90.2891 0
      vertex 92.8279 92.1366 0
    endloop
  endfacet
  facet normal -0 0 -1
    outer loop
      vertex 92.8279 92.1366 0
      vertex 90.8891 90.2891 0
      vertex 92.582 92.538 0
    endloop
  endfacet
  facet normal 0 0 -1
    outer loop
      vertex 79.7821 23.7357 0
      vertex 79.7821 24.0643 0
      vertex 79.795 23.9 0
    endloop
  endfacet
  facet normal 0 0 -1
    outer loop
      vertex 79.7436 23.5755 0
      vertex 79.7821 24.0643 0
      vertex 79.7821 23.7357 0
    endloop
  endfacet
  facet normal 0 0 -1
    outer loop
      vertex 79.7436 23.5755 0
      vertex 79.7436 24.2245 0
      vertex 79.7821 24.0643 0
    endloop
  endfacet
  facet normal 0 0 -1
    outer loop
      vertex 79.6806 23.4233 0
      vertex 79.7436 24.2245 0
      vertex 79.7436 23.5755 0
    endloop
  endfacet
  facet normal 0 0 -1
    outer loop
      vertex 79.6806 23.4233 0
      vertex 79.6806 24.3767 0
      vertex 79.7436 24.2245 0
    endloop
  endfacet
  facet normal 0 0 -1
    outer loop
      vertex 79.5945 23.2828 0
      vertex 79.6806 24.3767 0
      vertex 79.6806 23.4233 0
    endloop
  endfacet
  facet normal 0 0 -1
    outer loop
      vertex 79.5945 23.2828 0
      vertex 79.5945 24.5172 0
      vertex 79.6806 24.3767 0
    endloop
  endfacet
  facet normal 0 0 -1
    outer loop
      vertex 79.4875 23.1575 0
      vertex 79.5945 24.5172 0
      vertex 79.5945 23.2828 0
    endloop
  endfacet
  facet normal 0 0 -1
    outer loop
      vertex 79.4875 23.1575 0
      vertex 79.4875 24.6425 0
      vertex 79.5945 24.5172 0
    endloop
  endfacet
  facet normal 0 0 -1
    outer loop
      vertex 79.3622 23.0505 0
      vertex 79.4875 24.6425 0
      vertex 79.4875 23.1575 0
    endloop
  endfacet
  facet normal 0 0 -1
    outer loop
      vertex 79.3622 23.0505 0
      vertex 79.3622 24.7495 0
      vertex 79.4875 24.6425 0
    endloop
  endfacet
  facet normal 0 0 -1
    outer loop
      vertex 79.2217 22.9644 0
      vertex 79.3622 24.7495 0
      vertex 79.3622 23.0505 0
    endloop
  endfacet
  facet normal 0 0 -1
    outer loop
      vertex 79.2217 22.9644 0
      vertex 79.2217 24.8356 0
      vertex 79.3622 24.7495 0
    endloop
  endfacet
  facet normal 0 0 -1
    outer loop
      vertex 79.0695 22.9014 0
      vertex 79.2217 24.8356 0
      vertex 79.2217 22.9644 0
    endloop
  endfacet
  facet normal 0 0 -1
    outer loop
      vertex 79.0695 22.9014 0
      vertex 79.0695 24.8986 0
      vertex 79.2217 24.8356 0
    endloop
  endfacet
  facet normal 0 0 -1
    outer loop
      vertex 78.9093 22.8629 0
      vertex 79.0695 24.8986 0
      vertex 79.0695 22.9014 0
    endloop
  endfacet
  facet normal 0 0 -1
    outer loop
      vertex 78.9093 22.8629 0
      vertex 78.9093 24.9371 0
      vertex 79.0695 24.8986 0
    endloop
  endfacet
  facet normal 0 0 -1
    outer loop
      vertex 78.745 22.85 0
      vertex 78.9093 24.9371 0
      vertex 78.9093 22.8629 0
    endloop
  endfacet
  facet normal 0 0 -1
    outer loop
      vertex 78.745 22.85 0
      vertex 78.745 24.95 0
      vertex 78.9093 24.9371 0
    endloop
  endfacet
  facet normal 0 0 -1
    outer loop
      vertex 78.5807 22.8629 0
      vertex 78.745 24.95 0
      vertex 78.745 22.85 0
    endloop
  endfacet
  facet normal 0 0 -1
    outer loop
      vertex 78.5807 22.8629 0
      vertex 78.5807 24.9371 0
      vertex 78.745 24.95 0
    endloop
  endfacet
  facet normal 0 0 -1
    outer loop
      vertex 78.4205 22.9014 0
      vertex 78.5807 24.9371 0
      vertex 78.5807 22.8629 0
    endloop
  endfacet
  facet normal 0 0 -1
    outer loop
      vertex 78.4205 22.9014 0
      vertex 78.4205 24.8986 0
      vertex 78.5807 24.9371 0
    endloop
  endfacet
  facet normal 0 0 -1
    outer loop
      vertex 78.2683 22.9644 0
      vertex 78.4205 24.8986 0
      vertex 78.4205 22.9014 0
    endloop
  endfacet
  facet normal 0 0 -1
    outer loop
      vertex 78.2683 22.9644 0
      vertex 78.2683 24.8356 0
      vertex 78.4205 24.8986 0
    endloop
  endfacet
  facet normal 0 0 -1
    outer loop
      vertex 78.1278 23.0505 0
      vertex 78.2683 24.8356 0
      vertex 78.2683 22.9644 0
    endloop
  endfacet
  facet normal 0 0 -1
    outer loop
      vertex 78.1278 23.0505 0
      vertex 78.1278 24.7495 0
      vertex 78.2683 24.8356 0
    endloop
  endfacet
  facet normal 0 0 -1
    outer loop
      vertex 78.0025 23.1575 0
      vertex 78.1278 24.7495 0
      vertex 78.1278 23.0505 0
    endloop
  endfacet
  facet normal 0 0 -1
    outer loop
      vertex 78.0025 23.1575 0
      vertex 78.0025 24.6425 0
      vertex 78.1278 24.7495 0
    endloop
  endfacet
  facet normal 0 0 -1
    outer loop
      vertex 77.8955 23.2828 0
      vertex 78.0025 24.6425 0
      vertex 78.0025 23.1575 0
    endloop
  endfacet
  facet normal 0 0 -1
    outer loop
      vertex 77.8955 23.2828 0
      vertex 77.8955 24.5172 0
      vertex 78.0025 24.6425 0
    endloop
  endfacet
  facet normal 0 0 -1
    outer loop
      vertex 77.8094 23.4233 0
      vertex 77.8955 24.5172 0
      vertex 77.8955 23.2828 0
    endloop
  endfacet
  facet normal 0 0 -1
    outer loop
      vertex 77.8094 23.4233 0
      vertex 77.8094 24.3767 0
      vertex 77.8955 24.5172 0
    endloop
  endfacet
  facet normal 0 0 -1
    outer loop
      vertex 77.7464 23.5755 0
      vertex 77.8094 24.3767 0
      vertex 77.8094 23.4233 0
    endloop
  endfacet
  facet normal 0 0 -1
    outer loop
      vertex 77.7464 23.5755 0
      vertex 77.7464 24.2245 0
      vertex 77.8094 24.3767 0
    endloop
  endfacet
  facet normal 0 0 -1
    outer loop
      vertex 77.7079 23.7357 0
      vertex 77.7464 24.2245 0
      vertex 77.7464 23.5755 0
    endloop
  endfacet
  facet normal 0 0 -1
    outer loop
      vertex 77.7079 23.7357 0
      vertex 77.7079 24.0643 0
      vertex 77.7464 24.2245 0
    endloop
  endfacet
  facet normal 0 -0 -1
    outer loop
      vertex 77.7079 24.0643 0
      vertex 77.7079 23.7357 0
      vertex 77.695 23.9 0
    endloop
  endfacet
  facet normal 0 0 -1
    outer loop
      vertex 79.7821 93.7357 0
      vertex 79.7821 94.0643 0
      vertex 79.795 93.9 0
    endloop
  endfacet
  facet normal 0 0 -1
    outer loop
      vertex 79.7436 93.5755 0
      vertex 79.7821 94.0643 0
      vertex 79.7821 93.7357 0
    endloop
  endfacet
  facet normal 0 0 -1
    outer loop
      vertex 79.7436 93.5755 0
      vertex 79.7436 94.2245 0
      vertex 79.7821 94.0643 0
    endloop
  endfacet
  facet normal 0 0 -1
    outer loop
      vertex 79.6806 93.4233 0
      vertex 79.7436 94.2245 0
      vertex 79.7436 93.5755 0
    endloop
  endfacet
  facet normal 0 0 -1
    outer loop
      vertex 79.6806 93.4233 0
      vertex 79.6806 94.3767 0
      vertex 79.7436 94.2245 0
    endloop
  endfacet
  facet normal 0 0 -1
    outer loop
      vertex 79.5945 93.2828 0
      vertex 79.6806 94.3767 0
      vertex 79.6806 93.4233 0
    endloop
  endfacet
  facet normal 0 0 -1
    outer loop
      vertex 79.5945 93.2828 0
      vertex 79.5945 94.5172 0
      vertex 79.6806 94.3767 0
    endloop
  endfacet
  facet normal 0 0 -1
    outer loop
      vertex 79.4875 93.1575 0
      vertex 79.5945 94.5172 0
      vertex 79.5945 93.2828 0
    endloop
  endfacet
  facet normal 0 0 -1
    outer loop
      vertex 79.4875 93.1575 0
      vertex 79.4875 94.6425 0
      vertex 79.5945 94.5172 0
    endloop
  endfacet
  facet normal 0 0 -1
    outer loop
      vertex 79.3622 93.0505 0
      vertex 79.4875 94.6425 0
      vertex 79.4875 93.1575 0
    endloop
  endfacet
  facet normal 0 0 -1
    outer loop
      vertex 79.3622 93.0505 0
      vertex 79.3622 94.7495 0
      vertex 79.4875 94.6425 0
    endloop
  endfacet
  facet normal 0 0 -1
    outer loop
      vertex 79.2217 92.9644 0
      vertex 79.3622 94.7495 0
      vertex 79.3622 93.0505 0
    endloop
  endfacet
  facet normal 0 0 -1
    outer loop
      vertex 79.2217 92.9644 0
      vertex 79.2217 94.8356 0
      vertex 79.3622 94.7495 0
    endloop
  endfacet
  facet normal 0 0 -1
    outer loop
      vertex 79.0695 92.9014 0
      vertex 79.2217 94.8356 0
      vertex 79.2217 92.9644 0
    endloop
  endfacet
  facet normal 0 0 -1
    outer loop
      vertex 79.0695 92.9014 0
      vertex 79.0695 94.8986 0
      vertex 79.2217 94.8356 0
    endloop
  endfacet
  facet normal 0 0 -1
    outer loop
      vertex 78.9093 92.8629 0
      vertex 79.0695 94.8986 0
      vertex 79.0695 92.9014 0
    endloop
  endfacet
  facet normal 0 0 -1
    outer loop
      vertex 78.9093 92.8629 0
      vertex 78.9093 94.9371 0
      vertex 79.0695 94.8986 0
    endloop
  endfacet
  facet normal 0 0 -1
    outer loop
      vertex 78.745 92.85 0
      vertex 78.9093 94.9371 0
      vertex 78.9093 92.8629 0
    endloop
  endfacet
  facet normal 0 0 -1
    outer loop
      vertex 78.745 92.85 0
      vertex 78.745 94.95 0
      vertex 78.9093 94.9371 0
    endloop
  endfacet
  facet normal 0 0 -1
    outer loop
      vertex 78.5807 92.8629 0
      vertex 78.745 94.95 0
      vertex 78.745 92.85 0
    endloop
  endfacet
  facet normal 0 0 -1
    outer loop
      vertex 78.5807 92.8629 0
      vertex 78.5807 94.9371 0
      vertex 78.745 94.95 0
    endloop
  endfacet
  facet normal 0 0 -1
    outer loop
      vertex 78.4205 92.9014 0
      vertex 78.5807 94.9371 0
      vertex 78.5807 92.8629 0
    endloop
  endfacet
  facet normal 0 0 -1
    outer loop
      vertex 78.4205 92.9014 0
      vertex 78.4205 94.8986 0
      vertex 78.5807 94.9371 0
    endloop
  endfacet
  facet normal 0 0 -1
    outer loop
      vertex 78.2683 92.9644 0
      vertex 78.4205 94.8986 0
      vertex 78.4205 92.9014 0
    endloop
  endfacet
  facet normal 0 0 -1
    outer loop
      vertex 78.2683 92.9644 0
      vertex 78.2683 94.8356 0
      vertex 78.4205 94.8986 0
    endloop
  endfacet
  facet normal 0 0 -1
    outer loop
      vertex 78.1278 93.0505 0
      vertex 78.2683 94.8356 0
      vertex 78.2683 92.9644 0
    endloop
  endfacet
  facet normal 0 0 -1
    outer loop
      vertex 78.1278 93.0505 0
      vertex 78.1278 94.7495 0
      vertex 78.2683 94.8356 0
    endloop
  endfacet
  facet normal 0 0 -1
    outer loop
      vertex 78.0025 93.1575 0
      vertex 78.1278 94.7495 0
      vertex 78.1278 93.0505 0
    endloop
  endfacet
  facet normal 0 0 -1
    outer loop
      vertex 78.0025 93.1575 0
      vertex 78.0025 94.6425 0
      vertex 78.1278 94.7495 0
    endloop
  endfacet
  facet normal 0 0 -1
    outer loop
      vertex 77.8955 93.2828 0
      vertex 78.0025 94.6425 0
      vertex 78.0025 93.1575 0
    endloop
  endfacet
  facet normal 0 0 -1
    outer loop
      vertex 77.8955 93.2828 0
      vertex 77.8955 94.5172 0
      vertex 78.0025 94.6425 0
    endloop
  endfacet
  facet normal 0 0 -1
    outer loop
      vertex 77.8094 93.4233 0
      vertex 77.8955 94.5172 0
      vertex 77.8955 93.2828 0
    endloop
  endfacet
  facet normal 0 0 -1
    outer loop
      vertex 77.8094 93.4233 0
      vertex 77.8094 94.3767 0
      vertex 77.8955 94.5172 0
    endloop
  endfacet
  facet normal 0 0 -1
    outer loop
      vertex 77.7464 93.5755 0
      vertex 77.8094 94.3767 0
      vertex 77.8094 93.4233 0
    endloop
  endfacet
  facet normal 0 0 -1
    outer loop
      vertex 77.7464 93.5755 0
      vertex 77.7464 94.2245 0
      vertex 77.8094 94.3767 0
    endloop
  endfacet
  facet normal 0 0 -1
    outer loop
      vertex 77.7079 93.7357 0
      vertex 77.7464 94.2245 0
      vertex 77.7464 93.5755 0
    endloop
  endfacet
  facet normal 0 0 -1
    outer loop
      vertex 77.7079 93.7357 0
      vertex 77.7079 94.0643 0
      vertex 77.7464 94.2245 0
    endloop
  endfacet
  facet normal 0 -0 -1
    outer loop
      vertex 77.7079 94.0643 0
      vertex 77.7079 93.7357 0
      vertex 77.695 93.9 0
    endloop
  endfacet
  facet normal 0 0 -1
    outer loop
      vertex 96.2921 23.7357 0
      vertex 96.2921 24.0643 0
      vertex 96.305 23.9 0
    endloop
  endfacet
  facet normal 0 0 -1
    outer loop
      vertex 96.2536 23.5755 0
      vertex 96.2921 24.0643 0
      vertex 96.2921 23.7357 0
    endloop
  endfacet
  facet normal 0 0 -1
    outer loop
      vertex 96.2536 23.5755 0
      vertex 96.2536 24.2245 0
      vertex 96.2921 24.0643 0
    endloop
  endfacet
  facet normal 0 0 -1
    outer loop
      vertex 96.1906 23.4233 0
      vertex 96.2536 24.2245 0
      vertex 96.2536 23.5755 0
    endloop
  endfacet
  facet normal 0 0 -1
    outer loop
      vertex 96.1906 23.4233 0
      vertex 96.1906 24.3767 0
      vertex 96.2536 24.2245 0
    endloop
  endfacet
  facet normal 0 0 -1
    outer loop
      vertex 96.1045 23.2828 0
      vertex 96.1906 24.3767 0
      vertex 96.1906 23.4233 0
    endloop
  endfacet
  facet normal 0 0 -1
    outer loop
      vertex 96.1045 23.2828 0
      vertex 96.1045 24.5172 0
      vertex 96.1906 24.3767 0
    endloop
  endfacet
  facet normal 0 0 -1
    outer loop
      vertex 95.9975 23.1575 0
      vertex 96.1045 24.5172 0
      vertex 96.1045 23.2828 0
    endloop
  endfacet
  facet normal 0 0 -1
    outer loop
      vertex 95.9975 23.1575 0
      vertex 95.9975 24.6425 0
      vertex 96.1045 24.5172 0
    endloop
  endfacet
  facet normal 0 0 -1
    outer loop
      vertex 95.8722 23.0505 0
      vertex 95.9975 24.6425 0
      vertex 95.9975 23.1575 0
    endloop
  endfacet
  facet normal 0 0 -1
    outer loop
      vertex 95.8722 23.0505 0
      vertex 95.8722 24.7495 0
      vertex 95.9975 24.6425 0
    endloop
  endfacet
  facet normal 0 0 -1
    outer loop
      vertex 95.7317 22.9644 0
      vertex 95.8722 24.7495 0
      vertex 95.8722 23.0505 0
    endloop
  endfacet
  facet normal 0 0 -1
    outer loop
      vertex 95.7317 22.9644 0
      vertex 95.7317 24.8356 0
      vertex 95.8722 24.7495 0
    endloop
  endfacet
  facet normal 0 0 -1
    outer loop
      vertex 95.5795 22.9014 0
      vertex 95.7317 24.8356 0
      vertex 95.7317 22.9644 0
    endloop
  endfacet
  facet normal 0 0 -1
    outer loop
      vertex 95.5795 22.9014 0
      vertex 95.5795 24.8986 0
      vertex 95.7317 24.8356 0
    endloop
  endfacet
  facet normal 0 0 -1
    outer loop
      vertex 95.4193 22.8629 0
      vertex 95.5795 24.8986 0
      vertex 95.5795 22.9014 0
    endloop
  endfacet
  facet normal 0 0 -1
    outer loop
      vertex 95.4193 22.8629 0
      vertex 95.4193 24.9371 0
      vertex 95.5795 24.8986 0
    endloop
  endfacet
  facet normal 0 0 -1
    outer loop
      vertex 95.255 22.85 0
      vertex 95.4193 24.9371 0
      vertex 95.4193 22.8629 0
    endloop
  endfacet
  facet normal 0 0 -1
    outer loop
      vertex 95.255 22.85 0
      vertex 95.255 24.95 0
      vertex 95.4193 24.9371 0
    endloop
  endfacet
  facet normal 0 0 -1
    outer loop
      vertex 95.0907 22.8629 0
      vertex 95.255 24.95 0
      vertex 95.255 22.85 0
    endloop
  endfacet
  facet normal 0 0 -1
    outer loop
      vertex 95.0907 22.8629 0
      vertex 95.0907 24.9371 0
      vertex 95.255 24.95 0
    endloop
  endfacet
  facet normal 0 0 -1
    outer loop
      vertex 94.9305 22.9014 0
      vertex 95.0907 24.9371 0
      vertex 95.0907 22.8629 0
    endloop
  endfacet
  facet normal 0 0 -1
    outer loop
      vertex 94.9305 22.9014 0
      vertex 94.9305 24.8986 0
      vertex 95.0907 24.9371 0
    endloop
  endfacet
  facet normal 0 0 -1
    outer loop
      vertex 94.7783 22.9644 0
      vertex 94.9305 24.8986 0
      vertex 94.9305 22.9014 0
    endloop
  endfacet
  facet normal 0 0 -1
    outer loop
      vertex 94.7783 22.9644 0
      vertex 94.7783 24.8356 0
      vertex 94.9305 24.8986 0
    endloop
  endfacet
  facet normal 0 0 -1
    outer loop
      vertex 94.6378 23.0505 0
      vertex 94.7783 24.8356 0
      vertex 94.7783 22.9644 0
    endloop
  endfacet
  facet normal 0 0 -1
    outer loop
      vertex 94.6378 23.0505 0
      vertex 94.6378 24.7495 0
      vertex 94.7783 24.8356 0
    endloop
  endfacet
  facet normal 0 0 -1
    outer loop
      vertex 94.5125 23.1575 0
      vertex 94.6378 24.7495 0
      vertex 94.6378 23.0505 0
    endloop
  endfacet
  facet normal 0 0 -1
    outer loop
      vertex 94.5125 23.1575 0
      vertex 94.5125 24.6425 0
      vertex 94.6378 24.7495 0
    endloop
  endfacet
  facet normal 0 0 -1
    outer loop
      vertex 94.4055 23.2828 0
      vertex 94.5125 24.6425 0
      vertex 94.5125 23.1575 0
    endloop
  endfacet
  facet normal 0 0 -1
    outer loop
      vertex 94.4055 23.2828 0
      vertex 94.4055 24.5172 0
      vertex 94.5125 24.6425 0
    endloop
  endfacet
  facet normal 0 0 -1
    outer loop
      vertex 94.3194 23.4233 0
      vertex 94.4055 24.5172 0
      vertex 94.4055 23.2828 0
    endloop
  endfacet
  facet normal 0 0 -1
    outer loop
      vertex 94.3194 23.4233 0
      vertex 94.3194 24.3767 0
      vertex 94.4055 24.5172 0
    endloop
  endfacet
  facet normal 0 0 -1
    outer loop
      vertex 94.2564 23.5755 0
      vertex 94.3194 24.3767 0
      vertex 94.3194 23.4233 0
    endloop
  endfacet
  facet normal 0 0 -1
    outer loop
      vertex 94.2564 23.5755 0
      vertex 94.2564 24.2245 0
      vertex 94.3194 24.3767 0
    endloop
  endfacet
  facet normal 0 0 -1
    outer loop
      vertex 94.2179 23.7357 0
      vertex 94.2564 24.2245 0
      vertex 94.2564 23.5755 0
    endloop
  endfacet
  facet normal 0 0 -1
    outer loop
      vertex 94.2179 23.7357 0
      vertex 94.2179 24.0643 0
      vertex 94.2564 24.2245 0
    endloop
  endfacet
  facet normal 0 -0 -1
    outer loop
      vertex 94.2179 24.0643 0
      vertex 94.2179 23.7357 0
      vertex 94.205 23.9 0
    endloop
  endfacet
  facet normal 0 0 -1
    outer loop
      vertex 96.2921 93.7357 0
      vertex 96.2921 94.0643 0
      vertex 96.305 93.9 0
    endloop
  endfacet
  facet normal 0 0 -1
    outer loop
      vertex 96.2536 93.5755 0
      vertex 96.2921 94.0643 0
      vertex 96.2921 93.7357 0
    endloop
  endfacet
  facet normal 0 0 -1
    outer loop
      vertex 96.2536 93.5755 0
      vertex 96.2536 94.2245 0
      vertex 96.2921 94.0643 0
    endloop
  endfacet
  facet normal 0 0 -1
    outer loop
      vertex 96.1906 93.4233 0
      vertex 96.2536 94.2245 0
      vertex 96.2536 93.5755 0
    endloop
  endfacet
  facet normal 0 0 -1
    outer loop
      vertex 96.1906 93.4233 0
      vertex 96.1906 94.3767 0
      vertex 96.2536 94.2245 0
    endloop
  endfacet
  facet normal 0 0 -1
    outer loop
      vertex 96.1045 93.2828 0
      vertex 96.1906 94.3767 0
      vertex 96.1906 93.4233 0
    endloop
  endfacet
  facet normal 0 0 -1
    outer loop
      vertex 96.1045 93.2828 0
      vertex 96.1045 94.5172 0
      vertex 96.1906 94.3767 0
    endloop
  endfacet
  facet normal 0 0 -1
    outer loop
      vertex 95.9975 93.1575 0
      vertex 96.1045 94.5172 0
      vertex 96.1045 93.2828 0
    endloop
  endfacet
  facet normal 0 0 -1
    outer loop
      vertex 95.9975 93.1575 0
      vertex 95.9975 94.6425 0
      vertex 96.1045 94.5172 0
    endloop
  endfacet
  facet normal 0 0 -1
    outer loop
      vertex 95.8722 93.0505 0
      vertex 95.9975 94.6425 0
      vertex 95.9975 93.1575 0
    endloop
  endfacet
  facet normal 0 0 -1
    outer loop
      vertex 95.8722 93.0505 0
      vertex 95.8722 94.7495 0
      vertex 95.9975 94.6425 0
    endloop
  endfacet
  facet normal 0 0 -1
    outer loop
      vertex 95.7317 92.9644 0
      vertex 95.8722 94.7495 0
      vertex 95.8722 93.0505 0
    endloop
  endfacet
  facet normal 0 0 -1
    outer loop
      vertex 95.7317 92.9644 0
      vertex 95.7317 94.8356 0
      vertex 95.8722 94.7495 0
    endloop
  endfacet
  facet normal 0 0 -1
    outer loop
      vertex 95.5795 92.9014 0
      vertex 95.7317 94.8356 0
      vertex 95.7317 92.9644 0
    endloop
  endfacet
  facet normal 0 0 -1
    outer loop
      vertex 95.5795 92.9014 0
      vertex 95.5795 94.8986 0
      vertex 95.7317 94.8356 0
    endloop
  endfacet
  facet normal 0 0 -1
    outer loop
      vertex 95.4193 92.8629 0
      vertex 95.5795 94.8986 0
      vertex 95.5795 92.9014 0
    endloop
  endfacet
  facet normal 0 0 -1
    outer loop
      vertex 95.4193 92.8629 0
      vertex 95.4193 94.9371 0
      vertex 95.5795 94.8986 0
    endloop
  endfacet
  facet normal 0 0 -1
    outer loop
      vertex 95.255 92.85 0
      vertex 95.4193 94.9371 0
      vertex 95.4193 92.8629 0
    endloop
  endfacet
  facet normal 0 0 -1
    outer loop
      vertex 95.255 92.85 0
      vertex 95.255 94.95 0
      vertex 95.4193 94.9371 0
    endloop
  endfacet
  facet normal 0 0 -1
    outer loop
      vertex 95.0907 92.8629 0
      vertex 95.255 94.95 0
      vertex 95.255 92.85 0
    endloop
  endfacet
  facet normal 0 0 -1
    outer loop
      vertex 95.0907 92.8629 0
      vertex 95.0907 94.9371 0
      vertex 95.255 94.95 0
    endloop
  endfacet
  facet normal 0 0 -1
    outer loop
      vertex 94.9305 92.9014 0
      vertex 95.0907 94.9371 0
      vertex 95.0907 92.8629 0
    endloop
  endfacet
  facet normal 0 0 -1
    outer loop
      vertex 94.9305 92.9014 0
      vertex 94.9305 94.8986 0
      vertex 95.0907 94.9371 0
    endloop
  endfacet
  facet normal 0 0 -1
    outer loop
      vertex 94.7783 92.9644 0
      vertex 94.9305 94.8986 0
      vertex 94.9305 92.9014 0
    endloop
  endfacet
  facet normal 0 0 -1
    outer loop
      vertex 94.7783 92.9644 0
      vertex 94.7783 94.8356 0
      vertex 94.9305 94.8986 0
    endloop
  endfacet
  facet normal 0 0 -1
    outer loop
      vertex 94.6378 93.0505 0
      vertex 94.7783 94.8356 0
      vertex 94.7783 92.9644 0
    endloop
  endfacet
  facet normal 0 0 -1
    outer loop
      vertex 94.6378 93.0505 0
      vertex 94.6378 94.7495 0
      vertex 94.7783 94.8356 0
    endloop
  endfacet
  facet normal 0 0 -1
    outer loop
      vertex 94.5125 93.1575 0
      vertex 94.6378 94.7495 0
      vertex 94.6378 93.0505 0
    endloop
  endfacet
  facet normal 0 0 -1
    outer loop
      vertex 94.5125 93.1575 0
      vertex 94.5125 94.6425 0
      vertex 94.6378 94.7495 0
    endloop
  endfacet
  facet normal 0 0 -1
    outer loop
      vertex 94.4055 93.2828 0
      vertex 94.5125 94.6425 0
      vertex 94.5125 93.1575 0
    endloop
  endfacet
  facet normal 0 0 -1
    outer loop
      vertex 94.4055 93.2828 0
      vertex 94.4055 94.5172 0
      vertex 94.5125 94.6425 0
    endloop
  endfacet
  facet normal 0 0 -1
    outer loop
      vertex 94.3194 93.4233 0
      vertex 94.4055 94.5172 0
      vertex 94.4055 93.2828 0
    endloop
  endfacet
  facet normal 0 0 -1
    outer loop
      vertex 94.3194 93.4233 0
      vertex 94.3194 94.3767 0
      vertex 94.4055 94.5172 0
    endloop
  endfacet
  facet normal 0 0 -1
    outer loop
      vertex 94.2564 93.5755 0
      vertex 94.3194 94.3767 0
      vertex 94.3194 93.4233 0
    endloop
  endfacet
  facet normal 0 0 -1
    outer loop
      vertex 94.2564 93.5755 0
      vertex 94.2564 94.2245 0
      vertex 94.3194 94.3767 0
    endloop
  endfacet
  facet normal 0 0 -1
    outer loop
      vertex 94.2179 93.7357 0
      vertex 94.2564 94.2245 0
      vertex 94.2564 93.5755 0
    endloop
  endfacet
  facet normal 0 0 -1
    outer loop
      vertex 94.2179 93.7357 0
      vertex 94.2179 94.0643 0
      vertex 94.2564 94.2245 0
    endloop
  endfacet
  facet normal 0 -0 -1
    outer loop
      vertex 94.2179 94.0643 0
      vertex 94.2179 93.7357 0
      vertex 94.205 93.9 0
    endloop
  endfacet
  facet normal 0 0 -1
    outer loop
      vertex -110.765 7.47946 0
      vertex -110.765 7.87054 0
      vertex -110.75 7.675 0
    endloop
  endfacet
  facet normal 0 0 -1
    outer loop
      vertex -110.811 7.28873 0
      vertex -110.765 7.87054 0
      vertex -110.765 7.47946 0
    endloop
  endfacet
  facet normal 0 0 -1
    outer loop
      vertex -110.811 7.28873 0
      vertex -110.811 8.06127 0
      vertex -110.765 7.87054 0
    endloop
  endfacet
  facet normal 0 0 -1
    outer loop
      vertex -110.886 7.10751 0
      vertex -110.811 8.06127 0
      vertex -110.811 7.28873 0
    endloop
  endfacet
  facet normal 0 0 -1
    outer loop
      vertex -110.886 7.10751 0
      vertex -110.886 8.24249 0
      vertex -110.811 8.06127 0
    endloop
  endfacet
  facet normal 0 0 -1
    outer loop
      vertex -110.989 6.94027 0
      vertex -110.886 8.24249 0
      vertex -110.886 7.10751 0
    endloop
  endfacet
  facet normal 0 0 -1
    outer loop
      vertex -110.989 6.94027 0
      vertex -110.989 8.40973 0
      vertex -110.886 8.24249 0
    endloop
  endfacet
  facet normal 0 0 -1
    outer loop
      vertex -111.116 6.79112 0
      vertex -110.989 8.40973 0
      vertex -110.989 6.94027 0
    endloop
  endfacet
  facet normal 0 0 -1
    outer loop
      vertex -111.116 6.79112 0
      vertex -111.116 8.55888 0
      vertex -110.989 8.40973 0
    endloop
  endfacet
  facet normal 0 0 -1
    outer loop
      vertex -111.265 6.66373 0
      vertex -111.116 8.55888 0
      vertex -111.116 6.79112 0
    endloop
  endfacet
  facet normal 0 0 -1
    outer loop
      vertex -111.265 6.66373 0
      vertex -111.265 8.68627 0
      vertex -111.116 8.55888 0
    endloop
  endfacet
  facet normal 0 0 -1
    outer loop
      vertex -111.433 6.56124 0
      vertex -111.265 8.68627 0
      vertex -111.265 6.66373 0
    endloop
  endfacet
  facet normal 0 0 -1
    outer loop
      vertex -111.433 6.56124 0
      vertex -111.433 8.78876 0
      vertex -111.265 8.68627 0
    endloop
  endfacet
  facet normal 0 0 -1
    outer loop
      vertex -111.614 6.48618 0
      vertex -111.433 8.78876 0
      vertex -111.433 6.56124 0
    endloop
  endfacet
  facet normal 0 0 -1
    outer loop
      vertex -111.614 6.48618 0
      vertex -111.614 8.86382 0
      vertex -111.433 8.78876 0
    endloop
  endfacet
  facet normal 0 0 -1
    outer loop
      vertex -111.804 6.44039 0
      vertex -111.614 8.86382 0
      vertex -111.614 6.48618 0
    endloop
  endfacet
  facet normal 0 0 -1
    outer loop
      vertex -111.804 6.44039 0
      vertex -111.804 8.90961 0
      vertex -111.614 8.86382 0
    endloop
  endfacet
  facet normal 0 0 -1
    outer loop
      vertex -112 6.425 0
      vertex -111.804 8.90961 0
      vertex -111.804 6.44039 0
    endloop
  endfacet
  facet normal 0 0 -1
    outer loop
      vertex -112 6.425 0
      vertex -112 8.925 0
      vertex -111.804 8.90961 0
    endloop
  endfacet
  facet normal 0 0 -1
    outer loop
      vertex -112.196 6.44039 0
      vertex -112 8.925 0
      vertex -112 6.425 0
    endloop
  endfacet
  facet normal 0 0 -1
    outer loop
      vertex -112.196 6.44039 0
      vertex -112.196 8.90961 0
      vertex -112 8.925 0
    endloop
  endfacet
  facet normal 0 0 -1
    outer loop
      vertex -112.386 6.48618 0
      vertex -112.196 8.90961 0
      vertex -112.196 6.44039 0
    endloop
  endfacet
  facet normal 0 0 -1
    outer loop
      vertex -112.386 6.48618 0
      vertex -112.386 8.86382 0
      vertex -112.196 8.90961 0
    endloop
  endfacet
  facet normal 0 0 -1
    outer loop
      vertex -112.567 6.56124 0
      vertex -112.386 8.86382 0
      vertex -112.386 6.48618 0
    endloop
  endfacet
  facet normal 0 0 -1
    outer loop
      vertex -112.567 6.56124 0
      vertex -112.567 8.78876 0
      vertex -112.386 8.86382 0
    endloop
  endfacet
  facet normal 0 0 -1
    outer loop
      vertex -112.735 6.66373 0
      vertex -112.567 8.78876 0
      vertex -112.567 6.56124 0
    endloop
  endfacet
  facet normal 0 0 -1
    outer loop
      vertex -112.735 6.66373 0
      vertex -112.735 8.68627 0
      vertex -112.567 8.78876 0
    endloop
  endfacet
  facet normal 0 0 -1
    outer loop
      vertex -112.884 6.79112 0
      vertex -112.735 8.68627 0
      vertex -112.735 6.66373 0
    endloop
  endfacet
  facet normal 0 0 -1
    outer loop
      vertex -112.884 6.79112 0
      vertex -112.884 8.55888 0
      vertex -112.735 8.68627 0
    endloop
  endfacet
  facet normal 0 0 -1
    outer loop
      vertex -113.011 6.94027 0
      vertex -112.884 8.55888 0
      vertex -112.884 6.79112 0
    endloop
  endfacet
  facet normal 0 0 -1
    outer loop
      vertex -113.011 6.94027 0
      vertex -113.011 8.40973 0
      vertex -112.884 8.55888 0
    endloop
  endfacet
  facet normal 0 0 -1
    outer loop
      vertex -113.114 7.10751 0
      vertex -113.011 8.40973 0
      vertex -113.011 6.94027 0
    endloop
  endfacet
  facet normal 0 0 -1
    outer loop
      vertex -113.114 7.10751 0
      vertex -113.114 8.24249 0
      vertex -113.011 8.40973 0
    endloop
  endfacet
  facet normal 0 0 -1
    outer loop
      vertex -113.189 7.28873 0
      vertex -113.114 8.24249 0
      vertex -113.114 7.10751 0
    endloop
  endfacet
  facet normal 0 0 -1
    outer loop
      vertex -113.189 7.28873 0
      vertex -113.189 8.06127 0
      vertex -113.114 8.24249 0
    endloop
  endfacet
  facet normal 0 0 -1
    outer loop
      vertex -113.235 7.47946 0
      vertex -113.189 8.06127 0
      vertex -113.189 7.28873 0
    endloop
  endfacet
  facet normal 0 0 -1
    outer loop
      vertex -113.235 7.47946 0
      vertex -113.235 7.87054 0
      vertex -113.189 8.06127 0
    endloop
  endfacet
  facet normal 0 -0 -1
    outer loop
      vertex -113.235 7.87054 0
      vertex -113.235 7.47946 0
      vertex -113.25 7.675 0
    endloop
  endfacet
  facet normal 0 0 -1
    outer loop
      vertex -110.765 125.479 0
      vertex -110.765 125.871 0
      vertex -110.75 125.675 0
    endloop
  endfacet
  facet normal 0 0 -1
    outer loop
      vertex -110.811 125.289 0
      vertex -110.765 125.871 0
      vertex -110.765 125.479 0
    endloop
  endfacet
  facet normal 0 0 -1
    outer loop
      vertex -110.811 125.289 0
      vertex -110.811 126.061 0
      vertex -110.765 125.871 0
    endloop
  endfacet
  facet normal 0 0 -1
    outer loop
      vertex -110.886 125.108 0
      vertex -110.811 126.061 0
      vertex -110.811 125.289 0
    endloop
  endfacet
  facet normal 0 0 -1
    outer loop
      vertex -110.886 125.108 0
      vertex -110.886 126.242 0
      vertex -110.811 126.061 0
    endloop
  endfacet
  facet normal 0 0 -1
    outer loop
      vertex -110.989 124.94 0
      vertex -110.886 126.242 0
      vertex -110.886 125.108 0
    endloop
  endfacet
  facet normal 0 0 -1
    outer loop
      vertex -110.989 124.94 0
      vertex -110.989 126.41 0
      vertex -110.886 126.242 0
    endloop
  endfacet
  facet normal 0 0 -1
    outer loop
      vertex -111.116 124.791 0
      vertex -110.989 126.41 0
      vertex -110.989 124.94 0
    endloop
  endfacet
  facet normal 0 0 -1
    outer loop
      vertex -111.116 124.791 0
      vertex -111.116 126.559 0
      vertex -110.989 126.41 0
    endloop
  endfacet
  facet normal 0 0 -1
    outer loop
      vertex -111.265 124.664 0
      vertex -111.116 126.559 0
      vertex -111.116 124.791 0
    endloop
  endfacet
  facet normal 0 0 -1
    outer loop
      vertex -111.265 124.664 0
      vertex -111.265 126.686 0
      vertex -111.116 126.559 0
    endloop
  endfacet
  facet normal 0 0 -1
    outer loop
      vertex -111.433 124.561 0
      vertex -111.265 126.686 0
      vertex -111.265 124.664 0
    endloop
  endfacet
  facet normal 0 0 -1
    outer loop
      vertex -111.433 124.561 0
      vertex -111.433 126.789 0
      vertex -111.265 126.686 0
    endloop
  endfacet
  facet normal 0 0 -1
    outer loop
      vertex -111.614 124.486 0
      vertex -111.433 126.789 0
      vertex -111.433 124.561 0
    endloop
  endfacet
  facet normal 0 0 -1
    outer loop
      vertex -111.614 124.486 0
      vertex -111.614 126.864 0
      vertex -111.433 126.789 0
    endloop
  endfacet
  facet normal 0 0 -1
    outer loop
      vertex -111.804 124.44 0
      vertex -111.614 126.864 0
      vertex -111.614 124.486 0
    endloop
  endfacet
  facet normal 0 0 -1
    outer loop
      vertex -111.804 124.44 0
      vertex -111.804 126.91 0
      vertex -111.614 126.864 0
    endloop
  endfacet
  facet normal 0 0 -1
    outer loop
      vertex -112 124.425 0
      vertex -111.804 126.91 0
      vertex -111.804 124.44 0
    endloop
  endfacet
  facet normal 0 0 -1
    outer loop
      vertex -112 124.425 0
      vertex -112 126.925 0
      vertex -111.804 126.91 0
    endloop
  endfacet
  facet normal 0 0 -1
    outer loop
      vertex -112.196 124.44 0
      vertex -112 126.925 0
      vertex -112 124.425 0
    endloop
  endfacet
  facet normal 0 0 -1
    outer loop
      vertex -112.196 124.44 0
      vertex -112.196 126.91 0
      vertex -112 126.925 0
    endloop
  endfacet
  facet normal 0 0 -1
    outer loop
      vertex -112.386 124.486 0
      vertex -112.196 126.91 0
      vertex -112.196 124.44 0
    endloop
  endfacet
  facet normal 0 0 -1
    outer loop
      vertex -112.386 124.486 0
      vertex -112.386 126.864 0
      vertex -112.196 126.91 0
    endloop
  endfacet
  facet normal 0 0 -1
    outer loop
      vertex -112.567 124.561 0
      vertex -112.386 126.864 0
      vertex -112.386 124.486 0
    endloop
  endfacet
  facet normal 0 0 -1
    outer loop
      vertex -112.567 124.561 0
      vertex -112.567 126.789 0
      vertex -112.386 126.864 0
    endloop
  endfacet
  facet normal 0 0 -1
    outer loop
      vertex -112.735 124.664 0
      vertex -112.567 126.789 0
      vertex -112.567 124.561 0
    endloop
  endfacet
  facet normal 0 0 -1
    outer loop
      vertex -112.735 124.664 0
      vertex -112.735 126.686 0
      vertex -112.567 126.789 0
    endloop
  endfacet
  facet normal 0 0 -1
    outer loop
      vertex -112.884 124.791 0
      vertex -112.735 126.686 0
      vertex -112.735 124.664 0
    endloop
  endfacet
  facet normal 0 0 -1
    outer loop
      vertex -112.884 124.791 0
      vertex -112.884 126.559 0
      vertex -112.735 126.686 0
    endloop
  endfacet
  facet normal 0 0 -1
    outer loop
      vertex -113.011 124.94 0
      vertex -112.884 126.559 0
      vertex -112.884 124.791 0
    endloop
  endfacet
  facet normal 0 0 -1
    outer loop
      vertex -113.011 124.94 0
      vertex -113.011 126.41 0
      vertex -112.884 126.559 0
    endloop
  endfacet
  facet normal 0 0 -1
    outer loop
      vertex -113.114 125.108 0
      vertex -113.011 126.41 0
      vertex -113.011 124.94 0
    endloop
  endfacet
  facet normal 0 0 -1
    outer loop
      vertex -113.114 125.108 0
      vertex -113.114 126.242 0
      vertex -113.011 126.41 0
    endloop
  endfacet
  facet normal 0 0 -1
    outer loop
      vertex -113.189 125.289 0
      vertex -113.114 126.242 0
      vertex -113.114 125.108 0
    endloop
  endfacet
  facet normal 0 0 -1
    outer loop
      vertex -113.189 125.289 0
      vertex -113.189 126.061 0
      vertex -113.114 126.242 0
    endloop
  endfacet
  facet normal 0 0 -1
    outer loop
      vertex -113.235 125.479 0
      vertex -113.189 126.061 0
      vertex -113.189 125.289 0
    endloop
  endfacet
  facet normal 0 0 -1
    outer loop
      vertex -113.235 125.479 0
      vertex -113.235 125.871 0
      vertex -113.189 126.061 0
    endloop
  endfacet
  facet normal 0 -0 -1
    outer loop
      vertex -113.235 125.871 0
      vertex -113.235 125.479 0
      vertex -113.25 125.675 0
    endloop
  endfacet
  facet normal 0 0 -1
    outer loop
      vertex -36.7654 7.47946 0
      vertex -36.7654 7.87054 0
      vertex -36.75 7.675 0
    endloop
  endfacet
  facet normal 0 0 -1
    outer loop
      vertex -36.8112 7.28873 0
      vertex -36.7654 7.87054 0
      vertex -36.7654 7.47946 0
    endloop
  endfacet
  facet normal 0 0 -1
    outer loop
      vertex -36.8112 7.28873 0
      vertex -36.8112 8.06127 0
      vertex -36.7654 7.87054 0
    endloop
  endfacet
  facet normal 0 0 -1
    outer loop
      vertex -36.8862 7.10751 0
      vertex -36.8112 8.06127 0
      vertex -36.8112 7.28873 0
    endloop
  endfacet
  facet normal 0 0 -1
    outer loop
      vertex -36.8862 7.10751 0
      vertex -36.8862 8.24249 0
      vertex -36.8112 8.06127 0
    endloop
  endfacet
  facet normal 0 0 -1
    outer loop
      vertex -36.9887 6.94027 0
      vertex -36.8862 8.24249 0
      vertex -36.8862 7.10751 0
    endloop
  endfacet
  facet normal 0 0 -1
    outer loop
      vertex -36.9887 6.94027 0
      vertex -36.9887 8.40973 0
      vertex -36.8862 8.24249 0
    endloop
  endfacet
  facet normal 0 0 -1
    outer loop
      vertex -37.1161 6.79112 0
      vertex -36.9887 8.40973 0
      vertex -36.9887 6.94027 0
    endloop
  endfacet
  facet normal 0 0 -1
    outer loop
      vertex -37.1161 6.79112 0
      vertex -37.1161 8.55888 0
      vertex -36.9887 8.40973 0
    endloop
  endfacet
  facet normal 0 0 -1
    outer loop
      vertex -37.2653 6.66373 0
      vertex -37.1161 8.55888 0
      vertex -37.1161 6.79112 0
    endloop
  endfacet
  facet normal 0 0 -1
    outer loop
      vertex -37.2653 6.66373 0
      vertex -37.2653 8.68627 0
      vertex -37.1161 8.55888 0
    endloop
  endfacet
  facet normal 0 0 -1
    outer loop
      vertex -37.4325 6.56124 0
      vertex -37.2653 8.68627 0
      vertex -37.2653 6.66373 0
    endloop
  endfacet
  facet normal 0 0 -1
    outer loop
      vertex -37.4325 6.56124 0
      vertex -37.4325 8.78876 0
      vertex -37.2653 8.68627 0
    endloop
  endfacet
  facet normal 0 0 -1
    outer loop
      vertex -37.6137 6.48618 0
      vertex -37.4325 8.78876 0
      vertex -37.4325 6.56124 0
    endloop
  endfacet
  facet normal 0 0 -1
    outer loop
      vertex -37.6137 6.48618 0
      vertex -37.6137 8.86382 0
      vertex -37.4325 8.78876 0
    endloop
  endfacet
  facet normal 0 0 -1
    outer loop
      vertex -37.8045 6.44039 0
      vertex -37.6137 8.86382 0
      vertex -37.6137 6.48618 0
    endloop
  endfacet
  facet normal 0 0 -1
    outer loop
      vertex -37.8045 6.44039 0
      vertex -37.8045 8.90961 0
      vertex -37.6137 8.86382 0
    endloop
  endfacet
  facet normal 0 0 -1
    outer loop
      vertex -38 6.425 0
      vertex -37.8045 8.90961 0
      vertex -37.8045 6.44039 0
    endloop
  endfacet
  facet normal 0 0 -1
    outer loop
      vertex -38 6.425 0
      vertex -38 8.925 0
      vertex -37.8045 8.90961 0
    endloop
  endfacet
  facet normal 0 0 -1
    outer loop
      vertex -38.1955 6.44039 0
      vertex -38 8.925 0
      vertex -38 6.425 0
    endloop
  endfacet
  facet normal 0 0 -1
    outer loop
      vertex -38.1955 6.44039 0
      vertex -38.1955 8.90961 0
      vertex -38 8.925 0
    endloop
  endfacet
  facet normal 0 0 -1
    outer loop
      vertex -38.3863 6.48618 0
      vertex -38.1955 8.90961 0
      vertex -38.1955 6.44039 0
    endloop
  endfacet
  facet normal 0 0 -1
    outer loop
      vertex -38.3863 6.48618 0
      vertex -38.3863 8.86382 0
      vertex -38.1955 8.90961 0
    endloop
  endfacet
  facet normal 0 0 -1
    outer loop
      vertex -38.5675 6.56124 0
      vertex -38.3863 8.86382 0
      vertex -38.3863 6.48618 0
    endloop
  endfacet
  facet normal 0 0 -1
    outer loop
      vertex -38.5675 6.56124 0
      vertex -38.5675 8.78876 0
      vertex -38.3863 8.86382 0
    endloop
  endfacet
  facet normal 0 0 -1
    outer loop
      vertex -38.7347 6.66373 0
      vertex -38.5675 8.78876 0
      vertex -38.5675 6.56124 0
    endloop
  endfacet
  facet normal 0 0 -1
    outer loop
      vertex -38.7347 6.66373 0
      vertex -38.7347 8.68627 0
      vertex -38.5675 8.78876 0
    endloop
  endfacet
  facet normal 0 0 -1
    outer loop
      vertex -38.8839 6.79112 0
      vertex -38.7347 8.68627 0
      vertex -38.7347 6.66373 0
    endloop
  endfacet
  facet normal 0 0 -1
    outer loop
      vertex -38.8839 6.79112 0
      vertex -38.8839 8.55888 0
      vertex -38.7347 8.68627 0
    endloop
  endfacet
  facet normal 0 0 -1
    outer loop
      vertex -39.0113 6.94027 0
      vertex -38.8839 8.55888 0
      vertex -38.8839 6.79112 0
    endloop
  endfacet
  facet normal 0 0 -1
    outer loop
      vertex -39.0113 6.94027 0
      vertex -39.0113 8.40973 0
      vertex -38.8839 8.55888 0
    endloop
  endfacet
  facet normal 0 0 -1
    outer loop
      vertex -39.1138 7.10751 0
      vertex -39.0113 8.40973 0
      vertex -39.0113 6.94027 0
    endloop
  endfacet
  facet normal 0 0 -1
    outer loop
      vertex -39.1138 7.10751 0
      vertex -39.1138 8.24249 0
      vertex -39.0113 8.40973 0
    endloop
  endfacet
  facet normal 0 0 -1
    outer loop
      vertex -39.1888 7.28873 0
      vertex -39.1138 8.24249 0
      vertex -39.1138 7.10751 0
    endloop
  endfacet
  facet normal 0 0 -1
    outer loop
      vertex -39.1888 7.28873 0
      vertex -39.1888 8.06127 0
      vertex -39.1138 8.24249 0
    endloop
  endfacet
  facet normal 0 0 -1
    outer loop
      vertex -39.2346 7.47946 0
      vertex -39.1888 8.06127 0
      vertex -39.1888 7.28873 0
    endloop
  endfacet
  facet normal 0 0 -1
    outer loop
      vertex -39.2346 7.47946 0
      vertex -39.2346 7.87054 0
      vertex -39.1888 8.06127 0
    endloop
  endfacet
  facet normal 0 -0 -1
    outer loop
      vertex -39.2346 7.87054 0
      vertex -39.2346 7.47946 0
      vertex -39.25 7.675 0
    endloop
  endfacet
  facet normal 0 0 -1
    outer loop
      vertex -36.7654 125.479 0
      vertex -36.7654 125.871 0
      vertex -36.75 125.675 0
    endloop
  endfacet
  facet normal 0 0 -1
    outer loop
      vertex -36.8112 125.289 0
      vertex -36.7654 125.871 0
      vertex -36.7654 125.479 0
    endloop
  endfacet
  facet normal 0 0 -1
    outer loop
      vertex -36.8112 125.289 0
      vertex -36.8112 126.061 0
      vertex -36.7654 125.871 0
    endloop
  endfacet
  facet normal 0 0 -1
    outer loop
      vertex -36.8862 125.108 0
      vertex -36.8112 126.061 0
      vertex -36.8112 125.289 0
    endloop
  endfacet
  facet normal 0 0 -1
    outer loop
      vertex -36.8862 125.108 0
      vertex -36.8862 126.242 0
      vertex -36.8112 126.061 0
    endloop
  endfacet
  facet normal 0 0 -1
    outer loop
      vertex -36.9887 124.94 0
      vertex -36.8862 126.242 0
      vertex -36.8862 125.108 0
    endloop
  endfacet
  facet normal 0 0 -1
    outer loop
      vertex -36.9887 124.94 0
      vertex -36.9887 126.41 0
      vertex -36.8862 126.242 0
    endloop
  endfacet
  facet normal 0 0 -1
    outer loop
      vertex -37.1161 124.791 0
      vertex -36.9887 126.41 0
      vertex -36.9887 124.94 0
    endloop
  endfacet
  facet normal 0 0 -1
    outer loop
      vertex -37.1161 124.791 0
      vertex -37.1161 126.559 0
      vertex -36.9887 126.41 0
    endloop
  endfacet
  facet normal 0 0 -1
    outer loop
      vertex -37.2653 124.664 0
      vertex -37.1161 126.559 0
      vertex -37.1161 124.791 0
    endloop
  endfacet
  facet normal 0 0 -1
    outer loop
      vertex -37.2653 124.664 0
      vertex -37.2653 126.686 0
      vertex -37.1161 126.559 0
    endloop
  endfacet
  facet normal 0 0 -1
    outer loop
      vertex -37.4325 124.561 0
      vertex -37.2653 126.686 0
      vertex -37.2653 124.664 0
    endloop
  endfacet
  facet normal 0 0 -1
    outer loop
      vertex -37.4325 124.561 0
      vertex -37.4325 126.789 0
      vertex -37.2653 126.686 0
    endloop
  endfacet
  facet normal 0 0 -1
    outer loop
      vertex -37.6137 124.486 0
      vertex -37.4325 126.789 0
      vertex -37.4325 124.561 0
    endloop
  endfacet
  facet normal 0 0 -1
    outer loop
      vertex -37.6137 124.486 0
      vertex -37.6137 126.864 0
      vertex -37.4325 126.789 0
    endloop
  endfacet
  facet normal 0 0 -1
    outer loop
      vertex -37.8045 124.44 0
      vertex -37.6137 126.864 0
      vertex -37.6137 124.486 0
    endloop
  endfacet
  facet normal 0 0 -1
    outer loop
      vertex -37.8045 124.44 0
      vertex -37.8045 126.91 0
      vertex -37.6137 126.864 0
    endloop
  endfacet
  facet normal 0 0 -1
    outer loop
      vertex -38 124.425 0
      vertex -37.8045 126.91 0
      vertex -37.8045 124.44 0
    endloop
  endfacet
  facet normal 0 0 -1
    outer loop
      vertex -38 124.425 0
      vertex -38 126.925 0
      vertex -37.8045 126.91 0
    endloop
  endfacet
  facet normal 0 0 -1
    outer loop
      vertex -38.1955 124.44 0
      vertex -38 126.925 0
      vertex -38 124.425 0
    endloop
  endfacet
  facet normal 0 0 -1
    outer loop
      vertex -38.1955 124.44 0
      vertex -38.1955 126.91 0
      vertex -38 126.925 0
    endloop
  endfacet
  facet normal 0 0 -1
    outer loop
      vertex -38.3863 124.486 0
      vertex -38.1955 126.91 0
      vertex -38.1955 124.44 0
    endloop
  endfacet
  facet normal 0 0 -1
    outer loop
      vertex -38.3863 124.486 0
      vertex -38.3863 126.864 0
      vertex -38.1955 126.91 0
    endloop
  endfacet
  facet normal 0 0 -1
    outer loop
      vertex -38.5675 124.561 0
      vertex -38.3863 126.864 0
      vertex -38.3863 124.486 0
    endloop
  endfacet
  facet normal 0 0 -1
    outer loop
      vertex -38.5675 124.561 0
      vertex -38.5675 126.789 0
      vertex -38.3863 126.864 0
    endloop
  endfacet
  facet normal 0 0 -1
    outer loop
      vertex -38.7347 124.664 0
      vertex -38.5675 126.789 0
      vertex -38.5675 124.561 0
    endloop
  endfacet
  facet normal 0 0 -1
    outer loop
      vertex -38.7347 124.664 0
      vertex -38.7347 126.686 0
      vertex -38.5675 126.789 0
    endloop
  endfacet
  facet normal 0 0 -1
    outer loop
      vertex -38.8839 124.791 0
      vertex -38.7347 126.686 0
      vertex -38.7347 124.664 0
    endloop
  endfacet
  facet normal 0 0 -1
    outer loop
      vertex -38.8839 124.791 0
      vertex -38.8839 126.559 0
      vertex -38.7347 126.686 0
    endloop
  endfacet
  facet normal 0 0 -1
    outer loop
      vertex -39.0113 124.94 0
      vertex -38.8839 126.559 0
      vertex -38.8839 124.791 0
    endloop
  endfacet
  facet normal 0 0 -1
    outer loop
      vertex -39.0113 124.94 0
      vertex -39.0113 126.41 0
      vertex -38.8839 126.559 0
    endloop
  endfacet
  facet normal 0 0 -1
    outer loop
      vertex -39.1138 125.108 0
      vertex -39.0113 126.41 0
      vertex -39.0113 124.94 0
    endloop
  endfacet
  facet normal 0 0 -1
    outer loop
      vertex -39.1138 125.108 0
      vertex -39.1138 126.242 0
      vertex -39.0113 126.41 0
    endloop
  endfacet
  facet normal 0 0 -1
    outer loop
      vertex -39.1888 125.289 0
      vertex -39.1138 126.242 0
      vertex -39.1138 125.108 0
    endloop
  endfacet
  facet normal 0 0 -1
    outer loop
      vertex -39.1888 125.289 0
      vertex -39.1888 126.061 0
      vertex -39.1138 126.242 0
    endloop
  endfacet
  facet normal 0 0 -1
    outer loop
      vertex -39.2346 125.479 0
      vertex -39.1888 126.061 0
      vertex -39.1888 125.289 0
    endloop
  endfacet
  facet normal 0 0 -1
    outer loop
      vertex -39.2346 125.479 0
      vertex -39.2346 125.871 0
      vertex -39.1888 126.061 0
    endloop
  endfacet
  facet normal 0 -0 -1
    outer loop
      vertex -39.2346 125.871 0
      vertex -39.2346 125.479 0
      vertex -39.25 125.675 0
    endloop
  endfacet
  facet normal 0 -1 0
    outer loop
      vertex -126.5 0 0
      vertex 126.5 0 3
      vertex -126.5 0 3
    endloop
  endfacet
  facet normal 0 -1 -0
    outer loop
      vertex 126.5 0 3
      vertex -126.5 0 0
      vertex 126.5 0 0
    endloop
  endfacet
  facet normal 0 1 -0
    outer loop
      vertex 126.5 133.35 0
      vertex -126.5 133.35 3
      vertex 126.5 133.35 3
    endloop
  endfacet
  facet normal 0 1 0
    outer loop
      vertex -126.5 133.35 3
      vertex 126.5 133.35 0
      vertex -126.5 133.35 0
    endloop
  endfacet
  facet normal -1 0 0
    outer loop
      vertex -32.8 32.5 -6
      vertex -32.8 122.1 0
      vertex -32.8 122.1 -6
    endloop
  endfacet
  facet normal -1 -0 0
    outer loop
      vertex -32.8 122.1 0
      vertex -32.8 32.5 -6
      vertex -32.8 32.5 0
    endloop
  endfacet
  facet normal 1 -0 0
    outer loop
      vertex 56.8 32.5 0
      vertex 56.8 122.1 -6
      vertex 56.8 122.1 0
    endloop
  endfacet
  facet normal 1 0 0
    outer loop
      vertex 56.8 122.1 -6
      vertex 56.8 32.5 0
      vertex 56.8 32.5 -6
    endloop
  endfacet
  facet normal 0 0 -1
    outer loop
      vertex 56.8 32.5 -6
      vertex 54.3 35 -6
      vertex 56.8 122.1 -6
    endloop
  endfacet
  facet normal 0 0 -1
    outer loop
      vertex 56.8 32.5 -6
      vertex -30.3 35 -6
      vertex 54.3 35 -6
    endloop
  endfacet
  facet normal -0 0 -1
    outer loop
      vertex -30.3 35 -6
      vertex -32.8 32.5 -6
      vertex -30.3 119.6 -6
    endloop
  endfacet
  facet normal 0 0 -1
    outer loop
      vertex -32.8 32.5 -6
      vertex -30.3 35 -6
      vertex 56.8 32.5 -6
    endloop
  endfacet
  facet normal 0 0 -1
    outer loop
      vertex 54.3 119.6 -6
      vertex 56.8 122.1 -6
      vertex 54.3 35 -6
    endloop
  endfacet
  facet normal 0 0 -1
    outer loop
      vertex -30.3 119.6 -6
      vertex 56.8 122.1 -6
      vertex 54.3 119.6 -6
    endloop
  endfacet
  facet normal 0 0 -1
    outer loop
      vertex -30.3 119.6 -6
      vertex -32.8 122.1 -6
      vertex 56.8 122.1 -6
    endloop
  endfacet
  facet normal 0 0 -1
    outer loop
      vertex -32.8 122.1 -6
      vertex -30.3 119.6 -6
      vertex -32.8 32.5 -6
    endloop
  endfacet
  facet normal 0 -1 0
    outer loop
      vertex -32.8 32.5 -6
      vertex 56.8 32.5 0
      vertex -32.8 32.5 0
    endloop
  endfacet
  facet normal 0 -1 -0
    outer loop
      vertex 56.8 32.5 0
      vertex -32.8 32.5 -6
      vertex 56.8 32.5 -6
    endloop
  endfacet
  facet normal 0 1 -0
    outer loop
      vertex 56.8 122.1 -6
      vertex -32.8 122.1 0
      vertex 56.8 122.1 0
    endloop
  endfacet
  facet normal 0 1 0
    outer loop
      vertex -32.8 122.1 0
      vertex 56.8 122.1 -6
      vertex -32.8 122.1 -6
    endloop
  endfacet
  facet normal -1 0 0
    outer loop
      vertex -107.645 11.805 -6
      vertex -107.645 121.545 0
      vertex -107.645 121.545 -6
    endloop
  endfacet
  facet normal -1 -0 0
    outer loop
      vertex -107.645 121.545 0
      vertex -107.645 11.805 -6
      vertex -107.645 11.805 0
    endloop
  endfacet
  facet normal 1 -0 0
    outer loop
      vertex -42.355 11.805 0
      vertex -42.355 121.545 -6
      vertex -42.355 121.545 0
    endloop
  endfacet
  facet normal 1 0 0
    outer loop
      vertex -42.355 121.545 -6
      vertex -42.355 11.805 0
      vertex -42.355 11.805 -6
    endloop
  endfacet
  facet normal 0 1 -0
    outer loop
      vertex -42.355 121.545 -6
      vertex -107.645 121.545 0
      vertex -42.355 121.545 0
    endloop
  endfacet
  facet normal 0 1 0
    outer loop
      vertex -107.645 121.545 0
      vertex -42.355 121.545 -6
      vertex -107.645 121.545 -6
    endloop
  endfacet
  facet normal 0 0 -1
    outer loop
      vertex -42.355 11.805 -6
      vertex -44.855 14.305 -6
      vertex -42.355 121.545 -6
    endloop
  endfacet
  facet normal 0 0 -1
    outer loop
      vertex -42.355 11.805 -6
      vertex -105.145 14.305 -6
      vertex -44.855 14.305 -6
    endloop
  endfacet
  facet normal -0 0 -1
    outer loop
      vertex -105.145 14.305 -6
      vertex -107.645 11.805 -6
      vertex -105.145 119.045 -6
    endloop
  endfacet
  facet normal 0 0 -1
    outer loop
      vertex -107.645 11.805 -6
      vertex -105.145 14.305 -6
      vertex -42.355 11.805 -6
    endloop
  endfacet
  facet normal 0 0 -1
    outer loop
      vertex -44.855 119.045 -6
      vertex -42.355 121.545 -6
      vertex -44.855 14.305 -6
    endloop
  endfacet
  facet normal 0 0 -1
    outer loop
      vertex -105.145 119.045 -6
      vertex -42.355 121.545 -6
      vertex -44.855 119.045 -6
    endloop
  endfacet
  facet normal 0 0 -1
    outer loop
      vertex -105.145 119.045 -6
      vertex -107.645 121.545 -6
      vertex -42.355 121.545 -6
    endloop
  endfacet
  facet normal 0 0 -1
    outer loop
      vertex -107.645 121.545 -6
      vertex -105.145 119.045 -6
      vertex -107.645 11.805 -6
    endloop
  endfacet
  facet normal 0 -1 0
    outer loop
      vertex -107.645 11.805 -6
      vertex -42.355 11.805 0
      vertex -107.645 11.805 0
    endloop
  endfacet
  facet normal 0 -1 -0
    outer loop
      vertex -42.355 11.805 0
      vertex -107.645 11.805 -6
      vertex -42.355 11.805 -6
    endloop
  endfacet
  facet normal -0.526459 -0.850201 0
    outer loop
      vertex 73.5067 101.081 0
      vertex 73.6472 100.994 2.6
      vertex 73.5067 101.081 2.6
    endloop
  endfacet
  facet normal -0.526459 -0.850201 -0
    outer loop
      vertex 73.6472 100.994 2.6
      vertex 73.5067 101.081 0
      vertex 73.6472 100.994 0
    endloop
  endfacet
  facet normal 0.078274 0.996932 -0
    outer loop
      vertex 73.03 99.095 0
      vertex 72.8657 99.1079 2.6
      vertex 73.03 99.095 2.6
    endloop
  endfacet
  facet normal 0.078274 0.996932 0
    outer loop
      vertex 72.8657 99.1079 2.6
      vertex 73.03 99.095 0
      vertex 72.8657 99.1079 0
    endloop
  endfacet
  facet normal 0.526459 -0.850201 0
    outer loop
      vertex 72.4128 100.994 0
      vertex 72.5533 101.081 2.6
      vertex 72.4128 100.994 2.6
    endloop
  endfacet
  facet normal 0.526459 -0.850201 0
    outer loop
      vertex 72.5533 101.081 2.6
      vertex 72.4128 100.994 0
      vertex 72.5533 101.081 0
    endloop
  endfacet
  facet normal 0.972249 -0.233947 0
    outer loop
      vertex 71.9929 100.309 2.6
      vertex 72.0314 100.469 0
      vertex 72.0314 100.469 2.6
    endloop
  endfacet
  facet normal 0.972249 -0.233947 0
    outer loop
      vertex 72.0314 100.469 0
      vertex 71.9929 100.309 2.6
      vertex 71.9929 100.309 0
    endloop
  endfacet
  facet normal -0.924678 -0.38075 0
    outer loop
      vertex 74.0286 100.469 0
      vertex 73.9656 100.622 2.6
      vertex 73.9656 100.622 0
    endloop
  endfacet
  facet normal -0.924678 -0.38075 0
    outer loop
      vertex 73.9656 100.622 2.6
      vertex 74.0286 100.469 0
      vertex 74.0286 100.469 2.6
    endloop
  endfacet
  facet normal -0.851805 -0.52386 0
    outer loop
      vertex 73.9656 100.622 0
      vertex 73.8795 100.762 2.6
      vertex 73.8795 100.762 0
    endloop
  endfacet
  facet normal -0.851805 -0.52386 0
    outer loop
      vertex 73.8795 100.762 2.6
      vertex 73.9656 100.622 0
      vertex 73.9656 100.622 2.6
    endloop
  endfacet
  facet normal -0.649391 -0.760455 0
    outer loop
      vertex 73.6472 100.994 0
      vertex 73.7725 100.887 2.6
      vertex 73.6472 100.994 2.6
    endloop
  endfacet
  facet normal -0.649391 -0.760455 -0
    outer loop
      vertex 73.7725 100.887 2.6
      vertex 73.6472 100.994 0
      vertex 73.7725 100.887 0
    endloop
  endfacet
  facet normal -0.230799 -0.973001 0
    outer loop
      vertex 73.1943 101.182 0
      vertex 73.3545 101.144 2.6
      vertex 73.1943 101.182 2.6
    endloop
  endfacet
  facet normal -0.230799 -0.973001 -0
    outer loop
      vertex 73.3545 101.144 2.6
      vertex 73.1943 101.182 0
      vertex 73.3545 101.144 0
    endloop
  endfacet
  facet normal 0.078877 -0.996884 0
    outer loop
      vertex 72.8657 101.182 0
      vertex 73.03 101.195 2.6
      vertex 72.8657 101.182 2.6
    endloop
  endfacet
  facet normal 0.078877 -0.996884 0
    outer loop
      vertex 73.03 101.195 2.6
      vertex 72.8657 101.182 0
      vertex 73.03 101.195 0
    endloop
  endfacet
  facet normal -0.078877 -0.996884 0
    outer loop
      vertex 73.03 101.195 0
      vertex 73.1943 101.182 2.6
      vertex 73.03 101.195 2.6
    endloop
  endfacet
  facet normal -0.078877 -0.996884 -0
    outer loop
      vertex 73.1943 101.182 2.6
      vertex 73.03 101.195 0
      vertex 73.1943 101.182 0
    endloop
  endfacet
  facet normal 0.996932 0.078274 0
    outer loop
      vertex 71.9929 99.9807 2.6
      vertex 71.98 100.145 0
      vertex 71.98 100.145 2.6
    endloop
  endfacet
  facet normal 0.996932 0.078274 0
    outer loop
      vertex 71.98 100.145 0
      vertex 71.9929 99.9807 2.6
      vertex 71.9929 99.9807 0
    endloop
  endfacet
  facet normal 0.851805 -0.52386 0
    outer loop
      vertex 72.0944 100.622 2.6
      vertex 72.1805 100.762 0
      vertex 72.1805 100.762 2.6
    endloop
  endfacet
  facet normal 0.851805 -0.52386 0
    outer loop
      vertex 72.1805 100.762 0
      vertex 72.0944 100.622 2.6
      vertex 72.0944 100.622 0
    endloop
  endfacet
  facet normal 0.649391 -0.760455 0
    outer loop
      vertex 72.2875 100.887 0
      vertex 72.4128 100.994 2.6
      vertex 72.2875 100.887 2.6
    endloop
  endfacet
  facet normal 0.649391 -0.760455 0
    outer loop
      vertex 72.4128 100.994 2.6
      vertex 72.2875 100.887 0
      vertex 72.4128 100.994 0
    endloop
  endfacet
  facet normal 0.230799 -0.973001 0
    outer loop
      vertex 72.7055 101.144 0
      vertex 72.8657 101.182 2.6
      vertex 72.7055 101.144 2.6
    endloop
  endfacet
  facet normal 0.230799 -0.973001 0
    outer loop
      vertex 72.8657 101.182 2.6
      vertex 72.7055 101.144 0
      vertex 72.8657 101.182 0
    endloop
  endfacet
  facet normal 0.759685 -0.650291 0
    outer loop
      vertex 72.1805 100.762 2.6
      vertex 72.2875 100.887 0
      vertex 72.2875 100.887 2.6
    endloop
  endfacet
  facet normal 0.759685 -0.650291 0
    outer loop
      vertex 72.2875 100.887 0
      vertex 72.1805 100.762 2.6
      vertex 72.1805 100.762 0
    endloop
  endfacet
  facet normal -0.996921 -0.0784163 0
    outer loop
      vertex 74.08 100.145 0
      vertex 74.0671 100.309 2.6
      vertex 74.0671 100.309 0
    endloop
  endfacet
  facet normal -0.996921 -0.0784163 0
    outer loop
      vertex 74.0671 100.309 2.6
      vertex 74.08 100.145 0
      vertex 74.08 100.145 2.6
    endloop
  endfacet
  facet normal -0.233671 0.972316 0
    outer loop
      vertex 73.3545 99.1464 0
      vertex 73.1943 99.1079 2.6
      vertex 73.3545 99.1464 2.6
    endloop
  endfacet
  facet normal -0.233671 0.972316 0
    outer loop
      vertex 73.1943 99.1079 2.6
      vertex 73.3545 99.1464 0
      vertex 73.1943 99.1079 0
    endloop
  endfacet
  facet normal -0.522505 0.852636 0
    outer loop
      vertex 73.6472 99.2955 0
      vertex 73.5067 99.2094 2.6
      vertex 73.6472 99.2955 2.6
    endloop
  endfacet
  facet normal -0.522505 0.852636 0
    outer loop
      vertex 73.5067 99.2094 2.6
      vertex 73.6472 99.2955 0
      vertex 73.5067 99.2094 0
    endloop
  endfacet
  facet normal -0.649391 0.760455 0
    outer loop
      vertex 73.7725 99.4025 0
      vertex 73.6472 99.2955 2.6
      vertex 73.7725 99.4025 2.6
    endloop
  endfacet
  facet normal -0.649391 0.760455 0
    outer loop
      vertex 73.6472 99.2955 2.6
      vertex 73.7725 99.4025 0
      vertex 73.6472 99.2955 0
    endloop
  endfacet
  facet normal -0.852636 0.522505 0
    outer loop
      vertex 73.8795 99.5278 0
      vertex 73.9656 99.6683 2.6
      vertex 73.9656 99.6683 0
    endloop
  endfacet
  facet normal -0.852636 0.522505 0
    outer loop
      vertex 73.9656 99.6683 2.6
      vertex 73.8795 99.5278 0
      vertex 73.8795 99.5278 2.6
    endloop
  endfacet
  facet normal -0.078274 0.996932 0
    outer loop
      vertex 73.1943 99.1079 0
      vertex 73.03 99.095 2.6
      vertex 73.1943 99.1079 2.6
    endloop
  endfacet
  facet normal -0.078274 0.996932 0
    outer loop
      vertex 73.03 99.095 2.6
      vertex 73.1943 99.1079 0
      vertex 73.03 99.095 0
    endloop
  endfacet
  facet normal 0.522505 0.852636 -0
    outer loop
      vertex 72.5533 99.2094 0
      vertex 72.4128 99.2955 2.6
      vertex 72.5533 99.2094 2.6
    endloop
  endfacet
  facet normal 0.522505 0.852636 0
    outer loop
      vertex 72.4128 99.2955 2.6
      vertex 72.5533 99.2094 0
      vertex 72.4128 99.2955 0
    endloop
  endfacet
  facet normal 0.852636 0.522505 0
    outer loop
      vertex 72.1805 99.5278 2.6
      vertex 72.0944 99.6683 0
      vertex 72.0944 99.6683 2.6
    endloop
  endfacet
  facet normal 0.852636 0.522505 0
    outer loop
      vertex 72.0944 99.6683 0
      vertex 72.1805 99.5278 2.6
      vertex 72.1805 99.5278 0
    endloop
  endfacet
  facet normal 0.972316 0.233671 0
    outer loop
      vertex 72.0314 99.8205 2.6
      vertex 71.9929 99.9807 0
      vertex 71.9929 99.9807 2.6
    endloop
  endfacet
  facet normal 0.972316 0.233671 0
    outer loop
      vertex 71.9929 99.9807 0
      vertex 72.0314 99.8205 2.6
      vertex 72.0314 99.8205 0
    endloop
  endfacet
  facet normal -0.972249 -0.233947 0
    outer loop
      vertex 74.0671 100.309 0
      vertex 74.0286 100.469 2.6
      vertex 74.0286 100.469 0
    endloop
  endfacet
  facet normal -0.972249 -0.233947 0
    outer loop
      vertex 74.0286 100.469 2.6
      vertex 74.0671 100.309 0
      vertex 74.0671 100.309 2.6
    endloop
  endfacet
  facet normal -0.759685 -0.650291 0
    outer loop
      vertex 73.8795 100.762 0
      vertex 73.7725 100.887 2.6
      vertex 73.7725 100.887 0
    endloop
  endfacet
  facet normal -0.759685 -0.650291 0
    outer loop
      vertex 73.7725 100.887 2.6
      vertex 73.8795 100.762 0
      vertex 73.8795 100.762 2.6
    endloop
  endfacet
  facet normal -0.382459 -0.923972 0
    outer loop
      vertex 73.3545 101.144 0
      vertex 73.5067 101.081 2.6
      vertex 73.3545 101.144 2.6
    endloop
  endfacet
  facet normal -0.382459 -0.923972 -0
    outer loop
      vertex 73.5067 101.081 2.6
      vertex 73.3545 101.144 0
      vertex 73.5067 101.081 0
    endloop
  endfacet
  facet normal 0 0 -1
    outer loop
      vertex 74.0671 99.9807 2.6
      vertex 74.0671 100.309 2.6
      vertex 74.08 100.145 2.6
    endloop
  endfacet
  facet normal 0 0 -1
    outer loop
      vertex 74.0286 99.8205 2.6
      vertex 74.0671 100.309 2.6
      vertex 74.0671 99.9807 2.6
    endloop
  endfacet
  facet normal 0 0 -1
    outer loop
      vertex 74.0286 99.8205 2.6
      vertex 74.0286 100.469 2.6
      vertex 74.0671 100.309 2.6
    endloop
  endfacet
  facet normal 0 0 -1
    outer loop
      vertex 73.9656 99.6683 2.6
      vertex 74.0286 100.469 2.6
      vertex 74.0286 99.8205 2.6
    endloop
  endfacet
  facet normal 0 0 -1
    outer loop
      vertex 73.9656 99.6683 2.6
      vertex 73.9656 100.622 2.6
      vertex 74.0286 100.469 2.6
    endloop
  endfacet
  facet normal 0 0 -1
    outer loop
      vertex 73.8795 99.5278 2.6
      vertex 73.9656 100.622 2.6
      vertex 73.9656 99.6683 2.6
    endloop
  endfacet
  facet normal 0 0 -1
    outer loop
      vertex 73.8795 99.5278 2.6
      vertex 73.8795 100.762 2.6
      vertex 73.9656 100.622 2.6
    endloop
  endfacet
  facet normal 0 0 -1
    outer loop
      vertex 73.7725 99.4025 2.6
      vertex 73.8795 100.762 2.6
      vertex 73.8795 99.5278 2.6
    endloop
  endfacet
  facet normal 0 0 -1
    outer loop
      vertex 73.7725 99.4025 2.6
      vertex 73.7725 100.887 2.6
      vertex 73.8795 100.762 2.6
    endloop
  endfacet
  facet normal 0 0 -1
    outer loop
      vertex 73.6472 99.2955 2.6
      vertex 73.7725 100.887 2.6
      vertex 73.7725 99.4025 2.6
    endloop
  endfacet
  facet normal 0 0 -1
    outer loop
      vertex 73.6472 99.2955 2.6
      vertex 73.6472 100.994 2.6
      vertex 73.7725 100.887 2.6
    endloop
  endfacet
  facet normal 0 0 -1
    outer loop
      vertex 73.5067 99.2094 2.6
      vertex 73.6472 100.994 2.6
      vertex 73.6472 99.2955 2.6
    endloop
  endfacet
  facet normal 0 0 -1
    outer loop
      vertex 73.5067 99.2094 2.6
      vertex 73.5067 101.081 2.6
      vertex 73.6472 100.994 2.6
    endloop
  endfacet
  facet normal 0 0 -1
    outer loop
      vertex 73.3545 99.1464 2.6
      vertex 73.5067 101.081 2.6
      vertex 73.5067 99.2094 2.6
    endloop
  endfacet
  facet normal 0 0 -1
    outer loop
      vertex 73.3545 99.1464 2.6
      vertex 73.3545 101.144 2.6
      vertex 73.5067 101.081 2.6
    endloop
  endfacet
  facet normal 0 0 -1
    outer loop
      vertex 73.1943 99.1079 2.6
      vertex 73.3545 101.144 2.6
      vertex 73.3545 99.1464 2.6
    endloop
  endfacet
  facet normal 0 0 -1
    outer loop
      vertex 73.1943 99.1079 2.6
      vertex 73.1943 101.182 2.6
      vertex 73.3545 101.144 2.6
    endloop
  endfacet
  facet normal 0 0 -1
    outer loop
      vertex 73.03 99.095 2.6
      vertex 73.1943 101.182 2.6
      vertex 73.1943 99.1079 2.6
    endloop
  endfacet
  facet normal 0 0 -1
    outer loop
      vertex 73.03 99.095 2.6
      vertex 73.03 101.195 2.6
      vertex 73.1943 101.182 2.6
    endloop
  endfacet
  facet normal 0 0 -1
    outer loop
      vertex 72.8657 99.1079 2.6
      vertex 73.03 101.195 2.6
      vertex 73.03 99.095 2.6
    endloop
  endfacet
  facet normal 0 0 -1
    outer loop
      vertex 72.8657 99.1079 2.6
      vertex 72.8657 101.182 2.6
      vertex 73.03 101.195 2.6
    endloop
  endfacet
  facet normal 0 0 -1
    outer loop
      vertex 72.7055 99.1464 2.6
      vertex 72.8657 101.182 2.6
      vertex 72.8657 99.1079 2.6
    endloop
  endfacet
  facet normal 0 0 -1
    outer loop
      vertex 72.7055 99.1464 2.6
      vertex 72.7055 101.144 2.6
      vertex 72.8657 101.182 2.6
    endloop
  endfacet
  facet normal 0 0 -1
    outer loop
      vertex 72.5533 99.2094 2.6
      vertex 72.7055 101.144 2.6
      vertex 72.7055 99.1464 2.6
    endloop
  endfacet
  facet normal 0 0 -1
    outer loop
      vertex 72.5533 99.2094 2.6
      vertex 72.5533 101.081 2.6
      vertex 72.7055 101.144 2.6
    endloop
  endfacet
  facet normal 0 0 -1
    outer loop
      vertex 72.4128 99.2955 2.6
      vertex 72.5533 101.081 2.6
      vertex 72.5533 99.2094 2.6
    endloop
  endfacet
  facet normal 0 0 -1
    outer loop
      vertex 72.4128 99.2955 2.6
      vertex 72.4128 100.994 2.6
      vertex 72.5533 101.081 2.6
    endloop
  endfacet
  facet normal 0 0 -1
    outer loop
      vertex 72.2875 99.4025 2.6
      vertex 72.4128 100.994 2.6
      vertex 72.4128 99.2955 2.6
    endloop
  endfacet
  facet normal 0 0 -1
    outer loop
      vertex 72.2875 99.4025 2.6
      vertex 72.2875 100.887 2.6
      vertex 72.4128 100.994 2.6
    endloop
  endfacet
  facet normal 0 0 -1
    outer loop
      vertex 72.1805 99.5278 2.6
      vertex 72.2875 100.887 2.6
      vertex 72.2875 99.4025 2.6
    endloop
  endfacet
  facet normal 0 0 -1
    outer loop
      vertex 72.1805 99.5278 2.6
      vertex 72.1805 100.762 2.6
      vertex 72.2875 100.887 2.6
    endloop
  endfacet
  facet normal 0 0 -1
    outer loop
      vertex 72.0944 99.6683 2.6
      vertex 72.1805 100.762 2.6
      vertex 72.1805 99.5278 2.6
    endloop
  endfacet
  facet normal 0 0 -1
    outer loop
      vertex 72.0944 99.6683 2.6
      vertex 72.0944 100.622 2.6
      vertex 72.1805 100.762 2.6
    endloop
  endfacet
  facet normal 0 0 -1
    outer loop
      vertex 72.0314 99.8205 2.6
      vertex 72.0944 100.622 2.6
      vertex 72.0944 99.6683 2.6
    endloop
  endfacet
  facet normal 0 0 -1
    outer loop
      vertex 72.0314 99.8205 2.6
      vertex 72.0314 100.469 2.6
      vertex 72.0944 100.622 2.6
    endloop
  endfacet
  facet normal 0 0 -1
    outer loop
      vertex 71.9929 99.9807 2.6
      vertex 72.0314 100.469 2.6
      vertex 72.0314 99.8205 2.6
    endloop
  endfacet
  facet normal 0 0 -1
    outer loop
      vertex 71.9929 99.9807 2.6
      vertex 71.9929 100.309 2.6
      vertex 72.0314 100.469 2.6
    endloop
  endfacet
  facet normal 0 -0 -1
    outer loop
      vertex 71.9929 100.309 2.6
      vertex 71.9929 99.9807 2.6
      vertex 71.98 100.145 2.6
    endloop
  endfacet
  facet normal 0.996921 -0.0784163 0
    outer loop
      vertex 71.98 100.145 2.6
      vertex 71.9929 100.309 0
      vertex 71.9929 100.309 2.6
    endloop
  endfacet
  facet normal 0.996921 -0.0784163 0
    outer loop
      vertex 71.9929 100.309 0
      vertex 71.98 100.145 2.6
      vertex 71.98 100.145 0
    endloop
  endfacet
  facet normal 0.924678 -0.38075 0
    outer loop
      vertex 72.0314 100.469 2.6
      vertex 72.0944 100.622 0
      vertex 72.0944 100.622 2.6
    endloop
  endfacet
  facet normal 0.924678 -0.38075 0
    outer loop
      vertex 72.0944 100.622 0
      vertex 72.0314 100.469 2.6
      vertex 72.0314 100.469 0
    endloop
  endfacet
  facet normal 0.382459 -0.923972 0
    outer loop
      vertex 72.5533 101.081 0
      vertex 72.7055 101.144 2.6
      vertex 72.5533 101.081 2.6
    endloop
  endfacet
  facet normal 0.382459 -0.923972 0
    outer loop
      vertex 72.7055 101.144 2.6
      vertex 72.5533 101.081 0
      vertex 72.7055 101.144 0
    endloop
  endfacet
  facet normal -0.972316 0.233671 0
    outer loop
      vertex 74.0286 99.8205 0
      vertex 74.0671 99.9807 2.6
      vertex 74.0671 99.9807 0
    endloop
  endfacet
  facet normal -0.972316 0.233671 0
    outer loop
      vertex 74.0671 99.9807 2.6
      vertex 74.0286 99.8205 0
      vertex 74.0286 99.8205 2.6
    endloop
  endfacet
  facet normal -0.382459 0.923972 0
    outer loop
      vertex 73.5067 99.2094 0
      vertex 73.3545 99.1464 2.6
      vertex 73.5067 99.2094 2.6
    endloop
  endfacet
  facet normal -0.382459 0.923972 0
    outer loop
      vertex 73.3545 99.1464 2.6
      vertex 73.5067 99.2094 0
      vertex 73.3545 99.1464 0
    endloop
  endfacet
  facet normal -0.760455 0.649391 0
    outer loop
      vertex 73.7725 99.4025 0
      vertex 73.8795 99.5278 2.6
      vertex 73.8795 99.5278 0
    endloop
  endfacet
  facet normal -0.760455 0.649391 0
    outer loop
      vertex 73.8795 99.5278 2.6
      vertex 73.7725 99.4025 0
      vertex 73.7725 99.4025 2.6
    endloop
  endfacet
  facet normal -0.923972 0.382459 0
    outer loop
      vertex 73.9656 99.6683 0
      vertex 74.0286 99.8205 2.6
      vertex 74.0286 99.8205 0
    endloop
  endfacet
  facet normal -0.923972 0.382459 0
    outer loop
      vertex 74.0286 99.8205 2.6
      vertex 73.9656 99.6683 0
      vertex 73.9656 99.6683 2.6
    endloop
  endfacet
  facet normal 0.233671 0.972316 -0
    outer loop
      vertex 72.8657 99.1079 0
      vertex 72.7055 99.1464 2.6
      vertex 72.8657 99.1079 2.6
    endloop
  endfacet
  facet normal 0.233671 0.972316 0
    outer loop
      vertex 72.7055 99.1464 2.6
      vertex 72.8657 99.1079 0
      vertex 72.7055 99.1464 0
    endloop
  endfacet
  facet normal 0.923972 0.382459 0
    outer loop
      vertex 72.0944 99.6683 2.6
      vertex 72.0314 99.8205 0
      vertex 72.0314 99.8205 2.6
    endloop
  endfacet
  facet normal 0.923972 0.382459 0
    outer loop
      vertex 72.0314 99.8205 0
      vertex 72.0944 99.6683 2.6
      vertex 72.0944 99.6683 0
    endloop
  endfacet
  facet normal 0.760455 0.649391 0
    outer loop
      vertex 72.2875 99.4025 2.6
      vertex 72.1805 99.5278 0
      vertex 72.1805 99.5278 2.6
    endloop
  endfacet
  facet normal 0.760455 0.649391 0
    outer loop
      vertex 72.1805 99.5278 0
      vertex 72.2875 99.4025 2.6
      vertex 72.2875 99.4025 0
    endloop
  endfacet
  facet normal 0.649391 0.760455 -0
    outer loop
      vertex 72.4128 99.2955 0
      vertex 72.2875 99.4025 2.6
      vertex 72.4128 99.2955 2.6
    endloop
  endfacet
  facet normal 0.649391 0.760455 0
    outer loop
      vertex 72.2875 99.4025 2.6
      vertex 72.4128 99.2955 0
      vertex 72.2875 99.4025 0
    endloop
  endfacet
  facet normal -0.996932 0.078274 0
    outer loop
      vertex 74.0671 99.9807 0
      vertex 74.08 100.145 2.6
      vertex 74.08 100.145 0
    endloop
  endfacet
  facet normal -0.996932 0.078274 0
    outer loop
      vertex 74.08 100.145 2.6
      vertex 74.0671 99.9807 0
      vertex 74.0671 99.9807 2.6
    endloop
  endfacet
  facet normal 0.382459 0.923972 -0
    outer loop
      vertex 72.7055 99.1464 0
      vertex 72.5533 99.2094 2.6
      vertex 72.7055 99.1464 2.6
    endloop
  endfacet
  facet normal 0.382459 0.923972 0
    outer loop
      vertex 72.5533 99.2094 2.6
      vertex 72.7055 99.1464 0
      vertex 72.5533 99.2094 0
    endloop
  endfacet
  facet normal -0.526459 -0.850201 0
    outer loop
      vertex 73.5067 117.591 0
      vertex 73.6472 117.504 2.6
      vertex 73.5067 117.591 2.6
    endloop
  endfacet
  facet normal -0.526459 -0.850201 -0
    outer loop
      vertex 73.6472 117.504 2.6
      vertex 73.5067 117.591 0
      vertex 73.6472 117.504 0
    endloop
  endfacet
  facet normal 0.996921 -0.0784163 0
    outer loop
      vertex 71.98 116.655 2.6
      vertex 71.9929 116.819 0
      vertex 71.9929 116.819 2.6
    endloop
  endfacet
  facet normal 0.996921 -0.0784163 0
    outer loop
      vertex 71.9929 116.819 0
      vertex 71.98 116.655 2.6
      vertex 71.98 116.655 0
    endloop
  endfacet
  facet normal 0.078877 0.996884 -0
    outer loop
      vertex 73.03 115.605 0
      vertex 72.8657 115.618 2.6
      vertex 73.03 115.605 2.6
    endloop
  endfacet
  facet normal 0.078877 0.996884 0
    outer loop
      vertex 72.8657 115.618 2.6
      vertex 73.03 115.605 0
      vertex 72.8657 115.618 0
    endloop
  endfacet
  facet normal 0.382459 -0.923972 0
    outer loop
      vertex 72.5533 117.591 0
      vertex 72.7055 117.654 2.6
      vertex 72.5533 117.591 2.6
    endloop
  endfacet
  facet normal 0.382459 -0.923972 0
    outer loop
      vertex 72.7055 117.654 2.6
      vertex 72.5533 117.591 0
      vertex 72.7055 117.654 0
    endloop
  endfacet
  facet normal 0.972249 -0.233947 0
    outer loop
      vertex 71.9929 116.819 2.6
      vertex 72.0314 116.979 0
      vertex 72.0314 116.979 2.6
    endloop
  endfacet
  facet normal 0.972249 -0.233947 0
    outer loop
      vertex 72.0314 116.979 0
      vertex 71.9929 116.819 2.6
      vertex 71.9929 116.819 0
    endloop
  endfacet
  facet normal 0.851805 0.52386 0
    outer loop
      vertex 72.1805 116.038 2.6
      vertex 72.0944 116.178 0
      vertex 72.0944 116.178 2.6
    endloop
  endfacet
  facet normal 0.851805 0.52386 0
    outer loop
      vertex 72.0944 116.178 0
      vertex 72.1805 116.038 2.6
      vertex 72.1805 116.038 0
    endloop
  endfacet
  facet normal -0.972249 -0.233947 0
    outer loop
      vertex 74.0671 116.819 0
      vertex 74.0286 116.979 2.6
      vertex 74.0286 116.979 0
    endloop
  endfacet
  facet normal -0.972249 -0.233947 0
    outer loop
      vertex 74.0286 116.979 2.6
      vertex 74.0671 116.819 0
      vertex 74.0671 116.819 2.6
    endloop
  endfacet
  facet normal -0.924678 -0.38075 0
    outer loop
      vertex 74.0286 116.979 0
      vertex 73.9656 117.132 2.6
      vertex 73.9656 117.132 0
    endloop
  endfacet
  facet normal -0.924678 -0.38075 0
    outer loop
      vertex 73.9656 117.132 2.6
      vertex 74.0286 116.979 0
      vertex 74.0286 116.979 2.6
    endloop
  endfacet
  facet normal -0.759685 -0.650291 0
    outer loop
      vertex 73.8795 117.272 0
      vertex 73.7725 117.397 2.6
      vertex 73.7725 117.397 0
    endloop
  endfacet
  facet normal -0.759685 -0.650291 0
    outer loop
      vertex 73.7725 117.397 2.6
      vertex 73.8795 117.272 0
      vertex 73.8795 117.272 2.6
    endloop
  endfacet
  facet normal -0.649391 -0.760455 0
    outer loop
      vertex 73.6472 117.504 0
      vertex 73.7725 117.397 2.6
      vertex 73.6472 117.504 2.6
    endloop
  endfacet
  facet normal -0.649391 -0.760455 -0
    outer loop
      vertex 73.7725 117.397 2.6
      vertex 73.6472 117.504 0
      vertex 73.7725 117.397 0
    endloop
  endfacet
  facet normal -0.382459 -0.923972 0
    outer loop
      vertex 73.3545 117.654 0
      vertex 73.5067 117.591 2.6
      vertex 73.3545 117.654 2.6
    endloop
  endfacet
  facet normal -0.382459 -0.923972 -0
    outer loop
      vertex 73.5067 117.591 2.6
      vertex 73.3545 117.654 0
      vertex 73.5067 117.591 0
    endloop
  endfacet
  facet normal 0.078877 -0.996884 0
    outer loop
      vertex 72.8657 117.692 0
      vertex 73.03 117.705 2.6
      vertex 72.8657 117.692 2.6
    endloop
  endfacet
  facet normal 0.078877 -0.996884 0
    outer loop
      vertex 73.03 117.705 2.6
      vertex 72.8657 117.692 0
      vertex 73.03 117.705 0
    endloop
  endfacet
  facet normal -0.078877 -0.996884 0
    outer loop
      vertex 73.03 117.705 0
      vertex 73.1943 117.692 2.6
      vertex 73.03 117.705 2.6
    endloop
  endfacet
  facet normal -0.078877 -0.996884 -0
    outer loop
      vertex 73.1943 117.692 2.6
      vertex 73.03 117.705 0
      vertex 73.1943 117.692 0
    endloop
  endfacet
  facet normal 0.996921 0.0784163 0
    outer loop
      vertex 71.9929 116.491 2.6
      vertex 71.98 116.655 0
      vertex 71.98 116.655 2.6
    endloop
  endfacet
  facet normal 0.996921 0.0784163 0
    outer loop
      vertex 71.98 116.655 0
      vertex 71.9929 116.491 2.6
      vertex 71.9929 116.491 0
    endloop
  endfacet
  facet normal 0.851805 -0.52386 0
    outer loop
      vertex 72.0944 117.132 2.6
      vertex 72.1805 117.272 0
      vertex 72.1805 117.272 2.6
    endloop
  endfacet
  facet normal 0.851805 -0.52386 0
    outer loop
      vertex 72.1805 117.272 0
      vertex 72.0944 117.132 2.6
      vertex 72.0944 117.132 0
    endloop
  endfacet
  facet normal 0.230799 -0.973001 0
    outer loop
      vertex 72.7055 117.654 0
      vertex 72.8657 117.692 2.6
      vertex 72.7055 117.654 2.6
    endloop
  endfacet
  facet normal 0.230799 -0.973001 0
    outer loop
      vertex 72.8657 117.692 2.6
      vertex 72.7055 117.654 0
      vertex 72.8657 117.692 0
    endloop
  endfacet
  facet normal 0.759685 -0.650291 0
    outer loop
      vertex 72.1805 117.272 2.6
      vertex 72.2875 117.397 0
      vertex 72.2875 117.397 2.6
    endloop
  endfacet
  facet normal 0.759685 -0.650291 0
    outer loop
      vertex 72.2875 117.397 0
      vertex 72.1805 117.272 2.6
      vertex 72.1805 117.272 0
    endloop
  endfacet
  facet normal -0.996921 -0.0784163 0
    outer loop
      vertex 74.08 116.655 0
      vertex 74.0671 116.819 2.6
      vertex 74.0671 116.819 0
    endloop
  endfacet
  facet normal -0.996921 -0.0784163 0
    outer loop
      vertex 74.0671 116.819 2.6
      vertex 74.08 116.655 0
      vertex 74.08 116.655 2.6
    endloop
  endfacet
  facet normal -0.526459 0.850201 0
    outer loop
      vertex 73.6472 115.806 0
      vertex 73.5067 115.719 2.6
      vertex 73.6472 115.806 2.6
    endloop
  endfacet
  facet normal -0.526459 0.850201 0
    outer loop
      vertex 73.5067 115.719 2.6
      vertex 73.6472 115.806 0
      vertex 73.5067 115.719 0
    endloop
  endfacet
  facet normal -0.649391 0.760455 0
    outer loop
      vertex 73.7725 115.913 0
      vertex 73.6472 115.806 2.6
      vertex 73.7725 115.913 2.6
    endloop
  endfacet
  facet normal -0.649391 0.760455 0
    outer loop
      vertex 73.6472 115.806 2.6
      vertex 73.7725 115.913 0
      vertex 73.6472 115.806 0
    endloop
  endfacet
  facet normal -0.851805 0.52386 0
    outer loop
      vertex 73.8795 116.038 0
      vertex 73.9656 116.178 2.6
      vertex 73.9656 116.178 0
    endloop
  endfacet
  facet normal -0.851805 0.52386 0
    outer loop
      vertex 73.9656 116.178 2.6
      vertex 73.8795 116.038 0
      vertex 73.8795 116.038 2.6
    endloop
  endfacet
  facet normal 0.526459 0.850201 -0
    outer loop
      vertex 72.5533 115.719 0
      vertex 72.4128 115.806 2.6
      vertex 72.5533 115.719 2.6
    endloop
  endfacet
  facet normal 0.526459 0.850201 0
    outer loop
      vertex 72.4128 115.806 2.6
      vertex 72.5533 115.719 0
      vertex 72.4128 115.806 0
    endloop
  endfacet
  facet normal 0.972249 0.233947 0
    outer loop
      vertex 72.0314 116.331 2.6
      vertex 71.9929 116.491 0
      vertex 71.9929 116.491 2.6
    endloop
  endfacet
  facet normal 0.972249 0.233947 0
    outer loop
      vertex 71.9929 116.491 0
      vertex 72.0314 116.331 2.6
      vertex 72.0314 116.331 0
    endloop
  endfacet
  facet normal -0.851805 -0.52386 0
    outer loop
      vertex 73.9656 117.132 0
      vertex 73.8795 117.272 2.6
      vertex 73.8795 117.272 0
    endloop
  endfacet
  facet normal -0.851805 -0.52386 0
    outer loop
      vertex 73.8795 117.272 2.6
      vertex 73.9656 117.132 0
      vertex 73.9656 117.132 2.6
    endloop
  endfacet
  facet normal -0.230799 -0.973001 0
    outer loop
      vertex 73.1943 117.692 0
      vertex 73.3545 117.654 2.6
      vertex 73.1943 117.692 2.6
    endloop
  endfacet
  facet normal -0.230799 -0.973001 -0
    outer loop
      vertex 73.3545 117.654 2.6
      vertex 73.1943 117.692 0
      vertex 73.3545 117.654 0
    endloop
  endfacet
  facet normal 0 0 -1
    outer loop
      vertex 74.0671 116.491 2.6
      vertex 74.0671 116.819 2.6
      vertex 74.08 116.655 2.6
    endloop
  endfacet
  facet normal 0 0 -1
    outer loop
      vertex 74.0286 116.331 2.6
      vertex 74.0671 116.819 2.6
      vertex 74.0671 116.491 2.6
    endloop
  endfacet
  facet normal 0 0 -1
    outer loop
      vertex 74.0286 116.331 2.6
      vertex 74.0286 116.979 2.6
      vertex 74.0671 116.819 2.6
    endloop
  endfacet
  facet normal 0 0 -1
    outer loop
      vertex 73.9656 116.178 2.6
      vertex 74.0286 116.979 2.6
      vertex 74.0286 116.331 2.6
    endloop
  endfacet
  facet normal 0 0 -1
    outer loop
      vertex 73.9656 116.178 2.6
      vertex 73.9656 117.132 2.6
      vertex 74.0286 116.979 2.6
    endloop
  endfacet
  facet normal 0 0 -1
    outer loop
      vertex 73.8795 116.038 2.6
      vertex 73.9656 117.132 2.6
      vertex 73.9656 116.178 2.6
    endloop
  endfacet
  facet normal 0 0 -1
    outer loop
      vertex 73.8795 116.038 2.6
      vertex 73.8795 117.272 2.6
      vertex 73.9656 117.132 2.6
    endloop
  endfacet
  facet normal 0 0 -1
    outer loop
      vertex 73.7725 115.913 2.6
      vertex 73.8795 117.272 2.6
      vertex 73.8795 116.038 2.6
    endloop
  endfacet
  facet normal 0 0 -1
    outer loop
      vertex 73.7725 115.913 2.6
      vertex 73.7725 117.397 2.6
      vertex 73.8795 117.272 2.6
    endloop
  endfacet
  facet normal 0 0 -1
    outer loop
      vertex 73.6472 115.806 2.6
      vertex 73.7725 117.397 2.6
      vertex 73.7725 115.913 2.6
    endloop
  endfacet
  facet normal 0 0 -1
    outer loop
      vertex 73.6472 115.806 2.6
      vertex 73.6472 117.504 2.6
      vertex 73.7725 117.397 2.6
    endloop
  endfacet
  facet normal 0 0 -1
    outer loop
      vertex 73.5067 115.719 2.6
      vertex 73.6472 117.504 2.6
      vertex 73.6472 115.806 2.6
    endloop
  endfacet
  facet normal 0 0 -1
    outer loop
      vertex 73.5067 115.719 2.6
      vertex 73.5067 117.591 2.6
      vertex 73.6472 117.504 2.6
    endloop
  endfacet
  facet normal 0 0 -1
    outer loop
      vertex 73.3545 115.656 2.6
      vertex 73.5067 117.591 2.6
      vertex 73.5067 115.719 2.6
    endloop
  endfacet
  facet normal 0 0 -1
    outer loop
      vertex 73.3545 115.656 2.6
      vertex 73.3545 117.654 2.6
      vertex 73.5067 117.591 2.6
    endloop
  endfacet
  facet normal 0 0 -1
    outer loop
      vertex 73.1943 115.618 2.6
      vertex 73.3545 117.654 2.6
      vertex 73.3545 115.656 2.6
    endloop
  endfacet
  facet normal 0 0 -1
    outer loop
      vertex 73.1943 115.618 2.6
      vertex 73.1943 117.692 2.6
      vertex 73.3545 117.654 2.6
    endloop
  endfacet
  facet normal 0 0 -1
    outer loop
      vertex 73.03 115.605 2.6
      vertex 73.1943 117.692 2.6
      vertex 73.1943 115.618 2.6
    endloop
  endfacet
  facet normal 0 0 -1
    outer loop
      vertex 73.03 115.605 2.6
      vertex 73.03 117.705 2.6
      vertex 73.1943 117.692 2.6
    endloop
  endfacet
  facet normal 0 0 -1
    outer loop
      vertex 72.8657 115.618 2.6
      vertex 73.03 117.705 2.6
      vertex 73.03 115.605 2.6
    endloop
  endfacet
  facet normal 0 0 -1
    outer loop
      vertex 72.8657 115.618 2.6
      vertex 72.8657 117.692 2.6
      vertex 73.03 117.705 2.6
    endloop
  endfacet
  facet normal 0 0 -1
    outer loop
      vertex 72.7055 115.656 2.6
      vertex 72.8657 117.692 2.6
      vertex 72.8657 115.618 2.6
    endloop
  endfacet
  facet normal 0 0 -1
    outer loop
      vertex 72.7055 115.656 2.6
      vertex 72.7055 117.654 2.6
      vertex 72.8657 117.692 2.6
    endloop
  endfacet
  facet normal 0 0 -1
    outer loop
      vertex 72.5533 115.719 2.6
      vertex 72.7055 117.654 2.6
      vertex 72.7055 115.656 2.6
    endloop
  endfacet
  facet normal 0 0 -1
    outer loop
      vertex 72.5533 115.719 2.6
      vertex 72.5533 117.591 2.6
      vertex 72.7055 117.654 2.6
    endloop
  endfacet
  facet normal 0 0 -1
    outer loop
      vertex 72.4128 115.806 2.6
      vertex 72.5533 117.591 2.6
      vertex 72.5533 115.719 2.6
    endloop
  endfacet
  facet normal 0 0 -1
    outer loop
      vertex 72.4128 115.806 2.6
      vertex 72.4128 117.504 2.6
      vertex 72.5533 117.591 2.6
    endloop
  endfacet
  facet normal 0 0 -1
    outer loop
      vertex 72.2875 115.913 2.6
      vertex 72.4128 117.504 2.6
      vertex 72.4128 115.806 2.6
    endloop
  endfacet
  facet normal 0 0 -1
    outer loop
      vertex 72.2875 115.913 2.6
      vertex 72.2875 117.397 2.6
      vertex 72.4128 117.504 2.6
    endloop
  endfacet
  facet normal 0 0 -1
    outer loop
      vertex 72.1805 116.038 2.6
      vertex 72.2875 117.397 2.6
      vertex 72.2875 115.913 2.6
    endloop
  endfacet
  facet normal 0 0 -1
    outer loop
      vertex 72.1805 116.038 2.6
      vertex 72.1805 117.272 2.6
      vertex 72.2875 117.397 2.6
    endloop
  endfacet
  facet normal 0 0 -1
    outer loop
      vertex 72.0944 116.178 2.6
      vertex 72.1805 117.272 2.6
      vertex 72.1805 116.038 2.6
    endloop
  endfacet
  facet normal 0 0 -1
    outer loop
      vertex 72.0944 116.178 2.6
      vertex 72.0944 117.132 2.6
      vertex 72.1805 117.272 2.6
    endloop
  endfacet
  facet normal 0 0 -1
    outer loop
      vertex 72.0314 116.331 2.6
      vertex 72.0944 117.132 2.6
      vertex 72.0944 116.178 2.6
    endloop
  endfacet
  facet normal 0 0 -1
    outer loop
      vertex 72.0314 116.331 2.6
      vertex 72.0314 116.979 2.6
      vertex 72.0944 117.132 2.6
    endloop
  endfacet
  facet normal 0 0 -1
    outer loop
      vertex 71.9929 116.491 2.6
      vertex 72.0314 116.979 2.6
      vertex 72.0314 116.331 2.6
    endloop
  endfacet
  facet normal 0 0 -1
    outer loop
      vertex 71.9929 116.491 2.6
      vertex 71.9929 116.819 2.6
      vertex 72.0314 116.979 2.6
    endloop
  endfacet
  facet normal 0 -0 -1
    outer loop
      vertex 71.9929 116.819 2.6
      vertex 71.9929 116.491 2.6
      vertex 71.98 116.655 2.6
    endloop
  endfacet
  facet normal 0.526459 -0.850201 0
    outer loop
      vertex 72.4128 117.504 0
      vertex 72.5533 117.591 2.6
      vertex 72.4128 117.504 2.6
    endloop
  endfacet
  facet normal 0.526459 -0.850201 0
    outer loop
      vertex 72.5533 117.591 2.6
      vertex 72.4128 117.504 0
      vertex 72.5533 117.591 0
    endloop
  endfacet
  facet normal 0.649391 -0.760455 0
    outer loop
      vertex 72.2875 117.397 0
      vertex 72.4128 117.504 2.6
      vertex 72.2875 117.397 2.6
    endloop
  endfacet
  facet normal 0.649391 -0.760455 0
    outer loop
      vertex 72.4128 117.504 2.6
      vertex 72.2875 117.397 0
      vertex 72.4128 117.504 0
    endloop
  endfacet
  facet normal -0.996921 0.0784163 0
    outer loop
      vertex 74.0671 116.491 0
      vertex 74.08 116.655 2.6
      vertex 74.08 116.655 0
    endloop
  endfacet
  facet normal -0.996921 0.0784163 0
    outer loop
      vertex 74.08 116.655 2.6
      vertex 74.0671 116.491 0
      vertex 74.0671 116.491 2.6
    endloop
  endfacet
  facet normal -0.972249 0.233947 0
    outer loop
      vertex 74.0286 116.331 0
      vertex 74.0671 116.491 2.6
      vertex 74.0671 116.491 0
    endloop
  endfacet
  facet normal -0.972249 0.233947 0
    outer loop
      vertex 74.0671 116.491 2.6
      vertex 74.0286 116.331 0
      vertex 74.0286 116.331 2.6
    endloop
  endfacet
  facet normal -0.230799 0.973001 0
    outer loop
      vertex 73.3545 115.656 0
      vertex 73.1943 115.618 2.6
      vertex 73.3545 115.656 2.6
    endloop
  endfacet
  facet normal -0.230799 0.973001 0
    outer loop
      vertex 73.1943 115.618 2.6
      vertex 73.3545 115.656 0
      vertex 73.1943 115.618 0
    endloop
  endfacet
  facet normal -0.382459 0.923972 0
    outer loop
      vertex 73.5067 115.719 0
      vertex 73.3545 115.656 2.6
      vertex 73.5067 115.719 2.6
    endloop
  endfacet
  facet normal -0.382459 0.923972 0
    outer loop
      vertex 73.3545 115.656 2.6
      vertex 73.5067 115.719 0
      vertex 73.3545 115.656 0
    endloop
  endfacet
  facet normal -0.759685 0.650291 0
    outer loop
      vertex 73.7725 115.913 0
      vertex 73.8795 116.038 2.6
      vertex 73.8795 116.038 0
    endloop
  endfacet
  facet normal -0.759685 0.650291 0
    outer loop
      vertex 73.8795 116.038 2.6
      vertex 73.7725 115.913 0
      vertex 73.7725 115.913 2.6
    endloop
  endfacet
  facet normal -0.924678 0.38075 0
    outer loop
      vertex 73.9656 116.178 0
      vertex 74.0286 116.331 2.6
      vertex 74.0286 116.331 0
    endloop
  endfacet
  facet normal -0.924678 0.38075 0
    outer loop
      vertex 74.0286 116.331 2.6
      vertex 73.9656 116.178 0
      vertex 73.9656 116.178 2.6
    endloop
  endfacet
  facet normal -0.078877 0.996884 0
    outer loop
      vertex 73.1943 115.618 0
      vertex 73.03 115.605 2.6
      vertex 73.1943 115.618 2.6
    endloop
  endfacet
  facet normal -0.078877 0.996884 0
    outer loop
      vertex 73.03 115.605 2.6
      vertex 73.1943 115.618 0
      vertex 73.03 115.605 0
    endloop
  endfacet
  facet normal 0.382459 0.923972 -0
    outer loop
      vertex 72.7055 115.656 0
      vertex 72.5533 115.719 2.6
      vertex 72.7055 115.656 2.6
    endloop
  endfacet
  facet normal 0.382459 0.923972 0
    outer loop
      vertex 72.5533 115.719 2.6
      vertex 72.7055 115.656 0
      vertex 72.5533 115.719 0
    endloop
  endfacet
  facet normal 0.924678 0.38075 0
    outer loop
      vertex 72.0944 116.178 2.6
      vertex 72.0314 116.331 0
      vertex 72.0314 116.331 2.6
    endloop
  endfacet
  facet normal 0.924678 0.38075 0
    outer loop
      vertex 72.0314 116.331 0
      vertex 72.0944 116.178 2.6
      vertex 72.0944 116.178 0
    endloop
  endfacet
  facet normal 0.759685 0.650291 0
    outer loop
      vertex 72.2875 115.913 2.6
      vertex 72.1805 116.038 0
      vertex 72.1805 116.038 2.6
    endloop
  endfacet
  facet normal 0.759685 0.650291 0
    outer loop
      vertex 72.1805 116.038 0
      vertex 72.2875 115.913 2.6
      vertex 72.2875 115.913 0
    endloop
  endfacet
  facet normal 0.649391 0.760455 -0
    outer loop
      vertex 72.4128 115.806 0
      vertex 72.2875 115.913 2.6
      vertex 72.4128 115.806 2.6
    endloop
  endfacet
  facet normal 0.649391 0.760455 0
    outer loop
      vertex 72.2875 115.913 2.6
      vertex 72.4128 115.806 0
      vertex 72.2875 115.913 0
    endloop
  endfacet
  facet normal 0.924678 -0.38075 0
    outer loop
      vertex 72.0314 116.979 2.6
      vertex 72.0944 117.132 0
      vertex 72.0944 117.132 2.6
    endloop
  endfacet
  facet normal 0.924678 -0.38075 0
    outer loop
      vertex 72.0944 117.132 0
      vertex 72.0314 116.979 2.6
      vertex 72.0314 116.979 0
    endloop
  endfacet
  facet normal 0.230799 0.973001 -0
    outer loop
      vertex 72.8657 115.618 0
      vertex 72.7055 115.656 2.6
      vertex 72.8657 115.618 2.6
    endloop
  endfacet
  facet normal 0.230799 0.973001 0
    outer loop
      vertex 72.7055 115.656 2.6
      vertex 72.8657 115.618 0
      vertex 72.7055 115.656 0
    endloop
  endfacet
  facet normal -0.996873 -0.0790204 0
    outer loop
      vertex 102.02 100.145 0
      vertex 102.007 100.309 2.6
      vertex 102.007 100.309 0
    endloop
  endfacet
  facet normal -0.996873 -0.0790204 0
    outer loop
      vertex 102.007 100.309 2.6
      vertex 102.02 100.145 0
      vertex 102.02 100.145 2.6
    endloop
  endfacet
  facet normal 0.996921 -0.0784163 0
    outer loop
      vertex 99.92 100.145 2.6
      vertex 99.9329 100.309 0
      vertex 99.9329 100.309 2.6
    endloop
  endfacet
  facet normal 0.996921 -0.0784163 0
    outer loop
      vertex 99.9329 100.309 0
      vertex 99.92 100.145 2.6
      vertex 99.92 100.145 0
    endloop
  endfacet
  facet normal 0.0790204 -0.996873 0
    outer loop
      vertex 100.806 101.182 0
      vertex 100.97 101.195 2.6
      vertex 100.806 101.182 2.6
    endloop
  endfacet
  facet normal 0.0790204 -0.996873 0
    outer loop
      vertex 100.97 101.195 2.6
      vertex 100.806 101.182 0
      vertex 100.97 101.195 0
    endloop
  endfacet
  facet normal -0.0784163 0.996921 0
    outer loop
      vertex 101.134 99.1079 0
      vertex 100.97 99.095 2.6
      vertex 101.134 99.1079 2.6
    endloop
  endfacet
  facet normal -0.0784163 0.996921 0
    outer loop
      vertex 100.97 99.095 2.6
      vertex 101.134 99.1079 0
      vertex 100.97 99.095 0
    endloop
  endfacet
  facet normal -0.650291 -0.759685 0
    outer loop
      vertex 101.587 100.994 0
      vertex 101.712 100.887 2.6
      vertex 101.587 100.994 2.6
    endloop
  endfacet
  facet normal -0.650291 -0.759685 -0
    outer loop
      vertex 101.712 100.887 2.6
      vertex 101.587 100.994 0
      vertex 101.712 100.887 0
    endloop
  endfacet
  facet normal 0.650291 -0.759685 0
    outer loop
      vertex 100.228 100.887 0
      vertex 100.353 100.994 2.6
      vertex 100.228 100.887 2.6
    endloop
  endfacet
  facet normal 0.650291 -0.759685 0
    outer loop
      vertex 100.353 100.994 2.6
      vertex 100.228 100.887 0
      vertex 100.353 100.994 0
    endloop
  endfacet
  facet normal 0.38075 -0.924678 0
    outer loop
      vertex 100.493 101.081 0
      vertex 100.646 101.144 2.6
      vertex 100.493 101.081 2.6
    endloop
  endfacet
  facet normal 0.38075 -0.924678 0
    outer loop
      vertex 100.646 101.144 2.6
      vertex 100.493 101.081 0
      vertex 100.646 101.144 0
    endloop
  endfacet
  facet normal -0.850201 0.526459 0
    outer loop
      vertex 101.819 99.5278 0
      vertex 101.906 99.6683 2.6
      vertex 101.906 99.6683 0
    endloop
  endfacet
  facet normal -0.850201 0.526459 0
    outer loop
      vertex 101.906 99.6683 2.6
      vertex 101.819 99.5278 0
      vertex 101.819 99.5278 2.6
    endloop
  endfacet
  facet normal -0.924678 -0.38075 0
    outer loop
      vertex 101.969 100.469 0
      vertex 101.906 100.622 2.6
      vertex 101.906 100.622 0
    endloop
  endfacet
  facet normal -0.924678 -0.38075 0
    outer loop
      vertex 101.906 100.622 2.6
      vertex 101.969 100.469 0
      vertex 101.969 100.469 2.6
    endloop
  endfacet
  facet normal -0.972937 -0.231072 0
    outer loop
      vertex 102.007 100.309 0
      vertex 101.969 100.469 2.6
      vertex 101.969 100.469 0
    endloop
  endfacet
  facet normal -0.972937 -0.231072 0
    outer loop
      vertex 101.969 100.469 2.6
      vertex 102.007 100.309 0
      vertex 102.007 100.309 2.6
    endloop
  endfacet
  facet normal -0.849359 -0.527816 0
    outer loop
      vertex 101.906 100.622 0
      vertex 101.819 100.762 2.6
      vertex 101.819 100.762 0
    endloop
  endfacet
  facet normal -0.849359 -0.527816 0
    outer loop
      vertex 101.819 100.762 2.6
      vertex 101.906 100.622 0
      vertex 101.906 100.622 2.6
    endloop
  endfacet
  facet normal -0.231072 -0.972937 0
    outer loop
      vertex 101.134 101.182 0
      vertex 101.294 101.144 2.6
      vertex 101.134 101.182 2.6
    endloop
  endfacet
  facet normal -0.231072 -0.972937 -0
    outer loop
      vertex 101.294 101.144 2.6
      vertex 101.134 101.182 0
      vertex 101.294 101.144 0
    endloop
  endfacet
  facet normal -0.0790204 -0.996873 0
    outer loop
      vertex 100.97 101.195 0
      vertex 101.134 101.182 2.6
      vertex 100.97 101.195 2.6
    endloop
  endfacet
  facet normal -0.0790204 -0.996873 -0
    outer loop
      vertex 101.134 101.182 2.6
      vertex 100.97 101.195 0
      vertex 101.134 101.182 0
    endloop
  endfacet
  facet normal -0.38075 -0.924678 0
    outer loop
      vertex 101.294 101.144 0
      vertex 101.447 101.081 2.6
      vertex 101.294 101.144 2.6
    endloop
  endfacet
  facet normal -0.38075 -0.924678 -0
    outer loop
      vertex 101.447 101.081 2.6
      vertex 101.294 101.144 0
      vertex 101.447 101.081 0
    endloop
  endfacet
  facet normal 0.925528 -0.37868 0
    outer loop
      vertex 99.9714 100.469 2.6
      vertex 100.034 100.622 0
      vertex 100.034 100.622 2.6
    endloop
  endfacet
  facet normal 0.925528 -0.37868 0
    outer loop
      vertex 100.034 100.622 0
      vertex 99.9714 100.469 2.6
      vertex 99.9714 100.469 0
    endloop
  endfacet
  facet normal 0.849359 -0.527816 0
    outer loop
      vertex 100.034 100.622 2.6
      vertex 100.121 100.762 0
      vertex 100.121 100.762 2.6
    endloop
  endfacet
  facet normal 0.849359 -0.527816 0
    outer loop
      vertex 100.121 100.762 0
      vertex 100.034 100.622 2.6
      vertex 100.034 100.622 0
    endloop
  endfacet
  facet normal 0.972249 -0.233947 0
    outer loop
      vertex 99.9329 100.309 2.6
      vertex 99.9714 100.469 0
      vertex 99.9714 100.469 2.6
    endloop
  endfacet
  facet normal 0.972249 -0.233947 0
    outer loop
      vertex 99.9714 100.469 0
      vertex 99.9329 100.309 2.6
      vertex 99.9329 100.309 0
    endloop
  endfacet
  facet normal 0 0 -1
    outer loop
      vertex 102.007 99.9807 2.6
      vertex 102.007 100.309 2.6
      vertex 102.02 100.145 2.6
    endloop
  endfacet
  facet normal 0 0 -1
    outer loop
      vertex 101.969 99.8205 2.6
      vertex 102.007 100.309 2.6
      vertex 102.007 99.9807 2.6
    endloop
  endfacet
  facet normal 0 0 -1
    outer loop
      vertex 101.969 99.8205 2.6
      vertex 101.969 100.469 2.6
      vertex 102.007 100.309 2.6
    endloop
  endfacet
  facet normal 0 0 -1
    outer loop
      vertex 101.906 99.6683 2.6
      vertex 101.969 100.469 2.6
      vertex 101.969 99.8205 2.6
    endloop
  endfacet
  facet normal 0 0 -1
    outer loop
      vertex 101.906 99.6683 2.6
      vertex 101.906 100.622 2.6
      vertex 101.969 100.469 2.6
    endloop
  endfacet
  facet normal 0 0 -1
    outer loop
      vertex 101.819 99.5278 2.6
      vertex 101.906 100.622 2.6
      vertex 101.906 99.6683 2.6
    endloop
  endfacet
  facet normal 0 0 -1
    outer loop
      vertex 101.819 99.5278 2.6
      vertex 101.819 100.762 2.6
      vertex 101.906 100.622 2.6
    endloop
  endfacet
  facet normal 0 0 -1
    outer loop
      vertex 101.712 99.4025 2.6
      vertex 101.819 100.762 2.6
      vertex 101.819 99.5278 2.6
    endloop
  endfacet
  facet normal 0 0 -1
    outer loop
      vertex 101.712 99.4025 2.6
      vertex 101.712 100.887 2.6
      vertex 101.819 100.762 2.6
    endloop
  endfacet
  facet normal 0 0 -1
    outer loop
      vertex 101.587 99.2955 2.6
      vertex 101.712 100.887 2.6
      vertex 101.712 99.4025 2.6
    endloop
  endfacet
  facet normal 0 0 -1
    outer loop
      vertex 101.587 99.2955 2.6
      vertex 101.587 100.994 2.6
      vertex 101.712 100.887 2.6
    endloop
  endfacet
  facet normal 0 0 -1
    outer loop
      vertex 101.447 99.2094 2.6
      vertex 101.587 100.994 2.6
      vertex 101.587 99.2955 2.6
    endloop
  endfacet
  facet normal 0 0 -1
    outer loop
      vertex 101.447 99.2094 2.6
      vertex 101.447 101.081 2.6
      vertex 101.587 100.994 2.6
    endloop
  endfacet
  facet normal 0 0 -1
    outer loop
      vertex 101.294 99.1464 2.6
      vertex 101.447 101.081 2.6
      vertex 101.447 99.2094 2.6
    endloop
  endfacet
  facet normal 0 0 -1
    outer loop
      vertex 101.294 99.1464 2.6
      vertex 101.294 101.144 2.6
      vertex 101.447 101.081 2.6
    endloop
  endfacet
  facet normal 0 0 -1
    outer loop
      vertex 101.134 99.1079 2.6
      vertex 101.294 101.144 2.6
      vertex 101.294 99.1464 2.6
    endloop
  endfacet
  facet normal 0 0 -1
    outer loop
      vertex 101.134 99.1079 2.6
      vertex 101.134 101.182 2.6
      vertex 101.294 101.144 2.6
    endloop
  endfacet
  facet normal 0 0 -1
    outer loop
      vertex 100.97 99.095 2.6
      vertex 101.134 101.182 2.6
      vertex 101.134 99.1079 2.6
    endloop
  endfacet
  facet normal 0 0 -1
    outer loop
      vertex 100.97 99.095 2.6
      vertex 100.97 101.195 2.6
      vertex 101.134 101.182 2.6
    endloop
  endfacet
  facet normal 0 0 -1
    outer loop
      vertex 100.806 99.1079 2.6
      vertex 100.97 101.195 2.6
      vertex 100.97 99.095 2.6
    endloop
  endfacet
  facet normal 0 0 -1
    outer loop
      vertex 100.806 99.1079 2.6
      vertex 100.806 101.182 2.6
      vertex 100.97 101.195 2.6
    endloop
  endfacet
  facet normal 0 0 -1
    outer loop
      vertex 100.646 99.1464 2.6
      vertex 100.806 101.182 2.6
      vertex 100.806 99.1079 2.6
    endloop
  endfacet
  facet normal 0 0 -1
    outer loop
      vertex 100.646 99.1464 2.6
      vertex 100.646 101.144 2.6
      vertex 100.806 101.182 2.6
    endloop
  endfacet
  facet normal 0 0 -1
    outer loop
      vertex 100.493 99.2094 2.6
      vertex 100.646 101.144 2.6
      vertex 100.646 99.1464 2.6
    endloop
  endfacet
  facet normal 0 0 -1
    outer loop
      vertex 100.493 99.2094 2.6
      vertex 100.493 101.081 2.6
      vertex 100.646 101.144 2.6
    endloop
  endfacet
  facet normal 0 0 -1
    outer loop
      vertex 100.353 99.2955 2.6
      vertex 100.493 101.081 2.6
      vertex 100.493 99.2094 2.6
    endloop
  endfacet
  facet normal 0 0 -1
    outer loop
      vertex 100.353 99.2955 2.6
      vertex 100.353 100.994 2.6
      vertex 100.493 101.081 2.6
    endloop
  endfacet
  facet normal 0 0 -1
    outer loop
      vertex 100.228 99.4025 2.6
      vertex 100.353 100.994 2.6
      vertex 100.353 99.2955 2.6
    endloop
  endfacet
  facet normal 0 0 -1
    outer loop
      vertex 100.228 99.4025 2.6
      vertex 100.228 100.887 2.6
      vertex 100.353 100.994 2.6
    endloop
  endfacet
  facet normal 0 0 -1
    outer loop
      vertex 100.121 99.5278 2.6
      vertex 100.228 100.887 2.6
      vertex 100.228 99.4025 2.6
    endloop
  endfacet
  facet normal 0 0 -1
    outer loop
      vertex 100.121 99.5278 2.6
      vertex 100.121 100.762 2.6
      vertex 100.228 100.887 2.6
    endloop
  endfacet
  facet normal 0 0 -1
    outer loop
      vertex 100.034 99.6683 2.6
      vertex 100.121 100.762 2.6
      vertex 100.121 99.5278 2.6
    endloop
  endfacet
  facet normal 0 0 -1
    outer loop
      vertex 100.034 99.6683 2.6
      vertex 100.034 100.622 2.6
      vertex 100.121 100.762 2.6
    endloop
  endfacet
  facet normal 0 0 -1
    outer loop
      vertex 99.9714 99.8205 2.6
      vertex 100.034 100.622 2.6
      vertex 100.034 99.6683 2.6
    endloop
  endfacet
  facet normal 0 0 -1
    outer loop
      vertex 99.9714 99.8205 2.6
      vertex 99.9714 100.469 2.6
      vertex 100.034 100.622 2.6
    endloop
  endfacet
  facet normal 0 0 -1
    outer loop
      vertex 99.9329 99.9807 2.6
      vertex 99.9714 100.469 2.6
      vertex 99.9714 99.8205 2.6
    endloop
  endfacet
  facet normal 0 0 -1
    outer loop
      vertex 99.9329 99.9807 2.6
      vertex 99.9329 100.309 2.6
      vertex 99.9714 100.469 2.6
    endloop
  endfacet
  facet normal 0 -0 -1
    outer loop
      vertex 99.9329 100.309 2.6
      vertex 99.9329 99.9807 2.6
      vertex 99.92 100.145 2.6
    endloop
  endfacet
  facet normal 0.527816 -0.849359 0
    outer loop
      vertex 100.353 100.994 0
      vertex 100.493 101.081 2.6
      vertex 100.353 100.994 2.6
    endloop
  endfacet
  facet normal 0.527816 -0.849359 0
    outer loop
      vertex 100.493 101.081 2.6
      vertex 100.353 100.994 0
      vertex 100.493 101.081 0
    endloop
  endfacet
  facet normal 0.231072 -0.972937 0
    outer loop
      vertex 100.646 101.144 0
      vertex 100.806 101.182 2.6
      vertex 100.646 101.144 2.6
    endloop
  endfacet
  facet normal 0.231072 -0.972937 0
    outer loop
      vertex 100.806 101.182 2.6
      vertex 100.646 101.144 0
      vertex 100.806 101.182 0
    endloop
  endfacet
  facet normal -0.233947 0.972249 0
    outer loop
      vertex 101.294 99.1464 0
      vertex 101.134 99.1079 2.6
      vertex 101.294 99.1464 2.6
    endloop
  endfacet
  facet normal -0.233947 0.972249 0
    outer loop
      vertex 101.134 99.1079 2.6
      vertex 101.294 99.1464 0
      vertex 101.134 99.1079 0
    endloop
  endfacet
  facet normal -0.759685 -0.650291 0
    outer loop
      vertex 101.819 100.762 0
      vertex 101.712 100.887 2.6
      vertex 101.712 100.887 0
    endloop
  endfacet
  facet normal -0.759685 -0.650291 0
    outer loop
      vertex 101.712 100.887 2.6
      vertex 101.819 100.762 0
      vertex 101.819 100.762 2.6
    endloop
  endfacet
  facet normal -0.527816 -0.849359 0
    outer loop
      vertex 101.447 101.081 0
      vertex 101.587 100.994 2.6
      vertex 101.447 101.081 2.6
    endloop
  endfacet
  facet normal -0.527816 -0.849359 -0
    outer loop
      vertex 101.587 100.994 2.6
      vertex 101.447 101.081 0
      vertex 101.587 100.994 0
    endloop
  endfacet
  facet normal 0.759685 -0.650291 0
    outer loop
      vertex 100.121 100.762 2.6
      vertex 100.228 100.887 0
      vertex 100.228 100.887 2.6
    endloop
  endfacet
  facet normal 0.759685 -0.650291 0
    outer loop
      vertex 100.228 100.887 0
      vertex 100.121 100.762 2.6
      vertex 100.121 100.762 0
    endloop
  endfacet
  facet normal -0.973001 0.230799 0
    outer loop
      vertex 101.969 99.8205 0
      vertex 102.007 99.9807 2.6
      vertex 102.007 99.9807 0
    endloop
  endfacet
  facet normal -0.973001 0.230799 0
    outer loop
      vertex 102.007 99.9807 2.6
      vertex 101.969 99.8205 0
      vertex 101.969 99.8205 2.6
    endloop
  endfacet
  facet normal -0.996884 0.078877 0
    outer loop
      vertex 102.007 99.9807 0
      vertex 102.02 100.145 2.6
      vertex 102.02 100.145 0
    endloop
  endfacet
  facet normal -0.996884 0.078877 0
    outer loop
      vertex 102.02 100.145 2.6
      vertex 102.007 99.9807 0
      vertex 102.007 99.9807 2.6
    endloop
  endfacet
  facet normal 0.38075 0.924678 -0
    outer loop
      vertex 100.646 99.1464 0
      vertex 100.493 99.2094 2.6
      vertex 100.646 99.1464 2.6
    endloop
  endfacet
  facet normal 0.38075 0.924678 0
    outer loop
      vertex 100.493 99.2094 2.6
      vertex 100.646 99.1464 0
      vertex 100.493 99.2094 0
    endloop
  endfacet
  facet normal 0.850201 0.526459 0
    outer loop
      vertex 100.121 99.5278 2.6
      vertex 100.034 99.6683 0
      vertex 100.034 99.6683 2.6
    endloop
  endfacet
  facet normal 0.850201 0.526459 0
    outer loop
      vertex 100.034 99.6683 0
      vertex 100.121 99.5278 2.6
      vertex 100.121 99.5278 0
    endloop
  endfacet
  facet normal 0.924829 0.380383 0
    outer loop
      vertex 100.034 99.6683 2.6
      vertex 99.9714 99.8205 0
      vertex 99.9714 99.8205 2.6
    endloop
  endfacet
  facet normal 0.924829 0.380383 0
    outer loop
      vertex 99.9714 99.8205 0
      vertex 100.034 99.6683 2.6
      vertex 100.034 99.6683 0
    endloop
  endfacet
  facet normal 0.996932 0.078274 0
    outer loop
      vertex 99.9329 99.9807 2.6
      vertex 99.92 100.145 0
      vertex 99.92 100.145 2.6
    endloop
  endfacet
  facet normal 0.996932 0.078274 0
    outer loop
      vertex 99.92 100.145 0
      vertex 99.9329 99.9807 2.6
      vertex 99.9329 99.9807 0
    endloop
  endfacet
  facet normal -0.650291 0.759685 0
    outer loop
      vertex 101.712 99.4025 0
      vertex 101.587 99.2955 2.6
      vertex 101.712 99.4025 2.6
    endloop
  endfacet
  facet normal -0.650291 0.759685 0
    outer loop
      vertex 101.587 99.2955 2.6
      vertex 101.712 99.4025 0
      vertex 101.587 99.2955 0
    endloop
  endfacet
  facet normal -0.52386 0.851805 0
    outer loop
      vertex 101.587 99.2955 0
      vertex 101.447 99.2094 2.6
      vertex 101.587 99.2955 2.6
    endloop
  endfacet
  facet normal -0.52386 0.851805 0
    outer loop
      vertex 101.447 99.2094 2.6
      vertex 101.587 99.2955 0
      vertex 101.447 99.2094 0
    endloop
  endfacet
  facet normal -0.923972 0.382459 0
    outer loop
      vertex 101.906 99.6683 0
      vertex 101.969 99.8205 2.6
      vertex 101.969 99.8205 0
    endloop
  endfacet
  facet normal -0.923972 0.382459 0
    outer loop
      vertex 101.969 99.8205 2.6
      vertex 101.906 99.6683 0
      vertex 101.906 99.6683 2.6
    endloop
  endfacet
  facet normal 0.233947 0.972249 -0
    outer loop
      vertex 100.806 99.1079 0
      vertex 100.646 99.1464 2.6
      vertex 100.806 99.1079 2.6
    endloop
  endfacet
  facet normal 0.233947 0.972249 0
    outer loop
      vertex 100.646 99.1464 2.6
      vertex 100.806 99.1079 0
      vertex 100.646 99.1464 0
    endloop
  endfacet
  facet normal 0.650291 0.759685 -0
    outer loop
      vertex 100.353 99.2955 0
      vertex 100.228 99.4025 2.6
      vertex 100.353 99.2955 2.6
    endloop
  endfacet
  facet normal 0.650291 0.759685 0
    outer loop
      vertex 100.228 99.4025 2.6
      vertex 100.353 99.2955 0
      vertex 100.228 99.4025 0
    endloop
  endfacet
  facet normal 0.972316 0.233671 0
    outer loop
      vertex 99.9714 99.8205 2.6
      vertex 99.9329 99.9807 0
      vertex 99.9329 99.9807 2.6
    endloop
  endfacet
  facet normal 0.972316 0.233671 0
    outer loop
      vertex 99.9329 99.9807 0
      vertex 99.9714 99.8205 2.6
      vertex 99.9714 99.8205 0
    endloop
  endfacet
  facet normal -0.760455 0.649391 0
    outer loop
      vertex 101.712 99.4025 0
      vertex 101.819 99.5278 2.6
      vertex 101.819 99.5278 0
    endloop
  endfacet
  facet normal -0.760455 0.649391 0
    outer loop
      vertex 101.819 99.5278 2.6
      vertex 101.712 99.4025 0
      vertex 101.712 99.4025 2.6
    endloop
  endfacet
  facet normal -0.38075 0.924678 0
    outer loop
      vertex 101.447 99.2094 0
      vertex 101.294 99.1464 2.6
      vertex 101.447 99.2094 2.6
    endloop
  endfacet
  facet normal -0.38075 0.924678 0
    outer loop
      vertex 101.294 99.1464 2.6
      vertex 101.447 99.2094 0
      vertex 101.294 99.1464 0
    endloop
  endfacet
  facet normal 0.0784163 0.996921 -0
    outer loop
      vertex 100.97 99.095 0
      vertex 100.806 99.1079 2.6
      vertex 100.97 99.095 2.6
    endloop
  endfacet
  facet normal 0.0784163 0.996921 0
    outer loop
      vertex 100.806 99.1079 2.6
      vertex 100.97 99.095 0
      vertex 100.806 99.1079 0
    endloop
  endfacet
  facet normal 0.52386 0.851805 -0
    outer loop
      vertex 100.493 99.2094 0
      vertex 100.353 99.2955 2.6
      vertex 100.493 99.2094 2.6
    endloop
  endfacet
  facet normal 0.52386 0.851805 0
    outer loop
      vertex 100.353 99.2955 2.6
      vertex 100.493 99.2094 0
      vertex 100.353 99.2955 0
    endloop
  endfacet
  facet normal 0.760455 0.649391 0
    outer loop
      vertex 100.228 99.4025 2.6
      vertex 100.121 99.5278 0
      vertex 100.121 99.5278 2.6
    endloop
  endfacet
  facet normal 0.760455 0.649391 0
    outer loop
      vertex 100.121 99.5278 0
      vertex 100.228 99.4025 2.6
      vertex 100.228 99.4025 0
    endloop
  endfacet
  facet normal -0.996873 -0.0790204 0
    outer loop
      vertex 102.02 116.655 0
      vertex 102.007 116.819 2.6
      vertex 102.007 116.819 0
    endloop
  endfacet
  facet normal -0.996873 -0.0790204 0
    outer loop
      vertex 102.007 116.819 2.6
      vertex 102.02 116.655 0
      vertex 102.02 116.655 2.6
    endloop
  endfacet
  facet normal 0.996921 -0.0784163 0
    outer loop
      vertex 99.92 116.655 2.6
      vertex 99.9329 116.819 0
      vertex 99.9329 116.819 2.6
    endloop
  endfacet
  facet normal 0.996921 -0.0784163 0
    outer loop
      vertex 99.9329 116.819 0
      vertex 99.92 116.655 2.6
      vertex 99.92 116.655 0
    endloop
  endfacet
  facet normal -0.0790204 -0.996873 0
    outer loop
      vertex 100.97 117.705 0
      vertex 101.134 117.692 2.6
      vertex 100.97 117.705 2.6
    endloop
  endfacet
  facet normal -0.0790204 -0.996873 -0
    outer loop
      vertex 101.134 117.692 2.6
      vertex 100.97 117.705 0
      vertex 101.134 117.692 0
    endloop
  endfacet
  facet normal -0.0790204 0.996873 0
    outer loop
      vertex 101.134 115.618 0
      vertex 100.97 115.605 2.6
      vertex 101.134 115.618 2.6
    endloop
  endfacet
  facet normal -0.0790204 0.996873 0
    outer loop
      vertex 100.97 115.605 2.6
      vertex 101.134 115.618 0
      vertex 100.97 115.605 0
    endloop
  endfacet
  facet normal -0.759685 -0.650291 0
    outer loop
      vertex 101.819 117.272 0
      vertex 101.712 117.397 2.6
      vertex 101.712 117.397 0
    endloop
  endfacet
  facet normal -0.759685 -0.650291 0
    outer loop
      vertex 101.712 117.397 2.6
      vertex 101.819 117.272 0
      vertex 101.819 117.272 2.6
    endloop
  endfacet
  facet normal 0.650291 -0.759685 0
    outer loop
      vertex 100.228 117.397 0
      vertex 100.353 117.504 2.6
      vertex 100.228 117.397 2.6
    endloop
  endfacet
  facet normal 0.650291 -0.759685 0
    outer loop
      vertex 100.353 117.504 2.6
      vertex 100.228 117.397 0
      vertex 100.353 117.504 0
    endloop
  endfacet
  facet normal 0.231072 -0.972937 0
    outer loop
      vertex 100.646 117.654 0
      vertex 100.806 117.692 2.6
      vertex 100.646 117.654 2.6
    endloop
  endfacet
  facet normal 0.231072 -0.972937 0
    outer loop
      vertex 100.806 117.692 2.6
      vertex 100.646 117.654 0
      vertex 100.806 117.692 0
    endloop
  endfacet
  facet normal -0.849359 0.527816 0
    outer loop
      vertex 101.819 116.038 0
      vertex 101.906 116.178 2.6
      vertex 101.906 116.178 0
    endloop
  endfacet
  facet normal -0.849359 0.527816 0
    outer loop
      vertex 101.906 116.178 2.6
      vertex 101.819 116.038 0
      vertex 101.819 116.038 2.6
    endloop
  endfacet
  facet normal -0.924678 -0.38075 0
    outer loop
      vertex 101.969 116.979 0
      vertex 101.906 117.132 2.6
      vertex 101.906 117.132 0
    endloop
  endfacet
  facet normal -0.924678 -0.38075 0
    outer loop
      vertex 101.906 117.132 2.6
      vertex 101.969 116.979 0
      vertex 101.969 116.979 2.6
    endloop
  endfacet
  facet normal -0.972937 -0.231072 0
    outer loop
      vertex 102.007 116.819 0
      vertex 101.969 116.979 2.6
      vertex 101.969 116.979 0
    endloop
  endfacet
  facet normal -0.972937 -0.231072 0
    outer loop
      vertex 101.969 116.979 2.6
      vertex 102.007 116.819 0
      vertex 102.007 116.819 2.6
    endloop
  endfacet
  facet normal -0.849359 -0.527816 0
    outer loop
      vertex 101.906 117.132 0
      vertex 101.819 117.272 2.6
      vertex 101.819 117.272 0
    endloop
  endfacet
  facet normal -0.849359 -0.527816 0
    outer loop
      vertex 101.819 117.272 2.6
      vertex 101.906 117.132 0
      vertex 101.906 117.132 2.6
    endloop
  endfacet
  facet normal -0.38075 -0.924678 0
    outer loop
      vertex 101.294 117.654 0
      vertex 101.447 117.591 2.6
      vertex 101.294 117.654 2.6
    endloop
  endfacet
  facet normal -0.38075 -0.924678 -0
    outer loop
      vertex 101.447 117.591 2.6
      vertex 101.294 117.654 0
      vertex 101.447 117.591 0
    endloop
  endfacet
  facet normal -0.231072 -0.972937 0
    outer loop
      vertex 101.134 117.692 0
      vertex 101.294 117.654 2.6
      vertex 101.134 117.692 2.6
    endloop
  endfacet
  facet normal -0.231072 -0.972937 -0
    outer loop
      vertex 101.294 117.654 2.6
      vertex 101.134 117.692 0
      vertex 101.294 117.654 0
    endloop
  endfacet
  facet normal -0.650291 -0.759685 0
    outer loop
      vertex 101.587 117.504 0
      vertex 101.712 117.397 2.6
      vertex 101.587 117.504 2.6
    endloop
  endfacet
  facet normal -0.650291 -0.759685 -0
    outer loop
      vertex 101.712 117.397 2.6
      vertex 101.587 117.504 0
      vertex 101.712 117.397 0
    endloop
  endfacet
  facet normal 0.849359 -0.527816 0
    outer loop
      vertex 100.034 117.132 2.6
      vertex 100.121 117.272 0
      vertex 100.121 117.272 2.6
    endloop
  endfacet
  facet normal 0.849359 -0.527816 0
    outer loop
      vertex 100.121 117.272 0
      vertex 100.034 117.132 2.6
      vertex 100.034 117.132 0
    endloop
  endfacet
  facet normal 0.759685 -0.650291 0
    outer loop
      vertex 100.121 117.272 2.6
      vertex 100.228 117.397 0
      vertex 100.228 117.397 2.6
    endloop
  endfacet
  facet normal 0.759685 -0.650291 0
    outer loop
      vertex 100.228 117.397 0
      vertex 100.121 117.272 2.6
      vertex 100.121 117.272 0
    endloop
  endfacet
  facet normal 0.972249 -0.233947 0
    outer loop
      vertex 99.9329 116.819 2.6
      vertex 99.9714 116.979 0
      vertex 99.9714 116.979 2.6
    endloop
  endfacet
  facet normal 0.972249 -0.233947 0
    outer loop
      vertex 99.9714 116.979 0
      vertex 99.9329 116.819 2.6
      vertex 99.9329 116.819 0
    endloop
  endfacet
  facet normal 0 0 -1
    outer loop
      vertex 102.007 116.491 2.6
      vertex 102.007 116.819 2.6
      vertex 102.02 116.655 2.6
    endloop
  endfacet
  facet normal 0 0 -1
    outer loop
      vertex 101.969 116.331 2.6
      vertex 102.007 116.819 2.6
      vertex 102.007 116.491 2.6
    endloop
  endfacet
  facet normal 0 0 -1
    outer loop
      vertex 101.969 116.331 2.6
      vertex 101.969 116.979 2.6
      vertex 102.007 116.819 2.6
    endloop
  endfacet
  facet normal 0 0 -1
    outer loop
      vertex 101.906 116.178 2.6
      vertex 101.969 116.979 2.6
      vertex 101.969 116.331 2.6
    endloop
  endfacet
  facet normal 0 0 -1
    outer loop
      vertex 101.906 116.178 2.6
      vertex 101.906 117.132 2.6
      vertex 101.969 116.979 2.6
    endloop
  endfacet
  facet normal 0 0 -1
    outer loop
      vertex 101.819 116.038 2.6
      vertex 101.906 117.132 2.6
      vertex 101.906 116.178 2.6
    endloop
  endfacet
  facet normal 0 0 -1
    outer loop
      vertex 101.819 116.038 2.6
      vertex 101.819 117.272 2.6
      vertex 101.906 117.132 2.6
    endloop
  endfacet
  facet normal 0 0 -1
    outer loop
      vertex 101.712 115.913 2.6
      vertex 101.819 117.272 2.6
      vertex 101.819 116.038 2.6
    endloop
  endfacet
  facet normal 0 0 -1
    outer loop
      vertex 101.712 115.913 2.6
      vertex 101.712 117.397 2.6
      vertex 101.819 117.272 2.6
    endloop
  endfacet
  facet normal 0 0 -1
    outer loop
      vertex 101.587 115.806 2.6
      vertex 101.712 117.397 2.6
      vertex 101.712 115.913 2.6
    endloop
  endfacet
  facet normal 0 0 -1
    outer loop
      vertex 101.587 115.806 2.6
      vertex 101.587 117.504 2.6
      vertex 101.712 117.397 2.6
    endloop
  endfacet
  facet normal 0 0 -1
    outer loop
      vertex 101.447 115.719 2.6
      vertex 101.587 117.504 2.6
      vertex 101.587 115.806 2.6
    endloop
  endfacet
  facet normal 0 0 -1
    outer loop
      vertex 101.447 115.719 2.6
      vertex 101.447 117.591 2.6
      vertex 101.587 117.504 2.6
    endloop
  endfacet
  facet normal 0 0 -1
    outer loop
      vertex 101.294 115.656 2.6
      vertex 101.447 117.591 2.6
      vertex 101.447 115.719 2.6
    endloop
  endfacet
  facet normal 0 0 -1
    outer loop
      vertex 101.294 115.656 2.6
      vertex 101.294 117.654 2.6
      vertex 101.447 117.591 2.6
    endloop
  endfacet
  facet normal 0 0 -1
    outer loop
      vertex 101.134 115.618 2.6
      vertex 101.294 117.654 2.6
      vertex 101.294 115.656 2.6
    endloop
  endfacet
  facet normal 0 0 -1
    outer loop
      vertex 101.134 115.618 2.6
      vertex 101.134 117.692 2.6
      vertex 101.294 117.654 2.6
    endloop
  endfacet
  facet normal 0 0 -1
    outer loop
      vertex 100.97 115.605 2.6
      vertex 101.134 117.692 2.6
      vertex 101.134 115.618 2.6
    endloop
  endfacet
  facet normal 0 0 -1
    outer loop
      vertex 100.97 115.605 2.6
      vertex 100.97 117.705 2.6
      vertex 101.134 117.692 2.6
    endloop
  endfacet
  facet normal 0 0 -1
    outer loop
      vertex 100.806 115.618 2.6
      vertex 100.97 117.705 2.6
      vertex 100.97 115.605 2.6
    endloop
  endfacet
  facet normal 0 0 -1
    outer loop
      vertex 100.806 115.618 2.6
      vertex 100.806 117.692 2.6
      vertex 100.97 117.705 2.6
    endloop
  endfacet
  facet normal 0 0 -1
    outer loop
      vertex 100.646 115.656 2.6
      vertex 100.806 117.692 2.6
      vertex 100.806 115.618 2.6
    endloop
  endfacet
  facet normal 0 0 -1
    outer loop
      vertex 100.646 115.656 2.6
      vertex 100.646 117.654 2.6
      vertex 100.806 117.692 2.6
    endloop
  endfacet
  facet normal 0 0 -1
    outer loop
      vertex 100.493 115.719 2.6
      vertex 100.646 117.654 2.6
      vertex 100.646 115.656 2.6
    endloop
  endfacet
  facet normal 0 0 -1
    outer loop
      vertex 100.493 115.719 2.6
      vertex 100.493 117.591 2.6
      vertex 100.646 117.654 2.6
    endloop
  endfacet
  facet normal 0 0 -1
    outer loop
      vertex 100.353 115.806 2.6
      vertex 100.493 117.591 2.6
      vertex 100.493 115.719 2.6
    endloop
  endfacet
  facet normal 0 0 -1
    outer loop
      vertex 100.353 115.806 2.6
      vertex 100.353 117.504 2.6
      vertex 100.493 117.591 2.6
    endloop
  endfacet
  facet normal 0 0 -1
    outer loop
      vertex 100.228 115.913 2.6
      vertex 100.353 117.504 2.6
      vertex 100.353 115.806 2.6
    endloop
  endfacet
  facet normal 0 0 -1
    outer loop
      vertex 100.228 115.913 2.6
      vertex 100.228 117.397 2.6
      vertex 100.353 117.504 2.6
    endloop
  endfacet
  facet normal 0 0 -1
    outer loop
      vertex 100.121 116.038 2.6
      vertex 100.228 117.397 2.6
      vertex 100.228 115.913 2.6
    endloop
  endfacet
  facet normal 0 0 -1
    outer loop
      vertex 100.121 116.038 2.6
      vertex 100.121 117.272 2.6
      vertex 100.228 117.397 2.6
    endloop
  endfacet
  facet normal 0 0 -1
    outer loop
      vertex 100.034 116.178 2.6
      vertex 100.121 117.272 2.6
      vertex 100.121 116.038 2.6
    endloop
  endfacet
  facet normal 0 0 -1
    outer loop
      vertex 100.034 116.178 2.6
      vertex 100.034 117.132 2.6
      vertex 100.121 117.272 2.6
    endloop
  endfacet
  facet normal 0 0 -1
    outer loop
      vertex 99.9714 116.331 2.6
      vertex 100.034 117.132 2.6
      vertex 100.034 116.178 2.6
    endloop
  endfacet
  facet normal 0 0 -1
    outer loop
      vertex 99.9714 116.331 2.6
      vertex 99.9714 116.979 2.6
      vertex 100.034 117.132 2.6
    endloop
  endfacet
  facet normal 0 0 -1
    outer loop
      vertex 99.9329 116.491 2.6
      vertex 99.9714 116.979 2.6
      vertex 99.9714 116.331 2.6
    endloop
  endfacet
  facet normal 0 0 -1
    outer loop
      vertex 99.9329 116.491 2.6
      vertex 99.9329 116.819 2.6
      vertex 99.9714 116.979 2.6
    endloop
  endfacet
  facet normal 0 -0 -1
    outer loop
      vertex 99.9329 116.819 2.6
      vertex 99.9329 116.491 2.6
      vertex 99.92 116.655 2.6
    endloop
  endfacet
  facet normal 0.527816 -0.849359 0
    outer loop
      vertex 100.353 117.504 0
      vertex 100.493 117.591 2.6
      vertex 100.353 117.504 2.6
    endloop
  endfacet
  facet normal 0.527816 -0.849359 0
    outer loop
      vertex 100.493 117.591 2.6
      vertex 100.353 117.504 0
      vertex 100.493 117.591 0
    endloop
  endfacet
  facet normal 0.0790204 -0.996873 0
    outer loop
      vertex 100.806 117.692 0
      vertex 100.97 117.705 2.6
      vertex 100.806 117.692 2.6
    endloop
  endfacet
  facet normal 0.0790204 -0.996873 0
    outer loop
      vertex 100.97 117.705 2.6
      vertex 100.806 117.692 0
      vertex 100.97 117.705 0
    endloop
  endfacet
  facet normal -0.527816 -0.849359 0
    outer loop
      vertex 101.447 117.591 0
      vertex 101.587 117.504 2.6
      vertex 101.447 117.591 2.6
    endloop
  endfacet
  facet normal -0.527816 -0.849359 -0
    outer loop
      vertex 101.587 117.504 2.6
      vertex 101.447 117.591 0
      vertex 101.587 117.504 0
    endloop
  endfacet
  facet normal 0.925528 -0.37868 0
    outer loop
      vertex 99.9714 116.979 2.6
      vertex 100.034 117.132 0
      vertex 100.034 117.132 2.6
    endloop
  endfacet
  facet normal 0.925528 -0.37868 0
    outer loop
      vertex 100.034 117.132 0
      vertex 99.9714 116.979 2.6
      vertex 99.9714 116.979 0
    endloop
  endfacet
  facet normal 0.38075 -0.924678 0
    outer loop
      vertex 100.493 117.591 0
      vertex 100.646 117.654 2.6
      vertex 100.493 117.591 2.6
    endloop
  endfacet
  facet normal 0.38075 -0.924678 0
    outer loop
      vertex 100.646 117.654 2.6
      vertex 100.493 117.591 0
      vertex 100.646 117.654 0
    endloop
  endfacet
  facet normal -0.759685 0.650291 0
    outer loop
      vertex 101.712 115.913 0
      vertex 101.819 116.038 2.6
      vertex 101.819 116.038 0
    endloop
  endfacet
  facet normal -0.759685 0.650291 0
    outer loop
      vertex 101.819 116.038 2.6
      vertex 101.712 115.913 0
      vertex 101.712 115.913 2.6
    endloop
  endfacet
  facet normal -0.996873 0.0790204 0
    outer loop
      vertex 102.007 116.491 0
      vertex 102.02 116.655 2.6
      vertex 102.02 116.655 0
    endloop
  endfacet
  facet normal -0.996873 0.0790204 0
    outer loop
      vertex 102.02 116.655 2.6
      vertex 102.007 116.491 0
      vertex 102.007 116.491 2.6
    endloop
  endfacet
  facet normal 0.38075 0.924678 -0
    outer loop
      vertex 100.646 115.656 0
      vertex 100.493 115.719 2.6
      vertex 100.646 115.656 2.6
    endloop
  endfacet
  facet normal 0.38075 0.924678 0
    outer loop
      vertex 100.493 115.719 2.6
      vertex 100.646 115.656 0
      vertex 100.493 115.719 0
    endloop
  endfacet
  facet normal -0.231072 0.972937 0
    outer loop
      vertex 101.294 115.656 0
      vertex 101.134 115.618 2.6
      vertex 101.294 115.656 2.6
    endloop
  endfacet
  facet normal -0.231072 0.972937 0
    outer loop
      vertex 101.134 115.618 2.6
      vertex 101.294 115.656 0
      vertex 101.134 115.618 0
    endloop
  endfacet
  facet normal -0.527816 0.849359 0
    outer loop
      vertex 101.587 115.806 0
      vertex 101.447 115.719 2.6
      vertex 101.587 115.806 2.6
    endloop
  endfacet
  facet normal -0.527816 0.849359 0
    outer loop
      vertex 101.447 115.719 2.6
      vertex 101.587 115.806 0
      vertex 101.447 115.719 0
    endloop
  endfacet
  facet normal -0.650291 0.759685 0
    outer loop
      vertex 101.712 115.913 0
      vertex 101.587 115.806 2.6
      vertex 101.712 115.913 2.6
    endloop
  endfacet
  facet normal -0.650291 0.759685 0
    outer loop
      vertex 101.587 115.806 2.6
      vertex 101.712 115.913 0
      vertex 101.587 115.806 0
    endloop
  endfacet
  facet normal -0.924678 0.38075 0
    outer loop
      vertex 101.906 116.178 0
      vertex 101.969 116.331 2.6
      vertex 101.969 116.331 0
    endloop
  endfacet
  facet normal -0.924678 0.38075 0
    outer loop
      vertex 101.969 116.331 2.6
      vertex 101.906 116.178 0
      vertex 101.906 116.178 2.6
    endloop
  endfacet
  facet normal 0.759685 0.650291 0
    outer loop
      vertex 100.228 115.913 2.6
      vertex 100.121 116.038 0
      vertex 100.121 116.038 2.6
    endloop
  endfacet
  facet normal 0.759685 0.650291 0
    outer loop
      vertex 100.121 116.038 0
      vertex 100.228 115.913 2.6
      vertex 100.228 115.913 0
    endloop
  endfacet
  facet normal 0.972249 0.233947 0
    outer loop
      vertex 99.9714 116.331 2.6
      vertex 99.9329 116.491 0
      vertex 99.9329 116.491 2.6
    endloop
  endfacet
  facet normal 0.972249 0.233947 0
    outer loop
      vertex 99.9329 116.491 0
      vertex 99.9714 116.331 2.6
      vertex 99.9714 116.331 0
    endloop
  endfacet
  facet normal 0.996921 0.0784163 0
    outer loop
      vertex 99.9329 116.491 2.6
      vertex 99.92 116.655 0
      vertex 99.92 116.655 2.6
    endloop
  endfacet
  facet normal 0.996921 0.0784163 0
    outer loop
      vertex 99.92 116.655 0
      vertex 99.9329 116.491 2.6
      vertex 99.9329 116.491 0
    endloop
  endfacet
  facet normal -0.38075 0.924678 0
    outer loop
      vertex 101.447 115.719 0
      vertex 101.294 115.656 2.6
      vertex 101.447 115.719 2.6
    endloop
  endfacet
  facet normal -0.38075 0.924678 0
    outer loop
      vertex 101.294 115.656 2.6
      vertex 101.447 115.719 0
      vertex 101.294 115.656 0
    endloop
  endfacet
  facet normal -0.972937 0.231072 0
    outer loop
      vertex 101.969 116.331 0
      vertex 102.007 116.491 2.6
      vertex 102.007 116.491 0
    endloop
  endfacet
  facet normal -0.972937 0.231072 0
    outer loop
      vertex 102.007 116.491 2.6
      vertex 101.969 116.331 0
      vertex 101.969 116.331 2.6
    endloop
  endfacet
  facet normal 0.0790204 0.996873 -0
    outer loop
      vertex 100.97 115.605 0
      vertex 100.806 115.618 2.6
      vertex 100.97 115.605 2.6
    endloop
  endfacet
  facet normal 0.0790204 0.996873 0
    outer loop
      vertex 100.806 115.618 2.6
      vertex 100.97 115.605 0
      vertex 100.806 115.618 0
    endloop
  endfacet
  facet normal 0.650291 0.759685 -0
    outer loop
      vertex 100.353 115.806 0
      vertex 100.228 115.913 2.6
      vertex 100.353 115.806 2.6
    endloop
  endfacet
  facet normal 0.650291 0.759685 0
    outer loop
      vertex 100.228 115.913 2.6
      vertex 100.353 115.806 0
      vertex 100.228 115.913 0
    endloop
  endfacet
  facet normal 0.527816 0.849359 -0
    outer loop
      vertex 100.493 115.719 0
      vertex 100.353 115.806 2.6
      vertex 100.493 115.719 2.6
    endloop
  endfacet
  facet normal 0.527816 0.849359 0
    outer loop
      vertex 100.353 115.806 2.6
      vertex 100.493 115.719 0
      vertex 100.353 115.806 0
    endloop
  endfacet
  facet normal 0.231072 0.972937 -0
    outer loop
      vertex 100.806 115.618 0
      vertex 100.646 115.656 2.6
      vertex 100.806 115.618 2.6
    endloop
  endfacet
  facet normal 0.231072 0.972937 0
    outer loop
      vertex 100.646 115.656 2.6
      vertex 100.806 115.618 0
      vertex 100.646 115.656 0
    endloop
  endfacet
  facet normal 0.849359 0.527816 0
    outer loop
      vertex 100.121 116.038 2.6
      vertex 100.034 116.178 0
      vertex 100.034 116.178 2.6
    endloop
  endfacet
  facet normal 0.849359 0.527816 0
    outer loop
      vertex 100.034 116.178 0
      vertex 100.121 116.038 2.6
      vertex 100.121 116.038 0
    endloop
  endfacet
  facet normal 0.925528 0.37868 0
    outer loop
      vertex 100.034 116.178 2.6
      vertex 99.9714 116.331 0
      vertex 99.9714 116.331 2.6
    endloop
  endfacet
  facet normal 0.925528 0.37868 0
    outer loop
      vertex 99.9714 116.331 0
      vertex 100.034 116.178 2.6
      vertex 100.034 116.178 0
    endloop
  endfacet
  facet normal -0.996891 -0.0787873 0
    outer loop
      vertex -118.75 50.8 0
      vertex -118.784 51.2302 3
      vertex -118.784 51.2302 0
    endloop
  endfacet
  facet normal -0.996891 -0.0787873 0
    outer loop
      vertex -118.784 51.2302 3
      vertex -118.75 50.8 0
      vertex -118.75 50.8 3
    endloop
  endfacet
  facet normal 0.996891 -0.0787873 0
    outer loop
      vertex -124.25 50.8 3
      vertex -124.216 51.2302 0
      vertex -124.216 51.2302 3
    endloop
  endfacet
  facet normal 0.996891 -0.0787873 0
    outer loop
      vertex -124.216 51.2302 0
      vertex -124.25 50.8 3
      vertex -124.25 50.8 0
    endloop
  endfacet
  facet normal 0.0785933 -0.996907 0
    outer loop
      vertex -121.93 53.5161 0
      vertex -121.5 53.55 3
      vertex -121.93 53.5161 3
    endloop
  endfacet
  facet normal 0.0785933 -0.996907 0
    outer loop
      vertex -121.5 53.55 3
      vertex -121.93 53.5161 0
      vertex -121.5 53.55 0
    endloop
  endfacet
  facet normal -0.648521 -0.761197 0
    outer loop
      vertex -119.884 53.0248 0
      vertex -119.555 52.7445 3
      vertex -119.884 53.0248 3
    endloop
  endfacet
  facet normal -0.648521 -0.761197 -0
    outer loop
      vertex -119.555 52.7445 3
      vertex -119.884 53.0248 0
      vertex -119.555 52.7445 0
    endloop
  endfacet
  facet normal 0.760662 -0.649148 0
    outer loop
      vertex -123.725 52.4164 3
      vertex -123.445 52.7445 0
      vertex -123.445 52.7445 3
    endloop
  endfacet
  facet normal 0.760662 -0.649148 0
    outer loop
      vertex -123.445 52.7445 0
      vertex -123.725 52.4164 3
      vertex -123.725 52.4164 0
    endloop
  endfacet
  facet normal 0.522481 -0.852651 0
    outer loop
      vertex -123.116 53.0248 0
      vertex -122.748 53.2503 3
      vertex -123.116 53.0248 3
    endloop
  endfacet
  facet normal 0.522481 -0.852651 0
    outer loop
      vertex -122.748 53.2503 3
      vertex -123.116 53.0248 0
      vertex -122.748 53.2503 0
    endloop
  endfacet
  facet normal 0.760662 0.649148 0
    outer loop
      vertex -123.445 48.8555 3
      vertex -123.725 49.1836 0
      vertex -123.725 49.1836 3
    endloop
  endfacet
  facet normal 0.760662 0.649148 0
    outer loop
      vertex -123.725 49.1836 0
      vertex -123.445 48.8555 3
      vertex -123.445 48.8555 0
    endloop
  endfacet
  facet normal -0.924 -0.382393 0
    outer loop
      vertex -118.885 51.6498 0
      vertex -119.05 52.0485 3
      vertex -119.05 52.0485 0
    endloop
  endfacet
  facet normal -0.924 -0.382393 0
    outer loop
      vertex -119.05 52.0485 3
      vertex -118.885 51.6498 0
      vertex -118.885 51.6498 3
    endloop
  endfacet
  facet normal -0.972231 -0.234021 0
    outer loop
      vertex -118.784 51.2302 0
      vertex -118.885 51.6498 3
      vertex -118.885 51.6498 0
    endloop
  endfacet
  facet normal -0.972231 -0.234021 0
    outer loop
      vertex -118.885 51.6498 3
      vertex -118.784 51.2302 0
      vertex -118.784 51.2302 3
    endloop
  endfacet
  facet normal -0.853104 -0.521741 0
    outer loop
      vertex -119.05 52.0485 0
      vertex -119.275 52.4164 3
      vertex -119.275 52.4164 0
    endloop
  endfacet
  facet normal -0.853104 -0.521741 0
    outer loop
      vertex -119.275 52.4164 3
      vertex -119.05 52.0485 0
      vertex -119.05 52.0485 3
    endloop
  endfacet
  facet normal -0.383165 -0.92368 0
    outer loop
      vertex -120.65 53.4154 0
      vertex -120.252 53.2503 3
      vertex -120.65 53.4154 3
    endloop
  endfacet
  facet normal -0.383165 -0.92368 -0
    outer loop
      vertex -120.252 53.2503 3
      vertex -120.65 53.4154 0
      vertex -120.252 53.2503 0
    endloop
  endfacet
  facet normal -0.233154 -0.97244 0
    outer loop
      vertex -121.07 53.5161 0
      vertex -120.65 53.4154 3
      vertex -121.07 53.5161 3
    endloop
  endfacet
  facet normal -0.233154 -0.97244 -0
    outer loop
      vertex -120.65 53.4154 3
      vertex -121.07 53.5161 0
      vertex -120.65 53.4154 0
    endloop
  endfacet
  facet normal -0.522481 -0.852651 0
    outer loop
      vertex -120.252 53.2503 0
      vertex -119.884 53.0248 3
      vertex -120.252 53.2503 3
    endloop
  endfacet
  facet normal -0.522481 -0.852651 -0
    outer loop
      vertex -119.884 53.0248 3
      vertex -120.252 53.2503 0
      vertex -119.884 53.0248 0
    endloop
  endfacet
  facet normal 0.924 -0.382393 0
    outer loop
      vertex -124.115 51.6498 3
      vertex -123.95 52.0485 0
      vertex -123.95 52.0485 3
    endloop
  endfacet
  facet normal 0.924 -0.382393 0
    outer loop
      vertex -123.95 52.0485 0
      vertex -124.115 51.6498 3
      vertex -124.115 51.6498 0
    endloop
  endfacet
  facet normal 0.853104 -0.521741 0
    outer loop
      vertex -123.95 52.0485 3
      vertex -123.725 52.4164 0
      vertex -123.725 52.4164 3
    endloop
  endfacet
  facet normal 0.853104 -0.521741 0
    outer loop
      vertex -123.725 52.4164 0
      vertex -123.95 52.0485 3
      vertex -123.95 52.0485 0
    endloop
  endfacet
  facet normal 0.972231 -0.234021 0
    outer loop
      vertex -124.216 51.2302 3
      vertex -124.115 51.6498 0
      vertex -124.115 51.6498 3
    endloop
  endfacet
  facet normal 0.972231 -0.234021 0
    outer loop
      vertex -124.115 51.6498 0
      vertex -124.216 51.2302 3
      vertex -124.216 51.2302 0
    endloop
  endfacet
  facet normal 0.648521 -0.761197 0
    outer loop
      vertex -123.445 52.7445 0
      vertex -123.116 53.0248 3
      vertex -123.445 52.7445 3
    endloop
  endfacet
  facet normal 0.648521 -0.761197 0
    outer loop
      vertex -123.116 53.0248 3
      vertex -123.445 52.7445 0
      vertex -123.116 53.0248 0
    endloop
  endfacet
  facet normal 0.233154 -0.97244 0
    outer loop
      vertex -122.35 53.4154 0
      vertex -121.93 53.5161 3
      vertex -122.35 53.4154 3
    endloop
  endfacet
  facet normal 0.233154 -0.97244 0
    outer loop
      vertex -121.93 53.5161 3
      vertex -122.35 53.4154 0
      vertex -121.93 53.5161 0
    endloop
  endfacet
  facet normal -0.853104 0.521741 0
    outer loop
      vertex -119.275 49.1836 0
      vertex -119.05 49.5515 3
      vertex -119.05 49.5515 0
    endloop
  endfacet
  facet normal -0.853104 0.521741 0
    outer loop
      vertex -119.05 49.5515 3
      vertex -119.275 49.1836 0
      vertex -119.275 49.1836 3
    endloop
  endfacet
  facet normal -0.522481 0.852651 0
    outer loop
      vertex -119.884 48.5752 0
      vertex -120.252 48.3497 3
      vertex -119.884 48.5752 3
    endloop
  endfacet
  facet normal -0.522481 0.852651 0
    outer loop
      vertex -120.252 48.3497 3
      vertex -119.884 48.5752 0
      vertex -120.252 48.3497 0
    endloop
  endfacet
  facet normal -0.760662 0.649148 0
    outer loop
      vertex -119.555 48.8555 0
      vertex -119.275 49.1836 3
      vertex -119.275 49.1836 0
    endloop
  endfacet
  facet normal -0.760662 0.649148 0
    outer loop
      vertex -119.275 49.1836 3
      vertex -119.555 48.8555 0
      vertex -119.555 48.8555 3
    endloop
  endfacet
  facet normal -0.972231 0.234021 0
    outer loop
      vertex -118.885 49.9502 0
      vertex -118.784 50.3698 3
      vertex -118.784 50.3698 0
    endloop
  endfacet
  facet normal -0.972231 0.234021 0
    outer loop
      vertex -118.784 50.3698 3
      vertex -118.885 49.9502 0
      vertex -118.885 49.9502 3
    endloop
  endfacet
  facet normal 0.383165 0.92368 -0
    outer loop
      vertex -122.35 48.1846 0
      vertex -122.748 48.3497 3
      vertex -122.35 48.1846 3
    endloop
  endfacet
  facet normal 0.383165 0.92368 0
    outer loop
      vertex -122.748 48.3497 3
      vertex -122.35 48.1846 0
      vertex -122.748 48.3497 0
    endloop
  endfacet
  facet normal 0.648521 0.761197 -0
    outer loop
      vertex -123.116 48.5752 0
      vertex -123.445 48.8555 3
      vertex -123.116 48.5752 3
    endloop
  endfacet
  facet normal 0.648521 0.761197 0
    outer loop
      vertex -123.445 48.8555 3
      vertex -123.116 48.5752 0
      vertex -123.445 48.8555 0
    endloop
  endfacet
  facet normal 0.522481 0.852651 -0
    outer loop
      vertex -122.748 48.3497 0
      vertex -123.116 48.5752 3
      vertex -122.748 48.3497 3
    endloop
  endfacet
  facet normal 0.522481 0.852651 0
    outer loop
      vertex -123.116 48.5752 3
      vertex -122.748 48.3497 0
      vertex -123.116 48.5752 0
    endloop
  endfacet
  facet normal 0.996891 0.0787873 0
    outer loop
      vertex -124.216 50.3698 3
      vertex -124.25 50.8 0
      vertex -124.25 50.8 3
    endloop
  endfacet
  facet normal 0.996891 0.0787873 0
    outer loop
      vertex -124.25 50.8 0
      vertex -124.216 50.3698 3
      vertex -124.216 50.3698 0
    endloop
  endfacet
  facet normal 0.853104 0.521741 0
    outer loop
      vertex -123.725 49.1836 3
      vertex -123.95 49.5515 0
      vertex -123.95 49.5515 3
    endloop
  endfacet
  facet normal 0.853104 0.521741 0
    outer loop
      vertex -123.95 49.5515 0
      vertex -123.725 49.1836 3
      vertex -123.725 49.1836 0
    endloop
  endfacet
  facet normal -0.760662 -0.649148 0
    outer loop
      vertex -119.275 52.4164 0
      vertex -119.555 52.7445 3
      vertex -119.555 52.7445 0
    endloop
  endfacet
  facet normal -0.760662 -0.649148 0
    outer loop
      vertex -119.555 52.7445 3
      vertex -119.275 52.4164 0
      vertex -119.275 52.4164 3
    endloop
  endfacet
  facet normal -0.0785933 -0.996907 0
    outer loop
      vertex -121.5 53.55 0
      vertex -121.07 53.5161 3
      vertex -121.5 53.55 3
    endloop
  endfacet
  facet normal -0.0785933 -0.996907 -0
    outer loop
      vertex -121.07 53.5161 3
      vertex -121.5 53.55 0
      vertex -121.07 53.5161 0
    endloop
  endfacet
  facet normal 0.383165 -0.92368 0
    outer loop
      vertex -122.748 53.2503 0
      vertex -122.35 53.4154 3
      vertex -122.748 53.2503 3
    endloop
  endfacet
  facet normal 0.383165 -0.92368 0
    outer loop
      vertex -122.35 53.4154 3
      vertex -122.748 53.2503 0
      vertex -122.35 53.4154 0
    endloop
  endfacet
  facet normal -0.383165 0.92368 0
    outer loop
      vertex -120.252 48.3497 0
      vertex -120.65 48.1846 3
      vertex -120.252 48.3497 3
    endloop
  endfacet
  facet normal -0.383165 0.92368 0
    outer loop
      vertex -120.65 48.1846 3
      vertex -120.252 48.3497 0
      vertex -120.65 48.1846 0
    endloop
  endfacet
  facet normal -0.0785933 0.996907 0
    outer loop
      vertex -121.07 48.0839 0
      vertex -121.5 48.05 3
      vertex -121.07 48.0839 3
    endloop
  endfacet
  facet normal -0.0785933 0.996907 0
    outer loop
      vertex -121.5 48.05 3
      vertex -121.07 48.0839 0
      vertex -121.5 48.05 0
    endloop
  endfacet
  facet normal -0.233154 0.97244 0
    outer loop
      vertex -120.65 48.1846 0
      vertex -121.07 48.0839 3
      vertex -120.65 48.1846 3
    endloop
  endfacet
  facet normal -0.233154 0.97244 0
    outer loop
      vertex -121.07 48.0839 3
      vertex -120.65 48.1846 0
      vertex -121.07 48.0839 0
    endloop
  endfacet
  facet normal -0.648521 0.761197 0
    outer loop
      vertex -119.555 48.8555 0
      vertex -119.884 48.5752 3
      vertex -119.555 48.8555 3
    endloop
  endfacet
  facet normal -0.648521 0.761197 0
    outer loop
      vertex -119.884 48.5752 3
      vertex -119.555 48.8555 0
      vertex -119.884 48.5752 0
    endloop
  endfacet
  facet normal -0.996891 0.0787873 0
    outer loop
      vertex -118.784 50.3698 0
      vertex -118.75 50.8 3
      vertex -118.75 50.8 0
    endloop
  endfacet
  facet normal -0.996891 0.0787873 0
    outer loop
      vertex -118.75 50.8 3
      vertex -118.784 50.3698 0
      vertex -118.784 50.3698 3
    endloop
  endfacet
  facet normal 0.233154 0.97244 -0
    outer loop
      vertex -121.93 48.0839 0
      vertex -122.35 48.1846 3
      vertex -121.93 48.0839 3
    endloop
  endfacet
  facet normal 0.233154 0.97244 0
    outer loop
      vertex -122.35 48.1846 3
      vertex -121.93 48.0839 0
      vertex -122.35 48.1846 0
    endloop
  endfacet
  facet normal 0.0785933 0.996907 -0
    outer loop
      vertex -121.5 48.05 0
      vertex -121.93 48.0839 3
      vertex -121.5 48.05 3
    endloop
  endfacet
  facet normal 0.0785933 0.996907 0
    outer loop
      vertex -121.93 48.0839 3
      vertex -121.5 48.05 0
      vertex -121.93 48.0839 0
    endloop
  endfacet
  facet normal 0.972231 0.234021 0
    outer loop
      vertex -124.115 49.9502 3
      vertex -124.216 50.3698 0
      vertex -124.216 50.3698 3
    endloop
  endfacet
  facet normal 0.972231 0.234021 0
    outer loop
      vertex -124.216 50.3698 0
      vertex -124.115 49.9502 3
      vertex -124.115 49.9502 0
    endloop
  endfacet
  facet normal -0.924 0.382393 0
    outer loop
      vertex -119.05 49.5515 0
      vertex -118.885 49.9502 3
      vertex -118.885 49.9502 0
    endloop
  endfacet
  facet normal -0.924 0.382393 0
    outer loop
      vertex -118.885 49.9502 3
      vertex -119.05 49.5515 0
      vertex -119.05 49.5515 3
    endloop
  endfacet
  facet normal 0.924 0.382393 0
    outer loop
      vertex -123.95 49.5515 3
      vertex -124.115 49.9502 0
      vertex -124.115 49.9502 3
    endloop
  endfacet
  facet normal 0.924 0.382393 0
    outer loop
      vertex -124.115 49.9502 0
      vertex -123.95 49.5515 3
      vertex -123.95 49.5515 0
    endloop
  endfacet
  facet normal -0.996889 -0.0788237 0
    outer loop
      vertex -118.75 127 0
      vertex -118.784 127.43 3
      vertex -118.784 127.43 0
    endloop
  endfacet
  facet normal -0.996889 -0.0788237 0
    outer loop
      vertex -118.784 127.43 3
      vertex -118.75 127 0
      vertex -118.75 127 3
    endloop
  endfacet
  facet normal 0.996889 -0.0788237 0
    outer loop
      vertex -124.25 127 3
      vertex -124.216 127.43 0
      vertex -124.216 127.43 3
    endloop
  endfacet
  facet normal 0.996889 -0.0788237 0
    outer loop
      vertex -124.216 127.43 0
      vertex -124.25 127 3
      vertex -124.25 127 0
    endloop
  endfacet
  facet normal -0.0788237 -0.996889 0
    outer loop
      vertex -121.5 129.75 0
      vertex -121.07 129.716 3
      vertex -121.5 129.75 3
    endloop
  endfacet
  facet normal -0.0788237 -0.996889 -0
    outer loop
      vertex -121.07 129.716 3
      vertex -121.5 129.75 0
      vertex -121.07 129.716 0
    endloop
  endfacet
  facet normal -0.0788237 0.996889 0
    outer loop
      vertex -121.07 124.284 0
      vertex -121.5 124.25 3
      vertex -121.07 124.284 3
    endloop
  endfacet
  facet normal -0.0788237 0.996889 0
    outer loop
      vertex -121.5 124.25 3
      vertex -121.07 124.284 0
      vertex -121.5 124.25 0
    endloop
  endfacet
  facet normal -0.648119 -0.761539 0
    outer loop
      vertex -119.884 129.225 0
      vertex -119.555 128.945 3
      vertex -119.884 129.225 3
    endloop
  endfacet
  facet normal -0.648119 -0.761539 -0
    outer loop
      vertex -119.555 128.945 3
      vertex -119.884 129.225 0
      vertex -119.555 128.945 0
    endloop
  endfacet
  facet normal 0.648119 -0.761539 0
    outer loop
      vertex -123.445 128.945 0
      vertex -123.116 129.225 3
      vertex -123.445 128.945 3
    endloop
  endfacet
  facet normal 0.648119 -0.761539 0
    outer loop
      vertex -123.116 129.225 3
      vertex -123.445 128.945 0
      vertex -123.116 129.225 0
    endloop
  endfacet
  facet normal 0.382967 -0.923762 0
    outer loop
      vertex -122.748 129.45 0
      vertex -122.35 129.615 3
      vertex -122.748 129.45 3
    endloop
  endfacet
  facet normal 0.382967 -0.923762 0
    outer loop
      vertex -122.35 129.615 3
      vertex -122.748 129.45 0
      vertex -122.35 129.615 0
    endloop
  endfacet
  facet normal -0.923762 -0.382967 0
    outer loop
      vertex -118.885 127.85 0
      vertex -119.05 128.248 3
      vertex -119.05 128.248 0
    endloop
  endfacet
  facet normal -0.923762 -0.382967 0
    outer loop
      vertex -119.05 128.248 3
      vertex -118.885 127.85 0
      vertex -118.885 127.85 3
    endloop
  endfacet
  facet normal -0.972282 -0.233811 0
    outer loop
      vertex -118.784 127.43 0
      vertex -118.885 127.85 3
      vertex -118.885 127.85 0
    endloop
  endfacet
  facet normal -0.972282 -0.233811 0
    outer loop
      vertex -118.885 127.85 3
      vertex -118.784 127.43 0
      vertex -118.784 127.43 3
    endloop
  endfacet
  facet normal -0.853167 -0.521638 0
    outer loop
      vertex -119.05 128.248 0
      vertex -119.275 128.616 3
      vertex -119.275 128.616 0
    endloop
  endfacet
  facet normal -0.853167 -0.521638 0
    outer loop
      vertex -119.275 128.616 3
      vertex -119.05 128.248 0
      vertex -119.05 128.248 3
    endloop
  endfacet
  facet normal -0.382967 -0.923762 0
    outer loop
      vertex -120.65 129.615 0
      vertex -120.252 129.45 3
      vertex -120.65 129.615 3
    endloop
  endfacet
  facet normal -0.382967 -0.923762 -0
    outer loop
      vertex -120.252 129.45 3
      vertex -120.65 129.615 0
      vertex -120.252 129.45 0
    endloop
  endfacet
  facet normal -0.233811 -0.972282 0
    outer loop
      vertex -121.07 129.716 0
      vertex -120.65 129.615 3
      vertex -121.07 129.716 3
    endloop
  endfacet
  facet normal -0.233811 -0.972282 -0
    outer loop
      vertex -120.65 129.615 3
      vertex -121.07 129.716 0
      vertex -120.65 129.615 0
    endloop
  endfacet
  facet normal -0.521638 -0.853167 0
    outer loop
      vertex -120.252 129.45 0
      vertex -119.884 129.225 3
      vertex -120.252 129.45 3
    endloop
  endfacet
  facet normal -0.521638 -0.853167 -0
    outer loop
      vertex -119.884 129.225 3
      vertex -120.252 129.45 0
      vertex -119.884 129.225 0
    endloop
  endfacet
  facet normal 0.853167 -0.521638 0
    outer loop
      vertex -123.95 128.248 3
      vertex -123.725 128.616 0
      vertex -123.725 128.616 3
    endloop
  endfacet
  facet normal 0.853167 -0.521638 0
    outer loop
      vertex -123.725 128.616 0
      vertex -123.95 128.248 3
      vertex -123.95 128.248 0
    endloop
  endfacet
  facet normal 0.761539 -0.648119 0
    outer loop
      vertex -123.725 128.616 3
      vertex -123.445 128.945 0
      vertex -123.445 128.945 3
    endloop
  endfacet
  facet normal 0.761539 -0.648119 0
    outer loop
      vertex -123.445 128.945 0
      vertex -123.725 128.616 3
      vertex -123.725 128.616 0
    endloop
  endfacet
  facet normal 0.923762 -0.382967 0
    outer loop
      vertex -124.115 127.85 3
      vertex -123.95 128.248 0
      vertex -123.95 128.248 3
    endloop
  endfacet
  facet normal 0.923762 -0.382967 0
    outer loop
      vertex -123.95 128.248 0
      vertex -124.115 127.85 3
      vertex -124.115 127.85 0
    endloop
  endfacet
  facet normal 0.521638 -0.853167 0
    outer loop
      vertex -123.116 129.225 0
      vertex -122.748 129.45 3
      vertex -123.116 129.225 3
    endloop
  endfacet
  facet normal 0.521638 -0.853167 0
    outer loop
      vertex -122.748 129.45 3
      vertex -123.116 129.225 0
      vertex -122.748 129.45 0
    endloop
  endfacet
  facet normal 0.233811 -0.972282 0
    outer loop
      vertex -122.35 129.615 0
      vertex -121.93 129.716 3
      vertex -122.35 129.615 3
    endloop
  endfacet
  facet normal 0.233811 -0.972282 0
    outer loop
      vertex -121.93 129.716 3
      vertex -122.35 129.615 0
      vertex -121.93 129.716 0
    endloop
  endfacet
  facet normal -0.853167 0.521638 0
    outer loop
      vertex -119.275 125.384 0
      vertex -119.05 125.752 3
      vertex -119.05 125.752 0
    endloop
  endfacet
  facet normal -0.853167 0.521638 0
    outer loop
      vertex -119.05 125.752 3
      vertex -119.275 125.384 0
      vertex -119.275 125.384 3
    endloop
  endfacet
  facet normal -0.761539 -0.648119 0
    outer loop
      vertex -119.275 128.616 0
      vertex -119.555 128.945 3
      vertex -119.555 128.945 0
    endloop
  endfacet
  facet normal -0.761539 -0.648119 0
    outer loop
      vertex -119.555 128.945 3
      vertex -119.275 128.616 0
      vertex -119.275 128.616 3
    endloop
  endfacet
  facet normal 0.972282 -0.233811 0
    outer loop
      vertex -124.216 127.43 3
      vertex -124.115 127.85 0
      vertex -124.115 127.85 3
    endloop
  endfacet
  facet normal 0.972282 -0.233811 0
    outer loop
      vertex -124.115 127.85 0
      vertex -124.216 127.43 3
      vertex -124.216 127.43 0
    endloop
  endfacet
  facet normal 0.0788237 -0.996889 0
    outer loop
      vertex -121.93 129.716 0
      vertex -121.5 129.75 3
      vertex -121.93 129.716 3
    endloop
  endfacet
  facet normal 0.0788237 -0.996889 0
    outer loop
      vertex -121.5 129.75 3
      vertex -121.93 129.716 0
      vertex -121.5 129.75 0
    endloop
  endfacet
  facet normal -0.996889 0.0788237 0
    outer loop
      vertex -118.784 126.57 0
      vertex -118.75 127 3
      vertex -118.75 127 0
    endloop
  endfacet
  facet normal -0.996889 0.0788237 0
    outer loop
      vertex -118.75 127 3
      vertex -118.784 126.57 0
      vertex -118.784 126.57 3
    endloop
  endfacet
  facet normal -0.761539 0.648119 0
    outer loop
      vertex -119.555 125.055 0
      vertex -119.275 125.384 3
      vertex -119.275 125.384 0
    endloop
  endfacet
  facet normal -0.761539 0.648119 0
    outer loop
      vertex -119.275 125.384 3
      vertex -119.555 125.055 0
      vertex -119.555 125.055 3
    endloop
  endfacet
  facet normal -0.923762 0.382967 0
    outer loop
      vertex -119.05 125.752 0
      vertex -118.885 126.15 3
      vertex -118.885 126.15 0
    endloop
  endfacet
  facet normal -0.923762 0.382967 0
    outer loop
      vertex -118.885 126.15 3
      vertex -119.05 125.752 0
      vertex -119.05 125.752 3
    endloop
  endfacet
  facet normal -0.972282 0.233811 0
    outer loop
      vertex -118.885 126.15 0
      vertex -118.784 126.57 3
      vertex -118.784 126.57 0
    endloop
  endfacet
  facet normal -0.972282 0.233811 0
    outer loop
      vertex -118.784 126.57 3
      vertex -118.885 126.15 0
      vertex -118.885 126.15 3
    endloop
  endfacet
  facet normal 0.853167 0.521638 0
    outer loop
      vertex -123.725 125.384 3
      vertex -123.95 125.752 0
      vertex -123.95 125.752 3
    endloop
  endfacet
  facet normal 0.853167 0.521638 0
    outer loop
      vertex -123.95 125.752 0
      vertex -123.725 125.384 3
      vertex -123.725 125.384 0
    endloop
  endfacet
  facet normal -0.233811 0.972282 0
    outer loop
      vertex -120.65 124.385 0
      vertex -121.07 124.284 3
      vertex -120.65 124.385 3
    endloop
  endfacet
  facet normal -0.233811 0.972282 0
    outer loop
      vertex -121.07 124.284 3
      vertex -120.65 124.385 0
      vertex -121.07 124.284 0
    endloop
  endfacet
  facet normal -0.521638 0.853167 0
    outer loop
      vertex -119.884 124.775 0
      vertex -120.252 124.55 3
      vertex -119.884 124.775 3
    endloop
  endfacet
  facet normal -0.521638 0.853167 0
    outer loop
      vertex -120.252 124.55 3
      vertex -119.884 124.775 0
      vertex -120.252 124.55 0
    endloop
  endfacet
  facet normal -0.648119 0.761539 0
    outer loop
      vertex -119.555 125.055 0
      vertex -119.884 124.775 3
      vertex -119.555 125.055 3
    endloop
  endfacet
  facet normal -0.648119 0.761539 0
    outer loop
      vertex -119.884 124.775 3
      vertex -119.555 125.055 0
      vertex -119.884 124.775 0
    endloop
  endfacet
  facet normal 0.923762 0.382967 0
    outer loop
      vertex -123.95 125.752 3
      vertex -124.115 126.15 0
      vertex -124.115 126.15 3
    endloop
  endfacet
  facet normal 0.923762 0.382967 0
    outer loop
      vertex -124.115 126.15 0
      vertex -123.95 125.752 3
      vertex -123.95 125.752 0
    endloop
  endfacet
  facet normal 0.996889 0.0788237 0
    outer loop
      vertex -124.216 126.57 3
      vertex -124.25 127 0
      vertex -124.25 127 3
    endloop
  endfacet
  facet normal 0.996889 0.0788237 0
    outer loop
      vertex -124.25 127 0
      vertex -124.216 126.57 3
      vertex -124.216 126.57 0
    endloop
  endfacet
  facet normal -0.382967 0.923762 0
    outer loop
      vertex -120.252 124.55 0
      vertex -120.65 124.385 3
      vertex -120.252 124.55 3
    endloop
  endfacet
  facet normal -0.382967 0.923762 0
    outer loop
      vertex -120.65 124.385 3
      vertex -120.252 124.55 0
      vertex -120.65 124.385 0
    endloop
  endfacet
  facet normal 0.521638 0.853167 -0
    outer loop
      vertex -122.748 124.55 0
      vertex -123.116 124.775 3
      vertex -122.748 124.55 3
    endloop
  endfacet
  facet normal 0.521638 0.853167 0
    outer loop
      vertex -123.116 124.775 3
      vertex -122.748 124.55 0
      vertex -123.116 124.775 0
    endloop
  endfacet
  facet normal 0.382967 0.923762 -0
    outer loop
      vertex -122.35 124.385 0
      vertex -122.748 124.55 3
      vertex -122.35 124.385 3
    endloop
  endfacet
  facet normal 0.382967 0.923762 0
    outer loop
      vertex -122.748 124.55 3
      vertex -122.35 124.385 0
      vertex -122.748 124.55 0
    endloop
  endfacet
  facet normal 0.233811 0.972282 -0
    outer loop
      vertex -121.93 124.284 0
      vertex -122.35 124.385 3
      vertex -121.93 124.284 3
    endloop
  endfacet
  facet normal 0.233811 0.972282 0
    outer loop
      vertex -122.35 124.385 3
      vertex -121.93 124.284 0
      vertex -122.35 124.385 0
    endloop
  endfacet
  facet normal 0.761539 0.648119 0
    outer loop
      vertex -123.445 125.055 3
      vertex -123.725 125.384 0
      vertex -123.725 125.384 3
    endloop
  endfacet
  facet normal 0.761539 0.648119 0
    outer loop
      vertex -123.725 125.384 0
      vertex -123.445 125.055 3
      vertex -123.445 125.055 0
    endloop
  endfacet
  facet normal 0.648119 0.761539 -0
    outer loop
      vertex -123.116 124.775 0
      vertex -123.445 125.055 3
      vertex -123.116 124.775 3
    endloop
  endfacet
  facet normal 0.648119 0.761539 0
    outer loop
      vertex -123.445 125.055 3
      vertex -123.116 124.775 0
      vertex -123.445 125.055 0
    endloop
  endfacet
  facet normal 0.972282 0.233811 0
    outer loop
      vertex -124.115 126.15 3
      vertex -124.216 126.57 0
      vertex -124.216 126.57 3
    endloop
  endfacet
  facet normal 0.972282 0.233811 0
    outer loop
      vertex -124.216 126.57 0
      vertex -124.115 126.15 3
      vertex -124.115 126.15 0
    endloop
  endfacet
  facet normal 0.0788237 0.996889 -0
    outer loop
      vertex -121.5 124.25 0
      vertex -121.93 124.284 3
      vertex -121.5 124.25 3
    endloop
  endfacet
  facet normal 0.0788237 0.996889 0
    outer loop
      vertex -121.93 124.284 3
      vertex -121.5 124.25 0
      vertex -121.93 124.284 0
    endloop
  endfacet
  facet normal -0.996891 -0.0787873 0
    outer loop
      vertex 124.25 50.8 0
      vertex 124.216 51.2302 3
      vertex 124.216 51.2302 0
    endloop
  endfacet
  facet normal -0.996891 -0.0787873 0
    outer loop
      vertex 124.216 51.2302 3
      vertex 124.25 50.8 0
      vertex 124.25 50.8 3
    endloop
  endfacet
  facet normal 0.0785933 -0.996907 0
    outer loop
      vertex 121.07 53.5161 0
      vertex 121.5 53.55 3
      vertex 121.07 53.5161 3
    endloop
  endfacet
  facet normal 0.0785933 -0.996907 0
    outer loop
      vertex 121.5 53.55 3
      vertex 121.07 53.5161 0
      vertex 121.5 53.55 0
    endloop
  endfacet
  facet normal -0.0785933 0.996907 0
    outer loop
      vertex 121.93 48.0839 0
      vertex 121.5 48.05 3
      vertex 121.93 48.0839 3
    endloop
  endfacet
  facet normal -0.0785933 0.996907 0
    outer loop
      vertex 121.5 48.05 3
      vertex 121.93 48.0839 0
      vertex 121.5 48.05 0
    endloop
  endfacet
  facet normal -0.648521 -0.761197 0
    outer loop
      vertex 123.116 53.0248 0
      vertex 123.445 52.7445 3
      vertex 123.116 53.0248 3
    endloop
  endfacet
  facet normal -0.648521 -0.761197 -0
    outer loop
      vertex 123.445 52.7445 3
      vertex 123.116 53.0248 0
      vertex 123.445 52.7445 0
    endloop
  endfacet
  facet normal 0.760662 -0.649148 0
    outer loop
      vertex 119.275 52.4164 3
      vertex 119.555 52.7445 0
      vertex 119.555 52.7445 3
    endloop
  endfacet
  facet normal 0.760662 -0.649148 0
    outer loop
      vertex 119.555 52.7445 0
      vertex 119.275 52.4164 3
      vertex 119.275 52.4164 0
    endloop
  endfacet
  facet normal 0.522481 -0.852651 0
    outer loop
      vertex 119.884 53.0248 0
      vertex 120.252 53.2503 3
      vertex 119.884 53.0248 3
    endloop
  endfacet
  facet normal 0.522481 -0.852651 0
    outer loop
      vertex 120.252 53.2503 3
      vertex 119.884 53.0248 0
      vertex 120.252 53.2503 0
    endloop
  endfacet
  facet normal -0.972231 0.234021 0
    outer loop
      vertex 124.115 49.9502 0
      vertex 124.216 50.3698 3
      vertex 124.216 50.3698 0
    endloop
  endfacet
  facet normal -0.972231 0.234021 0
    outer loop
      vertex 124.216 50.3698 3
      vertex 124.115 49.9502 0
      vertex 124.115 49.9502 3
    endloop
  endfacet
  facet normal -0.924 -0.382393 0
    outer loop
      vertex 124.115 51.6498 0
      vertex 123.95 52.0485 3
      vertex 123.95 52.0485 0
    endloop
  endfacet
  facet normal -0.924 -0.382393 0
    outer loop
      vertex 123.95 52.0485 3
      vertex 124.115 51.6498 0
      vertex 124.115 51.6498 3
    endloop
  endfacet
  facet normal -0.972231 -0.234021 0
    outer loop
      vertex 124.216 51.2302 0
      vertex 124.115 51.6498 3
      vertex 124.115 51.6498 0
    endloop
  endfacet
  facet normal -0.972231 -0.234021 0
    outer loop
      vertex 124.115 51.6498 3
      vertex 124.216 51.2302 0
      vertex 124.216 51.2302 3
    endloop
  endfacet
  facet normal -0.853104 -0.521741 0
    outer loop
      vertex 123.95 52.0485 0
      vertex 123.725 52.4164 3
      vertex 123.725 52.4164 0
    endloop
  endfacet
  facet normal -0.853104 -0.521741 0
    outer loop
      vertex 123.725 52.4164 3
      vertex 123.95 52.0485 0
      vertex 123.95 52.0485 3
    endloop
  endfacet
  facet normal -0.383165 -0.92368 0
    outer loop
      vertex 122.35 53.4154 0
      vertex 122.748 53.2503 3
      vertex 122.35 53.4154 3
    endloop
  endfacet
  facet normal -0.383165 -0.92368 -0
    outer loop
      vertex 122.748 53.2503 3
      vertex 122.35 53.4154 0
      vertex 122.748 53.2503 0
    endloop
  endfacet
  facet normal -0.233154 -0.97244 0
    outer loop
      vertex 121.93 53.5161 0
      vertex 122.35 53.4154 3
      vertex 121.93 53.5161 3
    endloop
  endfacet
  facet normal -0.233154 -0.97244 -0
    outer loop
      vertex 122.35 53.4154 3
      vertex 121.93 53.5161 0
      vertex 122.35 53.4154 0
    endloop
  endfacet
  facet normal -0.522481 -0.852651 0
    outer loop
      vertex 122.748 53.2503 0
      vertex 123.116 53.0248 3
      vertex 122.748 53.2503 3
    endloop
  endfacet
  facet normal -0.522481 -0.852651 -0
    outer loop
      vertex 123.116 53.0248 3
      vertex 122.748 53.2503 0
      vertex 123.116 53.0248 0
    endloop
  endfacet
  facet normal 0.924 -0.382393 0
    outer loop
      vertex 118.885 51.6498 3
      vertex 119.05 52.0485 0
      vertex 119.05 52.0485 3
    endloop
  endfacet
  facet normal 0.924 -0.382393 0
    outer loop
      vertex 119.05 52.0485 0
      vertex 118.885 51.6498 3
      vertex 118.885 51.6498 0
    endloop
  endfacet
  facet normal 0.853104 -0.521741 0
    outer loop
      vertex 119.05 52.0485 3
      vertex 119.275 52.4164 0
      vertex 119.275 52.4164 3
    endloop
  endfacet
  facet normal 0.853104 -0.521741 0
    outer loop
      vertex 119.275 52.4164 0
      vertex 119.05 52.0485 3
      vertex 119.05 52.0485 0
    endloop
  endfacet
  facet normal 0.972231 -0.234021 0
    outer loop
      vertex 118.784 51.2302 3
      vertex 118.885 51.6498 0
      vertex 118.885 51.6498 3
    endloop
  endfacet
  facet normal 0.972231 -0.234021 0
    outer loop
      vertex 118.885 51.6498 0
      vertex 118.784 51.2302 3
      vertex 118.784 51.2302 0
    endloop
  endfacet
  facet normal 0.648521 -0.761197 0
    outer loop
      vertex 119.555 52.7445 0
      vertex 119.884 53.0248 3
      vertex 119.555 52.7445 3
    endloop
  endfacet
  facet normal 0.648521 -0.761197 0
    outer loop
      vertex 119.884 53.0248 3
      vertex 119.555 52.7445 0
      vertex 119.884 53.0248 0
    endloop
  endfacet
  facet normal 0.233154 -0.97244 0
    outer loop
      vertex 120.65 53.4154 0
      vertex 121.07 53.5161 3
      vertex 120.65 53.4154 3
    endloop
  endfacet
  facet normal 0.233154 -0.97244 0
    outer loop
      vertex 121.07 53.5161 3
      vertex 120.65 53.4154 0
      vertex 121.07 53.5161 0
    endloop
  endfacet
  facet normal -0.996891 0.0787873 0
    outer loop
      vertex 124.216 50.3698 0
      vertex 124.25 50.8 3
      vertex 124.25 50.8 0
    endloop
  endfacet
  facet normal -0.996891 0.0787873 0
    outer loop
      vertex 124.25 50.8 3
      vertex 124.216 50.3698 0
      vertex 124.216 50.3698 3
    endloop
  endfacet
  facet normal 0.853104 0.521741 0
    outer loop
      vertex 119.275 49.1836 3
      vertex 119.05 49.5515 0
      vertex 119.05 49.5515 3
    endloop
  endfacet
  facet normal 0.853104 0.521741 0
    outer loop
      vertex 119.05 49.5515 0
      vertex 119.275 49.1836 3
      vertex 119.275 49.1836 0
    endloop
  endfacet
  facet normal -0.233154 0.97244 0
    outer loop
      vertex 122.35 48.1846 0
      vertex 121.93 48.0839 3
      vertex 122.35 48.1846 3
    endloop
  endfacet
  facet normal -0.233154 0.97244 0
    outer loop
      vertex 121.93 48.0839 3
      vertex 122.35 48.1846 0
      vertex 121.93 48.0839 0
    endloop
  endfacet
  facet normal -0.760662 -0.649148 0
    outer loop
      vertex 123.725 52.4164 0
      vertex 123.445 52.7445 3
      vertex 123.445 52.7445 0
    endloop
  endfacet
  facet normal -0.760662 -0.649148 0
    outer loop
      vertex 123.445 52.7445 3
      vertex 123.725 52.4164 0
      vertex 123.725 52.4164 3
    endloop
  endfacet
  facet normal -0.0785933 -0.996907 0
    outer loop
      vertex 121.5 53.55 0
      vertex 121.93 53.5161 3
      vertex 121.5 53.55 3
    endloop
  endfacet
  facet normal -0.0785933 -0.996907 -0
    outer loop
      vertex 121.93 53.5161 3
      vertex 121.5 53.55 0
      vertex 121.93 53.5161 0
    endloop
  endfacet
  facet normal 0.996891 -0.0787873 0
    outer loop
      vertex 118.75 50.8 3
      vertex 118.784 51.2302 0
      vertex 118.784 51.2302 3
    endloop
  endfacet
  facet normal 0.996891 -0.0787873 0
    outer loop
      vertex 118.784 51.2302 0
      vertex 118.75 50.8 3
      vertex 118.75 50.8 0
    endloop
  endfacet
  facet normal 0.383165 -0.92368 0
    outer loop
      vertex 120.252 53.2503 0
      vertex 120.65 53.4154 3
      vertex 120.252 53.2503 3
    endloop
  endfacet
  facet normal 0.383165 -0.92368 0
    outer loop
      vertex 120.65 53.4154 3
      vertex 120.252 53.2503 0
      vertex 120.65 53.4154 0
    endloop
  endfacet
  facet normal -0.853104 0.521741 0
    outer loop
      vertex 123.725 49.1836 0
      vertex 123.95 49.5515 3
      vertex 123.95 49.5515 0
    endloop
  endfacet
  facet normal -0.853104 0.521741 0
    outer loop
      vertex 123.95 49.5515 3
      vertex 123.725 49.1836 0
      vertex 123.725 49.1836 3
    endloop
  endfacet
  facet normal -0.522481 0.852651 0
    outer loop
      vertex 123.116 48.5752 0
      vertex 122.748 48.3497 3
      vertex 123.116 48.5752 3
    endloop
  endfacet
  facet normal -0.522481 0.852651 0
    outer loop
      vertex 122.748 48.3497 3
      vertex 123.116 48.5752 0
      vertex 122.748 48.3497 0
    endloop
  endfacet
  facet normal -0.383165 0.92368 0
    outer loop
      vertex 122.748 48.3497 0
      vertex 122.35 48.1846 3
      vertex 122.748 48.3497 3
    endloop
  endfacet
  facet normal -0.383165 0.92368 0
    outer loop
      vertex 122.35 48.1846 3
      vertex 122.748 48.3497 0
      vertex 122.35 48.1846 0
    endloop
  endfacet
  facet normal 0.996891 0.0787873 0
    outer loop
      vertex 118.784 50.3698 3
      vertex 118.75 50.8 0
      vertex 118.75 50.8 3
    endloop
  endfacet
  facet normal 0.996891 0.0787873 0
    outer loop
      vertex 118.75 50.8 0
      vertex 118.784 50.3698 3
      vertex 118.784 50.3698 0
    endloop
  endfacet
  facet normal -0.924 0.382393 0
    outer loop
      vertex 123.95 49.5515 0
      vertex 124.115 49.9502 3
      vertex 124.115 49.9502 0
    endloop
  endfacet
  facet normal -0.924 0.382393 0
    outer loop
      vertex 124.115 49.9502 3
      vertex 123.95 49.5515 0
      vertex 123.95 49.5515 3
    endloop
  endfacet
  facet normal 0.648521 0.761197 -0
    outer loop
      vertex 119.884 48.5752 0
      vertex 119.555 48.8555 3
      vertex 119.884 48.5752 3
    endloop
  endfacet
  facet normal 0.648521 0.761197 0
    outer loop
      vertex 119.555 48.8555 3
      vertex 119.884 48.5752 0
      vertex 119.555 48.8555 0
    endloop
  endfacet
  facet normal 0.760662 0.649148 0
    outer loop
      vertex 119.555 48.8555 3
      vertex 119.275 49.1836 0
      vertex 119.275 49.1836 3
    endloop
  endfacet
  facet normal 0.760662 0.649148 0
    outer loop
      vertex 119.275 49.1836 0
      vertex 119.555 48.8555 3
      vertex 119.555 48.8555 0
    endloop
  endfacet
  facet normal -0.760662 0.649148 0
    outer loop
      vertex 123.445 48.8555 0
      vertex 123.725 49.1836 3
      vertex 123.725 49.1836 0
    endloop
  endfacet
  facet normal -0.760662 0.649148 0
    outer loop
      vertex 123.725 49.1836 3
      vertex 123.445 48.8555 0
      vertex 123.445 48.8555 3
    endloop
  endfacet
  facet normal 0.0785933 0.996907 -0
    outer loop
      vertex 121.5 48.05 0
      vertex 121.07 48.0839 3
      vertex 121.5 48.05 3
    endloop
  endfacet
  facet normal 0.0785933 0.996907 0
    outer loop
      vertex 121.07 48.0839 3
      vertex 121.5 48.05 0
      vertex 121.07 48.0839 0
    endloop
  endfacet
  facet normal 0.383165 0.92368 -0
    outer loop
      vertex 120.65 48.1846 0
      vertex 120.252 48.3497 3
      vertex 120.65 48.1846 3
    endloop
  endfacet
  facet normal 0.383165 0.92368 0
    outer loop
      vertex 120.252 48.3497 3
      vertex 120.65 48.1846 0
      vertex 120.252 48.3497 0
    endloop
  endfacet
  facet normal 0.522481 0.852651 -0
    outer loop
      vertex 120.252 48.3497 0
      vertex 119.884 48.5752 3
      vertex 120.252 48.3497 3
    endloop
  endfacet
  facet normal 0.522481 0.852651 0
    outer loop
      vertex 119.884 48.5752 3
      vertex 120.252 48.3497 0
      vertex 119.884 48.5752 0
    endloop
  endfacet
  facet normal 0.233154 0.97244 -0
    outer loop
      vertex 121.07 48.0839 0
      vertex 120.65 48.1846 3
      vertex 121.07 48.0839 3
    endloop
  endfacet
  facet normal 0.233154 0.97244 0
    outer loop
      vertex 120.65 48.1846 3
      vertex 121.07 48.0839 0
      vertex 120.65 48.1846 0
    endloop
  endfacet
  facet normal 0.924 0.382393 0
    outer loop
      vertex 119.05 49.5515 3
      vertex 118.885 49.9502 0
      vertex 118.885 49.9502 3
    endloop
  endfacet
  facet normal 0.924 0.382393 0
    outer loop
      vertex 118.885 49.9502 0
      vertex 119.05 49.5515 3
      vertex 119.05 49.5515 0
    endloop
  endfacet
  facet normal 0.972231 0.234021 0
    outer loop
      vertex 118.885 49.9502 3
      vertex 118.784 50.3698 0
      vertex 118.784 50.3698 3
    endloop
  endfacet
  facet normal 0.972231 0.234021 0
    outer loop
      vertex 118.784 50.3698 0
      vertex 118.885 49.9502 3
      vertex 118.885 49.9502 0
    endloop
  endfacet
  facet normal -0.648521 0.761197 0
    outer loop
      vertex 123.445 48.8555 0
      vertex 123.116 48.5752 3
      vertex 123.445 48.8555 3
    endloop
  endfacet
  facet normal -0.648521 0.761197 0
    outer loop
      vertex 123.116 48.5752 3
      vertex 123.445 48.8555 0
      vertex 123.116 48.5752 0
    endloop
  endfacet
  facet normal -0.996889 -0.0788237 0
    outer loop
      vertex 124.25 127 0
      vertex 124.216 127.43 3
      vertex 124.216 127.43 0
    endloop
  endfacet
  facet normal -0.996889 -0.0788237 0
    outer loop
      vertex 124.216 127.43 3
      vertex 124.25 127 0
      vertex 124.25 127 3
    endloop
  endfacet
  facet normal 0.0788237 -0.996889 0
    outer loop
      vertex 121.07 129.716 0
      vertex 121.5 129.75 3
      vertex 121.07 129.716 3
    endloop
  endfacet
  facet normal 0.0788237 -0.996889 0
    outer loop
      vertex 121.5 129.75 3
      vertex 121.07 129.716 0
      vertex 121.5 129.75 0
    endloop
  endfacet
  facet normal -0.0788237 0.996889 0
    outer loop
      vertex 121.93 124.284 0
      vertex 121.5 124.25 3
      vertex 121.93 124.284 3
    endloop
  endfacet
  facet normal -0.0788237 0.996889 0
    outer loop
      vertex 121.5 124.25 3
      vertex 121.93 124.284 0
      vertex 121.5 124.25 0
    endloop
  endfacet
  facet normal 0.648119 0.761539 -0
    outer loop
      vertex 119.884 124.775 0
      vertex 119.555 125.055 3
      vertex 119.884 124.775 3
    endloop
  endfacet
  facet normal 0.648119 0.761539 0
    outer loop
      vertex 119.555 125.055 3
      vertex 119.884 124.775 0
      vertex 119.555 125.055 0
    endloop
  endfacet
  facet normal -0.648119 -0.761539 0
    outer loop
      vertex 123.116 129.225 0
      vertex 123.445 128.945 3
      vertex 123.116 129.225 3
    endloop
  endfacet
  facet normal -0.648119 -0.761539 -0
    outer loop
      vertex 123.445 128.945 3
      vertex 123.116 129.225 0
      vertex 123.445 128.945 0
    endloop
  endfacet
  facet normal 0.761539 -0.648119 0
    outer loop
      vertex 119.275 128.616 3
      vertex 119.555 128.945 0
      vertex 119.555 128.945 3
    endloop
  endfacet
  facet normal 0.761539 -0.648119 0
    outer loop
      vertex 119.555 128.945 0
      vertex 119.275 128.616 3
      vertex 119.275 128.616 0
    endloop
  endfacet
  facet normal 0.382967 -0.923762 0
    outer loop
      vertex 120.252 129.45 0
      vertex 120.65 129.615 3
      vertex 120.252 129.45 3
    endloop
  endfacet
  facet normal 0.382967 -0.923762 0
    outer loop
      vertex 120.65 129.615 3
      vertex 120.252 129.45 0
      vertex 120.65 129.615 0
    endloop
  endfacet
  facet normal -0.923762 -0.382967 0
    outer loop
      vertex 124.115 127.85 0
      vertex 123.95 128.248 3
      vertex 123.95 128.248 0
    endloop
  endfacet
  facet normal -0.923762 -0.382967 0
    outer loop
      vertex 123.95 128.248 3
      vertex 124.115 127.85 0
      vertex 124.115 127.85 3
    endloop
  endfacet
  facet normal -0.972282 -0.233811 0
    outer loop
      vertex 124.216 127.43 0
      vertex 124.115 127.85 3
      vertex 124.115 127.85 0
    endloop
  endfacet
  facet normal -0.972282 -0.233811 0
    outer loop
      vertex 124.115 127.85 3
      vertex 124.216 127.43 0
      vertex 124.216 127.43 3
    endloop
  endfacet
  facet normal -0.853167 -0.521638 0
    outer loop
      vertex 123.95 128.248 0
      vertex 123.725 128.616 3
      vertex 123.725 128.616 0
    endloop
  endfacet
  facet normal -0.853167 -0.521638 0
    outer loop
      vertex 123.725 128.616 3
      vertex 123.95 128.248 0
      vertex 123.95 128.248 3
    endloop
  endfacet
  facet normal -0.382967 -0.923762 0
    outer loop
      vertex 122.35 129.615 0
      vertex 122.748 129.45 3
      vertex 122.35 129.615 3
    endloop
  endfacet
  facet normal -0.382967 -0.923762 -0
    outer loop
      vertex 122.748 129.45 3
      vertex 122.35 129.615 0
      vertex 122.748 129.45 0
    endloop
  endfacet
  facet normal -0.521638 -0.853167 0
    outer loop
      vertex 122.748 129.45 0
      vertex 123.116 129.225 3
      vertex 122.748 129.45 3
    endloop
  endfacet
  facet normal -0.521638 -0.853167 -0
    outer loop
      vertex 123.116 129.225 3
      vertex 122.748 129.45 0
      vertex 123.116 129.225 0
    endloop
  endfacet
  facet normal 0.923762 -0.382967 0
    outer loop
      vertex 118.885 127.85 3
      vertex 119.05 128.248 0
      vertex 119.05 128.248 3
    endloop
  endfacet
  facet normal 0.923762 -0.382967 0
    outer loop
      vertex 119.05 128.248 0
      vertex 118.885 127.85 3
      vertex 118.885 127.85 0
    endloop
  endfacet
  facet normal 0.853167 -0.521638 0
    outer loop
      vertex 119.05 128.248 3
      vertex 119.275 128.616 0
      vertex 119.275 128.616 3
    endloop
  endfacet
  facet normal 0.853167 -0.521638 0
    outer loop
      vertex 119.275 128.616 0
      vertex 119.05 128.248 3
      vertex 119.05 128.248 0
    endloop
  endfacet
  facet normal 0.972282 -0.233811 0
    outer loop
      vertex 118.784 127.43 3
      vertex 118.885 127.85 0
      vertex 118.885 127.85 3
    endloop
  endfacet
  facet normal 0.972282 -0.233811 0
    outer loop
      vertex 118.885 127.85 0
      vertex 118.784 127.43 3
      vertex 118.784 127.43 0
    endloop
  endfacet
  facet normal 0.521638 -0.853167 0
    outer loop
      vertex 119.884 129.225 0
      vertex 120.252 129.45 3
      vertex 119.884 129.225 3
    endloop
  endfacet
  facet normal 0.521638 -0.853167 0
    outer loop
      vertex 120.252 129.45 3
      vertex 119.884 129.225 0
      vertex 120.252 129.45 0
    endloop
  endfacet
  facet normal 0.233811 -0.972282 0
    outer loop
      vertex 120.65 129.615 0
      vertex 121.07 129.716 3
      vertex 120.65 129.615 3
    endloop
  endfacet
  facet normal 0.233811 -0.972282 0
    outer loop
      vertex 121.07 129.716 3
      vertex 120.65 129.615 0
      vertex 121.07 129.716 0
    endloop
  endfacet
  facet normal -0.233811 0.972282 0
    outer loop
      vertex 122.35 124.385 0
      vertex 121.93 124.284 3
      vertex 122.35 124.385 3
    endloop
  endfacet
  facet normal -0.233811 0.972282 0
    outer loop
      vertex 121.93 124.284 3
      vertex 122.35 124.385 0
      vertex 121.93 124.284 0
    endloop
  endfacet
  facet normal -0.521638 0.853167 0
    outer loop
      vertex 123.116 124.775 0
      vertex 122.748 124.55 3
      vertex 123.116 124.775 3
    endloop
  endfacet
  facet normal -0.521638 0.853167 0
    outer loop
      vertex 122.748 124.55 3
      vertex 123.116 124.775 0
      vertex 122.748 124.55 0
    endloop
  endfacet
  facet normal -0.853167 0.521638 0
    outer loop
      vertex 123.725 125.384 0
      vertex 123.95 125.752 3
      vertex 123.95 125.752 0
    endloop
  endfacet
  facet normal -0.853167 0.521638 0
    outer loop
      vertex 123.95 125.752 3
      vertex 123.725 125.384 0
      vertex 123.725 125.384 3
    endloop
  endfacet
  facet normal -0.972282 0.233811 0
    outer loop
      vertex 124.115 126.15 0
      vertex 124.216 126.57 3
      vertex 124.216 126.57 0
    endloop
  endfacet
  facet normal -0.972282 0.233811 0
    outer loop
      vertex 124.216 126.57 3
      vertex 124.115 126.15 0
      vertex 124.115 126.15 3
    endloop
  endfacet
  facet normal 0.521638 0.853167 -0
    outer loop
      vertex 120.252 124.55 0
      vertex 119.884 124.775 3
      vertex 120.252 124.55 3
    endloop
  endfacet
  facet normal 0.521638 0.853167 0
    outer loop
      vertex 119.884 124.775 3
      vertex 120.252 124.55 0
      vertex 119.884 124.775 0
    endloop
  endfacet
  facet normal 0.233811 0.972282 -0
    outer loop
      vertex 121.07 124.284 0
      vertex 120.65 124.385 3
      vertex 121.07 124.284 3
    endloop
  endfacet
  facet normal 0.233811 0.972282 0
    outer loop
      vertex 120.65 124.385 3
      vertex 121.07 124.284 0
      vertex 120.65 124.385 0
    endloop
  endfacet
  facet normal 0.853167 0.521638 0
    outer loop
      vertex 119.275 125.384 3
      vertex 119.05 125.752 0
      vertex 119.05 125.752 3
    endloop
  endfacet
  facet normal 0.853167 0.521638 0
    outer loop
      vertex 119.05 125.752 0
      vertex 119.275 125.384 3
      vertex 119.275 125.384 0
    endloop
  endfacet
  facet normal 0.972282 0.233811 0
    outer loop
      vertex 118.885 126.15 3
      vertex 118.784 126.57 0
      vertex 118.784 126.57 3
    endloop
  endfacet
  facet normal 0.972282 0.233811 0
    outer loop
      vertex 118.784 126.57 0
      vertex 118.885 126.15 3
      vertex 118.885 126.15 0
    endloop
  endfacet
  facet normal -0.761539 -0.648119 0
    outer loop
      vertex 123.725 128.616 0
      vertex 123.445 128.945 3
      vertex 123.445 128.945 0
    endloop
  endfacet
  facet normal -0.761539 -0.648119 0
    outer loop
      vertex 123.445 128.945 3
      vertex 123.725 128.616 0
      vertex 123.725 128.616 3
    endloop
  endfacet
  facet normal -0.233811 -0.972282 0
    outer loop
      vertex 121.93 129.716 0
      vertex 122.35 129.615 3
      vertex 121.93 129.716 3
    endloop
  endfacet
  facet normal -0.233811 -0.972282 -0
    outer loop
      vertex 122.35 129.615 3
      vertex 121.93 129.716 0
      vertex 122.35 129.615 0
    endloop
  endfacet
  facet normal -0.0788237 -0.996889 0
    outer loop
      vertex 121.5 129.75 0
      vertex 121.93 129.716 3
      vertex 121.5 129.75 3
    endloop
  endfacet
  facet normal -0.0788237 -0.996889 -0
    outer loop
      vertex 121.93 129.716 3
      vertex 121.5 129.75 0
      vertex 121.93 129.716 0
    endloop
  endfacet
  facet normal 0.996889 -0.0788237 0
    outer loop
      vertex 118.75 127 3
      vertex 118.784 127.43 0
      vertex 118.784 127.43 3
    endloop
  endfacet
  facet normal 0.996889 -0.0788237 0
    outer loop
      vertex 118.784 127.43 0
      vertex 118.75 127 3
      vertex 118.75 127 0
    endloop
  endfacet
  facet normal 0.648119 -0.761539 0
    outer loop
      vertex 119.555 128.945 0
      vertex 119.884 129.225 3
      vertex 119.555 128.945 3
    endloop
  endfacet
  facet normal 0.648119 -0.761539 0
    outer loop
      vertex 119.884 129.225 3
      vertex 119.555 128.945 0
      vertex 119.884 129.225 0
    endloop
  endfacet
  facet normal -0.382967 0.923762 0
    outer loop
      vertex 122.748 124.55 0
      vertex 122.35 124.385 3
      vertex 122.748 124.55 3
    endloop
  endfacet
  facet normal -0.382967 0.923762 0
    outer loop
      vertex 122.35 124.385 3
      vertex 122.748 124.55 0
      vertex 122.35 124.385 0
    endloop
  endfacet
  facet normal -0.648119 0.761539 0
    outer loop
      vertex 123.445 125.055 0
      vertex 123.116 124.775 3
      vertex 123.445 125.055 3
    endloop
  endfacet
  facet normal -0.648119 0.761539 0
    outer loop
      vertex 123.116 124.775 3
      vertex 123.445 125.055 0
      vertex 123.116 124.775 0
    endloop
  endfacet
  facet normal -0.923762 0.382967 0
    outer loop
      vertex 123.95 125.752 0
      vertex 124.115 126.15 3
      vertex 124.115 126.15 0
    endloop
  endfacet
  facet normal -0.923762 0.382967 0
    outer loop
      vertex 124.115 126.15 3
      vertex 123.95 125.752 0
      vertex 123.95 125.752 3
    endloop
  endfacet
  facet normal 0.382967 0.923762 -0
    outer loop
      vertex 120.65 124.385 0
      vertex 120.252 124.55 3
      vertex 120.65 124.385 3
    endloop
  endfacet
  facet normal 0.382967 0.923762 0
    outer loop
      vertex 120.252 124.55 3
      vertex 120.65 124.385 0
      vertex 120.252 124.55 0
    endloop
  endfacet
  facet normal 0.0788237 0.996889 -0
    outer loop
      vertex 121.5 124.25 0
      vertex 121.07 124.284 3
      vertex 121.5 124.25 3
    endloop
  endfacet
  facet normal 0.0788237 0.996889 0
    outer loop
      vertex 121.07 124.284 3
      vertex 121.5 124.25 0
      vertex 121.07 124.284 0
    endloop
  endfacet
  facet normal 0.761539 0.648119 0
    outer loop
      vertex 119.555 125.055 3
      vertex 119.275 125.384 0
      vertex 119.275 125.384 3
    endloop
  endfacet
  facet normal 0.761539 0.648119 0
    outer loop
      vertex 119.275 125.384 0
      vertex 119.555 125.055 3
      vertex 119.555 125.055 0
    endloop
  endfacet
  facet normal 0.923762 0.382967 0
    outer loop
      vertex 119.05 125.752 3
      vertex 118.885 126.15 0
      vertex 118.885 126.15 3
    endloop
  endfacet
  facet normal 0.923762 0.382967 0
    outer loop
      vertex 118.885 126.15 0
      vertex 119.05 125.752 3
      vertex 119.05 125.752 0
    endloop
  endfacet
  facet normal 0.996889 0.0788237 0
    outer loop
      vertex 118.784 126.57 3
      vertex 118.75 127 0
      vertex 118.75 127 3
    endloop
  endfacet
  facet normal 0.996889 0.0788237 0
    outer loop
      vertex 118.75 127 0
      vertex 118.784 126.57 3
      vertex 118.784 126.57 0
    endloop
  endfacet
  facet normal -0.996889 0.0788237 0
    outer loop
      vertex 124.216 126.57 0
      vertex 124.25 127 3
      vertex 124.25 127 0
    endloop
  endfacet
  facet normal -0.996889 0.0788237 0
    outer loop
      vertex 124.25 127 3
      vertex 124.216 126.57 0
      vertex 124.216 126.57 3
    endloop
  endfacet
  facet normal -0.761539 0.648119 0
    outer loop
      vertex 123.445 125.055 0
      vertex 123.725 125.384 3
      vertex 123.725 125.384 0
    endloop
  endfacet
  facet normal -0.761539 0.648119 0
    outer loop
      vertex 123.725 125.384 3
      vertex 123.445 125.055 0
      vertex 123.445 125.055 3
    endloop
  endfacet
  facet normal 1 -0 0
    outer loop
      vertex -30.3 35 1.51
      vertex -30.3 119.6 -6
      vertex -30.3 119.6 1.51
    endloop
  endfacet
  facet normal 1 0 0
    outer loop
      vertex -30.3 119.6 -6
      vertex -30.3 35 1.51
      vertex -30.3 35 -6
    endloop
  endfacet
  facet normal 0 0 -1
    outer loop
      vertex 54.3 35 1.51
      vertex 48.5 40.8 1.51
      vertex 54.3 119.6 1.51
    endloop
  endfacet
  facet normal 0 0 -1
    outer loop
      vertex 54.3 35 1.51
      vertex -24.5 40.8 1.51
      vertex 48.5 40.8 1.51
    endloop
  endfacet
  facet normal -0 0 -1
    outer loop
      vertex -24.5 40.8 1.51
      vertex -30.3 35 1.51
      vertex -24.5 113.8 1.51
    endloop
  endfacet
  facet normal 0 0 -1
    outer loop
      vertex -30.3 35 1.51
      vertex -24.5 40.8 1.51
      vertex 54.3 35 1.51
    endloop
  endfacet
  facet normal 0 0 -1
    outer loop
      vertex 48.5 113.8 1.51
      vertex 54.3 119.6 1.51
      vertex 48.5 40.8 1.51
    endloop
  endfacet
  facet normal 0 0 -1
    outer loop
      vertex -24.5 113.8 1.51
      vertex 54.3 119.6 1.51
      vertex 48.5 113.8 1.51
    endloop
  endfacet
  facet normal 0 0 -1
    outer loop
      vertex -24.5 113.8 1.51
      vertex -30.3 119.6 1.51
      vertex 54.3 119.6 1.51
    endloop
  endfacet
  facet normal 0 0 -1
    outer loop
      vertex -30.3 119.6 1.51
      vertex -24.5 113.8 1.51
      vertex -30.3 35 1.51
    endloop
  endfacet
  facet normal -1 0 0
    outer loop
      vertex 54.3 35 -6
      vertex 54.3 119.6 1.51
      vertex 54.3 119.6 -6
    endloop
  endfacet
  facet normal -1 -0 0
    outer loop
      vertex 54.3 119.6 1.51
      vertex 54.3 35 -6
      vertex 54.3 35 1.51
    endloop
  endfacet
  facet normal 0 1 -0
    outer loop
      vertex 54.3 35 -6
      vertex -30.3 35 1.51
      vertex 54.3 35 1.51
    endloop
  endfacet
  facet normal 0 1 0
    outer loop
      vertex -30.3 35 1.51
      vertex 54.3 35 -6
      vertex -30.3 35 -6
    endloop
  endfacet
  facet normal 0 -1 0
    outer loop
      vertex -30.3 119.6 -6
      vertex 54.3 119.6 1.51
      vertex -30.3 119.6 1.51
    endloop
  endfacet
  facet normal 0 -1 -0
    outer loop
      vertex 54.3 119.6 1.51
      vertex -30.3 119.6 -6
      vertex 54.3 119.6 -6
    endloop
  endfacet
  facet normal 1 -0 0
    outer loop
      vertex -24.5 40.8 3
      vertex -24.5 113.8 1.51
      vertex -24.5 113.8 3
    endloop
  endfacet
  facet normal 1 0 0
    outer loop
      vertex -24.5 113.8 1.51
      vertex -24.5 40.8 3
      vertex -24.5 40.8 1.51
    endloop
  endfacet
  facet normal -1 0 0
    outer loop
      vertex 48.5 40.8 1.51
      vertex 48.5 113.8 3
      vertex 48.5 113.8 1.51
    endloop
  endfacet
  facet normal -1 -0 0
    outer loop
      vertex 48.5 113.8 3
      vertex 48.5 40.8 1.51
      vertex 48.5 40.8 3
    endloop
  endfacet
  facet normal 0 -1 0
    outer loop
      vertex -24.5 113.8 1.51
      vertex 48.5 113.8 3
      vertex -24.5 113.8 3
    endloop
  endfacet
  facet normal 0 -1 -0
    outer loop
      vertex 48.5 113.8 3
      vertex -24.5 113.8 1.51
      vertex 48.5 113.8 1.51
    endloop
  endfacet
  facet normal 0 1 -0
    outer loop
      vertex 48.5 40.8 1.51
      vertex -24.5 40.8 3
      vertex 48.5 40.8 3
    endloop
  endfacet
  facet normal 0 1 0
    outer loop
      vertex -24.5 40.8 3
      vertex 48.5 40.8 1.51
      vertex -24.5 40.8 1.51
    endloop
  endfacet
  facet normal 0.760133 0.649768 0
    outer loop
      vertex -101.828 17.8466 3
      vertex -102.236 18.3239 0.00999928
      vertex -102.236 18.3239 3
    endloop
  endfacet
  facet normal 0.760133 0.649768 0
    outer loop
      vertex -102.236 18.3239 0.00999928
      vertex -101.828 17.8466 3
      vertex -101.828 17.8466 0.00999928
    endloop
  endfacet
  facet normal -0.522532 -0.85262 0
    outer loop
      vertex -49.1841 116.239 0.00999928
      vertex -48.6489 115.911 3
      vertex -49.1841 116.239 3
    endloop
  endfacet
  facet normal -0.522532 -0.85262 -0
    outer loop
      vertex -48.6489 115.911 3
      vertex -49.1841 116.239 0.00999928
      vertex -48.6489 115.911 0.00999928
    endloop
  endfacet
  facet normal 0.649728 0.760167 -0
    outer loop
      vertex -101.351 17.4389 0.00999928
      vertex -101.828 17.8466 3
      vertex -101.351 17.4389 3
    endloop
  endfacet
  facet normal 0.649728 0.760167 0
    outer loop
      vertex -101.828 17.8466 3
      vertex -101.351 17.4389 0.00999928
      vertex -101.828 17.8466 0.00999928
    endloop
  endfacet
  facet normal 0.382624 0.923904 -0
    outer loop
      vertex -100.236 16.8708 0.00999928
      vertex -100.816 17.111 3
      vertex -100.236 16.8708 3
    endloop
  endfacet
  facet normal 0.382624 0.923904 0
    outer loop
      vertex -100.816 17.111 3
      vertex -100.236 16.8708 0.00999928
      vertex -100.816 17.111 0.00999928
    endloop
  endfacet
  facet normal 0.522558 0.852604 -0
    outer loop
      vertex -100.816 17.111 0.00999928
      vertex -101.351 17.4389 3
      vertex -100.816 17.111 3
    endloop
  endfacet
  facet normal 0.522558 0.852604 0
    outer loop
      vertex -101.351 17.4389 3
      vertex -100.816 17.111 0.00999928
      vertex -101.351 17.4389 0.00999928
    endloop
  endfacet
  facet normal 0.852533 -0.522674 0
    outer loop
      vertex -102.564 114.491 3
      vertex -102.236 115.026 0.00999928
      vertex -102.236 115.026 3
    endloop
  endfacet
  facet normal 0.852533 -0.522674 0
    outer loop
      vertex -102.236 115.026 0.00999928
      vertex -102.564 114.491 3
      vertex -102.564 114.491 0.00999928
    endloop
  endfacet
  facet normal 1 -0 0
    outer loop
      vertex -103 20.675 3
      vertex -103 112.675 0.00999928
      vertex -103 112.675 3
    endloop
  endfacet
  facet normal 1 0 0
    outer loop
      vertex -103 112.675 0.00999928
      vertex -103 20.675 3
      vertex -103 20.675 0.00999928
    endloop
  endfacet
  facet normal 0 -1 0
    outer loop
      vertex -99 116.675 0.00999928
      vertex -51 116.675 3
      vertex -99 116.675 3
    endloop
  endfacet
  facet normal 0 -1 -0
    outer loop
      vertex -51 116.675 3
      vertex -99 116.675 0.00999928
      vertex -51 116.675 0.00999928
    endloop
  endfacet
  facet normal -0.760369 0.649492 0
    outer loop
      vertex -48.1716 17.8466 0.00999928
      vertex -47.7639 18.3239 3
      vertex -47.7639 18.3239 0.00999928
    endloop
  endfacet
  facet normal -0.760369 0.649492 0
    outer loop
      vertex -47.7639 18.3239 3
      vertex -48.1716 17.8466 0.00999928
      vertex -48.1716 17.8466 3
    endloop
  endfacet
  facet normal 0.972205 0.234132 0
    outer loop
      vertex -102.804 19.4389 3
      vertex -102.951 20.0493 0.00999928
      vertex -102.951 20.0493 3
    endloop
  endfacet
  facet normal 0.972205 0.234132 0
    outer loop
      vertex -102.951 20.0493 0.00999928
      vertex -102.804 19.4389 3
      vertex -102.804 19.4389 0.00999928
    endloop
  endfacet
  facet normal -0.0780733 -0.996948 0
    outer loop
      vertex -51 116.675 0.00999928
      vertex -50.3743 116.626 3
      vertex -51 116.675 3
    endloop
  endfacet
  facet normal -0.0780733 -0.996948 -0
    outer loop
      vertex -50.3743 116.626 3
      vertex -51 116.675 0.00999928
      vertex -50.3743 116.626 0.00999928
    endloop
  endfacet
  facet normal 0.382352 -0.924017 0
    outer loop
      vertex -100.816 116.239 0.00999928
      vertex -100.236 116.479 3
      vertex -100.816 116.239 3
    endloop
  endfacet
  facet normal 0.382352 -0.924017 0
    outer loop
      vertex -100.236 116.479 3
      vertex -100.816 116.239 0.00999928
      vertex -100.236 116.479 0.00999928
    endloop
  endfacet
  facet normal 0.0780733 -0.996948 0
    outer loop
      vertex -99.6257 116.626 0.00999928
      vertex -99 116.675 3
      vertex -99.6257 116.626 3
    endloop
  endfacet
  facet normal 0.0780733 -0.996948 0
    outer loop
      vertex -99 116.675 3
      vertex -99.6257 116.626 0.00999928
      vertex -99 116.675 0.00999928
    endloop
  endfacet
  facet normal 0.996951 -0.0780361 0
    outer loop
      vertex -103 112.675 3
      vertex -102.951 113.301 0.00999928
      vertex -102.951 113.301 3
    endloop
  endfacet
  facet normal 0.996951 -0.0780361 0
    outer loop
      vertex -102.951 113.301 0.00999928
      vertex -103 112.675 3
      vertex -103 112.675 0.00999928
    endloop
  endfacet
  facet normal 0.996948 0.0780733 0
    outer loop
      vertex -102.951 20.0493 3
      vertex -103 20.675 0.00999928
      vertex -103 20.675 3
    endloop
  endfacet
  facet normal 0.996948 0.0780733 0
    outer loop
      vertex -103 20.675 0.00999928
      vertex -102.951 20.0493 3
      vertex -102.951 20.0493 0.00999928
    endloop
  endfacet
  facet normal 0.85262 0.522532 0
    outer loop
      vertex -102.236 18.3239 3
      vertex -102.564 18.8591 0.00999928
      vertex -102.564 18.8591 3
    endloop
  endfacet
  facet normal 0.85262 0.522532 0
    outer loop
      vertex -102.564 18.8591 0.00999928
      vertex -102.236 18.3239 3
      vertex -102.236 18.3239 0.00999928
    endloop
  endfacet
  facet normal -1 0 0
    outer loop
      vertex -47 20.675 0.00999928
      vertex -47 112.675 3
      vertex -47 112.675 0.00999928
    endloop
  endfacet
  facet normal -1 -0 0
    outer loop
      vertex -47 112.675 3
      vertex -47 20.675 0.00999928
      vertex -47 20.675 3
    endloop
  endfacet
  facet normal -0.996913 -0.0785109 0
    outer loop
      vertex -47 112.675 0.00999928
      vertex -47.0493 113.301 3
      vertex -47.0493 113.301 0.00999928
    endloop
  endfacet
  facet normal -0.996913 -0.0785109 0
    outer loop
      vertex -47.0493 113.301 3
      vertex -47 112.675 0.00999928
      vertex -47 112.675 3
    endloop
  endfacet
  facet normal -0.852604 -0.522558 0
    outer loop
      vertex -47.436 114.491 0.00999928
      vertex -47.7639 115.026 3
      vertex -47.7639 115.026 0.00999928
    endloop
  endfacet
  facet normal -0.852604 -0.522558 0
    outer loop
      vertex -47.7639 115.026 3
      vertex -47.436 114.491 0.00999928
      vertex -47.436 114.491 3
    endloop
  endfacet
  facet normal -0.0785483 0.99691 0
    outer loop
      vertex -50.3743 16.7243 0.00999928
      vertex -51 16.675 3
      vertex -50.3743 16.7243 3
    endloop
  endfacet
  facet normal -0.0785483 0.99691 0
    outer loop
      vertex -51 16.675 3
      vertex -50.3743 16.7243 0.00999928
      vertex -51 16.675 0.00999928
    endloop
  endfacet
  facet normal 0 1 -0
    outer loop
      vertex -51 16.675 0.00999928
      vertex -99 16.675 3
      vertex -51 16.675 3
    endloop
  endfacet
  facet normal 0 1 0
    outer loop
      vertex -99 16.675 3
      vertex -51 16.675 0.00999928
      vertex -99 16.675 0.00999928
    endloop
  endfacet
  facet normal 0.233415 0.972377 -0
    outer loop
      vertex -99.6257 16.7243 0.00999928
      vertex -100.236 16.8708 3
      vertex -99.6257 16.7243 3
    endloop
  endfacet
  facet normal 0.233415 0.972377 0
    outer loop
      vertex -100.236 16.8708 3
      vertex -99.6257 16.7243 0.00999928
      vertex -100.236 16.8708 0.00999928
    endloop
  endfacet
  facet normal -0.234132 -0.972205 0
    outer loop
      vertex -50.3743 116.626 0.00999928
      vertex -49.7639 116.479 3
      vertex -50.3743 116.626 3
    endloop
  endfacet
  facet normal -0.234132 -0.972205 -0
    outer loop
      vertex -49.7639 116.479 3
      vertex -50.3743 116.626 0.00999928
      vertex -49.7639 116.479 0.00999928
    endloop
  endfacet
  facet normal -0.382464 -0.92397 0
    outer loop
      vertex -49.7639 116.479 0.00999928
      vertex -49.1841 116.239 3
      vertex -49.7639 116.479 3
    endloop
  endfacet
  facet normal -0.382464 -0.92397 -0
    outer loop
      vertex -49.1841 116.239 3
      vertex -49.7639 116.479 0.00999928
      vertex -49.1841 116.239 0.00999928
    endloop
  endfacet
  facet normal 0.650004 -0.759931 0
    outer loop
      vertex -101.828 115.503 0.00999928
      vertex -101.351 115.911 3
      vertex -101.828 115.503 3
    endloop
  endfacet
  facet normal 0.650004 -0.759931 0
    outer loop
      vertex -101.351 115.911 3
      vertex -101.828 115.503 0.00999928
      vertex -101.351 115.911 0.00999928
    endloop
  endfacet
  facet normal 0.759931 -0.650004 0
    outer loop
      vertex -102.236 115.026 3
      vertex -101.828 115.503 0.00999928
      vertex -101.828 115.503 3
    endloop
  endfacet
  facet normal 0.759931 -0.650004 0
    outer loop
      vertex -101.828 115.503 0.00999928
      vertex -102.236 115.026 3
      vertex -102.236 115.026 0.00999928
    endloop
  endfacet
  facet normal 0.97217 -0.234277 0
    outer loop
      vertex -102.951 113.301 3
      vertex -102.804 113.911 0.00999928
      vertex -102.804 113.911 3
    endloop
  endfacet
  facet normal 0.97217 -0.234277 0
    outer loop
      vertex -102.804 113.911 0.00999928
      vertex -102.951 113.301 3
      vertex -102.951 113.301 0.00999928
    endloop
  endfacet
  facet normal 0.924017 -0.382352 0
    outer loop
      vertex -102.804 113.911 3
      vertex -102.564 114.491 0.00999928
      vertex -102.564 114.491 3
    endloop
  endfacet
  facet normal 0.924017 -0.382352 0
    outer loop
      vertex -102.564 114.491 0.00999928
      vertex -102.804 113.911 3
      vertex -102.804 113.911 0.00999928
    endloop
  endfacet
  facet normal -0.760167 -0.649728 0
    outer loop
      vertex -47.7639 115.026 0.00999928
      vertex -48.1716 115.503 3
      vertex -48.1716 115.503 0.00999928
    endloop
  endfacet
  facet normal -0.760167 -0.649728 0
    outer loop
      vertex -48.1716 115.503 3
      vertex -47.7639 115.026 0.00999928
      vertex -47.7639 115.026 3
    endloop
  endfacet
  facet normal -0.99691 0.0785483 0
    outer loop
      vertex -47.0493 20.0493 0.00999928
      vertex -47 20.675 3
      vertex -47 20.675 0.00999928
    endloop
  endfacet
  facet normal -0.99691 0.0785483 0
    outer loop
      vertex -47 20.675 3
      vertex -47.0493 20.0493 0.00999928
      vertex -47.0493 20.0493 3
    endloop
  endfacet
  facet normal -0.923858 0.382736 0
    outer loop
      vertex -47.436 18.8591 0.00999928
      vertex -47.1958 19.4389 3
      vertex -47.1958 19.4389 0.00999928
    endloop
  endfacet
  facet normal -0.923858 0.382736 0
    outer loop
      vertex -47.1958 19.4389 3
      vertex -47.436 18.8591 0.00999928
      vertex -47.436 18.8591 3
    endloop
  endfacet
  facet normal -0.972386 0.233379 0
    outer loop
      vertex -47.1958 19.4389 0.00999928
      vertex -47.0493 20.0493 3
      vertex -47.0493 20.0493 0.00999928
    endloop
  endfacet
  facet normal -0.972386 0.233379 0
    outer loop
      vertex -47.0493 20.0493 3
      vertex -47.1958 19.4389 0.00999928
      vertex -47.1958 19.4389 3
    endloop
  endfacet
  facet normal -0.972351 -0.233524 0
    outer loop
      vertex -47.0493 113.301 0.00999928
      vertex -47.1958 113.911 3
      vertex -47.1958 113.911 0.00999928
    endloop
  endfacet
  facet normal -0.972351 -0.233524 0
    outer loop
      vertex -47.1958 113.911 3
      vertex -47.0493 113.301 0.00999928
      vertex -47.0493 113.301 3
    endloop
  endfacet
  facet normal -0.923904 -0.382624 0
    outer loop
      vertex -47.1958 113.911 0.00999928
      vertex -47.436 114.491 3
      vertex -47.436 114.491 0.00999928
    endloop
  endfacet
  facet normal -0.923904 -0.382624 0
    outer loop
      vertex -47.436 114.491 3
      vertex -47.1958 113.911 0.00999928
      vertex -47.1958 113.911 3
    endloop
  endfacet
  facet normal -0.649768 -0.760133 0
    outer loop
      vertex -48.6489 115.911 0.00999928
      vertex -48.1716 115.503 3
      vertex -48.6489 115.911 3
    endloop
  endfacet
  facet normal -0.649768 -0.760133 -0
    outer loop
      vertex -48.1716 115.503 3
      vertex -48.6489 115.911 0.00999928
      vertex -48.1716 115.503 0.00999928
    endloop
  endfacet
  facet normal -0.852691 0.522416 0
    outer loop
      vertex -47.7639 18.3239 0.00999928
      vertex -47.436 18.8591 3
      vertex -47.436 18.8591 0.00999928
    endloop
  endfacet
  facet normal -0.852691 0.522416 0
    outer loop
      vertex -47.436 18.8591 3
      vertex -47.7639 18.3239 0.00999928
      vertex -47.7639 18.3239 3
    endloop
  endfacet
  facet normal -0.233379 0.972386 0
    outer loop
      vertex -49.7639 16.8708 0.00999928
      vertex -50.3743 16.7243 3
      vertex -49.7639 16.8708 3
    endloop
  endfacet
  facet normal -0.233379 0.972386 0
    outer loop
      vertex -50.3743 16.7243 3
      vertex -49.7639 16.8708 0.00999928
      vertex -50.3743 16.7243 0.00999928
    endloop
  endfacet
  facet normal -0.522416 0.852691 0
    outer loop
      vertex -48.6489 17.4389 0.00999928
      vertex -49.1841 17.111 3
      vertex -48.6489 17.4389 3
    endloop
  endfacet
  facet normal -0.522416 0.852691 0
    outer loop
      vertex -49.1841 17.111 3
      vertex -48.6489 17.4389 0.00999928
      vertex -49.1841 17.111 0.00999928
    endloop
  endfacet
  facet normal 0.0785483 0.99691 -0
    outer loop
      vertex -99 16.675 0.00999928
      vertex -99.6257 16.7243 3
      vertex -99 16.675 3
    endloop
  endfacet
  facet normal 0.0785483 0.99691 0
    outer loop
      vertex -99.6257 16.7243 3
      vertex -99 16.675 0.00999928
      vertex -99.6257 16.7243 0.00999928
    endloop
  endfacet
  facet normal 0.522674 -0.852533 0
    outer loop
      vertex -101.351 115.911 0.00999928
      vertex -100.816 116.239 3
      vertex -101.351 115.911 3
    endloop
  endfacet
  facet normal 0.522674 -0.852533 0
    outer loop
      vertex -100.816 116.239 3
      vertex -101.351 115.911 0.00999928
      vertex -100.816 116.239 0.00999928
    endloop
  endfacet
  facet normal 0.234168 -0.972196 0
    outer loop
      vertex -100.236 116.479 0.00999928
      vertex -99.6257 116.626 3
      vertex -100.236 116.479 3
    endloop
  endfacet
  facet normal 0.234168 -0.972196 0
    outer loop
      vertex -99.6257 116.626 3
      vertex -100.236 116.479 0.00999928
      vertex -99.6257 116.626 0.00999928
    endloop
  endfacet
  facet normal 0.92397 0.382464 0
    outer loop
      vertex -102.564 18.8591 3
      vertex -102.804 19.4389 0.00999928
      vertex -102.804 19.4389 3
    endloop
  endfacet
  facet normal 0.92397 0.382464 0
    outer loop
      vertex -102.804 19.4389 0.00999928
      vertex -102.564 18.8591 3
      vertex -102.564 18.8591 0.00999928
    endloop
  endfacet
  facet normal -0.382736 0.923858 0
    outer loop
      vertex -49.1841 17.111 0.00999928
      vertex -49.7639 16.8708 3
      vertex -49.1841 17.111 3
    endloop
  endfacet
  facet normal -0.382736 0.923858 0
    outer loop
      vertex -49.7639 16.8708 3
      vertex -49.1841 17.111 0.00999928
      vertex -49.7639 16.8708 0.00999928
    endloop
  endfacet
  facet normal -0.649492 0.760369 0
    outer loop
      vertex -48.1716 17.8466 0.00999928
      vertex -48.6489 17.4389 3
      vertex -48.1716 17.8466 3
    endloop
  endfacet
  facet normal -0.649492 0.760369 0
    outer loop
      vertex -48.6489 17.4389 3
      vertex -48.1716 17.8466 0.00999928
      vertex -48.6489 17.4389 0.00999928
    endloop
  endfacet
  facet normal 1 -0 0
    outer loop
      vertex -105.145 14.305 0.00999928
      vertex -105.145 119.045 -6
      vertex -105.145 119.045 0.00999928
    endloop
  endfacet
  facet normal 1 0 0
    outer loop
      vertex -105.145 119.045 -6
      vertex -105.145 14.305 0.00999928
      vertex -105.145 14.305 -6
    endloop
  endfacet
  facet normal 0 0 -1
    outer loop
      vertex -44.855 14.305 0.00999928
      vertex -47 20.675 0.00999928
      vertex -44.855 119.045 0.00999928
    endloop
  endfacet
  facet normal 0 0 -1
    outer loop
      vertex -44.855 14.305 0.00999928
      vertex -47.0493 20.0493 0.00999928
      vertex -47 20.675 0.00999928
    endloop
  endfacet
  facet normal 0 0 -1
    outer loop
      vertex -44.855 14.305 0.00999928
      vertex -47.1958 19.4389 0.00999928
      vertex -47.0493 20.0493 0.00999928
    endloop
  endfacet
  facet normal 0 0 -1
    outer loop
      vertex -44.855 14.305 0.00999928
      vertex -47.436 18.8591 0.00999928
      vertex -47.1958 19.4389 0.00999928
    endloop
  endfacet
  facet normal 0 0 -1
    outer loop
      vertex -44.855 14.305 0.00999928
      vertex -47.7639 18.3239 0.00999928
      vertex -47.436 18.8591 0.00999928
    endloop
  endfacet
  facet normal 0 0 -1
    outer loop
      vertex -44.855 14.305 0.00999928
      vertex -48.1716 17.8466 0.00999928
      vertex -47.7639 18.3239 0.00999928
    endloop
  endfacet
  facet normal 0 0 -1
    outer loop
      vertex -44.855 14.305 0.00999928
      vertex -48.6489 17.4389 0.00999928
      vertex -48.1716 17.8466 0.00999928
    endloop
  endfacet
  facet normal 0 0 -1
    outer loop
      vertex -44.855 14.305 0.00999928
      vertex -49.1841 17.111 0.00999928
      vertex -48.6489 17.4389 0.00999928
    endloop
  endfacet
  facet normal 0 0 -1
    outer loop
      vertex -44.855 14.305 0.00999928
      vertex -49.7639 16.8708 0.00999928
      vertex -49.1841 17.111 0.00999928
    endloop
  endfacet
  facet normal 0 0 -1
    outer loop
      vertex -44.855 14.305 0.00999928
      vertex -50.3743 16.7243 0.00999928
      vertex -49.7639 16.8708 0.00999928
    endloop
  endfacet
  facet normal 0 0 -1
    outer loop
      vertex -44.855 14.305 0.00999928
      vertex -51 16.675 0.00999928
      vertex -50.3743 16.7243 0.00999928
    endloop
  endfacet
  facet normal 0 0 -1
    outer loop
      vertex -44.855 14.305 0.00999928
      vertex -99 16.675 0.00999928
      vertex -51 16.675 0.00999928
    endloop
  endfacet
  facet normal -0 0 -1
    outer loop
      vertex -103 20.675 0.00999928
      vertex -105.145 14.305 0.00999928
      vertex -103 112.675 0.00999928
    endloop
  endfacet
  facet normal -0 0 -1
    outer loop
      vertex -102.951 20.0493 0.00999928
      vertex -105.145 14.305 0.00999928
      vertex -103 20.675 0.00999928
    endloop
  endfacet
  facet normal -0 0 -1
    outer loop
      vertex -102.804 19.4389 0.00999928
      vertex -105.145 14.305 0.00999928
      vertex -102.951 20.0493 0.00999928
    endloop
  endfacet
  facet normal -0 0 -1
    outer loop
      vertex -102.564 18.8591 0.00999928
      vertex -105.145 14.305 0.00999928
      vertex -102.804 19.4389 0.00999928
    endloop
  endfacet
  facet normal -0 0 -1
    outer loop
      vertex -102.236 18.3239 0.00999928
      vertex -105.145 14.305 0.00999928
      vertex -102.564 18.8591 0.00999928
    endloop
  endfacet
  facet normal -0 0 -1
    outer loop
      vertex -101.828 17.8466 0.00999928
      vertex -105.145 14.305 0.00999928
      vertex -102.236 18.3239 0.00999928
    endloop
  endfacet
  facet normal -0 0 -1
    outer loop
      vertex -101.351 17.4389 0.00999928
      vertex -105.145 14.305 0.00999928
      vertex -101.828 17.8466 0.00999928
    endloop
  endfacet
  facet normal -0 0 -1
    outer loop
      vertex -100.816 17.111 0.00999928
      vertex -105.145 14.305 0.00999928
      vertex -101.351 17.4389 0.00999928
    endloop
  endfacet
  facet normal -0 0 -1
    outer loop
      vertex -100.236 16.8708 0.00999928
      vertex -105.145 14.305 0.00999928
      vertex -100.816 17.111 0.00999928
    endloop
  endfacet
  facet normal -0 0 -1
    outer loop
      vertex -99.6257 16.7243 0.00999928
      vertex -105.145 14.305 0.00999928
      vertex -100.236 16.8708 0.00999928
    endloop
  endfacet
  facet normal -0 0 -1
    outer loop
      vertex -99 16.675 0.00999928
      vertex -105.145 14.305 0.00999928
      vertex -99.6257 16.7243 0.00999928
    endloop
  endfacet
  facet normal 0 0 -1
    outer loop
      vertex -105.145 14.305 0.00999928
      vertex -99 16.675 0.00999928
      vertex -44.855 14.305 0.00999928
    endloop
  endfacet
  facet normal 0 0 -1
    outer loop
      vertex -47 112.675 0.00999928
      vertex -44.855 119.045 0.00999928
      vertex -47 20.675 0.00999928
    endloop
  endfacet
  facet normal 0 0 -1
    outer loop
      vertex -47.0493 113.301 0.00999928
      vertex -44.855 119.045 0.00999928
      vertex -47 112.675 0.00999928
    endloop
  endfacet
  facet normal 0 0 -1
    outer loop
      vertex -47.1958 113.911 0.00999928
      vertex -44.855 119.045 0.00999928
      vertex -47.0493 113.301 0.00999928
    endloop
  endfacet
  facet normal 0 0 -1
    outer loop
      vertex -47.436 114.491 0.00999928
      vertex -44.855 119.045 0.00999928
      vertex -47.1958 113.911 0.00999928
    endloop
  endfacet
  facet normal 0 0 -1
    outer loop
      vertex -47.7639 115.026 0.00999928
      vertex -44.855 119.045 0.00999928
      vertex -47.436 114.491 0.00999928
    endloop
  endfacet
  facet normal 0 0 -1
    outer loop
      vertex -48.1716 115.503 0.00999928
      vertex -44.855 119.045 0.00999928
      vertex -47.7639 115.026 0.00999928
    endloop
  endfacet
  facet normal 0 0 -1
    outer loop
      vertex -48.6489 115.911 0.00999928
      vertex -44.855 119.045 0.00999928
      vertex -48.1716 115.503 0.00999928
    endloop
  endfacet
  facet normal 0 0 -1
    outer loop
      vertex -49.1841 116.239 0.00999928
      vertex -44.855 119.045 0.00999928
      vertex -48.6489 115.911 0.00999928
    endloop
  endfacet
  facet normal 0 0 -1
    outer loop
      vertex -49.7639 116.479 0.00999928
      vertex -44.855 119.045 0.00999928
      vertex -49.1841 116.239 0.00999928
    endloop
  endfacet
  facet normal 0 0 -1
    outer loop
      vertex -50.3743 116.626 0.00999928
      vertex -44.855 119.045 0.00999928
      vertex -49.7639 116.479 0.00999928
    endloop
  endfacet
  facet normal 0 0 -1
    outer loop
      vertex -51 116.675 0.00999928
      vertex -44.855 119.045 0.00999928
      vertex -50.3743 116.626 0.00999928
    endloop
  endfacet
  facet normal 0 0 -1
    outer loop
      vertex -99 116.675 0.00999928
      vertex -44.855 119.045 0.00999928
      vertex -51 116.675 0.00999928
    endloop
  endfacet
  facet normal 0 0 -1
    outer loop
      vertex -99 116.675 0.00999928
      vertex -105.145 119.045 0.00999928
      vertex -44.855 119.045 0.00999928
    endloop
  endfacet
  facet normal 0 0 -1
    outer loop
      vertex -99.6257 116.626 0.00999928
      vertex -105.145 119.045 0.00999928
      vertex -99 116.675 0.00999928
    endloop
  endfacet
  facet normal 0 0 -1
    outer loop
      vertex -100.236 116.479 0.00999928
      vertex -105.145 119.045 0.00999928
      vertex -99.6257 116.626 0.00999928
    endloop
  endfacet
  facet normal 0 0 -1
    outer loop
      vertex -100.816 116.239 0.00999928
      vertex -105.145 119.045 0.00999928
      vertex -100.236 116.479 0.00999928
    endloop
  endfacet
  facet normal 0 0 -1
    outer loop
      vertex -101.351 115.911 0.00999928
      vertex -105.145 119.045 0.00999928
      vertex -100.816 116.239 0.00999928
    endloop
  endfacet
  facet normal 0 0 -1
    outer loop
      vertex -101.828 115.503 0.00999928
      vertex -105.145 119.045 0.00999928
      vertex -101.351 115.911 0.00999928
    endloop
  endfacet
  facet normal 0 0 -1
    outer loop
      vertex -102.236 115.026 0.00999928
      vertex -105.145 119.045 0.00999928
      vertex -101.828 115.503 0.00999928
    endloop
  endfacet
  facet normal 0 0 -1
    outer loop
      vertex -102.564 114.491 0.00999928
      vertex -105.145 119.045 0.00999928
      vertex -102.236 115.026 0.00999928
    endloop
  endfacet
  facet normal 0 0 -1
    outer loop
      vertex -102.804 113.911 0.00999928
      vertex -105.145 119.045 0.00999928
      vertex -102.564 114.491 0.00999928
    endloop
  endfacet
  facet normal 0 0 -1
    outer loop
      vertex -102.951 113.301 0.00999928
      vertex -105.145 119.045 0.00999928
      vertex -102.804 113.911 0.00999928
    endloop
  endfacet
  facet normal 0 0 -1
    outer loop
      vertex -103 112.675 0.00999928
      vertex -105.145 119.045 0.00999928
      vertex -102.951 113.301 0.00999928
    endloop
  endfacet
  facet normal 0 0 -1
    outer loop
      vertex -105.145 119.045 0.00999928
      vertex -103 112.675 0.00999928
      vertex -105.145 14.305 0.00999928
    endloop
  endfacet
  facet normal -1 0 0
    outer loop
      vertex -44.855 14.305 -6
      vertex -44.855 119.045 0.00999928
      vertex -44.855 119.045 -6
    endloop
  endfacet
  facet normal -1 -0 0
    outer loop
      vertex -44.855 119.045 0.00999928
      vertex -44.855 14.305 -6
      vertex -44.855 14.305 0.00999928
    endloop
  endfacet
  facet normal 0 -1 0
    outer loop
      vertex -105.145 119.045 -6
      vertex -44.855 119.045 0.00999928
      vertex -105.145 119.045 0.00999928
    endloop
  endfacet
  facet normal 0 -1 -0
    outer loop
      vertex -44.855 119.045 0.00999928
      vertex -105.145 119.045 -6
      vertex -44.855 119.045 -6
    endloop
  endfacet
  facet normal 0 1 -0
    outer loop
      vertex -44.855 14.305 -6
      vertex -105.145 14.305 0.00999928
      vertex -44.855 14.305 0.00999928
    endloop
  endfacet
  facet normal 0 1 0
    outer loop
      vertex -105.145 14.305 0.00999928
      vertex -44.855 14.305 -6
      vertex -105.145 14.305 -6
    endloop
  endfacet
  facet normal 0.972363 0.233474 0
    outer loop
      vertex 81.7692 29.7004 3
      vertex 81.5677 30.5396 0
      vertex 81.5677 30.5396 3
    endloop
  endfacet
  facet normal 0.972363 0.233474 0
    outer loop
      vertex 81.5677 30.5396 0
      vertex 81.7692 29.7004 3
      vertex 81.7692 29.7004 0
    endloop
  endfacet
  facet normal 0.92386 0.38273 0
    outer loop
      vertex 82.0995 28.9031 3
      vertex 81.7692 29.7004 0
      vertex 81.7692 29.7004 3
    endloop
  endfacet
  facet normal 0.92386 0.38273 0
    outer loop
      vertex 81.7692 29.7004 0
      vertex 82.0995 28.9031 3
      vertex 82.0995 28.9031 0
    endloop
  endfacet
  facet normal 0.996919 0.0784419 0
    outer loop
      vertex 81.5677 30.5396 3
      vertex 81.5 31.4 0
      vertex 81.5 31.4 3
    endloop
  endfacet
  facet normal 0.996919 0.0784419 0
    outer loop
      vertex 81.5 31.4 0
      vertex 81.5677 30.5396 3
      vertex 81.5677 30.5396 0
    endloop
  endfacet
  facet normal -1 0 0
    outer loop
      vertex 92.5 31.4 0
      vertex 92.5 86.4 3
      vertex 92.5 86.4 0
    endloop
  endfacet
  facet normal -1 -0 0
    outer loop
      vertex 92.5 86.4 3
      vertex 92.5 31.4 0
      vertex 92.5 31.4 3
    endloop
  endfacet
  facet normal -0.996919 0.0784419 0
    outer loop
      vertex 92.4323 30.5396 0
      vertex 92.5 31.4 3
      vertex 92.5 31.4 0
    endloop
  endfacet
  facet normal -0.996919 0.0784419 0
    outer loop
      vertex 92.5 31.4 3
      vertex 92.4323 30.5396 0
      vertex 92.4323 30.5396 3
    endloop
  endfacet
  facet normal 0.996919 -0.0784419 0
    outer loop
      vertex 81.5 86.4 3
      vertex 81.5677 87.2604 0
      vertex 81.5677 87.2604 3
    endloop
  endfacet
  facet normal 0.996919 -0.0784419 0
    outer loop
      vertex 81.5677 87.2604 0
      vertex 81.5 86.4 3
      vertex 81.5 86.4 0
    endloop
  endfacet
  facet normal -0.972363 -0.233474 0
    outer loop
      vertex 92.4323 87.2604 0
      vertex 92.2308 88.0996 3
      vertex 92.2308 88.0996 0
    endloop
  endfacet
  facet normal -0.972363 -0.233474 0
    outer loop
      vertex 92.2308 88.0996 3
      vertex 92.4323 87.2604 0
      vertex 92.4323 87.2604 3
    endloop
  endfacet
  facet normal -0.996919 -0.0784419 0
    outer loop
      vertex 92.5 86.4 0
      vertex 92.4323 87.2604 3
      vertex 92.4323 87.2604 0
    endloop
  endfacet
  facet normal -0.996919 -0.0784419 0
    outer loop
      vertex 92.4323 87.2604 3
      vertex 92.5 86.4 0
      vertex 92.5 86.4 3
    endloop
  endfacet
  facet normal 1 -0 0
    outer loop
      vertex 81.5 31.4 3
      vertex 81.5 86.4 0
      vertex 81.5 86.4 3
    endloop
  endfacet
  facet normal 1 0 0
    outer loop
      vertex 81.5 86.4 0
      vertex 81.5 31.4 3
      vertex 81.5 31.4 0
    endloop
  endfacet
  facet normal -0.0784419 -0.996919 0
    outer loop
      vertex 87 91.9 0
      vertex 87.8604 91.8323 3
      vertex 87 91.9 3
    endloop
  endfacet
  facet normal -0.0784419 -0.996919 -0
    outer loop
      vertex 87.8604 91.8323 3
      vertex 87 91.9 0
      vertex 87.8604 91.8323 0
    endloop
  endfacet
  facet normal 0.0784419 -0.996919 0
    outer loop
      vertex 86.1396 91.8323 0
      vertex 87 91.9 3
      vertex 86.1396 91.8323 3
    endloop
  endfacet
  facet normal 0.0784419 -0.996919 0
    outer loop
      vertex 87 91.9 3
      vertex 86.1396 91.8323 0
      vertex 87 91.9 0
    endloop
  endfacet
  facet normal -0.760425 -0.649426 0
    outer loop
      vertex 91.4496 89.6328 0
      vertex 90.8891 90.2891 3
      vertex 90.8891 90.2891 0
    endloop
  endfacet
  facet normal -0.760425 -0.649426 0
    outer loop
      vertex 90.8891 90.2891 3
      vertex 91.4496 89.6328 0
      vertex 91.4496 89.6328 3
    endloop
  endfacet
  facet normal -0.649426 -0.760425 0
    outer loop
      vertex 90.2328 90.8496 0
      vertex 90.8891 90.2891 3
      vertex 90.2328 90.8496 3
    endloop
  endfacet
  facet normal -0.649426 -0.760425 -0
    outer loop
      vertex 90.8891 90.2891 3
      vertex 90.2328 90.8496 0
      vertex 90.8891 90.2891 0
    endloop
  endfacet
  facet normal 0.233474 -0.972363 0
    outer loop
      vertex 85.3004 91.6308 0
      vertex 86.1396 91.8323 3
      vertex 85.3004 91.6308 3
    endloop
  endfacet
  facet normal 0.233474 -0.972363 0
    outer loop
      vertex 86.1396 91.8323 3
      vertex 85.3004 91.6308 0
      vertex 86.1396 91.8323 0
    endloop
  endfacet
  facet normal 0.852671 -0.522448 0
    outer loop
      vertex 82.0995 88.8969 3
      vertex 82.5504 89.6328 0
      vertex 82.5504 89.6328 3
    endloop
  endfacet
  facet normal 0.852671 -0.522448 0
    outer loop
      vertex 82.5504 89.6328 0
      vertex 82.0995 88.8969 3
      vertex 82.0995 88.8969 0
    endloop
  endfacet
  facet normal 0.760425 -0.649426 0
    outer loop
      vertex 82.5504 89.6328 3
      vertex 83.1109 90.2891 0
      vertex 83.1109 90.2891 3
    endloop
  endfacet
  facet normal 0.760425 -0.649426 0
    outer loop
      vertex 83.1109 90.2891 0
      vertex 82.5504 89.6328 3
      vertex 82.5504 89.6328 0
    endloop
  endfacet
  facet normal 0.972363 -0.233474 0
    outer loop
      vertex 81.5677 87.2604 3
      vertex 81.7692 88.0996 0
      vertex 81.7692 88.0996 3
    endloop
  endfacet
  facet normal 0.972363 -0.233474 0
    outer loop
      vertex 81.7692 88.0996 0
      vertex 81.5677 87.2604 3
      vertex 81.5677 87.2604 0
    endloop
  endfacet
  facet normal -0.972363 0.233474 0
    outer loop
      vertex 92.2308 29.7004 0
      vertex 92.4323 30.5396 3
      vertex 92.4323 30.5396 0
    endloop
  endfacet
  facet normal -0.972363 0.233474 0
    outer loop
      vertex 92.4323 30.5396 3
      vertex 92.2308 29.7004 0
      vertex 92.2308 29.7004 3
    endloop
  endfacet
  facet normal -0.92386 0.38273 0
    outer loop
      vertex 91.9005 28.9031 0
      vertex 92.2308 29.7004 3
      vertex 92.2308 29.7004 0
    endloop
  endfacet
  facet normal -0.92386 0.38273 0
    outer loop
      vertex 92.2308 29.7004 3
      vertex 91.9005 28.9031 0
      vertex 91.9005 28.9031 3
    endloop
  endfacet
  facet normal 0.0784419 0.996919 -0
    outer loop
      vertex 87 25.9 0
      vertex 86.1396 25.9677 3
      vertex 87 25.9 3
    endloop
  endfacet
  facet normal 0.0784419 0.996919 0
    outer loop
      vertex 86.1396 25.9677 3
      vertex 87 25.9 0
      vertex 86.1396 25.9677 0
    endloop
  endfacet
  facet normal -0.233474 -0.972363 0
    outer loop
      vertex 87.8604 91.8323 0
      vertex 88.6996 91.6308 3
      vertex 87.8604 91.8323 3
    endloop
  endfacet
  facet normal -0.233474 -0.972363 -0
    outer loop
      vertex 88.6996 91.6308 3
      vertex 87.8604 91.8323 0
      vertex 88.6996 91.6308 0
    endloop
  endfacet
  facet normal -0.38273 -0.92386 0
    outer loop
      vertex 88.6996 91.6308 0
      vertex 89.4969 91.3005 3
      vertex 88.6996 91.6308 3
    endloop
  endfacet
  facet normal -0.38273 -0.92386 -0
    outer loop
      vertex 89.4969 91.3005 3
      vertex 88.6996 91.6308 0
      vertex 89.4969 91.3005 0
    endloop
  endfacet
  facet normal -0.522448 -0.852671 0
    outer loop
      vertex 89.4969 91.3005 0
      vertex 90.2328 90.8496 3
      vertex 89.4969 91.3005 3
    endloop
  endfacet
  facet normal -0.522448 -0.852671 -0
    outer loop
      vertex 90.2328 90.8496 3
      vertex 89.4969 91.3005 0
      vertex 90.2328 90.8496 0
    endloop
  endfacet
  facet normal -0.852671 -0.522448 0
    outer loop
      vertex 91.9005 88.8969 0
      vertex 91.4496 89.6328 3
      vertex 91.4496 89.6328 0
    endloop
  endfacet
  facet normal -0.852671 -0.522448 0
    outer loop
      vertex 91.4496 89.6328 3
      vertex 91.9005 88.8969 0
      vertex 91.9005 88.8969 3
    endloop
  endfacet
  facet normal -0.92386 -0.38273 0
    outer loop
      vertex 92.2308 88.0996 0
      vertex 91.9005 88.8969 3
      vertex 91.9005 88.8969 0
    endloop
  endfacet
  facet normal -0.92386 -0.38273 0
    outer loop
      vertex 91.9005 88.8969 3
      vertex 92.2308 88.0996 0
      vertex 92.2308 88.0996 3
    endloop
  endfacet
  facet normal 0.649426 -0.760425 0
    outer loop
      vertex 83.1109 90.2891 0
      vertex 83.7672 90.8496 3
      vertex 83.1109 90.2891 3
    endloop
  endfacet
  facet normal 0.649426 -0.760425 0
    outer loop
      vertex 83.7672 90.8496 3
      vertex 83.1109 90.2891 0
      vertex 83.7672 90.8496 0
    endloop
  endfacet
  facet normal 0.92386 -0.38273 0
    outer loop
      vertex 81.7692 88.0996 3
      vertex 82.0995 88.8969 0
      vertex 82.0995 88.8969 3
    endloop
  endfacet
  facet normal 0.92386 -0.38273 0
    outer loop
      vertex 82.0995 88.8969 0
      vertex 81.7692 88.0996 3
      vertex 81.7692 88.0996 0
    endloop
  endfacet
  facet normal -0.760425 0.649426 0
    outer loop
      vertex 90.8891 27.5109 0
      vertex 91.4496 28.1672 3
      vertex 91.4496 28.1672 0
    endloop
  endfacet
  facet normal -0.760425 0.649426 0
    outer loop
      vertex 91.4496 28.1672 3
      vertex 90.8891 27.5109 0
      vertex 90.8891 27.5109 3
    endloop
  endfacet
  facet normal 0.233474 0.972363 -0
    outer loop
      vertex 86.1396 25.9677 0
      vertex 85.3004 26.1692 3
      vertex 86.1396 25.9677 3
    endloop
  endfacet
  facet normal 0.233474 0.972363 0
    outer loop
      vertex 85.3004 26.1692 3
      vertex 86.1396 25.9677 0
      vertex 85.3004 26.1692 0
    endloop
  endfacet
  facet normal 0.522448 -0.852671 0
    outer loop
      vertex 83.7672 90.8496 0
      vertex 84.5031 91.3005 3
      vertex 83.7672 90.8496 3
    endloop
  endfacet
  facet normal 0.522448 -0.852671 0
    outer loop
      vertex 84.5031 91.3005 3
      vertex 83.7672 90.8496 0
      vertex 84.5031 91.3005 0
    endloop
  endfacet
  facet normal 0.38273 -0.92386 0
    outer loop
      vertex 84.5031 91.3005 0
      vertex 85.3004 91.6308 3
      vertex 84.5031 91.3005 3
    endloop
  endfacet
  facet normal 0.38273 -0.92386 0
    outer loop
      vertex 85.3004 91.6308 3
      vertex 84.5031 91.3005 0
      vertex 85.3004 91.6308 0
    endloop
  endfacet
  facet normal -0.852671 0.522448 0
    outer loop
      vertex 91.4496 28.1672 0
      vertex 91.9005 28.9031 3
      vertex 91.9005 28.9031 0
    endloop
  endfacet
  facet normal -0.852671 0.522448 0
    outer loop
      vertex 91.9005 28.9031 3
      vertex 91.4496 28.1672 0
      vertex 91.4496 28.1672 3
    endloop
  endfacet
  facet normal -0.233474 0.972363 0
    outer loop
      vertex 88.6996 26.1692 0
      vertex 87.8604 25.9677 3
      vertex 88.6996 26.1692 3
    endloop
  endfacet
  facet normal -0.233474 0.972363 0
    outer loop
      vertex 87.8604 25.9677 3
      vertex 88.6996 26.1692 0
      vertex 87.8604 25.9677 0
    endloop
  endfacet
  facet normal -0.0784419 0.996919 0
    outer loop
      vertex 87.8604 25.9677 0
      vertex 87 25.9 3
      vertex 87.8604 25.9677 3
    endloop
  endfacet
  facet normal -0.0784419 0.996919 0
    outer loop
      vertex 87 25.9 3
      vertex 87.8604 25.9677 0
      vertex 87 25.9 0
    endloop
  endfacet
  facet normal 0.38273 0.92386 -0
    outer loop
      vertex 85.3004 26.1692 0
      vertex 84.5031 26.4995 3
      vertex 85.3004 26.1692 3
    endloop
  endfacet
  facet normal 0.38273 0.92386 0
    outer loop
      vertex 84.5031 26.4995 3
      vertex 85.3004 26.1692 0
      vertex 84.5031 26.4995 0
    endloop
  endfacet
  facet normal -0.649426 0.760425 0
    outer loop
      vertex 90.8891 27.5109 0
      vertex 90.2328 26.9504 3
      vertex 90.8891 27.5109 3
    endloop
  endfacet
  facet normal -0.649426 0.760425 0
    outer loop
      vertex 90.2328 26.9504 3
      vertex 90.8891 27.5109 0
      vertex 90.2328 26.9504 0
    endloop
  endfacet
  facet normal -0.38273 0.92386 0
    outer loop
      vertex 89.4969 26.4995 0
      vertex 88.6996 26.1692 3
      vertex 89.4969 26.4995 3
    endloop
  endfacet
  facet normal -0.38273 0.92386 0
    outer loop
      vertex 88.6996 26.1692 3
      vertex 89.4969 26.4995 0
      vertex 88.6996 26.1692 0
    endloop
  endfacet
  facet normal 0.522448 0.852671 -0
    outer loop
      vertex 84.5031 26.4995 0
      vertex 83.7672 26.9504 3
      vertex 84.5031 26.4995 3
    endloop
  endfacet
  facet normal 0.522448 0.852671 0
    outer loop
      vertex 83.7672 26.9504 3
      vertex 84.5031 26.4995 0
      vertex 83.7672 26.9504 0
    endloop
  endfacet
  facet normal -0.522448 0.852671 0
    outer loop
      vertex 90.2328 26.9504 0
      vertex 89.4969 26.4995 3
      vertex 90.2328 26.9504 3
    endloop
  endfacet
  facet normal -0.522448 0.852671 0
    outer loop
      vertex 89.4969 26.4995 3
      vertex 90.2328 26.9504 0
      vertex 89.4969 26.4995 0
    endloop
  endfacet
  facet normal 0.649426 0.760425 -0
    outer loop
      vertex 83.7672 26.9504 0
      vertex 83.1109 27.5109 3
      vertex 83.7672 26.9504 3
    endloop
  endfacet
  facet normal 0.649426 0.760425 0
    outer loop
      vertex 83.1109 27.5109 3
      vertex 83.7672 26.9504 0
      vertex 83.1109 27.5109 0
    endloop
  endfacet
  facet normal 0.760425 0.649426 0
    outer loop
      vertex 83.1109 27.5109 3
      vertex 82.5504 28.1672 0
      vertex 82.5504 28.1672 3
    endloop
  endfacet
  facet normal 0.760425 0.649426 0
    outer loop
      vertex 82.5504 28.1672 0
      vertex 83.1109 27.5109 3
      vertex 83.1109 27.5109 0
    endloop
  endfacet
  facet normal 0.852671 0.522448 0
    outer loop
      vertex 82.5504 28.1672 3
      vertex 82.0995 28.9031 0
      vertex 82.0995 28.9031 3
    endloop
  endfacet
  facet normal 0.852671 0.522448 0
    outer loop
      vertex 82.0995 28.9031 0
      vertex 82.5504 28.1672 3
      vertex 82.5504 28.1672 0
    endloop
  endfacet
  facet normal 1 -0 0
    outer loop
      vertex 75.808 105.608 3
      vertex 75.808 111.192 0
      vertex 75.808 111.192 3
    endloop
  endfacet
  facet normal 1 0 0
    outer loop
      vertex 75.808 111.192 0
      vertex 75.808 105.608 3
      vertex 75.808 105.608 0
    endloop
  endfacet
  facet normal -1 0 0
    outer loop
      vertex 98.192 105.608 0
      vertex 98.192 111.192 3
      vertex 98.192 111.192 0
    endloop
  endfacet
  facet normal -1 -0 0
    outer loop
      vertex 98.192 111.192 3
      vertex 98.192 105.608 0
      vertex 98.192 105.608 3
    endloop
  endfacet
  facet normal 0 1 -0
    outer loop
      vertex 98.192 105.608 0
      vertex 75.808 105.608 3
      vertex 98.192 105.608 3
    endloop
  endfacet
  facet normal 0 1 0
    outer loop
      vertex 75.808 105.608 3
      vertex 98.192 105.608 0
      vertex 75.808 105.608 0
    endloop
  endfacet
  facet normal 0 -1 0
    outer loop
      vertex 75.808 111.192 0
      vertex 98.192 111.192 3
      vertex 75.808 111.192 3
    endloop
  endfacet
  facet normal 0 -1 -0
    outer loop
      vertex 98.192 111.192 3
      vertex 75.808 111.192 0
      vertex 98.192 111.192 0
    endloop
  endfacet
  facet normal 0.996923 0.0783858 0
    outer loop
      vertex 81.745 23.9 0
      vertex 81.7081 24.3693 -3.6
      vertex 81.7081 24.3693 0
    endloop
  endfacet
  facet normal 0.996923 0.0783858 0
    outer loop
      vertex 81.7081 24.3693 -3.6
      vertex 81.745 23.9 0
      vertex 81.745 23.9 -3.6
    endloop
  endfacet
  facet normal -0.0783858 0.996923 0
    outer loop
      vertex 78.745 26.9 -3.6
      vertex 78.2757 26.8631 0
      vertex 78.745 26.9 0
    endloop
  endfacet
  facet normal -0.0783858 0.996923 0
    outer loop
      vertex 78.2757 26.8631 0
      vertex 78.745 26.9 -3.6
      vertex 78.2757 26.8631 -3.6
    endloop
  endfacet
  facet normal -0.649601 -0.760275 0
    outer loop
      vertex 76.6237 21.7787 -3.6
      vertex 76.9816 21.4729 0
      vertex 76.6237 21.7787 0
    endloop
  endfacet
  facet normal -0.649601 -0.760275 -0
    outer loop
      vertex 76.9816 21.4729 0
      vertex 76.6237 21.7787 -3.6
      vertex 76.9816 21.4729 -3.6
    endloop
  endfacet
  facet normal 0.649478 0.76038 -0
    outer loop
      vertex 80.8663 26.0213 -3.6
      vertex 80.5084 26.327 0
      vertex 80.8663 26.0213 0
    endloop
  endfacet
  facet normal 0.649478 0.76038 0
    outer loop
      vertex 80.5084 26.327 0
      vertex 80.8663 26.0213 -3.6
      vertex 80.5084 26.327 -3.6
    endloop
  endfacet
  facet normal -0.760275 0.649601 0
    outer loop
      vertex 76.3179 25.6634 -3.6
      vertex 76.6237 26.0213 0
      vertex 76.6237 26.0213 -3.6
    endloop
  endfacet
  facet normal -0.760275 0.649601 0
    outer loop
      vertex 76.6237 26.0213 0
      vertex 76.3179 25.6634 -3.6
      vertex 76.3179 25.6634 0
    endloop
  endfacet
  facet normal -0.38279 0.923836 0
    outer loop
      vertex 77.8179 26.7532 -3.6
      vertex 77.383 26.573 0
      vertex 77.8179 26.7532 0
    endloop
  endfacet
  facet normal -0.38279 0.923836 0
    outer loop
      vertex 77.383 26.573 0
      vertex 77.8179 26.7532 -3.6
      vertex 77.383 26.573 -3.6
    endloop
  endfacet
  facet normal 0.923867 0.382714 0
    outer loop
      vertex 81.5982 24.827 0
      vertex 81.418 25.262 -3.6
      vertex 81.418 25.262 0
    endloop
  endfacet
  facet normal 0.923867 0.382714 0
    outer loop
      vertex 81.418 25.262 -3.6
      vertex 81.5982 24.827 0
      vertex 81.5982 24.827 -3.6
    endloop
  endfacet
  facet normal 0.972362 0.233477 0
    outer loop
      vertex 81.7081 24.3693 0
      vertex 81.5982 24.827 -3.6
      vertex 81.5982 24.827 0
    endloop
  endfacet
  facet normal 0.972362 0.233477 0
    outer loop
      vertex 81.5982 24.827 -3.6
      vertex 81.7081 24.3693 0
      vertex 81.7081 24.3693 -3.6
    endloop
  endfacet
  facet normal 0.233429 0.972374 -0
    outer loop
      vertex 79.6721 26.7532 -3.6
      vertex 79.2143 26.8631 0
      vertex 79.6721 26.7532 0
    endloop
  endfacet
  facet normal 0.233429 0.972374 0
    outer loop
      vertex 79.2143 26.8631 0
      vertex 79.6721 26.7532 -3.6
      vertex 79.2143 26.8631 -3.6
    endloop
  endfacet
  facet normal 0.0783858 0.996923 -0
    outer loop
      vertex 79.2143 26.8631 -3.6
      vertex 78.745 26.9 0
      vertex 79.2143 26.8631 0
    endloop
  endfacet
  facet normal 0.0783858 0.996923 0
    outer loop
      vertex 78.745 26.9 0
      vertex 79.2143 26.8631 -3.6
      vertex 78.745 26.9 -3.6
    endloop
  endfacet
  facet normal 0.522532 0.85262 -0
    outer loop
      vertex 80.5084 26.327 -3.6
      vertex 80.107 26.573 0
      vertex 80.5084 26.327 0
    endloop
  endfacet
  facet normal 0.522532 0.85262 0
    outer loop
      vertex 80.107 26.573 0
      vertex 80.5084 26.327 -3.6
      vertex 80.107 26.573 -3.6
    endloop
  endfacet
  facet normal -0.972362 0.233477 0
    outer loop
      vertex 75.7819 24.3693 -3.6
      vertex 75.8918 24.827 0
      vertex 75.8918 24.827 -3.6
    endloop
  endfacet
  facet normal -0.972362 0.233477 0
    outer loop
      vertex 75.8918 24.827 0
      vertex 75.7819 24.3693 -3.6
      vertex 75.7819 24.3693 0
    endloop
  endfacet
  facet normal 0 0 -1
    outer loop
      vertex 79.795 23.9 -3.6
      vertex 81.745 23.9 -3.6
      vertex 81.7081 23.4307 -3.6
    endloop
  endfacet
  facet normal 0 0 -1
    outer loop
      vertex 79.7821 23.7357 -3.6
      vertex 81.7081 23.4307 -3.6
      vertex 81.5982 22.9729 -3.6
    endloop
  endfacet
  facet normal 0 0 -1
    outer loop
      vertex 81.745 23.9 -3.6
      vertex 79.795 23.9 -3.6
      vertex 81.7081 24.3693 -3.6
    endloop
  endfacet
  facet normal 0 0 -1
    outer loop
      vertex 79.7436 23.5755 -3.6
      vertex 81.5982 22.9729 -3.6
      vertex 81.418 22.538 -3.6
    endloop
  endfacet
  facet normal 0 0 -1
    outer loop
      vertex 79.7821 24.0643 -3.6
      vertex 81.7081 24.3693 -3.6
      vertex 79.795 23.9 -3.6
    endloop
  endfacet
  facet normal 0 0 -1
    outer loop
      vertex 79.6806 23.4233 -3.6
      vertex 81.418 22.538 -3.6
      vertex 81.1721 22.1366 -3.6
    endloop
  endfacet
  facet normal -0 0 -1
    outer loop
      vertex 81.7081 24.3693 -3.6
      vertex 79.7821 24.0643 -3.6
      vertex 81.5982 24.827 -3.6
    endloop
  endfacet
  facet normal 0 0 -1
    outer loop
      vertex 79.5945 23.2828 -3.6
      vertex 81.1721 22.1366 -3.6
      vertex 80.8663 21.7787 -3.6
    endloop
  endfacet
  facet normal 0 0 -1
    outer loop
      vertex 79.7436 24.2245 -3.6
      vertex 81.5982 24.827 -3.6
      vertex 79.7821 24.0643 -3.6
    endloop
  endfacet
  facet normal 0 0 -1
    outer loop
      vertex 79.4875 23.1575 -3.6
      vertex 80.8663 21.7787 -3.6
      vertex 80.5084 21.4729 -3.6
    endloop
  endfacet
  facet normal -0 0 -1
    outer loop
      vertex 81.5982 24.827 -3.6
      vertex 79.7436 24.2245 -3.6
      vertex 81.418 25.262 -3.6
    endloop
  endfacet
  facet normal 0 0 -1
    outer loop
      vertex 79.3622 23.0505 -3.6
      vertex 80.5084 21.4729 -3.6
      vertex 80.107 21.227 -3.6
    endloop
  endfacet
  facet normal 0 0 -1
    outer loop
      vertex 79.6806 24.3767 -3.6
      vertex 81.418 25.262 -3.6
      vertex 79.7436 24.2245 -3.6
    endloop
  endfacet
  facet normal -0 0 -1
    outer loop
      vertex 81.418 25.262 -3.6
      vertex 79.6806 24.3767 -3.6
      vertex 81.1721 25.6634 -3.6
    endloop
  endfacet
  facet normal 0 0 -1
    outer loop
      vertex 81.7081 23.4307 -3.6
      vertex 79.7821 23.7357 -3.6
      vertex 79.795 23.9 -3.6
    endloop
  endfacet
  facet normal 0 0 -1
    outer loop
      vertex 81.5982 22.9729 -3.6
      vertex 79.7436 23.5755 -3.6
      vertex 79.7821 23.7357 -3.6
    endloop
  endfacet
  facet normal 0 0 -1
    outer loop
      vertex 81.418 22.538 -3.6
      vertex 79.6806 23.4233 -3.6
      vertex 79.7436 23.5755 -3.6
    endloop
  endfacet
  facet normal 0 0 -1
    outer loop
      vertex 79.2217 22.9644 -3.6
      vertex 80.107 21.227 -3.6
      vertex 79.6721 21.0468 -3.6
    endloop
  endfacet
  facet normal 0 0 -1
    outer loop
      vertex 81.1721 22.1366 -3.6
      vertex 79.5945 23.2828 -3.6
      vertex 79.6806 23.4233 -3.6
    endloop
  endfacet
  facet normal 0 0 -1
    outer loop
      vertex 80.8663 21.7787 -3.6
      vertex 79.4875 23.1575 -3.6
      vertex 79.5945 23.2828 -3.6
    endloop
  endfacet
  facet normal 0 0 -1
    outer loop
      vertex 80.5084 21.4729 -3.6
      vertex 79.3622 23.0505 -3.6
      vertex 79.4875 23.1575 -3.6
    endloop
  endfacet
  facet normal 0 0 -1
    outer loop
      vertex 80.107 21.227 -3.6
      vertex 79.2217 22.9644 -3.6
      vertex 79.3622 23.0505 -3.6
    endloop
  endfacet
  facet normal 0 0 -1
    outer loop
      vertex 79.0695 22.9014 -3.6
      vertex 79.6721 21.0468 -3.6
      vertex 79.2143 20.9369 -3.6
    endloop
  endfacet
  facet normal 0 0 -1
    outer loop
      vertex 79.6721 21.0468 -3.6
      vertex 79.0695 22.9014 -3.6
      vertex 79.2217 22.9644 -3.6
    endloop
  endfacet
  facet normal 0 0 -1
    outer loop
      vertex 79.2143 20.9369 -3.6
      vertex 78.9093 22.8629 -3.6
      vertex 79.0695 22.9014 -3.6
    endloop
  endfacet
  facet normal 0 0 -1
    outer loop
      vertex 78.745 20.9 -3.6
      vertex 78.9093 22.8629 -3.6
      vertex 79.2143 20.9369 -3.6
    endloop
  endfacet
  facet normal 0 0 -1
    outer loop
      vertex 78.745 20.9 -3.6
      vertex 78.745 22.85 -3.6
      vertex 78.9093 22.8629 -3.6
    endloop
  endfacet
  facet normal 0 0 -1
    outer loop
      vertex 78.745 20.9 -3.6
      vertex 78.5807 22.8629 -3.6
      vertex 78.745 22.85 -3.6
    endloop
  endfacet
  facet normal 0 0 -1
    outer loop
      vertex 78.2757 20.9369 -3.6
      vertex 78.5807 22.8629 -3.6
      vertex 78.745 20.9 -3.6
    endloop
  endfacet
  facet normal -0 0 -1
    outer loop
      vertex 78.5807 22.8629 -3.6
      vertex 78.2757 20.9369 -3.6
      vertex 78.4205 22.9014 -3.6
    endloop
  endfacet
  facet normal 0 0 -1
    outer loop
      vertex 77.8179 21.0468 -3.6
      vertex 78.4205 22.9014 -3.6
      vertex 78.2757 20.9369 -3.6
    endloop
  endfacet
  facet normal -0 0 -1
    outer loop
      vertex 78.4205 22.9014 -3.6
      vertex 77.8179 21.0468 -3.6
      vertex 78.2683 22.9644 -3.6
    endloop
  endfacet
  facet normal 0 0 -1
    outer loop
      vertex 77.383 21.227 -3.6
      vertex 78.2683 22.9644 -3.6
      vertex 77.8179 21.0468 -3.6
    endloop
  endfacet
  facet normal -0 0 -1
    outer loop
      vertex 78.2683 22.9644 -3.6
      vertex 77.383 21.227 -3.6
      vertex 78.1278 23.0505 -3.6
    endloop
  endfacet
  facet normal 0 0 -1
    outer loop
      vertex 76.9816 21.4729 -3.6
      vertex 78.1278 23.0505 -3.6
      vertex 77.383 21.227 -3.6
    endloop
  endfacet
  facet normal -0 0 -1
    outer loop
      vertex 78.1278 23.0505 -3.6
      vertex 76.9816 21.4729 -3.6
      vertex 78.0025 23.1575 -3.6
    endloop
  endfacet
  facet normal 0 0 -1
    outer loop
      vertex 76.6237 21.7787 -3.6
      vertex 78.0025 23.1575 -3.6
      vertex 76.9816 21.4729 -3.6
    endloop
  endfacet
  facet normal -0 0 -1
    outer loop
      vertex 78.0025 23.1575 -3.6
      vertex 76.6237 21.7787 -3.6
      vertex 77.8955 23.2828 -3.6
    endloop
  endfacet
  facet normal 0 0 -1
    outer loop
      vertex 76.3179 22.1366 -3.6
      vertex 77.8955 23.2828 -3.6
      vertex 76.6237 21.7787 -3.6
    endloop
  endfacet
  facet normal -0 0 -1
    outer loop
      vertex 77.8955 23.2828 -3.6
      vertex 76.3179 22.1366 -3.6
      vertex 77.8094 23.4233 -3.6
    endloop
  endfacet
  facet normal 0 0 -1
    outer loop
      vertex 79.5945 24.5172 -3.6
      vertex 81.1721 25.6634 -3.6
      vertex 79.6806 24.3767 -3.6
    endloop
  endfacet
  facet normal -0 0 -1
    outer loop
      vertex 81.1721 25.6634 -3.6
      vertex 79.5945 24.5172 -3.6
      vertex 80.8663 26.0213 -3.6
    endloop
  endfacet
  facet normal 0 0 -1
    outer loop
      vertex 79.4875 24.6425 -3.6
      vertex 80.8663 26.0213 -3.6
      vertex 79.5945 24.5172 -3.6
    endloop
  endfacet
  facet normal -0 0 -1
    outer loop
      vertex 80.8663 26.0213 -3.6
      vertex 79.4875 24.6425 -3.6
      vertex 80.5084 26.327 -3.6
    endloop
  endfacet
  facet normal 0 0 -1
    outer loop
      vertex 79.3622 24.7495 -3.6
      vertex 80.5084 26.327 -3.6
      vertex 79.4875 24.6425 -3.6
    endloop
  endfacet
  facet normal -0 0 -1
    outer loop
      vertex 80.5084 26.327 -3.6
      vertex 79.3622 24.7495 -3.6
      vertex 80.107 26.573 -3.6
    endloop
  endfacet
  facet normal 0 0 -1
    outer loop
      vertex 79.2217 24.8356 -3.6
      vertex 80.107 26.573 -3.6
      vertex 79.3622 24.7495 -3.6
    endloop
  endfacet
  facet normal -0 0 -1
    outer loop
      vertex 80.107 26.573 -3.6
      vertex 79.2217 24.8356 -3.6
      vertex 79.6721 26.7532 -3.6
    endloop
  endfacet
  facet normal 0 0 -1
    outer loop
      vertex 79.0695 24.8986 -3.6
      vertex 79.6721 26.7532 -3.6
      vertex 79.2217 24.8356 -3.6
    endloop
  endfacet
  facet normal -0 0 -1
    outer loop
      vertex 79.6721 26.7532 -3.6
      vertex 79.0695 24.8986 -3.6
      vertex 79.2143 26.8631 -3.6
    endloop
  endfacet
  facet normal 0 0 -1
    outer loop
      vertex 78.9093 24.9371 -3.6
      vertex 79.2143 26.8631 -3.6
      vertex 79.0695 24.8986 -3.6
    endloop
  endfacet
  facet normal 0 0 -1
    outer loop
      vertex 78.745 24.95 -3.6
      vertex 79.2143 26.8631 -3.6
      vertex 78.9093 24.9371 -3.6
    endloop
  endfacet
  facet normal 0 0 -1
    outer loop
      vertex 78.745 24.95 -3.6
      vertex 78.745 26.9 -3.6
      vertex 79.2143 26.8631 -3.6
    endloop
  endfacet
  facet normal 0 0 -1
    outer loop
      vertex 78.5807 24.9371 -3.6
      vertex 78.745 26.9 -3.6
      vertex 78.745 24.95 -3.6
    endloop
  endfacet
  facet normal 0 0 -1
    outer loop
      vertex 78.2757 26.8631 -3.6
      vertex 78.5807 24.9371 -3.6
      vertex 78.4205 24.8986 -3.6
    endloop
  endfacet
  facet normal 0 0 -1
    outer loop
      vertex 78.5807 24.9371 -3.6
      vertex 78.2757 26.8631 -3.6
      vertex 78.745 26.9 -3.6
    endloop
  endfacet
  facet normal 0 0 -1
    outer loop
      vertex 77.8179 26.7532 -3.6
      vertex 78.4205 24.8986 -3.6
      vertex 78.2683 24.8356 -3.6
    endloop
  endfacet
  facet normal 0 0 -1
    outer loop
      vertex 77.383 26.573 -3.6
      vertex 78.2683 24.8356 -3.6
      vertex 78.1278 24.7495 -3.6
    endloop
  endfacet
  facet normal 0 0 -1
    outer loop
      vertex 76.9816 26.327 -3.6
      vertex 78.1278 24.7495 -3.6
      vertex 78.0025 24.6425 -3.6
    endloop
  endfacet
  facet normal 0 0 -1
    outer loop
      vertex 76.6237 26.0213 -3.6
      vertex 78.0025 24.6425 -3.6
      vertex 77.8955 24.5172 -3.6
    endloop
  endfacet
  facet normal 0 0 -1
    outer loop
      vertex 78.4205 24.8986 -3.6
      vertex 77.8179 26.7532 -3.6
      vertex 78.2757 26.8631 -3.6
    endloop
  endfacet
  facet normal 0 0 -1
    outer loop
      vertex 76.3179 25.6634 -3.6
      vertex 77.8955 24.5172 -3.6
      vertex 77.8094 24.3767 -3.6
    endloop
  endfacet
  facet normal 0 0 -1
    outer loop
      vertex 76.072 25.262 -3.6
      vertex 77.8094 24.3767 -3.6
      vertex 77.7464 24.2245 -3.6
    endloop
  endfacet
  facet normal 0 0 -1
    outer loop
      vertex 75.8918 24.827 -3.6
      vertex 77.7464 24.2245 -3.6
      vertex 77.7079 24.0643 -3.6
    endloop
  endfacet
  facet normal 0 0 -1
    outer loop
      vertex 75.7819 24.3693 -3.6
      vertex 77.7079 24.0643 -3.6
      vertex 77.695 23.9 -3.6
    endloop
  endfacet
  facet normal 0 0 -1
    outer loop
      vertex 76.072 22.538 -3.6
      vertex 77.8094 23.4233 -3.6
      vertex 76.3179 22.1366 -3.6
    endloop
  endfacet
  facet normal 0 0 -1
    outer loop
      vertex 78.2683 24.8356 -3.6
      vertex 77.383 26.573 -3.6
      vertex 77.8179 26.7532 -3.6
    endloop
  endfacet
  facet normal -0 0 -1
    outer loop
      vertex 77.8094 23.4233 -3.6
      vertex 76.072 22.538 -3.6
      vertex 77.7464 23.5755 -3.6
    endloop
  endfacet
  facet normal 0 0 -1
    outer loop
      vertex 78.1278 24.7495 -3.6
      vertex 76.9816 26.327 -3.6
      vertex 77.383 26.573 -3.6
    endloop
  endfacet
  facet normal 0 0 -1
    outer loop
      vertex 75.8918 22.9729 -3.6
      vertex 77.7464 23.5755 -3.6
      vertex 76.072 22.538 -3.6
    endloop
  endfacet
  facet normal 0 0 -1
    outer loop
      vertex 78.0025 24.6425 -3.6
      vertex 76.6237 26.0213 -3.6
      vertex 76.9816 26.327 -3.6
    endloop
  endfacet
  facet normal -0 0 -1
    outer loop
      vertex 77.7464 23.5755 -3.6
      vertex 75.8918 22.9729 -3.6
      vertex 77.7079 23.7357 -3.6
    endloop
  endfacet
  facet normal 0 0 -1
    outer loop
      vertex 77.8955 24.5172 -3.6
      vertex 76.3179 25.6634 -3.6
      vertex 76.6237 26.0213 -3.6
    endloop
  endfacet
  facet normal 0 0 -1
    outer loop
      vertex 75.7819 23.4307 -3.6
      vertex 77.7079 23.7357 -3.6
      vertex 75.8918 22.9729 -3.6
    endloop
  endfacet
  facet normal 0 0 -1
    outer loop
      vertex 77.8094 24.3767 -3.6
      vertex 76.072 25.262 -3.6
      vertex 76.3179 25.6634 -3.6
    endloop
  endfacet
  facet normal -0 0 -1
    outer loop
      vertex 77.7079 23.7357 -3.6
      vertex 75.7819 23.4307 -3.6
      vertex 77.695 23.9 -3.6
    endloop
  endfacet
  facet normal 0 0 -1
    outer loop
      vertex 77.7464 24.2245 -3.6
      vertex 75.8918 24.827 -3.6
      vertex 76.072 25.262 -3.6
    endloop
  endfacet
  facet normal 0 0 -1
    outer loop
      vertex 75.745 23.9 -3.6
      vertex 77.695 23.9 -3.6
      vertex 75.7819 23.4307 -3.6
    endloop
  endfacet
  facet normal 0 0 -1
    outer loop
      vertex 77.7079 24.0643 -3.6
      vertex 75.7819 24.3693 -3.6
      vertex 75.8918 24.827 -3.6
    endloop
  endfacet
  facet normal 0 0 -1
    outer loop
      vertex 77.695 23.9 -3.6
      vertex 75.745 23.9 -3.6
      vertex 75.7819 24.3693 -3.6
    endloop
  endfacet
  facet normal -0.852714 0.522378 0
    outer loop
      vertex 76.072 25.262 -3.6
      vertex 76.3179 25.6634 0
      vertex 76.3179 25.6634 -3.6
    endloop
  endfacet
  facet normal -0.852714 0.522378 0
    outer loop
      vertex 76.3179 25.6634 0
      vertex 76.072 25.262 -3.6
      vertex 76.072 25.262 0
    endloop
  endfacet
  facet normal -0.996923 0.0783858 0
    outer loop
      vertex 75.745 23.9 -3.6
      vertex 75.7819 24.3693 0
      vertex 75.7819 24.3693 -3.6
    endloop
  endfacet
  facet normal -0.996923 0.0783858 0
    outer loop
      vertex 75.7819 24.3693 0
      vertex 75.745 23.9 -3.6
      vertex 75.745 23.9 0
    endloop
  endfacet
  facet normal -0.233429 0.972374 0
    outer loop
      vertex 78.2757 26.8631 -3.6
      vertex 77.8179 26.7532 0
      vertex 78.2757 26.8631 0
    endloop
  endfacet
  facet normal -0.233429 0.972374 0
    outer loop
      vertex 77.8179 26.7532 0
      vertex 78.2757 26.8631 -3.6
      vertex 77.8179 26.7532 -3.6
    endloop
  endfacet
  facet normal 0.233429 -0.972374 0
    outer loop
      vertex 79.2143 20.9369 -3.6
      vertex 79.6721 21.0468 0
      vertex 79.2143 20.9369 0
    endloop
  endfacet
  facet normal 0.233429 -0.972374 0
    outer loop
      vertex 79.6721 21.0468 0
      vertex 79.2143 20.9369 -3.6
      vertex 79.6721 21.0468 -3.6
    endloop
  endfacet
  facet normal 0.649601 -0.760275 0
    outer loop
      vertex 80.5084 21.4729 -3.6
      vertex 80.8663 21.7787 0
      vertex 80.5084 21.4729 0
    endloop
  endfacet
  facet normal 0.649601 -0.760275 0
    outer loop
      vertex 80.8663 21.7787 0
      vertex 80.5084 21.4729 -3.6
      vertex 80.8663 21.7787 -3.6
    endloop
  endfacet
  facet normal -0.0783858 -0.996923 0
    outer loop
      vertex 78.2757 20.9369 -3.6
      vertex 78.745 20.9 0
      vertex 78.2757 20.9369 0
    endloop
  endfacet
  facet normal -0.0783858 -0.996923 -0
    outer loop
      vertex 78.745 20.9 0
      vertex 78.2757 20.9369 -3.6
      vertex 78.745 20.9 -3.6
    endloop
  endfacet
  facet normal -0.852714 -0.522378 0
    outer loop
      vertex 76.3179 22.1366 -3.6
      vertex 76.072 22.538 0
      vertex 76.072 22.538 -3.6
    endloop
  endfacet
  facet normal -0.852714 -0.522378 0
    outer loop
      vertex 76.072 22.538 0
      vertex 76.3179 22.1366 -3.6
      vertex 76.3179 22.1366 0
    endloop
  endfacet
  facet normal -0.972374 -0.233429 0
    outer loop
      vertex 75.8918 22.9729 -3.6
      vertex 75.7819 23.4307 0
      vertex 75.7819 23.4307 -3.6
    endloop
  endfacet
  facet normal -0.972374 -0.233429 0
    outer loop
      vertex 75.7819 23.4307 0
      vertex 75.8918 22.9729 -3.6
      vertex 75.8918 22.9729 0
    endloop
  endfacet
  facet normal 0.760275 0.649601 0
    outer loop
      vertex 81.1721 25.6634 0
      vertex 80.8663 26.0213 -3.6
      vertex 80.8663 26.0213 0
    endloop
  endfacet
  facet normal 0.760275 0.649601 0
    outer loop
      vertex 80.8663 26.0213 -3.6
      vertex 81.1721 25.6634 0
      vertex 81.1721 25.6634 -3.6
    endloop
  endfacet
  facet normal 0.852714 0.522378 0
    outer loop
      vertex 81.418 25.262 0
      vertex 81.1721 25.6634 -3.6
      vertex 81.1721 25.6634 0
    endloop
  endfacet
  facet normal 0.852714 0.522378 0
    outer loop
      vertex 81.1721 25.6634 -3.6
      vertex 81.418 25.262 0
      vertex 81.418 25.262 -3.6
    endloop
  endfacet
  facet normal 0.38279 0.923836 -0
    outer loop
      vertex 80.107 26.573 -3.6
      vertex 79.6721 26.7532 0
      vertex 80.107 26.573 0
    endloop
  endfacet
  facet normal 0.38279 0.923836 0
    outer loop
      vertex 79.6721 26.7532 0
      vertex 80.107 26.573 -3.6
      vertex 79.6721 26.7532 -3.6
    endloop
  endfacet
  facet normal -0.923867 0.382714 0
    outer loop
      vertex 75.8918 24.827 -3.6
      vertex 76.072 25.262 0
      vertex 76.072 25.262 -3.6
    endloop
  endfacet
  facet normal -0.923867 0.382714 0
    outer loop
      vertex 76.072 25.262 0
      vertex 75.8918 24.827 -3.6
      vertex 75.8918 24.827 0
    endloop
  endfacet
  facet normal -0.996923 -0.0783858 0
    outer loop
      vertex 75.7819 23.4307 -3.6
      vertex 75.745 23.9 0
      vertex 75.745 23.9 -3.6
    endloop
  endfacet
  facet normal -0.996923 -0.0783858 0
    outer loop
      vertex 75.745 23.9 0
      vertex 75.7819 23.4307 -3.6
      vertex 75.7819 23.4307 0
    endloop
  endfacet
  facet normal -0.522532 0.85262 0
    outer loop
      vertex 77.383 26.573 -3.6
      vertex 76.9816 26.327 0
      vertex 77.383 26.573 0
    endloop
  endfacet
  facet normal -0.522532 0.85262 0
    outer loop
      vertex 76.9816 26.327 0
      vertex 77.383 26.573 -3.6
      vertex 76.9816 26.327 -3.6
    endloop
  endfacet
  facet normal -0.649478 0.76038 0
    outer loop
      vertex 76.9816 26.327 -3.6
      vertex 76.6237 26.0213 0
      vertex 76.9816 26.327 0
    endloop
  endfacet
  facet normal -0.649478 0.76038 0
    outer loop
      vertex 76.6237 26.0213 0
      vertex 76.9816 26.327 -3.6
      vertex 76.6237 26.0213 -3.6
    endloop
  endfacet
  facet normal 0.996923 -0.0783858 0
    outer loop
      vertex 81.7081 23.4307 0
      vertex 81.745 23.9 -3.6
      vertex 81.745 23.9 0
    endloop
  endfacet
  facet normal 0.996923 -0.0783858 0
    outer loop
      vertex 81.745 23.9 -3.6
      vertex 81.7081 23.4307 0
      vertex 81.7081 23.4307 -3.6
    endloop
  endfacet
  facet normal 0.38279 -0.923836 0
    outer loop
      vertex 79.6721 21.0468 -3.6
      vertex 80.107 21.227 0
      vertex 79.6721 21.0468 0
    endloop
  endfacet
  facet normal 0.38279 -0.923836 0
    outer loop
      vertex 80.107 21.227 0
      vertex 79.6721 21.0468 -3.6
      vertex 80.107 21.227 -3.6
    endloop
  endfacet
  facet normal 0.760275 -0.649601 0
    outer loop
      vertex 80.8663 21.7787 0
      vertex 81.1721 22.1366 -3.6
      vertex 81.1721 22.1366 0
    endloop
  endfacet
  facet normal 0.760275 -0.649601 0
    outer loop
      vertex 81.1721 22.1366 -3.6
      vertex 80.8663 21.7787 0
      vertex 80.8663 21.7787 -3.6
    endloop
  endfacet
  facet normal 0.923836 -0.38279 0
    outer loop
      vertex 81.418 22.538 0
      vertex 81.5982 22.9729 -3.6
      vertex 81.5982 22.9729 0
    endloop
  endfacet
  facet normal 0.923836 -0.38279 0
    outer loop
      vertex 81.5982 22.9729 -3.6
      vertex 81.418 22.538 0
      vertex 81.418 22.538 -3.6
    endloop
  endfacet
  facet normal 0.852714 -0.522378 0
    outer loop
      vertex 81.1721 22.1366 0
      vertex 81.418 22.538 -3.6
      vertex 81.418 22.538 0
    endloop
  endfacet
  facet normal 0.852714 -0.522378 0
    outer loop
      vertex 81.418 22.538 -3.6
      vertex 81.1721 22.1366 0
      vertex 81.1721 22.1366 -3.6
    endloop
  endfacet
  facet normal 0.972374 -0.233429 0
    outer loop
      vertex 81.5982 22.9729 0
      vertex 81.7081 23.4307 -3.6
      vertex 81.7081 23.4307 0
    endloop
  endfacet
  facet normal 0.972374 -0.233429 0
    outer loop
      vertex 81.7081 23.4307 -3.6
      vertex 81.5982 22.9729 0
      vertex 81.5982 22.9729 -3.6
    endloop
  endfacet
  facet normal -0.522378 -0.852714 0
    outer loop
      vertex 76.9816 21.4729 -3.6
      vertex 77.383 21.227 0
      vertex 76.9816 21.4729 0
    endloop
  endfacet
  facet normal -0.522378 -0.852714 -0
    outer loop
      vertex 77.383 21.227 0
      vertex 76.9816 21.4729 -3.6
      vertex 77.383 21.227 -3.6
    endloop
  endfacet
  facet normal -0.233429 -0.972374 0
    outer loop
      vertex 77.8179 21.0468 -3.6
      vertex 78.2757 20.9369 0
      vertex 77.8179 21.0468 0
    endloop
  endfacet
  facet normal -0.233429 -0.972374 -0
    outer loop
      vertex 78.2757 20.9369 0
      vertex 77.8179 21.0468 -3.6
      vertex 78.2757 20.9369 -3.6
    endloop
  endfacet
  facet normal 0.0783858 -0.996923 0
    outer loop
      vertex 78.745 20.9 -3.6
      vertex 79.2143 20.9369 0
      vertex 78.745 20.9 0
    endloop
  endfacet
  facet normal 0.0783858 -0.996923 0
    outer loop
      vertex 79.2143 20.9369 0
      vertex 78.745 20.9 -3.6
      vertex 79.2143 20.9369 -3.6
    endloop
  endfacet
  facet normal -0.760275 -0.649601 0
    outer loop
      vertex 76.6237 21.7787 -3.6
      vertex 76.3179 22.1366 0
      vertex 76.3179 22.1366 -3.6
    endloop
  endfacet
  facet normal -0.760275 -0.649601 0
    outer loop
      vertex 76.3179 22.1366 0
      vertex 76.6237 21.7787 -3.6
      vertex 76.6237 21.7787 0
    endloop
  endfacet
  facet normal -0.923836 -0.38279 0
    outer loop
      vertex 76.072 22.538 -3.6
      vertex 75.8918 22.9729 0
      vertex 75.8918 22.9729 -3.6
    endloop
  endfacet
  facet normal -0.923836 -0.38279 0
    outer loop
      vertex 75.8918 22.9729 0
      vertex 76.072 22.538 -3.6
      vertex 76.072 22.538 0
    endloop
  endfacet
  facet normal 0.522378 -0.852714 0
    outer loop
      vertex 80.107 21.227 -3.6
      vertex 80.5084 21.4729 0
      vertex 80.107 21.227 0
    endloop
  endfacet
  facet normal 0.522378 -0.852714 0
    outer loop
      vertex 80.5084 21.4729 0
      vertex 80.107 21.227 -3.6
      vertex 80.5084 21.4729 -3.6
    endloop
  endfacet
  facet normal -0.38279 -0.923836 0
    outer loop
      vertex 77.383 21.227 -3.6
      vertex 77.8179 21.0468 0
      vertex 77.383 21.227 0
    endloop
  endfacet
  facet normal -0.38279 -0.923836 -0
    outer loop
      vertex 77.8179 21.0468 0
      vertex 77.383 21.227 -3.6
      vertex 77.8179 21.0468 -3.6
    endloop
  endfacet
  facet normal -0.996932 -0.078274 0
    outer loop
      vertex 79.795 23.9 -3.6
      vertex 79.7821 24.0643 0
      vertex 79.7821 24.0643 -3.6
    endloop
  endfacet
  facet normal -0.996932 -0.078274 0
    outer loop
      vertex 79.7821 24.0643 0
      vertex 79.795 23.9 -3.6
      vertex 79.795 23.9 0
    endloop
  endfacet
  facet normal 0.996932 -0.078274 0
    outer loop
      vertex 77.695 23.9 0
      vertex 77.7079 24.0643 -3.6
      vertex 77.7079 24.0643 0
    endloop
  endfacet
  facet normal 0.996932 -0.078274 0
    outer loop
      vertex 77.7079 24.0643 -3.6
      vertex 77.695 23.9 0
      vertex 77.695 23.9 -3.6
    endloop
  endfacet
  facet normal 0.078274 -0.996932 0
    outer loop
      vertex 78.5807 24.9371 -3.6
      vertex 78.745 24.95 0
      vertex 78.5807 24.9371 0
    endloop
  endfacet
  facet normal 0.078274 -0.996932 0
    outer loop
      vertex 78.745 24.95 0
      vertex 78.5807 24.9371 -3.6
      vertex 78.745 24.95 -3.6
    endloop
  endfacet
  facet normal -0.078274 0.996932 0
    outer loop
      vertex 78.9093 22.8629 -3.6
      vertex 78.745 22.85 0
      vertex 78.9093 22.8629 0
    endloop
  endfacet
  facet normal -0.078274 0.996932 0
    outer loop
      vertex 78.745 22.85 0
      vertex 78.9093 22.8629 -3.6
      vertex 78.745 22.85 -3.6
    endloop
  endfacet
  facet normal -0.649391 -0.760455 0
    outer loop
      vertex 79.3622 24.7495 -3.6
      vertex 79.4875 24.6425 0
      vertex 79.3622 24.7495 0
    endloop
  endfacet
  facet normal -0.649391 -0.760455 -0
    outer loop
      vertex 79.4875 24.6425 0
      vertex 79.3622 24.7495 -3.6
      vertex 79.4875 24.6425 -3.6
    endloop
  endfacet
  facet normal 0.760455 -0.649391 0
    outer loop
      vertex 77.8955 24.5172 0
      vertex 78.0025 24.6425 -3.6
      vertex 78.0025 24.6425 0
    endloop
  endfacet
  facet normal 0.760455 -0.649391 0
    outer loop
      vertex 78.0025 24.6425 -3.6
      vertex 77.8955 24.5172 0
      vertex 77.8955 24.5172 -3.6
    endloop
  endfacet
  facet normal 0.522505 -0.852636 0
    outer loop
      vertex 78.1278 24.7495 -3.6
      vertex 78.2683 24.8356 0
      vertex 78.1278 24.7495 0
    endloop
  endfacet
  facet normal 0.522505 -0.852636 0
    outer loop
      vertex 78.2683 24.8356 0
      vertex 78.1278 24.7495 -3.6
      vertex 78.2683 24.8356 -3.6
    endloop
  endfacet
  facet normal -0.852636 0.522505 0
    outer loop
      vertex 79.5945 23.2828 -3.6
      vertex 79.6806 23.4233 0
      vertex 79.6806 23.4233 -3.6
    endloop
  endfacet
  facet normal -0.852636 0.522505 0
    outer loop
      vertex 79.6806 23.4233 0
      vertex 79.5945 23.2828 -3.6
      vertex 79.5945 23.2828 0
    endloop
  endfacet
  facet normal -0.923972 -0.382459 0
    outer loop
      vertex 79.7436 24.2245 -3.6
      vertex 79.6806 24.3767 0
      vertex 79.6806 24.3767 -3.6
    endloop
  endfacet
  facet normal -0.923972 -0.382459 0
    outer loop
      vertex 79.6806 24.3767 0
      vertex 79.7436 24.2245 -3.6
      vertex 79.7436 24.2245 0
    endloop
  endfacet
  facet normal -0.972316 -0.233671 0
    outer loop
      vertex 79.7821 24.0643 -3.6
      vertex 79.7436 24.2245 0
      vertex 79.7436 24.2245 -3.6
    endloop
  endfacet
  facet normal -0.972316 -0.233671 0
    outer loop
      vertex 79.7436 24.2245 0
      vertex 79.7821 24.0643 -3.6
      vertex 79.7821 24.0643 0
    endloop
  endfacet
  facet normal -0.382459 -0.923972 0
    outer loop
      vertex 79.0695 24.8986 -3.6
      vertex 79.2217 24.8356 0
      vertex 79.0695 24.8986 0
    endloop
  endfacet
  facet normal -0.382459 -0.923972 -0
    outer loop
      vertex 79.2217 24.8356 0
      vertex 79.0695 24.8986 -3.6
      vertex 79.2217 24.8356 -3.6
    endloop
  endfacet
  facet normal -0.233671 -0.972316 0
    outer loop
      vertex 78.9093 24.9371 -3.6
      vertex 79.0695 24.8986 0
      vertex 78.9093 24.9371 0
    endloop
  endfacet
  facet normal -0.233671 -0.972316 -0
    outer loop
      vertex 79.0695 24.8986 0
      vertex 78.9093 24.9371 -3.6
      vertex 79.0695 24.8986 -3.6
    endloop
  endfacet
  facet normal -0.522505 -0.852636 0
    outer loop
      vertex 79.2217 24.8356 -3.6
      vertex 79.3622 24.7495 0
      vertex 79.2217 24.8356 0
    endloop
  endfacet
  facet normal -0.522505 -0.852636 -0
    outer loop
      vertex 79.3622 24.7495 0
      vertex 79.2217 24.8356 -3.6
      vertex 79.3622 24.7495 -3.6
    endloop
  endfacet
  facet normal 0.923972 -0.382459 0
    outer loop
      vertex 77.7464 24.2245 0
      vertex 77.8094 24.3767 -3.6
      vertex 77.8094 24.3767 0
    endloop
  endfacet
  facet normal 0.923972 -0.382459 0
    outer loop
      vertex 77.8094 24.3767 -3.6
      vertex 77.7464 24.2245 0
      vertex 77.7464 24.2245 -3.6
    endloop
  endfacet
  facet normal 0.852636 -0.522505 0
    outer loop
      vertex 77.8094 24.3767 0
      vertex 77.8955 24.5172 -3.6
      vertex 77.8955 24.5172 0
    endloop
  endfacet
  facet normal 0.852636 -0.522505 0
    outer loop
      vertex 77.8955 24.5172 -3.6
      vertex 77.8094 24.3767 0
      vertex 77.8094 24.3767 -3.6
    endloop
  endfacet
  facet normal 0.972316 -0.233671 0
    outer loop
      vertex 77.7079 24.0643 0
      vertex 77.7464 24.2245 -3.6
      vertex 77.7464 24.2245 0
    endloop
  endfacet
  facet normal 0.972316 -0.233671 0
    outer loop
      vertex 77.7464 24.2245 -3.6
      vertex 77.7079 24.0643 0
      vertex 77.7079 24.0643 -3.6
    endloop
  endfacet
  facet normal 0.649391 -0.760455 0
    outer loop
      vertex 78.0025 24.6425 -3.6
      vertex 78.1278 24.7495 0
      vertex 78.0025 24.6425 0
    endloop
  endfacet
  facet normal 0.649391 -0.760455 0
    outer loop
      vertex 78.1278 24.7495 0
      vertex 78.0025 24.6425 -3.6
      vertex 78.1278 24.7495 -3.6
    endloop
  endfacet
  facet normal 0.233671 -0.972316 0
    outer loop
      vertex 78.4205 24.8986 -3.6
      vertex 78.5807 24.9371 0
      vertex 78.4205 24.8986 0
    endloop
  endfacet
  facet normal 0.233671 -0.972316 0
    outer loop
      vertex 78.5807 24.9371 0
      vertex 78.4205 24.8986 -3.6
      vertex 78.5807 24.9371 -3.6
    endloop
  endfacet
  facet normal -0.996932 0.078274 0
    outer loop
      vertex 79.7821 23.7357 -3.6
      vertex 79.795 23.9 0
      vertex 79.795 23.9 -3.6
    endloop
  endfacet
  facet normal -0.996932 0.078274 0
    outer loop
      vertex 79.795 23.9 0
      vertex 79.7821 23.7357 -3.6
      vertex 79.7821 23.7357 0
    endloop
  endfacet
  facet normal -0.233671 0.972316 0
    outer loop
      vertex 79.0695 22.9014 -3.6
      vertex 78.9093 22.8629 0
      vertex 79.0695 22.9014 0
    endloop
  endfacet
  facet normal -0.233671 0.972316 0
    outer loop
      vertex 78.9093 22.8629 0
      vertex 79.0695 22.9014 -3.6
      vertex 78.9093 22.8629 -3.6
    endloop
  endfacet
  facet normal -0.522505 0.852636 0
    outer loop
      vertex 79.3622 23.0505 -3.6
      vertex 79.2217 22.9644 0
      vertex 79.3622 23.0505 0
    endloop
  endfacet
  facet normal -0.522505 0.852636 0
    outer loop
      vertex 79.2217 22.9644 0
      vertex 79.3622 23.0505 -3.6
      vertex 79.2217 22.9644 -3.6
    endloop
  endfacet
  facet normal -0.760455 -0.649391 0
    outer loop
      vertex 79.5945 24.5172 -3.6
      vertex 79.4875 24.6425 0
      vertex 79.4875 24.6425 -3.6
    endloop
  endfacet
  facet normal -0.760455 -0.649391 0
    outer loop
      vertex 79.4875 24.6425 0
      vertex 79.5945 24.5172 -3.6
      vertex 79.5945 24.5172 0
    endloop
  endfacet
  facet normal -0.852636 -0.522505 0
    outer loop
      vertex 79.6806 24.3767 -3.6
      vertex 79.5945 24.5172 0
      vertex 79.5945 24.5172 -3.6
    endloop
  endfacet
  facet normal -0.852636 -0.522505 0
    outer loop
      vertex 79.5945 24.5172 0
      vertex 79.6806 24.3767 -3.6
      vertex 79.6806 24.3767 0
    endloop
  endfacet
  facet normal -0.078274 -0.996932 0
    outer loop
      vertex 78.745 24.95 -3.6
      vertex 78.9093 24.9371 0
      vertex 78.745 24.95 0
    endloop
  endfacet
  facet normal -0.078274 -0.996932 -0
    outer loop
      vertex 78.9093 24.9371 0
      vertex 78.745 24.95 -3.6
      vertex 78.9093 24.9371 -3.6
    endloop
  endfacet
  facet normal 0.382459 -0.923972 0
    outer loop
      vertex 78.2683 24.8356 -3.6
      vertex 78.4205 24.8986 0
      vertex 78.2683 24.8356 0
    endloop
  endfacet
  facet normal 0.382459 -0.923972 0
    outer loop
      vertex 78.4205 24.8986 0
      vertex 78.2683 24.8356 -3.6
      vertex 78.4205 24.8986 -3.6
    endloop
  endfacet
  facet normal -0.649391 0.760455 0
    outer loop
      vertex 79.4875 23.1575 -3.6
      vertex 79.3622 23.0505 0
      vertex 79.4875 23.1575 0
    endloop
  endfacet
  facet normal -0.649391 0.760455 0
    outer loop
      vertex 79.3622 23.0505 0
      vertex 79.4875 23.1575 -3.6
      vertex 79.3622 23.0505 -3.6
    endloop
  endfacet
  facet normal -0.760455 0.649391 0
    outer loop
      vertex 79.4875 23.1575 -3.6
      vertex 79.5945 23.2828 0
      vertex 79.5945 23.2828 -3.6
    endloop
  endfacet
  facet normal -0.760455 0.649391 0
    outer loop
      vertex 79.5945 23.2828 0
      vertex 79.4875 23.1575 -3.6
      vertex 79.4875 23.1575 0
    endloop
  endfacet
  facet normal 0.852636 0.522505 0
    outer loop
      vertex 77.8955 23.2828 0
      vertex 77.8094 23.4233 -3.6
      vertex 77.8094 23.4233 0
    endloop
  endfacet
  facet normal 0.852636 0.522505 0
    outer loop
      vertex 77.8094 23.4233 -3.6
      vertex 77.8955 23.2828 0
      vertex 77.8955 23.2828 -3.6
    endloop
  endfacet
  facet normal -0.923972 0.382459 0
    outer loop
      vertex 79.6806 23.4233 -3.6
      vertex 79.7436 23.5755 0
      vertex 79.7436 23.5755 -3.6
    endloop
  endfacet
  facet normal -0.923972 0.382459 0
    outer loop
      vertex 79.7436 23.5755 0
      vertex 79.6806 23.4233 -3.6
      vertex 79.6806 23.4233 0
    endloop
  endfacet
  facet normal 0.972316 0.233671 0
    outer loop
      vertex 77.7464 23.5755 0
      vertex 77.7079 23.7357 -3.6
      vertex 77.7079 23.7357 0
    endloop
  endfacet
  facet normal 0.972316 0.233671 0
    outer loop
      vertex 77.7079 23.7357 -3.6
      vertex 77.7464 23.5755 0
      vertex 77.7464 23.5755 -3.6
    endloop
  endfacet
  facet normal 0.996932 0.078274 0
    outer loop
      vertex 77.7079 23.7357 0
      vertex 77.695 23.9 -3.6
      vertex 77.695 23.9 0
    endloop
  endfacet
  facet normal 0.996932 0.078274 0
    outer loop
      vertex 77.695 23.9 -3.6
      vertex 77.7079 23.7357 0
      vertex 77.7079 23.7357 -3.6
    endloop
  endfacet
  facet normal 0.923972 0.382459 0
    outer loop
      vertex 77.8094 23.4233 0
      vertex 77.7464 23.5755 -3.6
      vertex 77.7464 23.5755 0
    endloop
  endfacet
  facet normal 0.923972 0.382459 0
    outer loop
      vertex 77.7464 23.5755 -3.6
      vertex 77.8094 23.4233 0
      vertex 77.8094 23.4233 -3.6
    endloop
  endfacet
  facet normal -0.382459 0.923972 0
    outer loop
      vertex 79.2217 22.9644 -3.6
      vertex 79.0695 22.9014 0
      vertex 79.2217 22.9644 0
    endloop
  endfacet
  facet normal -0.382459 0.923972 0
    outer loop
      vertex 79.0695 22.9014 0
      vertex 79.2217 22.9644 -3.6
      vertex 79.0695 22.9014 -3.6
    endloop
  endfacet
  facet normal -0.972316 0.233671 0
    outer loop
      vertex 79.7436 23.5755 -3.6
      vertex 79.7821 23.7357 0
      vertex 79.7821 23.7357 -3.6
    endloop
  endfacet
  facet normal -0.972316 0.233671 0
    outer loop
      vertex 79.7821 23.7357 0
      vertex 79.7436 23.5755 -3.6
      vertex 79.7436 23.5755 0
    endloop
  endfacet
  facet normal 0.078274 0.996932 -0
    outer loop
      vertex 78.745 22.85 -3.6
      vertex 78.5807 22.8629 0
      vertex 78.745 22.85 0
    endloop
  endfacet
  facet normal 0.078274 0.996932 0
    outer loop
      vertex 78.5807 22.8629 0
      vertex 78.745 22.85 -3.6
      vertex 78.5807 22.8629 -3.6
    endloop
  endfacet
  facet normal 0.522505 0.852636 -0
    outer loop
      vertex 78.2683 22.9644 -3.6
      vertex 78.1278 23.0505 0
      vertex 78.2683 22.9644 0
    endloop
  endfacet
  facet normal 0.522505 0.852636 0
    outer loop
      vertex 78.1278 23.0505 0
      vertex 78.2683 22.9644 -3.6
      vertex 78.1278 23.0505 -3.6
    endloop
  endfacet
  facet normal 0.382459 0.923972 -0
    outer loop
      vertex 78.4205 22.9014 -3.6
      vertex 78.2683 22.9644 0
      vertex 78.4205 22.9014 0
    endloop
  endfacet
  facet normal 0.382459 0.923972 0
    outer loop
      vertex 78.2683 22.9644 0
      vertex 78.4205 22.9014 -3.6
      vertex 78.2683 22.9644 -3.6
    endloop
  endfacet
  facet normal 0.233671 0.972316 -0
    outer loop
      vertex 78.5807 22.8629 -3.6
      vertex 78.4205 22.9014 0
      vertex 78.5807 22.8629 0
    endloop
  endfacet
  facet normal 0.233671 0.972316 0
    outer loop
      vertex 78.4205 22.9014 0
      vertex 78.5807 22.8629 -3.6
      vertex 78.4205 22.9014 -3.6
    endloop
  endfacet
  facet normal 0.760455 0.649391 0
    outer loop
      vertex 78.0025 23.1575 0
      vertex 77.8955 23.2828 -3.6
      vertex 77.8955 23.2828 0
    endloop
  endfacet
  facet normal 0.760455 0.649391 0
    outer loop
      vertex 77.8955 23.2828 -3.6
      vertex 78.0025 23.1575 0
      vertex 78.0025 23.1575 -3.6
    endloop
  endfacet
  facet normal 0.649391 0.760455 -0
    outer loop
      vertex 78.1278 23.0505 -3.6
      vertex 78.0025 23.1575 0
      vertex 78.1278 23.0505 0
    endloop
  endfacet
  facet normal 0.649391 0.760455 0
    outer loop
      vertex 78.0025 23.1575 0
      vertex 78.1278 23.0505 -3.6
      vertex 78.0025 23.1575 -3.6
    endloop
  endfacet
  facet normal 0.996923 0.0783858 0
    outer loop
      vertex 81.745 93.9 0
      vertex 81.7081 94.3693 -3.6
      vertex 81.7081 94.3693 0
    endloop
  endfacet
  facet normal 0.996923 0.0783858 0
    outer loop
      vertex 81.7081 94.3693 -3.6
      vertex 81.745 93.9 0
      vertex 81.745 93.9 -3.6
    endloop
  endfacet
  facet normal -0.0783858 0.996923 0
    outer loop
      vertex 78.745 96.9 -3.6
      vertex 78.2757 96.8631 0
      vertex 78.745 96.9 0
    endloop
  endfacet
  facet normal -0.0783858 0.996923 0
    outer loop
      vertex 78.2757 96.8631 0
      vertex 78.745 96.9 -3.6
      vertex 78.2757 96.8631 -3.6
    endloop
  endfacet
  facet normal -0.649601 -0.760275 0
    outer loop
      vertex 76.6237 91.7787 -3.6
      vertex 76.9816 91.4729 0
      vertex 76.6237 91.7787 0
    endloop
  endfacet
  facet normal -0.649601 -0.760275 -0
    outer loop
      vertex 76.9816 91.4729 0
      vertex 76.6237 91.7787 -3.6
      vertex 76.9816 91.4729 -3.6
    endloop
  endfacet
  facet normal 0.649478 0.76038 -0
    outer loop
      vertex 80.8663 96.0213 -3.6
      vertex 80.5084 96.327 0
      vertex 80.8663 96.0213 0
    endloop
  endfacet
  facet normal 0.649478 0.76038 0
    outer loop
      vertex 80.5084 96.327 0
      vertex 80.8663 96.0213 -3.6
      vertex 80.5084 96.327 -3.6
    endloop
  endfacet
  facet normal -0.760275 0.649601 0
    outer loop
      vertex 76.3179 95.6634 -3.6
      vertex 76.6237 96.0213 0
      vertex 76.6237 96.0213 -3.6
    endloop
  endfacet
  facet normal -0.760275 0.649601 0
    outer loop
      vertex 76.6237 96.0213 0
      vertex 76.3179 95.6634 -3.6
      vertex 76.3179 95.6634 0
    endloop
  endfacet
  facet normal -0.38279 0.923836 0
    outer loop
      vertex 77.8179 96.7532 -3.6
      vertex 77.383 96.573 0
      vertex 77.8179 96.7532 0
    endloop
  endfacet
  facet normal -0.38279 0.923836 0
    outer loop
      vertex 77.383 96.573 0
      vertex 77.8179 96.7532 -3.6
      vertex 77.383 96.573 -3.6
    endloop
  endfacet
  facet normal 0.923867 0.382714 0
    outer loop
      vertex 81.5982 94.827 0
      vertex 81.418 95.262 -3.6
      vertex 81.418 95.262 0
    endloop
  endfacet
  facet normal 0.923867 0.382714 0
    outer loop
      vertex 81.418 95.262 -3.6
      vertex 81.5982 94.827 0
      vertex 81.5982 94.827 -3.6
    endloop
  endfacet
  facet normal 0.972362 0.233477 0
    outer loop
      vertex 81.7081 94.3693 0
      vertex 81.5982 94.827 -3.6
      vertex 81.5982 94.827 0
    endloop
  endfacet
  facet normal 0.972362 0.233477 0
    outer loop
      vertex 81.5982 94.827 -3.6
      vertex 81.7081 94.3693 0
      vertex 81.7081 94.3693 -3.6
    endloop
  endfacet
  facet normal 0.233429 0.972374 -0
    outer loop
      vertex 79.6721 96.7532 -3.6
      vertex 79.2143 96.8631 0
      vertex 79.6721 96.7532 0
    endloop
  endfacet
  facet normal 0.233429 0.972374 0
    outer loop
      vertex 79.2143 96.8631 0
      vertex 79.6721 96.7532 -3.6
      vertex 79.2143 96.8631 -3.6
    endloop
  endfacet
  facet normal 0.0783858 0.996923 -0
    outer loop
      vertex 79.2143 96.8631 -3.6
      vertex 78.745 96.9 0
      vertex 79.2143 96.8631 0
    endloop
  endfacet
  facet normal 0.0783858 0.996923 0
    outer loop
      vertex 78.745 96.9 0
      vertex 79.2143 96.8631 -3.6
      vertex 78.745 96.9 -3.6
    endloop
  endfacet
  facet normal 0.522532 0.85262 -0
    outer loop
      vertex 80.5084 96.327 -3.6
      vertex 80.107 96.573 0
      vertex 80.5084 96.327 0
    endloop
  endfacet
  facet normal 0.522532 0.85262 0
    outer loop
      vertex 80.107 96.573 0
      vertex 80.5084 96.327 -3.6
      vertex 80.107 96.573 -3.6
    endloop
  endfacet
  facet normal -0.972362 0.233477 0
    outer loop
      vertex 75.7819 94.3693 -3.6
      vertex 75.8918 94.827 0
      vertex 75.8918 94.827 -3.6
    endloop
  endfacet
  facet normal -0.972362 0.233477 0
    outer loop
      vertex 75.8918 94.827 0
      vertex 75.7819 94.3693 -3.6
      vertex 75.7819 94.3693 0
    endloop
  endfacet
  facet normal 0 0 -1
    outer loop
      vertex 79.795 93.9 -3.6
      vertex 81.745 93.9 -3.6
      vertex 81.7081 93.4307 -3.6
    endloop
  endfacet
  facet normal 0 0 -1
    outer loop
      vertex 79.7821 93.7357 -3.6
      vertex 81.7081 93.4307 -3.6
      vertex 81.5982 92.9729 -3.6
    endloop
  endfacet
  facet normal 0 0 -1
    outer loop
      vertex 81.745 93.9 -3.6
      vertex 79.795 93.9 -3.6
      vertex 81.7081 94.3693 -3.6
    endloop
  endfacet
  facet normal 0 0 -1
    outer loop
      vertex 79.7436 93.5755 -3.6
      vertex 81.5982 92.9729 -3.6
      vertex 81.418 92.538 -3.6
    endloop
  endfacet
  facet normal 0 0 -1
    outer loop
      vertex 79.7821 94.0643 -3.6
      vertex 81.7081 94.3693 -3.6
      vertex 79.795 93.9 -3.6
    endloop
  endfacet
  facet normal 0 0 -1
    outer loop
      vertex 79.6806 93.4233 -3.6
      vertex 81.418 92.538 -3.6
      vertex 81.1721 92.1366 -3.6
    endloop
  endfacet
  facet normal -0 0 -1
    outer loop
      vertex 81.7081 94.3693 -3.6
      vertex 79.7821 94.0643 -3.6
      vertex 81.5982 94.827 -3.6
    endloop
  endfacet
  facet normal 0 0 -1
    outer loop
      vertex 79.5945 93.2828 -3.6
      vertex 81.1721 92.1366 -3.6
      vertex 80.8663 91.7787 -3.6
    endloop
  endfacet
  facet normal 0 0 -1
    outer loop
      vertex 79.7436 94.2245 -3.6
      vertex 81.5982 94.827 -3.6
      vertex 79.7821 94.0643 -3.6
    endloop
  endfacet
  facet normal 0 0 -1
    outer loop
      vertex 79.4875 93.1575 -3.6
      vertex 80.8663 91.7787 -3.6
      vertex 80.5084 91.4729 -3.6
    endloop
  endfacet
  facet normal -0 0 -1
    outer loop
      vertex 81.5982 94.827 -3.6
      vertex 79.7436 94.2245 -3.6
      vertex 81.418 95.262 -3.6
    endloop
  endfacet
  facet normal 0 0 -1
    outer loop
      vertex 79.3622 93.0505 -3.6
      vertex 80.5084 91.4729 -3.6
      vertex 80.107 91.227 -3.6
    endloop
  endfacet
  facet normal 0 0 -1
    outer loop
      vertex 79.6806 94.3767 -3.6
      vertex 81.418 95.262 -3.6
      vertex 79.7436 94.2245 -3.6
    endloop
  endfacet
  facet normal -0 0 -1
    outer loop
      vertex 81.418 95.262 -3.6
      vertex 79.6806 94.3767 -3.6
      vertex 81.1721 95.6634 -3.6
    endloop
  endfacet
  facet normal 0 0 -1
    outer loop
      vertex 81.7081 93.4307 -3.6
      vertex 79.7821 93.7357 -3.6
      vertex 79.795 93.9 -3.6
    endloop
  endfacet
  facet normal 0 0 -1
    outer loop
      vertex 81.5982 92.9729 -3.6
      vertex 79.7436 93.5755 -3.6
      vertex 79.7821 93.7357 -3.6
    endloop
  endfacet
  facet normal 0 0 -1
    outer loop
      vertex 81.418 92.538 -3.6
      vertex 79.6806 93.4233 -3.6
      vertex 79.7436 93.5755 -3.6
    endloop
  endfacet
  facet normal 0 0 -1
    outer loop
      vertex 79.2217 92.9644 -3.6
      vertex 80.107 91.227 -3.6
      vertex 79.6721 91.0468 -3.6
    endloop
  endfacet
  facet normal 0 0 -1
    outer loop
      vertex 81.1721 92.1366 -3.6
      vertex 79.5945 93.2828 -3.6
      vertex 79.6806 93.4233 -3.6
    endloop
  endfacet
  facet normal 0 0 -1
    outer loop
      vertex 80.8663 91.7787 -3.6
      vertex 79.4875 93.1575 -3.6
      vertex 79.5945 93.2828 -3.6
    endloop
  endfacet
  facet normal 0 0 -1
    outer loop
      vertex 80.5084 91.4729 -3.6
      vertex 79.3622 93.0505 -3.6
      vertex 79.4875 93.1575 -3.6
    endloop
  endfacet
  facet normal 0 0 -1
    outer loop
      vertex 80.107 91.227 -3.6
      vertex 79.2217 92.9644 -3.6
      vertex 79.3622 93.0505 -3.6
    endloop
  endfacet
  facet normal 0 0 -1
    outer loop
      vertex 79.0695 92.9014 -3.6
      vertex 79.6721 91.0468 -3.6
      vertex 79.2143 90.9369 -3.6
    endloop
  endfacet
  facet normal 0 0 -1
    outer loop
      vertex 79.6721 91.0468 -3.6
      vertex 79.0695 92.9014 -3.6
      vertex 79.2217 92.9644 -3.6
    endloop
  endfacet
  facet normal 0 0 -1
    outer loop
      vertex 79.2143 90.9369 -3.6
      vertex 78.9093 92.8629 -3.6
      vertex 79.0695 92.9014 -3.6
    endloop
  endfacet
  facet normal 0 0 -1
    outer loop
      vertex 78.745 90.9 -3.6
      vertex 78.9093 92.8629 -3.6
      vertex 79.2143 90.9369 -3.6
    endloop
  endfacet
  facet normal 0 0 -1
    outer loop
      vertex 78.745 90.9 -3.6
      vertex 78.745 92.85 -3.6
      vertex 78.9093 92.8629 -3.6
    endloop
  endfacet
  facet normal 0 0 -1
    outer loop
      vertex 78.745 90.9 -3.6
      vertex 78.5807 92.8629 -3.6
      vertex 78.745 92.85 -3.6
    endloop
  endfacet
  facet normal 0 0 -1
    outer loop
      vertex 78.2757 90.9369 -3.6
      vertex 78.5807 92.8629 -3.6
      vertex 78.745 90.9 -3.6
    endloop
  endfacet
  facet normal -0 0 -1
    outer loop
      vertex 78.5807 92.8629 -3.6
      vertex 78.2757 90.9369 -3.6
      vertex 78.4205 92.9014 -3.6
    endloop
  endfacet
  facet normal 0 0 -1
    outer loop
      vertex 77.8179 91.0468 -3.6
      vertex 78.4205 92.9014 -3.6
      vertex 78.2757 90.9369 -3.6
    endloop
  endfacet
  facet normal -0 0 -1
    outer loop
      vertex 78.4205 92.9014 -3.6
      vertex 77.8179 91.0468 -3.6
      vertex 78.2683 92.9644 -3.6
    endloop
  endfacet
  facet normal 0 0 -1
    outer loop
      vertex 77.383 91.227 -3.6
      vertex 78.2683 92.9644 -3.6
      vertex 77.8179 91.0468 -3.6
    endloop
  endfacet
  facet normal -0 0 -1
    outer loop
      vertex 78.2683 92.9644 -3.6
      vertex 77.383 91.227 -3.6
      vertex 78.1278 93.0505 -3.6
    endloop
  endfacet
  facet normal 0 0 -1
    outer loop
      vertex 76.9816 91.4729 -3.6
      vertex 78.1278 93.0505 -3.6
      vertex 77.383 91.227 -3.6
    endloop
  endfacet
  facet normal -0 0 -1
    outer loop
      vertex 78.1278 93.0505 -3.6
      vertex 76.9816 91.4729 -3.6
      vertex 78.0025 93.1575 -3.6
    endloop
  endfacet
  facet normal 0 0 -1
    outer loop
      vertex 76.6237 91.7787 -3.6
      vertex 78.0025 93.1575 -3.6
      vertex 76.9816 91.4729 -3.6
    endloop
  endfacet
  facet normal -0 0 -1
    outer loop
      vertex 78.0025 93.1575 -3.6
      vertex 76.6237 91.7787 -3.6
      vertex 77.8955 93.2828 -3.6
    endloop
  endfacet
  facet normal 0 0 -1
    outer loop
      vertex 76.3179 92.1366 -3.6
      vertex 77.8955 93.2828 -3.6
      vertex 76.6237 91.7787 -3.6
    endloop
  endfacet
  facet normal -0 0 -1
    outer loop
      vertex 77.8955 93.2828 -3.6
      vertex 76.3179 92.1366 -3.6
      vertex 77.8094 93.4233 -3.6
    endloop
  endfacet
  facet normal 0 0 -1
    outer loop
      vertex 79.5945 94.5172 -3.6
      vertex 81.1721 95.6634 -3.6
      vertex 79.6806 94.3767 -3.6
    endloop
  endfacet
  facet normal -0 0 -1
    outer loop
      vertex 81.1721 95.6634 -3.6
      vertex 79.5945 94.5172 -3.6
      vertex 80.8663 96.0213 -3.6
    endloop
  endfacet
  facet normal 0 0 -1
    outer loop
      vertex 79.4875 94.6425 -3.6
      vertex 80.8663 96.0213 -3.6
      vertex 79.5945 94.5172 -3.6
    endloop
  endfacet
  facet normal -0 0 -1
    outer loop
      vertex 80.8663 96.0213 -3.6
      vertex 79.4875 94.6425 -3.6
      vertex 80.5084 96.327 -3.6
    endloop
  endfacet
  facet normal 0 0 -1
    outer loop
      vertex 79.3622 94.7495 -3.6
      vertex 80.5084 96.327 -3.6
      vertex 79.4875 94.6425 -3.6
    endloop
  endfacet
  facet normal -0 0 -1
    outer loop
      vertex 80.5084 96.327 -3.6
      vertex 79.3622 94.7495 -3.6
      vertex 80.107 96.573 -3.6
    endloop
  endfacet
  facet normal 0 0 -1
    outer loop
      vertex 79.2217 94.8356 -3.6
      vertex 80.107 96.573 -3.6
      vertex 79.3622 94.7495 -3.6
    endloop
  endfacet
  facet normal -0 0 -1
    outer loop
      vertex 80.107 96.573 -3.6
      vertex 79.2217 94.8356 -3.6
      vertex 79.6721 96.7532 -3.6
    endloop
  endfacet
  facet normal 0 0 -1
    outer loop
      vertex 79.0695 94.8986 -3.6
      vertex 79.6721 96.7532 -3.6
      vertex 79.2217 94.8356 -3.6
    endloop
  endfacet
  facet normal -0 0 -1
    outer loop
      vertex 79.6721 96.7532 -3.6
      vertex 79.0695 94.8986 -3.6
      vertex 79.2143 96.8631 -3.6
    endloop
  endfacet
  facet normal 0 0 -1
    outer loop
      vertex 78.9093 94.9371 -3.6
      vertex 79.2143 96.8631 -3.6
      vertex 79.0695 94.8986 -3.6
    endloop
  endfacet
  facet normal 0 0 -1
    outer loop
      vertex 78.745 94.95 -3.6
      vertex 79.2143 96.8631 -3.6
      vertex 78.9093 94.9371 -3.6
    endloop
  endfacet
  facet normal 0 0 -1
    outer loop
      vertex 78.745 94.95 -3.6
      vertex 78.745 96.9 -3.6
      vertex 79.2143 96.8631 -3.6
    endloop
  endfacet
  facet normal 0 0 -1
    outer loop
      vertex 78.5807 94.9371 -3.6
      vertex 78.745 96.9 -3.6
      vertex 78.745 94.95 -3.6
    endloop
  endfacet
  facet normal 0 0 -1
    outer loop
      vertex 78.2757 96.8631 -3.6
      vertex 78.5807 94.9371 -3.6
      vertex 78.4205 94.8986 -3.6
    endloop
  endfacet
  facet normal 0 0 -1
    outer loop
      vertex 78.5807 94.9371 -3.6
      vertex 78.2757 96.8631 -3.6
      vertex 78.745 96.9 -3.6
    endloop
  endfacet
  facet normal 0 0 -1
    outer loop
      vertex 77.8179 96.7532 -3.6
      vertex 78.4205 94.8986 -3.6
      vertex 78.2683 94.8356 -3.6
    endloop
  endfacet
  facet normal 0 0 -1
    outer loop
      vertex 77.383 96.573 -3.6
      vertex 78.2683 94.8356 -3.6
      vertex 78.1278 94.7495 -3.6
    endloop
  endfacet
  facet normal 0 0 -1
    outer loop
      vertex 76.9816 96.327 -3.6
      vertex 78.1278 94.7495 -3.6
      vertex 78.0025 94.6425 -3.6
    endloop
  endfacet
  facet normal 0 0 -1
    outer loop
      vertex 76.6237 96.0213 -3.6
      vertex 78.0025 94.6425 -3.6
      vertex 77.8955 94.5172 -3.6
    endloop
  endfacet
  facet normal 0 0 -1
    outer loop
      vertex 78.4205 94.8986 -3.6
      vertex 77.8179 96.7532 -3.6
      vertex 78.2757 96.8631 -3.6
    endloop
  endfacet
  facet normal 0 0 -1
    outer loop
      vertex 76.3179 95.6634 -3.6
      vertex 77.8955 94.5172 -3.6
      vertex 77.8094 94.3767 -3.6
    endloop
  endfacet
  facet normal 0 0 -1
    outer loop
      vertex 76.072 95.262 -3.6
      vertex 77.8094 94.3767 -3.6
      vertex 77.7464 94.2245 -3.6
    endloop
  endfacet
  facet normal 0 0 -1
    outer loop
      vertex 75.8918 94.827 -3.6
      vertex 77.7464 94.2245 -3.6
      vertex 77.7079 94.0643 -3.6
    endloop
  endfacet
  facet normal 0 0 -1
    outer loop
      vertex 75.7819 94.3693 -3.6
      vertex 77.7079 94.0643 -3.6
      vertex 77.695 93.9 -3.6
    endloop
  endfacet
  facet normal 0 0 -1
    outer loop
      vertex 76.072 92.538 -3.6
      vertex 77.8094 93.4233 -3.6
      vertex 76.3179 92.1366 -3.6
    endloop
  endfacet
  facet normal 0 0 -1
    outer loop
      vertex 78.2683 94.8356 -3.6
      vertex 77.383 96.573 -3.6
      vertex 77.8179 96.7532 -3.6
    endloop
  endfacet
  facet normal -0 0 -1
    outer loop
      vertex 77.8094 93.4233 -3.6
      vertex 76.072 92.538 -3.6
      vertex 77.7464 93.5755 -3.6
    endloop
  endfacet
  facet normal 0 0 -1
    outer loop
      vertex 78.1278 94.7495 -3.6
      vertex 76.9816 96.327 -3.6
      vertex 77.383 96.573 -3.6
    endloop
  endfacet
  facet normal 0 0 -1
    outer loop
      vertex 75.8918 92.9729 -3.6
      vertex 77.7464 93.5755 -3.6
      vertex 76.072 92.538 -3.6
    endloop
  endfacet
  facet normal 0 0 -1
    outer loop
      vertex 78.0025 94.6425 -3.6
      vertex 76.6237 96.0213 -3.6
      vertex 76.9816 96.327 -3.6
    endloop
  endfacet
  facet normal -0 0 -1
    outer loop
      vertex 77.7464 93.5755 -3.6
      vertex 75.8918 92.9729 -3.6
      vertex 77.7079 93.7357 -3.6
    endloop
  endfacet
  facet normal 0 0 -1
    outer loop
      vertex 77.8955 94.5172 -3.6
      vertex 76.3179 95.6634 -3.6
      vertex 76.6237 96.0213 -3.6
    endloop
  endfacet
  facet normal 0 0 -1
    outer loop
      vertex 75.7819 93.4307 -3.6
      vertex 77.7079 93.7357 -3.6
      vertex 75.8918 92.9729 -3.6
    endloop
  endfacet
  facet normal 0 0 -1
    outer loop
      vertex 77.8094 94.3767 -3.6
      vertex 76.072 95.262 -3.6
      vertex 76.3179 95.6634 -3.6
    endloop
  endfacet
  facet normal -0 0 -1
    outer loop
      vertex 77.7079 93.7357 -3.6
      vertex 75.7819 93.4307 -3.6
      vertex 77.695 93.9 -3.6
    endloop
  endfacet
  facet normal 0 0 -1
    outer loop
      vertex 77.7464 94.2245 -3.6
      vertex 75.8918 94.827 -3.6
      vertex 76.072 95.262 -3.6
    endloop
  endfacet
  facet normal 0 0 -1
    outer loop
      vertex 75.745 93.9 -3.6
      vertex 77.695 93.9 -3.6
      vertex 75.7819 93.4307 -3.6
    endloop
  endfacet
  facet normal 0 0 -1
    outer loop
      vertex 77.7079 94.0643 -3.6
      vertex 75.7819 94.3693 -3.6
      vertex 75.8918 94.827 -3.6
    endloop
  endfacet
  facet normal 0 0 -1
    outer loop
      vertex 77.695 93.9 -3.6
      vertex 75.745 93.9 -3.6
      vertex 75.7819 94.3693 -3.6
    endloop
  endfacet
  facet normal -0.852714 0.522378 0
    outer loop
      vertex 76.072 95.262 -3.6
      vertex 76.3179 95.6634 0
      vertex 76.3179 95.6634 -3.6
    endloop
  endfacet
  facet normal -0.852714 0.522378 0
    outer loop
      vertex 76.3179 95.6634 0
      vertex 76.072 95.262 -3.6
      vertex 76.072 95.262 0
    endloop
  endfacet
  facet normal -0.996923 0.0783858 0
    outer loop
      vertex 75.745 93.9 -3.6
      vertex 75.7819 94.3693 0
      vertex 75.7819 94.3693 -3.6
    endloop
  endfacet
  facet normal -0.996923 0.0783858 0
    outer loop
      vertex 75.7819 94.3693 0
      vertex 75.745 93.9 -3.6
      vertex 75.745 93.9 0
    endloop
  endfacet
  facet normal -0.233429 0.972374 0
    outer loop
      vertex 78.2757 96.8631 -3.6
      vertex 77.8179 96.7532 0
      vertex 78.2757 96.8631 0
    endloop
  endfacet
  facet normal -0.233429 0.972374 0
    outer loop
      vertex 77.8179 96.7532 0
      vertex 78.2757 96.8631 -3.6
      vertex 77.8179 96.7532 -3.6
    endloop
  endfacet
  facet normal 0.233429 -0.972374 0
    outer loop
      vertex 79.2143 90.9369 -3.6
      vertex 79.6721 91.0468 0
      vertex 79.2143 90.9369 0
    endloop
  endfacet
  facet normal 0.233429 -0.972374 0
    outer loop
      vertex 79.6721 91.0468 0
      vertex 79.2143 90.9369 -3.6
      vertex 79.6721 91.0468 -3.6
    endloop
  endfacet
  facet normal 0.649601 -0.760275 0
    outer loop
      vertex 80.5084 91.4729 -3.6
      vertex 80.8663 91.7787 0
      vertex 80.5084 91.4729 0
    endloop
  endfacet
  facet normal 0.649601 -0.760275 0
    outer loop
      vertex 80.8663 91.7787 0
      vertex 80.5084 91.4729 -3.6
      vertex 80.8663 91.7787 -3.6
    endloop
  endfacet
  facet normal -0.0783858 -0.996923 0
    outer loop
      vertex 78.2757 90.9369 -3.6
      vertex 78.745 90.9 0
      vertex 78.2757 90.9369 0
    endloop
  endfacet
  facet normal -0.0783858 -0.996923 -0
    outer loop
      vertex 78.745 90.9 0
      vertex 78.2757 90.9369 -3.6
      vertex 78.745 90.9 -3.6
    endloop
  endfacet
  facet normal -0.852714 -0.522378 0
    outer loop
      vertex 76.3179 92.1366 -3.6
      vertex 76.072 92.538 0
      vertex 76.072 92.538 -3.6
    endloop
  endfacet
  facet normal -0.852714 -0.522378 0
    outer loop
      vertex 76.072 92.538 0
      vertex 76.3179 92.1366 -3.6
      vertex 76.3179 92.1366 0
    endloop
  endfacet
  facet normal -0.972374 -0.233429 0
    outer loop
      vertex 75.8918 92.9729 -3.6
      vertex 75.7819 93.4307 0
      vertex 75.7819 93.4307 -3.6
    endloop
  endfacet
  facet normal -0.972374 -0.233429 0
    outer loop
      vertex 75.7819 93.4307 0
      vertex 75.8918 92.9729 -3.6
      vertex 75.8918 92.9729 0
    endloop
  endfacet
  facet normal 0.760275 0.649601 0
    outer loop
      vertex 81.1721 95.6634 0
      vertex 80.8663 96.0213 -3.6
      vertex 80.8663 96.0213 0
    endloop
  endfacet
  facet normal 0.760275 0.649601 0
    outer loop
      vertex 80.8663 96.0213 -3.6
      vertex 81.1721 95.6634 0
      vertex 81.1721 95.6634 -3.6
    endloop
  endfacet
  facet normal 0.852714 0.522378 0
    outer loop
      vertex 81.418 95.262 0
      vertex 81.1721 95.6634 -3.6
      vertex 81.1721 95.6634 0
    endloop
  endfacet
  facet normal 0.852714 0.522378 0
    outer loop
      vertex 81.1721 95.6634 -3.6
      vertex 81.418 95.262 0
      vertex 81.418 95.262 -3.6
    endloop
  endfacet
  facet normal 0.38279 0.923836 -0
    outer loop
      vertex 80.107 96.573 -3.6
      vertex 79.6721 96.7532 0
      vertex 80.107 96.573 0
    endloop
  endfacet
  facet normal 0.38279 0.923836 0
    outer loop
      vertex 79.6721 96.7532 0
      vertex 80.107 96.573 -3.6
      vertex 79.6721 96.7532 -3.6
    endloop
  endfacet
  facet normal -0.923867 0.382714 0
    outer loop
      vertex 75.8918 94.827 -3.6
      vertex 76.072 95.262 0
      vertex 76.072 95.262 -3.6
    endloop
  endfacet
  facet normal -0.923867 0.382714 0
    outer loop
      vertex 76.072 95.262 0
      vertex 75.8918 94.827 -3.6
      vertex 75.8918 94.827 0
    endloop
  endfacet
  facet normal -0.996923 -0.0783858 0
    outer loop
      vertex 75.7819 93.4307 -3.6
      vertex 75.745 93.9 0
      vertex 75.745 93.9 -3.6
    endloop
  endfacet
  facet normal -0.996923 -0.0783858 0
    outer loop
      vertex 75.745 93.9 0
      vertex 75.7819 93.4307 -3.6
      vertex 75.7819 93.4307 0
    endloop
  endfacet
  facet normal -0.522532 0.85262 0
    outer loop
      vertex 77.383 96.573 -3.6
      vertex 76.9816 96.327 0
      vertex 77.383 96.573 0
    endloop
  endfacet
  facet normal -0.522532 0.85262 0
    outer loop
      vertex 76.9816 96.327 0
      vertex 77.383 96.573 -3.6
      vertex 76.9816 96.327 -3.6
    endloop
  endfacet
  facet normal -0.649478 0.76038 0
    outer loop
      vertex 76.9816 96.327 -3.6
      vertex 76.6237 96.0213 0
      vertex 76.9816 96.327 0
    endloop
  endfacet
  facet normal -0.649478 0.76038 0
    outer loop
      vertex 76.6237 96.0213 0
      vertex 76.9816 96.327 -3.6
      vertex 76.6237 96.0213 -3.6
    endloop
  endfacet
  facet normal 0.996923 -0.0783858 0
    outer loop
      vertex 81.7081 93.4307 0
      vertex 81.745 93.9 -3.6
      vertex 81.745 93.9 0
    endloop
  endfacet
  facet normal 0.996923 -0.0783858 0
    outer loop
      vertex 81.745 93.9 -3.6
      vertex 81.7081 93.4307 0
      vertex 81.7081 93.4307 -3.6
    endloop
  endfacet
  facet normal 0.38279 -0.923836 0
    outer loop
      vertex 79.6721 91.0468 -3.6
      vertex 80.107 91.227 0
      vertex 79.6721 91.0468 0
    endloop
  endfacet
  facet normal 0.38279 -0.923836 0
    outer loop
      vertex 80.107 91.227 0
      vertex 79.6721 91.0468 -3.6
      vertex 80.107 91.227 -3.6
    endloop
  endfacet
  facet normal 0.760275 -0.649601 0
    outer loop
      vertex 80.8663 91.7787 0
      vertex 81.1721 92.1366 -3.6
      vertex 81.1721 92.1366 0
    endloop
  endfacet
  facet normal 0.760275 -0.649601 0
    outer loop
      vertex 81.1721 92.1366 -3.6
      vertex 80.8663 91.7787 0
      vertex 80.8663 91.7787 -3.6
    endloop
  endfacet
  facet normal 0.923836 -0.38279 0
    outer loop
      vertex 81.418 92.538 0
      vertex 81.5982 92.9729 -3.6
      vertex 81.5982 92.9729 0
    endloop
  endfacet
  facet normal 0.923836 -0.38279 0
    outer loop
      vertex 81.5982 92.9729 -3.6
      vertex 81.418 92.538 0
      vertex 81.418 92.538 -3.6
    endloop
  endfacet
  facet normal 0.852714 -0.522378 0
    outer loop
      vertex 81.1721 92.1366 0
      vertex 81.418 92.538 -3.6
      vertex 81.418 92.538 0
    endloop
  endfacet
  facet normal 0.852714 -0.522378 0
    outer loop
      vertex 81.418 92.538 -3.6
      vertex 81.1721 92.1366 0
      vertex 81.1721 92.1366 -3.6
    endloop
  endfacet
  facet normal 0.972374 -0.233429 0
    outer loop
      vertex 81.5982 92.9729 0
      vertex 81.7081 93.4307 -3.6
      vertex 81.7081 93.4307 0
    endloop
  endfacet
  facet normal 0.972374 -0.233429 0
    outer loop
      vertex 81.7081 93.4307 -3.6
      vertex 81.5982 92.9729 0
      vertex 81.5982 92.9729 -3.6
    endloop
  endfacet
  facet normal -0.522378 -0.852714 0
    outer loop
      vertex 76.9816 91.4729 -3.6
      vertex 77.383 91.227 0
      vertex 76.9816 91.4729 0
    endloop
  endfacet
  facet normal -0.522378 -0.852714 -0
    outer loop
      vertex 77.383 91.227 0
      vertex 76.9816 91.4729 -3.6
      vertex 77.383 91.227 -3.6
    endloop
  endfacet
  facet normal -0.233429 -0.972374 0
    outer loop
      vertex 77.8179 91.0468 -3.6
      vertex 78.2757 90.9369 0
      vertex 77.8179 91.0468 0
    endloop
  endfacet
  facet normal -0.233429 -0.972374 -0
    outer loop
      vertex 78.2757 90.9369 0
      vertex 77.8179 91.0468 -3.6
      vertex 78.2757 90.9369 -3.6
    endloop
  endfacet
  facet normal 0.0783858 -0.996923 0
    outer loop
      vertex 78.745 90.9 -3.6
      vertex 79.2143 90.9369 0
      vertex 78.745 90.9 0
    endloop
  endfacet
  facet normal 0.0783858 -0.996923 0
    outer loop
      vertex 79.2143 90.9369 0
      vertex 78.745 90.9 -3.6
      vertex 79.2143 90.9369 -3.6
    endloop
  endfacet
  facet normal -0.760275 -0.649601 0
    outer loop
      vertex 76.6237 91.7787 -3.6
      vertex 76.3179 92.1366 0
      vertex 76.3179 92.1366 -3.6
    endloop
  endfacet
  facet normal -0.760275 -0.649601 0
    outer loop
      vertex 76.3179 92.1366 0
      vertex 76.6237 91.7787 -3.6
      vertex 76.6237 91.7787 0
    endloop
  endfacet
  facet normal -0.923836 -0.38279 0
    outer loop
      vertex 76.072 92.538 -3.6
      vertex 75.8918 92.9729 0
      vertex 75.8918 92.9729 -3.6
    endloop
  endfacet
  facet normal -0.923836 -0.38279 0
    outer loop
      vertex 75.8918 92.9729 0
      vertex 76.072 92.538 -3.6
      vertex 76.072 92.538 0
    endloop
  endfacet
  facet normal 0.522378 -0.852714 0
    outer loop
      vertex 80.107 91.227 -3.6
      vertex 80.5084 91.4729 0
      vertex 80.107 91.227 0
    endloop
  endfacet
  facet normal 0.522378 -0.852714 0
    outer loop
      vertex 80.5084 91.4729 0
      vertex 80.107 91.227 -3.6
      vertex 80.5084 91.4729 -3.6
    endloop
  endfacet
  facet normal -0.38279 -0.923836 0
    outer loop
      vertex 77.383 91.227 -3.6
      vertex 77.8179 91.0468 0
      vertex 77.383 91.227 0
    endloop
  endfacet
  facet normal -0.38279 -0.923836 -0
    outer loop
      vertex 77.8179 91.0468 0
      vertex 77.383 91.227 -3.6
      vertex 77.8179 91.0468 -3.6
    endloop
  endfacet
  facet normal -0.996932 -0.078274 0
    outer loop
      vertex 79.795 93.9 -3.6
      vertex 79.7821 94.0643 0
      vertex 79.7821 94.0643 -3.6
    endloop
  endfacet
  facet normal -0.996932 -0.078274 0
    outer loop
      vertex 79.7821 94.0643 0
      vertex 79.795 93.9 -3.6
      vertex 79.795 93.9 0
    endloop
  endfacet
  facet normal 0.996932 -0.078274 0
    outer loop
      vertex 77.695 93.9 0
      vertex 77.7079 94.0643 -3.6
      vertex 77.7079 94.0643 0
    endloop
  endfacet
  facet normal 0.996932 -0.078274 0
    outer loop
      vertex 77.7079 94.0643 -3.6
      vertex 77.695 93.9 0
      vertex 77.695 93.9 -3.6
    endloop
  endfacet
  facet normal 0.078274 -0.996932 0
    outer loop
      vertex 78.5807 94.9371 -3.6
      vertex 78.745 94.95 0
      vertex 78.5807 94.9371 0
    endloop
  endfacet
  facet normal 0.078274 -0.996932 0
    outer loop
      vertex 78.745 94.95 0
      vertex 78.5807 94.9371 -3.6
      vertex 78.745 94.95 -3.6
    endloop
  endfacet
  facet normal -0.078274 0.996932 0
    outer loop
      vertex 78.9093 92.8629 -3.6
      vertex 78.745 92.85 0
      vertex 78.9093 92.8629 0
    endloop
  endfacet
  facet normal -0.078274 0.996932 0
    outer loop
      vertex 78.745 92.85 0
      vertex 78.9093 92.8629 -3.6
      vertex 78.745 92.85 -3.6
    endloop
  endfacet
  facet normal -0.649391 -0.760455 0
    outer loop
      vertex 79.3622 94.7495 -3.6
      vertex 79.4875 94.6425 0
      vertex 79.3622 94.7495 0
    endloop
  endfacet
  facet normal -0.649391 -0.760455 -0
    outer loop
      vertex 79.4875 94.6425 0
      vertex 79.3622 94.7495 -3.6
      vertex 79.4875 94.6425 -3.6
    endloop
  endfacet
  facet normal 0.760455 -0.649391 0
    outer loop
      vertex 77.8955 94.5172 0
      vertex 78.0025 94.6425 -3.6
      vertex 78.0025 94.6425 0
    endloop
  endfacet
  facet normal 0.760455 -0.649391 0
    outer loop
      vertex 78.0025 94.6425 -3.6
      vertex 77.8955 94.5172 0
      vertex 77.8955 94.5172 -3.6
    endloop
  endfacet
  facet normal 0.522505 -0.852636 0
    outer loop
      vertex 78.1278 94.7495 -3.6
      vertex 78.2683 94.8356 0
      vertex 78.1278 94.7495 0
    endloop
  endfacet
  facet normal 0.522505 -0.852636 0
    outer loop
      vertex 78.2683 94.8356 0
      vertex 78.1278 94.7495 -3.6
      vertex 78.2683 94.8356 -3.6
    endloop
  endfacet
  facet normal -0.852636 0.522505 0
    outer loop
      vertex 79.5945 93.2828 -3.6
      vertex 79.6806 93.4233 0
      vertex 79.6806 93.4233 -3.6
    endloop
  endfacet
  facet normal -0.852636 0.522505 0
    outer loop
      vertex 79.6806 93.4233 0
      vertex 79.5945 93.2828 -3.6
      vertex 79.5945 93.2828 0
    endloop
  endfacet
  facet normal -0.923972 -0.382459 0
    outer loop
      vertex 79.7436 94.2245 -3.6
      vertex 79.6806 94.3767 0
      vertex 79.6806 94.3767 -3.6
    endloop
  endfacet
  facet normal -0.923972 -0.382459 0
    outer loop
      vertex 79.6806 94.3767 0
      vertex 79.7436 94.2245 -3.6
      vertex 79.7436 94.2245 0
    endloop
  endfacet
  facet normal -0.972316 -0.233671 0
    outer loop
      vertex 79.7821 94.0643 -3.6
      vertex 79.7436 94.2245 0
      vertex 79.7436 94.2245 -3.6
    endloop
  endfacet
  facet normal -0.972316 -0.233671 0
    outer loop
      vertex 79.7436 94.2245 0
      vertex 79.7821 94.0643 -3.6
      vertex 79.7821 94.0643 0
    endloop
  endfacet
  facet normal -0.382459 -0.923972 0
    outer loop
      vertex 79.0695 94.8986 -3.6
      vertex 79.2217 94.8356 0
      vertex 79.0695 94.8986 0
    endloop
  endfacet
  facet normal -0.382459 -0.923972 -0
    outer loop
      vertex 79.2217 94.8356 0
      vertex 79.0695 94.8986 -3.6
      vertex 79.2217 94.8356 -3.6
    endloop
  endfacet
  facet normal -0.233671 -0.972316 0
    outer loop
      vertex 78.9093 94.9371 -3.6
      vertex 79.0695 94.8986 0
      vertex 78.9093 94.9371 0
    endloop
  endfacet
  facet normal -0.233671 -0.972316 -0
    outer loop
      vertex 79.0695 94.8986 0
      vertex 78.9093 94.9371 -3.6
      vertex 79.0695 94.8986 -3.6
    endloop
  endfacet
  facet normal -0.522505 -0.852636 0
    outer loop
      vertex 79.2217 94.8356 -3.6
      vertex 79.3622 94.7495 0
      vertex 79.2217 94.8356 0
    endloop
  endfacet
  facet normal -0.522505 -0.852636 -0
    outer loop
      vertex 79.3622 94.7495 0
      vertex 79.2217 94.8356 -3.6
      vertex 79.3622 94.7495 -3.6
    endloop
  endfacet
  facet normal 0.923972 -0.382459 0
    outer loop
      vertex 77.7464 94.2245 0
      vertex 77.8094 94.3767 -3.6
      vertex 77.8094 94.3767 0
    endloop
  endfacet
  facet normal 0.923972 -0.382459 0
    outer loop
      vertex 77.8094 94.3767 -3.6
      vertex 77.7464 94.2245 0
      vertex 77.7464 94.2245 -3.6
    endloop
  endfacet
  facet normal 0.852636 -0.522505 0
    outer loop
      vertex 77.8094 94.3767 0
      vertex 77.8955 94.5172 -3.6
      vertex 77.8955 94.5172 0
    endloop
  endfacet
  facet normal 0.852636 -0.522505 0
    outer loop
      vertex 77.8955 94.5172 -3.6
      vertex 77.8094 94.3767 0
      vertex 77.8094 94.3767 -3.6
    endloop
  endfacet
  facet normal 0.972316 -0.233671 0
    outer loop
      vertex 77.7079 94.0643 0
      vertex 77.7464 94.2245 -3.6
      vertex 77.7464 94.2245 0
    endloop
  endfacet
  facet normal 0.972316 -0.233671 0
    outer loop
      vertex 77.7464 94.2245 -3.6
      vertex 77.7079 94.0643 0
      vertex 77.7079 94.0643 -3.6
    endloop
  endfacet
  facet normal 0.649391 -0.760455 0
    outer loop
      vertex 78.0025 94.6425 -3.6
      vertex 78.1278 94.7495 0
      vertex 78.0025 94.6425 0
    endloop
  endfacet
  facet normal 0.649391 -0.760455 0
    outer loop
      vertex 78.1278 94.7495 0
      vertex 78.0025 94.6425 -3.6
      vertex 78.1278 94.7495 -3.6
    endloop
  endfacet
  facet normal 0.233671 -0.972316 0
    outer loop
      vertex 78.4205 94.8986 -3.6
      vertex 78.5807 94.9371 0
      vertex 78.4205 94.8986 0
    endloop
  endfacet
  facet normal 0.233671 -0.972316 0
    outer loop
      vertex 78.5807 94.9371 0
      vertex 78.4205 94.8986 -3.6
      vertex 78.5807 94.9371 -3.6
    endloop
  endfacet
  facet normal -0.996932 0.078274 0
    outer loop
      vertex 79.7821 93.7357 -3.6
      vertex 79.795 93.9 0
      vertex 79.795 93.9 -3.6
    endloop
  endfacet
  facet normal -0.996932 0.078274 0
    outer loop
      vertex 79.795 93.9 0
      vertex 79.7821 93.7357 -3.6
      vertex 79.7821 93.7357 0
    endloop
  endfacet
  facet normal -0.233671 0.972316 0
    outer loop
      vertex 79.0695 92.9014 -3.6
      vertex 78.9093 92.8629 0
      vertex 79.0695 92.9014 0
    endloop
  endfacet
  facet normal -0.233671 0.972316 0
    outer loop
      vertex 78.9093 92.8629 0
      vertex 79.0695 92.9014 -3.6
      vertex 78.9093 92.8629 -3.6
    endloop
  endfacet
  facet normal -0.522505 0.852636 0
    outer loop
      vertex 79.3622 93.0505 -3.6
      vertex 79.2217 92.9644 0
      vertex 79.3622 93.0505 0
    endloop
  endfacet
  facet normal -0.522505 0.852636 0
    outer loop
      vertex 79.2217 92.9644 0
      vertex 79.3622 93.0505 -3.6
      vertex 79.2217 92.9644 -3.6
    endloop
  endfacet
  facet normal -0.760455 -0.649391 0
    outer loop
      vertex 79.5945 94.5172 -3.6
      vertex 79.4875 94.6425 0
      vertex 79.4875 94.6425 -3.6
    endloop
  endfacet
  facet normal -0.760455 -0.649391 0
    outer loop
      vertex 79.4875 94.6425 0
      vertex 79.5945 94.5172 -3.6
      vertex 79.5945 94.5172 0
    endloop
  endfacet
  facet normal -0.852636 -0.522505 0
    outer loop
      vertex 79.6806 94.3767 -3.6
      vertex 79.5945 94.5172 0
      vertex 79.5945 94.5172 -3.6
    endloop
  endfacet
  facet normal -0.852636 -0.522505 0
    outer loop
      vertex 79.5945 94.5172 0
      vertex 79.6806 94.3767 -3.6
      vertex 79.6806 94.3767 0
    endloop
  endfacet
  facet normal -0.078274 -0.996932 0
    outer loop
      vertex 78.745 94.95 -3.6
      vertex 78.9093 94.9371 0
      vertex 78.745 94.95 0
    endloop
  endfacet
  facet normal -0.078274 -0.996932 -0
    outer loop
      vertex 78.9093 94.9371 0
      vertex 78.745 94.95 -3.6
      vertex 78.9093 94.9371 -3.6
    endloop
  endfacet
  facet normal 0.382459 -0.923972 0
    outer loop
      vertex 78.2683 94.8356 -3.6
      vertex 78.4205 94.8986 0
      vertex 78.2683 94.8356 0
    endloop
  endfacet
  facet normal 0.382459 -0.923972 0
    outer loop
      vertex 78.4205 94.8986 0
      vertex 78.2683 94.8356 -3.6
      vertex 78.4205 94.8986 -3.6
    endloop
  endfacet
  facet normal -0.649391 0.760455 0
    outer loop
      vertex 79.4875 93.1575 -3.6
      vertex 79.3622 93.0505 0
      vertex 79.4875 93.1575 0
    endloop
  endfacet
  facet normal -0.649391 0.760455 0
    outer loop
      vertex 79.3622 93.0505 0
      vertex 79.4875 93.1575 -3.6
      vertex 79.3622 93.0505 -3.6
    endloop
  endfacet
  facet normal -0.760455 0.649391 0
    outer loop
      vertex 79.4875 93.1575 -3.6
      vertex 79.5945 93.2828 0
      vertex 79.5945 93.2828 -3.6
    endloop
  endfacet
  facet normal -0.760455 0.649391 0
    outer loop
      vertex 79.5945 93.2828 0
      vertex 79.4875 93.1575 -3.6
      vertex 79.4875 93.1575 0
    endloop
  endfacet
  facet normal 0.852636 0.522505 0
    outer loop
      vertex 77.8955 93.2828 0
      vertex 77.8094 93.4233 -3.6
      vertex 77.8094 93.4233 0
    endloop
  endfacet
  facet normal 0.852636 0.522505 0
    outer loop
      vertex 77.8094 93.4233 -3.6
      vertex 77.8955 93.2828 0
      vertex 77.8955 93.2828 -3.6
    endloop
  endfacet
  facet normal -0.923972 0.382459 0
    outer loop
      vertex 79.6806 93.4233 -3.6
      vertex 79.7436 93.5755 0
      vertex 79.7436 93.5755 -3.6
    endloop
  endfacet
  facet normal -0.923972 0.382459 0
    outer loop
      vertex 79.7436 93.5755 0
      vertex 79.6806 93.4233 -3.6
      vertex 79.6806 93.4233 0
    endloop
  endfacet
  facet normal 0.972316 0.233671 0
    outer loop
      vertex 77.7464 93.5755 0
      vertex 77.7079 93.7357 -3.6
      vertex 77.7079 93.7357 0
    endloop
  endfacet
  facet normal 0.972316 0.233671 0
    outer loop
      vertex 77.7079 93.7357 -3.6
      vertex 77.7464 93.5755 0
      vertex 77.7464 93.5755 -3.6
    endloop
  endfacet
  facet normal 0.996932 0.078274 0
    outer loop
      vertex 77.7079 93.7357 0
      vertex 77.695 93.9 -3.6
      vertex 77.695 93.9 0
    endloop
  endfacet
  facet normal 0.996932 0.078274 0
    outer loop
      vertex 77.695 93.9 -3.6
      vertex 77.7079 93.7357 0
      vertex 77.7079 93.7357 -3.6
    endloop
  endfacet
  facet normal 0.923972 0.382459 0
    outer loop
      vertex 77.8094 93.4233 0
      vertex 77.7464 93.5755 -3.6
      vertex 77.7464 93.5755 0
    endloop
  endfacet
  facet normal 0.923972 0.382459 0
    outer loop
      vertex 77.7464 93.5755 -3.6
      vertex 77.8094 93.4233 0
      vertex 77.8094 93.4233 -3.6
    endloop
  endfacet
  facet normal -0.382459 0.923972 0
    outer loop
      vertex 79.2217 92.9644 -3.6
      vertex 79.0695 92.9014 0
      vertex 79.2217 92.9644 0
    endloop
  endfacet
  facet normal -0.382459 0.923972 0
    outer loop
      vertex 79.0695 92.9014 0
      vertex 79.2217 92.9644 -3.6
      vertex 79.0695 92.9014 -3.6
    endloop
  endfacet
  facet normal -0.972316 0.233671 0
    outer loop
      vertex 79.7436 93.5755 -3.6
      vertex 79.7821 93.7357 0
      vertex 79.7821 93.7357 -3.6
    endloop
  endfacet
  facet normal -0.972316 0.233671 0
    outer loop
      vertex 79.7821 93.7357 0
      vertex 79.7436 93.5755 -3.6
      vertex 79.7436 93.5755 0
    endloop
  endfacet
  facet normal 0.078274 0.996932 -0
    outer loop
      vertex 78.745 92.85 -3.6
      vertex 78.5807 92.8629 0
      vertex 78.745 92.85 0
    endloop
  endfacet
  facet normal 0.078274 0.996932 0
    outer loop
      vertex 78.5807 92.8629 0
      vertex 78.745 92.85 -3.6
      vertex 78.5807 92.8629 -3.6
    endloop
  endfacet
  facet normal 0.522505 0.852636 -0
    outer loop
      vertex 78.2683 92.9644 -3.6
      vertex 78.1278 93.0505 0
      vertex 78.2683 92.9644 0
    endloop
  endfacet
  facet normal 0.522505 0.852636 0
    outer loop
      vertex 78.1278 93.0505 0
      vertex 78.2683 92.9644 -3.6
      vertex 78.1278 93.0505 -3.6
    endloop
  endfacet
  facet normal 0.382459 0.923972 -0
    outer loop
      vertex 78.4205 92.9014 -3.6
      vertex 78.2683 92.9644 0
      vertex 78.4205 92.9014 0
    endloop
  endfacet
  facet normal 0.382459 0.923972 0
    outer loop
      vertex 78.2683 92.9644 0
      vertex 78.4205 92.9014 -3.6
      vertex 78.2683 92.9644 -3.6
    endloop
  endfacet
  facet normal 0.233671 0.972316 -0
    outer loop
      vertex 78.5807 92.8629 -3.6
      vertex 78.4205 92.9014 0
      vertex 78.5807 92.8629 0
    endloop
  endfacet
  facet normal 0.233671 0.972316 0
    outer loop
      vertex 78.4205 92.9014 0
      vertex 78.5807 92.8629 -3.6
      vertex 78.4205 92.9014 -3.6
    endloop
  endfacet
  facet normal 0.760455 0.649391 0
    outer loop
      vertex 78.0025 93.1575 0
      vertex 77.8955 93.2828 -3.6
      vertex 77.8955 93.2828 0
    endloop
  endfacet
  facet normal 0.760455 0.649391 0
    outer loop
      vertex 77.8955 93.2828 -3.6
      vertex 78.0025 93.1575 0
      vertex 78.0025 93.1575 -3.6
    endloop
  endfacet
  facet normal 0.649391 0.760455 -0
    outer loop
      vertex 78.1278 93.0505 -3.6
      vertex 78.0025 93.1575 0
      vertex 78.1278 93.0505 0
    endloop
  endfacet
  facet normal 0.649391 0.760455 0
    outer loop
      vertex 78.0025 93.1575 0
      vertex 78.1278 93.0505 -3.6
      vertex 78.0025 93.1575 -3.6
    endloop
  endfacet
  facet normal 0.996923 0.0783858 0
    outer loop
      vertex 98.255 23.9 0
      vertex 98.2181 24.3693 -3.6
      vertex 98.2181 24.3693 0
    endloop
  endfacet
  facet normal 0.996923 0.0783858 0
    outer loop
      vertex 98.2181 24.3693 -3.6
      vertex 98.255 23.9 0
      vertex 98.255 23.9 -3.6
    endloop
  endfacet
  facet normal -0.996923 0.0783858 0
    outer loop
      vertex 92.255 23.9 -3.6
      vertex 92.2919 24.3693 0
      vertex 92.2919 24.3693 -3.6
    endloop
  endfacet
  facet normal -0.996923 0.0783858 0
    outer loop
      vertex 92.2919 24.3693 0
      vertex 92.255 23.9 -3.6
      vertex 92.255 23.9 0
    endloop
  endfacet
  facet normal -0.0783858 0.996923 0
    outer loop
      vertex 95.255 26.9 -3.6
      vertex 94.7857 26.8631 0
      vertex 95.255 26.9 0
    endloop
  endfacet
  facet normal -0.0783858 0.996923 0
    outer loop
      vertex 94.7857 26.8631 0
      vertex 95.255 26.9 -3.6
      vertex 94.7857 26.8631 -3.6
    endloop
  endfacet
  facet normal 0.0783858 -0.996923 0
    outer loop
      vertex 95.255 20.9 -3.6
      vertex 95.7243 20.9369 0
      vertex 95.255 20.9 0
    endloop
  endfacet
  facet normal 0.0783858 -0.996923 0
    outer loop
      vertex 95.7243 20.9369 0
      vertex 95.255 20.9 -3.6
      vertex 95.7243 20.9369 -3.6
    endloop
  endfacet
  facet normal 0.649478 0.76038 -0
    outer loop
      vertex 97.3763 26.0213 -3.6
      vertex 97.0184 26.327 0
      vertex 97.3763 26.0213 0
    endloop
  endfacet
  facet normal 0.649478 0.76038 0
    outer loop
      vertex 97.0184 26.327 0
      vertex 97.3763 26.0213 -3.6
      vertex 97.0184 26.327 -3.6
    endloop
  endfacet
  facet normal -0.649478 0.76038 0
    outer loop
      vertex 93.4916 26.327 -3.6
      vertex 93.1337 26.0213 0
      vertex 93.4916 26.327 0
    endloop
  endfacet
  facet normal -0.649478 0.76038 0
    outer loop
      vertex 93.1337 26.0213 0
      vertex 93.4916 26.327 -3.6
      vertex 93.1337 26.0213 -3.6
    endloop
  endfacet
  facet normal -0.38279 0.923836 0
    outer loop
      vertex 94.3279 26.7532 -3.6
      vertex 93.893 26.573 0
      vertex 94.3279 26.7532 0
    endloop
  endfacet
  facet normal -0.38279 0.923836 0
    outer loop
      vertex 93.893 26.573 0
      vertex 94.3279 26.7532 -3.6
      vertex 93.893 26.573 -3.6
    endloop
  endfacet
  facet normal 0.852714 -0.522378 0
    outer loop
      vertex 97.6821 22.1366 0
      vertex 97.928 22.538 -3.6
      vertex 97.928 22.538 0
    endloop
  endfacet
  facet normal 0.852714 -0.522378 0
    outer loop
      vertex 97.928 22.538 -3.6
      vertex 97.6821 22.1366 0
      vertex 97.6821 22.1366 -3.6
    endloop
  endfacet
  facet normal 0.923867 0.382714 0
    outer loop
      vertex 98.1082 24.827 0
      vertex 97.928 25.262 -3.6
      vertex 97.928 25.262 0
    endloop
  endfacet
  facet normal 0.923867 0.382714 0
    outer loop
      vertex 97.928 25.262 -3.6
      vertex 98.1082 24.827 0
      vertex 98.1082 24.827 -3.6
    endloop
  endfacet
  facet normal 0.972362 0.233477 0
    outer loop
      vertex 98.2181 24.3693 0
      vertex 98.1082 24.827 -3.6
      vertex 98.1082 24.827 0
    endloop
  endfacet
  facet normal 0.972362 0.233477 0
    outer loop
      vertex 98.1082 24.827 -3.6
      vertex 98.2181 24.3693 0
      vertex 98.2181 24.3693 -3.6
    endloop
  endfacet
  facet normal 0.233429 0.972374 -0
    outer loop
      vertex 96.1821 26.7532 -3.6
      vertex 95.7243 26.8631 0
      vertex 96.1821 26.7532 0
    endloop
  endfacet
  facet normal 0.233429 0.972374 0
    outer loop
      vertex 95.7243 26.8631 0
      vertex 96.1821 26.7532 -3.6
      vertex 95.7243 26.8631 -3.6
    endloop
  endfacet
  facet normal 0.0783858 0.996923 -0
    outer loop
      vertex 95.7243 26.8631 -3.6
      vertex 95.255 26.9 0
      vertex 95.7243 26.8631 0
    endloop
  endfacet
  facet normal 0.0783858 0.996923 0
    outer loop
      vertex 95.255 26.9 0
      vertex 95.7243 26.8631 -3.6
      vertex 95.255 26.9 -3.6
    endloop
  endfacet
  facet normal 0.522532 0.85262 -0
    outer loop
      vertex 97.0184 26.327 -3.6
      vertex 96.617 26.573 0
      vertex 97.0184 26.327 0
    endloop
  endfacet
  facet normal 0.522532 0.85262 0
    outer loop
      vertex 96.617 26.573 0
      vertex 97.0184 26.327 -3.6
      vertex 96.617 26.573 -3.6
    endloop
  endfacet
  facet normal -0.852714 0.522378 0
    outer loop
      vertex 92.582 25.262 -3.6
      vertex 92.8279 25.6634 0
      vertex 92.8279 25.6634 -3.6
    endloop
  endfacet
  facet normal -0.852714 0.522378 0
    outer loop
      vertex 92.8279 25.6634 0
      vertex 92.582 25.262 -3.6
      vertex 92.582 25.262 0
    endloop
  endfacet
  facet normal -0.760275 0.649601 0
    outer loop
      vertex 92.8279 25.6634 -3.6
      vertex 93.1337 26.0213 0
      vertex 93.1337 26.0213 -3.6
    endloop
  endfacet
  facet normal -0.760275 0.649601 0
    outer loop
      vertex 93.1337 26.0213 0
      vertex 92.8279 25.6634 -3.6
      vertex 92.8279 25.6634 0
    endloop
  endfacet
  facet normal -0.923867 0.382714 0
    outer loop
      vertex 92.4018 24.827 -3.6
      vertex 92.582 25.262 0
      vertex 92.582 25.262 -3.6
    endloop
  endfacet
  facet normal -0.923867 0.382714 0
    outer loop
      vertex 92.582 25.262 0
      vertex 92.4018 24.827 -3.6
      vertex 92.4018 24.827 0
    endloop
  endfacet
  facet normal -0.522532 0.85262 0
    outer loop
      vertex 93.893 26.573 -3.6
      vertex 93.4916 26.327 0
      vertex 93.893 26.573 0
    endloop
  endfacet
  facet normal -0.522532 0.85262 0
    outer loop
      vertex 93.4916 26.327 0
      vertex 93.893 26.573 -3.6
      vertex 93.4916 26.327 -3.6
    endloop
  endfacet
  facet normal -0.233429 0.972374 0
    outer loop
      vertex 94.7857 26.8631 -3.6
      vertex 94.3279 26.7532 0
      vertex 94.7857 26.8631 0
    endloop
  endfacet
  facet normal -0.233429 0.972374 0
    outer loop
      vertex 94.3279 26.7532 0
      vertex 94.7857 26.8631 -3.6
      vertex 94.3279 26.7532 -3.6
    endloop
  endfacet
  facet normal -0.923836 -0.38279 0
    outer loop
      vertex 92.582 22.538 -3.6
      vertex 92.4018 22.9729 0
      vertex 92.4018 22.9729 -3.6
    endloop
  endfacet
  facet normal -0.923836 -0.38279 0
    outer loop
      vertex 92.4018 22.9729 0
      vertex 92.582 22.538 -3.6
      vertex 92.582 22.538 0
    endloop
  endfacet
  facet normal 0.233429 -0.972374 0
    outer loop
      vertex 95.7243 20.9369 -3.6
      vertex 96.1821 21.0468 0
      vertex 95.7243 20.9369 0
    endloop
  endfacet
  facet normal 0.233429 -0.972374 0
    outer loop
      vertex 96.1821 21.0468 0
      vertex 95.7243 20.9369 -3.6
      vertex 96.1821 21.0468 -3.6
    endloop
  endfacet
  facet normal 0.760275 0.649601 0
    outer loop
      vertex 97.6821 25.6634 0
      vertex 97.3763 26.0213 -3.6
      vertex 97.3763 26.0213 0
    endloop
  endfacet
  facet normal 0.760275 0.649601 0
    outer loop
      vertex 97.3763 26.0213 -3.6
      vertex 97.6821 25.6634 0
      vertex 97.6821 25.6634 -3.6
    endloop
  endfacet
  facet normal 0.852714 0.522378 0
    outer loop
      vertex 97.928 25.262 0
      vertex 97.6821 25.6634 -3.6
      vertex 97.6821 25.6634 0
    endloop
  endfacet
  facet normal 0.852714 0.522378 0
    outer loop
      vertex 97.6821 25.6634 -3.6
      vertex 97.928 25.262 0
      vertex 97.928 25.262 -3.6
    endloop
  endfacet
  facet normal 0.38279 0.923836 -0
    outer loop
      vertex 96.617 26.573 -3.6
      vertex 96.1821 26.7532 0
      vertex 96.617 26.573 0
    endloop
  endfacet
  facet normal 0.38279 0.923836 0
    outer loop
      vertex 96.1821 26.7532 0
      vertex 96.617 26.573 -3.6
      vertex 96.1821 26.7532 -3.6
    endloop
  endfacet
  facet normal -0.972362 0.233477 0
    outer loop
      vertex 92.2919 24.3693 -3.6
      vertex 92.4018 24.827 0
      vertex 92.4018 24.827 -3.6
    endloop
  endfacet
  facet normal -0.972362 0.233477 0
    outer loop
      vertex 92.4018 24.827 0
      vertex 92.2919 24.3693 -3.6
      vertex 92.2919 24.3693 0
    endloop
  endfacet
  facet normal 0.996923 -0.0783858 0
    outer loop
      vertex 98.2181 23.4307 0
      vertex 98.255 23.9 -3.6
      vertex 98.255 23.9 0
    endloop
  endfacet
  facet normal 0.996923 -0.0783858 0
    outer loop
      vertex 98.255 23.9 -3.6
      vertex 98.2181 23.4307 0
      vertex 98.2181 23.4307 -3.6
    endloop
  endfacet
  facet normal 0.649601 -0.760275 0
    outer loop
      vertex 97.0184 21.4729 -3.6
      vertex 97.3763 21.7787 0
      vertex 97.0184 21.4729 0
    endloop
  endfacet
  facet normal 0.649601 -0.760275 0
    outer loop
      vertex 97.3763 21.7787 0
      vertex 97.0184 21.4729 -3.6
      vertex 97.3763 21.7787 -3.6
    endloop
  endfacet
  facet normal 0.923836 -0.38279 0
    outer loop
      vertex 97.928 22.538 0
      vertex 98.1082 22.9729 -3.6
      vertex 98.1082 22.9729 0
    endloop
  endfacet
  facet normal 0.923836 -0.38279 0
    outer loop
      vertex 98.1082 22.9729 -3.6
      vertex 97.928 22.538 0
      vertex 97.928 22.538 -3.6
    endloop
  endfacet
  facet normal -0.522378 -0.852714 0
    outer loop
      vertex 93.4916 21.4729 -3.6
      vertex 93.893 21.227 0
      vertex 93.4916 21.4729 0
    endloop
  endfacet
  facet normal -0.522378 -0.852714 -0
    outer loop
      vertex 93.893 21.227 0
      vertex 93.4916 21.4729 -3.6
      vertex 93.893 21.227 -3.6
    endloop
  endfacet
  facet normal -0.0783858 -0.996923 0
    outer loop
      vertex 94.7857 20.9369 -3.6
      vertex 95.255 20.9 0
      vertex 94.7857 20.9369 0
    endloop
  endfacet
  facet normal -0.0783858 -0.996923 -0
    outer loop
      vertex 95.255 20.9 0
      vertex 94.7857 20.9369 -3.6
      vertex 95.255 20.9 -3.6
    endloop
  endfacet
  facet normal 0 0 -1
    outer loop
      vertex 96.305 23.9 -3.6
      vertex 98.255 23.9 -3.6
      vertex 98.2181 23.4307 -3.6
    endloop
  endfacet
  facet normal 0 0 -1
    outer loop
      vertex 96.2921 23.7357 -3.6
      vertex 98.2181 23.4307 -3.6
      vertex 98.1082 22.9729 -3.6
    endloop
  endfacet
  facet normal 0 0 -1
    outer loop
      vertex 98.255 23.9 -3.6
      vertex 96.305 23.9 -3.6
      vertex 98.2181 24.3693 -3.6
    endloop
  endfacet
  facet normal 0 0 -1
    outer loop
      vertex 96.2536 23.5755 -3.6
      vertex 98.1082 22.9729 -3.6
      vertex 97.928 22.538 -3.6
    endloop
  endfacet
  facet normal 0 0 -1
    outer loop
      vertex 96.2921 24.0643 -3.6
      vertex 98.2181 24.3693 -3.6
      vertex 96.305 23.9 -3.6
    endloop
  endfacet
  facet normal 0 0 -1
    outer loop
      vertex 96.1906 23.4233 -3.6
      vertex 97.928 22.538 -3.6
      vertex 97.6821 22.1366 -3.6
    endloop
  endfacet
  facet normal -0 0 -1
    outer loop
      vertex 98.2181 24.3693 -3.6
      vertex 96.2921 24.0643 -3.6
      vertex 98.1082 24.827 -3.6
    endloop
  endfacet
  facet normal 0 0 -1
    outer loop
      vertex 96.1045 23.2828 -3.6
      vertex 97.6821 22.1366 -3.6
      vertex 97.3763 21.7787 -3.6
    endloop
  endfacet
  facet normal 0 0 -1
    outer loop
      vertex 96.2536 24.2245 -3.6
      vertex 98.1082 24.827 -3.6
      vertex 96.2921 24.0643 -3.6
    endloop
  endfacet
  facet normal 0 0 -1
    outer loop
      vertex 95.9975 23.1575 -3.6
      vertex 97.3763 21.7787 -3.6
      vertex 97.0184 21.4729 -3.6
    endloop
  endfacet
  facet normal -0 0 -1
    outer loop
      vertex 98.1082 24.827 -3.6
      vertex 96.2536 24.2245 -3.6
      vertex 97.928 25.262 -3.6
    endloop
  endfacet
  facet normal 0 0 -1
    outer loop
      vertex 95.8722 23.0505 -3.6
      vertex 97.0184 21.4729 -3.6
      vertex 96.617 21.227 -3.6
    endloop
  endfacet
  facet normal 0 0 -1
    outer loop
      vertex 96.1906 24.3767 -3.6
      vertex 97.928 25.262 -3.6
      vertex 96.2536 24.2245 -3.6
    endloop
  endfacet
  facet normal -0 0 -1
    outer loop
      vertex 97.928 25.262 -3.6
      vertex 96.1906 24.3767 -3.6
      vertex 97.6821 25.6634 -3.6
    endloop
  endfacet
  facet normal 0 0 -1
    outer loop
      vertex 98.2181 23.4307 -3.6
      vertex 96.2921 23.7357 -3.6
      vertex 96.305 23.9 -3.6
    endloop
  endfacet
  facet normal 0 0 -1
    outer loop
      vertex 98.1082 22.9729 -3.6
      vertex 96.2536 23.5755 -3.6
      vertex 96.2921 23.7357 -3.6
    endloop
  endfacet
  facet normal 0 0 -1
    outer loop
      vertex 97.928 22.538 -3.6
      vertex 96.1906 23.4233 -3.6
      vertex 96.2536 23.5755 -3.6
    endloop
  endfacet
  facet normal 0 0 -1
    outer loop
      vertex 95.7317 22.9644 -3.6
      vertex 96.617 21.227 -3.6
      vertex 96.1821 21.0468 -3.6
    endloop
  endfacet
  facet normal 0 0 -1
    outer loop
      vertex 97.6821 22.1366 -3.6
      vertex 96.1045 23.2828 -3.6
      vertex 96.1906 23.4233 -3.6
    endloop
  endfacet
  facet normal 0 0 -1
    outer loop
      vertex 97.3763 21.7787 -3.6
      vertex 95.9975 23.1575 -3.6
      vertex 96.1045 23.2828 -3.6
    endloop
  endfacet
  facet normal 0 0 -1
    outer loop
      vertex 97.0184 21.4729 -3.6
      vertex 95.8722 23.0505 -3.6
      vertex 95.9975 23.1575 -3.6
    endloop
  endfacet
  facet normal 0 0 -1
    outer loop
      vertex 96.617 21.227 -3.6
      vertex 95.7317 22.9644 -3.6
      vertex 95.8722 23.0505 -3.6
    endloop
  endfacet
  facet normal 0 0 -1
    outer loop
      vertex 95.5795 22.9014 -3.6
      vertex 96.1821 21.0468 -3.6
      vertex 95.7243 20.9369 -3.6
    endloop
  endfacet
  facet normal 0 0 -1
    outer loop
      vertex 96.1821 21.0468 -3.6
      vertex 95.5795 22.9014 -3.6
      vertex 95.7317 22.9644 -3.6
    endloop
  endfacet
  facet normal 0 0 -1
    outer loop
      vertex 95.7243 20.9369 -3.6
      vertex 95.4193 22.8629 -3.6
      vertex 95.5795 22.9014 -3.6
    endloop
  endfacet
  facet normal 0 0 -1
    outer loop
      vertex 95.255 20.9 -3.6
      vertex 95.4193 22.8629 -3.6
      vertex 95.7243 20.9369 -3.6
    endloop
  endfacet
  facet normal 0 0 -1
    outer loop
      vertex 95.255 20.9 -3.6
      vertex 95.255 22.85 -3.6
      vertex 95.4193 22.8629 -3.6
    endloop
  endfacet
  facet normal 0 0 -1
    outer loop
      vertex 95.255 20.9 -3.6
      vertex 95.0907 22.8629 -3.6
      vertex 95.255 22.85 -3.6
    endloop
  endfacet
  facet normal 0 0 -1
    outer loop
      vertex 94.7857 20.9369 -3.6
      vertex 95.0907 22.8629 -3.6
      vertex 95.255 20.9 -3.6
    endloop
  endfacet
  facet normal -0 0 -1
    outer loop
      vertex 95.0907 22.8629 -3.6
      vertex 94.7857 20.9369 -3.6
      vertex 94.9305 22.9014 -3.6
    endloop
  endfacet
  facet normal 0 0 -1
    outer loop
      vertex 94.3279 21.0468 -3.6
      vertex 94.9305 22.9014 -3.6
      vertex 94.7857 20.9369 -3.6
    endloop
  endfacet
  facet normal -0 0 -1
    outer loop
      vertex 94.9305 22.9014 -3.6
      vertex 94.3279 21.0468 -3.6
      vertex 94.7783 22.9644 -3.6
    endloop
  endfacet
  facet normal 0 0 -1
    outer loop
      vertex 93.893 21.227 -3.6
      vertex 94.7783 22.9644 -3.6
      vertex 94.3279 21.0468 -3.6
    endloop
  endfacet
  facet normal -0 0 -1
    outer loop
      vertex 94.7783 22.9644 -3.6
      vertex 93.893 21.227 -3.6
      vertex 94.6378 23.0505 -3.6
    endloop
  endfacet
  facet normal 0 0 -1
    outer loop
      vertex 93.4916 21.4729 -3.6
      vertex 94.6378 23.0505 -3.6
      vertex 93.893 21.227 -3.6
    endloop
  endfacet
  facet normal -0 0 -1
    outer loop
      vertex 94.6378 23.0505 -3.6
      vertex 93.4916 21.4729 -3.6
      vertex 94.5125 23.1575 -3.6
    endloop
  endfacet
  facet normal 0 0 -1
    outer loop
      vertex 93.1337 21.7787 -3.6
      vertex 94.5125 23.1575 -3.6
      vertex 93.4916 21.4729 -3.6
    endloop
  endfacet
  facet normal -0 0 -1
    outer loop
      vertex 94.5125 23.1575 -3.6
      vertex 93.1337 21.7787 -3.6
      vertex 94.4055 23.2828 -3.6
    endloop
  endfacet
  facet normal 0 0 -1
    outer loop
      vertex 92.8279 22.1366 -3.6
      vertex 94.4055 23.2828 -3.6
      vertex 93.1337 21.7787 -3.6
    endloop
  endfacet
  facet normal -0 0 -1
    outer loop
      vertex 94.4055 23.2828 -3.6
      vertex 92.8279 22.1366 -3.6
      vertex 94.3194 23.4233 -3.6
    endloop
  endfacet
  facet normal 0 0 -1
    outer loop
      vertex 96.1045 24.5172 -3.6
      vertex 97.6821 25.6634 -3.6
      vertex 96.1906 24.3767 -3.6
    endloop
  endfacet
  facet normal -0 0 -1
    outer loop
      vertex 97.6821 25.6634 -3.6
      vertex 96.1045 24.5172 -3.6
      vertex 97.3763 26.0213 -3.6
    endloop
  endfacet
  facet normal 0 0 -1
    outer loop
      vertex 95.9975 24.6425 -3.6
      vertex 97.3763 26.0213 -3.6
      vertex 96.1045 24.5172 -3.6
    endloop
  endfacet
  facet normal -0 0 -1
    outer loop
      vertex 97.3763 26.0213 -3.6
      vertex 95.9975 24.6425 -3.6
      vertex 97.0184 26.327 -3.6
    endloop
  endfacet
  facet normal 0 0 -1
    outer loop
      vertex 95.8722 24.7495 -3.6
      vertex 97.0184 26.327 -3.6
      vertex 95.9975 24.6425 -3.6
    endloop
  endfacet
  facet normal -0 0 -1
    outer loop
      vertex 97.0184 26.327 -3.6
      vertex 95.8722 24.7495 -3.6
      vertex 96.617 26.573 -3.6
    endloop
  endfacet
  facet normal 0 0 -1
    outer loop
      vertex 95.7317 24.8356 -3.6
      vertex 96.617 26.573 -3.6
      vertex 95.8722 24.7495 -3.6
    endloop
  endfacet
  facet normal -0 0 -1
    outer loop
      vertex 96.617 26.573 -3.6
      vertex 95.7317 24.8356 -3.6
      vertex 96.1821 26.7532 -3.6
    endloop
  endfacet
  facet normal 0 0 -1
    outer loop
      vertex 95.5795 24.8986 -3.6
      vertex 96.1821 26.7532 -3.6
      vertex 95.7317 24.8356 -3.6
    endloop
  endfacet
  facet normal -0 0 -1
    outer loop
      vertex 96.1821 26.7532 -3.6
      vertex 95.5795 24.8986 -3.6
      vertex 95.7243 26.8631 -3.6
    endloop
  endfacet
  facet normal 0 0 -1
    outer loop
      vertex 95.4193 24.9371 -3.6
      vertex 95.7243 26.8631 -3.6
      vertex 95.5795 24.8986 -3.6
    endloop
  endfacet
  facet normal 0 0 -1
    outer loop
      vertex 95.255 24.95 -3.6
      vertex 95.7243 26.8631 -3.6
      vertex 95.4193 24.9371 -3.6
    endloop
  endfacet
  facet normal 0 0 -1
    outer loop
      vertex 95.255 24.95 -3.6
      vertex 95.255 26.9 -3.6
      vertex 95.7243 26.8631 -3.6
    endloop
  endfacet
  facet normal 0 0 -1
    outer loop
      vertex 95.0907 24.9371 -3.6
      vertex 95.255 26.9 -3.6
      vertex 95.255 24.95 -3.6
    endloop
  endfacet
  facet normal 0 0 -1
    outer loop
      vertex 94.7857 26.8631 -3.6
      vertex 95.0907 24.9371 -3.6
      vertex 94.9305 24.8986 -3.6
    endloop
  endfacet
  facet normal 0 0 -1
    outer loop
      vertex 95.0907 24.9371 -3.6
      vertex 94.7857 26.8631 -3.6
      vertex 95.255 26.9 -3.6
    endloop
  endfacet
  facet normal 0 0 -1
    outer loop
      vertex 94.3279 26.7532 -3.6
      vertex 94.9305 24.8986 -3.6
      vertex 94.7783 24.8356 -3.6
    endloop
  endfacet
  facet normal 0 0 -1
    outer loop
      vertex 93.893 26.573 -3.6
      vertex 94.7783 24.8356 -3.6
      vertex 94.6378 24.7495 -3.6
    endloop
  endfacet
  facet normal 0 0 -1
    outer loop
      vertex 93.4916 26.327 -3.6
      vertex 94.6378 24.7495 -3.6
      vertex 94.5125 24.6425 -3.6
    endloop
  endfacet
  facet normal 0 0 -1
    outer loop
      vertex 93.1337 26.0213 -3.6
      vertex 94.5125 24.6425 -3.6
      vertex 94.4055 24.5172 -3.6
    endloop
  endfacet
  facet normal 0 0 -1
    outer loop
      vertex 94.9305 24.8986 -3.6
      vertex 94.3279 26.7532 -3.6
      vertex 94.7857 26.8631 -3.6
    endloop
  endfacet
  facet normal 0 0 -1
    outer loop
      vertex 92.8279 25.6634 -3.6
      vertex 94.4055 24.5172 -3.6
      vertex 94.3194 24.3767 -3.6
    endloop
  endfacet
  facet normal 0 0 -1
    outer loop
      vertex 92.582 25.262 -3.6
      vertex 94.3194 24.3767 -3.6
      vertex 94.2564 24.2245 -3.6
    endloop
  endfacet
  facet normal 0 0 -1
    outer loop
      vertex 92.4018 24.827 -3.6
      vertex 94.2564 24.2245 -3.6
      vertex 94.2179 24.0643 -3.6
    endloop
  endfacet
  facet normal 0 0 -1
    outer loop
      vertex 92.2919 24.3693 -3.6
      vertex 94.2179 24.0643 -3.6
      vertex 94.205 23.9 -3.6
    endloop
  endfacet
  facet normal 0 0 -1
    outer loop
      vertex 92.582 22.538 -3.6
      vertex 94.3194 23.4233 -3.6
      vertex 92.8279 22.1366 -3.6
    endloop
  endfacet
  facet normal 0 0 -1
    outer loop
      vertex 94.7783 24.8356 -3.6
      vertex 93.893 26.573 -3.6
      vertex 94.3279 26.7532 -3.6
    endloop
  endfacet
  facet normal -0 0 -1
    outer loop
      vertex 94.3194 23.4233 -3.6
      vertex 92.582 22.538 -3.6
      vertex 94.2564 23.5755 -3.6
    endloop
  endfacet
  facet normal 0 0 -1
    outer loop
      vertex 94.6378 24.7495 -3.6
      vertex 93.4916 26.327 -3.6
      vertex 93.893 26.573 -3.6
    endloop
  endfacet
  facet normal 0 0 -1
    outer loop
      vertex 92.4018 22.9729 -3.6
      vertex 94.2564 23.5755 -3.6
      vertex 92.582 22.538 -3.6
    endloop
  endfacet
  facet normal 0 0 -1
    outer loop
      vertex 94.5125 24.6425 -3.6
      vertex 93.1337 26.0213 -3.6
      vertex 93.4916 26.327 -3.6
    endloop
  endfacet
  facet normal -0 0 -1
    outer loop
      vertex 94.2564 23.5755 -3.6
      vertex 92.4018 22.9729 -3.6
      vertex 94.2179 23.7357 -3.6
    endloop
  endfacet
  facet normal 0 0 -1
    outer loop
      vertex 94.4055 24.5172 -3.6
      vertex 92.8279 25.6634 -3.6
      vertex 93.1337 26.0213 -3.6
    endloop
  endfacet
  facet normal 0 0 -1
    outer loop
      vertex 92.2919 23.4307 -3.6
      vertex 94.2179 23.7357 -3.6
      vertex 92.4018 22.9729 -3.6
    endloop
  endfacet
  facet normal 0 0 -1
    outer loop
      vertex 94.3194 24.3767 -3.6
      vertex 92.582 25.262 -3.6
      vertex 92.8279 25.6634 -3.6
    endloop
  endfacet
  facet normal -0 0 -1
    outer loop
      vertex 94.2179 23.7357 -3.6
      vertex 92.2919 23.4307 -3.6
      vertex 94.205 23.9 -3.6
    endloop
  endfacet
  facet normal 0 0 -1
    outer loop
      vertex 94.2564 24.2245 -3.6
      vertex 92.4018 24.827 -3.6
      vertex 92.582 25.262 -3.6
    endloop
  endfacet
  facet normal 0 0 -1
    outer loop
      vertex 92.255 23.9 -3.6
      vertex 94.205 23.9 -3.6
      vertex 92.2919 23.4307 -3.6
    endloop
  endfacet
  facet normal 0 0 -1
    outer loop
      vertex 94.2179 24.0643 -3.6
      vertex 92.2919 24.3693 -3.6
      vertex 92.4018 24.827 -3.6
    endloop
  endfacet
  facet normal 0 0 -1
    outer loop
      vertex 94.205 23.9 -3.6
      vertex 92.255 23.9 -3.6
      vertex 92.2919 24.3693 -3.6
    endloop
  endfacet
  facet normal 0.760275 -0.649601 0
    outer loop
      vertex 97.3763 21.7787 0
      vertex 97.6821 22.1366 -3.6
      vertex 97.6821 22.1366 0
    endloop
  endfacet
  facet normal 0.760275 -0.649601 0
    outer loop
      vertex 97.6821 22.1366 -3.6
      vertex 97.3763 21.7787 0
      vertex 97.3763 21.7787 -3.6
    endloop
  endfacet
  facet normal 0.522378 -0.852714 0
    outer loop
      vertex 96.617 21.227 -3.6
      vertex 97.0184 21.4729 0
      vertex 96.617 21.227 0
    endloop
  endfacet
  facet normal 0.522378 -0.852714 0
    outer loop
      vertex 97.0184 21.4729 0
      vertex 96.617 21.227 -3.6
      vertex 97.0184 21.4729 -3.6
    endloop
  endfacet
  facet normal 0.38279 -0.923836 0
    outer loop
      vertex 96.1821 21.0468 -3.6
      vertex 96.617 21.227 0
      vertex 96.1821 21.0468 0
    endloop
  endfacet
  facet normal 0.38279 -0.923836 0
    outer loop
      vertex 96.617 21.227 0
      vertex 96.1821 21.0468 -3.6
      vertex 96.617 21.227 -3.6
    endloop
  endfacet
  facet normal 0.972374 -0.233429 0
    outer loop
      vertex 98.1082 22.9729 0
      vertex 98.2181 23.4307 -3.6
      vertex 98.2181 23.4307 0
    endloop
  endfacet
  facet normal 0.972374 -0.233429 0
    outer loop
      vertex 98.2181 23.4307 -3.6
      vertex 98.1082 22.9729 0
      vertex 98.1082 22.9729 -3.6
    endloop
  endfacet
  facet normal -0.38279 -0.923836 0
    outer loop
      vertex 93.893 21.227 -3.6
      vertex 94.3279 21.0468 0
      vertex 93.893 21.227 0
    endloop
  endfacet
  facet normal -0.38279 -0.923836 -0
    outer loop
      vertex 94.3279 21.0468 0
      vertex 93.893 21.227 -3.6
      vertex 94.3279 21.0468 -3.6
    endloop
  endfacet
  facet normal -0.233429 -0.972374 0
    outer loop
      vertex 94.3279 21.0468 -3.6
      vertex 94.7857 20.9369 0
      vertex 94.3279 21.0468 0
    endloop
  endfacet
  facet normal -0.233429 -0.972374 -0
    outer loop
      vertex 94.7857 20.9369 0
      vertex 94.3279 21.0468 -3.6
      vertex 94.7857 20.9369 -3.6
    endloop
  endfacet
  facet normal -0.760275 -0.649601 0
    outer loop
      vertex 93.1337 21.7787 -3.6
      vertex 92.8279 22.1366 0
      vertex 92.8279 22.1366 -3.6
    endloop
  endfacet
  facet normal -0.760275 -0.649601 0
    outer loop
      vertex 92.8279 22.1366 0
      vertex 93.1337 21.7787 -3.6
      vertex 93.1337 21.7787 0
    endloop
  endfacet
  facet normal -0.649601 -0.760275 0
    outer loop
      vertex 93.1337 21.7787 -3.6
      vertex 93.4916 21.4729 0
      vertex 93.1337 21.7787 0
    endloop
  endfacet
  facet normal -0.649601 -0.760275 -0
    outer loop
      vertex 93.4916 21.4729 0
      vertex 93.1337 21.7787 -3.6
      vertex 93.4916 21.4729 -3.6
    endloop
  endfacet
  facet normal -0.972374 -0.233429 0
    outer loop
      vertex 92.4018 22.9729 -3.6
      vertex 92.2919 23.4307 0
      vertex 92.2919 23.4307 -3.6
    endloop
  endfacet
  facet normal -0.972374 -0.233429 0
    outer loop
      vertex 92.2919 23.4307 0
      vertex 92.4018 22.9729 -3.6
      vertex 92.4018 22.9729 0
    endloop
  endfacet
  facet normal -0.996923 -0.0783858 0
    outer loop
      vertex 92.2919 23.4307 -3.6
      vertex 92.255 23.9 0
      vertex 92.255 23.9 -3.6
    endloop
  endfacet
  facet normal -0.996923 -0.0783858 0
    outer loop
      vertex 92.255 23.9 0
      vertex 92.2919 23.4307 -3.6
      vertex 92.2919 23.4307 0
    endloop
  endfacet
  facet normal -0.852714 -0.522378 0
    outer loop
      vertex 92.8279 22.1366 -3.6
      vertex 92.582 22.538 0
      vertex 92.582 22.538 -3.6
    endloop
  endfacet
  facet normal -0.852714 -0.522378 0
    outer loop
      vertex 92.582 22.538 0
      vertex 92.8279 22.1366 -3.6
      vertex 92.8279 22.1366 0
    endloop
  endfacet
  facet normal -0.996932 -0.078274 0
    outer loop
      vertex 96.305 23.9 -3.6
      vertex 96.2921 24.0643 0
      vertex 96.2921 24.0643 -3.6
    endloop
  endfacet
  facet normal -0.996932 -0.078274 0
    outer loop
      vertex 96.2921 24.0643 0
      vertex 96.305 23.9 -3.6
      vertex 96.305 23.9 0
    endloop
  endfacet
  facet normal 0.996932 -0.078274 0
    outer loop
      vertex 94.205 23.9 0
      vertex 94.2179 24.0643 -3.6
      vertex 94.2179 24.0643 0
    endloop
  endfacet
  facet normal 0.996932 -0.078274 0
    outer loop
      vertex 94.2179 24.0643 -3.6
      vertex 94.205 23.9 0
      vertex 94.205 23.9 -3.6
    endloop
  endfacet
  facet normal 0.078274 -0.996932 0
    outer loop
      vertex 95.0907 24.9371 -3.6
      vertex 95.255 24.95 0
      vertex 95.0907 24.9371 0
    endloop
  endfacet
  facet normal 0.078274 -0.996932 0
    outer loop
      vertex 95.255 24.95 0
      vertex 95.0907 24.9371 -3.6
      vertex 95.255 24.95 -3.6
    endloop
  endfacet
  facet normal -0.078274 0.996932 0
    outer loop
      vertex 95.4193 22.8629 -3.6
      vertex 95.255 22.85 0
      vertex 95.4193 22.8629 0
    endloop
  endfacet
  facet normal -0.078274 0.996932 0
    outer loop
      vertex 95.255 22.85 0
      vertex 95.4193 22.8629 -3.6
      vertex 95.255 22.85 -3.6
    endloop
  endfacet
  facet normal -0.649391 -0.760455 0
    outer loop
      vertex 95.8722 24.7495 -3.6
      vertex 95.9975 24.6425 0
      vertex 95.8722 24.7495 0
    endloop
  endfacet
  facet normal -0.649391 -0.760455 -0
    outer loop
      vertex 95.9975 24.6425 0
      vertex 95.8722 24.7495 -3.6
      vertex 95.9975 24.6425 -3.6
    endloop
  endfacet
  facet normal 0.649391 -0.760455 0
    outer loop
      vertex 94.5125 24.6425 -3.6
      vertex 94.6378 24.7495 0
      vertex 94.5125 24.6425 0
    endloop
  endfacet
  facet normal 0.649391 -0.760455 0
    outer loop
      vertex 94.6378 24.7495 0
      vertex 94.5125 24.6425 -3.6
      vertex 94.6378 24.7495 -3.6
    endloop
  endfacet
  facet normal 0.382459 -0.923972 0
    outer loop
      vertex 94.7783 24.8356 -3.6
      vertex 94.9305 24.8986 0
      vertex 94.7783 24.8356 0
    endloop
  endfacet
  facet normal 0.382459 -0.923972 0
    outer loop
      vertex 94.9305 24.8986 0
      vertex 94.7783 24.8356 -3.6
      vertex 94.9305 24.8986 -3.6
    endloop
  endfacet
  facet normal -0.852636 0.522505 0
    outer loop
      vertex 96.1045 23.2828 -3.6
      vertex 96.1906 23.4233 0
      vertex 96.1906 23.4233 -3.6
    endloop
  endfacet
  facet normal -0.852636 0.522505 0
    outer loop
      vertex 96.1906 23.4233 0
      vertex 96.1045 23.2828 -3.6
      vertex 96.1045 23.2828 0
    endloop
  endfacet
  facet normal -0.923972 -0.382459 0
    outer loop
      vertex 96.2536 24.2245 -3.6
      vertex 96.1906 24.3767 0
      vertex 96.1906 24.3767 -3.6
    endloop
  endfacet
  facet normal -0.923972 -0.382459 0
    outer loop
      vertex 96.1906 24.3767 0
      vertex 96.2536 24.2245 -3.6
      vertex 96.2536 24.2245 0
    endloop
  endfacet
  facet normal -0.972316 -0.233671 0
    outer loop
      vertex 96.2921 24.0643 -3.6
      vertex 96.2536 24.2245 0
      vertex 96.2536 24.2245 -3.6
    endloop
  endfacet
  facet normal -0.972316 -0.233671 0
    outer loop
      vertex 96.2536 24.2245 0
      vertex 96.2921 24.0643 -3.6
      vertex 96.2921 24.0643 0
    endloop
  endfacet
  facet normal -0.382459 -0.923972 0
    outer loop
      vertex 95.5795 24.8986 -3.6
      vertex 95.7317 24.8356 0
      vertex 95.5795 24.8986 0
    endloop
  endfacet
  facet normal -0.382459 -0.923972 -0
    outer loop
      vertex 95.7317 24.8356 0
      vertex 95.5795 24.8986 -3.6
      vertex 95.7317 24.8356 -3.6
    endloop
  endfacet
  facet normal -0.233671 -0.972316 0
    outer loop
      vertex 95.4193 24.9371 -3.6
      vertex 95.5795 24.8986 0
      vertex 95.4193 24.9371 0
    endloop
  endfacet
  facet normal -0.233671 -0.972316 -0
    outer loop
      vertex 95.5795 24.8986 0
      vertex 95.4193 24.9371 -3.6
      vertex 95.5795 24.8986 -3.6
    endloop
  endfacet
  facet normal -0.522505 -0.852636 0
    outer loop
      vertex 95.7317 24.8356 -3.6
      vertex 95.8722 24.7495 0
      vertex 95.7317 24.8356 0
    endloop
  endfacet
  facet normal -0.522505 -0.852636 -0
    outer loop
      vertex 95.8722 24.7495 0
      vertex 95.7317 24.8356 -3.6
      vertex 95.8722 24.7495 -3.6
    endloop
  endfacet
  facet normal 0.852636 -0.522505 0
    outer loop
      vertex 94.3194 24.3767 0
      vertex 94.4055 24.5172 -3.6
      vertex 94.4055 24.5172 0
    endloop
  endfacet
  facet normal 0.852636 -0.522505 0
    outer loop
      vertex 94.4055 24.5172 -3.6
      vertex 94.3194 24.3767 0
      vertex 94.3194 24.3767 -3.6
    endloop
  endfacet
  facet normal 0.760455 -0.649391 0
    outer loop
      vertex 94.4055 24.5172 0
      vertex 94.5125 24.6425 -3.6
      vertex 94.5125 24.6425 0
    endloop
  endfacet
  facet normal 0.760455 -0.649391 0
    outer loop
      vertex 94.5125 24.6425 -3.6
      vertex 94.4055 24.5172 0
      vertex 94.4055 24.5172 -3.6
    endloop
  endfacet
  facet normal 0.522505 -0.852636 0
    outer loop
      vertex 94.6378 24.7495 -3.6
      vertex 94.7783 24.8356 0
      vertex 94.6378 24.7495 0
    endloop
  endfacet
  facet normal 0.522505 -0.852636 0
    outer loop
      vertex 94.7783 24.8356 0
      vertex 94.6378 24.7495 -3.6
      vertex 94.7783 24.8356 -3.6
    endloop
  endfacet
  facet normal 0.233671 -0.972316 0
    outer loop
      vertex 94.9305 24.8986 -3.6
      vertex 95.0907 24.9371 0
      vertex 94.9305 24.8986 0
    endloop
  endfacet
  facet normal 0.233671 -0.972316 0
    outer loop
      vertex 95.0907 24.9371 0
      vertex 94.9305 24.8986 -3.6
      vertex 95.0907 24.9371 -3.6
    endloop
  endfacet
  facet normal -0.996932 0.078274 0
    outer loop
      vertex 96.2921 23.7357 -3.6
      vertex 96.305 23.9 0
      vertex 96.305 23.9 -3.6
    endloop
  endfacet
  facet normal -0.996932 0.078274 0
    outer loop
      vertex 96.305 23.9 0
      vertex 96.2921 23.7357 -3.6
      vertex 96.2921 23.7357 0
    endloop
  endfacet
  facet normal -0.233671 0.972316 0
    outer loop
      vertex 95.5795 22.9014 -3.6
      vertex 95.4193 22.8629 0
      vertex 95.5795 22.9014 0
    endloop
  endfacet
  facet normal -0.233671 0.972316 0
    outer loop
      vertex 95.4193 22.8629 0
      vertex 95.5795 22.9014 -3.6
      vertex 95.4193 22.8629 -3.6
    endloop
  endfacet
  facet normal -0.760455 -0.649391 0
    outer loop
      vertex 96.1045 24.5172 -3.6
      vertex 95.9975 24.6425 0
      vertex 95.9975 24.6425 -3.6
    endloop
  endfacet
  facet normal -0.760455 -0.649391 0
    outer loop
      vertex 95.9975 24.6425 0
      vertex 96.1045 24.5172 -3.6
      vertex 96.1045 24.5172 0
    endloop
  endfacet
  facet normal -0.852636 -0.522505 0
    outer loop
      vertex 96.1906 24.3767 -3.6
      vertex 96.1045 24.5172 0
      vertex 96.1045 24.5172 -3.6
    endloop
  endfacet
  facet normal -0.852636 -0.522505 0
    outer loop
      vertex 96.1045 24.5172 0
      vertex 96.1906 24.3767 -3.6
      vertex 96.1906 24.3767 0
    endloop
  endfacet
  facet normal -0.078274 -0.996932 0
    outer loop
      vertex 95.255 24.95 -3.6
      vertex 95.4193 24.9371 0
      vertex 95.255 24.95 0
    endloop
  endfacet
  facet normal -0.078274 -0.996932 -0
    outer loop
      vertex 95.4193 24.9371 0
      vertex 95.255 24.95 -3.6
      vertex 95.4193 24.9371 -3.6
    endloop
  endfacet
  facet normal 0.923972 -0.382459 0
    outer loop
      vertex 94.2564 24.2245 0
      vertex 94.3194 24.3767 -3.6
      vertex 94.3194 24.3767 0
    endloop
  endfacet
  facet normal 0.923972 -0.382459 0
    outer loop
      vertex 94.3194 24.3767 -3.6
      vertex 94.2564 24.2245 0
      vertex 94.2564 24.2245 -3.6
    endloop
  endfacet
  facet normal 0.972316 -0.233671 0
    outer loop
      vertex 94.2179 24.0643 0
      vertex 94.2564 24.2245 -3.6
      vertex 94.2564 24.2245 0
    endloop
  endfacet
  facet normal 0.972316 -0.233671 0
    outer loop
      vertex 94.2564 24.2245 -3.6
      vertex 94.2179 24.0643 0
      vertex 94.2179 24.0643 -3.6
    endloop
  endfacet
  facet normal 0.852636 0.522505 0
    outer loop
      vertex 94.4055 23.2828 0
      vertex 94.3194 23.4233 -3.6
      vertex 94.3194 23.4233 0
    endloop
  endfacet
  facet normal 0.852636 0.522505 0
    outer loop
      vertex 94.3194 23.4233 -3.6
      vertex 94.4055 23.2828 0
      vertex 94.4055 23.2828 -3.6
    endloop
  endfacet
  facet normal 0.760455 0.649391 0
    outer loop
      vertex 94.5125 23.1575 0
      vertex 94.4055 23.2828 -3.6
      vertex 94.4055 23.2828 0
    endloop
  endfacet
  facet normal 0.760455 0.649391 0
    outer loop
      vertex 94.4055 23.2828 -3.6
      vertex 94.5125 23.1575 0
      vertex 94.5125 23.1575 -3.6
    endloop
  endfacet
  facet normal -0.649391 0.760455 0
    outer loop
      vertex 95.9975 23.1575 -3.6
      vertex 95.8722 23.0505 0
      vertex 95.9975 23.1575 0
    endloop
  endfacet
  facet normal -0.649391 0.760455 0
    outer loop
      vertex 95.8722 23.0505 0
      vertex 95.9975 23.1575 -3.6
      vertex 95.8722 23.0505 -3.6
    endloop
  endfacet
  facet normal -0.923972 0.382459 0
    outer loop
      vertex 96.1906 23.4233 -3.6
      vertex 96.2536 23.5755 0
      vertex 96.2536 23.5755 -3.6
    endloop
  endfacet
  facet normal -0.923972 0.382459 0
    outer loop
      vertex 96.2536 23.5755 0
      vertex 96.1906 23.4233 -3.6
      vertex 96.1906 23.4233 0
    endloop
  endfacet
  facet normal 0.972316 0.233671 0
    outer loop
      vertex 94.2564 23.5755 0
      vertex 94.2179 23.7357 -3.6
      vertex 94.2179 23.7357 0
    endloop
  endfacet
  facet normal 0.972316 0.233671 0
    outer loop
      vertex 94.2179 23.7357 -3.6
      vertex 94.2564 23.5755 0
      vertex 94.2564 23.5755 -3.6
    endloop
  endfacet
  facet normal 0.996932 0.078274 0
    outer loop
      vertex 94.2179 23.7357 0
      vertex 94.205 23.9 -3.6
      vertex 94.205 23.9 0
    endloop
  endfacet
  facet normal 0.996932 0.078274 0
    outer loop
      vertex 94.205 23.9 -3.6
      vertex 94.2179 23.7357 0
      vertex 94.2179 23.7357 -3.6
    endloop
  endfacet
  facet normal 0.923972 0.382459 0
    outer loop
      vertex 94.3194 23.4233 0
      vertex 94.2564 23.5755 -3.6
      vertex 94.2564 23.5755 0
    endloop
  endfacet
  facet normal 0.923972 0.382459 0
    outer loop
      vertex 94.2564 23.5755 -3.6
      vertex 94.3194 23.4233 0
      vertex 94.3194 23.4233 -3.6
    endloop
  endfacet
  facet normal -0.760455 0.649391 0
    outer loop
      vertex 95.9975 23.1575 -3.6
      vertex 96.1045 23.2828 0
      vertex 96.1045 23.2828 -3.6
    endloop
  endfacet
  facet normal -0.760455 0.649391 0
    outer loop
      vertex 96.1045 23.2828 0
      vertex 95.9975 23.1575 -3.6
      vertex 95.9975 23.1575 0
    endloop
  endfacet
  facet normal -0.522505 0.852636 0
    outer loop
      vertex 95.8722 23.0505 -3.6
      vertex 95.7317 22.9644 0
      vertex 95.8722 23.0505 0
    endloop
  endfacet
  facet normal -0.522505 0.852636 0
    outer loop
      vertex 95.7317 22.9644 0
      vertex 95.8722 23.0505 -3.6
      vertex 95.7317 22.9644 -3.6
    endloop
  endfacet
  facet normal -0.382459 0.923972 0
    outer loop
      vertex 95.7317 22.9644 -3.6
      vertex 95.5795 22.9014 0
      vertex 95.7317 22.9644 0
    endloop
  endfacet
  facet normal -0.382459 0.923972 0
    outer loop
      vertex 95.5795 22.9014 0
      vertex 95.7317 22.9644 -3.6
      vertex 95.5795 22.9014 -3.6
    endloop
  endfacet
  facet normal -0.972316 0.233671 0
    outer loop
      vertex 96.2536 23.5755 -3.6
      vertex 96.2921 23.7357 0
      vertex 96.2921 23.7357 -3.6
    endloop
  endfacet
  facet normal -0.972316 0.233671 0
    outer loop
      vertex 96.2921 23.7357 0
      vertex 96.2536 23.5755 -3.6
      vertex 96.2536 23.5755 0
    endloop
  endfacet
  facet normal 0.382459 0.923972 -0
    outer loop
      vertex 94.9305 22.9014 -3.6
      vertex 94.7783 22.9644 0
      vertex 94.9305 22.9014 0
    endloop
  endfacet
  facet normal 0.382459 0.923972 0
    outer loop
      vertex 94.7783 22.9644 0
      vertex 94.9305 22.9014 -3.6
      vertex 94.7783 22.9644 -3.6
    endloop
  endfacet
  facet normal 0.233671 0.972316 -0
    outer loop
      vertex 95.0907 22.8629 -3.6
      vertex 94.9305 22.9014 0
      vertex 95.0907 22.8629 0
    endloop
  endfacet
  facet normal 0.233671 0.972316 0
    outer loop
      vertex 94.9305 22.9014 0
      vertex 95.0907 22.8629 -3.6
      vertex 94.9305 22.9014 -3.6
    endloop
  endfacet
  facet normal 0.522505 0.852636 -0
    outer loop
      vertex 94.7783 22.9644 -3.6
      vertex 94.6378 23.0505 0
      vertex 94.7783 22.9644 0
    endloop
  endfacet
  facet normal 0.522505 0.852636 0
    outer loop
      vertex 94.6378 23.0505 0
      vertex 94.7783 22.9644 -3.6
      vertex 94.6378 23.0505 -3.6
    endloop
  endfacet
  facet normal 0.649391 0.760455 -0
    outer loop
      vertex 94.6378 23.0505 -3.6
      vertex 94.5125 23.1575 0
      vertex 94.6378 23.0505 0
    endloop
  endfacet
  facet normal 0.649391 0.760455 0
    outer loop
      vertex 94.5125 23.1575 0
      vertex 94.6378 23.0505 -3.6
      vertex 94.5125 23.1575 -3.6
    endloop
  endfacet
  facet normal 0.078274 0.996932 -0
    outer loop
      vertex 95.255 22.85 -3.6
      vertex 95.0907 22.8629 0
      vertex 95.255 22.85 0
    endloop
  endfacet
  facet normal 0.078274 0.996932 0
    outer loop
      vertex 95.0907 22.8629 0
      vertex 95.255 22.85 -3.6
      vertex 95.0907 22.8629 -3.6
    endloop
  endfacet
  facet normal 0.996923 0.0783858 0
    outer loop
      vertex 98.255 93.9 0
      vertex 98.2181 94.3693 -3.6
      vertex 98.2181 94.3693 0
    endloop
  endfacet
  facet normal 0.996923 0.0783858 0
    outer loop
      vertex 98.2181 94.3693 -3.6
      vertex 98.255 93.9 0
      vertex 98.255 93.9 -3.6
    endloop
  endfacet
  facet normal -0.996923 0.0783858 0
    outer loop
      vertex 92.255 93.9 -3.6
      vertex 92.2919 94.3693 0
      vertex 92.2919 94.3693 -3.6
    endloop
  endfacet
  facet normal -0.996923 0.0783858 0
    outer loop
      vertex 92.2919 94.3693 0
      vertex 92.255 93.9 -3.6
      vertex 92.255 93.9 0
    endloop
  endfacet
  facet normal -0.0783858 0.996923 0
    outer loop
      vertex 95.255 96.9 -3.6
      vertex 94.7857 96.8631 0
      vertex 95.255 96.9 0
    endloop
  endfacet
  facet normal -0.0783858 0.996923 0
    outer loop
      vertex 94.7857 96.8631 0
      vertex 95.255 96.9 -3.6
      vertex 94.7857 96.8631 -3.6
    endloop
  endfacet
  facet normal 0.0783858 -0.996923 0
    outer loop
      vertex 95.255 90.9 -3.6
      vertex 95.7243 90.9369 0
      vertex 95.255 90.9 0
    endloop
  endfacet
  facet normal 0.0783858 -0.996923 0
    outer loop
      vertex 95.7243 90.9369 0
      vertex 95.255 90.9 -3.6
      vertex 95.7243 90.9369 -3.6
    endloop
  endfacet
  facet normal 0.649478 0.76038 -0
    outer loop
      vertex 97.3763 96.0213 -3.6
      vertex 97.0184 96.327 0
      vertex 97.3763 96.0213 0
    endloop
  endfacet
  facet normal 0.649478 0.76038 0
    outer loop
      vertex 97.0184 96.327 0
      vertex 97.3763 96.0213 -3.6
      vertex 97.0184 96.327 -3.6
    endloop
  endfacet
  facet normal -0.649478 0.76038 0
    outer loop
      vertex 93.4916 96.327 -3.6
      vertex 93.1337 96.0213 0
      vertex 93.4916 96.327 0
    endloop
  endfacet
  facet normal -0.649478 0.76038 0
    outer loop
      vertex 93.1337 96.0213 0
      vertex 93.4916 96.327 -3.6
      vertex 93.1337 96.0213 -3.6
    endloop
  endfacet
  facet normal -0.38279 0.923836 0
    outer loop
      vertex 94.3279 96.7532 -3.6
      vertex 93.893 96.573 0
      vertex 94.3279 96.7532 0
    endloop
  endfacet
  facet normal -0.38279 0.923836 0
    outer loop
      vertex 93.893 96.573 0
      vertex 94.3279 96.7532 -3.6
      vertex 93.893 96.573 -3.6
    endloop
  endfacet
  facet normal 0.852714 -0.522378 0
    outer loop
      vertex 97.6821 92.1366 0
      vertex 97.928 92.538 -3.6
      vertex 97.928 92.538 0
    endloop
  endfacet
  facet normal 0.852714 -0.522378 0
    outer loop
      vertex 97.928 92.538 -3.6
      vertex 97.6821 92.1366 0
      vertex 97.6821 92.1366 -3.6
    endloop
  endfacet
  facet normal 0.923867 0.382714 0
    outer loop
      vertex 98.1082 94.827 0
      vertex 97.928 95.262 -3.6
      vertex 97.928 95.262 0
    endloop
  endfacet
  facet normal 0.923867 0.382714 0
    outer loop
      vertex 97.928 95.262 -3.6
      vertex 98.1082 94.827 0
      vertex 98.1082 94.827 -3.6
    endloop
  endfacet
  facet normal 0.972362 0.233477 0
    outer loop
      vertex 98.2181 94.3693 0
      vertex 98.1082 94.827 -3.6
      vertex 98.1082 94.827 0
    endloop
  endfacet
  facet normal 0.972362 0.233477 0
    outer loop
      vertex 98.1082 94.827 -3.6
      vertex 98.2181 94.3693 0
      vertex 98.2181 94.3693 -3.6
    endloop
  endfacet
  facet normal 0.233429 0.972374 -0
    outer loop
      vertex 96.1821 96.7532 -3.6
      vertex 95.7243 96.8631 0
      vertex 96.1821 96.7532 0
    endloop
  endfacet
  facet normal 0.233429 0.972374 0
    outer loop
      vertex 95.7243 96.8631 0
      vertex 96.1821 96.7532 -3.6
      vertex 95.7243 96.8631 -3.6
    endloop
  endfacet
  facet normal 0.0783858 0.996923 -0
    outer loop
      vertex 95.7243 96.8631 -3.6
      vertex 95.255 96.9 0
      vertex 95.7243 96.8631 0
    endloop
  endfacet
  facet normal 0.0783858 0.996923 0
    outer loop
      vertex 95.255 96.9 0
      vertex 95.7243 96.8631 -3.6
      vertex 95.255 96.9 -3.6
    endloop
  endfacet
  facet normal 0.522532 0.85262 -0
    outer loop
      vertex 97.0184 96.327 -3.6
      vertex 96.617 96.573 0
      vertex 97.0184 96.327 0
    endloop
  endfacet
  facet normal 0.522532 0.85262 0
    outer loop
      vertex 96.617 96.573 0
      vertex 97.0184 96.327 -3.6
      vertex 96.617 96.573 -3.6
    endloop
  endfacet
  facet normal -0.852714 0.522378 0
    outer loop
      vertex 92.582 95.262 -3.6
      vertex 92.8279 95.6634 0
      vertex 92.8279 95.6634 -3.6
    endloop
  endfacet
  facet normal -0.852714 0.522378 0
    outer loop
      vertex 92.8279 95.6634 0
      vertex 92.582 95.262 -3.6
      vertex 92.582 95.262 0
    endloop
  endfacet
  facet normal -0.760275 0.649601 0
    outer loop
      vertex 92.8279 95.6634 -3.6
      vertex 93.1337 96.0213 0
      vertex 93.1337 96.0213 -3.6
    endloop
  endfacet
  facet normal -0.760275 0.649601 0
    outer loop
      vertex 93.1337 96.0213 0
      vertex 92.8279 95.6634 -3.6
      vertex 92.8279 95.6634 0
    endloop
  endfacet
  facet normal -0.923867 0.382714 0
    outer loop
      vertex 92.4018 94.827 -3.6
      vertex 92.582 95.262 0
      vertex 92.582 95.262 -3.6
    endloop
  endfacet
  facet normal -0.923867 0.382714 0
    outer loop
      vertex 92.582 95.262 0
      vertex 92.4018 94.827 -3.6
      vertex 92.4018 94.827 0
    endloop
  endfacet
  facet normal -0.522532 0.85262 0
    outer loop
      vertex 93.893 96.573 -3.6
      vertex 93.4916 96.327 0
      vertex 93.893 96.573 0
    endloop
  endfacet
  facet normal -0.522532 0.85262 0
    outer loop
      vertex 93.4916 96.327 0
      vertex 93.893 96.573 -3.6
      vertex 93.4916 96.327 -3.6
    endloop
  endfacet
  facet normal -0.233429 0.972374 0
    outer loop
      vertex 94.7857 96.8631 -3.6
      vertex 94.3279 96.7532 0
      vertex 94.7857 96.8631 0
    endloop
  endfacet
  facet normal -0.233429 0.972374 0
    outer loop
      vertex 94.3279 96.7532 0
      vertex 94.7857 96.8631 -3.6
      vertex 94.3279 96.7532 -3.6
    endloop
  endfacet
  facet normal -0.923836 -0.38279 0
    outer loop
      vertex 92.582 92.538 -3.6
      vertex 92.4018 92.9729 0
      vertex 92.4018 92.9729 -3.6
    endloop
  endfacet
  facet normal -0.923836 -0.38279 0
    outer loop
      vertex 92.4018 92.9729 0
      vertex 92.582 92.538 -3.6
      vertex 92.582 92.538 0
    endloop
  endfacet
  facet normal 0.233429 -0.972374 0
    outer loop
      vertex 95.7243 90.9369 -3.6
      vertex 96.1821 91.0468 0
      vertex 95.7243 90.9369 0
    endloop
  endfacet
  facet normal 0.233429 -0.972374 0
    outer loop
      vertex 96.1821 91.0468 0
      vertex 95.7243 90.9369 -3.6
      vertex 96.1821 91.0468 -3.6
    endloop
  endfacet
  facet normal 0.760275 0.649601 0
    outer loop
      vertex 97.6821 95.6634 0
      vertex 97.3763 96.0213 -3.6
      vertex 97.3763 96.0213 0
    endloop
  endfacet
  facet normal 0.760275 0.649601 0
    outer loop
      vertex 97.3763 96.0213 -3.6
      vertex 97.6821 95.6634 0
      vertex 97.6821 95.6634 -3.6
    endloop
  endfacet
  facet normal 0.852714 0.522378 0
    outer loop
      vertex 97.928 95.262 0
      vertex 97.6821 95.6634 -3.6
      vertex 97.6821 95.6634 0
    endloop
  endfacet
  facet normal 0.852714 0.522378 0
    outer loop
      vertex 97.6821 95.6634 -3.6
      vertex 97.928 95.262 0
      vertex 97.928 95.262 -3.6
    endloop
  endfacet
  facet normal 0.38279 0.923836 -0
    outer loop
      vertex 96.617 96.573 -3.6
      vertex 96.1821 96.7532 0
      vertex 96.617 96.573 0
    endloop
  endfacet
  facet normal 0.38279 0.923836 0
    outer loop
      vertex 96.1821 96.7532 0
      vertex 96.617 96.573 -3.6
      vertex 96.1821 96.7532 -3.6
    endloop
  endfacet
  facet normal -0.972362 0.233477 0
    outer loop
      vertex 92.2919 94.3693 -3.6
      vertex 92.4018 94.827 0
      vertex 92.4018 94.827 -3.6
    endloop
  endfacet
  facet normal -0.972362 0.233477 0
    outer loop
      vertex 92.4018 94.827 0
      vertex 92.2919 94.3693 -3.6
      vertex 92.2919 94.3693 0
    endloop
  endfacet
  facet normal 0.996923 -0.0783858 0
    outer loop
      vertex 98.2181 93.4307 0
      vertex 98.255 93.9 -3.6
      vertex 98.255 93.9 0
    endloop
  endfacet
  facet normal 0.996923 -0.0783858 0
    outer loop
      vertex 98.255 93.9 -3.6
      vertex 98.2181 93.4307 0
      vertex 98.2181 93.4307 -3.6
    endloop
  endfacet
  facet normal -0.996923 -0.0783858 0
    outer loop
      vertex 92.2919 93.4307 -3.6
      vertex 92.255 93.9 0
      vertex 92.255 93.9 -3.6
    endloop
  endfacet
  facet normal -0.996923 -0.0783858 0
    outer loop
      vertex 92.255 93.9 0
      vertex 92.2919 93.4307 -3.6
      vertex 92.2919 93.4307 0
    endloop
  endfacet
  facet normal 0.649601 -0.760275 0
    outer loop
      vertex 97.0184 91.4729 -3.6
      vertex 97.3763 91.7787 0
      vertex 97.0184 91.4729 0
    endloop
  endfacet
  facet normal 0.649601 -0.760275 0
    outer loop
      vertex 97.3763 91.7787 0
      vertex 97.0184 91.4729 -3.6
      vertex 97.3763 91.7787 -3.6
    endloop
  endfacet
  facet normal 0.923836 -0.38279 0
    outer loop
      vertex 97.928 92.538 0
      vertex 98.1082 92.9729 -3.6
      vertex 98.1082 92.9729 0
    endloop
  endfacet
  facet normal 0.923836 -0.38279 0
    outer loop
      vertex 98.1082 92.9729 -3.6
      vertex 97.928 92.538 0
      vertex 97.928 92.538 -3.6
    endloop
  endfacet
  facet normal -0.0783858 -0.996923 0
    outer loop
      vertex 94.7857 90.9369 -3.6
      vertex 95.255 90.9 0
      vertex 94.7857 90.9369 0
    endloop
  endfacet
  facet normal -0.0783858 -0.996923 -0
    outer loop
      vertex 95.255 90.9 0
      vertex 94.7857 90.9369 -3.6
      vertex 95.255 90.9 -3.6
    endloop
  endfacet
  facet normal -0.522378 -0.852714 0
    outer loop
      vertex 93.4916 91.4729 -3.6
      vertex 93.893 91.227 0
      vertex 93.4916 91.4729 0
    endloop
  endfacet
  facet normal -0.522378 -0.852714 -0
    outer loop
      vertex 93.893 91.227 0
      vertex 93.4916 91.4729 -3.6
      vertex 93.893 91.227 -3.6
    endloop
  endfacet
  facet normal 0 0 -1
    outer loop
      vertex 96.305 93.9 -3.6
      vertex 98.255 93.9 -3.6
      vertex 98.2181 93.4307 -3.6
    endloop
  endfacet
  facet normal 0 0 -1
    outer loop
      vertex 96.2921 93.7357 -3.6
      vertex 98.2181 93.4307 -3.6
      vertex 98.1082 92.9729 -3.6
    endloop
  endfacet
  facet normal 0 0 -1
    outer loop
      vertex 98.255 93.9 -3.6
      vertex 96.305 93.9 -3.6
      vertex 98.2181 94.3693 -3.6
    endloop
  endfacet
  facet normal 0 0 -1
    outer loop
      vertex 96.2536 93.5755 -3.6
      vertex 98.1082 92.9729 -3.6
      vertex 97.928 92.538 -3.6
    endloop
  endfacet
  facet normal 0 0 -1
    outer loop
      vertex 96.2921 94.0643 -3.6
      vertex 98.2181 94.3693 -3.6
      vertex 96.305 93.9 -3.6
    endloop
  endfacet
  facet normal 0 0 -1
    outer loop
      vertex 96.1906 93.4233 -3.6
      vertex 97.928 92.538 -3.6
      vertex 97.6821 92.1366 -3.6
    endloop
  endfacet
  facet normal -0 0 -1
    outer loop
      vertex 98.2181 94.3693 -3.6
      vertex 96.2921 94.0643 -3.6
      vertex 98.1082 94.827 -3.6
    endloop
  endfacet
  facet normal 0 0 -1
    outer loop
      vertex 96.1045 93.2828 -3.6
      vertex 97.6821 92.1366 -3.6
      vertex 97.3763 91.7787 -3.6
    endloop
  endfacet
  facet normal 0 0 -1
    outer loop
      vertex 96.2536 94.2245 -3.6
      vertex 98.1082 94.827 -3.6
      vertex 96.2921 94.0643 -3.6
    endloop
  endfacet
  facet normal 0 0 -1
    outer loop
      vertex 95.9975 93.1575 -3.6
      vertex 97.3763 91.7787 -3.6
      vertex 97.0184 91.4729 -3.6
    endloop
  endfacet
  facet normal -0 0 -1
    outer loop
      vertex 98.1082 94.827 -3.6
      vertex 96.2536 94.2245 -3.6
      vertex 97.928 95.262 -3.6
    endloop
  endfacet
  facet normal 0 0 -1
    outer loop
      vertex 95.8722 93.0505 -3.6
      vertex 97.0184 91.4729 -3.6
      vertex 96.617 91.227 -3.6
    endloop
  endfacet
  facet normal 0 0 -1
    outer loop
      vertex 96.1906 94.3767 -3.6
      vertex 97.928 95.262 -3.6
      vertex 96.2536 94.2245 -3.6
    endloop
  endfacet
  facet normal -0 0 -1
    outer loop
      vertex 97.928 95.262 -3.6
      vertex 96.1906 94.3767 -3.6
      vertex 97.6821 95.6634 -3.6
    endloop
  endfacet
  facet normal 0 0 -1
    outer loop
      vertex 98.2181 93.4307 -3.6
      vertex 96.2921 93.7357 -3.6
      vertex 96.305 93.9 -3.6
    endloop
  endfacet
  facet normal 0 0 -1
    outer loop
      vertex 98.1082 92.9729 -3.6
      vertex 96.2536 93.5755 -3.6
      vertex 96.2921 93.7357 -3.6
    endloop
  endfacet
  facet normal 0 0 -1
    outer loop
      vertex 97.928 92.538 -3.6
      vertex 96.1906 93.4233 -3.6
      vertex 96.2536 93.5755 -3.6
    endloop
  endfacet
  facet normal 0 0 -1
    outer loop
      vertex 95.7317 92.9644 -3.6
      vertex 96.617 91.227 -3.6
      vertex 96.1821 91.0468 -3.6
    endloop
  endfacet
  facet normal 0 0 -1
    outer loop
      vertex 97.6821 92.1366 -3.6
      vertex 96.1045 93.2828 -3.6
      vertex 96.1906 93.4233 -3.6
    endloop
  endfacet
  facet normal 0 0 -1
    outer loop
      vertex 97.3763 91.7787 -3.6
      vertex 95.9975 93.1575 -3.6
      vertex 96.1045 93.2828 -3.6
    endloop
  endfacet
  facet normal 0 0 -1
    outer loop
      vertex 97.0184 91.4729 -3.6
      vertex 95.8722 93.0505 -3.6
      vertex 95.9975 93.1575 -3.6
    endloop
  endfacet
  facet normal 0 0 -1
    outer loop
      vertex 96.617 91.227 -3.6
      vertex 95.7317 92.9644 -3.6
      vertex 95.8722 93.0505 -3.6
    endloop
  endfacet
  facet normal 0 0 -1
    outer loop
      vertex 95.5795 92.9014 -3.6
      vertex 96.1821 91.0468 -3.6
      vertex 95.7243 90.9369 -3.6
    endloop
  endfacet
  facet normal 0 0 -1
    outer loop
      vertex 96.1821 91.0468 -3.6
      vertex 95.5795 92.9014 -3.6
      vertex 95.7317 92.9644 -3.6
    endloop
  endfacet
  facet normal 0 0 -1
    outer loop
      vertex 95.7243 90.9369 -3.6
      vertex 95.4193 92.8629 -3.6
      vertex 95.5795 92.9014 -3.6
    endloop
  endfacet
  facet normal 0 0 -1
    outer loop
      vertex 95.255 90.9 -3.6
      vertex 95.4193 92.8629 -3.6
      vertex 95.7243 90.9369 -3.6
    endloop
  endfacet
  facet normal 0 0 -1
    outer loop
      vertex 95.255 90.9 -3.6
      vertex 95.255 92.85 -3.6
      vertex 95.4193 92.8629 -3.6
    endloop
  endfacet
  facet normal 0 0 -1
    outer loop
      vertex 95.255 90.9 -3.6
      vertex 95.0907 92.8629 -3.6
      vertex 95.255 92.85 -3.6
    endloop
  endfacet
  facet normal 0 0 -1
    outer loop
      vertex 94.7857 90.9369 -3.6
      vertex 95.0907 92.8629 -3.6
      vertex 95.255 90.9 -3.6
    endloop
  endfacet
  facet normal -0 0 -1
    outer loop
      vertex 95.0907 92.8629 -3.6
      vertex 94.7857 90.9369 -3.6
      vertex 94.9305 92.9014 -3.6
    endloop
  endfacet
  facet normal 0 0 -1
    outer loop
      vertex 94.3279 91.0468 -3.6
      vertex 94.9305 92.9014 -3.6
      vertex 94.7857 90.9369 -3.6
    endloop
  endfacet
  facet normal -0 0 -1
    outer loop
      vertex 94.9305 92.9014 -3.6
      vertex 94.3279 91.0468 -3.6
      vertex 94.7783 92.9644 -3.6
    endloop
  endfacet
  facet normal 0 0 -1
    outer loop
      vertex 93.893 91.227 -3.6
      vertex 94.7783 92.9644 -3.6
      vertex 94.3279 91.0468 -3.6
    endloop
  endfacet
  facet normal -0 0 -1
    outer loop
      vertex 94.7783 92.9644 -3.6
      vertex 93.893 91.227 -3.6
      vertex 94.6378 93.0505 -3.6
    endloop
  endfacet
  facet normal 0 0 -1
    outer loop
      vertex 93.4916 91.4729 -3.6
      vertex 94.6378 93.0505 -3.6
      vertex 93.893 91.227 -3.6
    endloop
  endfacet
  facet normal -0 0 -1
    outer loop
      vertex 94.6378 93.0505 -3.6
      vertex 93.4916 91.4729 -3.6
      vertex 94.5125 93.1575 -3.6
    endloop
  endfacet
  facet normal 0 0 -1
    outer loop
      vertex 93.1337 91.7787 -3.6
      vertex 94.5125 93.1575 -3.6
      vertex 93.4916 91.4729 -3.6
    endloop
  endfacet
  facet normal -0 0 -1
    outer loop
      vertex 94.5125 93.1575 -3.6
      vertex 93.1337 91.7787 -3.6
      vertex 94.4055 93.2828 -3.6
    endloop
  endfacet
  facet normal 0 0 -1
    outer loop
      vertex 92.8279 92.1366 -3.6
      vertex 94.4055 93.2828 -3.6
      vertex 93.1337 91.7787 -3.6
    endloop
  endfacet
  facet normal -0 0 -1
    outer loop
      vertex 94.4055 93.2828 -3.6
      vertex 92.8279 92.1366 -3.6
      vertex 94.3194 93.4233 -3.6
    endloop
  endfacet
  facet normal 0 0 -1
    outer loop
      vertex 96.1045 94.5172 -3.6
      vertex 97.6821 95.6634 -3.6
      vertex 96.1906 94.3767 -3.6
    endloop
  endfacet
  facet normal -0 0 -1
    outer loop
      vertex 97.6821 95.6634 -3.6
      vertex 96.1045 94.5172 -3.6
      vertex 97.3763 96.0213 -3.6
    endloop
  endfacet
  facet normal 0 0 -1
    outer loop
      vertex 95.9975 94.6425 -3.6
      vertex 97.3763 96.0213 -3.6
      vertex 96.1045 94.5172 -3.6
    endloop
  endfacet
  facet normal -0 0 -1
    outer loop
      vertex 97.3763 96.0213 -3.6
      vertex 95.9975 94.6425 -3.6
      vertex 97.0184 96.327 -3.6
    endloop
  endfacet
  facet normal 0 0 -1
    outer loop
      vertex 95.8722 94.7495 -3.6
      vertex 97.0184 96.327 -3.6
      vertex 95.9975 94.6425 -3.6
    endloop
  endfacet
  facet normal -0 0 -1
    outer loop
      vertex 97.0184 96.327 -3.6
      vertex 95.8722 94.7495 -3.6
      vertex 96.617 96.573 -3.6
    endloop
  endfacet
  facet normal 0 0 -1
    outer loop
      vertex 95.7317 94.8356 -3.6
      vertex 96.617 96.573 -3.6
      vertex 95.8722 94.7495 -3.6
    endloop
  endfacet
  facet normal -0 0 -1
    outer loop
      vertex 96.617 96.573 -3.6
      vertex 95.7317 94.8356 -3.6
      vertex 96.1821 96.7532 -3.6
    endloop
  endfacet
  facet normal 0 0 -1
    outer loop
      vertex 95.5795 94.8986 -3.6
      vertex 96.1821 96.7532 -3.6
      vertex 95.7317 94.8356 -3.6
    endloop
  endfacet
  facet normal -0 0 -1
    outer loop
      vertex 96.1821 96.7532 -3.6
      vertex 95.5795 94.8986 -3.6
      vertex 95.7243 96.8631 -3.6
    endloop
  endfacet
  facet normal 0 0 -1
    outer loop
      vertex 95.4193 94.9371 -3.6
      vertex 95.7243 96.8631 -3.6
      vertex 95.5795 94.8986 -3.6
    endloop
  endfacet
  facet normal 0 0 -1
    outer loop
      vertex 95.255 94.95 -3.6
      vertex 95.7243 96.8631 -3.6
      vertex 95.4193 94.9371 -3.6
    endloop
  endfacet
  facet normal 0 0 -1
    outer loop
      vertex 95.255 94.95 -3.6
      vertex 95.255 96.9 -3.6
      vertex 95.7243 96.8631 -3.6
    endloop
  endfacet
  facet normal 0 0 -1
    outer loop
      vertex 95.0907 94.9371 -3.6
      vertex 95.255 96.9 -3.6
      vertex 95.255 94.95 -3.6
    endloop
  endfacet
  facet normal 0 0 -1
    outer loop
      vertex 94.7857 96.8631 -3.6
      vertex 95.0907 94.9371 -3.6
      vertex 94.9305 94.8986 -3.6
    endloop
  endfacet
  facet normal 0 0 -1
    outer loop
      vertex 95.0907 94.9371 -3.6
      vertex 94.7857 96.8631 -3.6
      vertex 95.255 96.9 -3.6
    endloop
  endfacet
  facet normal 0 0 -1
    outer loop
      vertex 94.3279 96.7532 -3.6
      vertex 94.9305 94.8986 -3.6
      vertex 94.7783 94.8356 -3.6
    endloop
  endfacet
  facet normal 0 0 -1
    outer loop
      vertex 93.893 96.573 -3.6
      vertex 94.7783 94.8356 -3.6
      vertex 94.6378 94.7495 -3.6
    endloop
  endfacet
  facet normal 0 0 -1
    outer loop
      vertex 93.4916 96.327 -3.6
      vertex 94.6378 94.7495 -3.6
      vertex 94.5125 94.6425 -3.6
    endloop
  endfacet
  facet normal 0 0 -1
    outer loop
      vertex 93.1337 96.0213 -3.6
      vertex 94.5125 94.6425 -3.6
      vertex 94.4055 94.5172 -3.6
    endloop
  endfacet
  facet normal 0 0 -1
    outer loop
      vertex 94.9305 94.8986 -3.6
      vertex 94.3279 96.7532 -3.6
      vertex 94.7857 96.8631 -3.6
    endloop
  endfacet
  facet normal 0 0 -1
    outer loop
      vertex 92.8279 95.6634 -3.6
      vertex 94.4055 94.5172 -3.6
      vertex 94.3194 94.3767 -3.6
    endloop
  endfacet
  facet normal 0 0 -1
    outer loop
      vertex 92.582 95.262 -3.6
      vertex 94.3194 94.3767 -3.6
      vertex 94.2564 94.2245 -3.6
    endloop
  endfacet
  facet normal 0 0 -1
    outer loop
      vertex 92.4018 94.827 -3.6
      vertex 94.2564 94.2245 -3.6
      vertex 94.2179 94.0643 -3.6
    endloop
  endfacet
  facet normal 0 0 -1
    outer loop
      vertex 92.2919 94.3693 -3.6
      vertex 94.2179 94.0643 -3.6
      vertex 94.205 93.9 -3.6
    endloop
  endfacet
  facet normal 0 0 -1
    outer loop
      vertex 92.582 92.538 -3.6
      vertex 94.3194 93.4233 -3.6
      vertex 92.8279 92.1366 -3.6
    endloop
  endfacet
  facet normal 0 0 -1
    outer loop
      vertex 94.7783 94.8356 -3.6
      vertex 93.893 96.573 -3.6
      vertex 94.3279 96.7532 -3.6
    endloop
  endfacet
  facet normal -0 0 -1
    outer loop
      vertex 94.3194 93.4233 -3.6
      vertex 92.582 92.538 -3.6
      vertex 94.2564 93.5755 -3.6
    endloop
  endfacet
  facet normal 0 0 -1
    outer loop
      vertex 94.6378 94.7495 -3.6
      vertex 93.4916 96.327 -3.6
      vertex 93.893 96.573 -3.6
    endloop
  endfacet
  facet normal 0 0 -1
    outer loop
      vertex 92.4018 92.9729 -3.6
      vertex 94.2564 93.5755 -3.6
      vertex 92.582 92.538 -3.6
    endloop
  endfacet
  facet normal 0 0 -1
    outer loop
      vertex 94.5125 94.6425 -3.6
      vertex 93.1337 96.0213 -3.6
      vertex 93.4916 96.327 -3.6
    endloop
  endfacet
  facet normal -0 0 -1
    outer loop
      vertex 94.2564 93.5755 -3.6
      vertex 92.4018 92.9729 -3.6
      vertex 94.2179 93.7357 -3.6
    endloop
  endfacet
  facet normal 0 0 -1
    outer loop
      vertex 94.4055 94.5172 -3.6
      vertex 92.8279 95.6634 -3.6
      vertex 93.1337 96.0213 -3.6
    endloop
  endfacet
  facet normal 0 0 -1
    outer loop
      vertex 92.2919 93.4307 -3.6
      vertex 94.2179 93.7357 -3.6
      vertex 92.4018 92.9729 -3.6
    endloop
  endfacet
  facet normal 0 0 -1
    outer loop
      vertex 94.3194 94.3767 -3.6
      vertex 92.582 95.262 -3.6
      vertex 92.8279 95.6634 -3.6
    endloop
  endfacet
  facet normal -0 0 -1
    outer loop
      vertex 94.2179 93.7357 -3.6
      vertex 92.2919 93.4307 -3.6
      vertex 94.205 93.9 -3.6
    endloop
  endfacet
  facet normal 0 0 -1
    outer loop
      vertex 94.2564 94.2245 -3.6
      vertex 92.4018 94.827 -3.6
      vertex 92.582 95.262 -3.6
    endloop
  endfacet
  facet normal 0 0 -1
    outer loop
      vertex 92.255 93.9 -3.6
      vertex 94.205 93.9 -3.6
      vertex 92.2919 93.4307 -3.6
    endloop
  endfacet
  facet normal 0 0 -1
    outer loop
      vertex 94.2179 94.0643 -3.6
      vertex 92.2919 94.3693 -3.6
      vertex 92.4018 94.827 -3.6
    endloop
  endfacet
  facet normal 0 0 -1
    outer loop
      vertex 94.205 93.9 -3.6
      vertex 92.255 93.9 -3.6
      vertex 92.2919 94.3693 -3.6
    endloop
  endfacet
  facet normal 0.760275 -0.649601 0
    outer loop
      vertex 97.3763 91.7787 0
      vertex 97.6821 92.1366 -3.6
      vertex 97.6821 92.1366 0
    endloop
  endfacet
  facet normal 0.760275 -0.649601 0
    outer loop
      vertex 97.6821 92.1366 -3.6
      vertex 97.3763 91.7787 0
      vertex 97.3763 91.7787 -3.6
    endloop
  endfacet
  facet normal 0.522378 -0.852714 0
    outer loop
      vertex 96.617 91.227 -3.6
      vertex 97.0184 91.4729 0
      vertex 96.617 91.227 0
    endloop
  endfacet
  facet normal 0.522378 -0.852714 0
    outer loop
      vertex 97.0184 91.4729 0
      vertex 96.617 91.227 -3.6
      vertex 97.0184 91.4729 -3.6
    endloop
  endfacet
  facet normal 0.38279 -0.923836 0
    outer loop
      vertex 96.1821 91.0468 -3.6
      vertex 96.617 91.227 0
      vertex 96.1821 91.0468 0
    endloop
  endfacet
  facet normal 0.38279 -0.923836 0
    outer loop
      vertex 96.617 91.227 0
      vertex 96.1821 91.0468 -3.6
      vertex 96.617 91.227 -3.6
    endloop
  endfacet
  facet normal 0.972374 -0.233429 0
    outer loop
      vertex 98.1082 92.9729 0
      vertex 98.2181 93.4307 -3.6
      vertex 98.2181 93.4307 0
    endloop
  endfacet
  facet normal 0.972374 -0.233429 0
    outer loop
      vertex 98.2181 93.4307 -3.6
      vertex 98.1082 92.9729 0
      vertex 98.1082 92.9729 -3.6
    endloop
  endfacet
  facet normal -0.38279 -0.923836 0
    outer loop
      vertex 93.893 91.227 -3.6
      vertex 94.3279 91.0468 0
      vertex 93.893 91.227 0
    endloop
  endfacet
  facet normal -0.38279 -0.923836 -0
    outer loop
      vertex 94.3279 91.0468 0
      vertex 93.893 91.227 -3.6
      vertex 94.3279 91.0468 -3.6
    endloop
  endfacet
  facet normal -0.233429 -0.972374 0
    outer loop
      vertex 94.3279 91.0468 -3.6
      vertex 94.7857 90.9369 0
      vertex 94.3279 91.0468 0
    endloop
  endfacet
  facet normal -0.233429 -0.972374 -0
    outer loop
      vertex 94.7857 90.9369 0
      vertex 94.3279 91.0468 -3.6
      vertex 94.7857 90.9369 -3.6
    endloop
  endfacet
  facet normal -0.760275 -0.649601 0
    outer loop
      vertex 93.1337 91.7787 -3.6
      vertex 92.8279 92.1366 0
      vertex 92.8279 92.1366 -3.6
    endloop
  endfacet
  facet normal -0.760275 -0.649601 0
    outer loop
      vertex 92.8279 92.1366 0
      vertex 93.1337 91.7787 -3.6
      vertex 93.1337 91.7787 0
    endloop
  endfacet
  facet normal -0.649601 -0.760275 0
    outer loop
      vertex 93.1337 91.7787 -3.6
      vertex 93.4916 91.4729 0
      vertex 93.1337 91.7787 0
    endloop
  endfacet
  facet normal -0.649601 -0.760275 -0
    outer loop
      vertex 93.4916 91.4729 0
      vertex 93.1337 91.7787 -3.6
      vertex 93.4916 91.4729 -3.6
    endloop
  endfacet
  facet normal -0.972374 -0.233429 0
    outer loop
      vertex 92.4018 92.9729 -3.6
      vertex 92.2919 93.4307 0
      vertex 92.2919 93.4307 -3.6
    endloop
  endfacet
  facet normal -0.972374 -0.233429 0
    outer loop
      vertex 92.2919 93.4307 0
      vertex 92.4018 92.9729 -3.6
      vertex 92.4018 92.9729 0
    endloop
  endfacet
  facet normal -0.852714 -0.522378 0
    outer loop
      vertex 92.8279 92.1366 -3.6
      vertex 92.582 92.538 0
      vertex 92.582 92.538 -3.6
    endloop
  endfacet
  facet normal -0.852714 -0.522378 0
    outer loop
      vertex 92.582 92.538 0
      vertex 92.8279 92.1366 -3.6
      vertex 92.8279 92.1366 0
    endloop
  endfacet
  facet normal -0.996932 -0.078274 0
    outer loop
      vertex 96.305 93.9 -3.6
      vertex 96.2921 94.0643 0
      vertex 96.2921 94.0643 -3.6
    endloop
  endfacet
  facet normal -0.996932 -0.078274 0
    outer loop
      vertex 96.2921 94.0643 0
      vertex 96.305 93.9 -3.6
      vertex 96.305 93.9 0
    endloop
  endfacet
  facet normal 0.996932 -0.078274 0
    outer loop
      vertex 94.205 93.9 0
      vertex 94.2179 94.0643 -3.6
      vertex 94.2179 94.0643 0
    endloop
  endfacet
  facet normal 0.996932 -0.078274 0
    outer loop
      vertex 94.2179 94.0643 -3.6
      vertex 94.205 93.9 0
      vertex 94.205 93.9 -3.6
    endloop
  endfacet
  facet normal 0.078274 -0.996932 0
    outer loop
      vertex 95.0907 94.9371 -3.6
      vertex 95.255 94.95 0
      vertex 95.0907 94.9371 0
    endloop
  endfacet
  facet normal 0.078274 -0.996932 0
    outer loop
      vertex 95.255 94.95 0
      vertex 95.0907 94.9371 -3.6
      vertex 95.255 94.95 -3.6
    endloop
  endfacet
  facet normal -0.078274 0.996932 0
    outer loop
      vertex 95.4193 92.8629 -3.6
      vertex 95.255 92.85 0
      vertex 95.4193 92.8629 0
    endloop
  endfacet
  facet normal -0.078274 0.996932 0
    outer loop
      vertex 95.255 92.85 0
      vertex 95.4193 92.8629 -3.6
      vertex 95.255 92.85 -3.6
    endloop
  endfacet
  facet normal -0.649391 -0.760455 0
    outer loop
      vertex 95.8722 94.7495 -3.6
      vertex 95.9975 94.6425 0
      vertex 95.8722 94.7495 0
    endloop
  endfacet
  facet normal -0.649391 -0.760455 -0
    outer loop
      vertex 95.9975 94.6425 0
      vertex 95.8722 94.7495 -3.6
      vertex 95.9975 94.6425 -3.6
    endloop
  endfacet
  facet normal 0.649391 -0.760455 0
    outer loop
      vertex 94.5125 94.6425 -3.6
      vertex 94.6378 94.7495 0
      vertex 94.5125 94.6425 0
    endloop
  endfacet
  facet normal 0.649391 -0.760455 0
    outer loop
      vertex 94.6378 94.7495 0
      vertex 94.5125 94.6425 -3.6
      vertex 94.6378 94.7495 -3.6
    endloop
  endfacet
  facet normal 0.382459 -0.923972 0
    outer loop
      vertex 94.7783 94.8356 -3.6
      vertex 94.9305 94.8986 0
      vertex 94.7783 94.8356 0
    endloop
  endfacet
  facet normal 0.382459 -0.923972 0
    outer loop
      vertex 94.9305 94.8986 0
      vertex 94.7783 94.8356 -3.6
      vertex 94.9305 94.8986 -3.6
    endloop
  endfacet
  facet normal -0.852636 0.522505 0
    outer loop
      vertex 96.1045 93.2828 -3.6
      vertex 96.1906 93.4233 0
      vertex 96.1906 93.4233 -3.6
    endloop
  endfacet
  facet normal -0.852636 0.522505 0
    outer loop
      vertex 96.1906 93.4233 0
      vertex 96.1045 93.2828 -3.6
      vertex 96.1045 93.2828 0
    endloop
  endfacet
  facet normal -0.923972 -0.382459 0
    outer loop
      vertex 96.2536 94.2245 -3.6
      vertex 96.1906 94.3767 0
      vertex 96.1906 94.3767 -3.6
    endloop
  endfacet
  facet normal -0.923972 -0.382459 0
    outer loop
      vertex 96.1906 94.3767 0
      vertex 96.2536 94.2245 -3.6
      vertex 96.2536 94.2245 0
    endloop
  endfacet
  facet normal -0.972316 -0.233671 0
    outer loop
      vertex 96.2921 94.0643 -3.6
      vertex 96.2536 94.2245 0
      vertex 96.2536 94.2245 -3.6
    endloop
  endfacet
  facet normal -0.972316 -0.233671 0
    outer loop
      vertex 96.2536 94.2245 0
      vertex 96.2921 94.0643 -3.6
      vertex 96.2921 94.0643 0
    endloop
  endfacet
  facet normal -0.382459 -0.923972 0
    outer loop
      vertex 95.5795 94.8986 -3.6
      vertex 95.7317 94.8356 0
      vertex 95.5795 94.8986 0
    endloop
  endfacet
  facet normal -0.382459 -0.923972 -0
    outer loop
      vertex 95.7317 94.8356 0
      vertex 95.5795 94.8986 -3.6
      vertex 95.7317 94.8356 -3.6
    endloop
  endfacet
  facet normal -0.233671 -0.972316 0
    outer loop
      vertex 95.4193 94.9371 -3.6
      vertex 95.5795 94.8986 0
      vertex 95.4193 94.9371 0
    endloop
  endfacet
  facet normal -0.233671 -0.972316 -0
    outer loop
      vertex 95.5795 94.8986 0
      vertex 95.4193 94.9371 -3.6
      vertex 95.5795 94.8986 -3.6
    endloop
  endfacet
  facet normal -0.522505 -0.852636 0
    outer loop
      vertex 95.7317 94.8356 -3.6
      vertex 95.8722 94.7495 0
      vertex 95.7317 94.8356 0
    endloop
  endfacet
  facet normal -0.522505 -0.852636 -0
    outer loop
      vertex 95.8722 94.7495 0
      vertex 95.7317 94.8356 -3.6
      vertex 95.8722 94.7495 -3.6
    endloop
  endfacet
  facet normal 0.852636 -0.522505 0
    outer loop
      vertex 94.3194 94.3767 0
      vertex 94.4055 94.5172 -3.6
      vertex 94.4055 94.5172 0
    endloop
  endfacet
  facet normal 0.852636 -0.522505 0
    outer loop
      vertex 94.4055 94.5172 -3.6
      vertex 94.3194 94.3767 0
      vertex 94.3194 94.3767 -3.6
    endloop
  endfacet
  facet normal 0.760455 -0.649391 0
    outer loop
      vertex 94.4055 94.5172 0
      vertex 94.5125 94.6425 -3.6
      vertex 94.5125 94.6425 0
    endloop
  endfacet
  facet normal 0.760455 -0.649391 0
    outer loop
      vertex 94.5125 94.6425 -3.6
      vertex 94.4055 94.5172 0
      vertex 94.4055 94.5172 -3.6
    endloop
  endfacet
  facet normal 0.522505 -0.852636 0
    outer loop
      vertex 94.6378 94.7495 -3.6
      vertex 94.7783 94.8356 0
      vertex 94.6378 94.7495 0
    endloop
  endfacet
  facet normal 0.522505 -0.852636 0
    outer loop
      vertex 94.7783 94.8356 0
      vertex 94.6378 94.7495 -3.6
      vertex 94.7783 94.8356 -3.6
    endloop
  endfacet
  facet normal 0.233671 -0.972316 0
    outer loop
      vertex 94.9305 94.8986 -3.6
      vertex 95.0907 94.9371 0
      vertex 94.9305 94.8986 0
    endloop
  endfacet
  facet normal 0.233671 -0.972316 0
    outer loop
      vertex 95.0907 94.9371 0
      vertex 94.9305 94.8986 -3.6
      vertex 95.0907 94.9371 -3.6
    endloop
  endfacet
  facet normal -0.996932 0.078274 0
    outer loop
      vertex 96.2921 93.7357 -3.6
      vertex 96.305 93.9 0
      vertex 96.305 93.9 -3.6
    endloop
  endfacet
  facet normal -0.996932 0.078274 0
    outer loop
      vertex 96.305 93.9 0
      vertex 96.2921 93.7357 -3.6
      vertex 96.2921 93.7357 0
    endloop
  endfacet
  facet normal -0.233671 0.972316 0
    outer loop
      vertex 95.5795 92.9014 -3.6
      vertex 95.4193 92.8629 0
      vertex 95.5795 92.9014 0
    endloop
  endfacet
  facet normal -0.233671 0.972316 0
    outer loop
      vertex 95.4193 92.8629 0
      vertex 95.5795 92.9014 -3.6
      vertex 95.4193 92.8629 -3.6
    endloop
  endfacet
  facet normal -0.522505 0.852636 0
    outer loop
      vertex 95.8722 93.0505 -3.6
      vertex 95.7317 92.9644 0
      vertex 95.8722 93.0505 0
    endloop
  endfacet
  facet normal -0.522505 0.852636 0
    outer loop
      vertex 95.7317 92.9644 0
      vertex 95.8722 93.0505 -3.6
      vertex 95.7317 92.9644 -3.6
    endloop
  endfacet
  facet normal -0.760455 -0.649391 0
    outer loop
      vertex 96.1045 94.5172 -3.6
      vertex 95.9975 94.6425 0
      vertex 95.9975 94.6425 -3.6
    endloop
  endfacet
  facet normal -0.760455 -0.649391 0
    outer loop
      vertex 95.9975 94.6425 0
      vertex 96.1045 94.5172 -3.6
      vertex 96.1045 94.5172 0
    endloop
  endfacet
  facet normal -0.852636 -0.522505 0
    outer loop
      vertex 96.1906 94.3767 -3.6
      vertex 96.1045 94.5172 0
      vertex 96.1045 94.5172 -3.6
    endloop
  endfacet
  facet normal -0.852636 -0.522505 0
    outer loop
      vertex 96.1045 94.5172 0
      vertex 96.1906 94.3767 -3.6
      vertex 96.1906 94.3767 0
    endloop
  endfacet
  facet normal -0.078274 -0.996932 0
    outer loop
      vertex 95.255 94.95 -3.6
      vertex 95.4193 94.9371 0
      vertex 95.255 94.95 0
    endloop
  endfacet
  facet normal -0.078274 -0.996932 -0
    outer loop
      vertex 95.4193 94.9371 0
      vertex 95.255 94.95 -3.6
      vertex 95.4193 94.9371 -3.6
    endloop
  endfacet
  facet normal 0.923972 -0.382459 0
    outer loop
      vertex 94.2564 94.2245 0
      vertex 94.3194 94.3767 -3.6
      vertex 94.3194 94.3767 0
    endloop
  endfacet
  facet normal 0.923972 -0.382459 0
    outer loop
      vertex 94.3194 94.3767 -3.6
      vertex 94.2564 94.2245 0
      vertex 94.2564 94.2245 -3.6
    endloop
  endfacet
  facet normal 0.972316 -0.233671 0
    outer loop
      vertex 94.2179 94.0643 0
      vertex 94.2564 94.2245 -3.6
      vertex 94.2564 94.2245 0
    endloop
  endfacet
  facet normal 0.972316 -0.233671 0
    outer loop
      vertex 94.2564 94.2245 -3.6
      vertex 94.2179 94.0643 0
      vertex 94.2179 94.0643 -3.6
    endloop
  endfacet
  facet normal 0.852636 0.522505 0
    outer loop
      vertex 94.4055 93.2828 0
      vertex 94.3194 93.4233 -3.6
      vertex 94.3194 93.4233 0
    endloop
  endfacet
  facet normal 0.852636 0.522505 0
    outer loop
      vertex 94.3194 93.4233 -3.6
      vertex 94.4055 93.2828 0
      vertex 94.4055 93.2828 -3.6
    endloop
  endfacet
  facet normal 0.760455 0.649391 0
    outer loop
      vertex 94.5125 93.1575 0
      vertex 94.4055 93.2828 -3.6
      vertex 94.4055 93.2828 0
    endloop
  endfacet
  facet normal 0.760455 0.649391 0
    outer loop
      vertex 94.4055 93.2828 -3.6
      vertex 94.5125 93.1575 0
      vertex 94.5125 93.1575 -3.6
    endloop
  endfacet
  facet normal -0.649391 0.760455 0
    outer loop
      vertex 95.9975 93.1575 -3.6
      vertex 95.8722 93.0505 0
      vertex 95.9975 93.1575 0
    endloop
  endfacet
  facet normal -0.649391 0.760455 0
    outer loop
      vertex 95.8722 93.0505 0
      vertex 95.9975 93.1575 -3.6
      vertex 95.8722 93.0505 -3.6
    endloop
  endfacet
  facet normal -0.923972 0.382459 0
    outer loop
      vertex 96.1906 93.4233 -3.6
      vertex 96.2536 93.5755 0
      vertex 96.2536 93.5755 -3.6
    endloop
  endfacet
  facet normal -0.923972 0.382459 0
    outer loop
      vertex 96.2536 93.5755 0
      vertex 96.1906 93.4233 -3.6
      vertex 96.1906 93.4233 0
    endloop
  endfacet
  facet normal 0.972316 0.233671 0
    outer loop
      vertex 94.2564 93.5755 0
      vertex 94.2179 93.7357 -3.6
      vertex 94.2179 93.7357 0
    endloop
  endfacet
  facet normal 0.972316 0.233671 0
    outer loop
      vertex 94.2179 93.7357 -3.6
      vertex 94.2564 93.5755 0
      vertex 94.2564 93.5755 -3.6
    endloop
  endfacet
  facet normal 0.996932 0.078274 0
    outer loop
      vertex 94.2179 93.7357 0
      vertex 94.205 93.9 -3.6
      vertex 94.205 93.9 0
    endloop
  endfacet
  facet normal 0.996932 0.078274 0
    outer loop
      vertex 94.205 93.9 -3.6
      vertex 94.2179 93.7357 0
      vertex 94.2179 93.7357 -3.6
    endloop
  endfacet
  facet normal 0.923972 0.382459 0
    outer loop
      vertex 94.3194 93.4233 0
      vertex 94.2564 93.5755 -3.6
      vertex 94.2564 93.5755 0
    endloop
  endfacet
  facet normal 0.923972 0.382459 0
    outer loop
      vertex 94.2564 93.5755 -3.6
      vertex 94.3194 93.4233 0
      vertex 94.3194 93.4233 -3.6
    endloop
  endfacet
  facet normal -0.760455 0.649391 0
    outer loop
      vertex 95.9975 93.1575 -3.6
      vertex 96.1045 93.2828 0
      vertex 96.1045 93.2828 -3.6
    endloop
  endfacet
  facet normal -0.760455 0.649391 0
    outer loop
      vertex 96.1045 93.2828 0
      vertex 95.9975 93.1575 -3.6
      vertex 95.9975 93.1575 0
    endloop
  endfacet
  facet normal -0.382459 0.923972 0
    outer loop
      vertex 95.7317 92.9644 -3.6
      vertex 95.5795 92.9014 0
      vertex 95.7317 92.9644 0
    endloop
  endfacet
  facet normal -0.382459 0.923972 0
    outer loop
      vertex 95.5795 92.9014 0
      vertex 95.7317 92.9644 -3.6
      vertex 95.5795 92.9014 -3.6
    endloop
  endfacet
  facet normal -0.972316 0.233671 0
    outer loop
      vertex 96.2536 93.5755 -3.6
      vertex 96.2921 93.7357 0
      vertex 96.2921 93.7357 -3.6
    endloop
  endfacet
  facet normal -0.972316 0.233671 0
    outer loop
      vertex 96.2921 93.7357 0
      vertex 96.2536 93.5755 -3.6
      vertex 96.2536 93.5755 0
    endloop
  endfacet
  facet normal 0.078274 0.996932 -0
    outer loop
      vertex 95.255 92.85 -3.6
      vertex 95.0907 92.8629 0
      vertex 95.255 92.85 0
    endloop
  endfacet
  facet normal 0.078274 0.996932 0
    outer loop
      vertex 95.0907 92.8629 0
      vertex 95.255 92.85 -3.6
      vertex 95.0907 92.8629 -3.6
    endloop
  endfacet
  facet normal 0.382459 0.923972 -0
    outer loop
      vertex 94.9305 92.9014 -3.6
      vertex 94.7783 92.9644 0
      vertex 94.9305 92.9014 0
    endloop
  endfacet
  facet normal 0.382459 0.923972 0
    outer loop
      vertex 94.7783 92.9644 0
      vertex 94.9305 92.9014 -3.6
      vertex 94.7783 92.9644 -3.6
    endloop
  endfacet
  facet normal 0.233671 0.972316 -0
    outer loop
      vertex 95.0907 92.8629 -3.6
      vertex 94.9305 92.9014 0
      vertex 95.0907 92.8629 0
    endloop
  endfacet
  facet normal 0.233671 0.972316 0
    outer loop
      vertex 94.9305 92.9014 0
      vertex 95.0907 92.8629 -3.6
      vertex 94.9305 92.9014 -3.6
    endloop
  endfacet
  facet normal 0.522505 0.852636 -0
    outer loop
      vertex 94.7783 92.9644 -3.6
      vertex 94.6378 93.0505 0
      vertex 94.7783 92.9644 0
    endloop
  endfacet
  facet normal 0.522505 0.852636 0
    outer loop
      vertex 94.6378 93.0505 0
      vertex 94.7783 92.9644 -3.6
      vertex 94.6378 93.0505 -3.6
    endloop
  endfacet
  facet normal 0.649391 0.760455 -0
    outer loop
      vertex 94.6378 93.0505 -3.6
      vertex 94.5125 93.1575 0
      vertex 94.6378 93.0505 0
    endloop
  endfacet
  facet normal 0.649391 0.760455 0
    outer loop
      vertex 94.5125 93.1575 0
      vertex 94.6378 93.0505 -3.6
      vertex 94.5125 93.1575 -3.6
    endloop
  endfacet
  facet normal 0.99693 0.0782949 0
    outer loop
      vertex -108.5 7.675 0
      vertex -108.543 8.22252 -10
      vertex -108.543 8.22252 0
    endloop
  endfacet
  facet normal 0.99693 0.0782949 0
    outer loop
      vertex -108.543 8.22252 -10
      vertex -108.5 7.675 0
      vertex -108.5 7.675 -10
    endloop
  endfacet
  facet normal -0.99693 0.0782949 0
    outer loop
      vertex -115.5 7.675 -10
      vertex -115.457 8.22252 0
      vertex -115.457 8.22252 -10
    endloop
  endfacet
  facet normal -0.99693 0.0782949 0
    outer loop
      vertex -115.457 8.22252 0
      vertex -115.5 7.675 -10
      vertex -115.5 7.675 0
    endloop
  endfacet
  facet normal 0.0784075 0.996921 -0
    outer loop
      vertex -111.452 11.1319 -10
      vertex -112 11.175 0
      vertex -111.452 11.1319 0
    endloop
  endfacet
  facet normal 0.0784075 0.996921 0
    outer loop
      vertex -112 11.175 0
      vertex -111.452 11.1319 -10
      vertex -112 11.175 -10
    endloop
  endfacet
  facet normal -0.0783894 -0.996923 0
    outer loop
      vertex -112.548 4.21809 -10
      vertex -112 4.175 0
      vertex -112.548 4.21809 0
    endloop
  endfacet
  facet normal -0.0783894 -0.996923 -0
    outer loop
      vertex -112 4.175 0
      vertex -112.548 4.21809 -10
      vertex -112 4.175 -10
    endloop
  endfacet
  facet normal -0.760119 -0.649784 0
    outer loop
      vertex -114.475 5.20013 -10
      vertex -114.832 5.61775 0
      vertex -114.832 5.61775 -10
    endloop
  endfacet
  facet normal -0.760119 -0.649784 0
    outer loop
      vertex -114.832 5.61775 0
      vertex -114.475 5.20013 -10
      vertex -114.475 5.20013 0
    endloop
  endfacet
  facet normal 0.760142 0.649757 0
    outer loop
      vertex -109.168 9.73225 0
      vertex -109.525 10.1499 -10
      vertex -109.525 10.1499 0
    endloop
  endfacet
  facet normal 0.760142 0.649757 0
    outer loop
      vertex -109.525 10.1499 -10
      vertex -109.168 9.73225 0
      vertex -109.168 9.73225 -10
    endloop
  endfacet
  facet normal -0.649126 0.760681 0
    outer loop
      vertex -114.057 10.5066 -10
      vertex -114.475 10.1499 0
      vertex -114.057 10.5066 0
    endloop
  endfacet
  facet normal -0.649126 0.760681 0
    outer loop
      vertex -114.475 10.1499 0
      vertex -114.057 10.5066 -10
      vertex -114.475 10.1499 -10
    endloop
  endfacet
  facet normal -0.233442 0.972371 0
    outer loop
      vertex -112.548 11.1319 -10
      vertex -113.082 11.0037 0
      vertex -112.548 11.1319 0
    endloop
  endfacet
  facet normal -0.233442 0.972371 0
    outer loop
      vertex -113.082 11.0037 0
      vertex -112.548 11.1319 -10
      vertex -113.082 11.0037 -10
    endloop
  endfacet
  facet normal -0.923993 -0.38241 0
    outer loop
      vertex -115.119 6.08603 -10
      vertex -115.329 6.59344 0
      vertex -115.329 6.59344 -10
    endloop
  endfacet
  facet normal -0.923993 -0.38241 0
    outer loop
      vertex -115.329 6.59344 0
      vertex -115.119 6.08603 -10
      vertex -115.119 6.08603 0
    endloop
  endfacet
  facet normal 0 0 -1
    outer loop
      vertex -110.75 7.675 -10
      vertex -108.5 7.675 -10
      vertex -108.543 7.12748 -10
    endloop
  endfacet
  facet normal 0 0 -1
    outer loop
      vertex -110.765 7.47946 -10
      vertex -108.543 7.12748 -10
      vertex -108.671 6.59344 -10
    endloop
  endfacet
  facet normal 0 0 -1
    outer loop
      vertex -108.5 7.675 -10
      vertex -110.75 7.675 -10
      vertex -108.543 8.22252 -10
    endloop
  endfacet
  facet normal 0 0 -1
    outer loop
      vertex -110.811 7.28873 -10
      vertex -108.671 6.59344 -10
      vertex -108.881 6.08603 -10
    endloop
  endfacet
  facet normal 0 0 -1
    outer loop
      vertex -110.765 7.87054 -10
      vertex -108.543 8.22252 -10
      vertex -110.75 7.675 -10
    endloop
  endfacet
  facet normal 0 0 -1
    outer loop
      vertex -110.886 7.10751 -10
      vertex -108.881 6.08603 -10
      vertex -109.168 5.61775 -10
    endloop
  endfacet
  facet normal -0 0 -1
    outer loop
      vertex -108.543 8.22252 -10
      vertex -110.765 7.87054 -10
      vertex -108.671 8.75656 -10
    endloop
  endfacet
  facet normal 0 0 -1
    outer loop
      vertex -110.989 6.94027 -10
      vertex -109.168 5.61775 -10
      vertex -109.525 5.20013 -10
    endloop
  endfacet
  facet normal 0 0 -1
    outer loop
      vertex -110.811 8.06127 -10
      vertex -108.671 8.75656 -10
      vertex -110.765 7.87054 -10
    endloop
  endfacet
  facet normal 0 0 -1
    outer loop
      vertex -111.116 6.79112 -10
      vertex -109.525 5.20013 -10
      vertex -109.943 4.84344 -10
    endloop
  endfacet
  facet normal -0 0 -1
    outer loop
      vertex -108.671 8.75656 -10
      vertex -110.811 8.06127 -10
      vertex -108.881 9.26397 -10
    endloop
  endfacet
  facet normal 0 0 -1
    outer loop
      vertex -111.265 6.66373 -10
      vertex -109.943 4.84344 -10
      vertex -110.411 4.55648 -10
    endloop
  endfacet
  facet normal 0 0 -1
    outer loop
      vertex -110.886 8.24249 -10
      vertex -108.881 9.26397 -10
      vertex -110.811 8.06127 -10
    endloop
  endfacet
  facet normal -0 0 -1
    outer loop
      vertex -108.881 9.26397 -10
      vertex -110.886 8.24249 -10
      vertex -109.168 9.73225 -10
    endloop
  endfacet
  facet normal 0 0 -1
    outer loop
      vertex -108.543 7.12748 -10
      vertex -110.765 7.47946 -10
      vertex -110.75 7.675 -10
    endloop
  endfacet
  facet normal 0 0 -1
    outer loop
      vertex -108.671 6.59344 -10
      vertex -110.811 7.28873 -10
      vertex -110.765 7.47946 -10
    endloop
  endfacet
  facet normal 0 0 -1
    outer loop
      vertex -108.881 6.08603 -10
      vertex -110.886 7.10751 -10
      vertex -110.811 7.28873 -10
    endloop
  endfacet
  facet normal 0 0 -1
    outer loop
      vertex -111.433 6.56124 -10
      vertex -110.411 4.55648 -10
      vertex -110.918 4.3463 -10
    endloop
  endfacet
  facet normal 0 0 -1
    outer loop
      vertex -109.168 5.61775 -10
      vertex -110.989 6.94027 -10
      vertex -110.886 7.10751 -10
    endloop
  endfacet
  facet normal 0 0 -1
    outer loop
      vertex -109.525 5.20013 -10
      vertex -111.116 6.79112 -10
      vertex -110.989 6.94027 -10
    endloop
  endfacet
  facet normal 0 0 -1
    outer loop
      vertex -109.943 4.84344 -10
      vertex -111.265 6.66373 -10
      vertex -111.116 6.79112 -10
    endloop
  endfacet
  facet normal 0 0 -1
    outer loop
      vertex -110.411 4.55648 -10
      vertex -111.433 6.56124 -10
      vertex -111.265 6.66373 -10
    endloop
  endfacet
  facet normal 0 0 -1
    outer loop
      vertex -111.614 6.48618 -10
      vertex -110.918 4.3463 -10
      vertex -111.452 4.21809 -10
    endloop
  endfacet
  facet normal 0 0 -1
    outer loop
      vertex -110.918 4.3463 -10
      vertex -111.614 6.48618 -10
      vertex -111.433 6.56124 -10
    endloop
  endfacet
  facet normal 0 0 -1
    outer loop
      vertex -111.452 4.21809 -10
      vertex -111.804 6.44039 -10
      vertex -111.614 6.48618 -10
    endloop
  endfacet
  facet normal 0 0 -1
    outer loop
      vertex -112 4.175 -10
      vertex -111.804 6.44039 -10
      vertex -111.452 4.21809 -10
    endloop
  endfacet
  facet normal 0 0 -1
    outer loop
      vertex -112 4.175 -10
      vertex -112 6.425 -10
      vertex -111.804 6.44039 -10
    endloop
  endfacet
  facet normal 0 0 -1
    outer loop
      vertex -112 4.175 -10
      vertex -112.196 6.44039 -10
      vertex -112 6.425 -10
    endloop
  endfacet
  facet normal 0 0 -1
    outer loop
      vertex -112.548 4.21809 -10
      vertex -112.196 6.44039 -10
      vertex -112 4.175 -10
    endloop
  endfacet
  facet normal -0 0 -1
    outer loop
      vertex -112.196 6.44039 -10
      vertex -112.548 4.21809 -10
      vertex -112.386 6.48618 -10
    endloop
  endfacet
  facet normal 0 0 -1
    outer loop
      vertex -113.082 4.3463 -10
      vertex -112.386 6.48618 -10
      vertex -112.548 4.21809 -10
    endloop
  endfacet
  facet normal -0 0 -1
    outer loop
      vertex -112.386 6.48618 -10
      vertex -113.082 4.3463 -10
      vertex -112.567 6.56124 -10
    endloop
  endfacet
  facet normal 0 0 -1
    outer loop
      vertex -113.589 4.55648 -10
      vertex -112.567 6.56124 -10
      vertex -113.082 4.3463 -10
    endloop
  endfacet
  facet normal -0 0 -1
    outer loop
      vertex -112.567 6.56124 -10
      vertex -113.589 4.55648 -10
      vertex -112.735 6.66373 -10
    endloop
  endfacet
  facet normal 0 0 -1
    outer loop
      vertex -114.057 4.84344 -10
      vertex -112.735 6.66373 -10
      vertex -113.589 4.55648 -10
    endloop
  endfacet
  facet normal -0 0 -1
    outer loop
      vertex -112.735 6.66373 -10
      vertex -114.057 4.84344 -10
      vertex -112.884 6.79112 -10
    endloop
  endfacet
  facet normal 0 0 -1
    outer loop
      vertex -114.475 5.20013 -10
      vertex -112.884 6.79112 -10
      vertex -114.057 4.84344 -10
    endloop
  endfacet
  facet normal -0 0 -1
    outer loop
      vertex -112.884 6.79112 -10
      vertex -114.475 5.20013 -10
      vertex -113.011 6.94027 -10
    endloop
  endfacet
  facet normal 0 0 -1
    outer loop
      vertex -114.832 5.61775 -10
      vertex -113.011 6.94027 -10
      vertex -114.475 5.20013 -10
    endloop
  endfacet
  facet normal -0 0 -1
    outer loop
      vertex -113.011 6.94027 -10
      vertex -114.832 5.61775 -10
      vertex -113.114 7.10751 -10
    endloop
  endfacet
  facet normal 0 0 -1
    outer loop
      vertex -110.989 8.40973 -10
      vertex -109.168 9.73225 -10
      vertex -110.886 8.24249 -10
    endloop
  endfacet
  facet normal -0 0 -1
    outer loop
      vertex -109.168 9.73225 -10
      vertex -110.989 8.40973 -10
      vertex -109.525 10.1499 -10
    endloop
  endfacet
  facet normal 0 0 -1
    outer loop
      vertex -111.116 8.55888 -10
      vertex -109.525 10.1499 -10
      vertex -110.989 8.40973 -10
    endloop
  endfacet
  facet normal -0 0 -1
    outer loop
      vertex -109.525 10.1499 -10
      vertex -111.116 8.55888 -10
      vertex -109.943 10.5066 -10
    endloop
  endfacet
  facet normal 0 0 -1
    outer loop
      vertex -111.265 8.68627 -10
      vertex -109.943 10.5066 -10
      vertex -111.116 8.55888 -10
    endloop
  endfacet
  facet normal -0 0 -1
    outer loop
      vertex -109.943 10.5066 -10
      vertex -111.265 8.68627 -10
      vertex -110.411 10.7935 -10
    endloop
  endfacet
  facet normal 0 0 -1
    outer loop
      vertex -111.433 8.78876 -10
      vertex -110.411 10.7935 -10
      vertex -111.265 8.68627 -10
    endloop
  endfacet
  facet normal -0 0 -1
    outer loop
      vertex -110.411 10.7935 -10
      vertex -111.433 8.78876 -10
      vertex -110.918 11.0037 -10
    endloop
  endfacet
  facet normal 0 0 -1
    outer loop
      vertex -111.614 8.86382 -10
      vertex -110.918 11.0037 -10
      vertex -111.433 8.78876 -10
    endloop
  endfacet
  facet normal -0 0 -1
    outer loop
      vertex -110.918 11.0037 -10
      vertex -111.614 8.86382 -10
      vertex -111.452 11.1319 -10
    endloop
  endfacet
  facet normal 0 0 -1
    outer loop
      vertex -111.804 8.90961 -10
      vertex -111.452 11.1319 -10
      vertex -111.614 8.86382 -10
    endloop
  endfacet
  facet normal 0 0 -1
    outer loop
      vertex -112 8.925 -10
      vertex -111.452 11.1319 -10
      vertex -111.804 8.90961 -10
    endloop
  endfacet
  facet normal 0 0 -1
    outer loop
      vertex -112 8.925 -10
      vertex -112 11.175 -10
      vertex -111.452 11.1319 -10
    endloop
  endfacet
  facet normal 0 0 -1
    outer loop
      vertex -112.196 8.90961 -10
      vertex -112 11.175 -10
      vertex -112 8.925 -10
    endloop
  endfacet
  facet normal 0 0 -1
    outer loop
      vertex -112.548 11.1319 -10
      vertex -112.196 8.90961 -10
      vertex -112.386 8.86382 -10
    endloop
  endfacet
  facet normal 0 0 -1
    outer loop
      vertex -112.196 8.90961 -10
      vertex -112.548 11.1319 -10
      vertex -112 11.175 -10
    endloop
  endfacet
  facet normal 0 0 -1
    outer loop
      vertex -113.082 11.0037 -10
      vertex -112.386 8.86382 -10
      vertex -112.567 8.78876 -10
    endloop
  endfacet
  facet normal 0 0 -1
    outer loop
      vertex -113.589 10.7935 -10
      vertex -112.567 8.78876 -10
      vertex -112.735 8.68627 -10
    endloop
  endfacet
  facet normal 0 0 -1
    outer loop
      vertex -114.057 10.5066 -10
      vertex -112.735 8.68627 -10
      vertex -112.884 8.55888 -10
    endloop
  endfacet
  facet normal 0 0 -1
    outer loop
      vertex -114.475 10.1499 -10
      vertex -112.884 8.55888 -10
      vertex -113.011 8.40973 -10
    endloop
  endfacet
  facet normal 0 0 -1
    outer loop
      vertex -112.386 8.86382 -10
      vertex -113.082 11.0037 -10
      vertex -112.548 11.1319 -10
    endloop
  endfacet
  facet normal 0 0 -1
    outer loop
      vertex -114.832 9.73225 -10
      vertex -113.011 8.40973 -10
      vertex -113.114 8.24249 -10
    endloop
  endfacet
  facet normal 0 0 -1
    outer loop
      vertex -115.119 9.26397 -10
      vertex -113.114 8.24249 -10
      vertex -113.189 8.06127 -10
    endloop
  endfacet
  facet normal 0 0 -1
    outer loop
      vertex -115.329 8.75656 -10
      vertex -113.189 8.06127 -10
      vertex -113.235 7.87054 -10
    endloop
  endfacet
  facet normal 0 0 -1
    outer loop
      vertex -115.457 8.22252 -10
      vertex -113.235 7.87054 -10
      vertex -113.25 7.675 -10
    endloop
  endfacet
  facet normal 0 0 -1
    outer loop
      vertex -115.119 6.08603 -10
      vertex -113.114 7.10751 -10
      vertex -114.832 5.61775 -10
    endloop
  endfacet
  facet normal 0 0 -1
    outer loop
      vertex -112.567 8.78876 -10
      vertex -113.589 10.7935 -10
      vertex -113.082 11.0037 -10
    endloop
  endfacet
  facet normal -0 0 -1
    outer loop
      vertex -113.114 7.10751 -10
      vertex -115.119 6.08603 -10
      vertex -113.189 7.28873 -10
    endloop
  endfacet
  facet normal 0 0 -1
    outer loop
      vertex -112.735 8.68627 -10
      vertex -114.057 10.5066 -10
      vertex -113.589 10.7935 -10
    endloop
  endfacet
  facet normal 0 0 -1
    outer loop
      vertex -115.329 6.59344 -10
      vertex -113.189 7.28873 -10
      vertex -115.119 6.08603 -10
    endloop
  endfacet
  facet normal 0 0 -1
    outer loop
      vertex -112.884 8.55888 -10
      vertex -114.475 10.1499 -10
      vertex -114.057 10.5066 -10
    endloop
  endfacet
  facet normal -0 0 -1
    outer loop
      vertex -113.189 7.28873 -10
      vertex -115.329 6.59344 -10
      vertex -113.235 7.47946 -10
    endloop
  endfacet
  facet normal 0 0 -1
    outer loop
      vertex -113.011 8.40973 -10
      vertex -114.832 9.73225 -10
      vertex -114.475 10.1499 -10
    endloop
  endfacet
  facet normal 0 0 -1
    outer loop
      vertex -115.457 7.12748 -10
      vertex -113.235 7.47946 -10
      vertex -115.329 6.59344 -10
    endloop
  endfacet
  facet normal 0 0 -1
    outer loop
      vertex -113.114 8.24249 -10
      vertex -115.119 9.26397 -10
      vertex -114.832 9.73225 -10
    endloop
  endfacet
  facet normal -0 0 -1
    outer loop
      vertex -113.235 7.47946 -10
      vertex -115.457 7.12748 -10
      vertex -113.25 7.675 -10
    endloop
  endfacet
  facet normal 0 0 -1
    outer loop
      vertex -113.189 8.06127 -10
      vertex -115.329 8.75656 -10
      vertex -115.119 9.26397 -10
    endloop
  endfacet
  facet normal 0 0 -1
    outer loop
      vertex -115.5 7.675 -10
      vertex -113.25 7.675 -10
      vertex -115.457 7.12748 -10
    endloop
  endfacet
  facet normal 0 0 -1
    outer loop
      vertex -113.235 7.87054 -10
      vertex -115.457 8.22252 -10
      vertex -115.329 8.75656 -10
    endloop
  endfacet
  facet normal 0 0 -1
    outer loop
      vertex -113.25 7.675 -10
      vertex -115.5 7.675 -10
      vertex -115.457 8.22252 -10
    endloop
  endfacet
  facet normal 0.923993 0.38241 0
    outer loop
      vertex -108.671 8.75656 0
      vertex -108.881 9.26397 -10
      vertex -108.881 9.26397 0
    endloop
  endfacet
  facet normal 0.923993 0.38241 0
    outer loop
      vertex -108.881 9.26397 -10
      vertex -108.671 8.75656 0
      vertex -108.671 8.75656 -10
    endloop
  endfacet
  facet normal 0.972457 0.233081 0
    outer loop
      vertex -108.543 8.22252 0
      vertex -108.671 8.75656 -10
      vertex -108.671 8.75656 0
    endloop
  endfacet
  facet normal 0.972457 0.233081 0
    outer loop
      vertex -108.671 8.75656 -10
      vertex -108.543 8.22252 0
      vertex -108.543 8.22252 -10
    endloop
  endfacet
  facet normal 0.85261 0.522548 0
    outer loop
      vertex -108.881 9.26397 0
      vertex -109.168 9.73225 -10
      vertex -109.168 9.73225 0
    endloop
  endfacet
  facet normal 0.85261 0.522548 0
    outer loop
      vertex -109.168 9.73225 -10
      vertex -108.881 9.26397 0
      vertex -108.881 9.26397 -10
    endloop
  endfacet
  facet normal 0.382985 0.923755 -0
    outer loop
      vertex -110.411 10.7935 -10
      vertex -110.918 11.0037 0
      vertex -110.411 10.7935 0
    endloop
  endfacet
  facet normal 0.382985 0.923755 0
    outer loop
      vertex -110.918 11.0037 0
      vertex -110.411 10.7935 -10
      vertex -110.918 11.0037 -10
    endloop
  endfacet
  facet normal 0.233442 0.972371 -0
    outer loop
      vertex -110.918 11.0037 -10
      vertex -111.452 11.1319 0
      vertex -110.918 11.0037 0
    endloop
  endfacet
  facet normal 0.233442 0.972371 0
    outer loop
      vertex -111.452 11.1319 0
      vertex -110.918 11.0037 -10
      vertex -111.452 11.1319 -10
    endloop
  endfacet
  facet normal 0.649126 0.760681 -0
    outer loop
      vertex -109.525 10.1499 -10
      vertex -109.943 10.5066 0
      vertex -109.525 10.1499 0
    endloop
  endfacet
  facet normal 0.649126 0.760681 0
    outer loop
      vertex -109.943 10.5066 0
      vertex -109.525 10.1499 -10
      vertex -109.943 10.5066 -10
    endloop
  endfacet
  facet normal -0.85261 0.522548 0
    outer loop
      vertex -115.119 9.26397 -10
      vertex -114.832 9.73225 0
      vertex -114.832 9.73225 -10
    endloop
  endfacet
  facet normal -0.85261 0.522548 0
    outer loop
      vertex -114.832 9.73225 0
      vertex -115.119 9.26397 -10
      vertex -115.119 9.26397 0
    endloop
  endfacet
  facet normal -0.760142 0.649757 0
    outer loop
      vertex -114.832 9.73225 -10
      vertex -114.475 10.1499 0
      vertex -114.475 10.1499 -10
    endloop
  endfacet
  facet normal -0.760142 0.649757 0
    outer loop
      vertex -114.475 10.1499 0
      vertex -114.832 9.73225 -10
      vertex -114.832 9.73225 0
    endloop
  endfacet
  facet normal -0.0784075 0.996921 0
    outer loop
      vertex -112 11.175 -10
      vertex -112.548 11.1319 0
      vertex -112 11.175 0
    endloop
  endfacet
  facet normal -0.0784075 0.996921 0
    outer loop
      vertex -112.548 11.1319 0
      vertex -112 11.175 -10
      vertex -112.548 11.1319 -10
    endloop
  endfacet
  facet normal 0.382954 -0.923768 0
    outer loop
      vertex -110.918 4.3463 -10
      vertex -110.411 4.55648 0
      vertex -110.918 4.3463 0
    endloop
  endfacet
  facet normal 0.382954 -0.923768 0
    outer loop
      vertex -110.411 4.55648 0
      vertex -110.918 4.3463 -10
      vertex -110.411 4.55648 -10
    endloop
  endfacet
  facet normal 0.0783894 -0.996923 0
    outer loop
      vertex -112 4.175 -10
      vertex -111.452 4.21809 0
      vertex -112 4.175 0
    endloop
  endfacet
  facet normal 0.0783894 -0.996923 0
    outer loop
      vertex -111.452 4.21809 0
      vertex -112 4.175 -10
      vertex -111.452 4.21809 -10
    endloop
  endfacet
  facet normal 0.522723 -0.852503 0
    outer loop
      vertex -110.411 4.55648 -10
      vertex -109.943 4.84344 0
      vertex -110.411 4.55648 0
    endloop
  endfacet
  facet normal 0.522723 -0.852503 0
    outer loop
      vertex -109.943 4.84344 0
      vertex -110.411 4.55648 -10
      vertex -109.943 4.84344 -10
    endloop
  endfacet
  facet normal 0.972457 -0.233081 0
    outer loop
      vertex -108.671 6.59344 0
      vertex -108.543 7.12748 -10
      vertex -108.543 7.12748 0
    endloop
  endfacet
  facet normal 0.972457 -0.233081 0
    outer loop
      vertex -108.543 7.12748 -10
      vertex -108.671 6.59344 0
      vertex -108.671 6.59344 -10
    endloop
  endfacet
  facet normal -0.649116 -0.76069 0
    outer loop
      vertex -114.475 5.20013 -10
      vertex -114.057 4.84344 0
      vertex -114.475 5.20013 0
    endloop
  endfacet
  facet normal -0.649116 -0.76069 -0
    outer loop
      vertex -114.057 4.84344 0
      vertex -114.475 5.20013 -10
      vertex -114.057 4.84344 -10
    endloop
  endfacet
  facet normal -0.85261 -0.522548 0
    outer loop
      vertex -114.832 5.61775 -10
      vertex -115.119 6.08603 0
      vertex -115.119 6.08603 -10
    endloop
  endfacet
  facet normal -0.85261 -0.522548 0
    outer loop
      vertex -115.119 6.08603 0
      vertex -114.832 5.61775 -10
      vertex -114.832 5.61775 0
    endloop
  endfacet
  facet normal -0.99693 -0.0782949 0
    outer loop
      vertex -115.457 7.12748 -10
      vertex -115.5 7.675 0
      vertex -115.5 7.675 -10
    endloop
  endfacet
  facet normal -0.99693 -0.0782949 0
    outer loop
      vertex -115.5 7.675 0
      vertex -115.457 7.12748 -10
      vertex -115.457 7.12748 0
    endloop
  endfacet
  facet normal 0.522643 0.852552 -0
    outer loop
      vertex -109.943 10.5066 -10
      vertex -110.411 10.7935 0
      vertex -109.943 10.5066 0
    endloop
  endfacet
  facet normal 0.522643 0.852552 0
    outer loop
      vertex -110.411 10.7935 0
      vertex -109.943 10.5066 -10
      vertex -110.411 10.7935 -10
    endloop
  endfacet
  facet normal -0.923993 0.38241 0
    outer loop
      vertex -115.329 8.75656 -10
      vertex -115.119 9.26397 0
      vertex -115.119 9.26397 -10
    endloop
  endfacet
  facet normal -0.923993 0.38241 0
    outer loop
      vertex -115.119 9.26397 0
      vertex -115.329 8.75656 -10
      vertex -115.329 8.75656 0
    endloop
  endfacet
  facet normal -0.972457 0.233081 0
    outer loop
      vertex -115.457 8.22252 -10
      vertex -115.329 8.75656 0
      vertex -115.329 8.75656 -10
    endloop
  endfacet
  facet normal -0.972457 0.233081 0
    outer loop
      vertex -115.329 8.75656 0
      vertex -115.457 8.22252 -10
      vertex -115.457 8.22252 0
    endloop
  endfacet
  facet normal -0.382985 0.923755 0
    outer loop
      vertex -113.082 11.0037 -10
      vertex -113.589 10.7935 0
      vertex -113.082 11.0037 0
    endloop
  endfacet
  facet normal -0.382985 0.923755 0
    outer loop
      vertex -113.589 10.7935 0
      vertex -113.082 11.0037 -10
      vertex -113.589 10.7935 -10
    endloop
  endfacet
  facet normal -0.522643 0.852552 0
    outer loop
      vertex -113.589 10.7935 -10
      vertex -114.057 10.5066 0
      vertex -113.589 10.7935 0
    endloop
  endfacet
  facet normal -0.522643 0.852552 0
    outer loop
      vertex -114.057 10.5066 0
      vertex -113.589 10.7935 -10
      vertex -114.057 10.5066 -10
    endloop
  endfacet
  facet normal 0.99693 -0.0782949 0
    outer loop
      vertex -108.543 7.12748 0
      vertex -108.5 7.675 -10
      vertex -108.5 7.675 0
    endloop
  endfacet
  facet normal 0.99693 -0.0782949 0
    outer loop
      vertex -108.5 7.675 -10
      vertex -108.543 7.12748 0
      vertex -108.543 7.12748 -10
    endloop
  endfacet
  facet normal 0.233459 -0.972367 0
    outer loop
      vertex -111.452 4.21809 -10
      vertex -110.918 4.3463 0
      vertex -111.452 4.21809 0
    endloop
  endfacet
  facet normal 0.233459 -0.972367 0
    outer loop
      vertex -110.918 4.3463 0
      vertex -111.452 4.21809 -10
      vertex -110.918 4.3463 -10
    endloop
  endfacet
  facet normal 0.649116 -0.76069 0
    outer loop
      vertex -109.943 4.84344 -10
      vertex -109.525 5.20013 0
      vertex -109.943 4.84344 0
    endloop
  endfacet
  facet normal 0.649116 -0.76069 0
    outer loop
      vertex -109.525 5.20013 0
      vertex -109.943 4.84344 -10
      vertex -109.525 5.20013 -10
    endloop
  endfacet
  facet normal 0.760119 -0.649784 0
    outer loop
      vertex -109.525 5.20013 0
      vertex -109.168 5.61775 -10
      vertex -109.168 5.61775 0
    endloop
  endfacet
  facet normal 0.760119 -0.649784 0
    outer loop
      vertex -109.168 5.61775 -10
      vertex -109.525 5.20013 0
      vertex -109.525 5.20013 -10
    endloop
  endfacet
  facet normal -0.522723 -0.852503 0
    outer loop
      vertex -114.057 4.84344 -10
      vertex -113.589 4.55648 0
      vertex -114.057 4.84344 0
    endloop
  endfacet
  facet normal -0.522723 -0.852503 -0
    outer loop
      vertex -113.589 4.55648 0
      vertex -114.057 4.84344 -10
      vertex -113.589 4.55648 -10
    endloop
  endfacet
  facet normal -0.382954 -0.923768 0
    outer loop
      vertex -113.589 4.55648 -10
      vertex -113.082 4.3463 0
      vertex -113.589 4.55648 0
    endloop
  endfacet
  facet normal -0.382954 -0.923768 -0
    outer loop
      vertex -113.082 4.3463 0
      vertex -113.589 4.55648 -10
      vertex -113.082 4.3463 -10
    endloop
  endfacet
  facet normal -0.972457 -0.233081 0
    outer loop
      vertex -115.329 6.59344 -10
      vertex -115.457 7.12748 0
      vertex -115.457 7.12748 -10
    endloop
  endfacet
  facet normal -0.972457 -0.233081 0
    outer loop
      vertex -115.457 7.12748 0
      vertex -115.329 6.59344 -10
      vertex -115.329 6.59344 0
    endloop
  endfacet
  facet normal 0.923993 -0.38241 0
    outer loop
      vertex -108.881 6.08603 0
      vertex -108.671 6.59344 -10
      vertex -108.671 6.59344 0
    endloop
  endfacet
  facet normal 0.923993 -0.38241 0
    outer loop
      vertex -108.671 6.59344 -10
      vertex -108.881 6.08603 0
      vertex -108.881 6.08603 -10
    endloop
  endfacet
  facet normal -0.233459 -0.972367 0
    outer loop
      vertex -113.082 4.3463 -10
      vertex -112.548 4.21809 0
      vertex -113.082 4.3463 0
    endloop
  endfacet
  facet normal -0.233459 -0.972367 -0
    outer loop
      vertex -112.548 4.21809 0
      vertex -113.082 4.3463 -10
      vertex -112.548 4.21809 -10
    endloop
  endfacet
  facet normal 0.85261 -0.522548 0
    outer loop
      vertex -109.168 5.61775 0
      vertex -108.881 6.08603 -10
      vertex -108.881 6.08603 0
    endloop
  endfacet
  facet normal 0.85261 -0.522548 0
    outer loop
      vertex -108.881 6.08603 -10
      vertex -109.168 5.61775 0
      vertex -109.168 5.61775 -10
    endloop
  endfacet
  facet normal -0.997071 -0.0764859 0
    outer loop
      vertex -110.75 7.675 -10
      vertex -110.765 7.87054 0
      vertex -110.765 7.87054 -10
    endloop
  endfacet
  facet normal -0.997071 -0.0764859 0
    outer loop
      vertex -110.765 7.87054 0
      vertex -110.75 7.675 -10
      vertex -110.75 7.675 0
    endloop
  endfacet
  facet normal 0.997071 -0.0764859 0
    outer loop
      vertex -113.25 7.675 0
      vertex -113.235 7.87054 -10
      vertex -113.235 7.87054 0
    endloop
  endfacet
  facet normal 0.997071 -0.0764859 0
    outer loop
      vertex -113.235 7.87054 -10
      vertex -113.25 7.675 0
      vertex -113.25 7.675 -10
    endloop
  endfacet
  facet normal 0.0782795 -0.996931 0
    outer loop
      vertex -112.196 8.90961 -10
      vertex -112 8.925 0
      vertex -112.196 8.90961 0
    endloop
  endfacet
  facet normal 0.0782795 -0.996931 0
    outer loop
      vertex -112 8.925 0
      vertex -112.196 8.90961 -10
      vertex -112 8.925 -10
    endloop
  endfacet
  facet normal -0.0782795 0.996931 0
    outer loop
      vertex -111.804 6.44039 -10
      vertex -112 6.425 0
      vertex -111.804 6.44039 0
    endloop
  endfacet
  facet normal -0.0782795 0.996931 0
    outer loop
      vertex -112 6.425 0
      vertex -111.804 6.44039 -10
      vertex -112 6.425 -10
    endloop
  endfacet
  facet normal -0.649837 -0.760073 0
    outer loop
      vertex -111.265 8.68627 -10
      vertex -111.116 8.55888 0
      vertex -111.265 8.68627 0
    endloop
  endfacet
  facet normal -0.649837 -0.760073 -0
    outer loop
      vertex -111.116 8.55888 0
      vertex -111.265 8.68627 -10
      vertex -111.116 8.55888 -10
    endloop
  endfacet
  facet normal 0.649837 -0.760073 0
    outer loop
      vertex -112.884 8.55888 -10
      vertex -112.735 8.68627 0
      vertex -112.884 8.55888 0
    endloop
  endfacet
  facet normal 0.649837 -0.760073 0
    outer loop
      vertex -112.735 8.68627 0
      vertex -112.884 8.55888 -10
      vertex -112.735 8.68627 -10
    endloop
  endfacet
  facet normal 0.383064 -0.923722 0
    outer loop
      vertex -112.567 8.78876 -10
      vertex -112.386 8.86382 0
      vertex -112.567 8.78876 0
    endloop
  endfacet
  facet normal 0.383064 -0.923722 0
    outer loop
      vertex -112.386 8.86382 0
      vertex -112.567 8.78876 -10
      vertex -112.386 8.86382 -10
    endloop
  endfacet
  facet normal -0.923994 -0.382406 0
    outer loop
      vertex -110.811 8.06127 -10
      vertex -110.886 8.24249 0
      vertex -110.886 8.24249 -10
    endloop
  endfacet
  facet normal -0.923994 -0.382406 0
    outer loop
      vertex -110.886 8.24249 0
      vertex -110.811 8.06127 -10
      vertex -110.811 8.06127 0
    endloop
  endfacet
  facet normal -0.972127 -0.234456 0
    outer loop
      vertex -110.765 7.87054 -10
      vertex -110.811 8.06127 0
      vertex -110.811 8.06127 -10
    endloop
  endfacet
  facet normal -0.972127 -0.234456 0
    outer loop
      vertex -110.811 8.06127 0
      vertex -110.765 7.87054 -10
      vertex -110.765 7.87054 0
    endloop
  endfacet
  facet normal -0.383064 -0.923722 0
    outer loop
      vertex -111.614 8.86382 -10
      vertex -111.433 8.78876 0
      vertex -111.614 8.86382 0
    endloop
  endfacet
  facet normal -0.383064 -0.923722 -0
    outer loop
      vertex -111.433 8.78876 0
      vertex -111.614 8.86382 -10
      vertex -111.433 8.78876 -10
    endloop
  endfacet
  facet normal -0.234292 -0.972166 0
    outer loop
      vertex -111.804 8.90961 -10
      vertex -111.614 8.86382 0
      vertex -111.804 8.90961 0
    endloop
  endfacet
  facet normal -0.234292 -0.972166 -0
    outer loop
      vertex -111.614 8.86382 0
      vertex -111.804 8.90961 -10
      vertex -111.614 8.86382 -10
    endloop
  endfacet
  facet normal -0.520796 -0.853681 0
    outer loop
      vertex -111.433 8.78876 -10
      vertex -111.265 8.68627 0
      vertex -111.433 8.78876 0
    endloop
  endfacet
  facet normal -0.520796 -0.853681 -0
    outer loop
      vertex -111.265 8.68627 0
      vertex -111.433 8.78876 -10
      vertex -111.265 8.68627 -10
    endloop
  endfacet
  facet normal 0.851469 -0.524404 0
    outer loop
      vertex -113.114 8.24249 0
      vertex -113.011 8.40973 -10
      vertex -113.011 8.40973 0
    endloop
  endfacet
  facet normal 0.851469 -0.524404 0
    outer loop
      vertex -113.011 8.40973 -10
      vertex -113.114 8.24249 0
      vertex -113.114 8.24249 -10
    endloop
  endfacet
  facet normal 0.761379 -0.648308 0
    outer loop
      vertex -113.011 8.40973 0
      vertex -112.884 8.55888 -10
      vertex -112.884 8.55888 0
    endloop
  endfacet
  facet normal 0.761379 -0.648308 0
    outer loop
      vertex -112.884 8.55888 -10
      vertex -113.011 8.40973 0
      vertex -113.011 8.40973 -10
    endloop
  endfacet
  facet normal 0.923994 -0.382406 0
    outer loop
      vertex -113.189 8.06127 0
      vertex -113.114 8.24249 -10
      vertex -113.114 8.24249 0
    endloop
  endfacet
  facet normal 0.923994 -0.382406 0
    outer loop
      vertex -113.114 8.24249 -10
      vertex -113.189 8.06127 0
      vertex -113.189 8.06127 -10
    endloop
  endfacet
  facet normal 0.520796 -0.853681 0
    outer loop
      vertex -112.735 8.68627 -10
      vertex -112.567 8.78876 0
      vertex -112.735 8.68627 0
    endloop
  endfacet
  facet normal 0.520796 -0.853681 0
    outer loop
      vertex -112.567 8.78876 0
      vertex -112.735 8.68627 -10
      vertex -112.567 8.78876 -10
    endloop
  endfacet
  facet normal 0.234292 -0.972166 0
    outer loop
      vertex -112.386 8.86382 -10
      vertex -112.196 8.90961 0
      vertex -112.386 8.86382 0
    endloop
  endfacet
  facet normal 0.234292 -0.972166 0
    outer loop
      vertex -112.196 8.90961 0
      vertex -112.386 8.86382 -10
      vertex -112.196 8.90961 -10
    endloop
  endfacet
  facet normal -0.851469 0.524404 0
    outer loop
      vertex -110.989 6.94027 -10
      vertex -110.886 7.10751 0
      vertex -110.886 7.10751 -10
    endloop
  endfacet
  facet normal -0.851469 0.524404 0
    outer loop
      vertex -110.886 7.10751 0
      vertex -110.989 6.94027 -10
      vertex -110.989 6.94027 0
    endloop
  endfacet
  facet normal -0.761379 -0.648308 0
    outer loop
      vertex -110.989 8.40973 -10
      vertex -111.116 8.55888 0
      vertex -111.116 8.55888 -10
    endloop
  endfacet
  facet normal -0.761379 -0.648308 0
    outer loop
      vertex -111.116 8.55888 0
      vertex -110.989 8.40973 -10
      vertex -110.989 8.40973 0
    endloop
  endfacet
  facet normal -0.851469 -0.524404 0
    outer loop
      vertex -110.886 8.24249 -10
      vertex -110.989 8.40973 0
      vertex -110.989 8.40973 -10
    endloop
  endfacet
  facet normal -0.851469 -0.524404 0
    outer loop
      vertex -110.989 8.40973 0
      vertex -110.886 8.24249 -10
      vertex -110.886 8.24249 0
    endloop
  endfacet
  facet normal -0.0782795 -0.996931 0
    outer loop
      vertex -112 8.925 -10
      vertex -111.804 8.90961 0
      vertex -112 8.925 0
    endloop
  endfacet
  facet normal -0.0782795 -0.996931 -0
    outer loop
      vertex -111.804 8.90961 0
      vertex -112 8.925 -10
      vertex -111.804 8.90961 -10
    endloop
  endfacet
  facet normal 0.972127 -0.234456 0
    outer loop
      vertex -113.235 7.87054 0
      vertex -113.189 8.06127 -10
      vertex -113.189 8.06127 0
    endloop
  endfacet
  facet normal 0.972127 -0.234456 0
    outer loop
      vertex -113.189 8.06127 -10
      vertex -113.235 7.87054 0
      vertex -113.235 7.87054 -10
    endloop
  endfacet
  facet normal -0.520796 0.853681 0
    outer loop
      vertex -111.265 6.66373 -10
      vertex -111.433 6.56124 0
      vertex -111.265 6.66373 0
    endloop
  endfacet
  facet normal -0.520796 0.853681 0
    outer loop
      vertex -111.433 6.56124 0
      vertex -111.265 6.66373 -10
      vertex -111.433 6.56124 -10
    endloop
  endfacet
  facet normal -0.761379 0.648308 0
    outer loop
      vertex -111.116 6.79112 -10
      vertex -110.989 6.94027 0
      vertex -110.989 6.94027 -10
    endloop
  endfacet
  facet normal -0.761379 0.648308 0
    outer loop
      vertex -110.989 6.94027 0
      vertex -111.116 6.79112 -10
      vertex -111.116 6.79112 0
    endloop
  endfacet
  facet normal -0.923994 0.382406 0
    outer loop
      vertex -110.886 7.10751 -10
      vertex -110.811 7.28873 0
      vertex -110.811 7.28873 -10
    endloop
  endfacet
  facet normal -0.923994 0.382406 0
    outer loop
      vertex -110.811 7.28873 0
      vertex -110.886 7.10751 -10
      vertex -110.886 7.10751 0
    endloop
  endfacet
  facet normal -0.972127 0.234456 0
    outer loop
      vertex -110.811 7.28873 -10
      vertex -110.765 7.47946 0
      vertex -110.765 7.47946 -10
    endloop
  endfacet
  facet normal -0.972127 0.234456 0
    outer loop
      vertex -110.765 7.47946 0
      vertex -110.811 7.28873 -10
      vertex -110.811 7.28873 0
    endloop
  endfacet
  facet normal 0.851469 0.524404 0
    outer loop
      vertex -113.011 6.94027 0
      vertex -113.114 7.10751 -10
      vertex -113.114 7.10751 0
    endloop
  endfacet
  facet normal 0.851469 0.524404 0
    outer loop
      vertex -113.114 7.10751 -10
      vertex -113.011 6.94027 0
      vertex -113.011 6.94027 -10
    endloop
  endfacet
  facet normal 0.761379 0.648308 0
    outer loop
      vertex -112.884 6.79112 0
      vertex -113.011 6.94027 -10
      vertex -113.011 6.94027 0
    endloop
  endfacet
  facet normal 0.761379 0.648308 0
    outer loop
      vertex -113.011 6.94027 -10
      vertex -112.884 6.79112 0
      vertex -112.884 6.79112 -10
    endloop
  endfacet
  facet normal -0.234292 0.972166 0
    outer loop
      vertex -111.614 6.48618 -10
      vertex -111.804 6.44039 0
      vertex -111.614 6.48618 0
    endloop
  endfacet
  facet normal -0.234292 0.972166 0
    outer loop
      vertex -111.804 6.44039 0
      vertex -111.614 6.48618 -10
      vertex -111.804 6.44039 -10
    endloop
  endfacet
  facet normal -0.997071 0.0764859 0
    outer loop
      vertex -110.765 7.47946 -10
      vertex -110.75 7.675 0
      vertex -110.75 7.675 -10
    endloop
  endfacet
  facet normal -0.997071 0.0764859 0
    outer loop
      vertex -110.75 7.675 0
      vertex -110.765 7.47946 -10
      vertex -110.765 7.47946 0
    endloop
  endfacet
  facet normal 0.923994 0.382406 0
    outer loop
      vertex -113.114 7.10751 0
      vertex -113.189 7.28873 -10
      vertex -113.189 7.28873 0
    endloop
  endfacet
  facet normal 0.923994 0.382406 0
    outer loop
      vertex -113.189 7.28873 -10
      vertex -113.114 7.10751 0
      vertex -113.114 7.10751 -10
    endloop
  endfacet
  facet normal -0.383064 0.923722 0
    outer loop
      vertex -111.433 6.56124 -10
      vertex -111.614 6.48618 0
      vertex -111.433 6.56124 0
    endloop
  endfacet
  facet normal -0.383064 0.923722 0
    outer loop
      vertex -111.614 6.48618 0
      vertex -111.433 6.56124 -10
      vertex -111.614 6.48618 -10
    endloop
  endfacet
  facet normal -0.649837 0.760073 0
    outer loop
      vertex -111.116 6.79112 -10
      vertex -111.265 6.66373 0
      vertex -111.116 6.79112 0
    endloop
  endfacet
  facet normal -0.649837 0.760073 0
    outer loop
      vertex -111.265 6.66373 0
      vertex -111.116 6.79112 -10
      vertex -111.265 6.66373 -10
    endloop
  endfacet
  facet normal 0.0782795 0.996931 -0
    outer loop
      vertex -112 6.425 -10
      vertex -112.196 6.44039 0
      vertex -112 6.425 0
    endloop
  endfacet
  facet normal 0.0782795 0.996931 0
    outer loop
      vertex -112.196 6.44039 0
      vertex -112 6.425 -10
      vertex -112.196 6.44039 -10
    endloop
  endfacet
  facet normal 0.383064 0.923722 -0
    outer loop
      vertex -112.386 6.48618 -10
      vertex -112.567 6.56124 0
      vertex -112.386 6.48618 0
    endloop
  endfacet
  facet normal 0.383064 0.923722 0
    outer loop
      vertex -112.567 6.56124 0
      vertex -112.386 6.48618 -10
      vertex -112.567 6.56124 -10
    endloop
  endfacet
  facet normal 0.234292 0.972166 -0
    outer loop
      vertex -112.196 6.44039 -10
      vertex -112.386 6.48618 0
      vertex -112.196 6.44039 0
    endloop
  endfacet
  facet normal 0.234292 0.972166 0
    outer loop
      vertex -112.386 6.48618 0
      vertex -112.196 6.44039 -10
      vertex -112.386 6.48618 -10
    endloop
  endfacet
  facet normal 0.972127 0.234456 0
    outer loop
      vertex -113.189 7.28873 0
      vertex -113.235 7.47946 -10
      vertex -113.235 7.47946 0
    endloop
  endfacet
  facet normal 0.972127 0.234456 0
    outer loop
      vertex -113.235 7.47946 -10
      vertex -113.189 7.28873 0
      vertex -113.189 7.28873 -10
    endloop
  endfacet
  facet normal 0.997071 0.0764859 0
    outer loop
      vertex -113.235 7.47946 0
      vertex -113.25 7.675 -10
      vertex -113.25 7.675 0
    endloop
  endfacet
  facet normal 0.997071 0.0764859 0
    outer loop
      vertex -113.25 7.675 -10
      vertex -113.235 7.47946 0
      vertex -113.235 7.47946 -10
    endloop
  endfacet
  facet normal 0.520796 0.853681 -0
    outer loop
      vertex -112.567 6.56124 -10
      vertex -112.735 6.66373 0
      vertex -112.567 6.56124 0
    endloop
  endfacet
  facet normal 0.520796 0.853681 0
    outer loop
      vertex -112.735 6.66373 0
      vertex -112.567 6.56124 -10
      vertex -112.735 6.66373 -10
    endloop
  endfacet
  facet normal 0.649837 0.760073 -0
    outer loop
      vertex -112.735 6.66373 -10
      vertex -112.884 6.79112 0
      vertex -112.735 6.66373 0
    endloop
  endfacet
  facet normal 0.649837 0.760073 0
    outer loop
      vertex -112.884 6.79112 0
      vertex -112.735 6.66373 -10
      vertex -112.884 6.79112 -10
    endloop
  endfacet
  facet normal 0.996936 0.0782267 0
    outer loop
      vertex -108.5 125.675 0
      vertex -108.543 126.223 -10
      vertex -108.543 126.223 0
    endloop
  endfacet
  facet normal 0.996936 0.0782267 0
    outer loop
      vertex -108.543 126.223 -10
      vertex -108.5 125.675 0
      vertex -108.5 125.675 -10
    endloop
  endfacet
  facet normal -0.996936 0.0782267 0
    outer loop
      vertex -115.5 125.675 -10
      vertex -115.457 126.223 0
      vertex -115.457 126.223 -10
    endloop
  endfacet
  facet normal -0.996936 0.0782267 0
    outer loop
      vertex -115.457 126.223 0
      vertex -115.5 125.675 -10
      vertex -115.5 125.675 0
    endloop
  endfacet
  facet normal 0.0782267 0.996936 -0
    outer loop
      vertex -111.452 129.132 -10
      vertex -112 129.175 0
      vertex -111.452 129.132 0
    endloop
  endfacet
  facet normal 0.0782267 0.996936 0
    outer loop
      vertex -112 129.175 0
      vertex -111.452 129.132 -10
      vertex -112 129.175 -10
    endloop
  endfacet
  facet normal -0.0782267 -0.996936 0
    outer loop
      vertex -112.548 122.218 -10
      vertex -112 122.175 0
      vertex -112.548 122.218 0
    endloop
  endfacet
  facet normal -0.0782267 -0.996936 -0
    outer loop
      vertex -112 122.175 0
      vertex -112.548 122.218 -10
      vertex -112 122.175 -10
    endloop
  endfacet
  facet normal -0.760411 -0.649442 0
    outer loop
      vertex -114.475 123.2 -10
      vertex -114.832 123.618 0
      vertex -114.832 123.618 -10
    endloop
  endfacet
  facet normal -0.760411 -0.649442 0
    outer loop
      vertex -114.832 123.618 0
      vertex -114.475 123.2 -10
      vertex -114.475 123.2 0
    endloop
  endfacet
  facet normal 0.760411 0.649442 0
    outer loop
      vertex -109.168 127.732 0
      vertex -109.525 128.15 -10
      vertex -109.525 128.15 0
    endloop
  endfacet
  facet normal 0.760411 0.649442 0
    outer loop
      vertex -109.525 128.15 -10
      vertex -109.168 127.732 0
      vertex -109.168 127.732 -10
    endloop
  endfacet
  facet normal -0.649442 0.760411 0
    outer loop
      vertex -114.057 128.507 -10
      vertex -114.475 128.15 0
      vertex -114.057 128.507 0
    endloop
  endfacet
  facet normal -0.649442 0.760411 0
    outer loop
      vertex -114.475 128.15 0
      vertex -114.057 128.507 -10
      vertex -114.475 128.15 -10
    endloop
  endfacet
  facet normal -0.233097 0.972453 0
    outer loop
      vertex -112.548 129.132 -10
      vertex -113.082 129.004 0
      vertex -112.548 129.132 0
    endloop
  endfacet
  facet normal -0.233097 0.972453 0
    outer loop
      vertex -113.082 129.004 0
      vertex -112.548 129.132 -10
      vertex -113.082 129.004 -10
    endloop
  endfacet
  facet normal -0.923884 -0.382674 0
    outer loop
      vertex -115.119 124.086 -10
      vertex -115.329 124.593 0
      vertex -115.329 124.593 -10
    endloop
  endfacet
  facet normal -0.923884 -0.382674 0
    outer loop
      vertex -115.329 124.593 0
      vertex -115.119 124.086 -10
      vertex -115.119 124.086 0
    endloop
  endfacet
  facet normal 0 0 -1
    outer loop
      vertex -110.75 125.675 -10
      vertex -108.5 125.675 -10
      vertex -108.543 125.127 -10
    endloop
  endfacet
  facet normal 0 0 -1
    outer loop
      vertex -110.765 125.479 -10
      vertex -108.543 125.127 -10
      vertex -108.671 124.593 -10
    endloop
  endfacet
  facet normal 0 0 -1
    outer loop
      vertex -108.5 125.675 -10
      vertex -110.75 125.675 -10
      vertex -108.543 126.223 -10
    endloop
  endfacet
  facet normal 0 0 -1
    outer loop
      vertex -110.811 125.289 -10
      vertex -108.671 124.593 -10
      vertex -108.881 124.086 -10
    endloop
  endfacet
  facet normal 0 0 -1
    outer loop
      vertex -110.765 125.871 -10
      vertex -108.543 126.223 -10
      vertex -110.75 125.675 -10
    endloop
  endfacet
  facet normal 0 0 -1
    outer loop
      vertex -110.886 125.108 -10
      vertex -108.881 124.086 -10
      vertex -109.168 123.618 -10
    endloop
  endfacet
  facet normal -0 0 -1
    outer loop
      vertex -108.543 126.223 -10
      vertex -110.765 125.871 -10
      vertex -108.671 126.757 -10
    endloop
  endfacet
  facet normal 0 0 -1
    outer loop
      vertex -110.989 124.94 -10
      vertex -109.168 123.618 -10
      vertex -109.525 123.2 -10
    endloop
  endfacet
  facet normal 0 0 -1
    outer loop
      vertex -110.811 126.061 -10
      vertex -108.671 126.757 -10
      vertex -110.765 125.871 -10
    endloop
  endfacet
  facet normal 0 0 -1
    outer loop
      vertex -111.116 124.791 -10
      vertex -109.525 123.2 -10
      vertex -109.943 122.843 -10
    endloop
  endfacet
  facet normal -0 0 -1
    outer loop
      vertex -108.671 126.757 -10
      vertex -110.811 126.061 -10
      vertex -108.881 127.264 -10
    endloop
  endfacet
  facet normal 0 0 -1
    outer loop
      vertex -111.265 124.664 -10
      vertex -109.943 122.843 -10
      vertex -110.411 122.556 -10
    endloop
  endfacet
  facet normal 0 0 -1
    outer loop
      vertex -110.886 126.242 -10
      vertex -108.881 127.264 -10
      vertex -110.811 126.061 -10
    endloop
  endfacet
  facet normal -0 0 -1
    outer loop
      vertex -108.881 127.264 -10
      vertex -110.886 126.242 -10
      vertex -109.168 127.732 -10
    endloop
  endfacet
  facet normal 0 0 -1
    outer loop
      vertex -108.543 125.127 -10
      vertex -110.765 125.479 -10
      vertex -110.75 125.675 -10
    endloop
  endfacet
  facet normal 0 0 -1
    outer loop
      vertex -108.671 124.593 -10
      vertex -110.811 125.289 -10
      vertex -110.765 125.479 -10
    endloop
  endfacet
  facet normal 0 0 -1
    outer loop
      vertex -108.881 124.086 -10
      vertex -110.886 125.108 -10
      vertex -110.811 125.289 -10
    endloop
  endfacet
  facet normal 0 0 -1
    outer loop
      vertex -111.433 124.561 -10
      vertex -110.411 122.556 -10
      vertex -110.918 122.346 -10
    endloop
  endfacet
  facet normal 0 0 -1
    outer loop
      vertex -109.168 123.618 -10
      vertex -110.989 124.94 -10
      vertex -110.886 125.108 -10
    endloop
  endfacet
  facet normal 0 0 -1
    outer loop
      vertex -109.525 123.2 -10
      vertex -111.116 124.791 -10
      vertex -110.989 124.94 -10
    endloop
  endfacet
  facet normal 0 0 -1
    outer loop
      vertex -109.943 122.843 -10
      vertex -111.265 124.664 -10
      vertex -111.116 124.791 -10
    endloop
  endfacet
  facet normal 0 0 -1
    outer loop
      vertex -110.411 122.556 -10
      vertex -111.433 124.561 -10
      vertex -111.265 124.664 -10
    endloop
  endfacet
  facet normal 0 0 -1
    outer loop
      vertex -111.614 124.486 -10
      vertex -110.918 122.346 -10
      vertex -111.452 122.218 -10
    endloop
  endfacet
  facet normal 0 0 -1
    outer loop
      vertex -110.918 122.346 -10
      vertex -111.614 124.486 -10
      vertex -111.433 124.561 -10
    endloop
  endfacet
  facet normal 0 0 -1
    outer loop
      vertex -111.452 122.218 -10
      vertex -111.804 124.44 -10
      vertex -111.614 124.486 -10
    endloop
  endfacet
  facet normal 0 0 -1
    outer loop
      vertex -112 122.175 -10
      vertex -111.804 124.44 -10
      vertex -111.452 122.218 -10
    endloop
  endfacet
  facet normal 0 0 -1
    outer loop
      vertex -112 122.175 -10
      vertex -112 124.425 -10
      vertex -111.804 124.44 -10
    endloop
  endfacet
  facet normal 0 0 -1
    outer loop
      vertex -112 122.175 -10
      vertex -112.196 124.44 -10
      vertex -112 124.425 -10
    endloop
  endfacet
  facet normal 0 0 -1
    outer loop
      vertex -112.548 122.218 -10
      vertex -112.196 124.44 -10
      vertex -112 122.175 -10
    endloop
  endfacet
  facet normal -0 0 -1
    outer loop
      vertex -112.196 124.44 -10
      vertex -112.548 122.218 -10
      vertex -112.386 124.486 -10
    endloop
  endfacet
  facet normal 0 0 -1
    outer loop
      vertex -113.082 122.346 -10
      vertex -112.386 124.486 -10
      vertex -112.548 122.218 -10
    endloop
  endfacet
  facet normal -0 0 -1
    outer loop
      vertex -112.386 124.486 -10
      vertex -113.082 122.346 -10
      vertex -112.567 124.561 -10
    endloop
  endfacet
  facet normal 0 0 -1
    outer loop
      vertex -113.589 122.556 -10
      vertex -112.567 124.561 -10
      vertex -113.082 122.346 -10
    endloop
  endfacet
  facet normal -0 0 -1
    outer loop
      vertex -112.567 124.561 -10
      vertex -113.589 122.556 -10
      vertex -112.735 124.664 -10
    endloop
  endfacet
  facet normal 0 0 -1
    outer loop
      vertex -114.057 122.843 -10
      vertex -112.735 124.664 -10
      vertex -113.589 122.556 -10
    endloop
  endfacet
  facet normal -0 0 -1
    outer loop
      vertex -112.735 124.664 -10
      vertex -114.057 122.843 -10
      vertex -112.884 124.791 -10
    endloop
  endfacet
  facet normal 0 0 -1
    outer loop
      vertex -114.475 123.2 -10
      vertex -112.884 124.791 -10
      vertex -114.057 122.843 -10
    endloop
  endfacet
  facet normal -0 0 -1
    outer loop
      vertex -112.884 124.791 -10
      vertex -114.475 123.2 -10
      vertex -113.011 124.94 -10
    endloop
  endfacet
  facet normal 0 0 -1
    outer loop
      vertex -114.832 123.618 -10
      vertex -113.011 124.94 -10
      vertex -114.475 123.2 -10
    endloop
  endfacet
  facet normal -0 0 -1
    outer loop
      vertex -113.011 124.94 -10
      vertex -114.832 123.618 -10
      vertex -113.114 125.108 -10
    endloop
  endfacet
  facet normal 0 0 -1
    outer loop
      vertex -110.989 126.41 -10
      vertex -109.168 127.732 -10
      vertex -110.886 126.242 -10
    endloop
  endfacet
  facet normal -0 0 -1
    outer loop
      vertex -109.168 127.732 -10
      vertex -110.989 126.41 -10
      vertex -109.525 128.15 -10
    endloop
  endfacet
  facet normal 0 0 -1
    outer loop
      vertex -111.116 126.559 -10
      vertex -109.525 128.15 -10
      vertex -110.989 126.41 -10
    endloop
  endfacet
  facet normal -0 0 -1
    outer loop
      vertex -109.525 128.15 -10
      vertex -111.116 126.559 -10
      vertex -109.943 128.507 -10
    endloop
  endfacet
  facet normal 0 0 -1
    outer loop
      vertex -111.265 126.686 -10
      vertex -109.943 128.507 -10
      vertex -111.116 126.559 -10
    endloop
  endfacet
  facet normal -0 0 -1
    outer loop
      vertex -109.943 128.507 -10
      vertex -111.265 126.686 -10
      vertex -110.411 128.794 -10
    endloop
  endfacet
  facet normal 0 0 -1
    outer loop
      vertex -111.433 126.789 -10
      vertex -110.411 128.794 -10
      vertex -111.265 126.686 -10
    endloop
  endfacet
  facet normal -0 0 -1
    outer loop
      vertex -110.411 128.794 -10
      vertex -111.433 126.789 -10
      vertex -110.918 129.004 -10
    endloop
  endfacet
  facet normal 0 0 -1
    outer loop
      vertex -111.614 126.864 -10
      vertex -110.918 129.004 -10
      vertex -111.433 126.789 -10
    endloop
  endfacet
  facet normal -0 0 -1
    outer loop
      vertex -110.918 129.004 -10
      vertex -111.614 126.864 -10
      vertex -111.452 129.132 -10
    endloop
  endfacet
  facet normal 0 0 -1
    outer loop
      vertex -111.804 126.91 -10
      vertex -111.452 129.132 -10
      vertex -111.614 126.864 -10
    endloop
  endfacet
  facet normal 0 0 -1
    outer loop
      vertex -112 126.925 -10
      vertex -111.452 129.132 -10
      vertex -111.804 126.91 -10
    endloop
  endfacet
  facet normal 0 0 -1
    outer loop
      vertex -112 126.925 -10
      vertex -112 129.175 -10
      vertex -111.452 129.132 -10
    endloop
  endfacet
  facet normal 0 0 -1
    outer loop
      vertex -112.196 126.91 -10
      vertex -112 129.175 -10
      vertex -112 126.925 -10
    endloop
  endfacet
  facet normal 0 0 -1
    outer loop
      vertex -112.548 129.132 -10
      vertex -112.196 126.91 -10
      vertex -112.386 126.864 -10
    endloop
  endfacet
  facet normal 0 0 -1
    outer loop
      vertex -112.196 126.91 -10
      vertex -112.548 129.132 -10
      vertex -112 129.175 -10
    endloop
  endfacet
  facet normal 0 0 -1
    outer loop
      vertex -113.082 129.004 -10
      vertex -112.386 126.864 -10
      vertex -112.567 126.789 -10
    endloop
  endfacet
  facet normal 0 0 -1
    outer loop
      vertex -113.589 128.794 -10
      vertex -112.567 126.789 -10
      vertex -112.735 126.686 -10
    endloop
  endfacet
  facet normal 0 0 -1
    outer loop
      vertex -114.057 128.507 -10
      vertex -112.735 126.686 -10
      vertex -112.884 126.559 -10
    endloop
  endfacet
  facet normal 0 0 -1
    outer loop
      vertex -114.475 128.15 -10
      vertex -112.884 126.559 -10
      vertex -113.011 126.41 -10
    endloop
  endfacet
  facet normal 0 0 -1
    outer loop
      vertex -112.386 126.864 -10
      vertex -113.082 129.004 -10
      vertex -112.548 129.132 -10
    endloop
  endfacet
  facet normal 0 0 -1
    outer loop
      vertex -114.832 127.732 -10
      vertex -113.011 126.41 -10
      vertex -113.114 126.242 -10
    endloop
  endfacet
  facet normal 0 0 -1
    outer loop
      vertex -115.119 127.264 -10
      vertex -113.114 126.242 -10
      vertex -113.189 126.061 -10
    endloop
  endfacet
  facet normal 0 0 -1
    outer loop
      vertex -115.329 126.757 -10
      vertex -113.189 126.061 -10
      vertex -113.235 125.871 -10
    endloop
  endfacet
  facet normal 0 0 -1
    outer loop
      vertex -115.457 126.223 -10
      vertex -113.235 125.871 -10
      vertex -113.25 125.675 -10
    endloop
  endfacet
  facet normal 0 0 -1
    outer loop
      vertex -115.119 124.086 -10
      vertex -113.114 125.108 -10
      vertex -114.832 123.618 -10
    endloop
  endfacet
  facet normal 0 0 -1
    outer loop
      vertex -112.567 126.789 -10
      vertex -113.589 128.794 -10
      vertex -113.082 129.004 -10
    endloop
  endfacet
  facet normal -0 0 -1
    outer loop
      vertex -113.114 125.108 -10
      vertex -115.119 124.086 -10
      vertex -113.189 125.289 -10
    endloop
  endfacet
  facet normal 0 0 -1
    outer loop
      vertex -112.735 126.686 -10
      vertex -114.057 128.507 -10
      vertex -113.589 128.794 -10
    endloop
  endfacet
  facet normal 0 0 -1
    outer loop
      vertex -115.329 124.593 -10
      vertex -113.189 125.289 -10
      vertex -115.119 124.086 -10
    endloop
  endfacet
  facet normal 0 0 -1
    outer loop
      vertex -112.884 126.559 -10
      vertex -114.475 128.15 -10
      vertex -114.057 128.507 -10
    endloop
  endfacet
  facet normal -0 0 -1
    outer loop
      vertex -113.189 125.289 -10
      vertex -115.329 124.593 -10
      vertex -113.235 125.479 -10
    endloop
  endfacet
  facet normal 0 0 -1
    outer loop
      vertex -113.011 126.41 -10
      vertex -114.832 127.732 -10
      vertex -114.475 128.15 -10
    endloop
  endfacet
  facet normal 0 0 -1
    outer loop
      vertex -115.457 125.127 -10
      vertex -113.235 125.479 -10
      vertex -115.329 124.593 -10
    endloop
  endfacet
  facet normal 0 0 -1
    outer loop
      vertex -113.114 126.242 -10
      vertex -115.119 127.264 -10
      vertex -114.832 127.732 -10
    endloop
  endfacet
  facet normal -0 0 -1
    outer loop
      vertex -113.235 125.479 -10
      vertex -115.457 125.127 -10
      vertex -113.25 125.675 -10
    endloop
  endfacet
  facet normal 0 0 -1
    outer loop
      vertex -113.189 126.061 -10
      vertex -115.329 126.757 -10
      vertex -115.119 127.264 -10
    endloop
  endfacet
  facet normal 0 0 -1
    outer loop
      vertex -115.5 125.675 -10
      vertex -113.25 125.675 -10
      vertex -115.457 125.127 -10
    endloop
  endfacet
  facet normal 0 0 -1
    outer loop
      vertex -113.235 125.871 -10
      vertex -115.457 126.223 -10
      vertex -115.329 126.757 -10
    endloop
  endfacet
  facet normal 0 0 -1
    outer loop
      vertex -113.25 125.675 -10
      vertex -115.5 125.675 -10
      vertex -115.457 126.223 -10
    endloop
  endfacet
  facet normal 0.923884 0.382674 0
    outer loop
      vertex -108.671 126.757 0
      vertex -108.881 127.264 -10
      vertex -108.881 127.264 0
    endloop
  endfacet
  facet normal 0.923884 0.382674 0
    outer loop
      vertex -108.881 127.264 -10
      vertex -108.671 126.757 0
      vertex -108.671 126.757 -10
    endloop
  endfacet
  facet normal 0.972453 0.233097 0
    outer loop
      vertex -108.543 126.223 0
      vertex -108.671 126.757 -10
      vertex -108.671 126.757 0
    endloop
  endfacet
  facet normal 0.972453 0.233097 0
    outer loop
      vertex -108.671 126.757 -10
      vertex -108.543 126.223 0
      vertex -108.543 126.223 -10
    endloop
  endfacet
  facet normal 0.85247 0.522776 0
    outer loop
      vertex -108.881 127.264 0
      vertex -109.168 127.732 -10
      vertex -109.168 127.732 0
    endloop
  endfacet
  facet normal 0.85247 0.522776 0
    outer loop
      vertex -109.168 127.732 -10
      vertex -108.881 127.264 0
      vertex -108.881 127.264 -10
    endloop
  endfacet
  facet normal 0.382674 0.923884 -0
    outer loop
      vertex -110.411 128.794 -10
      vertex -110.918 129.004 0
      vertex -110.411 128.794 0
    endloop
  endfacet
  facet normal 0.382674 0.923884 0
    outer loop
      vertex -110.918 129.004 0
      vertex -110.411 128.794 -10
      vertex -110.918 129.004 -10
    endloop
  endfacet
  facet normal 0.233097 0.972453 -0
    outer loop
      vertex -110.918 129.004 -10
      vertex -111.452 129.132 0
      vertex -110.918 129.004 0
    endloop
  endfacet
  facet normal 0.233097 0.972453 0
    outer loop
      vertex -111.452 129.132 0
      vertex -110.918 129.004 -10
      vertex -111.452 129.132 -10
    endloop
  endfacet
  facet normal 0.649442 0.760411 -0
    outer loop
      vertex -109.525 128.15 -10
      vertex -109.943 128.507 0
      vertex -109.525 128.15 0
    endloop
  endfacet
  facet normal 0.649442 0.760411 0
    outer loop
      vertex -109.943 128.507 0
      vertex -109.525 128.15 -10
      vertex -109.943 128.507 -10
    endloop
  endfacet
  facet normal -0.85247 0.522776 0
    outer loop
      vertex -115.119 127.264 -10
      vertex -114.832 127.732 0
      vertex -114.832 127.732 -10
    endloop
  endfacet
  facet normal -0.85247 0.522776 0
    outer loop
      vertex -114.832 127.732 0
      vertex -115.119 127.264 -10
      vertex -115.119 127.264 0
    endloop
  endfacet
  facet normal -0.760411 0.649442 0
    outer loop
      vertex -114.832 127.732 -10
      vertex -114.475 128.15 0
      vertex -114.475 128.15 -10
    endloop
  endfacet
  facet normal -0.760411 0.649442 0
    outer loop
      vertex -114.475 128.15 0
      vertex -114.832 127.732 -10
      vertex -114.832 127.732 0
    endloop
  endfacet
  facet normal -0.0782267 0.996936 0
    outer loop
      vertex -112 129.175 -10
      vertex -112.548 129.132 0
      vertex -112 129.175 0
    endloop
  endfacet
  facet normal -0.0782267 0.996936 0
    outer loop
      vertex -112.548 129.132 0
      vertex -112 129.175 -10
      vertex -112.548 129.132 -10
    endloop
  endfacet
  facet normal 0.382674 -0.923884 0
    outer loop
      vertex -110.918 122.346 -10
      vertex -110.411 122.556 0
      vertex -110.918 122.346 0
    endloop
  endfacet
  facet normal 0.382674 -0.923884 0
    outer loop
      vertex -110.411 122.556 0
      vertex -110.918 122.346 -10
      vertex -110.411 122.556 -10
    endloop
  endfacet
  facet normal 0.0782267 -0.996936 0
    outer loop
      vertex -112 122.175 -10
      vertex -111.452 122.218 0
      vertex -112 122.175 0
    endloop
  endfacet
  facet normal 0.0782267 -0.996936 0
    outer loop
      vertex -111.452 122.218 0
      vertex -112 122.175 -10
      vertex -111.452 122.218 -10
    endloop
  endfacet
  facet normal 0.522776 -0.85247 0
    outer loop
      vertex -110.411 122.556 -10
      vertex -109.943 122.843 0
      vertex -110.411 122.556 0
    endloop
  endfacet
  facet normal 0.522776 -0.85247 0
    outer loop
      vertex -109.943 122.843 0
      vertex -110.411 122.556 -10
      vertex -109.943 122.843 -10
    endloop
  endfacet
  facet normal 0.972453 -0.233097 0
    outer loop
      vertex -108.671 124.593 0
      vertex -108.543 125.127 -10
      vertex -108.543 125.127 0
    endloop
  endfacet
  facet normal 0.972453 -0.233097 0
    outer loop
      vertex -108.543 125.127 -10
      vertex -108.671 124.593 0
      vertex -108.671 124.593 -10
    endloop
  endfacet
  facet normal -0.649442 -0.760411 0
    outer loop
      vertex -114.475 123.2 -10
      vertex -114.057 122.843 0
      vertex -114.475 123.2 0
    endloop
  endfacet
  facet normal -0.649442 -0.760411 -0
    outer loop
      vertex -114.057 122.843 0
      vertex -114.475 123.2 -10
      vertex -114.057 122.843 -10
    endloop
  endfacet
  facet normal -0.85247 -0.522776 0
    outer loop
      vertex -114.832 123.618 -10
      vertex -115.119 124.086 0
      vertex -115.119 124.086 -10
    endloop
  endfacet
  facet normal -0.85247 -0.522776 0
    outer loop
      vertex -115.119 124.086 0
      vertex -114.832 123.618 -10
      vertex -114.832 123.618 0
    endloop
  endfacet
  facet normal -0.996936 -0.0782267 0
    outer loop
      vertex -115.457 125.127 -10
      vertex -115.5 125.675 0
      vertex -115.5 125.675 -10
    endloop
  endfacet
  facet normal -0.996936 -0.0782267 0
    outer loop
      vertex -115.5 125.675 0
      vertex -115.457 125.127 -10
      vertex -115.457 125.127 0
    endloop
  endfacet
  facet normal 0.522776 0.85247 -0
    outer loop
      vertex -109.943 128.507 -10
      vertex -110.411 128.794 0
      vertex -109.943 128.507 0
    endloop
  endfacet
  facet normal 0.522776 0.85247 0
    outer loop
      vertex -110.411 128.794 0
      vertex -109.943 128.507 -10
      vertex -110.411 128.794 -10
    endloop
  endfacet
  facet normal -0.923884 0.382674 0
    outer loop
      vertex -115.329 126.757 -10
      vertex -115.119 127.264 0
      vertex -115.119 127.264 -10
    endloop
  endfacet
  facet normal -0.923884 0.382674 0
    outer loop
      vertex -115.119 127.264 0
      vertex -115.329 126.757 -10
      vertex -115.329 126.757 0
    endloop
  endfacet
  facet normal -0.972453 0.233097 0
    outer loop
      vertex -115.457 126.223 -10
      vertex -115.329 126.757 0
      vertex -115.329 126.757 -10
    endloop
  endfacet
  facet normal -0.972453 0.233097 0
    outer loop
      vertex -115.329 126.757 0
      vertex -115.457 126.223 -10
      vertex -115.457 126.223 0
    endloop
  endfacet
  facet normal -0.382674 0.923884 0
    outer loop
      vertex -113.082 129.004 -10
      vertex -113.589 128.794 0
      vertex -113.082 129.004 0
    endloop
  endfacet
  facet normal -0.382674 0.923884 0
    outer loop
      vertex -113.589 128.794 0
      vertex -113.082 129.004 -10
      vertex -113.589 128.794 -10
    endloop
  endfacet
  facet normal -0.522776 0.85247 0
    outer loop
      vertex -113.589 128.794 -10
      vertex -114.057 128.507 0
      vertex -113.589 128.794 0
    endloop
  endfacet
  facet normal -0.522776 0.85247 0
    outer loop
      vertex -114.057 128.507 0
      vertex -113.589 128.794 -10
      vertex -114.057 128.507 -10
    endloop
  endfacet
  facet normal 0.996936 -0.0782267 0
    outer loop
      vertex -108.543 125.127 0
      vertex -108.5 125.675 -10
      vertex -108.5 125.675 0
    endloop
  endfacet
  facet normal 0.996936 -0.0782267 0
    outer loop
      vertex -108.5 125.675 -10
      vertex -108.543 125.127 0
      vertex -108.543 125.127 -10
    endloop
  endfacet
  facet normal 0.233097 -0.972453 0
    outer loop
      vertex -111.452 122.218 -10
      vertex -110.918 122.346 0
      vertex -111.452 122.218 0
    endloop
  endfacet
  facet normal 0.233097 -0.972453 0
    outer loop
      vertex -110.918 122.346 0
      vertex -111.452 122.218 -10
      vertex -110.918 122.346 -10
    endloop
  endfacet
  facet normal 0.649442 -0.760411 0
    outer loop
      vertex -109.943 122.843 -10
      vertex -109.525 123.2 0
      vertex -109.943 122.843 0
    endloop
  endfacet
  facet normal 0.649442 -0.760411 0
    outer loop
      vertex -109.525 123.2 0
      vertex -109.943 122.843 -10
      vertex -109.525 123.2 -10
    endloop
  endfacet
  facet normal 0.760411 -0.649442 0
    outer loop
      vertex -109.525 123.2 0
      vertex -109.168 123.618 -10
      vertex -109.168 123.618 0
    endloop
  endfacet
  facet normal 0.760411 -0.649442 0
    outer loop
      vertex -109.168 123.618 -10
      vertex -109.525 123.2 0
      vertex -109.525 123.2 -10
    endloop
  endfacet
  facet normal -0.522776 -0.85247 0
    outer loop
      vertex -114.057 122.843 -10
      vertex -113.589 122.556 0
      vertex -114.057 122.843 0
    endloop
  endfacet
  facet normal -0.522776 -0.85247 -0
    outer loop
      vertex -113.589 122.556 0
      vertex -114.057 122.843 -10
      vertex -113.589 122.556 -10
    endloop
  endfacet
  facet normal -0.382674 -0.923884 0
    outer loop
      vertex -113.589 122.556 -10
      vertex -113.082 122.346 0
      vertex -113.589 122.556 0
    endloop
  endfacet
  facet normal -0.382674 -0.923884 -0
    outer loop
      vertex -113.082 122.346 0
      vertex -113.589 122.556 -10
      vertex -113.082 122.346 -10
    endloop
  endfacet
  facet normal -0.972453 -0.233097 0
    outer loop
      vertex -115.329 124.593 -10
      vertex -115.457 125.127 0
      vertex -115.457 125.127 -10
    endloop
  endfacet
  facet normal -0.972453 -0.233097 0
    outer loop
      vertex -115.457 125.127 0
      vertex -115.329 124.593 -10
      vertex -115.329 124.593 0
    endloop
  endfacet
  facet normal 0.923884 -0.382674 0
    outer loop
      vertex -108.881 124.086 0
      vertex -108.671 124.593 -10
      vertex -108.671 124.593 0
    endloop
  endfacet
  facet normal 0.923884 -0.382674 0
    outer loop
      vertex -108.671 124.593 -10
      vertex -108.881 124.086 0
      vertex -108.881 124.086 -10
    endloop
  endfacet
  facet normal -0.233097 -0.972453 0
    outer loop
      vertex -113.082 122.346 -10
      vertex -112.548 122.218 0
      vertex -113.082 122.346 0
    endloop
  endfacet
  facet normal -0.233097 -0.972453 -0
    outer loop
      vertex -112.548 122.218 0
      vertex -113.082 122.346 -10
      vertex -112.548 122.218 -10
    endloop
  endfacet
  facet normal 0.85247 -0.522776 0
    outer loop
      vertex -109.168 123.618 0
      vertex -108.881 124.086 -10
      vertex -108.881 124.086 0
    endloop
  endfacet
  facet normal 0.85247 -0.522776 0
    outer loop
      vertex -108.881 124.086 -10
      vertex -109.168 123.618 0
      vertex -109.168 123.618 -10
    endloop
  endfacet
  facet normal -0.997084 -0.0763075 0
    outer loop
      vertex -110.75 125.675 -10
      vertex -110.765 125.871 0
      vertex -110.765 125.871 -10
    endloop
  endfacet
  facet normal -0.997084 -0.0763075 0
    outer loop
      vertex -110.765 125.871 0
      vertex -110.75 125.675 -10
      vertex -110.75 125.675 0
    endloop
  endfacet
  facet normal 0.997084 -0.0763075 0
    outer loop
      vertex -113.25 125.675 0
      vertex -113.235 125.871 -10
      vertex -113.235 125.871 0
    endloop
  endfacet
  facet normal 0.997084 -0.0763075 0
    outer loop
      vertex -113.235 125.871 -10
      vertex -113.25 125.675 0
      vertex -113.25 125.675 -10
    endloop
  endfacet
  facet normal 0.0763075 -0.997084 0
    outer loop
      vertex -112.196 126.91 -10
      vertex -112 126.925 0
      vertex -112.196 126.91 0
    endloop
  endfacet
  facet normal 0.0763075 -0.997084 0
    outer loop
      vertex -112 126.925 0
      vertex -112.196 126.91 -10
      vertex -112 126.925 -10
    endloop
  endfacet
  facet normal -0.0763075 0.997084 0
    outer loop
      vertex -111.804 124.44 -10
      vertex -112 124.425 0
      vertex -111.804 124.44 0
    endloop
  endfacet
  facet normal -0.0763075 0.997084 0
    outer loop
      vertex -112 124.425 0
      vertex -111.804 124.44 -10
      vertex -112 124.425 -10
    endloop
  endfacet
  facet normal -0.648686 -0.761056 0
    outer loop
      vertex -111.265 126.686 -10
      vertex -111.116 126.559 0
      vertex -111.265 126.686 0
    endloop
  endfacet
  facet normal -0.648686 -0.761056 -0
    outer loop
      vertex -111.116 126.559 0
      vertex -111.265 126.686 -10
      vertex -111.116 126.559 -10
    endloop
  endfacet
  facet normal 0.648686 -0.761056 0
    outer loop
      vertex -112.884 126.559 -10
      vertex -112.735 126.686 0
      vertex -112.884 126.559 0
    endloop
  endfacet
  facet normal 0.648686 -0.761056 0
    outer loop
      vertex -112.735 126.686 0
      vertex -112.884 126.559 -10
      vertex -112.735 126.686 -10
    endloop
  endfacet
  facet normal 0.382803 -0.92383 0
    outer loop
      vertex -112.567 126.789 -10
      vertex -112.386 126.864 0
      vertex -112.567 126.789 0
    endloop
  endfacet
  facet normal 0.382803 -0.92383 0
    outer loop
      vertex -112.386 126.864 0
      vertex -112.567 126.789 -10
      vertex -112.386 126.864 -10
    endloop
  endfacet
  facet normal -0.92383 -0.382803 0
    outer loop
      vertex -110.811 126.061 -10
      vertex -110.886 126.242 0
      vertex -110.886 126.242 -10
    endloop
  endfacet
  facet normal -0.92383 -0.382803 0
    outer loop
      vertex -110.886 126.242 0
      vertex -110.811 126.061 -10
      vertex -110.811 126.061 0
    endloop
  endfacet
  facet normal -0.971921 -0.235307 0
    outer loop
      vertex -110.765 125.871 -10
      vertex -110.811 126.061 0
      vertex -110.811 126.061 -10
    endloop
  endfacet
  facet normal -0.971921 -0.235307 0
    outer loop
      vertex -110.811 126.061 0
      vertex -110.765 125.871 -10
      vertex -110.765 125.871 0
    endloop
  endfacet
  facet normal -0.382803 -0.92383 0
    outer loop
      vertex -111.614 126.864 -10
      vertex -111.433 126.789 0
      vertex -111.614 126.864 0
    endloop
  endfacet
  facet normal -0.382803 -0.92383 -0
    outer loop
      vertex -111.433 126.789 0
      vertex -111.614 126.864 -10
      vertex -111.433 126.789 -10
    endloop
  endfacet
  facet normal -0.235307 -0.971921 0
    outer loop
      vertex -111.804 126.91 -10
      vertex -111.614 126.864 0
      vertex -111.804 126.91 0
    endloop
  endfacet
  facet normal -0.235307 -0.971921 -0
    outer loop
      vertex -111.614 126.864 0
      vertex -111.804 126.91 -10
      vertex -111.614 126.864 -10
    endloop
  endfacet
  facet normal -0.522681 -0.852528 0
    outer loop
      vertex -111.433 126.789 -10
      vertex -111.265 126.686 0
      vertex -111.433 126.789 0
    endloop
  endfacet
  facet normal -0.522681 -0.852528 -0
    outer loop
      vertex -111.265 126.686 0
      vertex -111.433 126.789 -10
      vertex -111.265 126.686 -10
    endloop
  endfacet
  facet normal 0.852528 -0.522681 0
    outer loop
      vertex -113.114 126.242 0
      vertex -113.011 126.41 -10
      vertex -113.011 126.41 0
    endloop
  endfacet
  facet normal 0.852528 -0.522681 0
    outer loop
      vertex -113.011 126.41 -10
      vertex -113.114 126.242 0
      vertex -113.114 126.242 -10
    endloop
  endfacet
  facet normal 0.761056 -0.648686 0
    outer loop
      vertex -113.011 126.41 0
      vertex -112.884 126.559 -10
      vertex -112.884 126.559 0
    endloop
  endfacet
  facet normal 0.761056 -0.648686 0
    outer loop
      vertex -112.884 126.559 -10
      vertex -113.011 126.41 0
      vertex -113.011 126.41 -10
    endloop
  endfacet
  facet normal 0.92383 -0.382803 0
    outer loop
      vertex -113.189 126.061 0
      vertex -113.114 126.242 -10
      vertex -113.114 126.242 0
    endloop
  endfacet
  facet normal 0.92383 -0.382803 0
    outer loop
      vertex -113.114 126.242 -10
      vertex -113.189 126.061 0
      vertex -113.189 126.061 -10
    endloop
  endfacet
  facet normal 0.522681 -0.852528 0
    outer loop
      vertex -112.735 126.686 -10
      vertex -112.567 126.789 0
      vertex -112.735 126.686 0
    endloop
  endfacet
  facet normal 0.522681 -0.852528 0
    outer loop
      vertex -112.567 126.789 0
      vertex -112.735 126.686 -10
      vertex -112.567 126.789 -10
    endloop
  endfacet
  facet normal 0.235307 -0.971921 0
    outer loop
      vertex -112.386 126.864 -10
      vertex -112.196 126.91 0
      vertex -112.386 126.864 0
    endloop
  endfacet
  facet normal 0.235307 -0.971921 0
    outer loop
      vertex -112.196 126.91 0
      vertex -112.386 126.864 -10
      vertex -112.196 126.91 -10
    endloop
  endfacet
  facet normal -0.852528 0.522681 0
    outer loop
      vertex -110.989 124.94 -10
      vertex -110.886 125.108 0
      vertex -110.886 125.108 -10
    endloop
  endfacet
  facet normal -0.852528 0.522681 0
    outer loop
      vertex -110.886 125.108 0
      vertex -110.989 124.94 -10
      vertex -110.989 124.94 0
    endloop
  endfacet
  facet normal -0.761056 -0.648686 0
    outer loop
      vertex -110.989 126.41 -10
      vertex -111.116 126.559 0
      vertex -111.116 126.559 -10
    endloop
  endfacet
  facet normal -0.761056 -0.648686 0
    outer loop
      vertex -111.116 126.559 0
      vertex -110.989 126.41 -10
      vertex -110.989 126.41 0
    endloop
  endfacet
  facet normal -0.852528 -0.522681 0
    outer loop
      vertex -110.886 126.242 -10
      vertex -110.989 126.41 0
      vertex -110.989 126.41 -10
    endloop
  endfacet
  facet normal -0.852528 -0.522681 0
    outer loop
      vertex -110.989 126.41 0
      vertex -110.886 126.242 -10
      vertex -110.886 126.242 0
    endloop
  endfacet
  facet normal -0.0763075 -0.997084 0
    outer loop
      vertex -112 126.925 -10
      vertex -111.804 126.91 0
      vertex -112 126.925 0
    endloop
  endfacet
  facet normal -0.0763075 -0.997084 -0
    outer loop
      vertex -111.804 126.91 0
      vertex -112 126.925 -10
      vertex -111.804 126.91 -10
    endloop
  endfacet
  facet normal 0.971921 -0.235307 0
    outer loop
      vertex -113.235 125.871 0
      vertex -113.189 126.061 -10
      vertex -113.189 126.061 0
    endloop
  endfacet
  facet normal 0.971921 -0.235307 0
    outer loop
      vertex -113.189 126.061 -10
      vertex -113.235 125.871 0
      vertex -113.235 125.871 -10
    endloop
  endfacet
  facet normal -0.522681 0.852528 0
    outer loop
      vertex -111.265 124.664 -10
      vertex -111.433 124.561 0
      vertex -111.265 124.664 0
    endloop
  endfacet
  facet normal -0.522681 0.852528 0
    outer loop
      vertex -111.433 124.561 0
      vertex -111.265 124.664 -10
      vertex -111.433 124.561 -10
    endloop
  endfacet
  facet normal -0.761056 0.648686 0
    outer loop
      vertex -111.116 124.791 -10
      vertex -110.989 124.94 0
      vertex -110.989 124.94 -10
    endloop
  endfacet
  facet normal -0.761056 0.648686 0
    outer loop
      vertex -110.989 124.94 0
      vertex -111.116 124.791 -10
      vertex -111.116 124.791 0
    endloop
  endfacet
  facet normal -0.92383 0.382803 0
    outer loop
      vertex -110.886 125.108 -10
      vertex -110.811 125.289 0
      vertex -110.811 125.289 -10
    endloop
  endfacet
  facet normal -0.92383 0.382803 0
    outer loop
      vertex -110.811 125.289 0
      vertex -110.886 125.108 -10
      vertex -110.886 125.108 0
    endloop
  endfacet
  facet normal -0.971921 0.235307 0
    outer loop
      vertex -110.811 125.289 -10
      vertex -110.765 125.479 0
      vertex -110.765 125.479 -10
    endloop
  endfacet
  facet normal -0.971921 0.235307 0
    outer loop
      vertex -110.765 125.479 0
      vertex -110.811 125.289 -10
      vertex -110.811 125.289 0
    endloop
  endfacet
  facet normal 0.852528 0.522681 0
    outer loop
      vertex -113.011 124.94 0
      vertex -113.114 125.108 -10
      vertex -113.114 125.108 0
    endloop
  endfacet
  facet normal 0.852528 0.522681 0
    outer loop
      vertex -113.114 125.108 -10
      vertex -113.011 124.94 0
      vertex -113.011 124.94 -10
    endloop
  endfacet
  facet normal 0.761056 0.648686 0
    outer loop
      vertex -112.884 124.791 0
      vertex -113.011 124.94 -10
      vertex -113.011 124.94 0
    endloop
  endfacet
  facet normal 0.761056 0.648686 0
    outer loop
      vertex -113.011 124.94 -10
      vertex -112.884 124.791 0
      vertex -112.884 124.791 -10
    endloop
  endfacet
  facet normal -0.235307 0.971921 0
    outer loop
      vertex -111.614 124.486 -10
      vertex -111.804 124.44 0
      vertex -111.614 124.486 0
    endloop
  endfacet
  facet normal -0.235307 0.971921 0
    outer loop
      vertex -111.804 124.44 0
      vertex -111.614 124.486 -10
      vertex -111.804 124.44 -10
    endloop
  endfacet
  facet normal -0.997084 0.0763075 0
    outer loop
      vertex -110.765 125.479 -10
      vertex -110.75 125.675 0
      vertex -110.75 125.675 -10
    endloop
  endfacet
  facet normal -0.997084 0.0763075 0
    outer loop
      vertex -110.75 125.675 0
      vertex -110.765 125.479 -10
      vertex -110.765 125.479 0
    endloop
  endfacet
  facet normal 0.92383 0.382803 0
    outer loop
      vertex -113.114 125.108 0
      vertex -113.189 125.289 -10
      vertex -113.189 125.289 0
    endloop
  endfacet
  facet normal 0.92383 0.382803 0
    outer loop
      vertex -113.189 125.289 -10
      vertex -113.114 125.108 0
      vertex -113.114 125.108 -10
    endloop
  endfacet
  facet normal -0.382803 0.92383 0
    outer loop
      vertex -111.433 124.561 -10
      vertex -111.614 124.486 0
      vertex -111.433 124.561 0
    endloop
  endfacet
  facet normal -0.382803 0.92383 0
    outer loop
      vertex -111.614 124.486 0
      vertex -111.433 124.561 -10
      vertex -111.614 124.486 -10
    endloop
  endfacet
  facet normal -0.648686 0.761056 0
    outer loop
      vertex -111.116 124.791 -10
      vertex -111.265 124.664 0
      vertex -111.116 124.791 0
    endloop
  endfacet
  facet normal -0.648686 0.761056 0
    outer loop
      vertex -111.265 124.664 0
      vertex -111.116 124.791 -10
      vertex -111.265 124.664 -10
    endloop
  endfacet
  facet normal 0.0763075 0.997084 -0
    outer loop
      vertex -112 124.425 -10
      vertex -112.196 124.44 0
      vertex -112 124.425 0
    endloop
  endfacet
  facet normal 0.0763075 0.997084 0
    outer loop
      vertex -112.196 124.44 0
      vertex -112 124.425 -10
      vertex -112.196 124.44 -10
    endloop
  endfacet
  facet normal 0.382803 0.92383 -0
    outer loop
      vertex -112.386 124.486 -10
      vertex -112.567 124.561 0
      vertex -112.386 124.486 0
    endloop
  endfacet
  facet normal 0.382803 0.92383 0
    outer loop
      vertex -112.567 124.561 0
      vertex -112.386 124.486 -10
      vertex -112.567 124.561 -10
    endloop
  endfacet
  facet normal 0.235307 0.971921 -0
    outer loop
      vertex -112.196 124.44 -10
      vertex -112.386 124.486 0
      vertex -112.196 124.44 0
    endloop
  endfacet
  facet normal 0.235307 0.971921 0
    outer loop
      vertex -112.386 124.486 0
      vertex -112.196 124.44 -10
      vertex -112.386 124.486 -10
    endloop
  endfacet
  facet normal 0.971921 0.235307 0
    outer loop
      vertex -113.189 125.289 0
      vertex -113.235 125.479 -10
      vertex -113.235 125.479 0
    endloop
  endfacet
  facet normal 0.971921 0.235307 0
    outer loop
      vertex -113.235 125.479 -10
      vertex -113.189 125.289 0
      vertex -113.189 125.289 -10
    endloop
  endfacet
  facet normal 0.997084 0.0763075 0
    outer loop
      vertex -113.235 125.479 0
      vertex -113.25 125.675 -10
      vertex -113.25 125.675 0
    endloop
  endfacet
  facet normal 0.997084 0.0763075 0
    outer loop
      vertex -113.25 125.675 -10
      vertex -113.235 125.479 0
      vertex -113.235 125.479 -10
    endloop
  endfacet
  facet normal 0.522681 0.852528 -0
    outer loop
      vertex -112.567 124.561 -10
      vertex -112.735 124.664 0
      vertex -112.567 124.561 0
    endloop
  endfacet
  facet normal 0.522681 0.852528 0
    outer loop
      vertex -112.735 124.664 0
      vertex -112.567 124.561 -10
      vertex -112.735 124.664 -10
    endloop
  endfacet
  facet normal 0.648686 0.761056 -0
    outer loop
      vertex -112.735 124.664 -10
      vertex -112.884 124.791 0
      vertex -112.735 124.664 0
    endloop
  endfacet
  facet normal 0.648686 0.761056 0
    outer loop
      vertex -112.884 124.791 0
      vertex -112.735 124.664 -10
      vertex -112.884 124.791 -10
    endloop
  endfacet
  facet normal 0.996916 0.0784758 0
    outer loop
      vertex -34.5 7.675 0
      vertex -34.5431 8.22252 -10
      vertex -34.5431 8.22252 0
    endloop
  endfacet
  facet normal 0.996916 0.0784758 0
    outer loop
      vertex -34.5431 8.22252 -10
      vertex -34.5 7.675 0
      vertex -34.5 7.675 -10
    endloop
  endfacet
  facet normal -0.996916 0.0784758 0
    outer loop
      vertex -41.5 7.675 -10
      vertex -41.4569 8.22252 0
      vertex -41.4569 8.22252 -10
    endloop
  endfacet
  facet normal -0.996916 0.0784758 0
    outer loop
      vertex -41.4569 8.22252 0
      vertex -41.5 7.675 -10
      vertex -41.5 7.675 0
    endloop
  endfacet
  facet normal 0.0784787 0.996916 -0
    outer loop
      vertex -37.4525 11.1319 -10
      vertex -38 11.175 0
      vertex -37.4525 11.1319 0
    endloop
  endfacet
  facet normal 0.0784787 0.996916 0
    outer loop
      vertex -38 11.175 0
      vertex -37.4525 11.1319 -10
      vertex -38 11.175 -10
    endloop
  endfacet
  facet normal -0.0784606 -0.996917 0
    outer loop
      vertex -38.5475 4.21809 -10
      vertex -38 4.175 0
      vertex -38.5475 4.21809 0
    endloop
  endfacet
  facet normal -0.0784606 -0.996917 -0
    outer loop
      vertex -38 4.175 0
      vertex -38.5475 4.21809 -10
      vertex -38 4.175 -10
    endloop
  endfacet
  facet normal -0.760389 -0.649468 0
    outer loop
      vertex -40.4749 5.20013 -10
      vertex -40.8316 5.61775 0
      vertex -40.8316 5.61775 -10
    endloop
  endfacet
  facet normal -0.760389 -0.649468 0
    outer loop
      vertex -40.8316 5.61775 0
      vertex -40.4749 5.20013 -10
      vertex -40.4749 5.20013 0
    endloop
  endfacet
  facet normal 0.760412 0.649441 0
    outer loop
      vertex -35.1684 9.73225 0
      vertex -35.5251 10.1499 -10
      vertex -35.5251 10.1499 0
    endloop
  endfacet
  facet normal 0.760412 0.649441 0
    outer loop
      vertex -35.5251 10.1499 -10
      vertex -35.1684 9.73225 0
      vertex -35.1684 9.73225 -10
    endloop
  endfacet
  facet normal -0.649396 0.76045 0
    outer loop
      vertex -40.0572 10.5066 -10
      vertex -40.4749 10.1499 0
      vertex -40.0572 10.5066 0
    endloop
  endfacet
  facet normal -0.649396 0.76045 0
    outer loop
      vertex -40.4749 10.1499 0
      vertex -40.0572 10.5066 -10
      vertex -40.4749 10.1499 -10
    endloop
  endfacet
  facet normal -0.2334 0.972381 0
    outer loop
      vertex -38.5475 11.1319 -10
      vertex -39.0816 11.0037 0
      vertex -38.5475 11.1319 0
    endloop
  endfacet
  facet normal -0.2334 0.972381 0
    outer loop
      vertex -39.0816 11.0037 0
      vertex -38.5475 11.1319 -10
      vertex -39.0816 11.0037 -10
    endloop
  endfacet
  facet normal -0.923864 -0.382721 0
    outer loop
      vertex -41.1185 6.08603 -10
      vertex -41.3287 6.59344 0
      vertex -41.3287 6.59344 -10
    endloop
  endfacet
  facet normal -0.923864 -0.382721 0
    outer loop
      vertex -41.3287 6.59344 0
      vertex -41.1185 6.08603 -10
      vertex -41.1185 6.08603 0
    endloop
  endfacet
  facet normal 0 0 -1
    outer loop
      vertex -36.75 7.675 -10
      vertex -34.5 7.675 -10
      vertex -34.5431 7.12748 -10
    endloop
  endfacet
  facet normal 0 0 -1
    outer loop
      vertex -36.7654 7.47946 -10
      vertex -34.5431 7.12748 -10
      vertex -34.6713 6.59344 -10
    endloop
  endfacet
  facet normal 0 0 -1
    outer loop
      vertex -34.5 7.675 -10
      vertex -36.75 7.675 -10
      vertex -34.5431 8.22252 -10
    endloop
  endfacet
  facet normal 0 0 -1
    outer loop
      vertex -36.8112 7.28873 -10
      vertex -34.6713 6.59344 -10
      vertex -34.8815 6.08603 -10
    endloop
  endfacet
  facet normal 0 0 -1
    outer loop
      vertex -36.7654 7.87054 -10
      vertex -34.5431 8.22252 -10
      vertex -36.75 7.675 -10
    endloop
  endfacet
  facet normal 0 0 -1
    outer loop
      vertex -36.8862 7.10751 -10
      vertex -34.8815 6.08603 -10
      vertex -35.1684 5.61775 -10
    endloop
  endfacet
  facet normal -0 0 -1
    outer loop
      vertex -34.5431 8.22252 -10
      vertex -36.7654 7.87054 -10
      vertex -34.6713 8.75656 -10
    endloop
  endfacet
  facet normal 0 0 -1
    outer loop
      vertex -36.9887 6.94027 -10
      vertex -35.1684 5.61775 -10
      vertex -35.5251 5.20013 -10
    endloop
  endfacet
  facet normal 0 0 -1
    outer loop
      vertex -36.8112 8.06127 -10
      vertex -34.6713 8.75656 -10
      vertex -36.7654 7.87054 -10
    endloop
  endfacet
  facet normal 0 0 -1
    outer loop
      vertex -37.1161 6.79112 -10
      vertex -35.5251 5.20013 -10
      vertex -35.9427 4.84344 -10
    endloop
  endfacet
  facet normal -0 0 -1
    outer loop
      vertex -34.6713 8.75656 -10
      vertex -36.8112 8.06127 -10
      vertex -34.8815 9.26397 -10
    endloop
  endfacet
  facet normal 0 0 -1
    outer loop
      vertex -37.2653 6.66373 -10
      vertex -35.9427 4.84344 -10
      vertex -36.411 4.55648 -10
    endloop
  endfacet
  facet normal 0 0 -1
    outer loop
      vertex -36.8862 8.24249 -10
      vertex -34.8815 9.26397 -10
      vertex -36.8112 8.06127 -10
    endloop
  endfacet
  facet normal -0 0 -1
    outer loop
      vertex -34.8815 9.26397 -10
      vertex -36.8862 8.24249 -10
      vertex -35.1684 9.73225 -10
    endloop
  endfacet
  facet normal 0 0 -1
    outer loop
      vertex -34.5431 7.12748 -10
      vertex -36.7654 7.47946 -10
      vertex -36.75 7.675 -10
    endloop
  endfacet
  facet normal 0 0 -1
    outer loop
      vertex -34.6713 6.59344 -10
      vertex -36.8112 7.28873 -10
      vertex -36.7654 7.47946 -10
    endloop
  endfacet
  facet normal 0 0 -1
    outer loop
      vertex -34.8815 6.08603 -10
      vertex -36.8862 7.10751 -10
      vertex -36.8112 7.28873 -10
    endloop
  endfacet
  facet normal 0 0 -1
    outer loop
      vertex -37.4325 6.56124 -10
      vertex -36.411 4.55648 -10
      vertex -36.9184 4.3463 -10
    endloop
  endfacet
  facet normal 0 0 -1
    outer loop
      vertex -35.1684 5.61775 -10
      vertex -36.9887 6.94027 -10
      vertex -36.8862 7.10751 -10
    endloop
  endfacet
  facet normal 0 0 -1
    outer loop
      vertex -35.5251 5.20013 -10
      vertex -37.1161 6.79112 -10
      vertex -36.9887 6.94027 -10
    endloop
  endfacet
  facet normal 0 0 -1
    outer loop
      vertex -35.9427 4.84344 -10
      vertex -37.2653 6.66373 -10
      vertex -37.1161 6.79112 -10
    endloop
  endfacet
  facet normal 0 0 -1
    outer loop
      vertex -36.411 4.55648 -10
      vertex -37.4325 6.56124 -10
      vertex -37.2653 6.66373 -10
    endloop
  endfacet
  facet normal 0 0 -1
    outer loop
      vertex -37.6137 6.48618 -10
      vertex -36.9184 4.3463 -10
      vertex -37.4525 4.21809 -10
    endloop
  endfacet
  facet normal 0 0 -1
    outer loop
      vertex -36.9184 4.3463 -10
      vertex -37.6137 6.48618 -10
      vertex -37.4325 6.56124 -10
    endloop
  endfacet
  facet normal 0 0 -1
    outer loop
      vertex -37.4525 4.21809 -10
      vertex -37.8045 6.44039 -10
      vertex -37.6137 6.48618 -10
    endloop
  endfacet
  facet normal 0 0 -1
    outer loop
      vertex -38 4.175 -10
      vertex -37.8045 6.44039 -10
      vertex -37.4525 4.21809 -10
    endloop
  endfacet
  facet normal 0 0 -1
    outer loop
      vertex -38 4.175 -10
      vertex -38 6.425 -10
      vertex -37.8045 6.44039 -10
    endloop
  endfacet
  facet normal 0 0 -1
    outer loop
      vertex -38 4.175 -10
      vertex -38.1955 6.44039 -10
      vertex -38 6.425 -10
    endloop
  endfacet
  facet normal 0 0 -1
    outer loop
      vertex -38.5475 4.21809 -10
      vertex -38.1955 6.44039 -10
      vertex -38 4.175 -10
    endloop
  endfacet
  facet normal -0 0 -1
    outer loop
      vertex -38.1955 6.44039 -10
      vertex -38.5475 4.21809 -10
      vertex -38.3863 6.48618 -10
    endloop
  endfacet
  facet normal 0 0 -1
    outer loop
      vertex -39.0816 4.3463 -10
      vertex -38.3863 6.48618 -10
      vertex -38.5475 4.21809 -10
    endloop
  endfacet
  facet normal -0 0 -1
    outer loop
      vertex -38.3863 6.48618 -10
      vertex -39.0816 4.3463 -10
      vertex -38.5675 6.56124 -10
    endloop
  endfacet
  facet normal 0 0 -1
    outer loop
      vertex -39.589 4.55648 -10
      vertex -38.5675 6.56124 -10
      vertex -39.0816 4.3463 -10
    endloop
  endfacet
  facet normal -0 0 -1
    outer loop
      vertex -38.5675 6.56124 -10
      vertex -39.589 4.55648 -10
      vertex -38.7347 6.66373 -10
    endloop
  endfacet
  facet normal 0 0 -1
    outer loop
      vertex -40.0572 4.84344 -10
      vertex -38.7347 6.66373 -10
      vertex -39.589 4.55648 -10
    endloop
  endfacet
  facet normal -0 0 -1
    outer loop
      vertex -38.7347 6.66373 -10
      vertex -40.0572 4.84344 -10
      vertex -38.8839 6.79112 -10
    endloop
  endfacet
  facet normal 0 0 -1
    outer loop
      vertex -40.4749 5.20013 -10
      vertex -38.8839 6.79112 -10
      vertex -40.0572 4.84344 -10
    endloop
  endfacet
  facet normal -0 0 -1
    outer loop
      vertex -38.8839 6.79112 -10
      vertex -40.4749 5.20013 -10
      vertex -39.0113 6.94027 -10
    endloop
  endfacet
  facet normal 0 0 -1
    outer loop
      vertex -40.8316 5.61775 -10
      vertex -39.0113 6.94027 -10
      vertex -40.4749 5.20013 -10
    endloop
  endfacet
  facet normal -0 0 -1
    outer loop
      vertex -39.0113 6.94027 -10
      vertex -40.8316 5.61775 -10
      vertex -39.1138 7.10751 -10
    endloop
  endfacet
  facet normal 0 0 -1
    outer loop
      vertex -36.9887 8.40973 -10
      vertex -35.1684 9.73225 -10
      vertex -36.8862 8.24249 -10
    endloop
  endfacet
  facet normal -0 0 -1
    outer loop
      vertex -35.1684 9.73225 -10
      vertex -36.9887 8.40973 -10
      vertex -35.5251 10.1499 -10
    endloop
  endfacet
  facet normal 0 0 -1
    outer loop
      vertex -37.1161 8.55888 -10
      vertex -35.5251 10.1499 -10
      vertex -36.9887 8.40973 -10
    endloop
  endfacet
  facet normal -0 0 -1
    outer loop
      vertex -35.5251 10.1499 -10
      vertex -37.1161 8.55888 -10
      vertex -35.9427 10.5066 -10
    endloop
  endfacet
  facet normal 0 0 -1
    outer loop
      vertex -37.2653 8.68627 -10
      vertex -35.9427 10.5066 -10
      vertex -37.1161 8.55888 -10
    endloop
  endfacet
  facet normal -0 0 -1
    outer loop
      vertex -35.9427 10.5066 -10
      vertex -37.2653 8.68627 -10
      vertex -36.411 10.7935 -10
    endloop
  endfacet
  facet normal 0 0 -1
    outer loop
      vertex -37.4325 8.78876 -10
      vertex -36.411 10.7935 -10
      vertex -37.2653 8.68627 -10
    endloop
  endfacet
  facet normal -0 0 -1
    outer loop
      vertex -36.411 10.7935 -10
      vertex -37.4325 8.78876 -10
      vertex -36.9184 11.0037 -10
    endloop
  endfacet
  facet normal 0 0 -1
    outer loop
      vertex -37.6137 8.86382 -10
      vertex -36.9184 11.0037 -10
      vertex -37.4325 8.78876 -10
    endloop
  endfacet
  facet normal -0 0 -1
    outer loop
      vertex -36.9184 11.0037 -10
      vertex -37.6137 8.86382 -10
      vertex -37.4525 11.1319 -10
    endloop
  endfacet
  facet normal 0 0 -1
    outer loop
      vertex -37.8045 8.90961 -10
      vertex -37.4525 11.1319 -10
      vertex -37.6137 8.86382 -10
    endloop
  endfacet
  facet normal 0 0 -1
    outer loop
      vertex -38 8.925 -10
      vertex -37.4525 11.1319 -10
      vertex -37.8045 8.90961 -10
    endloop
  endfacet
  facet normal 0 0 -1
    outer loop
      vertex -38 8.925 -10
      vertex -38 11.175 -10
      vertex -37.4525 11.1319 -10
    endloop
  endfacet
  facet normal 0 0 -1
    outer loop
      vertex -38.1955 8.90961 -10
      vertex -38 11.175 -10
      vertex -38 8.925 -10
    endloop
  endfacet
  facet normal 0 0 -1
    outer loop
      vertex -38.5475 11.1319 -10
      vertex -38.1955 8.90961 -10
      vertex -38.3863 8.86382 -10
    endloop
  endfacet
  facet normal 0 0 -1
    outer loop
      vertex -38.1955 8.90961 -10
      vertex -38.5475 11.1319 -10
      vertex -38 11.175 -10
    endloop
  endfacet
  facet normal 0 0 -1
    outer loop
      vertex -39.0816 11.0037 -10
      vertex -38.3863 8.86382 -10
      vertex -38.5675 8.78876 -10
    endloop
  endfacet
  facet normal 0 0 -1
    outer loop
      vertex -39.589 10.7935 -10
      vertex -38.5675 8.78876 -10
      vertex -38.7347 8.68627 -10
    endloop
  endfacet
  facet normal 0 0 -1
    outer loop
      vertex -40.0572 10.5066 -10
      vertex -38.7347 8.68627 -10
      vertex -38.8839 8.55888 -10
    endloop
  endfacet
  facet normal 0 0 -1
    outer loop
      vertex -40.4749 10.1499 -10
      vertex -38.8839 8.55888 -10
      vertex -39.0113 8.40973 -10
    endloop
  endfacet
  facet normal 0 0 -1
    outer loop
      vertex -38.3863 8.86382 -10
      vertex -39.0816 11.0037 -10
      vertex -38.5475 11.1319 -10
    endloop
  endfacet
  facet normal 0 0 -1
    outer loop
      vertex -40.8316 9.73225 -10
      vertex -39.0113 8.40973 -10
      vertex -39.1138 8.24249 -10
    endloop
  endfacet
  facet normal 0 0 -1
    outer loop
      vertex -41.1185 9.26397 -10
      vertex -39.1138 8.24249 -10
      vertex -39.1888 8.06127 -10
    endloop
  endfacet
  facet normal 0 0 -1
    outer loop
      vertex -41.3287 8.75656 -10
      vertex -39.1888 8.06127 -10
      vertex -39.2346 7.87054 -10
    endloop
  endfacet
  facet normal 0 0 -1
    outer loop
      vertex -41.4569 8.22252 -10
      vertex -39.2346 7.87054 -10
      vertex -39.25 7.675 -10
    endloop
  endfacet
  facet normal 0 0 -1
    outer loop
      vertex -41.1185 6.08603 -10
      vertex -39.1138 7.10751 -10
      vertex -40.8316 5.61775 -10
    endloop
  endfacet
  facet normal 0 0 -1
    outer loop
      vertex -38.5675 8.78876 -10
      vertex -39.589 10.7935 -10
      vertex -39.0816 11.0037 -10
    endloop
  endfacet
  facet normal -0 0 -1
    outer loop
      vertex -39.1138 7.10751 -10
      vertex -41.1185 6.08603 -10
      vertex -39.1888 7.28873 -10
    endloop
  endfacet
  facet normal 0 0 -1
    outer loop
      vertex -38.7347 8.68627 -10
      vertex -40.0572 10.5066 -10
      vertex -39.589 10.7935 -10
    endloop
  endfacet
  facet normal 0 0 -1
    outer loop
      vertex -41.3287 6.59344 -10
      vertex -39.1888 7.28873 -10
      vertex -41.1185 6.08603 -10
    endloop
  endfacet
  facet normal 0 0 -1
    outer loop
      vertex -38.8839 8.55888 -10
      vertex -40.4749 10.1499 -10
      vertex -40.0572 10.5066 -10
    endloop
  endfacet
  facet normal -0 0 -1
    outer loop
      vertex -39.1888 7.28873 -10
      vertex -41.3287 6.59344 -10
      vertex -39.2346 7.47946 -10
    endloop
  endfacet
  facet normal 0 0 -1
    outer loop
      vertex -39.0113 8.40973 -10
      vertex -40.8316 9.73225 -10
      vertex -40.4749 10.1499 -10
    endloop
  endfacet
  facet normal 0 0 -1
    outer loop
      vertex -41.4569 7.12748 -10
      vertex -39.2346 7.47946 -10
      vertex -41.3287 6.59344 -10
    endloop
  endfacet
  facet normal 0 0 -1
    outer loop
      vertex -39.1138 8.24249 -10
      vertex -41.1185 9.26397 -10
      vertex -40.8316 9.73225 -10
    endloop
  endfacet
  facet normal -0 0 -1
    outer loop
      vertex -39.2346 7.47946 -10
      vertex -41.4569 7.12748 -10
      vertex -39.25 7.675 -10
    endloop
  endfacet
  facet normal 0 0 -1
    outer loop
      vertex -39.1888 8.06127 -10
      vertex -41.3287 8.75656 -10
      vertex -41.1185 9.26397 -10
    endloop
  endfacet
  facet normal 0 0 -1
    outer loop
      vertex -41.5 7.675 -10
      vertex -39.25 7.675 -10
      vertex -41.4569 7.12748 -10
    endloop
  endfacet
  facet normal 0 0 -1
    outer loop
      vertex -39.2346 7.87054 -10
      vertex -41.4569 8.22252 -10
      vertex -41.3287 8.75656 -10
    endloop
  endfacet
  facet normal 0 0 -1
    outer loop
      vertex -39.25 7.675 -10
      vertex -41.5 7.675 -10
      vertex -41.4569 8.22252 -10
    endloop
  endfacet
  facet normal 0.923864 0.382721 0
    outer loop
      vertex -34.6713 8.75656 0
      vertex -34.8815 9.26397 -10
      vertex -34.8815 9.26397 0
    endloop
  endfacet
  facet normal 0.923864 0.382721 0
    outer loop
      vertex -34.8815 9.26397 -10
      vertex -34.6713 8.75656 0
      vertex -34.6713 8.75656 -10
    endloop
  endfacet
  facet normal 0.972375 0.233425 0
    outer loop
      vertex -34.5431 8.22252 0
      vertex -34.6713 8.75656 -10
      vertex -34.6713 8.75656 0
    endloop
  endfacet
  facet normal 0.972375 0.233425 0
    outer loop
      vertex -34.6713 8.75656 -10
      vertex -34.5431 8.22252 0
      vertex -34.5431 8.22252 -10
    endloop
  endfacet
  facet normal 0.852691 0.522416 0
    outer loop
      vertex -34.8815 9.26397 0
      vertex -35.1684 9.73225 -10
      vertex -35.1684 9.73225 0
    endloop
  endfacet
  facet normal 0.852691 0.522416 0
    outer loop
      vertex -35.1684 9.73225 -10
      vertex -34.8815 9.26397 0
      vertex -34.8815 9.26397 -10
    endloop
  endfacet
  facet normal 0.382727 0.923861 -0
    outer loop
      vertex -36.411 10.7935 -10
      vertex -36.9184 11.0037 0
      vertex -36.411 10.7935 0
    endloop
  endfacet
  facet normal 0.382727 0.923861 0
    outer loop
      vertex -36.9184 11.0037 0
      vertex -36.411 10.7935 -10
      vertex -36.9184 11.0037 -10
    endloop
  endfacet
  facet normal 0.2334 0.972381 -0
    outer loop
      vertex -36.9184 11.0037 -10
      vertex -37.4525 11.1319 0
      vertex -36.9184 11.0037 0
    endloop
  endfacet
  facet normal 0.2334 0.972381 0
    outer loop
      vertex -37.4525 11.1319 0
      vertex -36.9184 11.0037 -10
      vertex -37.4525 11.1319 -10
    endloop
  endfacet
  facet normal 0.649486 0.760374 -0
    outer loop
      vertex -35.5251 10.1499 -10
      vertex -35.9427 10.5066 0
      vertex -35.5251 10.1499 0
    endloop
  endfacet
  facet normal 0.649486 0.760374 0
    outer loop
      vertex -35.9427 10.5066 0
      vertex -35.5251 10.1499 -10
      vertex -35.9427 10.5066 -10
    endloop
  endfacet
  facet normal -0.852691 0.522416 0
    outer loop
      vertex -41.1185 9.26397 -10
      vertex -40.8316 9.73225 0
      vertex -40.8316 9.73225 -10
    endloop
  endfacet
  facet normal -0.852691 0.522416 0
    outer loop
      vertex -40.8316 9.73225 0
      vertex -41.1185 9.26397 -10
      vertex -41.1185 9.26397 0
    endloop
  endfacet
  facet normal -0.760412 0.649441 0
    outer loop
      vertex -40.8316 9.73225 -10
      vertex -40.4749 10.1499 0
      vertex -40.4749 10.1499 -10
    endloop
  endfacet
  facet normal -0.760412 0.649441 0
    outer loop
      vertex -40.4749 10.1499 0
      vertex -40.8316 9.73225 -10
      vertex -40.8316 9.73225 0
    endloop
  endfacet
  facet normal -0.0784787 0.996916 0
    outer loop
      vertex -38 11.175 -10
      vertex -38.5475 11.1319 0
      vertex -38 11.175 0
    endloop
  endfacet
  facet normal -0.0784787 0.996916 0
    outer loop
      vertex -38.5475 11.1319 0
      vertex -38 11.175 -10
      vertex -38.5475 11.1319 -10
    endloop
  endfacet
  facet normal 0.382696 -0.923874 0
    outer loop
      vertex -36.9184 4.3463 -10
      vertex -36.411 4.55648 0
      vertex -36.9184 4.3463 0
    endloop
  endfacet
  facet normal 0.382696 -0.923874 0
    outer loop
      vertex -36.411 4.55648 0
      vertex -36.9184 4.3463 -10
      vertex -36.411 4.55648 -10
    endloop
  endfacet
  facet normal 0.0784606 -0.996917 0
    outer loop
      vertex -38 4.175 -10
      vertex -37.4525 4.21809 0
      vertex -38 4.175 0
    endloop
  endfacet
  facet normal 0.0784606 -0.996917 0
    outer loop
      vertex -37.4525 4.21809 0
      vertex -38 4.175 -10
      vertex -37.4525 4.21809 -10
    endloop
  endfacet
  facet normal 0.522479 -0.852652 0
    outer loop
      vertex -36.411 4.55648 -10
      vertex -35.9427 4.84344 0
      vertex -36.411 4.55648 0
    endloop
  endfacet
  facet normal 0.522479 -0.852652 0
    outer loop
      vertex -35.9427 4.84344 0
      vertex -36.411 4.55648 -10
      vertex -35.9427 4.84344 -10
    endloop
  endfacet
  facet normal 0.972375 -0.233425 0
    outer loop
      vertex -34.6713 6.59344 0
      vertex -34.5431 7.12748 -10
      vertex -34.5431 7.12748 0
    endloop
  endfacet
  facet normal 0.972375 -0.233425 0
    outer loop
      vertex -34.5431 7.12748 -10
      vertex -34.6713 6.59344 0
      vertex -34.6713 6.59344 -10
    endloop
  endfacet
  facet normal -0.649385 -0.760459 0
    outer loop
      vertex -40.4749 5.20013 -10
      vertex -40.0572 4.84344 0
      vertex -40.4749 5.20013 0
    endloop
  endfacet
  facet normal -0.649385 -0.760459 -0
    outer loop
      vertex -40.0572 4.84344 0
      vertex -40.4749 5.20013 -10
      vertex -40.0572 4.84344 -10
    endloop
  endfacet
  facet normal -0.852691 -0.522416 0
    outer loop
      vertex -40.8316 5.61775 -10
      vertex -41.1185 6.08603 0
      vertex -41.1185 6.08603 -10
    endloop
  endfacet
  facet normal -0.852691 -0.522416 0
    outer loop
      vertex -41.1185 6.08603 0
      vertex -40.8316 5.61775 -10
      vertex -40.8316 5.61775 0
    endloop
  endfacet
  facet normal -0.996916 -0.0784758 0
    outer loop
      vertex -41.4569 7.12748 -10
      vertex -41.5 7.675 0
      vertex -41.5 7.675 -10
    endloop
  endfacet
  facet normal -0.996916 -0.0784758 0
    outer loop
      vertex -41.5 7.675 0
      vertex -41.4569 7.12748 -10
      vertex -41.4569 7.12748 0
    endloop
  endfacet
  facet normal 0.5224 0.852701 -0
    outer loop
      vertex -35.9427 10.5066 -10
      vertex -36.411 10.7935 0
      vertex -35.9427 10.5066 0
    endloop
  endfacet
  facet normal 0.5224 0.852701 0
    outer loop
      vertex -36.411 10.7935 0
      vertex -35.9427 10.5066 -10
      vertex -36.411 10.7935 -10
    endloop
  endfacet
  facet normal -0.923864 0.382721 0
    outer loop
      vertex -41.3287 8.75656 -10
      vertex -41.1185 9.26397 0
      vertex -41.1185 9.26397 -10
    endloop
  endfacet
  facet normal -0.923864 0.382721 0
    outer loop
      vertex -41.1185 9.26397 0
      vertex -41.3287 8.75656 -10
      vertex -41.3287 8.75656 0
    endloop
  endfacet
  facet normal -0.972375 0.233425 0
    outer loop
      vertex -41.4569 8.22252 -10
      vertex -41.3287 8.75656 0
      vertex -41.3287 8.75656 -10
    endloop
  endfacet
  facet normal -0.972375 0.233425 0
    outer loop
      vertex -41.3287 8.75656 0
      vertex -41.4569 8.22252 -10
      vertex -41.4569 8.22252 0
    endloop
  endfacet
  facet normal -0.382727 0.923861 0
    outer loop
      vertex -39.0816 11.0037 -10
      vertex -39.589 10.7935 0
      vertex -39.0816 11.0037 0
    endloop
  endfacet
  facet normal -0.382727 0.923861 0
    outer loop
      vertex -39.589 10.7935 0
      vertex -39.0816 11.0037 -10
      vertex -39.589 10.7935 -10
    endloop
  endfacet
  facet normal -0.522481 0.852651 0
    outer loop
      vertex -39.589 10.7935 -10
      vertex -40.0572 10.5066 0
      vertex -39.589 10.7935 0
    endloop
  endfacet
  facet normal -0.522481 0.852651 0
    outer loop
      vertex -40.0572 10.5066 0
      vertex -39.589 10.7935 -10
      vertex -40.0572 10.5066 -10
    endloop
  endfacet
  facet normal 0.996916 -0.0784758 0
    outer loop
      vertex -34.5431 7.12748 0
      vertex -34.5 7.675 -10
      vertex -34.5 7.675 0
    endloop
  endfacet
  facet normal 0.996916 -0.0784758 0
    outer loop
      vertex -34.5 7.675 -10
      vertex -34.5431 7.12748 0
      vertex -34.5431 7.12748 -10
    endloop
  endfacet
  facet normal 0.233418 -0.972377 0
    outer loop
      vertex -37.4525 4.21809 -10
      vertex -36.9184 4.3463 0
      vertex -37.4525 4.21809 0
    endloop
  endfacet
  facet normal 0.233418 -0.972377 0
    outer loop
      vertex -36.9184 4.3463 0
      vertex -37.4525 4.21809 -10
      vertex -36.9184 4.3463 -10
    endloop
  endfacet
  facet normal 0.649475 -0.760383 0
    outer loop
      vertex -35.9427 4.84344 -10
      vertex -35.5251 5.20013 0
      vertex -35.9427 4.84344 0
    endloop
  endfacet
  facet normal 0.649475 -0.760383 0
    outer loop
      vertex -35.5251 5.20013 0
      vertex -35.9427 4.84344 -10
      vertex -35.5251 5.20013 -10
    endloop
  endfacet
  facet normal 0.760389 -0.649468 0
    outer loop
      vertex -35.5251 5.20013 0
      vertex -35.1684 5.61775 -10
      vertex -35.1684 5.61775 0
    endloop
  endfacet
  facet normal 0.760389 -0.649468 0
    outer loop
      vertex -35.1684 5.61775 -10
      vertex -35.5251 5.20013 0
      vertex -35.5251 5.20013 -10
    endloop
  endfacet
  facet normal -0.52256 -0.852602 0
    outer loop
      vertex -40.0572 4.84344 -10
      vertex -39.589 4.55648 0
      vertex -40.0572 4.84344 0
    endloop
  endfacet
  facet normal -0.52256 -0.852602 -0
    outer loop
      vertex -39.589 4.55648 0
      vertex -40.0572 4.84344 -10
      vertex -39.589 4.55648 -10
    endloop
  endfacet
  facet normal -0.382696 -0.923874 0
    outer loop
      vertex -39.589 4.55648 -10
      vertex -39.0816 4.3463 0
      vertex -39.589 4.55648 0
    endloop
  endfacet
  facet normal -0.382696 -0.923874 -0
    outer loop
      vertex -39.0816 4.3463 0
      vertex -39.589 4.55648 -10
      vertex -39.0816 4.3463 -10
    endloop
  endfacet
  facet normal -0.972375 -0.233425 0
    outer loop
      vertex -41.3287 6.59344 -10
      vertex -41.4569 7.12748 0
      vertex -41.4569 7.12748 -10
    endloop
  endfacet
  facet normal -0.972375 -0.233425 0
    outer loop
      vertex -41.4569 7.12748 0
      vertex -41.3287 6.59344 -10
      vertex -41.3287 6.59344 0
    endloop
  endfacet
  facet normal 0.923864 -0.382721 0
    outer loop
      vertex -34.8815 6.08603 0
      vertex -34.6713 6.59344 -10
      vertex -34.6713 6.59344 0
    endloop
  endfacet
  facet normal 0.923864 -0.382721 0
    outer loop
      vertex -34.6713 6.59344 -10
      vertex -34.8815 6.08603 0
      vertex -34.8815 6.08603 -10
    endloop
  endfacet
  facet normal -0.233418 -0.972377 0
    outer loop
      vertex -39.0816 4.3463 -10
      vertex -38.5475 4.21809 0
      vertex -39.0816 4.3463 0
    endloop
  endfacet
  facet normal -0.233418 -0.972377 -0
    outer loop
      vertex -38.5475 4.21809 0
      vertex -39.0816 4.3463 -10
      vertex -38.5475 4.21809 -10
    endloop
  endfacet
  facet normal 0.852691 -0.522416 0
    outer loop
      vertex -35.1684 5.61775 0
      vertex -34.8815 6.08603 -10
      vertex -34.8815 6.08603 0
    endloop
  endfacet
  facet normal 0.852691 -0.522416 0
    outer loop
      vertex -34.8815 6.08603 -10
      vertex -35.1684 5.61775 0
      vertex -35.1684 5.61775 -10
    endloop
  endfacet
  facet normal -0.996913 -0.0785132 0
    outer loop
      vertex -36.75 7.675 -10
      vertex -36.7654 7.87054 0
      vertex -36.7654 7.87054 -10
    endloop
  endfacet
  facet normal -0.996913 -0.0785132 0
    outer loop
      vertex -36.7654 7.87054 0
      vertex -36.75 7.675 -10
      vertex -36.75 7.675 0
    endloop
  endfacet
  facet normal 0.996913 -0.0785132 0
    outer loop
      vertex -39.25 7.675 0
      vertex -39.2346 7.87054 -10
      vertex -39.2346 7.87054 0
    endloop
  endfacet
  facet normal 0.996913 -0.0785132 0
    outer loop
      vertex -39.2346 7.87054 -10
      vertex -39.25 7.675 0
      vertex -39.25 7.675 -10
    endloop
  endfacet
  facet normal 0.0784784 -0.996916 0
    outer loop
      vertex -38.1955 8.90961 -10
      vertex -38 8.925 0
      vertex -38.1955 8.90961 0
    endloop
  endfacet
  facet normal 0.0784784 -0.996916 0
    outer loop
      vertex -38 8.925 0
      vertex -38.1955 8.90961 -10
      vertex -38 8.925 -10
    endloop
  endfacet
  facet normal -0.0784784 0.996916 0
    outer loop
      vertex -37.8045 6.44039 -10
      vertex -38 6.425 0
      vertex -37.8045 6.44039 0
    endloop
  endfacet
  facet normal -0.0784784 0.996916 0
    outer loop
      vertex -38 6.425 0
      vertex -37.8045 6.44039 -10
      vertex -38 6.425 -10
    endloop
  endfacet
  facet normal -0.649334 -0.760504 0
    outer loop
      vertex -37.2653 8.68627 -10
      vertex -37.1161 8.55888 0
      vertex -37.2653 8.68627 0
    endloop
  endfacet
  facet normal -0.649334 -0.760504 -0
    outer loop
      vertex -37.1161 8.55888 0
      vertex -37.2653 8.68627 -10
      vertex -37.1161 8.55888 -10
    endloop
  endfacet
  facet normal 0.649334 -0.760504 0
    outer loop
      vertex -38.8839 8.55888 -10
      vertex -38.7347 8.68627 0
      vertex -38.8839 8.55888 0
    endloop
  endfacet
  facet normal 0.649334 -0.760504 0
    outer loop
      vertex -38.7347 8.68627 0
      vertex -38.8839 8.55888 -10
      vertex -38.7347 8.68627 -10
    endloop
  endfacet
  facet normal 0.382703 -0.923871 0
    outer loop
      vertex -38.5675 8.78876 -10
      vertex -38.3863 8.86382 0
      vertex -38.5675 8.78876 0
    endloop
  endfacet
  facet normal 0.382703 -0.923871 0
    outer loop
      vertex -38.3863 8.86382 0
      vertex -38.5675 8.78876 -10
      vertex -38.3863 8.86382 -10
    endloop
  endfacet
  facet normal -0.923994 -0.382406 0
    outer loop
      vertex -36.8112 8.06127 -10
      vertex -36.8862 8.24249 0
      vertex -36.8862 8.24249 -10
    endloop
  endfacet
  facet normal -0.923994 -0.382406 0
    outer loop
      vertex -36.8862 8.24249 0
      vertex -36.8112 8.06127 -10
      vertex -36.8112 8.06127 0
    endloop
  endfacet
  facet normal -0.972359 -0.233492 0
    outer loop
      vertex -36.7654 7.87054 -10
      vertex -36.8112 8.06127 0
      vertex -36.8112 8.06127 -10
    endloop
  endfacet
  facet normal -0.972359 -0.233492 0
    outer loop
      vertex -36.8112 8.06127 0
      vertex -36.7654 7.87054 -10
      vertex -36.7654 7.87054 0
    endloop
  endfacet
  facet normal -0.382703 -0.923871 0
    outer loop
      vertex -37.6137 8.86382 -10
      vertex -37.4325 8.78876 0
      vertex -37.6137 8.86382 0
    endloop
  endfacet
  facet normal -0.382703 -0.923871 -0
    outer loop
      vertex -37.4325 8.78876 0
      vertex -37.6137 8.86382 -10
      vertex -37.4325 8.78876 -10
    endloop
  endfacet
  facet normal -0.233363 -0.97239 0
    outer loop
      vertex -37.8045 8.90961 -10
      vertex -37.6137 8.86382 0
      vertex -37.8045 8.90961 0
    endloop
  endfacet
  facet normal -0.233363 -0.97239 -0
    outer loop
      vertex -37.6137 8.86382 0
      vertex -37.8045 8.90961 -10
      vertex -37.6137 8.86382 -10
    endloop
  endfacet
  facet normal -0.522609 -0.852573 0
    outer loop
      vertex -37.4325 8.78876 -10
      vertex -37.2653 8.68627 0
      vertex -37.4325 8.78876 0
    endloop
  endfacet
  facet normal -0.522609 -0.852573 -0
    outer loop
      vertex -37.2653 8.68627 0
      vertex -37.4325 8.78876 -10
      vertex -37.2653 8.68627 -10
    endloop
  endfacet
  facet normal 0.852606 -0.522555 0
    outer loop
      vertex -39.1138 8.24249 0
      vertex -39.0113 8.40973 -10
      vertex -39.0113 8.40973 0
    endloop
  endfacet
  facet normal 0.852606 -0.522555 0
    outer loop
      vertex -39.0113 8.40973 -10
      vertex -39.1138 8.24249 0
      vertex -39.1138 8.24249 -10
    endloop
  endfacet
  facet normal 0.760371 -0.649489 0
    outer loop
      vertex -39.0113 8.40973 0
      vertex -38.8839 8.55888 -10
      vertex -38.8839 8.55888 0
    endloop
  endfacet
  facet normal 0.760371 -0.649489 0
    outer loop
      vertex -38.8839 8.55888 -10
      vertex -39.0113 8.40973 0
      vertex -39.0113 8.40973 -10
    endloop
  endfacet
  facet normal 0.923994 -0.382406 0
    outer loop
      vertex -39.1888 8.06127 0
      vertex -39.1138 8.24249 -10
      vertex -39.1138 8.24249 0
    endloop
  endfacet
  facet normal 0.923994 -0.382406 0
    outer loop
      vertex -39.1138 8.24249 -10
      vertex -39.1888 8.06127 0
      vertex -39.1888 8.06127 -10
    endloop
  endfacet
  facet normal 0.522609 -0.852573 0
    outer loop
      vertex -38.7347 8.68627 -10
      vertex -38.5675 8.78876 0
      vertex -38.7347 8.68627 0
    endloop
  endfacet
  facet normal 0.522609 -0.852573 0
    outer loop
      vertex -38.5675 8.78876 0
      vertex -38.7347 8.68627 -10
      vertex -38.5675 8.78876 -10
    endloop
  endfacet
  facet normal 0.233363 -0.97239 0
    outer loop
      vertex -38.3863 8.86382 -10
      vertex -38.1955 8.90961 0
      vertex -38.3863 8.86382 0
    endloop
  endfacet
  facet normal 0.233363 -0.97239 0
    outer loop
      vertex -38.1955 8.90961 0
      vertex -38.3863 8.86382 -10
      vertex -38.1955 8.90961 -10
    endloop
  endfacet
  facet normal -0.852606 0.522555 0
    outer loop
      vertex -36.9887 6.94027 -10
      vertex -36.8862 7.10751 0
      vertex -36.8862 7.10751 -10
    endloop
  endfacet
  facet normal -0.852606 0.522555 0
    outer loop
      vertex -36.8862 7.10751 0
      vertex -36.9887 6.94027 -10
      vertex -36.9887 6.94027 0
    endloop
  endfacet
  facet normal -0.760371 -0.649489 0
    outer loop
      vertex -36.9887 8.40973 -10
      vertex -37.1161 8.55888 0
      vertex -37.1161 8.55888 -10
    endloop
  endfacet
  facet normal -0.760371 -0.649489 0
    outer loop
      vertex -37.1161 8.55888 0
      vertex -36.9887 8.40973 -10
      vertex -36.9887 8.40973 0
    endloop
  endfacet
  facet normal -0.852606 -0.522555 0
    outer loop
      vertex -36.8862 8.24249 -10
      vertex -36.9887 8.40973 0
      vertex -36.9887 8.40973 -10
    endloop
  endfacet
  facet normal -0.852606 -0.522555 0
    outer loop
      vertex -36.9887 8.40973 0
      vertex -36.8862 8.24249 -10
      vertex -36.8862 8.24249 0
    endloop
  endfacet
  facet normal -0.0784784 -0.996916 0
    outer loop
      vertex -38 8.925 -10
      vertex -37.8045 8.90961 0
      vertex -38 8.925 0
    endloop
  endfacet
  facet normal -0.0784784 -0.996916 -0
    outer loop
      vertex -37.8045 8.90961 0
      vertex -38 8.925 -10
      vertex -37.8045 8.90961 -10
    endloop
  endfacet
  facet normal 0.972359 -0.233492 0
    outer loop
      vertex -39.2346 7.87054 0
      vertex -39.1888 8.06127 -10
      vertex -39.1888 8.06127 0
    endloop
  endfacet
  facet normal 0.972359 -0.233492 0
    outer loop
      vertex -39.1888 8.06127 -10
      vertex -39.2346 7.87054 0
      vertex -39.2346 7.87054 -10
    endloop
  endfacet
  facet normal -0.760371 0.649489 0
    outer loop
      vertex -37.1161 6.79112 -10
      vertex -36.9887 6.94027 0
      vertex -36.9887 6.94027 -10
    endloop
  endfacet
  facet normal -0.760371 0.649489 0
    outer loop
      vertex -36.9887 6.94027 0
      vertex -37.1161 6.79112 -10
      vertex -37.1161 6.79112 0
    endloop
  endfacet
  facet normal -0.923994 0.382406 0
    outer loop
      vertex -36.8862 7.10751 -10
      vertex -36.8112 7.28873 0
      vertex -36.8112 7.28873 -10
    endloop
  endfacet
  facet normal -0.923994 0.382406 0
    outer loop
      vertex -36.8112 7.28873 0
      vertex -36.8862 7.10751 -10
      vertex -36.8862 7.10751 0
    endloop
  endfacet
  facet normal -0.972359 0.233492 0
    outer loop
      vertex -36.8112 7.28873 -10
      vertex -36.7654 7.47946 0
      vertex -36.7654 7.47946 -10
    endloop
  endfacet
  facet normal -0.972359 0.233492 0
    outer loop
      vertex -36.7654 7.47946 0
      vertex -36.8112 7.28873 -10
      vertex -36.8112 7.28873 0
    endloop
  endfacet
  facet normal 0.852606 0.522555 0
    outer loop
      vertex -39.0113 6.94027 0
      vertex -39.1138 7.10751 -10
      vertex -39.1138 7.10751 0
    endloop
  endfacet
  facet normal 0.852606 0.522555 0
    outer loop
      vertex -39.1138 7.10751 -10
      vertex -39.0113 6.94027 0
      vertex -39.0113 6.94027 -10
    endloop
  endfacet
  facet normal -0.233363 0.97239 0
    outer loop
      vertex -37.6137 6.48618 -10
      vertex -37.8045 6.44039 0
      vertex -37.6137 6.48618 0
    endloop
  endfacet
  facet normal -0.233363 0.97239 0
    outer loop
      vertex -37.8045 6.44039 0
      vertex -37.6137 6.48618 -10
      vertex -37.8045 6.44039 -10
    endloop
  endfacet
  facet normal -0.522609 0.852573 0
    outer loop
      vertex -37.2653 6.66373 -10
      vertex -37.4325 6.56124 0
      vertex -37.2653 6.66373 0
    endloop
  endfacet
  facet normal -0.522609 0.852573 0
    outer loop
      vertex -37.4325 6.56124 0
      vertex -37.2653 6.66373 -10
      vertex -37.4325 6.56124 -10
    endloop
  endfacet
  facet normal -0.996913 0.0785132 0
    outer loop
      vertex -36.7654 7.47946 -10
      vertex -36.75 7.675 0
      vertex -36.75 7.675 -10
    endloop
  endfacet
  facet normal -0.996913 0.0785132 0
    outer loop
      vertex -36.75 7.675 0
      vertex -36.7654 7.47946 -10
      vertex -36.7654 7.47946 0
    endloop
  endfacet
  facet normal 0.382703 0.923871 -0
    outer loop
      vertex -38.3863 6.48618 -10
      vertex -38.5675 6.56124 0
      vertex -38.3863 6.48618 0
    endloop
  endfacet
  facet normal 0.382703 0.923871 0
    outer loop
      vertex -38.5675 6.56124 0
      vertex -38.3863 6.48618 -10
      vertex -38.5675 6.56124 -10
    endloop
  endfacet
  facet normal 0.760371 0.649489 0
    outer loop
      vertex -38.8839 6.79112 0
      vertex -39.0113 6.94027 -10
      vertex -39.0113 6.94027 0
    endloop
  endfacet
  facet normal 0.760371 0.649489 0
    outer loop
      vertex -39.0113 6.94027 -10
      vertex -38.8839 6.79112 0
      vertex -38.8839 6.79112 -10
    endloop
  endfacet
  facet normal 0.923994 0.382406 0
    outer loop
      vertex -39.1138 7.10751 0
      vertex -39.1888 7.28873 -10
      vertex -39.1888 7.28873 0
    endloop
  endfacet
  facet normal 0.923994 0.382406 0
    outer loop
      vertex -39.1888 7.28873 -10
      vertex -39.1138 7.10751 0
      vertex -39.1138 7.10751 -10
    endloop
  endfacet
  facet normal 0.996913 0.0785132 0
    outer loop
      vertex -39.2346 7.47946 0
      vertex -39.25 7.675 -10
      vertex -39.25 7.675 0
    endloop
  endfacet
  facet normal 0.996913 0.0785132 0
    outer loop
      vertex -39.25 7.675 -10
      vertex -39.2346 7.47946 0
      vertex -39.2346 7.47946 -10
    endloop
  endfacet
  facet normal -0.382703 0.923871 0
    outer loop
      vertex -37.4325 6.56124 -10
      vertex -37.6137 6.48618 0
      vertex -37.4325 6.56124 0
    endloop
  endfacet
  facet normal -0.382703 0.923871 0
    outer loop
      vertex -37.6137 6.48618 0
      vertex -37.4325 6.56124 -10
      vertex -37.6137 6.48618 -10
    endloop
  endfacet
  facet normal -0.649334 0.760504 0
    outer loop
      vertex -37.1161 6.79112 -10
      vertex -37.2653 6.66373 0
      vertex -37.1161 6.79112 0
    endloop
  endfacet
  facet normal -0.649334 0.760504 0
    outer loop
      vertex -37.2653 6.66373 0
      vertex -37.1161 6.79112 -10
      vertex -37.2653 6.66373 -10
    endloop
  endfacet
  facet normal 0.649334 0.760504 -0
    outer loop
      vertex -38.7347 6.66373 -10
      vertex -38.8839 6.79112 0
      vertex -38.7347 6.66373 0
    endloop
  endfacet
  facet normal 0.649334 0.760504 0
    outer loop
      vertex -38.8839 6.79112 0
      vertex -38.7347 6.66373 -10
      vertex -38.8839 6.79112 -10
    endloop
  endfacet
  facet normal 0.233363 0.97239 -0
    outer loop
      vertex -38.1955 6.44039 -10
      vertex -38.3863 6.48618 0
      vertex -38.1955 6.44039 0
    endloop
  endfacet
  facet normal 0.233363 0.97239 0
    outer loop
      vertex -38.3863 6.48618 0
      vertex -38.1955 6.44039 -10
      vertex -38.3863 6.48618 -10
    endloop
  endfacet
  facet normal 0.972359 0.233492 0
    outer loop
      vertex -39.1888 7.28873 0
      vertex -39.2346 7.47946 -10
      vertex -39.2346 7.47946 0
    endloop
  endfacet
  facet normal 0.972359 0.233492 0
    outer loop
      vertex -39.2346 7.47946 -10
      vertex -39.1888 7.28873 0
      vertex -39.1888 7.28873 -10
    endloop
  endfacet
  facet normal 0.522609 0.852573 -0
    outer loop
      vertex -38.5675 6.56124 -10
      vertex -38.7347 6.66373 0
      vertex -38.5675 6.56124 0
    endloop
  endfacet
  facet normal 0.522609 0.852573 0
    outer loop
      vertex -38.7347 6.66373 0
      vertex -38.5675 6.56124 -10
      vertex -38.7347 6.66373 -10
    endloop
  endfacet
  facet normal 0.0784784 0.996916 -0
    outer loop
      vertex -38 6.425 -10
      vertex -38.1955 6.44039 0
      vertex -38 6.425 0
    endloop
  endfacet
  facet normal 0.0784784 0.996916 0
    outer loop
      vertex -38.1955 6.44039 0
      vertex -38 6.425 -10
      vertex -38.1955 6.44039 -10
    endloop
  endfacet
  facet normal 0.996921 0.0784075 0
    outer loop
      vertex -34.5 125.675 0
      vertex -34.5431 126.223 -10
      vertex -34.5431 126.223 0
    endloop
  endfacet
  facet normal 0.996921 0.0784075 0
    outer loop
      vertex -34.5431 126.223 -10
      vertex -34.5 125.675 0
      vertex -34.5 125.675 -10
    endloop
  endfacet
  facet normal -0.996921 0.0784075 0
    outer loop
      vertex -41.5 125.675 -10
      vertex -41.4569 126.223 0
      vertex -41.4569 126.223 -10
    endloop
  endfacet
  facet normal -0.996921 0.0784075 0
    outer loop
      vertex -41.4569 126.223 0
      vertex -41.5 125.675 -10
      vertex -41.5 125.675 0
    endloop
  endfacet
  facet normal 0.0782977 0.99693 -0
    outer loop
      vertex -37.4525 129.132 -10
      vertex -38 129.175 0
      vertex -37.4525 129.132 0
    endloop
  endfacet
  facet normal 0.0782977 0.99693 0
    outer loop
      vertex -38 129.175 0
      vertex -37.4525 129.132 -10
      vertex -38 129.175 -10
    endloop
  endfacet
  facet normal -0.0782977 -0.99693 0
    outer loop
      vertex -38.5475 122.218 -10
      vertex -38 122.175 0
      vertex -38.5475 122.218 0
    endloop
  endfacet
  facet normal -0.0782977 -0.99693 -0
    outer loop
      vertex -38 122.175 0
      vertex -38.5475 122.218 -10
      vertex -38 122.175 -10
    endloop
  endfacet
  facet normal 0.760681 0.649126 0
    outer loop
      vertex -35.1684 127.732 0
      vertex -35.5251 128.15 -10
      vertex -35.5251 128.15 0
    endloop
  endfacet
  facet normal 0.760681 0.649126 0
    outer loop
      vertex -35.5251 128.15 -10
      vertex -35.1684 127.732 0
      vertex -35.1684 127.732 -10
    endloop
  endfacet
  facet normal -0.649712 0.760181 0
    outer loop
      vertex -40.0572 128.507 -10
      vertex -40.4749 128.15 0
      vertex -40.0572 128.507 0
    endloop
  endfacet
  facet normal -0.649712 0.760181 0
    outer loop
      vertex -40.4749 128.15 0
      vertex -40.0572 128.507 -10
      vertex -40.4749 128.15 -10
    endloop
  endfacet
  facet normal -0.233056 0.972463 0
    outer loop
      vertex -38.5475 129.132 -10
      vertex -39.0816 129.004 0
      vertex -38.5475 129.132 0
    endloop
  endfacet
  facet normal -0.233056 0.972463 0
    outer loop
      vertex -39.0816 129.004 0
      vertex -38.5475 129.132 -10
      vertex -39.0816 129.004 -10
    endloop
  endfacet
  facet normal 0.852552 -0.522643 0
    outer loop
      vertex -35.1684 123.618 0
      vertex -34.8815 124.086 -10
      vertex -34.8815 124.086 0
    endloop
  endfacet
  facet normal 0.852552 -0.522643 0
    outer loop
      vertex -34.8815 124.086 -10
      vertex -35.1684 123.618 0
      vertex -35.1684 123.618 -10
    endloop
  endfacet
  facet normal -0.972371 -0.233442 0
    outer loop
      vertex -41.3287 124.593 -10
      vertex -41.4569 125.127 0
      vertex -41.4569 125.127 -10
    endloop
  endfacet
  facet normal -0.972371 -0.233442 0
    outer loop
      vertex -41.4569 125.127 0
      vertex -41.3287 124.593 -10
      vertex -41.3287 124.593 0
    endloop
  endfacet
  facet normal 0 0 -1
    outer loop
      vertex -36.75 125.675 -10
      vertex -34.5 125.675 -10
      vertex -34.5431 125.127 -10
    endloop
  endfacet
  facet normal 0 0 -1
    outer loop
      vertex -36.7654 125.479 -10
      vertex -34.5431 125.127 -10
      vertex -34.6713 124.593 -10
    endloop
  endfacet
  facet normal 0 0 -1
    outer loop
      vertex -34.5 125.675 -10
      vertex -36.75 125.675 -10
      vertex -34.5431 126.223 -10
    endloop
  endfacet
  facet normal 0 0 -1
    outer loop
      vertex -36.8112 125.289 -10
      vertex -34.6713 124.593 -10
      vertex -34.8815 124.086 -10
    endloop
  endfacet
  facet normal 0 0 -1
    outer loop
      vertex -36.7654 125.871 -10
      vertex -34.5431 126.223 -10
      vertex -36.75 125.675 -10
    endloop
  endfacet
  facet normal 0 0 -1
    outer loop
      vertex -36.8862 125.108 -10
      vertex -34.8815 124.086 -10
      vertex -35.1684 123.618 -10
    endloop
  endfacet
  facet normal -0 0 -1
    outer loop
      vertex -34.5431 126.223 -10
      vertex -36.7654 125.871 -10
      vertex -34.6713 126.757 -10
    endloop
  endfacet
  facet normal 0 0 -1
    outer loop
      vertex -36.9887 124.94 -10
      vertex -35.1684 123.618 -10
      vertex -35.5251 123.2 -10
    endloop
  endfacet
  facet normal 0 0 -1
    outer loop
      vertex -36.8112 126.061 -10
      vertex -34.6713 126.757 -10
      vertex -36.7654 125.871 -10
    endloop
  endfacet
  facet normal 0 0 -1
    outer loop
      vertex -37.1161 124.791 -10
      vertex -35.5251 123.2 -10
      vertex -35.9427 122.843 -10
    endloop
  endfacet
  facet normal -0 0 -1
    outer loop
      vertex -34.6713 126.757 -10
      vertex -36.8112 126.061 -10
      vertex -34.8815 127.264 -10
    endloop
  endfacet
  facet normal 0 0 -1
    outer loop
      vertex -37.2653 124.664 -10
      vertex -35.9427 122.843 -10
      vertex -36.411 122.556 -10
    endloop
  endfacet
  facet normal 0 0 -1
    outer loop
      vertex -36.8862 126.242 -10
      vertex -34.8815 127.264 -10
      vertex -36.8112 126.061 -10
    endloop
  endfacet
  facet normal -0 0 -1
    outer loop
      vertex -34.8815 127.264 -10
      vertex -36.8862 126.242 -10
      vertex -35.1684 127.732 -10
    endloop
  endfacet
  facet normal 0 0 -1
    outer loop
      vertex -34.5431 125.127 -10
      vertex -36.7654 125.479 -10
      vertex -36.75 125.675 -10
    endloop
  endfacet
  facet normal 0 0 -1
    outer loop
      vertex -34.6713 124.593 -10
      vertex -36.8112 125.289 -10
      vertex -36.7654 125.479 -10
    endloop
  endfacet
  facet normal 0 0 -1
    outer loop
      vertex -34.8815 124.086 -10
      vertex -36.8862 125.108 -10
      vertex -36.8112 125.289 -10
    endloop
  endfacet
  facet normal 0 0 -1
    outer loop
      vertex -37.4325 124.561 -10
      vertex -36.411 122.556 -10
      vertex -36.9184 122.346 -10
    endloop
  endfacet
  facet normal 0 0 -1
    outer loop
      vertex -35.1684 123.618 -10
      vertex -36.9887 124.94 -10
      vertex -36.8862 125.108 -10
    endloop
  endfacet
  facet normal 0 0 -1
    outer loop
      vertex -35.5251 123.2 -10
      vertex -37.1161 124.791 -10
      vertex -36.9887 124.94 -10
    endloop
  endfacet
  facet normal 0 0 -1
    outer loop
      vertex -35.9427 122.843 -10
      vertex -37.2653 124.664 -10
      vertex -37.1161 124.791 -10
    endloop
  endfacet
  facet normal 0 0 -1
    outer loop
      vertex -36.411 122.556 -10
      vertex -37.4325 124.561 -10
      vertex -37.2653 124.664 -10
    endloop
  endfacet
  facet normal 0 0 -1
    outer loop
      vertex -37.6137 124.486 -10
      vertex -36.9184 122.346 -10
      vertex -37.4525 122.218 -10
    endloop
  endfacet
  facet normal 0 0 -1
    outer loop
      vertex -36.9184 122.346 -10
      vertex -37.6137 124.486 -10
      vertex -37.4325 124.561 -10
    endloop
  endfacet
  facet normal 0 0 -1
    outer loop
      vertex -37.4525 122.218 -10
      vertex -37.8045 124.44 -10
      vertex -37.6137 124.486 -10
    endloop
  endfacet
  facet normal 0 0 -1
    outer loop
      vertex -38 122.175 -10
      vertex -37.8045 124.44 -10
      vertex -37.4525 122.218 -10
    endloop
  endfacet
  facet normal 0 0 -1
    outer loop
      vertex -38 122.175 -10
      vertex -38 124.425 -10
      vertex -37.8045 124.44 -10
    endloop
  endfacet
  facet normal 0 0 -1
    outer loop
      vertex -38 122.175 -10
      vertex -38.1955 124.44 -10
      vertex -38 124.425 -10
    endloop
  endfacet
  facet normal 0 0 -1
    outer loop
      vertex -38.5475 122.218 -10
      vertex -38.1955 124.44 -10
      vertex -38 122.175 -10
    endloop
  endfacet
  facet normal -0 0 -1
    outer loop
      vertex -38.1955 124.44 -10
      vertex -38.5475 122.218 -10
      vertex -38.3863 124.486 -10
    endloop
  endfacet
  facet normal 0 0 -1
    outer loop
      vertex -39.0816 122.346 -10
      vertex -38.3863 124.486 -10
      vertex -38.5475 122.218 -10
    endloop
  endfacet
  facet normal -0 0 -1
    outer loop
      vertex -38.3863 124.486 -10
      vertex -39.0816 122.346 -10
      vertex -38.5675 124.561 -10
    endloop
  endfacet
  facet normal 0 0 -1
    outer loop
      vertex -39.589 122.556 -10
      vertex -38.5675 124.561 -10
      vertex -39.0816 122.346 -10
    endloop
  endfacet
  facet normal -0 0 -1
    outer loop
      vertex -38.5675 124.561 -10
      vertex -39.589 122.556 -10
      vertex -38.7347 124.664 -10
    endloop
  endfacet
  facet normal 0 0 -1
    outer loop
      vertex -40.0572 122.843 -10
      vertex -38.7347 124.664 -10
      vertex -39.589 122.556 -10
    endloop
  endfacet
  facet normal -0 0 -1
    outer loop
      vertex -38.7347 124.664 -10
      vertex -40.0572 122.843 -10
      vertex -38.8839 124.791 -10
    endloop
  endfacet
  facet normal 0 0 -1
    outer loop
      vertex -40.4749 123.2 -10
      vertex -38.8839 124.791 -10
      vertex -40.0572 122.843 -10
    endloop
  endfacet
  facet normal -0 0 -1
    outer loop
      vertex -38.8839 124.791 -10
      vertex -40.4749 123.2 -10
      vertex -39.0113 124.94 -10
    endloop
  endfacet
  facet normal 0 0 -1
    outer loop
      vertex -40.8316 123.618 -10
      vertex -39.0113 124.94 -10
      vertex -40.4749 123.2 -10
    endloop
  endfacet
  facet normal -0 0 -1
    outer loop
      vertex -39.0113 124.94 -10
      vertex -40.8316 123.618 -10
      vertex -39.1138 125.108 -10
    endloop
  endfacet
  facet normal 0 0 -1
    outer loop
      vertex -36.9887 126.41 -10
      vertex -35.1684 127.732 -10
      vertex -36.8862 126.242 -10
    endloop
  endfacet
  facet normal -0 0 -1
    outer loop
      vertex -35.1684 127.732 -10
      vertex -36.9887 126.41 -10
      vertex -35.5251 128.15 -10
    endloop
  endfacet
  facet normal 0 0 -1
    outer loop
      vertex -37.1161 126.559 -10
      vertex -35.5251 128.15 -10
      vertex -36.9887 126.41 -10
    endloop
  endfacet
  facet normal -0 0 -1
    outer loop
      vertex -35.5251 128.15 -10
      vertex -37.1161 126.559 -10
      vertex -35.9427 128.507 -10
    endloop
  endfacet
  facet normal 0 0 -1
    outer loop
      vertex -37.2653 126.686 -10
      vertex -35.9427 128.507 -10
      vertex -37.1161 126.559 -10
    endloop
  endfacet
  facet normal -0 0 -1
    outer loop
      vertex -35.9427 128.507 -10
      vertex -37.2653 126.686 -10
      vertex -36.411 128.794 -10
    endloop
  endfacet
  facet normal 0 0 -1
    outer loop
      vertex -37.4325 126.789 -10
      vertex -36.411 128.794 -10
      vertex -37.2653 126.686 -10
    endloop
  endfacet
  facet normal -0 0 -1
    outer loop
      vertex -36.411 128.794 -10
      vertex -37.4325 126.789 -10
      vertex -36.9184 129.004 -10
    endloop
  endfacet
  facet normal 0 0 -1
    outer loop
      vertex -37.6137 126.864 -10
      vertex -36.9184 129.004 -10
      vertex -37.4325 126.789 -10
    endloop
  endfacet
  facet normal -0 0 -1
    outer loop
      vertex -36.9184 129.004 -10
      vertex -37.6137 126.864 -10
      vertex -37.4525 129.132 -10
    endloop
  endfacet
  facet normal 0 0 -1
    outer loop
      vertex -37.8045 126.91 -10
      vertex -37.4525 129.132 -10
      vertex -37.6137 126.864 -10
    endloop
  endfacet
  facet normal 0 0 -1
    outer loop
      vertex -38 126.925 -10
      vertex -37.4525 129.132 -10
      vertex -37.8045 126.91 -10
    endloop
  endfacet
  facet normal 0 0 -1
    outer loop
      vertex -38 126.925 -10
      vertex -38 129.175 -10
      vertex -37.4525 129.132 -10
    endloop
  endfacet
  facet normal 0 0 -1
    outer loop
      vertex -38.1955 126.91 -10
      vertex -38 129.175 -10
      vertex -38 126.925 -10
    endloop
  endfacet
  facet normal 0 0 -1
    outer loop
      vertex -38.5475 129.132 -10
      vertex -38.1955 126.91 -10
      vertex -38.3863 126.864 -10
    endloop
  endfacet
  facet normal 0 0 -1
    outer loop
      vertex -38.1955 126.91 -10
      vertex -38.5475 129.132 -10
      vertex -38 129.175 -10
    endloop
  endfacet
  facet normal 0 0 -1
    outer loop
      vertex -39.0816 129.004 -10
      vertex -38.3863 126.864 -10
      vertex -38.5675 126.789 -10
    endloop
  endfacet
  facet normal 0 0 -1
    outer loop
      vertex -39.589 128.794 -10
      vertex -38.5675 126.789 -10
      vertex -38.7347 126.686 -10
    endloop
  endfacet
  facet normal 0 0 -1
    outer loop
      vertex -40.0572 128.507 -10
      vertex -38.7347 126.686 -10
      vertex -38.8839 126.559 -10
    endloop
  endfacet
  facet normal 0 0 -1
    outer loop
      vertex -40.4749 128.15 -10
      vertex -38.8839 126.559 -10
      vertex -39.0113 126.41 -10
    endloop
  endfacet
  facet normal 0 0 -1
    outer loop
      vertex -38.3863 126.864 -10
      vertex -39.0816 129.004 -10
      vertex -38.5475 129.132 -10
    endloop
  endfacet
  facet normal 0 0 -1
    outer loop
      vertex -40.8316 127.732 -10
      vertex -39.0113 126.41 -10
      vertex -39.1138 126.242 -10
    endloop
  endfacet
  facet normal 0 0 -1
    outer loop
      vertex -41.1185 127.264 -10
      vertex -39.1138 126.242 -10
      vertex -39.1888 126.061 -10
    endloop
  endfacet
  facet normal 0 0 -1
    outer loop
      vertex -41.3287 126.757 -10
      vertex -39.1888 126.061 -10
      vertex -39.2346 125.871 -10
    endloop
  endfacet
  facet normal 0 0 -1
    outer loop
      vertex -41.4569 126.223 -10
      vertex -39.2346 125.871 -10
      vertex -39.25 125.675 -10
    endloop
  endfacet
  facet normal 0 0 -1
    outer loop
      vertex -41.1185 124.086 -10
      vertex -39.1138 125.108 -10
      vertex -40.8316 123.618 -10
    endloop
  endfacet
  facet normal 0 0 -1
    outer loop
      vertex -38.5675 126.789 -10
      vertex -39.589 128.794 -10
      vertex -39.0816 129.004 -10
    endloop
  endfacet
  facet normal -0 0 -1
    outer loop
      vertex -39.1138 125.108 -10
      vertex -41.1185 124.086 -10
      vertex -39.1888 125.289 -10
    endloop
  endfacet
  facet normal 0 0 -1
    outer loop
      vertex -38.7347 126.686 -10
      vertex -40.0572 128.507 -10
      vertex -39.589 128.794 -10
    endloop
  endfacet
  facet normal 0 0 -1
    outer loop
      vertex -41.3287 124.593 -10
      vertex -39.1888 125.289 -10
      vertex -41.1185 124.086 -10
    endloop
  endfacet
  facet normal 0 0 -1
    outer loop
      vertex -38.8839 126.559 -10
      vertex -40.4749 128.15 -10
      vertex -40.0572 128.507 -10
    endloop
  endfacet
  facet normal -0 0 -1
    outer loop
      vertex -39.1888 125.289 -10
      vertex -41.3287 124.593 -10
      vertex -39.2346 125.479 -10
    endloop
  endfacet
  facet normal 0 0 -1
    outer loop
      vertex -39.0113 126.41 -10
      vertex -40.8316 127.732 -10
      vertex -40.4749 128.15 -10
    endloop
  endfacet
  facet normal 0 0 -1
    outer loop
      vertex -41.4569 125.127 -10
      vertex -39.2346 125.479 -10
      vertex -41.3287 124.593 -10
    endloop
  endfacet
  facet normal 0 0 -1
    outer loop
      vertex -39.1138 126.242 -10
      vertex -41.1185 127.264 -10
      vertex -40.8316 127.732 -10
    endloop
  endfacet
  facet normal -0 0 -1
    outer loop
      vertex -39.2346 125.479 -10
      vertex -41.4569 125.127 -10
      vertex -39.25 125.675 -10
    endloop
  endfacet
  facet normal 0 0 -1
    outer loop
      vertex -39.1888 126.061 -10
      vertex -41.3287 126.757 -10
      vertex -41.1185 127.264 -10
    endloop
  endfacet
  facet normal 0 0 -1
    outer loop
      vertex -41.5 125.675 -10
      vertex -39.25 125.675 -10
      vertex -41.4569 125.127 -10
    endloop
  endfacet
  facet normal 0 0 -1
    outer loop
      vertex -39.2346 125.871 -10
      vertex -41.4569 126.223 -10
      vertex -41.3287 126.757 -10
    endloop
  endfacet
  facet normal 0 0 -1
    outer loop
      vertex -39.25 125.675 -10
      vertex -41.5 125.675 -10
      vertex -41.4569 126.223 -10
    endloop
  endfacet
  facet normal 0.923755 0.382985 0
    outer loop
      vertex -34.6713 126.757 0
      vertex -34.8815 127.264 -10
      vertex -34.8815 127.264 0
    endloop
  endfacet
  facet normal 0.923755 0.382985 0
    outer loop
      vertex -34.8815 127.264 -10
      vertex -34.6713 126.757 0
      vertex -34.6713 126.757 -10
    endloop
  endfacet
  facet normal 0.972371 0.233442 0
    outer loop
      vertex -34.5431 126.223 0
      vertex -34.6713 126.757 -10
      vertex -34.6713 126.757 0
    endloop
  endfacet
  facet normal 0.972371 0.233442 0
    outer loop
      vertex -34.6713 126.757 -10
      vertex -34.5431 126.223 0
      vertex -34.5431 126.223 -10
    endloop
  endfacet
  facet normal 0.852552 0.522643 0
    outer loop
      vertex -34.8815 127.264 0
      vertex -35.1684 127.732 -10
      vertex -35.1684 127.732 0
    endloop
  endfacet
  facet normal 0.852552 0.522643 0
    outer loop
      vertex -35.1684 127.732 -10
      vertex -34.8815 127.264 0
      vertex -34.8815 127.264 -10
    endloop
  endfacet
  facet normal 0.382416 0.92399 -0
    outer loop
      vertex -36.411 128.794 -10
      vertex -36.9184 129.004 0
      vertex -36.411 128.794 0
    endloop
  endfacet
  facet normal 0.382416 0.92399 0
    outer loop
      vertex -36.9184 129.004 0
      vertex -36.411 128.794 -10
      vertex -36.9184 129.004 -10
    endloop
  endfacet
  facet normal 0.233056 0.972463 -0
    outer loop
      vertex -36.9184 129.004 -10
      vertex -37.4525 129.132 0
      vertex -36.9184 129.004 0
    endloop
  endfacet
  facet normal 0.233056 0.972463 0
    outer loop
      vertex -37.4525 129.132 0
      vertex -36.9184 129.004 -10
      vertex -37.4525 129.132 -10
    endloop
  endfacet
  facet normal 0.649802 0.760104 -0
    outer loop
      vertex -35.5251 128.15 -10
      vertex -35.9427 128.507 0
      vertex -35.5251 128.15 0
    endloop
  endfacet
  facet normal 0.649802 0.760104 0
    outer loop
      vertex -35.9427 128.507 0
      vertex -35.5251 128.15 -10
      vertex -35.9427 128.507 -10
    endloop
  endfacet
  facet normal -0.852552 0.522643 0
    outer loop
      vertex -41.1185 127.264 -10
      vertex -40.8316 127.732 0
      vertex -40.8316 127.732 -10
    endloop
  endfacet
  facet normal -0.852552 0.522643 0
    outer loop
      vertex -40.8316 127.732 0
      vertex -41.1185 127.264 -10
      vertex -41.1185 127.264 0
    endloop
  endfacet
  facet normal -0.760681 0.649126 0
    outer loop
      vertex -40.8316 127.732 -10
      vertex -40.4749 128.15 0
      vertex -40.4749 128.15 -10
    endloop
  endfacet
  facet normal -0.760681 0.649126 0
    outer loop
      vertex -40.4749 128.15 0
      vertex -40.8316 127.732 -10
      vertex -40.8316 127.732 0
    endloop
  endfacet
  facet normal -0.522613 0.85257 0
    outer loop
      vertex -39.589 128.794 -10
      vertex -40.0572 128.507 0
      vertex -39.589 128.794 0
    endloop
  endfacet
  facet normal -0.522613 0.85257 0
    outer loop
      vertex -40.0572 128.507 0
      vertex -39.589 128.794 -10
      vertex -40.0572 128.507 -10
    endloop
  endfacet
  facet normal -0.0782977 0.99693 0
    outer loop
      vertex -38 129.175 -10
      vertex -38.5475 129.132 0
      vertex -38 129.175 0
    endloop
  endfacet
  facet normal -0.0782977 0.99693 0
    outer loop
      vertex -38.5475 129.132 0
      vertex -38 129.175 -10
      vertex -38.5475 129.132 -10
    endloop
  endfacet
  facet normal 0.233056 -0.972463 0
    outer loop
      vertex -37.4525 122.218 -10
      vertex -36.9184 122.346 0
      vertex -37.4525 122.218 0
    endloop
  endfacet
  facet normal 0.233056 -0.972463 0
    outer loop
      vertex -36.9184 122.346 0
      vertex -37.4525 122.218 -10
      vertex -36.9184 122.346 -10
    endloop
  endfacet
  facet normal 0.0782977 -0.99693 0
    outer loop
      vertex -38 122.175 -10
      vertex -37.4525 122.218 0
      vertex -38 122.175 0
    endloop
  endfacet
  facet normal 0.0782977 -0.99693 0
    outer loop
      vertex -37.4525 122.218 0
      vertex -38 122.175 -10
      vertex -37.4525 122.218 -10
    endloop
  endfacet
  facet normal 0.522532 -0.85262 0
    outer loop
      vertex -36.411 122.556 -10
      vertex -35.9427 122.843 0
      vertex -36.411 122.556 0
    endloop
  endfacet
  facet normal 0.522532 -0.85262 0
    outer loop
      vertex -35.9427 122.843 0
      vertex -36.411 122.556 -10
      vertex -35.9427 122.843 -10
    endloop
  endfacet
  facet normal -0.649712 -0.760181 0
    outer loop
      vertex -40.4749 123.2 -10
      vertex -40.0572 122.843 0
      vertex -40.4749 123.2 0
    endloop
  endfacet
  facet normal -0.649712 -0.760181 -0
    outer loop
      vertex -40.0572 122.843 0
      vertex -40.4749 123.2 -10
      vertex -40.0572 122.843 -10
    endloop
  endfacet
  facet normal -0.382416 -0.92399 0
    outer loop
      vertex -39.589 122.556 -10
      vertex -39.0816 122.346 0
      vertex -39.589 122.556 0
    endloop
  endfacet
  facet normal -0.382416 -0.92399 -0
    outer loop
      vertex -39.0816 122.346 0
      vertex -39.589 122.556 -10
      vertex -39.0816 122.346 -10
    endloop
  endfacet
  facet normal -0.852552 -0.522643 0
    outer loop
      vertex -40.8316 123.618 -10
      vertex -41.1185 124.086 0
      vertex -41.1185 124.086 -10
    endloop
  endfacet
  facet normal -0.852552 -0.522643 0
    outer loop
      vertex -41.1185 124.086 0
      vertex -40.8316 123.618 -10
      vertex -40.8316 123.618 0
    endloop
  endfacet
  facet normal -0.760681 -0.649126 0
    outer loop
      vertex -40.4749 123.2 -10
      vertex -40.8316 123.618 0
      vertex -40.8316 123.618 -10
    endloop
  endfacet
  facet normal -0.760681 -0.649126 0
    outer loop
      vertex -40.8316 123.618 0
      vertex -40.4749 123.2 -10
      vertex -40.4749 123.2 0
    endloop
  endfacet
  facet normal -0.996921 -0.0784075 0
    outer loop
      vertex -41.4569 125.127 -10
      vertex -41.5 125.675 0
      vertex -41.5 125.675 -10
    endloop
  endfacet
  facet normal -0.996921 -0.0784075 0
    outer loop
      vertex -41.5 125.675 0
      vertex -41.4569 125.127 -10
      vertex -41.4569 125.127 0
    endloop
  endfacet
  facet normal -0.972371 0.233442 0
    outer loop
      vertex -41.4569 126.223 -10
      vertex -41.3287 126.757 0
      vertex -41.3287 126.757 -10
    endloop
  endfacet
  facet normal -0.972371 0.233442 0
    outer loop
      vertex -41.3287 126.757 0
      vertex -41.4569 126.223 -10
      vertex -41.4569 126.223 0
    endloop
  endfacet
  facet normal 0.996921 -0.0784075 0
    outer loop
      vertex -34.5431 125.127 0
      vertex -34.5 125.675 -10
      vertex -34.5 125.675 0
    endloop
  endfacet
  facet normal 0.996921 -0.0784075 0
    outer loop
      vertex -34.5 125.675 -10
      vertex -34.5431 125.127 0
      vertex -34.5431 125.127 -10
    endloop
  endfacet
  facet normal 0.649802 -0.760104 0
    outer loop
      vertex -35.9427 122.843 -10
      vertex -35.5251 123.2 0
      vertex -35.9427 122.843 0
    endloop
  endfacet
  facet normal 0.649802 -0.760104 0
    outer loop
      vertex -35.5251 123.2 0
      vertex -35.9427 122.843 -10
      vertex -35.5251 123.2 -10
    endloop
  endfacet
  facet normal 0.760681 -0.649126 0
    outer loop
      vertex -35.5251 123.2 0
      vertex -35.1684 123.618 -10
      vertex -35.1684 123.618 0
    endloop
  endfacet
  facet normal 0.760681 -0.649126 0
    outer loop
      vertex -35.1684 123.618 -10
      vertex -35.5251 123.2 0
      vertex -35.5251 123.2 -10
    endloop
  endfacet
  facet normal -0.522613 -0.85257 0
    outer loop
      vertex -40.0572 122.843 -10
      vertex -39.589 122.556 0
      vertex -40.0572 122.843 0
    endloop
  endfacet
  facet normal -0.522613 -0.85257 -0
    outer loop
      vertex -39.589 122.556 0
      vertex -40.0572 122.843 -10
      vertex -39.589 122.556 -10
    endloop
  endfacet
  facet normal 0.522532 0.85262 -0
    outer loop
      vertex -35.9427 128.507 -10
      vertex -36.411 128.794 0
      vertex -35.9427 128.507 0
    endloop
  endfacet
  facet normal 0.522532 0.85262 0
    outer loop
      vertex -36.411 128.794 0
      vertex -35.9427 128.507 -10
      vertex -36.411 128.794 -10
    endloop
  endfacet
  facet normal -0.923755 0.382985 0
    outer loop
      vertex -41.3287 126.757 -10
      vertex -41.1185 127.264 0
      vertex -41.1185 127.264 -10
    endloop
  endfacet
  facet normal -0.923755 0.382985 0
    outer loop
      vertex -41.1185 127.264 0
      vertex -41.3287 126.757 -10
      vertex -41.3287 126.757 0
    endloop
  endfacet
  facet normal -0.382416 0.92399 0
    outer loop
      vertex -39.0816 129.004 -10
      vertex -39.589 128.794 0
      vertex -39.0816 129.004 0
    endloop
  endfacet
  facet normal -0.382416 0.92399 0
    outer loop
      vertex -39.589 128.794 0
      vertex -39.0816 129.004 -10
      vertex -39.589 128.794 -10
    endloop
  endfacet
  facet normal 0.923755 -0.382985 0
    outer loop
      vertex -34.8815 124.086 0
      vertex -34.6713 124.593 -10
      vertex -34.6713 124.593 0
    endloop
  endfacet
  facet normal 0.923755 -0.382985 0
    outer loop
      vertex -34.6713 124.593 -10
      vertex -34.8815 124.086 0
      vertex -34.8815 124.086 -10
    endloop
  endfacet
  facet normal 0.382416 -0.92399 0
    outer loop
      vertex -36.9184 122.346 -10
      vertex -36.411 122.556 0
      vertex -36.9184 122.346 0
    endloop
  endfacet
  facet normal 0.382416 -0.92399 0
    outer loop
      vertex -36.411 122.556 0
      vertex -36.9184 122.346 -10
      vertex -36.411 122.556 -10
    endloop
  endfacet
  facet normal -0.233056 -0.972463 0
    outer loop
      vertex -39.0816 122.346 -10
      vertex -38.5475 122.218 0
      vertex -39.0816 122.346 0
    endloop
  endfacet
  facet normal -0.233056 -0.972463 -0
    outer loop
      vertex -38.5475 122.218 0
      vertex -39.0816 122.346 -10
      vertex -38.5475 122.218 -10
    endloop
  endfacet
  facet normal -0.923755 -0.382985 0
    outer loop
      vertex -41.1185 124.086 -10
      vertex -41.3287 124.593 0
      vertex -41.3287 124.593 -10
    endloop
  endfacet
  facet normal -0.923755 -0.382985 0
    outer loop
      vertex -41.3287 124.593 0
      vertex -41.1185 124.086 -10
      vertex -41.1185 124.086 0
    endloop
  endfacet
  facet normal 0.972371 -0.233442 0
    outer loop
      vertex -34.6713 124.593 0
      vertex -34.5431 125.127 -10
      vertex -34.5431 125.127 0
    endloop
  endfacet
  facet normal 0.972371 -0.233442 0
    outer loop
      vertex -34.5431 125.127 -10
      vertex -34.6713 124.593 0
      vertex -34.6713 124.593 -10
    endloop
  endfacet
  facet normal -0.996927 -0.07833 0
    outer loop
      vertex -36.75 125.675 -10
      vertex -36.7654 125.871 0
      vertex -36.7654 125.871 -10
    endloop
  endfacet
  facet normal -0.996927 -0.07833 0
    outer loop
      vertex -36.7654 125.871 0
      vertex -36.75 125.675 -10
      vertex -36.75 125.675 0
    endloop
  endfacet
  facet normal 0.996927 -0.07833 0
    outer loop
      vertex -39.25 125.675 0
      vertex -39.2346 125.871 -10
      vertex -39.2346 125.871 0
    endloop
  endfacet
  facet normal 0.996927 -0.07833 0
    outer loop
      vertex -39.2346 125.871 -10
      vertex -39.25 125.675 0
      vertex -39.25 125.675 -10
    endloop
  endfacet
  facet normal 0.0765015 -0.997069 0
    outer loop
      vertex -38.1955 126.91 -10
      vertex -38 126.925 0
      vertex -38.1955 126.91 0
    endloop
  endfacet
  facet normal 0.0765015 -0.997069 0
    outer loop
      vertex -38 126.925 0
      vertex -38.1955 126.91 -10
      vertex -38 126.925 -10
    endloop
  endfacet
  facet normal -0.0765015 0.997069 0
    outer loop
      vertex -37.8045 124.44 -10
      vertex -38 124.425 0
      vertex -37.8045 124.44 0
    endloop
  endfacet
  facet normal -0.0765015 0.997069 0
    outer loop
      vertex -38 124.425 0
      vertex -37.8045 124.44 -10
      vertex -38 124.425 -10
    endloop
  endfacet
  facet normal -0.648182 -0.761486 0
    outer loop
      vertex -37.2653 126.686 -10
      vertex -37.1161 126.559 0
      vertex -37.2653 126.686 0
    endloop
  endfacet
  facet normal -0.648182 -0.761486 -0
    outer loop
      vertex -37.1161 126.559 0
      vertex -37.2653 126.686 -10
      vertex -37.1161 126.559 -10
    endloop
  endfacet
  facet normal 0.648182 -0.761486 0
    outer loop
      vertex -38.8839 126.559 -10
      vertex -38.7347 126.686 0
      vertex -38.8839 126.559 0
    endloop
  endfacet
  facet normal 0.648182 -0.761486 0
    outer loop
      vertex -38.7347 126.686 0
      vertex -38.8839 126.559 -10
      vertex -38.7347 126.686 -10
    endloop
  endfacet
  facet normal 0.382442 -0.92398 0
    outer loop
      vertex -38.5675 126.789 -10
      vertex -38.3863 126.864 0
      vertex -38.5675 126.789 0
    endloop
  endfacet
  facet normal 0.382442 -0.92398 0
    outer loop
      vertex -38.3863 126.864 0
      vertex -38.5675 126.789 -10
      vertex -38.3863 126.864 -10
    endloop
  endfacet
  facet normal -0.92383 -0.382803 0
    outer loop
      vertex -36.8112 126.061 -10
      vertex -36.8862 126.242 0
      vertex -36.8862 126.242 -10
    endloop
  endfacet
  facet normal -0.92383 -0.382803 0
    outer loop
      vertex -36.8862 126.242 0
      vertex -36.8112 126.061 -10
      vertex -36.8112 126.061 0
    endloop
  endfacet
  facet normal -0.972155 -0.23434 0
    outer loop
      vertex -36.7654 125.871 -10
      vertex -36.8112 126.061 0
      vertex -36.8112 126.061 -10
    endloop
  endfacet
  facet normal -0.972155 -0.23434 0
    outer loop
      vertex -36.8112 126.061 0
      vertex -36.7654 125.871 -10
      vertex -36.7654 125.871 0
    endloop
  endfacet
  facet normal -0.382442 -0.92398 0
    outer loop
      vertex -37.6137 126.864 -10
      vertex -37.4325 126.789 0
      vertex -37.6137 126.864 0
    endloop
  endfacet
  facet normal -0.382442 -0.92398 -0
    outer loop
      vertex -37.4325 126.789 0
      vertex -37.6137 126.864 -10
      vertex -37.4325 126.789 -10
    endloop
  endfacet
  facet normal -0.234375 -0.972146 0
    outer loop
      vertex -37.8045 126.91 -10
      vertex -37.6137 126.864 0
      vertex -37.8045 126.91 0
    endloop
  endfacet
  facet normal -0.234375 -0.972146 -0
    outer loop
      vertex -37.6137 126.864 0
      vertex -37.8045 126.91 -10
      vertex -37.6137 126.864 -10
    endloop
  endfacet
  facet normal -0.524495 -0.851413 0
    outer loop
      vertex -37.4325 126.789 -10
      vertex -37.2653 126.686 0
      vertex -37.4325 126.789 0
    endloop
  endfacet
  facet normal -0.524495 -0.851413 -0
    outer loop
      vertex -37.2653 126.686 0
      vertex -37.4325 126.789 -10
      vertex -37.2653 126.686 -10
    endloop
  endfacet
  facet normal 0.853658 -0.520833 0
    outer loop
      vertex -39.1138 126.242 0
      vertex -39.0113 126.41 -10
      vertex -39.0113 126.41 0
    endloop
  endfacet
  facet normal 0.853658 -0.520833 0
    outer loop
      vertex -39.0113 126.41 -10
      vertex -39.1138 126.242 0
      vertex -39.1138 126.242 -10
    endloop
  endfacet
  facet normal 0.760048 -0.649867 0
    outer loop
      vertex -39.0113 126.41 0
      vertex -38.8839 126.559 -10
      vertex -38.8839 126.559 0
    endloop
  endfacet
  facet normal 0.760048 -0.649867 0
    outer loop
      vertex -38.8839 126.559 -10
      vertex -39.0113 126.41 0
      vertex -39.0113 126.41 -10
    endloop
  endfacet
  facet normal 0.92383 -0.382803 0
    outer loop
      vertex -39.1888 126.061 0
      vertex -39.1138 126.242 -10
      vertex -39.1138 126.242 0
    endloop
  endfacet
  facet normal 0.92383 -0.382803 0
    outer loop
      vertex -39.1138 126.242 -10
      vertex -39.1888 126.061 0
      vertex -39.1888 126.061 -10
    endloop
  endfacet
  facet normal 0.524495 -0.851413 0
    outer loop
      vertex -38.7347 126.686 -10
      vertex -38.5675 126.789 0
      vertex -38.7347 126.686 0
    endloop
  endfacet
  facet normal 0.524495 -0.851413 0
    outer loop
      vertex -38.5675 126.789 0
      vertex -38.7347 126.686 -10
      vertex -38.5675 126.789 -10
    endloop
  endfacet
  facet normal 0.234375 -0.972146 0
    outer loop
      vertex -38.3863 126.864 -10
      vertex -38.1955 126.91 0
      vertex -38.3863 126.864 0
    endloop
  endfacet
  facet normal 0.234375 -0.972146 0
    outer loop
      vertex -38.1955 126.91 0
      vertex -38.3863 126.864 -10
      vertex -38.1955 126.91 -10
    endloop
  endfacet
  facet normal -0.853658 0.520833 0
    outer loop
      vertex -36.9887 124.94 -10
      vertex -36.8862 125.108 0
      vertex -36.8862 125.108 -10
    endloop
  endfacet
  facet normal -0.853658 0.520833 0
    outer loop
      vertex -36.8862 125.108 0
      vertex -36.9887 124.94 -10
      vertex -36.9887 124.94 0
    endloop
  endfacet
  facet normal -0.760048 -0.649867 0
    outer loop
      vertex -36.9887 126.41 -10
      vertex -37.1161 126.559 0
      vertex -37.1161 126.559 -10
    endloop
  endfacet
  facet normal -0.760048 -0.649867 0
    outer loop
      vertex -37.1161 126.559 0
      vertex -36.9887 126.41 -10
      vertex -36.9887 126.41 0
    endloop
  endfacet
  facet normal -0.853658 -0.520833 0
    outer loop
      vertex -36.8862 126.242 -10
      vertex -36.9887 126.41 0
      vertex -36.9887 126.41 -10
    endloop
  endfacet
  facet normal -0.853658 -0.520833 0
    outer loop
      vertex -36.9887 126.41 0
      vertex -36.8862 126.242 -10
      vertex -36.8862 126.242 0
    endloop
  endfacet
  facet normal -0.0765015 -0.997069 0
    outer loop
      vertex -38 126.925 -10
      vertex -37.8045 126.91 0
      vertex -38 126.925 0
    endloop
  endfacet
  facet normal -0.0765015 -0.997069 -0
    outer loop
      vertex -37.8045 126.91 0
      vertex -38 126.925 -10
      vertex -37.8045 126.91 -10
    endloop
  endfacet
  facet normal 0.972155 -0.23434 0
    outer loop
      vertex -39.2346 125.871 0
      vertex -39.1888 126.061 -10
      vertex -39.1888 126.061 0
    endloop
  endfacet
  facet normal 0.972155 -0.23434 0
    outer loop
      vertex -39.1888 126.061 -10
      vertex -39.2346 125.871 0
      vertex -39.2346 125.871 -10
    endloop
  endfacet
  facet normal -0.524495 0.851413 0
    outer loop
      vertex -37.2653 124.664 -10
      vertex -37.4325 124.561 0
      vertex -37.2653 124.664 0
    endloop
  endfacet
  facet normal -0.524495 0.851413 0
    outer loop
      vertex -37.4325 124.561 0
      vertex -37.2653 124.664 -10
      vertex -37.4325 124.561 -10
    endloop
  endfacet
  facet normal -0.760048 0.649867 0
    outer loop
      vertex -37.1161 124.791 -10
      vertex -36.9887 124.94 0
      vertex -36.9887 124.94 -10
    endloop
  endfacet
  facet normal -0.760048 0.649867 0
    outer loop
      vertex -36.9887 124.94 0
      vertex -37.1161 124.791 -10
      vertex -37.1161 124.791 0
    endloop
  endfacet
  facet normal -0.92383 0.382803 0
    outer loop
      vertex -36.8862 125.108 -10
      vertex -36.8112 125.289 0
      vertex -36.8112 125.289 -10
    endloop
  endfacet
  facet normal -0.92383 0.382803 0
    outer loop
      vertex -36.8112 125.289 0
      vertex -36.8862 125.108 -10
      vertex -36.8862 125.108 0
    endloop
  endfacet
  facet normal -0.972155 0.23434 0
    outer loop
      vertex -36.8112 125.289 -10
      vertex -36.7654 125.479 0
      vertex -36.7654 125.479 -10
    endloop
  endfacet
  facet normal -0.972155 0.23434 0
    outer loop
      vertex -36.7654 125.479 0
      vertex -36.8112 125.289 -10
      vertex -36.8112 125.289 0
    endloop
  endfacet
  facet normal 0.853658 0.520833 0
    outer loop
      vertex -39.0113 124.94 0
      vertex -39.1138 125.108 -10
      vertex -39.1138 125.108 0
    endloop
  endfacet
  facet normal 0.853658 0.520833 0
    outer loop
      vertex -39.1138 125.108 -10
      vertex -39.0113 124.94 0
      vertex -39.0113 124.94 -10
    endloop
  endfacet
  facet normal 0.760048 0.649867 0
    outer loop
      vertex -38.8839 124.791 0
      vertex -39.0113 124.94 -10
      vertex -39.0113 124.94 0
    endloop
  endfacet
  facet normal 0.760048 0.649867 0
    outer loop
      vertex -39.0113 124.94 -10
      vertex -38.8839 124.791 0
      vertex -38.8839 124.791 -10
    endloop
  endfacet
  facet normal -0.234375 0.972146 0
    outer loop
      vertex -37.6137 124.486 -10
      vertex -37.8045 124.44 0
      vertex -37.6137 124.486 0
    endloop
  endfacet
  facet normal -0.234375 0.972146 0
    outer loop
      vertex -37.8045 124.44 0
      vertex -37.6137 124.486 -10
      vertex -37.8045 124.44 -10
    endloop
  endfacet
  facet normal -0.996927 0.07833 0
    outer loop
      vertex -36.7654 125.479 -10
      vertex -36.75 125.675 0
      vertex -36.75 125.675 -10
    endloop
  endfacet
  facet normal -0.996927 0.07833 0
    outer loop
      vertex -36.75 125.675 0
      vertex -36.7654 125.479 -10
      vertex -36.7654 125.479 0
    endloop
  endfacet
  facet normal 0.92383 0.382803 0
    outer loop
      vertex -39.1138 125.108 0
      vertex -39.1888 125.289 -10
      vertex -39.1888 125.289 0
    endloop
  endfacet
  facet normal 0.92383 0.382803 0
    outer loop
      vertex -39.1888 125.289 -10
      vertex -39.1138 125.108 0
      vertex -39.1138 125.108 -10
    endloop
  endfacet
  facet normal -0.382442 0.92398 0
    outer loop
      vertex -37.4325 124.561 -10
      vertex -37.6137 124.486 0
      vertex -37.4325 124.561 0
    endloop
  endfacet
  facet normal -0.382442 0.92398 0
    outer loop
      vertex -37.6137 124.486 0
      vertex -37.4325 124.561 -10
      vertex -37.6137 124.486 -10
    endloop
  endfacet
  facet normal -0.648182 0.761486 0
    outer loop
      vertex -37.1161 124.791 -10
      vertex -37.2653 124.664 0
      vertex -37.1161 124.791 0
    endloop
  endfacet
  facet normal -0.648182 0.761486 0
    outer loop
      vertex -37.2653 124.664 0
      vertex -37.1161 124.791 -10
      vertex -37.2653 124.664 -10
    endloop
  endfacet
  facet normal 0.0765015 0.997069 -0
    outer loop
      vertex -38 124.425 -10
      vertex -38.1955 124.44 0
      vertex -38 124.425 0
    endloop
  endfacet
  facet normal 0.0765015 0.997069 0
    outer loop
      vertex -38.1955 124.44 0
      vertex -38 124.425 -10
      vertex -38.1955 124.44 -10
    endloop
  endfacet
  facet normal 0.382442 0.92398 -0
    outer loop
      vertex -38.3863 124.486 -10
      vertex -38.5675 124.561 0
      vertex -38.3863 124.486 0
    endloop
  endfacet
  facet normal 0.382442 0.92398 0
    outer loop
      vertex -38.5675 124.561 0
      vertex -38.3863 124.486 -10
      vertex -38.5675 124.561 -10
    endloop
  endfacet
  facet normal 0.234375 0.972146 -0
    outer loop
      vertex -38.1955 124.44 -10
      vertex -38.3863 124.486 0
      vertex -38.1955 124.44 0
    endloop
  endfacet
  facet normal 0.234375 0.972146 0
    outer loop
      vertex -38.3863 124.486 0
      vertex -38.1955 124.44 -10
      vertex -38.3863 124.486 -10
    endloop
  endfacet
  facet normal 0.972155 0.23434 0
    outer loop
      vertex -39.1888 125.289 0
      vertex -39.2346 125.479 -10
      vertex -39.2346 125.479 0
    endloop
  endfacet
  facet normal 0.972155 0.23434 0
    outer loop
      vertex -39.2346 125.479 -10
      vertex -39.1888 125.289 0
      vertex -39.1888 125.289 -10
    endloop
  endfacet
  facet normal 0.996927 0.07833 0
    outer loop
      vertex -39.2346 125.479 0
      vertex -39.25 125.675 -10
      vertex -39.25 125.675 0
    endloop
  endfacet
  facet normal 0.996927 0.07833 0
    outer loop
      vertex -39.25 125.675 -10
      vertex -39.2346 125.479 0
      vertex -39.2346 125.479 -10
    endloop
  endfacet
  facet normal 0.524495 0.851413 -0
    outer loop
      vertex -38.5675 124.561 -10
      vertex -38.7347 124.664 0
      vertex -38.5675 124.561 0
    endloop
  endfacet
  facet normal 0.524495 0.851413 0
    outer loop
      vertex -38.7347 124.664 0
      vertex -38.5675 124.561 -10
      vertex -38.7347 124.664 -10
    endloop
  endfacet
  facet normal 0.648182 0.761486 -0
    outer loop
      vertex -38.7347 124.664 -10
      vertex -38.8839 124.791 0
      vertex -38.7347 124.664 0
    endloop
  endfacet
  facet normal 0.648182 0.761486 0
    outer loop
      vertex -38.8839 124.791 0
      vertex -38.7347 124.664 -10
      vertex -38.8839 124.791 -10
    endloop
  endfacet
endsolid OpenSCAD_Model
